name,column_name,n_tuples,missing_perc,uniqueness,min,max,mean,median,std,skewness,kurtosis,mad,iqr,p_min,p_max,k_min,k_max,s_min,s_max,entropy,density,ml_algorithm,impute_standard,impute_mean,impute_median,impute_random,impute_knn,impute_mice,impute_linear_regression,impute_random_forest,impute_cmeans
abalone,'Length',4177.0,0.4963,0.0599,0.13,0.78,0.5237,0.545,0.1183,-0.5852,-0.0164,0.08,0.16,0.0,0.0,0.0,0.0,0.0,0.0,4.4921,0.006,DecisionTree,0.17313036888583416,0.15991466953917713,0.16239310900493076,0.16239310900493076,0.16239310900493076,0.16238815999835365,0.16287764969432333,0.17249948936353734,0.16656967507199807
abalone,'Length',4177.0,0.4963,0.0599,0.13,0.78,0.5237,0.545,0.1183,-0.5852,-0.0164,0.08,0.16,0.0,0.0,0.0,0.0,0.0,0.0,4.4921,0.006,LogisticRegression,0.16924432454810145,0.1399504821888911,0.16564118026644561,0.1655632928214451,0.16606131655177928,0.1651757232857819,0.1688734158765678,0.1560437611625913,0.16519656802085353
abalone,'Length',4177.0,0.4963,0.0599,0.13,0.78,0.5237,0.545,0.1183,-0.5852,-0.0164,0.08,0.16,0.0,0.0,0.0,0.0,0.0,0.0,4.4921,0.006,KNN,0.1624088654922576,0.16048049235137335,0.1593700192908597,0.15620766113026632,0.15418039315962542,0.15981773007937747,0.17042201840313106,0.15909748156277317,0.16166570711375822
abalone,'Length',4177.0,0.4963,0.0599,0.13,0.78,0.5237,0.545,0.1183,-0.5852,-0.0164,0.08,0.16,0.0,0.0,0.0,0.0,0.0,0.0,4.4921,0.006,RandomForest,0.17811717323406823,0.17488327474631843,0.17193419478436286,0.1724293603243383,0.1731252043391417,0.17251106227924037,0.1760734443481367,0.17883738703697866,0.17211225832885335
abalone,'Length',4177.0,0.4963,0.0599,0.13,0.78,0.5237,0.545,0.1183,-0.5852,-0.0164,0.08,0.16,0.0,0.0,0.0,0.0,0.0,0.0,4.4921,0.006,AdaBoost,0.08162450148526275,0.0800363489298678,0.08599789806904559,0.08599789806904559,0.08599789806904559,0.08633016813815778,0.08697276770127986,0.07738461864544141,0.08586124972748975
abalone,'Length',4177.0,0.4963,0.0599,0.13,0.78,0.5237,0.545,0.1183,-0.5852,-0.0164,0.08,0.16,0.0,0.0,0.0,0.0,0.0,0.0,4.4921,0.006,SVC,0.1684100550774625,0.14115383554204755,0.15528306151788013,0.1555899786202258,0.15546633237870164,0.15478938597170988,0.15036661868955112,0.16791955484898066,0.15464748570997458
abalone,'Length',4177.0,0.4405,0.0552,0.075,0.815,0.5225,0.54,0.1198,-0.6119,0.0157,0.08,0.165,0.0,0.0,0.0,0.0,0.0,0.0,4.504,0.0057,DecisionTree,0.17979302702814356,0.17859718815311032,0.17049542968672488,0.17049542968672488,0.17049542968672488,0.17068483556884945,0.17144008554433215,0.18101667653060682,0.17066583498641086
abalone,'Length',4177.0,0.4405,0.0552,0.075,0.815,0.5225,0.54,0.1198,-0.6119,0.0157,0.08,0.165,0.0,0.0,0.0,0.0,0.0,0.0,4.504,0.0057,LogisticRegression,0.1745592991996785,0.16018011051059117,0.18096815653384982,0.18126859179785323,0.18121232684987335,0.18201054638124992,0.18432590013165653,0.16790053035652028,0.18154669267951432
abalone,'Length',4177.0,0.4405,0.0552,0.075,0.815,0.5225,0.54,0.1198,-0.6119,0.0157,0.08,0.165,0.0,0.0,0.0,0.0,0.0,0.0,4.504,0.0057,KNN,0.17471739007527268,0.17047227336809775,0.1675223354182434,0.16540408461736253,0.1697156898395459,0.17034992766650917,0.17950734447877142,0.1720234714672337,0.17251496319492973
abalone,'Length',4177.0,0.4405,0.0552,0.075,0.815,0.5225,0.54,0.1198,-0.6119,0.0157,0.08,0.165,0.0,0.0,0.0,0.0,0.0,0.0,4.504,0.0057,RandomForest,0.17494557733125443,0.17591228408412798,0.17563909816434475,0.1763310320742697,0.17596360161538732,0.17598268285947866,0.17804638375961734,0.1798739502319517,0.17536924827829495
abalone,'Length',4177.0,0.4405,0.0552,0.075,0.815,0.5225,0.54,0.1198,-0.6119,0.0157,0.08,0.165,0.0,0.0,0.0,0.0,0.0,0.0,4.504,0.0057,AdaBoost,0.08773574299516265,0.09603257976535967,0.1014002027833063,0.1014002027833063,0.1014002027833063,0.10174841658859443,0.1022634530259591,0.07991465694662259,0.1014002027833063
abalone,'Length',4177.0,0.4405,0.0552,0.075,0.815,0.5225,0.54,0.1198,-0.6119,0.0157,0.08,0.165,0.0,0.0,0.0,0.0,0.0,0.0,4.504,0.0057,SVC,0.17391649261682965,0.16427077710744348,0.1624595292477615,0.1649757525967154,0.1624595292477615,0.16302407919677642,0.16975846043182685,0.17034567508253373,0.1618575690548671
abalone,'Length',4177.0,0.3914,0.0519,0.11,0.815,0.5255,0.545,0.1187,-0.6102,0.0305,0.08,0.165,0.0,0.0,0.0,0.0,0.0,0.0,4.5018,0.0055,DecisionTree,0.17343494200910403,0.18267922460137653,0.1774669750706676,0.1774669750706676,0.17747662355952498,0.1772137770480829,0.17932134373640538,0.1712423354812213,0.17913757974869218
abalone,'Length',4177.0,0.3914,0.0519,0.11,0.815,0.5255,0.545,0.1187,-0.6102,0.0305,0.08,0.165,0.0,0.0,0.0,0.0,0.0,0.0,4.5018,0.0055,LogisticRegression,0.1746775513268413,0.16064839198153813,0.1796635366508951,0.18012640016751846,0.1791409360356547,0.1799935148784159,0.179178397084427,0.1756175116436879,0.1788086209292581
abalone,'Length',4177.0,0.3914,0.0519,0.11,0.815,0.5255,0.545,0.1187,-0.6102,0.0305,0.08,0.165,0.0,0.0,0.0,0.0,0.0,0.0,4.5018,0.0055,KNN,0.16515359734753246,0.1675296961233378,0.1717037044411978,0.1696480927508415,0.16907350732592602,0.1662029015017113,0.18049145896147806,0.1691515484774778,0.16357107046488428
abalone,'Length',4177.0,0.3914,0.0519,0.11,0.815,0.5255,0.545,0.1187,-0.6102,0.0305,0.08,0.165,0.0,0.0,0.0,0.0,0.0,0.0,4.5018,0.0055,RandomForest,0.18433113422633562,0.18774062374065714,0.18691869446362172,0.1867009537562764,0.1866103060835047,0.18777131312587647,0.1880760468586713,0.18684645769188535,0.18550641010032473
abalone,'Length',4177.0,0.3914,0.0519,0.11,0.815,0.5255,0.545,0.1187,-0.6102,0.0305,0.08,0.165,0.0,0.0,0.0,0.0,0.0,0.0,4.5018,0.0055,AdaBoost,0.10202849070766207,0.09598631446512032,0.09296253133170017,0.09296253133170017,0.09296253133170017,0.09296253133170017,0.09976831597006731,0.08777442684691872,0.09296253133170017
abalone,'Length',4177.0,0.3914,0.0519,0.11,0.815,0.5255,0.545,0.1187,-0.6102,0.0305,0.08,0.165,0.0,0.0,0.0,0.0,0.0,0.0,4.5018,0.0055,SVC,0.17808100767589202,0.16042063722009087,0.16790721672159112,0.16725625459843782,0.16812659529623283,0.16772189509949534,0.16816710743298036,0.17335212570602734,0.16855572566996205
abalone,'Length',4177.0,0.3498,0.0479,0.075,0.815,0.5253,0.545,0.121,-0.6588,0.1016,0.08,0.1662,0.0,0.0,0.0,0.0,0.0,0.0,4.5108,0.0054,DecisionTree,0.17898180735582364,0.18558209057618,0.18799739061441317,0.1882721880383334,0.1882721880383334,0.18799739061441317,0.19087951174096907,0.1884564524726651,0.19017790486701208
abalone,'Length',4177.0,0.3498,0.0479,0.075,0.815,0.5253,0.545,0.121,-0.6588,0.1016,0.08,0.1662,0.0,0.0,0.0,0.0,0.0,0.0,4.5108,0.0054,LogisticRegression,0.18073405609072615,0.16683915207152264,0.18106266096539234,0.180879825926324,0.18067450024103582,0.18199173903005975,0.1815556066240422,0.17699073227559947,0.18069558878311387
abalone,'Length',4177.0,0.3498,0.0479,0.075,0.815,0.5253,0.545,0.121,-0.6588,0.1016,0.08,0.1662,0.0,0.0,0.0,0.0,0.0,0.0,4.5108,0.0054,KNN,0.15961283821444758,0.1634602758924411,0.17125261421573182,0.17238026933775275,0.16670109890350815,0.17423689619800178,0.17961350292765568,0.16365219425066263,0.17216487427256433
abalone,'Length',4177.0,0.3498,0.0479,0.075,0.815,0.5253,0.545,0.121,-0.6588,0.1016,0.08,0.1662,0.0,0.0,0.0,0.0,0.0,0.0,4.5108,0.0054,RandomForest,0.1934334093881139,0.186581819466034,0.18910371725916747,0.18926962537339592,0.19067148620697877,0.18806469140864476,0.1947683734134168,0.19597784000252783,0.1883257249872136
abalone,'Length',4177.0,0.3498,0.0479,0.075,0.815,0.5253,0.545,0.121,-0.6588,0.1016,0.08,0.1662,0.0,0.0,0.0,0.0,0.0,0.0,4.5108,0.0054,AdaBoost,0.087679305207583,0.10145087945644495,0.09055348151588226,0.09055348151588226,0.09055348151588226,0.09055348151588226,0.09055348151588226,0.087679305207583,0.09055348151588226
abalone,'Length',4177.0,0.3498,0.0479,0.075,0.815,0.5253,0.545,0.121,-0.6588,0.1016,0.08,0.1662,0.0,0.0,0.0,0.0,0.0,0.0,4.5108,0.0054,SVC,0.1800997494614004,0.16901506867572702,0.17707907548480223,0.17707907548480223,0.17707907548480223,0.17740313538445127,0.17741619467679406,0.18269669347458226,0.17674245353173268
abalone,'Length',4177.0,0.3033,0.0447,0.075,0.78,0.5232,0.54,0.1189,-0.6349,0.0853,0.08,0.165,0.0,0.0,0.0,0.0,0.0,0.0,4.4939,0.0057,DecisionTree,0.19451369204025515,0.19904281796286377,0.1864876057982285,0.18520414446670666,0.18656239414782544,0.18793756600916733,0.1872133353704766,0.18018549945751972,0.18677901606776098
abalone,'Length',4177.0,0.3033,0.0447,0.075,0.78,0.5232,0.54,0.1189,-0.6349,0.0853,0.08,0.165,0.0,0.0,0.0,0.0,0.0,0.0,4.4939,0.0057,LogisticRegression,0.1936594047013755,0.18522192053588313,0.20309123966883824,0.2019540250008301,0.20309058322104812,0.20257621274259874,0.200981554127924,0.19042301715569138,0.20377355991804336
abalone,'Length',4177.0,0.3033,0.0447,0.075,0.78,0.5232,0.54,0.1189,-0.6349,0.0853,0.08,0.165,0.0,0.0,0.0,0.0,0.0,0.0,4.4939,0.0057,KNN,0.17981468636803816,0.17532127269134815,0.17233183191921128,0.17481802729852822,0.17377163671043602,0.17824667607723166,0.17856908131285507,0.1797256739853754,0.17374112293944138
abalone,'Length',4177.0,0.3033,0.0447,0.075,0.78,0.5232,0.54,0.1189,-0.6349,0.0853,0.08,0.165,0.0,0.0,0.0,0.0,0.0,0.0,4.4939,0.0057,RandomForest,0.20062583708727014,0.19962866390300552,0.19045374227803974,0.19255377745132674,0.1909296568535111,0.1932469232559788,0.19971607459752602,0.19841045330996515,0.19098697595090233
abalone,'Length',4177.0,0.3033,0.0447,0.075,0.78,0.5232,0.54,0.1189,-0.6349,0.0853,0.08,0.165,0.0,0.0,0.0,0.0,0.0,0.0,4.4939,0.0057,AdaBoost,0.10304059194243023,0.09544492443607919,0.09491762512609077,0.09491762512609077,0.09491762512609077,0.09491762512609077,0.09483455760881274,0.09555780076819355,0.09491762512609077
abalone,'Length',4177.0,0.3033,0.0447,0.075,0.78,0.5232,0.54,0.1189,-0.6349,0.0853,0.08,0.165,0.0,0.0,0.0,0.0,0.0,0.0,4.4939,0.0057,SVC,0.19026919754072646,0.17855008820188764,0.1833306142444578,0.1833306142444578,0.1833306142444578,0.18333386374747973,0.1799852594124063,0.18651048465461056,0.18159252161769815
abalone,'Length',4177.0,0.2461,0.0413,0.11,0.78,0.5237,0.545,0.1197,-0.618,-0.0127,0.08,0.165,0.0,0.0,0.0,0.0,0.0,0.0,4.5082,0.0057,DecisionTree,0.18983238080320042,0.18926914360510189,0.1909775304564204,0.19098420228767013,0.19098420228767013,0.1908534675997453,0.18875102882664366,0.19095232911666205,0.19135620080229454
abalone,'Length',4177.0,0.2461,0.0413,0.11,0.78,0.5237,0.545,0.1197,-0.618,-0.0127,0.08,0.165,0.0,0.0,0.0,0.0,0.0,0.0,4.5082,0.0057,LogisticRegression,0.18559376395506227,0.17688327087259587,0.18817448723342345,0.1875630993910497,0.18796104632001392,0.1891364013598095,0.18860773489150462,0.18467880429492453,0.18742428169926464
abalone,'Length',4177.0,0.2461,0.0413,0.11,0.78,0.5237,0.545,0.1197,-0.618,-0.0127,0.08,0.165,0.0,0.0,0.0,0.0,0.0,0.0,4.5082,0.0057,KNN,0.18691291533143928,0.1828878887958713,0.18392214460928585,0.18657398335101108,0.18462179763062123,0.17807252146947825,0.1871248313106257,0.17929927665340906,0.18018370121493565
abalone,'Length',4177.0,0.2461,0.0413,0.11,0.78,0.5237,0.545,0.1197,-0.618,-0.0127,0.08,0.165,0.0,0.0,0.0,0.0,0.0,0.0,4.5082,0.0057,RandomForest,0.19333320540685467,0.19311248383384025,0.19850188841742758,0.19800807311343166,0.19849629288191137,0.19880632277895274,0.1992604063868324,0.19144105201844996,0.19727080019734922
abalone,'Length',4177.0,0.2461,0.0413,0.11,0.78,0.5237,0.545,0.1197,-0.618,-0.0127,0.08,0.165,0.0,0.0,0.0,0.0,0.0,0.0,4.5082,0.0057,AdaBoost,0.08457583583934172,0.09921358131690686,0.0915262813869114,0.0915262813869114,0.0915262813869114,0.09052347826489032,0.09119401131779924,0.08457583583934172,0.09119401131779924
abalone,'Length',4177.0,0.2461,0.0413,0.11,0.78,0.5237,0.545,0.1197,-0.618,-0.0127,0.08,0.165,0.0,0.0,0.0,0.0,0.0,0.0,4.5082,0.0057,SVC,0.18484943598352804,0.17876904503797783,0.18404668992585047,0.18404668992585047,0.18404668992585047,0.18411430503219267,0.183984658142362,0.18340514326258778,0.18432413649357174
abalone,'Length',4177.0,0.1982,0.0397,0.075,0.815,0.5255,0.545,0.1185,-0.6678,0.1112,0.08,0.16,0.0,0.0,0.0,0.0,0.0,0.0,4.4957,0.0055,DecisionTree,0.1919330747462273,0.19081797480947765,0.18707072373060116,0.18707072373060116,0.18707072373060116,0.1863555648797981,0.1830470674197642,0.1800013800027487,0.18583126266595773
abalone,'Length',4177.0,0.1982,0.0397,0.075,0.815,0.5255,0.545,0.1185,-0.6678,0.1112,0.08,0.16,0.0,0.0,0.0,0.0,0.0,0.0,4.4957,0.0055,LogisticRegression,0.19313131531611755,0.19370676566256417,0.20235093694650144,0.20121849859761862,0.20088842200337223,0.20110531438849769,0.20166517752784696,0.19327626662473452,0.2021458165189457
abalone,'Length',4177.0,0.1982,0.0397,0.075,0.815,0.5255,0.545,0.1185,-0.6678,0.1112,0.08,0.16,0.0,0.0,0.0,0.0,0.0,0.0,4.4957,0.0055,KNN,0.1701336887520139,0.17588724109276713,0.1788265142281124,0.18024501419428,0.1811195630727174,0.1801638078985745,0.17969429372630888,0.17436901366165855,0.1782290807294259
abalone,'Length',4177.0,0.1982,0.0397,0.075,0.815,0.5255,0.545,0.1185,-0.6678,0.1112,0.08,0.16,0.0,0.0,0.0,0.0,0.0,0.0,4.4957,0.0055,RandomForest,0.19648386709358925,0.19605292041927708,0.19787916884140064,0.1977542101727032,0.198098646067583,0.19653188275630246,0.2010568958174236,0.18763822329312735,0.1980977225624399
abalone,'Length',4177.0,0.1982,0.0397,0.075,0.815,0.5255,0.545,0.1185,-0.6678,0.1112,0.08,0.16,0.0,0.0,0.0,0.0,0.0,0.0,4.4957,0.0055,AdaBoost,0.08927984492777889,0.0954807192818578,0.09623564413278402,0.09623564413278402,0.09623564413278402,0.09623564413278402,0.09795755436228143,0.08927984492777889,0.09779016875279621
abalone,'Length',4177.0,0.1982,0.0397,0.075,0.815,0.5255,0.545,0.1185,-0.6678,0.1112,0.08,0.16,0.0,0.0,0.0,0.0,0.0,0.0,4.4957,0.0055,SVC,0.1842960730396885,0.18413824011109936,0.18922039348624847,0.18847599320627545,0.1888855144597344,0.18931348886030758,0.18855239751056269,0.18158104116659043,0.18814117846323578
abalone,'Length',4177.0,0.1515,0.0378,0.075,0.815,0.5238,0.545,0.1201,-0.6333,0.0767,0.08,0.165,0.0,0.0,0.0,0.0,0.0,0.0,4.516,0.0054,DecisionTree,0.20802135317310372,0.2009253122680177,0.20089732034941565,0.20089732034941565,0.20089732034941565,0.20089732034941565,0.20306155086275107,0.20040193186116279,0.20089732034941565
abalone,'Length',4177.0,0.1515,0.0378,0.075,0.815,0.5238,0.545,0.1201,-0.6333,0.0767,0.08,0.165,0.0,0.0,0.0,0.0,0.0,0.0,4.516,0.0054,LogisticRegression,0.20619636828036864,0.19494675565834674,0.2096608003158494,0.21005806538673724,0.20941764687836603,0.20921073431467638,0.20926777157664445,0.20393409408095295,0.20990046398177226
abalone,'Length',4177.0,0.1515,0.0378,0.075,0.815,0.5238,0.545,0.1201,-0.6333,0.0767,0.08,0.165,0.0,0.0,0.0,0.0,0.0,0.0,4.516,0.0054,KNN,0.1879376789319111,0.17996921524722337,0.17699805609559044,0.18202549769512277,0.18011458225029564,0.1828091802579896,0.18583242254011326,0.1810655396804166,0.1824079613469254
abalone,'Length',4177.0,0.1515,0.0378,0.075,0.815,0.5238,0.545,0.1201,-0.6333,0.0767,0.08,0.165,0.0,0.0,0.0,0.0,0.0,0.0,4.516,0.0054,RandomForest,0.21160881446049912,0.207784910472396,0.2092371454885086,0.20848157662076303,0.20948206215868148,0.20862263193770297,0.21159408061429236,0.20873470243779113,0.20861809014599206
abalone,'Length',4177.0,0.1515,0.0378,0.075,0.815,0.5238,0.545,0.1201,-0.6333,0.0767,0.08,0.165,0.0,0.0,0.0,0.0,0.0,0.0,4.516,0.0054,AdaBoost,0.12741251108959095,0.11282534413580073,0.11124669972165366,0.11124669972165366,0.11124669972165366,0.11124669972165366,0.10987061561933367,0.1275917088556063,0.11124669972165366
abalone,'Length',4177.0,0.1515,0.0378,0.075,0.815,0.5238,0.545,0.1201,-0.6333,0.0767,0.08,0.165,0.0,0.0,0.0,0.0,0.0,0.0,4.516,0.0054,SVC,0.2002981115161088,0.19594053754656487,0.20242267450836793,0.20242267450836793,0.20242267450836793,0.20242267450836793,0.20127740595927374,0.20079875651502024,0.20213502203450234
abalone,'Length',4177.0,0.1025,0.0355,0.075,0.815,0.5257,0.545,0.12,-0.6401,0.0619,0.08,0.165,0.0,0.0,0.0,0.0,0.0,0.0,4.5124,0.0055,DecisionTree,0.19570056238532238,0.1987369184856803,0.19721466075498845,0.19721466075498845,0.19721466075498845,0.19838341716004965,0.19968028070495475,0.2024522629895321,0.19534110135640392
abalone,'Length',4177.0,0.1025,0.0355,0.075,0.815,0.5257,0.545,0.12,-0.6401,0.0619,0.08,0.165,0.0,0.0,0.0,0.0,0.0,0.0,4.5124,0.0055,LogisticRegression,0.21222945376440905,0.21140697070263997,0.20907234539106412,0.20973810295970924,0.20943858312546776,0.20982074477344195,0.21070181365687451,0.21196777125531954,0.2090355964009424
abalone,'Length',4177.0,0.1025,0.0355,0.075,0.815,0.5257,0.545,0.12,-0.6401,0.0619,0.08,0.165,0.0,0.0,0.0,0.0,0.0,0.0,4.5124,0.0055,KNN,0.17485679421856692,0.18381641517032035,0.17910409965883067,0.18068766271389078,0.17856669344276002,0.17909928994849636,0.1782851334668868,0.17967649676050151,0.1841708903164267
abalone,'Length',4177.0,0.1025,0.0355,0.075,0.815,0.5257,0.545,0.12,-0.6401,0.0619,0.08,0.165,0.0,0.0,0.0,0.0,0.0,0.0,4.5124,0.0055,RandomForest,0.20927886059922715,0.20655403143995563,0.20107687106043942,0.2009939834154451,0.2013771688986219,0.20141374116760558,0.20201650623447523,0.21015311241999712,0.20102567092675971
abalone,'Length',4177.0,0.1025,0.0355,0.075,0.815,0.5257,0.545,0.12,-0.6401,0.0619,0.08,0.165,0.0,0.0,0.0,0.0,0.0,0.0,4.5124,0.0055,AdaBoost,0.10327320356275402,0.11364505797436962,0.102752136886515,0.102752136886515,0.102752136886515,0.102752136886515,0.10265335043434909,0.10026566180686894,0.10029541062967005
abalone,'Length',4177.0,0.1025,0.0355,0.075,0.815,0.5257,0.545,0.12,-0.6401,0.0619,0.08,0.165,0.0,0.0,0.0,0.0,0.0,0.0,4.5124,0.0055,SVC,0.20303930664494615,0.19905020212290606,0.2018179860796803,0.2018179860796803,0.2018179860796803,0.2018179860796803,0.20263189762125788,0.20478121717891826,0.20132401096949995
abalone,'Length',4177.0,0.0486,0.0337,0.075,0.815,0.524,0.545,0.1204,-0.6474,0.0731,0.08,0.165,0.0,0.0,0.0,0.0,0.0,0.0,4.5155,0.0054,DecisionTree,0.21098302656200987,0.20473904721887332,0.20435380187151475,0.20435380187151475,0.20435380187151475,0.20435380187151475,0.2034889050876154,0.2058603158991786,0.20435380187151475
abalone,'Length',4177.0,0.0486,0.0337,0.075,0.815,0.524,0.545,0.1204,-0.6474,0.0731,0.08,0.165,0.0,0.0,0.0,0.0,0.0,0.0,4.5155,0.0054,LogisticRegression,0.2157855425246253,0.21301824364593192,0.21638176001771953,0.21610527264689225,0.21639118704648785,0.2152846841408284,0.21589772074588093,0.2152774510172251,0.21676773231757338
abalone,'Length',4177.0,0.0486,0.0337,0.075,0.815,0.524,0.545,0.1204,-0.6474,0.0731,0.08,0.165,0.0,0.0,0.0,0.0,0.0,0.0,4.5155,0.0054,KNN,0.19334217888786923,0.19020236699726914,0.19027341909878961,0.19153449708216716,0.19278896347240704,0.19160596160640653,0.1917207169564335,0.18963820342670298,0.19237846893595578
abalone,'Length',4177.0,0.0486,0.0337,0.075,0.815,0.524,0.545,0.1204,-0.6474,0.0731,0.08,0.165,0.0,0.0,0.0,0.0,0.0,0.0,4.5155,0.0054,RandomForest,0.22039545494002982,0.2107952652543669,0.21544576614758637,0.21519274036990876,0.214992359916518,0.21519274036990876,0.21480172549446924,0.21679563472378982,0.214992359916518
abalone,'Length',4177.0,0.0486,0.0337,0.075,0.815,0.524,0.545,0.1204,-0.6474,0.0731,0.08,0.165,0.0,0.0,0.0,0.0,0.0,0.0,4.5155,0.0054,AdaBoost,0.10863575110822152,0.10731197435268973,0.10389449404426566,0.10389449404426566,0.10389449404426566,0.10389449404426566,0.10391887771808454,0.10366239679956711,0.10389449404426566
abalone,'Length',4177.0,0.0486,0.0337,0.075,0.815,0.524,0.545,0.1204,-0.6474,0.0731,0.08,0.165,0.0,0.0,0.0,0.0,0.0,0.0,4.5155,0.0054,SVC,0.2037319315692673,0.20073446007318424,0.2046595133841861,0.2046595133841861,0.20433371253694918,0.20433371253694918,0.2046595133841861,0.2045038047942031,0.2046595133841861
BachChoralHarmony,V2,5665.0,0.5084,0.0671,1.0,207.0,53.4065,48.0,36.9381,0.9387,0.9202,25.0,50.0,0.0693,0.0693,0.0483,0.0483,0.0643,0.0643,4.8562,0.0027,DecisionTree,0.441336190465609,0.4350969030903047,0.44250067268954574,0.442037486045767,0.44327224996218123,0.4448118487133329,0.43866201369057384,0.4319966559548076,0.4402962324160097
BachChoralHarmony,V2,5665.0,0.5084,0.0671,1.0,207.0,53.4065,48.0,36.9381,0.9387,0.9202,25.0,50.0,0.0693,0.0693,0.0483,0.0483,0.0643,0.0643,4.8562,0.0027,LogisticRegression,0.5116487929804308,0.5052338152513591,0.5104694078555051,0.5107438751485953,0.5118532726718602,0.5108542773563005,0.5117918650070836,0.5066129153262182,0.5111192426790594
BachChoralHarmony,V2,5665.0,0.5084,0.0671,1.0,207.0,53.4065,48.0,36.9381,0.9387,0.9202,25.0,50.0,0.0693,0.0693,0.0483,0.0483,0.0643,0.0643,4.8562,0.0027,KNN,0.4635918917668017,0.45866379497357324,0.46551298527198093,0.4656693982595874,0.46461770105898736,0.46498576979333245,0.4622795478257656,0.4544738201160469,0.4643222896443902
BachChoralHarmony,V2,5665.0,0.5084,0.0671,1.0,207.0,53.4065,48.0,36.9381,0.9387,0.9202,25.0,50.0,0.0693,0.0693,0.0483,0.0483,0.0643,0.0643,4.8562,0.0027,RandomForest,0.47409089768877305,0.4729018965142239,0.4803984712219388,0.4770775426202093,0.48113735409079356,0.47528420998542364,0.4750683213225683,0.47543894815926757,0.4769304430326764
BachChoralHarmony,V2,5665.0,0.5084,0.0671,1.0,207.0,53.4065,48.0,36.9381,0.9387,0.9202,25.0,50.0,0.0693,0.0693,0.0483,0.0483,0.0643,0.0643,4.8562,0.0027,AdaBoost,0.059866763602381766,0.059866763602381766,0.059866763602381766,0.059866763602381766,0.059866763602381766,0.059866763602381766,0.059866763602381766,0.059866763602381766,0.059866763602381766
BachChoralHarmony,V2,5665.0,0.5084,0.0671,1.0,207.0,53.4065,48.0,36.9381,0.9387,0.9202,25.0,50.0,0.0693,0.0693,0.0483,0.0483,0.0643,0.0643,4.8562,0.0027,SVC,0.5072134648633352,0.5015299890869357,0.5075296222286223,0.50828128611939,0.5084387259130438,0.5080418778457925,0.5059527075408506,0.5030777768954016,0.5076788392427658
BachChoralHarmony,V2,5665.0,0.4577,0.0602,1.0,206.0,53.196,48.0,37.0945,0.946,0.8812,25.0,51.0,0.0599,0.0599,0.0401,0.0401,0.0534,0.0534,4.8599,0.0028,DecisionTree,0.44508081914197706,0.4427162246226446,0.4383151291045528,0.4367833971806212,0.439955056865652,0.4369942512518909,0.4373648025173269,0.4312491331505391,0.43923738329327805
BachChoralHarmony,V2,5665.0,0.4577,0.0602,1.0,206.0,53.196,48.0,37.0945,0.946,0.8812,25.0,51.0,0.0599,0.0599,0.0401,0.0401,0.0534,0.0534,4.8599,0.0028,LogisticRegression,0.5113039426060457,0.5100029187552321,0.510625157075135,0.508817641607005,0.5096599580225339,0.5100240193789642,0.5094769562814426,0.508985315529789,0.5087334297431262
BachChoralHarmony,V2,5665.0,0.4577,0.0602,1.0,206.0,53.196,48.0,37.0945,0.946,0.8812,25.0,51.0,0.0599,0.0599,0.0401,0.0401,0.0534,0.0534,4.8599,0.0028,KNN,0.4629420738073313,0.4605746276703267,0.4620322254355961,0.4630152568587048,0.46520216607444326,0.4614987198911241,0.4648071694156093,0.4619515083250561,0.46373434614742726
BachChoralHarmony,V2,5665.0,0.4577,0.0602,1.0,206.0,53.196,48.0,37.0945,0.946,0.8812,25.0,51.0,0.0599,0.0599,0.0401,0.0401,0.0534,0.0534,4.8599,0.0028,RandomForest,0.4833333024161834,0.48074733247132806,0.4792507842383957,0.47942275117933175,0.4842563187580178,0.4832639377196033,0.47748157241295,0.47647987417247417,0.47850184279287855
BachChoralHarmony,V2,5665.0,0.4577,0.0602,1.0,206.0,53.196,48.0,37.0945,0.946,0.8812,25.0,51.0,0.0599,0.0599,0.0401,0.0401,0.0534,0.0534,4.8599,0.0028,AdaBoost,0.059866763602381766,0.059866763602381766,0.059866763602381766,0.059866763602381766,0.059866763602381766,0.059866763602381766,0.059866763602381766,0.059866763602381766,0.059866763602381766
BachChoralHarmony,V2,5665.0,0.4577,0.0602,1.0,206.0,53.196,48.0,37.0945,0.946,0.8812,25.0,51.0,0.0599,0.0599,0.0401,0.0401,0.0534,0.0534,4.8599,0.0028,SVC,0.5050158561277303,0.5013194336009148,0.5059256147157041,0.5047631037745937,0.5051686650574432,0.5052527647456414,0.5056592183041417,0.5038506790642184,0.5057709907254784
BachChoralHarmony,V2,5665.0,0.394,0.0548,1.0,206.0,53.5916,48.0,36.999,0.9169,0.8259,25.0,50.0,0.0805,0.0805,0.0573,0.0573,0.076,0.076,4.8678,0.0027,DecisionTree,0.4522996391202931,0.44206438144337334,0.45049317557404206,0.44876017169385674,0.44692604785602075,0.4449607706557551,0.444610108004706,0.43979854946181196,0.44789932820181944
BachChoralHarmony,V2,5665.0,0.394,0.0548,1.0,206.0,53.5916,48.0,36.999,0.9169,0.8259,25.0,50.0,0.0805,0.0805,0.0573,0.0573,0.076,0.076,4.8678,0.0027,LogisticRegression,0.5095990502753324,0.5063825559124268,0.508179003536093,0.5106973579988154,0.5117588458719806,0.5118591489840048,0.5112339717566307,0.5064435269576905,0.5112284358585848
BachChoralHarmony,V2,5665.0,0.394,0.0548,1.0,206.0,53.5916,48.0,36.999,0.9169,0.8259,25.0,50.0,0.0805,0.0805,0.0573,0.0573,0.076,0.076,4.8678,0.0027,KNN,0.4624245965831267,0.46310139712303655,0.4662327921976849,0.46682765198892034,0.4663316151695976,0.46529381622133126,0.4636305855053884,0.4613350976247366,0.46555026195312577
BachChoralHarmony,V2,5665.0,0.394,0.0548,1.0,206.0,53.5916,48.0,36.999,0.9169,0.8259,25.0,50.0,0.0805,0.0805,0.0573,0.0573,0.076,0.076,4.8678,0.0027,RandomForest,0.48568831856247224,0.4824359640438926,0.4878625018389474,0.48578812616883404,0.48945183818980204,0.4886123595160658,0.4793757004426429,0.4774557450218148,0.48383011823256195
BachChoralHarmony,V2,5665.0,0.394,0.0548,1.0,206.0,53.5916,48.0,36.999,0.9169,0.8259,25.0,50.0,0.0805,0.0805,0.0573,0.0573,0.076,0.076,4.8678,0.0027,AdaBoost,0.059866763602381766,0.059866763602381766,0.059866763602381766,0.059866763602381766,0.059866763602381766,0.059866763602381766,0.059866763602381766,0.059866763602381766,0.059866763602381766
BachChoralHarmony,V2,5665.0,0.394,0.0548,1.0,206.0,53.5916,48.0,36.999,0.9169,0.8259,25.0,50.0,0.0805,0.0805,0.0573,0.0573,0.076,0.076,4.8678,0.0027,SVC,0.5106863680569224,0.5019772746715913,0.5077231710525928,0.5080823642678518,0.5081422878604606,0.508245884048645,0.5094828766661562,0.5031475546735834,0.5092899595855924
BachChoralHarmony,V2,5665.0,0.3583,0.0525,1.0,206.0,53.3191,48.0,37.3042,0.8917,0.6827,25.0,51.0,0.0712,0.0712,0.0517,0.0517,0.0688,0.0688,4.8743,0.0026,DecisionTree,0.4330393901247814,0.43583848663921576,0.43533573770396766,0.4366890732119804,0.4372998301789861,0.43770344199092226,0.431763161992573,0.426623344156263,0.4356991622058958
BachChoralHarmony,V2,5665.0,0.3583,0.0525,1.0,206.0,53.3191,48.0,37.3042,0.8917,0.6827,25.0,51.0,0.0712,0.0712,0.0517,0.0517,0.0688,0.0688,4.8743,0.0026,LogisticRegression,0.5085741061136198,0.5048891490720828,0.5107756583618128,0.5102794272972124,0.5100486959754492,0.5094734021929619,0.5096891336345398,0.5058403836513726,0.5095620016240974
BachChoralHarmony,V2,5665.0,0.3583,0.0525,1.0,206.0,53.3191,48.0,37.3042,0.8917,0.6827,25.0,51.0,0.0712,0.0712,0.0517,0.0517,0.0688,0.0688,4.8743,0.0026,KNN,0.4612180176949348,0.46070074484846135,0.4609473435579713,0.46248982131557714,0.4626436260839909,0.46355546375187584,0.46436125222696367,0.4586684511152919,0.4633990365902523
BachChoralHarmony,V2,5665.0,0.3583,0.0525,1.0,206.0,53.3191,48.0,37.3042,0.8917,0.6827,25.0,51.0,0.0712,0.0712,0.0517,0.0517,0.0688,0.0688,4.8743,0.0026,RandomForest,0.4747182854267278,0.4737897292767519,0.4788431824999062,0.47926323353446704,0.4764566910280212,0.4764496432830969,0.4718869851049205,0.47460396754868284,0.47739889306948774
BachChoralHarmony,V2,5665.0,0.3583,0.0525,1.0,206.0,53.3191,48.0,37.3042,0.8917,0.6827,25.0,51.0,0.0712,0.0712,0.0517,0.0517,0.0688,0.0688,4.8743,0.0026,AdaBoost,0.059866763602381766,0.059866763602381766,0.059866763602381766,0.059866763602381766,0.059866763602381766,0.059866763602381766,0.059866763602381766,0.059866763602381766,0.059866763602381766
BachChoralHarmony,V2,5665.0,0.3583,0.0525,1.0,206.0,53.3191,48.0,37.3042,0.8917,0.6827,25.0,51.0,0.0712,0.0712,0.0517,0.0517,0.0688,0.0688,4.8743,0.0026,SVC,0.5074767485857014,0.5030772134458653,0.506231907660558,0.5064203182176248,0.5060381938314322,0.5067569589133452,0.5072177541187572,0.5028012729697474,0.506458027142941
BachChoralHarmony,V2,5665.0,0.3073,0.0492,1.0,207.0,53.4228,48.0,37.4615,0.909,0.7299,25.0,51.0,0.0723,0.0723,0.0498,0.0498,0.0661,0.0661,4.8784,0.0026,DecisionTree,0.4386500036868534,0.4391597915703105,0.4357833637507691,0.4367829221400793,0.4349322605357317,0.43810695961259566,0.43890231326423285,0.441610600855037,0.4435789852065024
BachChoralHarmony,V2,5665.0,0.3073,0.0492,1.0,207.0,53.4228,48.0,37.4615,0.909,0.7299,25.0,51.0,0.0723,0.0723,0.0498,0.0498,0.0661,0.0661,4.8784,0.0026,LogisticRegression,0.5107747688840788,0.5083172188118815,0.510384459412593,0.5120188775008473,0.5106415129955326,0.5113757182445411,0.510643458801413,0.5092518222638793,0.5115871947358169
BachChoralHarmony,V2,5665.0,0.3073,0.0492,1.0,207.0,53.4228,48.0,37.4615,0.909,0.7299,25.0,51.0,0.0723,0.0723,0.0498,0.0498,0.0661,0.0661,4.8784,0.0026,KNN,0.4687758138599624,0.4644421657080487,0.4638612866346375,0.4647311405813854,0.4672567849962758,0.4663100729903363,0.47098728433865317,0.4640087579537843,0.4661069241447339
BachChoralHarmony,V2,5665.0,0.3073,0.0492,1.0,207.0,53.4228,48.0,37.4615,0.909,0.7299,25.0,51.0,0.0723,0.0723,0.0498,0.0498,0.0661,0.0661,4.8784,0.0026,RandomForest,0.4750310077670701,0.4774254889669513,0.4792703926913466,0.479567472973335,0.47925263230998305,0.4804278126371371,0.473558437914995,0.48059052312742334,0.4785056180871991
BachChoralHarmony,V2,5665.0,0.3073,0.0492,1.0,207.0,53.4228,48.0,37.4615,0.909,0.7299,25.0,51.0,0.0723,0.0723,0.0498,0.0498,0.0661,0.0661,4.8784,0.0026,AdaBoost,0.059866763602381766,0.05744609974383373,0.059866763602381766,0.059866763602381766,0.059866763602381766,0.059866763602381766,0.059866763602381766,0.059866763602381766,0.059866763602381766
BachChoralHarmony,V2,5665.0,0.3073,0.0492,1.0,207.0,53.4228,48.0,37.4615,0.909,0.7299,25.0,51.0,0.0723,0.0723,0.0498,0.0498,0.0661,0.0661,4.8784,0.0026,SVC,0.5084619893651117,0.5048508391980593,0.5060910731597247,0.5065979532132368,0.5075193724262541,0.5073376971833717,0.5073913519834347,0.5054220549270202,0.507586025818277
BachChoralHarmony,V2,5665.0,0.2466,0.0466,1.0,207.0,53.1942,48.0,37.197,0.934,0.8515,25.0,51.0,0.0748,0.0748,0.0512,0.0512,0.068,0.068,4.8757,0.0024,DecisionTree,0.4403214001950353,0.4341855119738363,0.4397572462796907,0.43863001211912445,0.43816005272323344,0.44125214648037814,0.4348140443884545,0.43774552499017805,0.43696241490215
BachChoralHarmony,V2,5665.0,0.2466,0.0466,1.0,207.0,53.1942,48.0,37.197,0.934,0.8515,25.0,51.0,0.0748,0.0748,0.0512,0.0512,0.068,0.068,4.8757,0.0024,LogisticRegression,0.5119343350873974,0.5087940199738292,0.5123837132876141,0.5112649250830377,0.5122149208193738,0.5125532182493899,0.5120169444884172,0.5075857758496918,0.5126586109138564
BachChoralHarmony,V2,5665.0,0.2466,0.0466,1.0,207.0,53.1942,48.0,37.197,0.934,0.8515,25.0,51.0,0.0748,0.0748,0.0512,0.0512,0.068,0.068,4.8757,0.0024,KNN,0.46734391027033556,0.4635403644298104,0.463934405901958,0.46302420247299914,0.46360345147335813,0.4633002468753556,0.46669724032193294,0.4643596633809165,0.46413407419863295
BachChoralHarmony,V2,5665.0,0.2466,0.0466,1.0,207.0,53.1942,48.0,37.197,0.934,0.8515,25.0,51.0,0.0748,0.0748,0.0512,0.0512,0.068,0.068,4.8757,0.0024,RandomForest,0.4835905301827833,0.4799442929003122,0.4791269152274441,0.4834504063407622,0.4832103689455728,0.4817781745991207,0.47851371667089626,0.475272824893082,0.47992534091417877
BachChoralHarmony,V2,5665.0,0.2466,0.0466,1.0,207.0,53.1942,48.0,37.197,0.934,0.8515,25.0,51.0,0.0748,0.0748,0.0512,0.0512,0.068,0.068,4.8757,0.0024,AdaBoost,0.059866763602381766,0.05762588728364462,0.059866763602381766,0.059866763602381766,0.059866763602381766,0.059866763602381766,0.059866763602381766,0.059866763602381766,0.059866763602381766
BachChoralHarmony,V2,5665.0,0.2466,0.0466,1.0,207.0,53.1942,48.0,37.197,0.934,0.8515,25.0,51.0,0.0748,0.0748,0.0512,0.0512,0.068,0.068,4.8757,0.0024,SVC,0.5105611767713445,0.5060184715402736,0.5075692198435136,0.5082167846342035,0.5082780341777794,0.5086856578401825,0.5098159553821826,0.5071572901223997,0.5083160835130679
BachChoralHarmony,V2,5665.0,0.2011,0.0442,1.0,206.0,53.5095,48.0,37.4847,0.9188,0.7684,25.0,51.0,0.0877,0.0877,0.0612,0.0612,0.0815,0.0815,4.8838,0.0024,DecisionTree,0.44654706589842164,0.44193613732040027,0.44735569558717325,0.4434641795309686,0.4444509023519905,0.4467381134952256,0.44944670791857694,0.4363976369217467,0.44622738046169774
BachChoralHarmony,V2,5665.0,0.2011,0.0442,1.0,206.0,53.5095,48.0,37.4847,0.9188,0.7684,25.0,51.0,0.0877,0.0877,0.0612,0.0612,0.0815,0.0815,4.8838,0.0024,LogisticRegression,0.512853817105097,0.5081501664190742,0.512591268067965,0.5124034996707509,0.5122485763802902,0.5128532720148412,0.5132492347203562,0.508815649368957,0.5129785034347335
BachChoralHarmony,V2,5665.0,0.2011,0.0442,1.0,206.0,53.5095,48.0,37.4847,0.9188,0.7684,25.0,51.0,0.0877,0.0877,0.0612,0.0612,0.0815,0.0815,4.8838,0.0024,KNN,0.46587040972210997,0.4637337247962146,0.4678263847305646,0.46613459631514575,0.4666489071310658,0.46764508913906433,0.4692597462967798,0.46222234488185204,0.46775874901875225
BachChoralHarmony,V2,5665.0,0.2011,0.0442,1.0,206.0,53.5095,48.0,37.4847,0.9188,0.7684,25.0,51.0,0.0877,0.0877,0.0612,0.0612,0.0815,0.0815,4.8838,0.0024,RandomForest,0.47959829533200976,0.4776797419225226,0.48259846262196054,0.4833313298048477,0.48065958267974607,0.4799273157730881,0.4801780226558444,0.47710776673490546,0.4811729189352667
BachChoralHarmony,V2,5665.0,0.2011,0.0442,1.0,206.0,53.5095,48.0,37.4847,0.9188,0.7684,25.0,51.0,0.0877,0.0877,0.0612,0.0612,0.0815,0.0815,4.8838,0.0024,AdaBoost,0.059866763602381766,0.059866763602381766,0.059866763602381766,0.059866763602381766,0.059866763602381766,0.059866763602381766,0.059866763602381766,0.059866763602381766,0.059866763602381766
BachChoralHarmony,V2,5665.0,0.2011,0.0442,1.0,206.0,53.5095,48.0,37.4847,0.9188,0.7684,25.0,51.0,0.0877,0.0877,0.0612,0.0612,0.0815,0.0815,4.8838,0.0024,SVC,0.5089518833854587,0.507054735678498,0.5077129546188832,0.5074199005156547,0.5086422220869729,0.508502049959769,0.5102573124169527,0.5076016734094775,0.5086181522728657
BachChoralHarmony,V2,5665.0,0.153,0.0423,1.0,207.0,53.4681,48.0,37.3508,0.9507,0.9231,25.0,51.0,0.0751,0.0751,0.0528,0.0528,0.0703,0.0703,4.8817,0.0022,DecisionTree,0.4423991890351656,0.4405278578445216,0.44027367043171173,0.44128413067148786,0.4446190960828279,0.4427356057877072,0.4380398402742051,0.4400134226887142,0.4441661504911909
BachChoralHarmony,V2,5665.0,0.153,0.0423,1.0,207.0,53.4681,48.0,37.3508,0.9507,0.9231,25.0,51.0,0.0751,0.0751,0.0528,0.0528,0.0703,0.0703,4.8817,0.0022,LogisticRegression,0.5117503102213949,0.5098476508446428,0.5131278617613546,0.5106678095376926,0.5113099176941952,0.511242410524307,0.5114713810648619,0.5098655433506636,0.5112280103454643
BachChoralHarmony,V2,5665.0,0.153,0.0423,1.0,207.0,53.4681,48.0,37.3508,0.9507,0.9231,25.0,51.0,0.0751,0.0751,0.0528,0.0528,0.0703,0.0703,4.8817,0.0022,KNN,0.4675841036316995,0.46383636058909194,0.46940648619208936,0.46694516109890954,0.4684507721243514,0.4682637707528476,0.46569869349866566,0.46283904138481213,0.4690421591472253
BachChoralHarmony,V2,5665.0,0.153,0.0423,1.0,207.0,53.4681,48.0,37.3508,0.9507,0.9231,25.0,51.0,0.0751,0.0751,0.0528,0.0528,0.0703,0.0703,4.8817,0.0022,RandomForest,0.47987892502047114,0.4793457251253094,0.4814681843941451,0.48488671034438524,0.4784836087561247,0.48206138117824016,0.4815952422174761,0.4810517285527074,0.4842341557140083
BachChoralHarmony,V2,5665.0,0.153,0.0423,1.0,207.0,53.4681,48.0,37.3508,0.9507,0.9231,25.0,51.0,0.0751,0.0751,0.0528,0.0528,0.0703,0.0703,4.8817,0.0022,AdaBoost,0.059866763602381766,0.059866763602381766,0.059866763602381766,0.059866763602381766,0.059866763602381766,0.059866763602381766,0.059866763602381766,0.059866763602381766,0.059866763602381766
BachChoralHarmony,V2,5665.0,0.153,0.0423,1.0,207.0,53.4681,48.0,37.3508,0.9507,0.9231,25.0,51.0,0.0751,0.0751,0.0528,0.0528,0.0703,0.0703,4.8817,0.0022,SVC,0.508374068292185,0.5034564182760797,0.5075803655289675,0.5092075988437288,0.509370118864987,0.508923433121548,0.5080732192157773,0.5033043170929363,0.5089828522072049
BachChoralHarmony,V2,5665.0,0.1043,0.0404,1.0,207.0,53.3536,48.0,37.252,0.9329,0.8527,25.0,51.0,0.0712,0.0712,0.049,0.049,0.0653,0.0653,4.8821,0.0023,DecisionTree,0.4415176896060161,0.44328906079438046,0.44433966689825577,0.4521777033292976,0.44607534726403403,0.44628270726694874,0.44055884713490756,0.44341826494219205,0.44685114981960583
BachChoralHarmony,V2,5665.0,0.1043,0.0404,1.0,207.0,53.3536,48.0,37.252,0.9329,0.8527,25.0,51.0,0.0712,0.0712,0.049,0.049,0.0653,0.0653,4.8821,0.0023,LogisticRegression,0.5140175071275654,0.5117563309274893,0.5139505381627987,0.5146950145664857,0.514819774158916,0.5144350672773186,0.5144973075817079,0.5116387872657231,0.5146046605528676
BachChoralHarmony,V2,5665.0,0.1043,0.0404,1.0,207.0,53.3536,48.0,37.252,0.9329,0.8527,25.0,51.0,0.0712,0.0712,0.049,0.049,0.0653,0.0653,4.8821,0.0023,KNN,0.4693089400606013,0.4669840724398661,0.4654070853028496,0.46833886787185325,0.46859108088023493,0.46739327027660404,0.4682216380597761,0.46625962504492324,0.468211033130917
BachChoralHarmony,V2,5665.0,0.1043,0.0404,1.0,207.0,53.3536,48.0,37.252,0.9329,0.8527,25.0,51.0,0.0712,0.0712,0.049,0.049,0.0653,0.0653,4.8821,0.0023,RandomForest,0.48044823483298843,0.4819593143194947,0.47871061732901443,0.4822796409919912,0.48090862002379237,0.48183811744080907,0.47876618017460326,0.48217864579793746,0.48082955033088115
BachChoralHarmony,V2,5665.0,0.1043,0.0404,1.0,207.0,53.3536,48.0,37.252,0.9329,0.8527,25.0,51.0,0.0712,0.0712,0.049,0.049,0.0653,0.0653,4.8821,0.0023,AdaBoost,0.059866763602381766,0.059866763602381766,0.059866763602381766,0.059866763602381766,0.059866763602381766,0.059866763602381766,0.059866763602381766,0.059866763602381766,0.059866763602381766
BachChoralHarmony,V2,5665.0,0.1043,0.0404,1.0,207.0,53.3536,48.0,37.252,0.9329,0.8527,25.0,51.0,0.0712,0.0712,0.049,0.049,0.0653,0.0653,4.8821,0.0023,SVC,0.5111111758828818,0.5089296067962612,0.5095141520388906,0.5096951899273163,0.5100446360924671,0.50990728622538,0.5110410422355767,0.5089093895221809,0.509529508712259
BachChoralHarmony,V2,5665.0,0.0556,0.0385,1.0,207.0,53.5619,48.0,37.4367,0.9295,0.83,25.0,51.0,0.0676,0.0676,0.0452,0.0452,0.0603,0.0603,4.8872,0.0023,DecisionTree,0.44640832891665655,0.44454678599459163,0.4464101354669969,0.44847639267323325,0.4445048106133369,0.4479384306817679,0.4452941254707064,0.44734182906456393,0.44751843529462476
BachChoralHarmony,V2,5665.0,0.0556,0.0385,1.0,207.0,53.5619,48.0,37.4367,0.9295,0.83,25.0,51.0,0.0676,0.0676,0.0452,0.0452,0.0603,0.0603,4.8872,0.0023,LogisticRegression,0.5103043646866491,0.5102879615688256,0.5122525679290459,0.5104224676255874,0.5111661138678775,0.5106806139350639,0.5099295344190913,0.5111619327922867,0.5114045252823647
BachChoralHarmony,V2,5665.0,0.0556,0.0385,1.0,207.0,53.5619,48.0,37.4367,0.9295,0.83,25.0,51.0,0.0676,0.0676,0.0452,0.0452,0.0603,0.0603,4.8872,0.0023,KNN,0.4678675610725309,0.46639260231178353,0.4675886384534048,0.4679759806403039,0.4678794301559574,0.46781252393465966,0.4675166208063567,0.46647573385347235,0.4688762866396448
BachChoralHarmony,V2,5665.0,0.0556,0.0385,1.0,207.0,53.5619,48.0,37.4367,0.9295,0.83,25.0,51.0,0.0676,0.0676,0.0452,0.0452,0.0603,0.0603,4.8872,0.0023,RandomForest,0.4832994153238937,0.48479348298723335,0.4829118071425149,0.48529522018382526,0.4857661233955004,0.4860527159268339,0.48707830327529944,0.48625152393088117,0.48629556604129287
BachChoralHarmony,V2,5665.0,0.0556,0.0385,1.0,207.0,53.5619,48.0,37.4367,0.9295,0.83,25.0,51.0,0.0676,0.0676,0.0452,0.0452,0.0603,0.0603,4.8872,0.0023,AdaBoost,0.059866763602381766,0.059866763602381766,0.059866763602381766,0.059866763602381766,0.059866763602381766,0.059866763602381766,0.059866763602381766,0.059866763602381766,0.059866763602381766
BachChoralHarmony,V2,5665.0,0.0556,0.0385,1.0,207.0,53.5619,48.0,37.4367,0.9295,0.83,25.0,51.0,0.0676,0.0676,0.0452,0.0452,0.0603,0.0603,4.8872,0.0023,SVC,0.5096635639843402,0.5090767743776446,0.5095197162831935,0.5101882662626158,0.5101653458826831,0.5102153374154443,0.5098723293013918,0.5083606308811316,0.50989983515949
BachChoralHarmony,V16,5665.0,0.502,0.0018,1.0,5.0,3.1553,3.0,1.1262,0.3462,-0.9814,1.0,2.0,0.086,0.086,0.0563,0.0563,0.075,0.075,1.4206,1.5306,DecisionTree,0.46388654380435496,0.4634522592104134,0.46139847973947445,0.45041333076740886,0.4462143022868277,0.4574961097414091,0.44542839714385996,0.4527143117131891,0.4571016933945484
BachChoralHarmony,V16,5665.0,0.502,0.0018,1.0,5.0,3.1553,3.0,1.1262,0.3462,-0.9814,1.0,2.0,0.086,0.086,0.0563,0.0563,0.075,0.075,1.4206,1.5306,LogisticRegression,0.5122566024335297,0.5078287040845852,0.5140345573541836,0.5108575379965755,0.5113529757535714,0.5112617942351168,0.512070780734402,0.5118833309107628,0.5119660413805934
BachChoralHarmony,V16,5665.0,0.502,0.0018,1.0,5.0,3.1553,3.0,1.1262,0.3462,-0.9814,1.0,2.0,0.086,0.086,0.0563,0.0563,0.075,0.075,1.4206,1.5306,KNN,0.4657295339301346,0.470579641364482,0.4712922300940981,0.46805499941935497,0.46793996353433276,0.46739861358302237,0.464275939115379,0.4639106061500179,0.4681345554324788
BachChoralHarmony,V16,5665.0,0.502,0.0018,1.0,5.0,3.1553,3.0,1.1262,0.3462,-0.9814,1.0,2.0,0.086,0.086,0.0563,0.0563,0.075,0.075,1.4206,1.5306,RandomForest,0.4990859857453447,0.49826833687079863,0.5052032164981733,0.5016132312000997,0.4930902799340543,0.4988677246104172,0.4944301715029817,0.4846188171612795,0.4967949006753921
BachChoralHarmony,V16,5665.0,0.502,0.0018,1.0,5.0,3.1553,3.0,1.1262,0.3462,-0.9814,1.0,2.0,0.086,0.086,0.0563,0.0563,0.075,0.075,1.4206,1.5306,AdaBoost,0.059866763602381766,0.059866763602381766,0.059866763602381766,0.059866763602381766,0.059866763602381766,0.059866763602381766,0.059866763602381766,0.059866763602381766,0.059866763602381766
BachChoralHarmony,V16,5665.0,0.502,0.0018,1.0,5.0,3.1553,3.0,1.1262,0.3462,-0.9814,1.0,2.0,0.086,0.086,0.0563,0.0563,0.075,0.075,1.4206,1.5306,SVC,0.5044577205091456,0.506684617806034,0.5074778496641763,0.5036984814061098,0.5034378181302699,0.5030200774187223,0.5039972391945098,0.5024061981377974,0.5035044567721285
BachChoralHarmony,V16,5665.0,0.4487,0.0016,1.0,5.0,3.1335,3.0,1.1073,0.3787,-0.9425,1.0,2.0,0.0524,0.0524,0.0325,0.0325,0.0432,0.0432,1.4092,4.1128,DecisionTree,0.4615631815594976,0.46408306143617384,0.46160533549575195,0.44120189025516565,0.45046121927436433,0.44750438028391437,0.45314341869384095,0.44791467992473877,0.4526531043158016
BachChoralHarmony,V16,5665.0,0.4487,0.0016,1.0,5.0,3.1335,3.0,1.1073,0.3787,-0.9425,1.0,2.0,0.0524,0.0524,0.0325,0.0325,0.0432,0.0432,1.4092,4.1128,LogisticRegression,0.5086280598214648,0.5110782500267479,0.5103944528912505,0.5100583123610078,0.5094916572325917,0.5104152342851149,0.5103641644285166,0.5108806042655265,0.5086741859113687
BachChoralHarmony,V16,5665.0,0.4487,0.0016,1.0,5.0,3.1335,3.0,1.1073,0.3787,-0.9425,1.0,2.0,0.0524,0.0524,0.0325,0.0325,0.0432,0.0432,1.4092,4.1128,KNN,0.46842650488720955,0.46892471744762954,0.471266152810328,0.46756382770368277,0.46875540823464396,0.4688926086446627,0.46866336978736745,0.4664411042939686,0.4699535155105971
BachChoralHarmony,V16,5665.0,0.4487,0.0016,1.0,5.0,3.1335,3.0,1.1073,0.3787,-0.9425,1.0,2.0,0.0524,0.0524,0.0325,0.0325,0.0432,0.0432,1.4092,4.1128,RandomForest,0.49324711057123205,0.4946908984077878,0.5023764542695599,0.501071709103562,0.49677315492513463,0.4968639506886262,0.4894179100328343,0.48924372861106674,0.5017481761375197
BachChoralHarmony,V16,5665.0,0.4487,0.0016,1.0,5.0,3.1335,3.0,1.1073,0.3787,-0.9425,1.0,2.0,0.0524,0.0524,0.0325,0.0325,0.0432,0.0432,1.4092,4.1128,AdaBoost,0.059866763602381766,0.059866763602381766,0.059866763602381766,0.059866763602381766,0.059866763602381766,0.059866763602381766,0.059866763602381766,0.059866763602381766,0.059866763602381766
BachChoralHarmony,V16,5665.0,0.4487,0.0016,1.0,5.0,3.1335,3.0,1.1073,0.3787,-0.9425,1.0,2.0,0.0524,0.0524,0.0325,0.0325,0.0432,0.0432,1.4092,4.1128,SVC,0.5055937668642281,0.5076803915326763,0.5065172310240169,0.5054089885966428,0.5052466778236583,0.5051513907567714,0.5035504474982452,0.5053931604833888,0.5069966778752307
BachChoralHarmony,V16,5665.0,0.4048,0.0015,1.0,5.0,3.1426,3.0,1.1027,0.3863,-0.9314,1.0,2.0,0.0706,0.0706,0.0508,0.0508,0.0677,0.0677,1.4029,1.5325,DecisionTree,0.4630307058959008,0.45794645225394814,0.452043077689388,0.45308175773628834,0.44880490193729733,0.45281859525872725,0.4485020511913825,0.4495887717333311,0.4521523728962441
BachChoralHarmony,V16,5665.0,0.4048,0.0015,1.0,5.0,3.1426,3.0,1.1027,0.3863,-0.9314,1.0,2.0,0.0706,0.0706,0.0508,0.0508,0.0677,0.0677,1.4029,1.5325,LogisticRegression,0.516155045039969,0.5115676194308412,0.5139454421537435,0.5147127194331886,0.5139287157914185,0.5139868640097363,0.5159741355299163,0.5134825542733559,0.5149812446230838
BachChoralHarmony,V16,5665.0,0.4048,0.0015,1.0,5.0,3.1426,3.0,1.1027,0.3863,-0.9314,1.0,2.0,0.0706,0.0706,0.0508,0.0508,0.0677,0.0677,1.4029,1.5325,KNN,0.46858827110546575,0.46961049404560856,0.46644881134315747,0.4699435464211082,0.46838854204591895,0.46932878057713273,0.46788363192857196,0.46649150868440703,0.46859530428114726
BachChoralHarmony,V16,5665.0,0.4048,0.0015,1.0,5.0,3.1426,3.0,1.1027,0.3863,-0.9314,1.0,2.0,0.0706,0.0706,0.0508,0.0508,0.0677,0.0677,1.4029,1.5325,RandomForest,0.4985645247654776,0.49727430008386664,0.5033908367457177,0.49747952374080734,0.4978162327869107,0.502351691289606,0.4938479602551461,0.48992348702444444,0.5023107505904444
BachChoralHarmony,V16,5665.0,0.4048,0.0015,1.0,5.0,3.1426,3.0,1.1027,0.3863,-0.9314,1.0,2.0,0.0706,0.0706,0.0508,0.0508,0.0677,0.0677,1.4029,1.5325,AdaBoost,0.059866763602381766,0.059866763602381766,0.059866763602381766,0.059866763602381766,0.059866763602381766,0.059866763602381766,0.059866763602381766,0.059866763602381766,0.059866763602381766
BachChoralHarmony,V16,5665.0,0.4048,0.0015,1.0,5.0,3.1426,3.0,1.1027,0.3863,-0.9314,1.0,2.0,0.0706,0.0706,0.0508,0.0508,0.0677,0.0677,1.4029,1.5325,SVC,0.5073546318954718,0.5101023674658542,0.508665838647435,0.5080936441518206,0.5066209064496239,0.5063538121608235,0.5059395977064709,0.5051218635247408,0.5063087832343117
BachChoralHarmony,V16,5665.0,0.353,0.0014,1.0,5.0,3.1274,3.0,1.109,0.3882,-0.9187,1.0,2.0,0.0843,0.0843,0.0546,0.0546,0.0726,0.0726,1.4087,1.3989,DecisionTree,0.45793413998453375,0.45519514527974764,0.4531897364994621,0.44542239357604807,0.4484326488851722,0.4504617098099657,0.44995471512617635,0.43882855421684414,0.4548565161283925
BachChoralHarmony,V16,5665.0,0.353,0.0014,1.0,5.0,3.1274,3.0,1.109,0.3882,-0.9187,1.0,2.0,0.0843,0.0843,0.0546,0.0546,0.0726,0.0726,1.4087,1.3989,LogisticRegression,0.5099576731512161,0.5099314267737702,0.5111371553564928,0.5086747597303651,0.5092829581261641,0.5102033701025622,0.5109836388275576,0.5078502432528075,0.5100012486261252
BachChoralHarmony,V16,5665.0,0.353,0.0014,1.0,5.0,3.1274,3.0,1.109,0.3882,-0.9187,1.0,2.0,0.0843,0.0843,0.0546,0.0546,0.0726,0.0726,1.4087,1.3989,KNN,0.466942765162968,0.4666878710961484,0.46714426309127854,0.46785426469558056,0.4664620475281824,0.4671338033959893,0.4686656725317503,0.46446620865765753,0.4669942809151706
BachChoralHarmony,V16,5665.0,0.353,0.0014,1.0,5.0,3.1274,3.0,1.109,0.3882,-0.9187,1.0,2.0,0.0843,0.0843,0.0546,0.0546,0.0726,0.0726,1.4087,1.3989,RandomForest,0.49253114951633337,0.49327040941623307,0.49755741227086314,0.49349271691830554,0.4943224874161063,0.4965776042435151,0.4938400372525964,0.4856716009180869,0.4946232980797645
BachChoralHarmony,V16,5665.0,0.353,0.0014,1.0,5.0,3.1274,3.0,1.109,0.3882,-0.9187,1.0,2.0,0.0843,0.0843,0.0546,0.0546,0.0726,0.0726,1.4087,1.3989,AdaBoost,0.059866763602381766,0.059866763602381766,0.059866763602381766,0.059866763602381766,0.059866763602381766,0.059866763602381766,0.059866763602381766,0.059866763602381766,0.059866763602381766
BachChoralHarmony,V16,5665.0,0.353,0.0014,1.0,5.0,3.1274,3.0,1.109,0.3882,-0.9187,1.0,2.0,0.0843,0.0843,0.0546,0.0546,0.0726,0.0726,1.4087,1.3989,SVC,0.5106349891715061,0.5110838655198222,0.5114791722164787,0.5092044915871823,0.509168335485187,0.5094391961472887,0.5098653189092452,0.5093476286245743,0.5092505461719536
BachChoralHarmony,V16,5665.0,0.2987,0.0013,1.0,5.0,3.1334,3.0,1.1073,0.378,-0.9111,1.0,2.0,0.0774,0.0774,0.0514,0.0514,0.0685,0.0685,1.4105,3.7176,DecisionTree,0.4578632324486965,0.4519381304158583,0.4521245211935212,0.4523090430079656,0.4542313233024466,0.4514909181134831,0.4423464976246415,0.4510903054054932,0.4527936700833364
BachChoralHarmony,V16,5665.0,0.2987,0.0013,1.0,5.0,3.1334,3.0,1.1073,0.378,-0.9111,1.0,2.0,0.0774,0.0774,0.0514,0.0514,0.0685,0.0685,1.4105,3.7176,LogisticRegression,0.5112609010187412,0.5131563198011528,0.5127371434466568,0.511577056003609,0.5114409723969795,0.5106485592071094,0.5126362305582686,0.5112210665694401,0.5118902983621926
BachChoralHarmony,V16,5665.0,0.2987,0.0013,1.0,5.0,3.1334,3.0,1.1073,0.378,-0.9111,1.0,2.0,0.0774,0.0774,0.0514,0.0514,0.0685,0.0685,1.4105,3.7176,KNN,0.4631651543875518,0.4638518677553098,0.4708044691724399,0.4617948420450815,0.46275380752376916,0.4622858370000813,0.4620786733196887,0.46299566479925053,0.46159925050305284
BachChoralHarmony,V16,5665.0,0.2987,0.0013,1.0,5.0,3.1334,3.0,1.1073,0.378,-0.9111,1.0,2.0,0.0774,0.0774,0.0514,0.0514,0.0685,0.0685,1.4105,3.7176,RandomForest,0.49201960014026047,0.4942868096808542,0.4945116181476198,0.4960437308402782,0.494483128122854,0.4875550879269521,0.4888434006787469,0.4932737598556261,0.4919270857510155
BachChoralHarmony,V16,5665.0,0.2987,0.0013,1.0,5.0,3.1334,3.0,1.1073,0.378,-0.9111,1.0,2.0,0.0774,0.0774,0.0514,0.0514,0.0685,0.0685,1.4105,3.7176,AdaBoost,0.059866763602381766,0.059866763602381766,0.059866763602381766,0.059866763602381766,0.059866763602381766,0.059866763602381766,0.059866763602381766,0.059866763602381766,0.059866763602381766
BachChoralHarmony,V16,5665.0,0.2987,0.0013,1.0,5.0,3.1334,3.0,1.1073,0.378,-0.9111,1.0,2.0,0.0774,0.0774,0.0514,0.0514,0.0685,0.0685,1.4105,3.7176,SVC,0.5094041891855899,0.5089693855551866,0.5129785434252212,0.5099338679989543,0.5099331521717143,0.5097719001392418,0.5091128182056912,0.5109706188932502,0.5095775853889861
BachChoralHarmony,V16,5665.0,0.25,0.0012,1.0,5.0,3.1424,3.0,1.1089,0.3809,-0.9385,1.0,2.0,0.0891,0.0891,0.0593,0.0593,0.0788,0.0788,1.4068,3.8458,DecisionTree,0.45441553362865167,0.4464120222367344,0.4481229305731669,0.44684489766047464,0.447968983877458,0.4495879615387229,0.4473867472040073,0.43727183416738885,0.4483667690239113
BachChoralHarmony,V16,5665.0,0.25,0.0012,1.0,5.0,3.1424,3.0,1.1089,0.3809,-0.9385,1.0,2.0,0.0891,0.0891,0.0593,0.0593,0.0788,0.0788,1.4068,3.8458,LogisticRegression,0.510730430053768,0.5130520489112363,0.5113434454064798,0.5103661781895191,0.5110428938306404,0.5107309164156781,0.510679117528645,0.5116202163499465,0.5103428695496994
BachChoralHarmony,V16,5665.0,0.25,0.0012,1.0,5.0,3.1424,3.0,1.1089,0.3809,-0.9385,1.0,2.0,0.0891,0.0891,0.0593,0.0593,0.0788,0.0788,1.4068,3.8458,KNN,0.4705624807914799,0.4698225709390168,0.4692806106053832,0.4691224344249612,0.46755099880779394,0.4690491762843899,0.47008144148684694,0.4672003205471173,0.4682626905302066
BachChoralHarmony,V16,5665.0,0.25,0.0012,1.0,5.0,3.1424,3.0,1.1089,0.3809,-0.9385,1.0,2.0,0.0891,0.0891,0.0593,0.0593,0.0788,0.0788,1.4068,3.8458,RandomForest,0.48935834276688267,0.4919235112755267,0.48940345198528296,0.48781138758883846,0.489253239054356,0.48613078286431954,0.48601910571556034,0.48648779556150373,0.4842582111657752
BachChoralHarmony,V16,5665.0,0.25,0.0012,1.0,5.0,3.1424,3.0,1.1089,0.3809,-0.9385,1.0,2.0,0.0891,0.0891,0.0593,0.0593,0.0788,0.0788,1.4068,3.8458,AdaBoost,0.059866763602381766,0.059866763602381766,0.059866763602381766,0.059866763602381766,0.059866763602381766,0.059866763602381766,0.059866763602381766,0.059866763602381766,0.059866763602381766
BachChoralHarmony,V16,5665.0,0.25,0.0012,1.0,5.0,3.1424,3.0,1.1089,0.3809,-0.9385,1.0,2.0,0.0891,0.0891,0.0593,0.0593,0.0788,0.0788,1.4068,3.8458,SVC,0.5072649030048564,0.5097506044388967,0.5066072708754584,0.5061187258328416,0.507143858086343,0.5066524151842853,0.5060475764118981,0.5058664945858403,0.5071214965234745
BachChoralHarmony,V16,5665.0,0.1952,0.0011,1.0,5.0,3.1393,3.0,1.1151,0.3721,-0.9494,1.0,2.0,0.0742,0.0742,0.052,0.052,0.0692,0.0692,1.4127,1.5908,DecisionTree,0.45546027962579005,0.45363082825390577,0.44916181013932777,0.4494431528349287,0.44922436228474616,0.45072861554546895,0.445413722036993,0.456416606234023,0.4528432298165784
BachChoralHarmony,V16,5665.0,0.1952,0.0011,1.0,5.0,3.1393,3.0,1.1151,0.3721,-0.9494,1.0,2.0,0.0742,0.0742,0.052,0.052,0.0692,0.0692,1.4127,1.5908,LogisticRegression,0.510356574218191,0.5103196858118133,0.5114287969146304,0.5106420270117314,0.5106279203331336,0.5109942264104056,0.5098037155904394,0.5117636871524962,0.5105104936519002
BachChoralHarmony,V16,5665.0,0.1952,0.0011,1.0,5.0,3.1393,3.0,1.1151,0.3721,-0.9494,1.0,2.0,0.0742,0.0742,0.052,0.052,0.0692,0.0692,1.4127,1.5908,KNN,0.46566999444234564,0.4648084589606746,0.46912499327061685,0.46645769414480825,0.46757018012564944,0.4669994645200731,0.4656944278352616,0.46569623452597764,0.4670251913010474
BachChoralHarmony,V16,5665.0,0.1952,0.0011,1.0,5.0,3.1393,3.0,1.1151,0.3721,-0.9494,1.0,2.0,0.0742,0.0742,0.052,0.052,0.0692,0.0692,1.4127,1.5908,RandomForest,0.4910040405126369,0.492282950983349,0.48895630455901706,0.49064421471369746,0.49118836688838813,0.49124234678921397,0.4888862196685483,0.48888026668182655,0.4877237196401697
BachChoralHarmony,V16,5665.0,0.1952,0.0011,1.0,5.0,3.1393,3.0,1.1151,0.3721,-0.9494,1.0,2.0,0.0742,0.0742,0.052,0.052,0.0692,0.0692,1.4127,1.5908,AdaBoost,0.059866763602381766,0.059866763602381766,0.059866763602381766,0.059866763602381766,0.059866763602381766,0.059866763602381766,0.059866763602381766,0.059866763602381766,0.059866763602381766
BachChoralHarmony,V16,5665.0,0.1952,0.0011,1.0,5.0,3.1393,3.0,1.1151,0.3721,-0.9494,1.0,2.0,0.0742,0.0742,0.052,0.052,0.0692,0.0692,1.4127,1.5908,SVC,0.5086118420704271,0.5078442048407136,0.5090286562808417,0.5074823811394505,0.5083994834213438,0.5082832431039643,0.5071193278385864,0.5094999565439369,0.5080767756020316
BachChoralHarmony,V16,5665.0,0.1486,0.001,1.0,5.0,3.1476,3.0,1.1177,0.3612,-0.9698,1.0,2.0,0.0804,0.0804,0.0548,0.0548,0.0729,0.0729,1.4147,3.8048,DecisionTree,0.451376557230671,0.45532372879858096,0.4529261216678662,0.45163386607229206,0.4523419195314612,0.4517968254011072,0.4557219521814794,0.44899187074014796,0.4510913954898695
BachChoralHarmony,V16,5665.0,0.1486,0.001,1.0,5.0,3.1476,3.0,1.1177,0.3612,-0.9698,1.0,2.0,0.0804,0.0804,0.0548,0.0548,0.0729,0.0729,1.4147,3.8048,LogisticRegression,0.5135622036231038,0.512406505534717,0.5137462215291233,0.5132715522941862,0.5129551643314992,0.5131243066148511,0.513151039742354,0.5115281855920513,0.5125479884914949
BachChoralHarmony,V16,5665.0,0.1486,0.001,1.0,5.0,3.1476,3.0,1.1177,0.3612,-0.9698,1.0,2.0,0.0804,0.0804,0.0548,0.0548,0.0729,0.0729,1.4147,3.8048,KNN,0.4701442059974993,0.4713585920363986,0.4694121780307685,0.4693294913348851,0.4685797874427237,0.4689989418923523,0.4687109466159225,0.46812742001739505,0.46913048699962673
BachChoralHarmony,V16,5665.0,0.1486,0.001,1.0,5.0,3.1476,3.0,1.1177,0.3612,-0.9698,1.0,2.0,0.0804,0.0804,0.0548,0.0548,0.0729,0.0729,1.4147,3.8048,RandomForest,0.4925994787238479,0.49269069080743516,0.4934548476461468,0.49089083028927005,0.4943093602767974,0.48967593270706794,0.4907621257842322,0.49228473844247644,0.48715119822927416
BachChoralHarmony,V16,5665.0,0.1486,0.001,1.0,5.0,3.1476,3.0,1.1177,0.3612,-0.9698,1.0,2.0,0.0804,0.0804,0.0548,0.0548,0.0729,0.0729,1.4147,3.8048,AdaBoost,0.059866763602381766,0.059866763602381766,0.059866763602381766,0.059866763602381766,0.059866763602381766,0.059866763602381766,0.059866763602381766,0.059866763602381766,0.059866763602381766
BachChoralHarmony,V16,5665.0,0.1486,0.001,1.0,5.0,3.1476,3.0,1.1177,0.3612,-0.9698,1.0,2.0,0.0804,0.0804,0.0548,0.0548,0.0729,0.0729,1.4147,3.8048,SVC,0.5093934779559464,0.5112937019189675,0.5095912763903045,0.5096203018356389,0.5095613226345572,0.5095538517287198,0.5096142921595695,0.5085810354334768,0.5088036180225651
BachChoralHarmony,V16,5665.0,0.0916,0.001,1.0,5.0,3.1246,3.0,1.1066,0.3947,-0.9152,1.0,2.0,0.0779,0.0779,0.0544,0.0544,0.0725,0.0725,1.4063,3.8319,DecisionTree,0.44743177452288574,0.44883610808252883,0.4480831264918526,0.4462292816655949,0.44608828473828943,0.44745821117098766,0.4491100764964501,0.44548378986257176,0.44791243752391935
BachChoralHarmony,V16,5665.0,0.0916,0.001,1.0,5.0,3.1246,3.0,1.1066,0.3947,-0.9152,1.0,2.0,0.0779,0.0779,0.0544,0.0544,0.0725,0.0725,1.4063,3.8319,LogisticRegression,0.5094457472373426,0.5099146018181752,0.5111664432832138,0.5098937362758844,0.5093317041856679,0.5093141607916695,0.5101768993009158,0.5098523681561874,0.5093553867815327
BachChoralHarmony,V16,5665.0,0.0916,0.001,1.0,5.0,3.1246,3.0,1.1066,0.3947,-0.9152,1.0,2.0,0.0779,0.0779,0.0544,0.0544,0.0725,0.0725,1.4063,3.8319,KNN,0.4683114258756841,0.46960469614760103,0.4679254131651398,0.4690618687901582,0.4667707693080755,0.46781550168218655,0.4689538979445781,0.4672320878588882,0.4675846824786023
BachChoralHarmony,V16,5665.0,0.0916,0.001,1.0,5.0,3.1246,3.0,1.1066,0.3947,-0.9152,1.0,2.0,0.0779,0.0779,0.0544,0.0544,0.0725,0.0725,1.4063,3.8319,RandomForest,0.4890151051106888,0.4896481393178498,0.48832514146737876,0.48805942025372956,0.48969232210071484,0.4924734423163492,0.4907519803596228,0.48979814124963184,0.48997016304464314
BachChoralHarmony,V16,5665.0,0.0916,0.001,1.0,5.0,3.1246,3.0,1.1066,0.3947,-0.9152,1.0,2.0,0.0779,0.0779,0.0544,0.0544,0.0725,0.0725,1.4063,3.8319,AdaBoost,0.059866763602381766,0.059866763602381766,0.059866763602381766,0.059866763602381766,0.059866763602381766,0.059866763602381766,0.059866763602381766,0.059866763602381766,0.059866763602381766
BachChoralHarmony,V16,5665.0,0.0916,0.001,1.0,5.0,3.1246,3.0,1.1066,0.3947,-0.9152,1.0,2.0,0.0779,0.0779,0.0544,0.0544,0.0725,0.0725,1.4063,3.8319,SVC,0.5089487318442756,0.5104001533109044,0.5090894135165569,0.5090183920461276,0.509231679563104,0.5088373318704584,0.5085241076962069,0.5093443329099148,0.5088472502782547
BachChoralHarmony,V16,5665.0,0.0484,0.0009,1.0,5.0,3.1397,3.0,1.1071,0.3712,-0.9267,1.0,2.0,0.0801,0.0801,0.0541,0.0541,0.072,0.072,1.4109,3.8046,DecisionTree,0.4519893528030417,0.4523316012065077,0.44731306664404147,0.44943573496505224,0.44972323930762514,0.4467633061045231,0.44701276477626234,0.4486797156362815,0.44655271471392727
BachChoralHarmony,V16,5665.0,0.0484,0.0009,1.0,5.0,3.1397,3.0,1.1071,0.3712,-0.9267,1.0,2.0,0.0801,0.0801,0.0541,0.0541,0.072,0.072,1.4109,3.8046,LogisticRegression,0.5120439686017335,0.5091642323675591,0.5120861284018721,0.5114930269574816,0.5124167520642716,0.5123527227766781,0.5113695336705043,0.5115689171524231,0.5112107668106985
BachChoralHarmony,V16,5665.0,0.0484,0.0009,1.0,5.0,3.1397,3.0,1.1071,0.3712,-0.9267,1.0,2.0,0.0801,0.0801,0.0541,0.0541,0.072,0.072,1.4109,3.8046,KNN,0.47015075850625904,0.4702991440904263,0.4693480962661516,0.46882171595183497,0.469053892130059,0.46929127734899706,0.4694938954714718,0.46932080704515167,0.46962689403449376
BachChoralHarmony,V16,5665.0,0.0484,0.0009,1.0,5.0,3.1397,3.0,1.1071,0.3712,-0.9267,1.0,2.0,0.0801,0.0801,0.0541,0.0541,0.072,0.072,1.4109,3.8046,RandomForest,0.4853117289890802,0.48619307662762185,0.4842011655199209,0.4876261747523988,0.48481921147467666,0.48729803346992207,0.48248703907513274,0.48627968512125874,0.48922975059115614
BachChoralHarmony,V16,5665.0,0.0484,0.0009,1.0,5.0,3.1397,3.0,1.1071,0.3712,-0.9267,1.0,2.0,0.0801,0.0801,0.0541,0.0541,0.072,0.072,1.4109,3.8046,AdaBoost,0.059866763602381766,0.059866763602381766,0.059866763602381766,0.059866763602381766,0.059866763602381766,0.059866763602381766,0.059866763602381766,0.059866763602381766,0.059866763602381766
BachChoralHarmony,V16,5665.0,0.0484,0.0009,1.0,5.0,3.1397,3.0,1.1071,0.3712,-0.9267,1.0,2.0,0.0801,0.0801,0.0541,0.0541,0.072,0.072,1.4109,3.8046,SVC,0.5081742352124746,0.5077954108754659,0.5091682829068435,0.5083183980172254,0.5082686602584368,0.5085049966864709,0.5084421506547592,0.5081056813650057,0.5081927047546497
bank,duration,3074.0,0.5052,0.3866,4.0,1971.0,261.2071,181.0,252.8706,2.5324,8.8373,94.0,220.0,0.022,0.0521,0.0566,0.0614,0.0728,0.078,6.1276,0.0002,DecisionTree,0.8471881375980385,0.8467784456491853,0.8424918410265325,0.8409674872717459,0.8412502146548654,0.8382303220674447,0.8449777309366662,0.8478478728211255,0.844016954375215
bank,duration,3074.0,0.5052,0.3866,4.0,1971.0,261.2071,181.0,252.8706,2.5324,8.8373,94.0,220.0,0.022,0.0521,0.0566,0.0614,0.0728,0.078,6.1276,0.0002,LogisticRegression,0.8491930023025962,0.8425972110880806,0.8470450569586,0.8487421643693835,0.8486952937811408,0.8506587932558096,0.8495890940435447,0.8444861426966825,0.8435152919974982
bank,duration,3074.0,0.5052,0.3866,4.0,1971.0,261.2071,181.0,252.8706,2.5324,8.8373,94.0,220.0,0.022,0.0521,0.0566,0.0614,0.0728,0.078,6.1276,0.0002,KNN,0.8462993974864499,0.8427830986573404,0.8468716316020409,0.8482503195456058,0.8486061248093695,0.8467975210952312,0.8436015117785268,0.8422983355721034,0.844819410928659
bank,duration,3074.0,0.5052,0.3866,4.0,1971.0,261.2071,181.0,252.8706,2.5324,8.8373,94.0,220.0,0.022,0.0521,0.0566,0.0614,0.0728,0.078,6.1276,0.0002,RandomForest,0.8484567368267784,0.8512088751304691,0.8497921669428714,0.8523341540701441,0.8482050753231665,0.8551542581120266,0.8303688722232723,0.8314841232687727,0.8513633347766838
bank,duration,3074.0,0.5052,0.3866,4.0,1971.0,261.2071,181.0,252.8706,2.5324,8.8373,94.0,220.0,0.022,0.0521,0.0566,0.0614,0.0728,0.078,6.1276,0.0002,AdaBoost,0.8537152210575676,0.8529406516645477,0.8554334603458938,0.8510394970808337,0.8489024876165671,0.8549747544035194,0.8515318355990655,0.8451776856290107,0.8531195023977628
bank,duration,3074.0,0.5052,0.3866,4.0,1971.0,261.2071,181.0,252.8706,2.5324,8.8373,94.0,220.0,0.022,0.0521,0.0566,0.0614,0.0728,0.078,6.1276,0.0002,SVC,0.8465676189781657,0.8459852366052081,0.8444818106658782,0.8450434059723559,0.8439086733678169,0.8463981811198305,0.843336891212694,0.8435691511292038,0.8438299606339599
bank,duration,3074.0,0.4574,0.3645,5.0,2029.0,262.9347,184.5,261.9894,2.5738,8.7728,94.5,216.0,0.0114,0.0322,0.0166,0.0213,0.0214,0.0271,6.1535,0.0002,DecisionTree,0.8630224564660824,0.8451746860147359,0.8534572168345186,0.8605559358647392,0.8603178172597737,0.8637762299468869,0.8621089701327996,0.8399169610693541,0.8494301916453625
bank,duration,3074.0,0.4574,0.3645,5.0,2029.0,262.9347,184.5,261.9894,2.5738,8.7728,94.5,216.0,0.0114,0.0322,0.0166,0.0213,0.0214,0.0271,6.1535,0.0002,LogisticRegression,0.8441991162798053,0.8343281480079584,0.8437322070853078,0.844969310124747,0.8436615202585735,0.8418196693903275,0.8424808235648613,0.8364017374448243,0.8418255359688238
bank,duration,3074.0,0.4574,0.3645,5.0,2029.0,262.9347,184.5,261.9894,2.5738,8.7728,94.5,216.0,0.0114,0.0322,0.0166,0.0213,0.0214,0.0271,6.1535,0.0002,KNN,0.8533583470500687,0.8487292820429138,0.854208750349397,0.8537999119425397,0.8539260582822908,0.8524595919263701,0.8487696417882369,0.8485534081896028,0.8486594149629518
bank,duration,3074.0,0.4574,0.3645,5.0,2029.0,262.9347,184.5,261.9894,2.5738,8.7728,94.5,216.0,0.0114,0.0322,0.0166,0.0213,0.0214,0.0271,6.1535,0.0002,RandomForest,0.8536103750031383,0.8557462609128915,0.8590507156083844,0.854818058321347,0.8549945387669421,0.8505897058565456,0.8401409474403974,0.844335737818296,0.8523747369497776
bank,duration,3074.0,0.4574,0.3645,5.0,2029.0,262.9347,184.5,261.9894,2.5738,8.7728,94.5,216.0,0.0114,0.0322,0.0166,0.0213,0.0214,0.0271,6.1535,0.0002,AdaBoost,0.8539202773789051,0.85190666202564,0.8604943230846861,0.856081179500541,0.8575171647010854,0.8564069554736657,0.8486080154228314,0.8442116395349766,0.8539192973229184
bank,duration,3074.0,0.4574,0.3645,5.0,2029.0,262.9347,184.5,261.9894,2.5738,8.7728,94.5,216.0,0.0114,0.0322,0.0166,0.0213,0.0214,0.0271,6.1535,0.0002,SVC,0.8444650296916962,0.8435776222276524,0.8469453052208822,0.845133173863577,0.8441315568250629,0.8436551124929457,0.8434614145702921,0.8444465374102182,0.8437460943559811
bank,duration,3074.0,0.4057,0.3574,5.0,3025.0,269.8352,185.0,268.3385,2.8311,12.9697,96.0,232.5,0.0297,0.0551,0.0516,0.0554,0.0658,0.07,6.2005,0.0002,DecisionTree,0.843476007911541,0.8516113385933006,0.8461196050292863,0.8429422203256032,0.84585982057967,0.8446870371601075,0.8416456094229878,0.85349658317022,0.8411872041783881
bank,duration,3074.0,0.4057,0.3574,5.0,3025.0,269.8352,185.0,268.3385,2.8311,12.9697,96.0,232.5,0.0297,0.0551,0.0516,0.0554,0.0658,0.07,6.2005,0.0002,LogisticRegression,0.8393261352177495,0.8417093725229208,0.8399707431850401,0.8397890953669004,0.8388600773974065,0.8402371598882833,0.8422421238165594,0.8413766655455776,0.8374130546294869
bank,duration,3074.0,0.4057,0.3574,5.0,3025.0,269.8352,185.0,268.3385,2.8311,12.9697,96.0,232.5,0.0297,0.0551,0.0516,0.0554,0.0658,0.07,6.2005,0.0002,KNN,0.848913082371655,0.8407816325970346,0.8465178672637632,0.846691855725734,0.8473441200631442,0.8486589946725605,0.8458823032615507,0.8417460203331024,0.8436433818435849
bank,duration,3074.0,0.4057,0.3574,5.0,3025.0,269.8352,185.0,268.3385,2.8311,12.9697,96.0,232.5,0.0297,0.0551,0.0516,0.0554,0.0658,0.07,6.2005,0.0002,RandomForest,0.8531844561644228,0.8586939097429263,0.8531468622582279,0.8517573143801801,0.8511660328386781,0.8525827606475771,0.8379234215349285,0.8393564946740862,0.8509672770565314
bank,duration,3074.0,0.4057,0.3574,5.0,3025.0,269.8352,185.0,268.3385,2.8311,12.9697,96.0,232.5,0.0297,0.0551,0.0516,0.0554,0.0658,0.07,6.2005,0.0002,AdaBoost,0.8453741173298096,0.8422037751444602,0.8445386136704368,0.8416848724165824,0.8412620995151633,0.8465269640757442,0.8461918363947306,0.8376542786813701,0.842054249858539
bank,duration,3074.0,0.4057,0.3574,5.0,3025.0,269.8352,185.0,268.3385,2.8311,12.9697,96.0,232.5,0.0297,0.0551,0.0516,0.0554,0.0658,0.07,6.2005,0.0002,SVC,0.836900910041759,0.8393246893022371,0.842487342530333,0.837649373962124,0.8388878816762292,0.836900910041759,0.8379159815776107,0.840360912149799,0.8384050124763125
bank,duration,3074.0,0.3562,0.329,5.0,3025.0,268.8459,182.0,280.6295,3.0093,14.2908,95.0,221.5,0.0156,0.0289,0.0197,0.0285,0.025,0.0362,6.1924,0.0002,DecisionTree,0.8651317382690368,0.8438356561583669,0.847750884827963,0.8637444823594883,0.8547825738600754,0.8622542248437739,0.8628427745012238,0.8430343421783053,0.8554923881809308
bank,duration,3074.0,0.3562,0.329,5.0,3025.0,268.8459,182.0,280.6295,3.0093,14.2908,95.0,221.5,0.0156,0.0289,0.0197,0.0285,0.025,0.0362,6.1924,0.0002,LogisticRegression,0.8482736159967903,0.8390252447173555,0.8456747118733482,0.8480627063103097,0.8465124899122235,0.8477629021851885,0.8474254734085228,0.8422417524794272,0.8470474979680023
bank,duration,3074.0,0.3562,0.329,5.0,3025.0,268.8459,182.0,280.6295,3.0093,14.2908,95.0,221.5,0.0156,0.0289,0.0197,0.0285,0.025,0.0362,6.1924,0.0002,KNN,0.85919576600362,0.8495858258361466,0.8575109719490392,0.8598830444109693,0.8600452800846011,0.8598348168088852,0.8628689761141324,0.8529094492476488,0.8590191645843974
bank,duration,3074.0,0.3562,0.329,5.0,3025.0,268.8459,182.0,280.6295,3.0093,14.2908,95.0,221.5,0.0156,0.0289,0.0197,0.0285,0.025,0.0362,6.1924,0.0002,RandomForest,0.8638899738534658,0.8645237171199113,0.8644117084174141,0.8619047581493291,0.8622859174663009,0.8614845360346137,0.8537310639196743,0.8522948257822661,0.8669023333280694
bank,duration,3074.0,0.3562,0.329,5.0,3025.0,268.8459,182.0,280.6295,3.0093,14.2908,95.0,221.5,0.0156,0.0289,0.0197,0.0285,0.025,0.0362,6.1924,0.0002,AdaBoost,0.857356462476063,0.8561091042965481,0.8538058153896271,0.8579286221187467,0.8581923189416166,0.8569658233832333,0.8588966088942341,0.8547792895078692,0.8557723928303793
bank,duration,3074.0,0.3562,0.329,5.0,3025.0,268.8459,182.0,280.6295,3.0093,14.2908,95.0,221.5,0.0156,0.0289,0.0197,0.0285,0.025,0.0362,6.1924,0.0002,SVC,0.846178462346148,0.8431433209973127,0.8461318977161331,0.8463739863560009,0.8477151484734755,0.8470340560129282,0.8471935395559395,0.8411830999045605,0.8488657771829984
bank,duration,3074.0,0.298,0.3133,4.0,2769.0,262.8865,185.0,258.8983,2.7399,11.543,98.0,220.75,0.0214,0.0693,0.0449,0.0546,0.0571,0.0689,6.2183,0.0002,DecisionTree,0.8613721765866946,0.866300319456389,0.8618330819833362,0.8618151301159833,0.8612254128477697,0.8563018302946247,0.8618303775378168,0.8660240202723961,0.8583841095695861
bank,duration,3074.0,0.298,0.3133,4.0,2769.0,262.8865,185.0,258.8983,2.7399,11.543,98.0,220.75,0.0214,0.0693,0.0449,0.0546,0.0571,0.0689,6.2183,0.0002,LogisticRegression,0.853960131494095,0.852540681679609,0.8507703204729461,0.8536496963825013,0.8520934277665881,0.8538995058465797,0.8534948990530906,0.8542692169492584,0.852284416162065
bank,duration,3074.0,0.298,0.3133,4.0,2769.0,262.8865,185.0,258.8983,2.7399,11.543,98.0,220.75,0.0214,0.0693,0.0449,0.0546,0.0571,0.0689,6.2183,0.0002,KNN,0.8529449063763598,0.853828559791947,0.8555015069373753,0.8514634925231394,0.8541764811175211,0.8550856843763811,0.8539175428948905,0.8554046586645041,0.8519793327080731
bank,duration,3074.0,0.298,0.3133,4.0,2769.0,262.8865,185.0,258.8983,2.7399,11.543,98.0,220.75,0.0214,0.0693,0.0449,0.0546,0.0571,0.0689,6.2183,0.0002,RandomForest,0.8539075310263805,0.8617118731613063,0.8581507374570749,0.8564791354322059,0.8574715724492914,0.8573923776944258,0.8509450970450594,0.8507796487245795,0.8605952535650572
bank,duration,3074.0,0.298,0.3133,4.0,2769.0,262.8865,185.0,258.8983,2.7399,11.543,98.0,220.75,0.0214,0.0693,0.0449,0.0546,0.0571,0.0689,6.2183,0.0002,AdaBoost,0.8616530962013376,0.8615784569092146,0.8617008810457106,0.8625692531461705,0.8604748729820781,0.8592230273722034,0.8615870964750721,0.8580975301561646,0.8628774727383876
bank,duration,3074.0,0.298,0.3133,4.0,2769.0,262.8865,185.0,258.8983,2.7399,11.543,98.0,220.75,0.0214,0.0693,0.0449,0.0546,0.0571,0.0689,6.2183,0.0002,SVC,0.8512469692973844,0.8488127296087153,0.8474665488098057,0.8496747883858489,0.8499091400837997,0.8509832639986175,0.8486860808966135,0.8494419405621333,0.8526947049426922
bank,duration,3074.0,0.2583,0.3061,5.0,3025.0,268.5614,186.0,270.6399,3.0571,15.452,97.0,225.0,0.0019,0.0119,0.0112,0.0151,0.0142,0.0191,6.2501,0.0001,DecisionTree,0.8546090976531762,0.8583833499316127,0.8526825680234857,0.8484039844773176,0.8525633689505986,0.8505320995505403,0.856145907161638,0.8486955054912579,0.8491966756132918
bank,duration,3074.0,0.2583,0.3061,5.0,3025.0,268.5614,186.0,270.6399,3.0571,15.452,97.0,225.0,0.0019,0.0119,0.0112,0.0151,0.0142,0.0191,6.2501,0.0001,LogisticRegression,0.8389145813089595,0.837891624456021,0.8375117441516217,0.8379085543011225,0.8406801761816237,0.8393392816850394,0.8403452437665939,0.840017384633078,0.8379062097920325
bank,duration,3074.0,0.2583,0.3061,5.0,3025.0,268.5614,186.0,270.6399,3.0571,15.452,97.0,225.0,0.0019,0.0119,0.0112,0.0151,0.0142,0.0191,6.2501,0.0001,KNN,0.8484990487891875,0.8499350227964226,0.847824395093182,0.849224411008807,0.8493674807052705,0.8491588573504383,0.8491444962454829,0.8480827620814065,0.8462896151545656
bank,duration,3074.0,0.2583,0.3061,5.0,3025.0,268.5614,186.0,270.6399,3.0571,15.452,97.0,225.0,0.0019,0.0119,0.0112,0.0151,0.0142,0.0191,6.2501,0.0001,RandomForest,0.8574861118124184,0.8570441724403127,0.8548726953841119,0.8593588745378816,0.8556203969443331,0.8561272781277831,0.8519243037274895,0.8413332701432936,0.8496254984334163
bank,duration,3074.0,0.2583,0.3061,5.0,3025.0,268.5614,186.0,270.6399,3.0571,15.452,97.0,225.0,0.0019,0.0119,0.0112,0.0151,0.0142,0.0191,6.2501,0.0001,AdaBoost,0.8550393485720815,0.8492752590236574,0.8509392511512157,0.8516297067400219,0.851570739606115,0.8532187710750677,0.8604573108889536,0.8462011018880252,0.8505283062633175
bank,duration,3074.0,0.2583,0.3061,5.0,3025.0,268.5614,186.0,270.6399,3.0571,15.452,97.0,225.0,0.0019,0.0119,0.0112,0.0151,0.0142,0.0191,6.2501,0.0001,SVC,0.8356200227582494,0.841892018065916,0.8384889233559909,0.8358091173520319,0.8371867682461916,0.837369964753289,0.8373754199059373,0.8384582146510449,0.836659548207662
bank,duration,3074.0,0.2053,0.2902,4.0,3025.0,265.1842,185.0,260.2916,2.9464,15.3004,96.0,223.5,0.0254,0.0457,0.0368,0.0416,0.0468,0.0526,6.2441,0.0001,DecisionTree,0.8641094924257348,0.8639205117620481,0.8652686068276045,0.8627126045943765,0.8618734652677517,0.8626533858478582,0.8630777569622727,0.8628727336605266,0.8611779743768743
bank,duration,3074.0,0.2053,0.2902,4.0,3025.0,265.1842,185.0,260.2916,2.9464,15.3004,96.0,223.5,0.0254,0.0457,0.0368,0.0416,0.0468,0.0526,6.2441,0.0001,LogisticRegression,0.8462179635999694,0.8480021947613958,0.8473675788040844,0.8450841502189108,0.847259908845605,0.8458138229969036,0.8453175852541893,0.8467299877776199,0.8450744810707956
bank,duration,3074.0,0.2053,0.2902,4.0,3025.0,265.1842,185.0,260.2916,2.9464,15.3004,96.0,223.5,0.0254,0.0457,0.0368,0.0416,0.0468,0.0526,6.2441,0.0001,KNN,0.8604107036605374,0.8564665125876074,0.858693724830999,0.8606187278722826,0.8589092207798961,0.858009315200505,0.859479414765392,0.8585290018062578,0.8569007491903101
bank,duration,3074.0,0.2053,0.2902,4.0,3025.0,265.1842,185.0,260.2916,2.9464,15.3004,96.0,223.5,0.0254,0.0457,0.0368,0.0416,0.0468,0.0526,6.2441,0.0001,RandomForest,0.8646374575761342,0.8659047340555108,0.8667138009872212,0.8663429365021572,0.8661918147587353,0.8646841310403038,0.859910273738973,0.8558840327974603,0.8641318856265605
bank,duration,3074.0,0.2053,0.2902,4.0,3025.0,265.1842,185.0,260.2916,2.9464,15.3004,96.0,223.5,0.0254,0.0457,0.0368,0.0416,0.0468,0.0526,6.2441,0.0001,AdaBoost,0.8556784301067931,0.8530924368231416,0.8549137891576921,0.8521074913023433,0.8545292615138276,0.8546337877633416,0.8538043269623413,0.8504559775221396,0.8529866344923553
bank,duration,3074.0,0.2053,0.2902,4.0,3025.0,265.1842,185.0,260.2916,2.9464,15.3004,96.0,223.5,0.0254,0.0457,0.0368,0.0416,0.0468,0.0526,6.2441,0.0001,SVC,0.8479248434608638,0.8483938308445531,0.8468436799738396,0.848160180833318,0.8492817552151283,0.8487864176539565,0.8484151889492909,0.8466932969415378,0.8484395925312138
bank,duration,3074.0,0.1542,0.2835,4.0,3025.0,271.0004,190.5,266.5115,2.7442,12.2926,101.5,232.25,0.0147,0.0259,0.0284,0.0312,0.036,0.0396,6.2903,0.0001,DecisionTree,0.8698948264733465,0.8647884848311137,0.8650118301613874,0.8707941393970389,0.8697306638181065,0.8647023576100609,0.871307302942341,0.8633068894680906,0.8629560305745126
bank,duration,3074.0,0.1542,0.2835,4.0,3025.0,271.0004,190.5,266.5115,2.7442,12.2926,101.5,232.25,0.0147,0.0259,0.0284,0.0312,0.036,0.0396,6.2903,0.0001,LogisticRegression,0.8503643073683945,0.847461983259025,0.8523589271487807,0.8510578920136036,0.850613401039457,0.8519243071002833,0.8503643073683945,0.8492433793140954,0.8477894241777969
bank,duration,3074.0,0.1542,0.2835,4.0,3025.0,271.0004,190.5,266.5115,2.7442,12.2926,101.5,232.25,0.0147,0.0259,0.0284,0.0312,0.036,0.0396,6.2903,0.0001,KNN,0.8582698437489553,0.8582803102173229,0.858920254703209,0.8580566616661978,0.8591317731570655,0.8582697367059506,0.858886545190601,0.8596257239950689,0.8571536328387203
bank,duration,3074.0,0.1542,0.2835,4.0,3025.0,271.0004,190.5,266.5115,2.7442,12.2926,101.5,232.25,0.0147,0.0259,0.0284,0.0312,0.036,0.0396,6.2903,0.0001,RandomForest,0.8632985018492177,0.861947889911909,0.8587158498782022,0.8628840087022255,0.8646324522927854,0.8634846397477451,0.8562740433174855,0.8582544584189786,0.8595019650612652
bank,duration,3074.0,0.1542,0.2835,4.0,3025.0,271.0004,190.5,266.5115,2.7442,12.2926,101.5,232.25,0.0147,0.0259,0.0284,0.0312,0.036,0.0396,6.2903,0.0001,AdaBoost,0.8622199049544002,0.8607359765069855,0.8619965207673403,0.8615915242063875,0.8596923212270464,0.8597024048596829,0.8614025054522214,0.8622174501506242,0.8593603750220862
bank,duration,3074.0,0.1542,0.2835,4.0,3025.0,271.0004,190.5,266.5115,2.7442,12.2926,101.5,232.25,0.0147,0.0259,0.0284,0.0312,0.036,0.0396,6.2903,0.0001,SVC,0.8556959491189933,0.8504784762627701,0.8536407187478532,0.8551101494143855,0.8554856639502122,0.8554503612092789,0.8565289289126018,0.8502836268091847,0.8537788691110948
bank,duration,3074.0,0.1031,0.2724,5.0,3025.0,268.8731,185.0,271.1429,2.9523,14.1673,97.0,227.0,0.0024,0.0266,0.025,0.0301,0.032,0.0381,6.2833,0.0001,DecisionTree,0.8591893295966855,0.857472480055162,0.8577452505530498,0.8619561346474689,0.8604920984448422,0.8578553714254104,0.8659699230120544,0.8633618487300134,0.8649011199834635
bank,duration,3074.0,0.1031,0.2724,5.0,3025.0,268.8731,185.0,271.1429,2.9523,14.1673,97.0,227.0,0.0024,0.0266,0.025,0.0301,0.032,0.0381,6.2833,0.0001,LogisticRegression,0.8527308252894837,0.8525337727955438,0.8538715718544324,0.853194998752462,0.8527308252894837,0.8524638361793826,0.8527308252894837,0.8525337727955438,0.8527308252894837
bank,duration,3074.0,0.1031,0.2724,5.0,3025.0,268.8731,185.0,271.1429,2.9523,14.1673,97.0,227.0,0.0024,0.0266,0.025,0.0301,0.032,0.0381,6.2833,0.0001,KNN,0.8563618908115351,0.8579838716222716,0.8570109774260912,0.8565717202275003,0.8567692748756168,0.8569747626967072,0.856425674388967,0.8567320940876093,0.8555183896236139
bank,duration,3074.0,0.1031,0.2724,5.0,3025.0,268.8731,185.0,271.1429,2.9523,14.1673,97.0,227.0,0.0024,0.0266,0.025,0.0301,0.032,0.0381,6.2833,0.0001,RandomForest,0.864157552660947,0.8654012976529603,0.8645229113639146,0.8631448053891915,0.8651960648571492,0.8612602513015821,0.8561328696848528,0.8626875578399504,0.8643179486764807
bank,duration,3074.0,0.1031,0.2724,5.0,3025.0,268.8731,185.0,271.1429,2.9523,14.1673,97.0,227.0,0.0024,0.0266,0.025,0.0301,0.032,0.0381,6.2833,0.0001,AdaBoost,0.8603919596794449,0.8611482229366941,0.8635865391343786,0.860700721017689,0.8619265023649003,0.8606796096105936,0.8590632087779656,0.8584189200945758,0.8570078845447829
bank,duration,3074.0,0.1031,0.2724,5.0,3025.0,268.8731,185.0,271.1429,2.9523,14.1673,97.0,227.0,0.0024,0.0266,0.025,0.0301,0.032,0.0381,6.2833,0.0001,SVC,0.8495936883704382,0.8490755553484939,0.8506013055057675,0.8493903733510735,0.8495938889424874,0.8504149863732333,0.8498242792282,0.8486195911984078,0.8502297692182853
bank,duration,3074.0,0.052,0.2632,4.0,3025.0,267.6932,185.0,269.9186,2.9641,14.3195,97.0,226.0,0.0057,0.0241,0.0242,0.0284,0.031,0.0361,6.294,0.0001,DecisionTree,0.8662112708418218,0.8630413295042735,0.865266997867266,0.8662426618637149,0.8660072848389433,0.8657429998184837,0.8670258869262398,0.864201527169282,0.8685491842436227
bank,duration,3074.0,0.052,0.2632,4.0,3025.0,267.6932,185.0,269.9186,2.9641,14.3195,97.0,226.0,0.0057,0.0241,0.0242,0.0284,0.031,0.0361,6.294,0.0001,LogisticRegression,0.8521903890693541,0.8507190369581392,0.85215791979232,0.8521903890693541,0.8521903890693541,0.8521903890693541,0.8512566962465372,0.8514982245381314,0.8505768627920748
bank,duration,3074.0,0.052,0.2632,4.0,3025.0,267.6932,185.0,269.9186,2.9641,14.3195,97.0,226.0,0.0057,0.0241,0.0242,0.0284,0.031,0.0361,6.294,0.0001,KNN,0.8641809532622098,0.859092283377848,0.864420134209051,0.8643977140245789,0.8641809532622098,0.8639874961496962,0.862907387560041,0.8592710723575853,0.8644064521019057
bank,duration,3074.0,0.052,0.2632,4.0,3025.0,267.6932,185.0,269.9186,2.9641,14.3195,97.0,226.0,0.0057,0.0241,0.0242,0.0284,0.031,0.0361,6.294,0.0001,RandomForest,0.8651549328535921,0.8669457468687798,0.8657502689995497,0.8654220711977701,0.8654104649209919,0.8635676925713143,0.8622848335421777,0.8609407490977976,0.8668573059211793
bank,duration,3074.0,0.052,0.2632,4.0,3025.0,267.6932,185.0,269.9186,2.9641,14.3195,97.0,226.0,0.0057,0.0241,0.0242,0.0284,0.031,0.0361,6.294,0.0001,AdaBoost,0.8614070709314802,0.857620322744339,0.8671194157263094,0.8636238759807684,0.8634024923442969,0.8613693631427335,0.8641660156816444,0.8586751993961472,0.8599617424902686
bank,duration,3074.0,0.052,0.2632,4.0,3025.0,267.6932,185.0,269.9186,2.9641,14.3195,97.0,226.0,0.0057,0.0241,0.0242,0.0284,0.031,0.0361,6.294,0.0001,SVC,0.8548543745237747,0.8518075504323288,0.8561190781712881,0.8550614182343415,0.8548524112865828,0.8542658618041695,0.8543891724843101,0.8524282324083624,0.8544623768523966
bank,pdays,3074.0,0.5062,0.1153,-1.0,804.0,41.3076,-1.0,101.5901,2.6025,6.8401,0.0,0.0,0.018,0.5917,0.0045,0.9032,0.0055,0.9853,1.4258,0.0029,DecisionTree,0.8700742096710573,0.872365817249708,0.8713440186114512,0.8678382207135094,0.8682807021157048,0.8642355385292618,0.8707595957450337,0.8700292470115172,0.8659963391858415
bank,pdays,3074.0,0.5062,0.1153,-1.0,804.0,41.3076,-1.0,101.5901,2.6025,6.8401,0.0,0.0,0.018,0.5917,0.0045,0.9032,0.0055,0.9853,1.4258,0.0029,LogisticRegression,0.8565507542541791,0.8567988578179218,0.8556787455051325,0.855176749571884,0.8560378777118336,0.8537024102893296,0.8559085865446461,0.8561774635532363,0.8541131724943567
bank,pdays,3074.0,0.5062,0.1153,-1.0,804.0,41.3076,-1.0,101.5901,2.6025,6.8401,0.0,0.0,0.018,0.5917,0.0045,0.9032,0.0055,0.9853,1.4258,0.0029,KNN,0.8585268778484372,0.8636466475803738,0.860795259758932,0.8584759188821144,0.8623104620208871,0.8589078421211495,0.8580271184067805,0.8589860478295351,0.8616449636738657
bank,pdays,3074.0,0.5062,0.1153,-1.0,804.0,41.3076,-1.0,101.5901,2.6025,6.8401,0.0,0.0,0.018,0.5917,0.0045,0.9032,0.0055,0.9853,1.4258,0.0029,RandomForest,0.8739883234428147,0.8745134970018875,0.8662739525256656,0.8697228887212871,0.8686628767048306,0.8682960106273843,0.8687935493574439,0.8690072907259582,0.8716151207983387
bank,pdays,3074.0,0.5062,0.1153,-1.0,804.0,41.3076,-1.0,101.5901,2.6025,6.8401,0.0,0.0,0.018,0.5917,0.0045,0.9032,0.0055,0.9853,1.4258,0.0029,AdaBoost,0.8648460835898086,0.863790098825741,0.860717861627829,0.8637585628764761,0.8659539175359116,0.8660855463086073,0.8665373474320754,0.863308035877502,0.8614567352926137
bank,pdays,3074.0,0.5062,0.1153,-1.0,804.0,41.3076,-1.0,101.5901,2.6025,6.8401,0.0,0.0,0.018,0.5917,0.0045,0.9032,0.0055,0.9853,1.4258,0.0029,SVC,0.8554169675432299,0.8579237468884224,0.8578484332963071,0.8555920143258944,0.8560402555766226,0.8562366078509847,0.8566886983547699,0.8568930522690015,0.856416986045103
bank,pdays,3074.0,0.4509,0.112,-1.0,683.0,42.4662,-1.0,100.0912,2.3891,5.045,0.0,0.0,0.0006,0.6145,0.0322,0.8974,0.0414,0.9834,1.507,0.0025,DecisionTree,0.8683404586476432,0.8633281028535972,0.8674799298501952,0.8679468601069179,0.8682983485305188,0.8588698049569495,0.867875203605748,0.8690426941323091,0.8610818427740417
bank,pdays,3074.0,0.4509,0.112,-1.0,683.0,42.4662,-1.0,100.0912,2.3891,5.045,0.0,0.0,0.0006,0.6145,0.0322,0.8974,0.0414,0.9834,1.507,0.0025,LogisticRegression,0.8574317298859395,0.8585435569957208,0.8558377788433758,0.8553785084850282,0.8560430723982598,0.8545006084725211,0.8578826448585211,0.8567549090159565,0.8553743001930552
bank,pdays,3074.0,0.4509,0.112,-1.0,683.0,42.4662,-1.0,100.0912,2.3891,5.045,0.0,0.0,0.0006,0.6145,0.0322,0.8974,0.0414,0.9834,1.507,0.0025,KNN,0.8571382719894093,0.8609510303320679,0.8606216685406797,0.8591781265801895,0.8597574493914332,0.8575930152023322,0.8602879015594814,0.8590597609545852,0.8567195356548722
bank,pdays,3074.0,0.4509,0.112,-1.0,683.0,42.4662,-1.0,100.0912,2.3891,5.045,0.0,0.0,0.0006,0.6145,0.0322,0.8974,0.0414,0.9834,1.507,0.0025,RandomForest,0.8645674260137796,0.8626536608779437,0.8566340329270989,0.865565687367875,0.8637815773026712,0.861920909081348,0.8586310284772146,0.8653176979831182,0.8637426080385525
bank,pdays,3074.0,0.4509,0.112,-1.0,683.0,42.4662,-1.0,100.0912,2.3891,5.045,0.0,0.0,0.0006,0.6145,0.0322,0.8974,0.0414,0.9834,1.507,0.0025,AdaBoost,0.8644371421776752,0.8628430102924244,0.861384924319917,0.8659515658748066,0.8639903445310427,0.8594944682916424,0.8656454515550336,0.8631314643466208,0.8586802515048719
bank,pdays,3074.0,0.4509,0.112,-1.0,683.0,42.4662,-1.0,100.0912,2.3891,5.045,0.0,0.0,0.0006,0.6145,0.0322,0.8974,0.0414,0.9834,1.507,0.0025,SVC,0.8570436874391666,0.8549484525822967,0.8551826526107809,0.8539633409591618,0.8537315205322917,0.8568250998614433,0.8526871679056329,0.8533669882785164,0.855974945714195
bank,pdays,3074.0,0.4053,0.1072,-1.0,871.0,39.0815,-1.0,99.7643,2.8051,8.7622,0.0,0.0,0.0058,0.6205,0.0163,0.9121,0.0208,0.9877,1.3729,0.0023,DecisionTree,0.8659152265032322,0.8678223800508098,0.8660181658787117,0.868694962010865,0.8681559361275493,0.8656682000869953,0.8650861538412804,0.8689460910253727,0.8629362604025004
bank,pdays,3074.0,0.4053,0.1072,-1.0,871.0,39.0815,-1.0,99.7643,2.8051,8.7622,0.0,0.0,0.0058,0.6205,0.0163,0.9121,0.0208,0.9877,1.3729,0.0023,LogisticRegression,0.8562235790716574,0.8569198743107712,0.8558515006781771,0.8565129587965172,0.85605691804038,0.8569825824580803,0.8573220183464786,0.8566690339897708,0.8561054492437852
bank,pdays,3074.0,0.4053,0.1072,-1.0,871.0,39.0815,-1.0,99.7643,2.8051,8.7622,0.0,0.0,0.0058,0.6205,0.0163,0.9121,0.0208,0.9877,1.3729,0.0023,KNN,0.8575358449823933,0.8601995302378589,0.8614742592533158,0.8641823562920714,0.8633723860857133,0.8603450173469129,0.8593734991181214,0.8614481488986107,0.8596975431957106
bank,pdays,3074.0,0.4053,0.1072,-1.0,871.0,39.0815,-1.0,99.7643,2.8051,8.7622,0.0,0.0,0.0058,0.6205,0.0163,0.9121,0.0208,0.9877,1.3729,0.0023,RandomForest,0.8677864394999784,0.8656777656152452,0.8701040489517515,0.8728089782992751,0.8646704199786921,0.8663444927907087,0.866322032588699,0.8672203787704278,0.8664860435730446
bank,pdays,3074.0,0.4053,0.1072,-1.0,871.0,39.0815,-1.0,99.7643,2.8051,8.7622,0.0,0.0,0.0058,0.6205,0.0163,0.9121,0.0208,0.9877,1.3729,0.0023,AdaBoost,0.8675536831853888,0.8676460642730137,0.8678110984586846,0.8690185799767213,0.8661969311084596,0.8621721926459981,0.8674608373760472,0.8684511122452225,0.8650010313290113
bank,pdays,3074.0,0.4053,0.1072,-1.0,871.0,39.0815,-1.0,99.7643,2.8051,8.7622,0.0,0.0,0.0058,0.6205,0.0163,0.9121,0.0208,0.9877,1.3729,0.0023,SVC,0.8557119453883274,0.8550709171079649,0.8583121501954474,0.8616177545301017,0.8620272242179647,0.857092526011962,0.8549159062380014,0.8546961791679399,0.85811987456651
bank,pdays,3074.0,0.3578,0.0957,-1.0,687.0,37.2011,-1.0,94.945,2.6557,6.8143,0.0,0.0,0.0067,0.6455,0.0274,0.9114,0.0347,0.9877,1.3378,0.0025,DecisionTree,0.8676170708300006,0.8649772221153337,0.8652372669735482,0.869582264062999,0.8676381764905944,0.8695599557285704,0.8683450719102904,0.8638827134617675,0.8701895059490439
bank,pdays,3074.0,0.3578,0.0957,-1.0,687.0,37.2011,-1.0,94.945,2.6557,6.8143,0.0,0.0,0.0067,0.6455,0.0274,0.9114,0.0347,0.9877,1.3378,0.0025,LogisticRegression,0.8567406741296951,0.8567838129974858,0.857414706204443,0.8569758993211156,0.8563080388859783,0.8561666225106277,0.8557042536328376,0.8565338215974395,0.8570093030852113
bank,pdays,3074.0,0.3578,0.0957,-1.0,687.0,37.2011,-1.0,94.945,2.6557,6.8143,0.0,0.0,0.0067,0.6455,0.0274,0.9114,0.0347,0.9877,1.3378,0.0025,KNN,0.8625967750642406,0.8615735217722909,0.8604200810139845,0.8612178599640526,0.8612694585464538,0.8598043695169539,0.857168540501756,0.8582801412894066,0.8623523761403363
bank,pdays,3074.0,0.3578,0.0957,-1.0,687.0,37.2011,-1.0,94.945,2.6557,6.8143,0.0,0.0,0.0067,0.6455,0.0274,0.9114,0.0347,0.9877,1.3378,0.0025,RandomForest,0.863465479385034,0.8616807414993941,0.8582695464602057,0.8605889094788808,0.8604465791469769,0.8578087507923713,0.8612399909086541,0.8644081582342755,0.860620831421349
bank,pdays,3074.0,0.3578,0.0957,-1.0,687.0,37.2011,-1.0,94.945,2.6557,6.8143,0.0,0.0,0.0067,0.6455,0.0274,0.9114,0.0347,0.9877,1.3378,0.0025,AdaBoost,0.8684683801054437,0.8660495657820027,0.8606838824626231,0.8638518811803522,0.8616264531947465,0.8662008061342802,0.8668966705136384,0.8664476065394684,0.8676674580479526
bank,pdays,3074.0,0.3578,0.0957,-1.0,687.0,37.2011,-1.0,94.945,2.6557,6.8143,0.0,0.0,0.0067,0.6455,0.0274,0.9114,0.0347,0.9877,1.3378,0.0025,SVC,0.8571546623428801,0.8605397611901044,0.8579133854373502,0.8572842198254654,0.8572641544627274,0.8589063074358435,0.8584370308867683,0.8578495922121698,0.8576782863022392
bank,pdays,3074.0,0.2954,0.0983,-1.0,804.0,37.9252,-1.0,97.4307,2.8008,8.383,0.0,0.0,0.0212,0.6086,0.0512,0.91,0.0655,0.9873,1.3706,0.002,DecisionTree,0.8671570909810935,0.8666406224702469,0.8657183465587437,0.8654583645054903,0.869462815076513,0.8713467846521626,0.8683669478121379,0.8647891322632203,0.8675196481106615
bank,pdays,3074.0,0.2954,0.0983,-1.0,804.0,37.9252,-1.0,97.4307,2.8008,8.383,0.0,0.0,0.0212,0.6086,0.0512,0.91,0.0655,0.9873,1.3706,0.002,LogisticRegression,0.856530471325996,0.856530471325996,0.8570881989762691,0.8558008021360608,0.8566888170769903,0.8569717612794507,0.8561279217731822,0.8561279217731822,0.8562787011138377
bank,pdays,3074.0,0.2954,0.0983,-1.0,804.0,37.9252,-1.0,97.4307,2.8008,8.383,0.0,0.0,0.0212,0.6086,0.0512,0.91,0.0655,0.9873,1.3706,0.002,KNN,0.8607575303801456,0.8611627219351293,0.86063598429813,0.8622247791155447,0.8645938348484967,0.8598064621023255,0.8583161634043566,0.8628005394395565,0.8591222387554902
bank,pdays,3074.0,0.2954,0.0983,-1.0,804.0,37.9252,-1.0,97.4307,2.8008,8.383,0.0,0.0,0.0212,0.6086,0.0512,0.91,0.0655,0.9873,1.3706,0.002,RandomForest,0.8604455671659039,0.8653874016415422,0.8616866282839144,0.8680208989879555,0.862586940772268,0.866163633745188,0.8667817686371311,0.8610093232030601,0.8636370098314803
bank,pdays,3074.0,0.2954,0.0983,-1.0,804.0,37.9252,-1.0,97.4307,2.8008,8.383,0.0,0.0,0.0212,0.6086,0.0512,0.91,0.0655,0.9873,1.3706,0.002,AdaBoost,0.8647524907384351,0.8663671696634834,0.8653203832371323,0.8670000764693209,0.8653678811363812,0.867021164105785,0.8661533103086467,0.868231179712487,0.8654580692613076
bank,pdays,3074.0,0.2954,0.0983,-1.0,804.0,37.9252,-1.0,97.4307,2.8008,8.383,0.0,0.0,0.0212,0.6086,0.0512,0.91,0.0655,0.9873,1.3706,0.002,SVC,0.8564560917631574,0.8558324971366265,0.8528524450184745,0.8545263796847367,0.8545817204305508,0.8558333518109112,0.8566579769684302,0.8554134064870076,0.8570719189419754
bank,pdays,3074.0,0.2385,0.0944,-1.0,871.0,39.648,-1.0,98.4506,2.7073,8.1742,0.0,0.0,0.0257,0.6103,0.037,0.9013,0.0474,0.9852,1.434,0.0019,DecisionTree,0.8698976722162459,0.8680033035643544,0.8674479609025907,0.8703726017344505,0.8690022304300016,0.8671499306868475,0.8697739138946077,0.8720577136495276,0.8710388863639568
bank,pdays,3074.0,0.2385,0.0944,-1.0,871.0,39.648,-1.0,98.4506,2.7073,8.1742,0.0,0.0,0.0257,0.6103,0.037,0.9013,0.0474,0.9852,1.434,0.0019,LogisticRegression,0.8573014445415972,0.8566813517593144,0.8562598256047056,0.8568816355912672,0.8566827621473584,0.8560676989638739,0.8568807976769556,0.8566802831118459,0.8560676989638739
bank,pdays,3074.0,0.2385,0.0944,-1.0,871.0,39.648,-1.0,98.4506,2.7073,8.1742,0.0,0.0,0.0257,0.6103,0.037,0.9013,0.0474,0.9852,1.434,0.0019,KNN,0.8606471605231916,0.8617292923006109,0.8595430170074176,0.8589346889579975,0.8597359263080542,0.8601615242587338,0.8614741780600409,0.862508713749166,0.8608112350427809
bank,pdays,3074.0,0.2385,0.0944,-1.0,871.0,39.648,-1.0,98.4506,2.7073,8.1742,0.0,0.0,0.0257,0.6103,0.037,0.9013,0.0474,0.9852,1.434,0.0019,RandomForest,0.8621352207988393,0.8639803253252248,0.8579343094566416,0.8629764953387575,0.8649198482052451,0.862413628894804,0.8629347880071506,0.8626433300110781,0.8597532216514242
bank,pdays,3074.0,0.2385,0.0944,-1.0,871.0,39.648,-1.0,98.4506,2.7073,8.1742,0.0,0.0,0.0257,0.6103,0.037,0.9013,0.0474,0.9852,1.434,0.0019,AdaBoost,0.861524591467467,0.8612865660593031,0.8639668252750717,0.8679675625863799,0.866688735612295,0.8685414479815657,0.8641420695793203,0.8635696951469346,0.8671679140193402
bank,pdays,3074.0,0.2385,0.0944,-1.0,871.0,39.648,-1.0,98.4506,2.7073,8.1742,0.0,0.0,0.0257,0.6103,0.037,0.9013,0.0474,0.9852,1.434,0.0019,SVC,0.8632948035289576,0.8603845176395573,0.8594744106468313,0.8565912686916843,0.8563810640714538,0.857279199859716,0.8616131666725273,0.8614159291535566,0.856619867731339
bank,pdays,3074.0,0.2046,0.0933,-1.0,871.0,39.2642,-1.0,99.4089,2.7066,7.7731,0.0,0.0,0.0015,0.6192,0.0192,0.9093,0.0245,0.9871,1.3928,0.0018,DecisionTree,0.8673461232666055,0.8691394704310722,0.8713950966735978,0.8631203457783213,0.8642448586884383,0.8683001425724943,0.8672531448799424,0.8677505823475873,0.8684869592685811
bank,pdays,3074.0,0.2046,0.0933,-1.0,871.0,39.2642,-1.0,99.4089,2.7066,7.7731,0.0,0.0,0.0015,0.6192,0.0192,0.9093,0.0245,0.9871,1.3928,0.0018,LogisticRegression,0.856532790690289,0.8563249803288702,0.8558003070376589,0.8558003070376589,0.8562585874358702,0.8569353402431029,0.8570269601407646,0.8563249803288702,0.8569353402431029
bank,pdays,3074.0,0.2046,0.0933,-1.0,871.0,39.2642,-1.0,99.4089,2.7066,7.7731,0.0,0.0,0.0015,0.6192,0.0192,0.9093,0.0245,0.9871,1.3928,0.0018,KNN,0.8599666451821085,0.8614469362259335,0.8603536641547956,0.8597058962822247,0.8617393893256384,0.8605420831906686,0.8627619383496941,0.8625261725399161,0.8606716307001299
bank,pdays,3074.0,0.2046,0.0933,-1.0,871.0,39.2642,-1.0,99.4089,2.7066,7.7731,0.0,0.0,0.0015,0.6192,0.0192,0.9093,0.0245,0.9871,1.3928,0.0018,RandomForest,0.8706574255747135,0.8703948109070588,0.8688216408037732,0.8707526658952491,0.8688906548859404,0.8685969028408634,0.8687442588540644,0.8707558104805075,0.8674515136593101
bank,pdays,3074.0,0.2046,0.0933,-1.0,871.0,39.2642,-1.0,99.4089,2.7066,7.7731,0.0,0.0,0.0015,0.6192,0.0192,0.9093,0.0245,0.9871,1.3928,0.0018,AdaBoost,0.863560754373135,0.8619981316070421,0.8639033583123302,0.8667374982619189,0.8655303175133989,0.8677406613266504,0.8686143065184212,0.8648298392747547,0.8624227533499075
bank,pdays,3074.0,0.2046,0.0933,-1.0,871.0,39.2642,-1.0,99.4089,2.7066,7.7731,0.0,0.0,0.0015,0.6192,0.0192,0.9093,0.0245,0.9871,1.3928,0.0018,SVC,0.8591071062193315,0.8578099737687538,0.8572838912639508,0.8574700010125403,0.8591360796146131,0.8576574276567196,0.859949366872148,0.8612007333734162,0.8576626158558974
bank,pdays,3074.0,0.1552,0.0909,-1.0,871.0,39.9965,-1.0,100.5108,2.7512,8.373,0.0,0.0,0.0087,0.6131,0.0337,0.9066,0.0431,0.9864,1.428,0.0016,DecisionTree,0.86371237793279,0.8707949896355073,0.8646806290925679,0.8629580039122642,0.8628767850943553,0.870470139423949,0.8661369759924731,0.8601507702727781,0.8714511487588779
bank,pdays,3074.0,0.1552,0.0909,-1.0,871.0,39.9965,-1.0,100.5108,2.7512,8.373,0.0,0.0,0.0087,0.6131,0.0337,0.9066,0.0431,0.9864,1.428,0.0016,LogisticRegression,0.8568880934732647,0.8570829438505065,0.8564652429669085,0.8565094964449488,0.8567173068063676,0.8565042288142304,0.8568880934732647,0.85645910200098,0.8569752138432324
bank,pdays,3074.0,0.1552,0.0909,-1.0,871.0,39.9965,-1.0,100.5108,2.7512,8.373,0.0,0.0,0.0087,0.6131,0.0337,0.9066,0.0431,0.9864,1.428,0.0016,KNN,0.8592519225061724,0.8586370906833396,0.8604378688865549,0.861228523619378,0.8620575555995058,0.8594430756325893,0.8588242007865273,0.8600863817414461,0.8604956629979321
bank,pdays,3074.0,0.1552,0.0909,-1.0,871.0,39.9965,-1.0,100.5108,2.7512,8.373,0.0,0.0,0.0087,0.6131,0.0337,0.9066,0.0431,0.9864,1.428,0.0016,RandomForest,0.8641666720227832,0.8642042350871605,0.8648767066978356,0.8661583047791611,0.8655115507739697,0.8647098606524961,0.8620182247304465,0.8650548697652216,0.8635967097751412
bank,pdays,3074.0,0.1552,0.0909,-1.0,871.0,39.9965,-1.0,100.5108,2.7512,8.373,0.0,0.0,0.0087,0.6131,0.0337,0.9066,0.0431,0.9864,1.428,0.0016,AdaBoost,0.8654243964273215,0.8677333400792667,0.8615034220747516,0.8661288845725532,0.8658918477069873,0.860709290207947,0.864806840117495,0.8669729974543543,0.8642292818339239
bank,pdays,3074.0,0.1552,0.0909,-1.0,871.0,39.9965,-1.0,100.5108,2.7512,8.373,0.0,0.0,0.0087,0.6131,0.0337,0.9066,0.0431,0.9864,1.428,0.0016,SVC,0.8599504773247866,0.8593207813008643,0.8607849375435933,0.8589356168566071,0.8591347556652997,0.8568228895311893,0.8589198716456067,0.8568417152955811,0.8576764773151351
bank,pdays,3074.0,0.0927,0.0857,-1.0,804.0,38.9426,-1.0,97.6988,2.6764,7.3612,0.0,0.0,0.0121,0.6037,0.0319,0.905,0.0405,0.9861,1.427,0.0016,DecisionTree,0.8716909461059628,0.8717138288424034,0.8679367459533256,0.8677092582504478,0.8704066831523292,0.871440047716541,0.8686093048184366,0.8688087037736594,0.8688056758524225
bank,pdays,3074.0,0.0927,0.0857,-1.0,804.0,38.9426,-1.0,97.6988,2.6764,7.3612,0.0,0.0,0.0121,0.6037,0.0319,0.905,0.0405,0.9861,1.427,0.0016,LogisticRegression,0.8564652429669085,0.8562598256047056,0.8562598256047056,0.8558338187601019,0.8558338187601019,0.8558373631467239,0.8562598256047056,0.85648207536304,0.8558373631467239
bank,pdays,3074.0,0.0927,0.0857,-1.0,804.0,38.9426,-1.0,97.6988,2.6764,7.3612,0.0,0.0,0.0121,0.6037,0.0319,0.905,0.0405,0.9861,1.427,0.0016,KNN,0.8635535652268936,0.8646032271161823,0.8637039234293156,0.8632792849099334,0.8628557410868909,0.8631466024178488,0.8650282580092048,0.8628697631223481,0.8635154807491304
bank,pdays,3074.0,0.0927,0.0857,-1.0,804.0,38.9426,-1.0,97.6988,2.6764,7.3612,0.0,0.0,0.0121,0.6037,0.0319,0.905,0.0405,0.9861,1.427,0.0016,RandomForest,0.8680644735649927,0.8676829855946614,0.8675778660131284,0.8665660097810391,0.8646754260108461,0.8666381473455906,0.8681756994185101,0.868887301116321,0.8671183422761516
bank,pdays,3074.0,0.0927,0.0857,-1.0,804.0,38.9426,-1.0,97.6988,2.6764,7.3612,0.0,0.0,0.0121,0.6037,0.0319,0.905,0.0405,0.9861,1.427,0.0016,AdaBoost,0.8663886709556445,0.868183479964073,0.8656202998259284,0.8700786264731537,0.8638722920643983,0.8665126953955189,0.864019392102348,0.8640700391184268,0.8639661007807704
bank,pdays,3074.0,0.0927,0.0857,-1.0,804.0,38.9426,-1.0,97.6988,2.6764,7.3612,0.0,0.0,0.0121,0.6037,0.0319,0.905,0.0405,0.9861,1.427,0.0016,SVC,0.8599636298358704,0.8605514568296213,0.8560332775062226,0.8556029245492298,0.8558116643618656,0.8564124903265493,0.8591149717573692,0.8591019954276066,0.8564344832697465
bank,pdays,3074.0,0.0478,0.084,-1.0,871.0,39.5828,-1.0,99.1747,2.7377,8.2563,0.0,0.0,0.0102,0.6059,0.0299,0.9048,0.0382,0.986,1.4372,0.0015,DecisionTree,0.8674720822271272,0.8689773731355762,0.8711253272258666,0.8691082100443291,0.8650008601039384,0.8670603391936519,0.8596129912909104,0.8694178060281957,0.8657851286663532
bank,pdays,3074.0,0.0478,0.084,-1.0,871.0,39.5828,-1.0,99.1747,2.7377,8.2563,0.0,0.0,0.0102,0.6059,0.0299,0.9048,0.0382,0.986,1.4372,0.0015,LogisticRegression,0.8568818663244241,0.8568818663244241,0.8562598256047056,0.8558008021360608,0.8558008021360608,0.8559580185392737,0.8568818663244241,0.8566813517593144,0.8559580185392737
bank,pdays,3074.0,0.0478,0.084,-1.0,871.0,39.5828,-1.0,99.1747,2.7377,8.2563,0.0,0.0,0.0102,0.6059,0.0299,0.9048,0.0382,0.986,1.4372,0.0015,KNN,0.8614578945021838,0.8603371306362685,0.8622175576134152,0.8617388006692125,0.8613165486100934,0.8613934250429952,0.8596528635386397,0.8622055887689645,0.8615995617015451
bank,pdays,3074.0,0.0478,0.084,-1.0,871.0,39.5828,-1.0,99.1747,2.7377,8.2563,0.0,0.0,0.0102,0.6059,0.0299,0.9048,0.0382,0.986,1.4372,0.0015,RandomForest,0.8647314622015198,0.8671776098565507,0.8614362458091275,0.8637524123918469,0.8662807686496522,0.8650421351769343,0.865422016032708,0.8641818744151961,0.8668324671795451
bank,pdays,3074.0,0.0478,0.084,-1.0,871.0,39.5828,-1.0,99.1747,2.7377,8.2563,0.0,0.0,0.0102,0.6059,0.0299,0.9048,0.0382,0.986,1.4372,0.0015,AdaBoost,0.8634170644577879,0.8638186604778502,0.8621962609315383,0.8633622176386803,0.8629233606497703,0.8634581010387087,0.8638995360025714,0.8667193141212399,0.8654824868349813
bank,pdays,3074.0,0.0478,0.084,-1.0,871.0,39.5828,-1.0,99.1747,2.7377,8.2563,0.0,0.0,0.0102,0.6059,0.0299,0.9048,0.0382,0.986,1.4372,0.0015,SVC,0.8566381815603167,0.8568440854915806,0.8551297871739145,0.85620612777375,0.8570256216289871,0.8553951471953259,0.8564226468074602,0.8566464052425844,0.8560001225691495
bank,previous,3074.0,0.4909,0.0109,0.0,22.0,0.545,0.0,1.6626,5.2921,40.8064,0.0,0.0,0.0437,0.604,0.0516,0.9097,0.0655,0.9872,0.8083,0.3636,DecisionTree,0.8694856430818833,0.8652731222949529,0.870051039609134,0.874149888401087,0.8674566818938662,0.8648665660281731,0.871639627752768,0.8696171032299504,0.8758290755972775
bank,previous,3074.0,0.4909,0.0109,0.0,22.0,0.545,0.0,1.6626,5.2921,40.8064,0.0,0.0,0.0437,0.604,0.0516,0.9097,0.0655,0.9872,0.8083,0.3636,LogisticRegression,0.8574113868581161,0.8564504921895147,0.8572803337796181,0.8575931989543296,0.8571280345197564,0.8555267682666285,0.8574113868581161,0.8576194033816369,0.8562456454107354
bank,previous,3074.0,0.4909,0.0109,0.0,22.0,0.545,0.0,1.6626,5.2921,40.8064,0.0,0.0,0.0437,0.604,0.0516,0.9097,0.0655,0.9872,0.8083,0.3636,KNN,0.8632619000899434,0.8610671225711705,0.8570890146410055,0.858067252326746,0.857725394618829,0.8623461525043549,0.8628440588533308,0.8593900145147164,0.8607183683516026
bank,previous,3074.0,0.4909,0.0109,0.0,22.0,0.545,0.0,1.6626,5.2921,40.8064,0.0,0.0,0.0437,0.604,0.0516,0.9097,0.0655,0.9872,0.8083,0.3636,RandomForest,0.8663262750117516,0.8672176866897355,0.8672906926905883,0.8646689990873259,0.8694803359840985,0.8655338116781499,0.8644593298504468,0.863720235398034,0.8634984878439009
bank,previous,3074.0,0.4909,0.0109,0.0,22.0,0.545,0.0,1.6626,5.2921,40.8064,0.0,0.0,0.0437,0.604,0.0516,0.9097,0.0655,0.9872,0.8083,0.3636,AdaBoost,0.8660358448537976,0.8655980215182841,0.8711115107533882,0.8599428794204285,0.8633275161869711,0.8640501179039313,0.8672408031368695,0.864606502549014,0.8671600010821262
bank,previous,3074.0,0.4909,0.0109,0.0,22.0,0.545,0.0,1.6626,5.2921,40.8064,0.0,0.0,0.0437,0.604,0.0516,0.9097,0.0655,0.9872,0.8083,0.3636,SVC,0.8615985883987142,0.8590709238024342,0.8559885947902464,0.8563720134881071,0.8551203631701034,0.8580493891320465,0.8624547915258214,0.8634470458721237,0.85408011709597
bank,previous,3074.0,0.4437,0.0094,0.0,22.0,0.5427,0.0,1.6208,5.2944,41.8597,0.0,0.0,0.0423,0.5989,0.0359,0.9035,0.0455,0.9857,0.8162,0.4123,DecisionTree,0.8692503039387096,0.8657217103312985,0.8680518302849825,0.8681191473094009,0.8682552532069598,0.8696497569383987,0.8696682732739707,0.868586634478548,0.8634666936546198
bank,previous,3074.0,0.4437,0.0094,0.0,22.0,0.5427,0.0,1.6208,5.2944,41.8597,0.0,0.0,0.0423,0.5989,0.0359,0.9035,0.0455,0.9857,0.8162,0.4123,LogisticRegression,0.8558289599640847,0.8560330951563763,0.8575910310564363,0.8591640744189156,0.8582280372528989,0.856485426982968,0.8555639071422554,0.8562536192226999,0.8571187768592657
bank,previous,3074.0,0.4437,0.0094,0.0,22.0,0.5427,0.0,1.6208,5.2944,41.8597,0.0,0.0,0.0423,0.5989,0.0359,0.9035,0.0455,0.9857,0.8162,0.4123,KNN,0.8578556594008192,0.859029157488563,0.8594454752287568,0.8610258660754956,0.8594372694700947,0.8604699704300931,0.8567617886227057,0.857240837997529,0.8567695704361058
bank,previous,3074.0,0.4437,0.0094,0.0,22.0,0.5427,0.0,1.6208,5.2944,41.8597,0.0,0.0,0.0423,0.5989,0.0359,0.9035,0.0455,0.9857,0.8162,0.4123,RandomForest,0.8627695857652705,0.8630553377205883,0.8639315249279169,0.8641680440061549,0.8663568545457146,0.8658902719616146,0.8679826629223464,0.8609863164720845,0.8633067029519064
bank,previous,3074.0,0.4437,0.0094,0.0,22.0,0.5427,0.0,1.6208,5.2944,41.8597,0.0,0.0,0.0423,0.5989,0.0359,0.9035,0.0455,0.9857,0.8162,0.4123,AdaBoost,0.8613261516874291,0.8650445092969598,0.8631681198336718,0.8619269820287164,0.8650358445099564,0.8683184009826829,0.8648123145980117,0.8640875696258955,0.8619645057867531
bank,previous,3074.0,0.4437,0.0094,0.0,22.0,0.5427,0.0,1.6208,5.2944,41.8597,0.0,0.0,0.0423,0.5989,0.0359,0.9035,0.0455,0.9857,0.8162,0.4123,SVC,0.8567134166487465,0.8572040338455985,0.8603478439194405,0.8590826848800603,0.8584427082568147,0.8571636986366534,0.8544468089251329,0.8546466801116689,0.8578339923350576
bank,previous,3074.0,0.3913,0.008,0.0,23.0,0.5478,0.0,1.5825,5.1709,41.6068,0.0,0.0,0.0388,0.5982,0.0372,0.8986,0.0475,0.9841,0.8385,0.4724,DecisionTree,0.8689537384956425,0.8688610233218048,0.8705680000261171,0.8698408547255342,0.8695841478650699,0.8640734366119551,0.8709899529356192,0.8683861714919427,0.86755206985983
bank,previous,3074.0,0.3913,0.008,0.0,23.0,0.5478,0.0,1.5825,5.1709,41.6068,0.0,0.0,0.0388,0.5982,0.0372,0.8986,0.0475,0.9841,0.8385,0.4724,LogisticRegression,0.8553640285766464,0.8559272203621693,0.857558224916321,0.8580116162120845,0.857100353580215,0.8561929564061176,0.8555675277694372,0.8548945737779612,0.8562342868751169
bank,previous,3074.0,0.3913,0.008,0.0,23.0,0.5478,0.0,1.5825,5.1709,41.6068,0.0,0.0,0.0388,0.5982,0.0372,0.8986,0.0475,0.9841,0.8385,0.4724,KNN,0.8592211039921095,0.8601945568736843,0.8621055686775915,0.8584671296024399,0.859524449202356,0.8625223311708381,0.8569302652777036,0.859460696486125,0.8581303651929713
bank,previous,3074.0,0.3913,0.008,0.0,23.0,0.5478,0.0,1.5825,5.1709,41.6068,0.0,0.0,0.0388,0.5982,0.0372,0.8986,0.0475,0.9841,0.8385,0.4724,RandomForest,0.8659621254433767,0.8662093936380817,0.867504217053312,0.869840714210138,0.8709971386194847,0.8712730127022041,0.8647227877230179,0.8641283121189699,0.8656802232045298
bank,previous,3074.0,0.3913,0.008,0.0,23.0,0.5478,0.0,1.5825,5.1709,41.6068,0.0,0.0,0.0388,0.5982,0.0372,0.8986,0.0475,0.9841,0.8385,0.4724,AdaBoost,0.863275632326443,0.8634110675253246,0.8602930907533102,0.8629855179918019,0.8665547870679862,0.8662569655436003,0.8660438389495135,0.86550706232577,0.8635704554896626
bank,previous,3074.0,0.3913,0.008,0.0,23.0,0.5478,0.0,1.5825,5.1709,41.6068,0.0,0.0,0.0388,0.5982,0.0372,0.8986,0.0475,0.9841,0.8385,0.4724,SVC,0.8586757504760737,0.8574638001866296,0.8571008442986101,0.8578808336238325,0.8587225259274166,0.8584876537564414,0.857451171617161,0.8591164361596731,0.8576825550567595
bank,previous,3074.0,0.353,0.008,0.0,17.0,0.5224,0.0,1.5095,4.3307,24.5511,0.0,0.0,0.0003,0.6179,0.027,0.9045,0.0345,0.9861,0.8056,0.4127,DecisionTree,0.8682552532069598,0.8644894604986364,0.8706014418572192,0.8729133225364154,0.8668412035349164,0.8687936857232739,0.8687205989665024,0.8716835879245197,0.8705626209744604
bank,previous,3074.0,0.353,0.008,0.0,17.0,0.5224,0.0,1.5095,4.3307,24.5511,0.0,0.0,0.0003,0.6179,0.027,0.9045,0.0345,0.9861,0.8056,0.4127,LogisticRegression,0.8567055208496362,0.8563018006269483,0.8572741005317691,0.8568190690121361,0.8577172715507534,0.8567543790315171,0.8557942582177667,0.8574122518298238,0.8569556539335749
bank,previous,3074.0,0.353,0.008,0.0,17.0,0.5224,0.0,1.5095,4.3307,24.5511,0.0,0.0,0.0003,0.6179,0.027,0.9045,0.0345,0.9861,0.8056,0.4127,KNN,0.8562006837700397,0.8566989562389012,0.8591925918494245,0.8582734475024045,0.8577174936980766,0.8570224936492638,0.8572986016338555,0.8577473585957137,0.8567293821032175
bank,previous,3074.0,0.353,0.008,0.0,17.0,0.5224,0.0,1.5095,4.3307,24.5511,0.0,0.0,0.0003,0.6179,0.027,0.9045,0.0345,0.9861,0.8056,0.4127,RandomForest,0.8640238181650476,0.8706873408345494,0.867329355326457,0.8670928701563282,0.8678339654359764,0.8677774837795441,0.8652247140169136,0.8706637057559379,0.864671949922229
bank,previous,3074.0,0.353,0.008,0.0,17.0,0.5224,0.0,1.5095,4.3307,24.5511,0.0,0.0,0.0003,0.6179,0.027,0.9045,0.0345,0.9861,0.8056,0.4127,AdaBoost,0.8635531901684487,0.8620575358785106,0.8641940358504419,0.8627926504610067,0.863782766532782,0.8636490315542296,0.8609781079167421,0.8631755844465406,0.8621607596933822
bank,previous,3074.0,0.353,0.008,0.0,17.0,0.5224,0.0,1.5095,4.3307,24.5511,0.0,0.0,0.0003,0.6179,0.027,0.9045,0.0345,0.9861,0.8056,0.4127,SVC,0.8547663275241384,0.8570172815788468,0.8559857541075251,0.8557930420143764,0.8545070882469702,0.8570332308100351,0.8547777286436923,0.8564302377131963,0.859727338115037
bank,previous,3074.0,0.2941,0.0074,0.0,23.0,0.4995,0.0,1.5235,5.3046,42.8397,0.0,0.0,0.027,0.6078,0.0439,0.9103,0.0554,0.9875,0.7812,0.413,DecisionTree,0.870307838128106,0.8670845034800029,0.8713009387575993,0.8694169158940903,0.8657709118529762,0.8598345416955886,0.8681558532511771,0.869467998376207,0.8666565497583427
bank,previous,3074.0,0.2941,0.0074,0.0,23.0,0.4995,0.0,1.5235,5.3046,42.8397,0.0,0.0,0.027,0.6078,0.0439,0.9103,0.0554,0.9875,0.7812,0.413,LogisticRegression,0.856053740657091,0.8562586734721669,0.8581590353732936,0.857255465378605,0.8574651927390435,0.855891211231857,0.8562585874358702,0.8557962021268352,0.856519472111319
bank,previous,3074.0,0.2941,0.0074,0.0,23.0,0.4995,0.0,1.5235,5.3046,42.8397,0.0,0.0,0.027,0.6078,0.0439,0.9103,0.0554,0.9875,0.7812,0.413,KNN,0.8606601122602539,0.8633718821693269,0.8586066113691972,0.8604304215546088,0.8597572254993062,0.8638348323379206,0.8595208342558364,0.8592649679283334,0.8611768321682409
bank,previous,3074.0,0.2941,0.0074,0.0,23.0,0.4995,0.0,1.5235,5.3046,42.8397,0.0,0.0,0.027,0.6078,0.0439,0.9103,0.0554,0.9875,0.7812,0.413,RandomForest,0.8669584900781715,0.8650371191637574,0.8676100828408437,0.8675681886982811,0.8662476954360314,0.8667967466400244,0.8664017828502099,0.8639863523090846,0.8678308065952989
bank,previous,3074.0,0.2941,0.0074,0.0,23.0,0.4995,0.0,1.5235,5.3046,42.8397,0.0,0.0,0.027,0.6078,0.0439,0.9103,0.0554,0.9875,0.7812,0.413,AdaBoost,0.8674098440857261,0.8627340729560165,0.8652842658482726,0.863568214062543,0.8613440276228088,0.8607401640166666,0.8665963568598463,0.8629871236191107,0.8615508868604892
bank,previous,3074.0,0.2941,0.0074,0.0,23.0,0.4995,0.0,1.5235,5.3046,42.8397,0.0,0.0,0.027,0.6078,0.0439,0.9103,0.0554,0.9875,0.7812,0.413,SVC,0.8576190503681721,0.8551474220175682,0.8557567149294607,0.8560224896235415,0.8557926932041489,0.8546955841912943,0.8563900661501465,0.8580426723187254,0.8545434084124832
bank,previous,3074.0,0.2534,0.0078,0.0,23.0,0.5364,0.0,1.5912,5.5346,48.1424,0.0,0.0,0.0135,0.6341,0.027,0.9085,0.0342,0.9867,0.8166,0.3242,DecisionTree,0.8682552532069598,0.8669866887230694,0.8682865554394477,0.8750234982905165,0.8682552532069598,0.8659060894805193,0.8704419389369225,0.8676145738354162,0.8674202935076544
bank,previous,3074.0,0.2534,0.0078,0.0,23.0,0.5364,0.0,1.5912,5.5346,48.1424,0.0,0.0,0.0135,0.6341,0.027,0.9085,0.0342,0.9867,0.8166,0.3242,LogisticRegression,0.8571847788063003,0.8571484167399775,0.8585158428495617,0.8587399857437241,0.8587399857437241,0.8569443577882458,0.8571847788063003,0.8573882779990911,0.8572012041831624
bank,previous,3074.0,0.2534,0.0078,0.0,23.0,0.5364,0.0,1.5912,5.5346,48.1424,0.0,0.0,0.0135,0.6341,0.027,0.9085,0.0342,0.9867,0.8166,0.3242,KNN,0.8601017963639291,0.8598724819481398,0.8583978697942407,0.8578145938051884,0.8587189025663526,0.8589475827090223,0.8577510404334404,0.8577952742798398,0.8585121552731289
bank,previous,3074.0,0.2534,0.0078,0.0,23.0,0.5364,0.0,1.5912,5.5346,48.1424,0.0,0.0,0.0135,0.6341,0.027,0.9085,0.0342,0.9867,0.8166,0.3242,RandomForest,0.8598241458217951,0.8589833155891929,0.8588512301820619,0.8600017844345486,0.8663771002087631,0.8610587810736982,0.8615437405785231,0.8606619724407979,0.8629842687450325
bank,previous,3074.0,0.2534,0.0078,0.0,23.0,0.5364,0.0,1.5912,5.5346,48.1424,0.0,0.0,0.0135,0.6341,0.027,0.9085,0.0342,0.9867,0.8166,0.3242,AdaBoost,0.8643482398935056,0.8636294956857202,0.8596573290133324,0.8588494663830996,0.8664230011922991,0.8600961322554922,0.8644166691197168,0.8689554701572995,0.8641999191318901
bank,previous,3074.0,0.2534,0.0078,0.0,23.0,0.5364,0.0,1.5912,5.5346,48.1424,0.0,0.0,0.0135,0.6341,0.027,0.9085,0.0342,0.9867,0.8166,0.3242,SVC,0.8533234332096982,0.8547838432978769,0.8575789156304116,0.8542797984826049,0.8551177877706828,0.8541490404314382,0.8522624485626844,0.8521441700357829,0.8543707376606982
bank,previous,3074.0,0.2115,0.0078,0.0,23.0,0.5495,0.0,1.6488,5.4392,44.9467,0.0,0.0,0.0277,0.6164,0.0282,0.9054,0.0358,0.9861,0.8214,0.2901,DecisionTree,0.8697716915794382,0.8697001324348196,0.8664474286854895,0.863918838530855,0.8690604824374621,0.8658585429341116,0.8680994510212365,0.8699242752079791,0.8676905017342601
bank,previous,3074.0,0.2115,0.0078,0.0,23.0,0.5495,0.0,1.6488,5.4392,44.9467,0.0,0.0,0.0277,0.6164,0.0282,0.9054,0.0358,0.9861,0.8214,0.2901,LogisticRegression,0.8551651551327377,0.8559935346140409,0.856454336028418,0.8557294971775585,0.8561989519762438,0.8559935346140409,0.8558229118216114,0.8555685328911375,0.8560000785323352
bank,previous,3074.0,0.2115,0.0078,0.0,23.0,0.5495,0.0,1.6488,5.4392,44.9467,0.0,0.0,0.0277,0.6164,0.0282,0.9054,0.0358,0.9861,0.8214,0.2901,KNN,0.860426646532006,0.8611729214499089,0.8598827491052634,0.8586170184937804,0.858431567520374,0.860762230834682,0.861688552298999,0.8618221405764972,0.8620482362975495
bank,previous,3074.0,0.2115,0.0078,0.0,23.0,0.5495,0.0,1.6488,5.4392,44.9467,0.0,0.0,0.0277,0.6164,0.0282,0.9054,0.0358,0.9861,0.8214,0.2901,RandomForest,0.8663874482540078,0.8665333695770345,0.8656885110218583,0.8669777051307691,0.8636876523218618,0.8641440586932708,0.8657989847778635,0.8601001021097961,0.8661568080096894
bank,previous,3074.0,0.2115,0.0078,0.0,23.0,0.5495,0.0,1.6488,5.4392,44.9467,0.0,0.0,0.0277,0.6164,0.0282,0.9054,0.0358,0.9861,0.8214,0.2901,AdaBoost,0.8637406860015128,0.8660436033173164,0.865748982527368,0.8702132308771994,0.8662927445114831,0.8665332281217936,0.8648718795208603,0.8648914941215962,0.8653526040521825
bank,previous,3074.0,0.2115,0.0078,0.0,23.0,0.5495,0.0,1.6488,5.4392,44.9467,0.0,0.0,0.0277,0.6164,0.0282,0.9054,0.0358,0.9861,0.8214,0.2901,SVC,0.8570400901004697,0.8568445515951019,0.8587158347982224,0.8581193754581093,0.8576929485363151,0.8568492192579151,0.8581012932099941,0.8593721411546381,0.858085114596575
bank,previous,3074.0,0.1496,0.0069,0.0,23.0,0.5337,0.0,1.6231,5.4354,44.7905,0.0,0.0,0.0423,0.5947,0.0463,0.9058,0.0587,0.9864,0.8062,0.3245,DecisionTree,0.8687891081416838,0.8629890488851366,0.8698843289816645,0.8665829512269984,0.8687380926994613,0.8674597677374358,0.8685822182149908,0.8690197259444319,0.8694395665424544
bank,previous,3074.0,0.1496,0.0069,0.0,23.0,0.5337,0.0,1.6231,5.4354,44.7905,0.0,0.0,0.0423,0.5947,0.0463,0.9058,0.0587,0.9864,0.8062,0.3245,LogisticRegression,0.8558325805912665,0.8560330951563763,0.8567173068063676,0.8562533805406296,0.8562533805406296,0.8560330951563763,0.8562868380873494,0.8558325805912665,0.8556333041949922
bank,previous,3074.0,0.1496,0.0069,0.0,23.0,0.5337,0.0,1.6231,5.4354,44.7905,0.0,0.0,0.0423,0.5947,0.0463,0.9058,0.0587,0.9864,0.8062,0.3245,KNN,0.8565806227020007,0.8595060283683661,0.860888444002142,0.8594665703900405,0.8609667661644562,0.8607915851643844,0.8564921198908073,0.8596687254753078,0.8631382374040625
bank,previous,3074.0,0.1496,0.0069,0.0,23.0,0.5337,0.0,1.6231,5.4354,44.7905,0.0,0.0,0.0423,0.5947,0.0463,0.9058,0.0587,0.9864,0.8062,0.3245,RandomForest,0.868754743060394,0.8680844331492471,0.8698711326800366,0.8692968721716287,0.869269774209158,0.8666868610209817,0.8686713787747395,0.8669576904610992,0.8664531972845446
bank,previous,3074.0,0.1496,0.0069,0.0,23.0,0.5337,0.0,1.6231,5.4354,44.7905,0.0,0.0,0.0423,0.5947,0.0463,0.9058,0.0587,0.9864,0.8062,0.3245,AdaBoost,0.8653453642364561,0.8662686074299408,0.8659468624523922,0.8667098451830232,0.8644092944420624,0.8656801214157568,0.8658024643571289,0.8610962101403767,0.8643281744851445
bank,previous,3074.0,0.1496,0.0069,0.0,23.0,0.5337,0.0,1.6231,5.4354,44.7905,0.0,0.0,0.0423,0.5947,0.0463,0.9058,0.0587,0.9864,0.8062,0.3245,SVC,0.8587224992397918,0.8603147172412806,0.8597060022178317,0.8580668377202262,0.85847141820955,0.8603147172412806,0.8587182942499832,0.8576824132396155,0.8589231248931726
bank,previous,3074.0,0.096,0.0068,0.0,23.0,0.5369,0.0,1.6097,5.3666,44.2927,0.0,0.0,0.0235,0.6056,0.0321,0.9062,0.0408,0.9865,0.8089,0.2904,DecisionTree,0.8684623830500061,0.8668983132027798,0.8688219655225999,0.8682509704278845,0.8682552532069598,0.8678264088934741,0.8686684167526681,0.8690917274204459,0.8678149729592913
bank,previous,3074.0,0.096,0.0068,0.0,23.0,0.5369,0.0,1.6097,5.3666,44.2927,0.0,0.0,0.0235,0.6056,0.0321,0.9062,0.0408,0.9865,0.8089,0.2904,LogisticRegression,0.8567173068063676,0.8573664991750773,0.8575675767011598,0.8575675767011598,0.8575675767011598,0.8573664991750773,0.8562647284017988,0.8562533805406296,0.8573664991750773
bank,previous,3074.0,0.096,0.0068,0.0,23.0,0.5369,0.0,1.6097,5.3666,44.2927,0.0,0.0,0.0235,0.6056,0.0321,0.9062,0.0408,0.9865,0.8089,0.2904,KNN,0.8596786229170296,0.8612022460355817,0.8607789806801965,0.8605936270296671,0.8608282212943549,0.8610120045771842,0.8599056420988364,0.859512644351525,0.8607803089232228
bank,previous,3074.0,0.096,0.0068,0.0,23.0,0.5369,0.0,1.6097,5.3666,44.2927,0.0,0.0,0.0235,0.6056,0.0321,0.9062,0.0408,0.9865,0.8089,0.2904,RandomForest,0.8614468985444418,0.8618957625399493,0.8654466554007891,0.8635173230102275,0.8685189043505425,0.8625374091055997,0.864006865837887,0.8632336915503338,0.8635364667088539
bank,previous,3074.0,0.096,0.0068,0.0,23.0,0.5369,0.0,1.6097,5.3666,44.2927,0.0,0.0,0.0235,0.6056,0.0321,0.9062,0.0408,0.9865,0.8089,0.2904,AdaBoost,0.8644172799082618,0.8627479144156356,0.8659008870849634,0.8658442630143766,0.865807714570841,0.865257760738636,0.8629959205166517,0.8646323155226654,0.8674496106938157
bank,previous,3074.0,0.096,0.0068,0.0,23.0,0.5369,0.0,1.6097,5.3666,44.2927,0.0,0.0,0.0235,0.6056,0.0321,0.9062,0.0408,0.9865,0.8089,0.2904,SVC,0.8572616924949443,0.8564248231270668,0.8555929980825134,0.8567755422917513,0.8576157907112096,0.8560294780276678,0.8570636900736095,0.8572594942134805,0.8562053291817048
bank,previous,3074.0,0.0472,0.0065,0.0,23.0,0.5381,0.0,1.607,5.3333,43.4547,0.0,0.0,0.0283,0.6071,0.0325,0.9064,0.0412,0.9864,0.815,0.2905,DecisionTree,0.8688921182983462,0.8677645912494915,0.8683186874747096,0.87197594625917,0.8691593933055912,0.8678768176466409,0.8684302815096598,0.8687334832690978,0.8687380926994613
bank,previous,3074.0,0.0472,0.0065,0.0,23.0,0.5381,0.0,1.607,5.3333,43.4547,0.0,0.0,0.0283,0.6071,0.0325,0.9064,0.0412,0.9864,0.815,0.2905,LogisticRegression,0.8560000785323352,0.8560646140498636,0.8562647284017988,0.8564652429669085,0.8562647284017988,0.8560646140498636,0.8560000785323352,0.8562640404988319,0.8560646140498636
bank,previous,3074.0,0.0472,0.0065,0.0,23.0,0.5381,0.0,1.607,5.3333,43.4547,0.0,0.0,0.0283,0.6071,0.0325,0.9064,0.0412,0.9864,0.815,0.2905,KNN,0.8599162469363759,0.8624372996329517,0.8622235896218805,0.8620101895507198,0.8626568377909484,0.8624255706412227,0.8592715540851911,0.8607801098295248,0.8622180595802124
bank,previous,3074.0,0.0472,0.0065,0.0,23.0,0.5381,0.0,1.607,5.3333,43.4547,0.0,0.0,0.0283,0.6071,0.0325,0.9064,0.0412,0.9864,0.815,0.2905,RandomForest,0.8632365332380425,0.86524924770158,0.8635567473832069,0.8669159554199983,0.8671908449452918,0.8656767465286241,0.8659408443584093,0.8659416344025159,0.865887347082129
bank,previous,3074.0,0.0472,0.0065,0.0,23.0,0.5381,0.0,1.607,5.3333,43.4547,0.0,0.0,0.0283,0.6071,0.0325,0.9064,0.0412,0.9864,0.815,0.2905,AdaBoost,0.8651103507588903,0.863518363671351,0.866076501138253,0.8676476847105966,0.8647337922737258,0.8653967685114796,0.8649858619335608,0.8665171918795164,0.8602977264910141
bank,previous,3074.0,0.0472,0.0065,0.0,23.0,0.5381,0.0,1.607,5.3333,43.4547,0.0,0.0,0.0283,0.6071,0.0325,0.9064,0.0412,0.9864,0.815,0.2905,SVC,0.8601562945426932,0.8589162932394415,0.8574581728636692,0.85805289373102,0.8584624631671403,0.8584955366706207,0.8601421939509352,0.8583078170912092,0.8586501746173529
