name,column_name,n_tuples,missing_perc,uniqueness,min,max,mean,median,std,skewness,kurtosis,mad,iqr,p_min,p_max,k_min,k_max,s_min,s_max,entropy,density,ml_algorithm,impute_standard,impute_mean,impute_median,impute_random,impute_knn,impute_mice,impute_linear_regression,impute_random_forest,impute_cmeans
abalone,'Length',4177.0,0.5114,0.0642,0.11,0.8,0.5242,0.545,0.1208,-0.6194,0.0155,0.08,0.17,0.0,0.0,0.0,0.0,0.0,0.0,4.5087,0.0055,DecisionTree,0.16154137622627607,0.15595198004003327,0.15196145715415454,0.15200892430688484,0.15199316072157365,0.1555773063789841,0.14410060499451102,0.1703981488311702,0.15561715154909966
abalone,'Length',4177.0,0.5114,0.0642,0.11,0.8,0.5242,0.545,0.1208,-0.6194,0.0155,0.08,0.17,0.0,0.0,0.0,0.0,0.0,0.0,4.5087,0.0055,LogisticRegression,0.16271117135366028,0.13288658138899034,0.16054502417324534,0.16098725142097894,0.16019062946983093,0.15992147357110453,0.16070448842836385,0.1584070626314868,0.1622235591978755
abalone,'Length',4177.0,0.5114,0.0642,0.11,0.8,0.5242,0.545,0.1208,-0.6194,0.0155,0.08,0.17,0.0,0.0,0.0,0.0,0.0,0.0,4.5087,0.0055,KNN,0.16018485150427453,0.14394560996700395,0.151336810309265,0.1531480269102698,0.1487702700371043,0.15611024761496262,0.16700777231379985,0.16625609519480536,0.1514069590342087
abalone,'Length',4177.0,0.5114,0.0642,0.11,0.8,0.5242,0.545,0.1208,-0.6194,0.0155,0.08,0.17,0.0,0.0,0.0,0.0,0.0,0.0,4.5087,0.0055,RandomForest,0.17944895948339531,0.1708333841361359,0.17151376876991817,0.17184504734029746,0.1723295091375672,0.17099686421830568,0.17094363969597326,0.18063767094215769,0.17203402079432667
abalone,'Length',4177.0,0.5114,0.0642,0.11,0.8,0.5242,0.545,0.1208,-0.6194,0.0155,0.08,0.17,0.0,0.0,0.0,0.0,0.0,0.0,4.5087,0.0055,AdaBoost,0.09161571767026556,0.09210538368851394,0.08597754652940885,0.08597754652940885,0.08597754652940885,0.08597754652940885,0.0926676011195957,0.08954692862830693,0.08597754652940885
abalone,'Length',4177.0,0.5114,0.0642,0.11,0.8,0.5242,0.545,0.1208,-0.6194,0.0155,0.08,0.17,0.0,0.0,0.0,0.0,0.0,0.0,4.5087,0.0055,SVC,0.17131902135271698,0.14705440893974198,0.1579399203815946,0.15789973277119357,0.15760647335224814,0.15840257803660318,0.15796698093419898,0.16907724744244818,0.15845274563029466
abalone,'Length',4177.0,0.4604,0.0577,0.075,0.8,0.5267,0.55,0.121,-0.6513,0.0444,0.08,0.17,0.0,0.0,0.0,0.0,0.0,0.0,4.5067,0.0056,DecisionTree,0.16594478810643892,0.16053374846722215,0.1774033439845599,0.1774256416243168,0.17714974681379467,0.1772755707466484,0.17038047893524821,0.16476177631809893,0.17364496232351231
abalone,'Length',4177.0,0.4604,0.0577,0.075,0.8,0.5267,0.55,0.121,-0.6513,0.0444,0.08,0.17,0.0,0.0,0.0,0.0,0.0,0.0,4.5067,0.0056,LogisticRegression,0.17428246419808502,0.1512916100681685,0.16062722511300204,0.1606106850048955,0.16091808343823255,0.16005443664049968,0.16198182902554728,0.17328407736111295,0.16280973159479972
abalone,'Length',4177.0,0.4604,0.0577,0.075,0.8,0.5267,0.55,0.121,-0.6513,0.0444,0.08,0.17,0.0,0.0,0.0,0.0,0.0,0.0,4.5067,0.0056,KNN,0.16071427022104406,0.1656401718266616,0.16075063099855888,0.1593259249919033,0.16293720446832474,0.1629508827462714,0.18013738859066503,0.17443257852413618,0.16645646828757396
abalone,'Length',4177.0,0.4604,0.0577,0.075,0.8,0.5267,0.55,0.121,-0.6513,0.0444,0.08,0.17,0.0,0.0,0.0,0.0,0.0,0.0,4.5067,0.0056,RandomForest,0.1754771028074171,0.16353866062257216,0.17793570330459785,0.17748499557372083,0.17814790045020612,0.17761917470257285,0.1800067709269757,0.175336152458881,0.1794323416990531
abalone,'Length',4177.0,0.4604,0.0577,0.075,0.8,0.5267,0.55,0.121,-0.6513,0.0444,0.08,0.17,0.0,0.0,0.0,0.0,0.0,0.0,4.5067,0.0056,AdaBoost,0.07964323681042602,0.08984052280560684,0.09228240298979355,0.09228240298979355,0.09228240298979355,0.09228240298979355,0.09285626157071246,0.07964323681042602,0.09229278915015908
abalone,'Length',4177.0,0.4604,0.0577,0.075,0.8,0.5267,0.55,0.121,-0.6513,0.0444,0.08,0.17,0.0,0.0,0.0,0.0,0.0,0.0,4.5067,0.0056,SVC,0.17848487763530516,0.1504688712383791,0.15824631931130984,0.15853265474431255,0.15853265474431255,0.1579873457708142,0.15728727020182065,0.17783366644733298,0.15835924497335277
abalone,'Length',4177.0,0.4106,0.0516,0.135,0.815,0.523,0.545,0.1212,-0.6136,-0.0523,0.08,0.165,0.0,0.0,0.0,0.0,0.0,0.0,4.5094,0.0059,DecisionTree,0.17419836255873478,0.18363044245723747,0.18307064903259676,0.1876538302348822,0.18389824636042432,0.18486373484204321,0.18141198657571803,0.1730135870574115,0.18307064903259676
abalone,'Length',4177.0,0.4106,0.0516,0.135,0.815,0.523,0.545,0.1212,-0.6136,-0.0523,0.08,0.165,0.0,0.0,0.0,0.0,0.0,0.0,4.5094,0.0059,LogisticRegression,0.18463677674761464,0.1737513992712407,0.19109005930803144,0.19112073415830289,0.1912536658910404,0.19172103226334003,0.19042141280809516,0.1825666635198515,0.19121956237429077
abalone,'Length',4177.0,0.4106,0.0516,0.135,0.815,0.523,0.545,0.1212,-0.6136,-0.0523,0.08,0.165,0.0,0.0,0.0,0.0,0.0,0.0,4.5094,0.0059,KNN,0.1768004957199515,0.16760065009643663,0.17691652819354675,0.17944464437076652,0.1740720684472566,0.17839263654017595,0.1902273954422256,0.18163263558438728,0.17516651272024034
abalone,'Length',4177.0,0.4106,0.0516,0.135,0.815,0.523,0.545,0.1212,-0.6136,-0.0523,0.08,0.165,0.0,0.0,0.0,0.0,0.0,0.0,4.5094,0.0059,RandomForest,0.18942445973035832,0.1779567114888431,0.19036482092195278,0.19160295310138148,0.1908140183022864,0.19103564401582107,0.1925616964967174,0.18600913431949814,0.19040128075186488
abalone,'Length',4177.0,0.4106,0.0516,0.135,0.815,0.523,0.545,0.1212,-0.6136,-0.0523,0.08,0.165,0.0,0.0,0.0,0.0,0.0,0.0,4.5094,0.0059,AdaBoost,0.08032162512722164,0.09429976166676071,0.09399273059127788,0.09399273059127788,0.09027950084366734,0.09399273059127788,0.08987257843601035,0.08032162512722164,0.08990355290788885
abalone,'Length',4177.0,0.4106,0.0516,0.135,0.815,0.523,0.545,0.1212,-0.6136,-0.0523,0.08,0.165,0.0,0.0,0.0,0.0,0.0,0.0,4.5094,0.0059,SVC,0.18572032182156253,0.17230573367282542,0.17780544090787048,0.1779132010490167,0.17823121351722634,0.17658423635924356,0.17935527025861564,0.17854375870287345,0.1781449205391007
abalone,'Length',4177.0,0.3486,0.0485,0.075,0.815,0.5237,0.545,0.1211,-0.63,0.0393,0.08,0.165,0.0,0.0,0.0,0.0,0.0,0.0,4.5154,0.0055,DecisionTree,0.17574264967889736,0.17770769871419875,0.17886306986219408,0.17890104358437836,0.17850070539823432,0.17724566052365484,0.17550109515060613,0.17798861426291945,0.17851332298349293
abalone,'Length',4177.0,0.3486,0.0485,0.075,0.815,0.5237,0.545,0.1211,-0.63,0.0393,0.08,0.165,0.0,0.0,0.0,0.0,0.0,0.0,4.5154,0.0055,LogisticRegression,0.17900643564166013,0.17040721141983103,0.18417576368526045,0.18500823042239967,0.1848127430015061,0.18569443364443813,0.18528146440804685,0.17409249742320562,0.1851852547047079
abalone,'Length',4177.0,0.3486,0.0485,0.075,0.815,0.5237,0.545,0.1211,-0.63,0.0393,0.08,0.165,0.0,0.0,0.0,0.0,0.0,0.0,4.5154,0.0055,KNN,0.17576395798596878,0.1664916433392089,0.16659982416180447,0.1650786881419199,0.1749721946155483,0.16870383321866586,0.1787067455881763,0.16685295994499044,0.17100567415413576
abalone,'Length',4177.0,0.3486,0.0485,0.075,0.815,0.5237,0.545,0.1211,-0.63,0.0393,0.08,0.165,0.0,0.0,0.0,0.0,0.0,0.0,4.5154,0.0055,RandomForest,0.18781564466084152,0.17571098012094982,0.1843356624305892,0.1847945394553981,0.184533605504042,0.18324130383701961,0.184156795762765,0.18260560152997957,0.18455579236267988
abalone,'Length',4177.0,0.3486,0.0485,0.075,0.815,0.5237,0.545,0.1211,-0.63,0.0393,0.08,0.165,0.0,0.0,0.0,0.0,0.0,0.0,4.5154,0.0055,AdaBoost,0.07989661549986021,0.09169298661645675,0.09345777944648617,0.09345777944648617,0.09345777944648617,0.09345777944648617,0.09373917249866012,0.07989661549986021,0.09345777944648617
abalone,'Length',4177.0,0.3486,0.0485,0.075,0.815,0.5237,0.545,0.1211,-0.63,0.0393,0.08,0.165,0.0,0.0,0.0,0.0,0.0,0.0,4.5154,0.0055,SVC,0.17850738345960704,0.16386944402671938,0.1780903165321422,0.17768366289874352,0.17760030751484304,0.1777740152272616,0.17620879217778035,0.17511646791942462,0.17760030751484304
abalone,'Length',4177.0,0.3021,0.0449,0.13,0.815,0.5214,0.54,0.12,-0.6223,0.0152,0.08,0.16,0.0,0.0,0.0,0.0,0.0,0.0,4.5075,0.0056,DecisionTree,0.18784219235958444,0.2028485237474843,0.19282559808757915,0.19039185882573767,0.19282559808757915,0.19240662650790025,0.19588416359186941,0.18751025644390512,0.19042641358542164
abalone,'Length',4177.0,0.3021,0.0449,0.13,0.815,0.5214,0.54,0.12,-0.6223,0.0152,0.08,0.16,0.0,0.0,0.0,0.0,0.0,0.0,4.5075,0.0056,LogisticRegression,0.1926573515870928,0.18118018649825696,0.19230565702977168,0.19323552837578375,0.1928633933419357,0.1930949314211335,0.19252153910619346,0.19266630029599013,0.19261223244005335
abalone,'Length',4177.0,0.3021,0.0449,0.13,0.815,0.5214,0.54,0.12,-0.6223,0.0152,0.08,0.16,0.0,0.0,0.0,0.0,0.0,0.0,4.5075,0.0056,KNN,0.18215459428707048,0.18042567719274075,0.1738459767503088,0.17737297665807777,0.17542891581343842,0.17870104874540801,0.1805155062285274,0.18294539925176742,0.17755007444259702
abalone,'Length',4177.0,0.3021,0.0449,0.13,0.815,0.5214,0.54,0.12,-0.6223,0.0152,0.08,0.16,0.0,0.0,0.0,0.0,0.0,0.0,4.5075,0.0056,RandomForest,0.1996002674707098,0.19889947809252753,0.19841563283515223,0.19954391502970045,0.19945135024188781,0.19834131663427268,0.20220758469301986,0.19238920576699045,0.19847530686737472
abalone,'Length',4177.0,0.3021,0.0449,0.13,0.815,0.5214,0.54,0.12,-0.6223,0.0152,0.08,0.16,0.0,0.0,0.0,0.0,0.0,0.0,4.5075,0.0056,AdaBoost,0.0946004255796413,0.09889666496465112,0.10142346028472599,0.10102205471361628,0.10142346028472599,0.10142346028472599,0.10029812638406624,0.0946004255796413,0.1026620362182984
abalone,'Length',4177.0,0.3021,0.0449,0.13,0.815,0.5214,0.54,0.12,-0.6223,0.0152,0.08,0.16,0.0,0.0,0.0,0.0,0.0,0.0,4.5075,0.0056,SVC,0.18685668012502485,0.17860371895129912,0.18036844976745217,0.18035109753079348,0.18036844976745217,0.18033800476363426,0.18105987315705943,0.18650558396963018,0.18099190270873575
abalone,'Length',4177.0,0.2521,0.0426,0.075,0.815,0.523,0.545,0.1204,-0.6409,0.073,0.08,0.165,0.0,0.0,0.0,0.0,0.0,0.0,4.5114,0.0055,DecisionTree,0.18813123839560575,0.19379120920437587,0.1948161538280206,0.1948161538280206,0.1948161538280206,0.1948192394718385,0.19565228608457214,0.1851980265593761,0.19381123219617677
abalone,'Length',4177.0,0.2521,0.0426,0.075,0.815,0.523,0.545,0.1204,-0.6409,0.073,0.08,0.165,0.0,0.0,0.0,0.0,0.0,0.0,4.5114,0.0055,LogisticRegression,0.19815144334425405,0.19232309409192896,0.19970503486230223,0.2000552970532939,0.20133036449389008,0.19983105236094084,0.20257267540581142,0.19429853545993625,0.19803854069365626
abalone,'Length',4177.0,0.2521,0.0426,0.075,0.815,0.523,0.545,0.1204,-0.6409,0.073,0.08,0.165,0.0,0.0,0.0,0.0,0.0,0.0,4.5114,0.0055,KNN,0.17218794215947197,0.173445330211121,0.16817977029266876,0.1745510316974739,0.17234096792284914,0.17434260018668113,0.18372944882003067,0.17477733732947928,0.17404436472754575
abalone,'Length',4177.0,0.2521,0.0426,0.075,0.815,0.523,0.545,0.1204,-0.6409,0.073,0.08,0.165,0.0,0.0,0.0,0.0,0.0,0.0,4.5114,0.0055,RandomForest,0.1991784623577944,0.1949930855043957,0.19955030272731838,0.19960714101827087,0.19958100176362203,0.19917305275321076,0.2035280794143211,0.1948135241452083,0.20046394421575642
abalone,'Length',4177.0,0.2521,0.0426,0.075,0.815,0.523,0.545,0.1204,-0.6409,0.073,0.08,0.165,0.0,0.0,0.0,0.0,0.0,0.0,4.5114,0.0055,AdaBoost,0.10068708457264215,0.0970970928538726,0.10239814447865694,0.10239814447865694,0.10239814447865694,0.10239814447865694,0.10211221439043804,0.10068708457264215,0.10239814447865694
abalone,'Length',4177.0,0.2521,0.0426,0.075,0.815,0.523,0.545,0.1204,-0.6409,0.073,0.08,0.165,0.0,0.0,0.0,0.0,0.0,0.0,4.5114,0.0055,SVC,0.19199131974247416,0.18238450450465715,0.19082405848703754,0.1907268945750769,0.1904433059838992,0.19082405848703754,0.18939919533353547,0.1903847635083811,0.1900917098871321
abalone,'Length',4177.0,0.2035,0.0391,0.11,0.8,0.5238,0.54,0.1199,-0.6272,0.0191,0.08,0.165,0.0,0.0,0.0,0.0,0.0,0.0,4.5099,0.0057,DecisionTree,0.20853206793110732,0.20512565468589167,0.19532380921756284,0.19354916250760698,0.19376508349258423,0.19363722278810563,0.19870812458627946,0.19670311577971117,0.19519594851308425
abalone,'Length',4177.0,0.2035,0.0391,0.11,0.8,0.5238,0.54,0.1199,-0.6272,0.0191,0.08,0.165,0.0,0.0,0.0,0.0,0.0,0.0,4.5099,0.0057,LogisticRegression,0.20223921323654015,0.1948181639124724,0.20420720909339019,0.20332498150143677,0.2039553512961303,0.2037873977276349,0.2039008777289179,0.19853605417015568,0.20339897253706266
abalone,'Length',4177.0,0.2035,0.0391,0.11,0.8,0.5238,0.54,0.1199,-0.6272,0.0191,0.08,0.165,0.0,0.0,0.0,0.0,0.0,0.0,4.5099,0.0057,KNN,0.17606763644771947,0.17995422499556119,0.17943032823399058,0.18583798643466165,0.18483018272683466,0.1836048532019237,0.18868766174542437,0.18033436809013229,0.17823708830160212
abalone,'Length',4177.0,0.2035,0.0391,0.11,0.8,0.5238,0.54,0.1199,-0.6272,0.0191,0.08,0.165,0.0,0.0,0.0,0.0,0.0,0.0,4.5099,0.0057,RandomForest,0.20738551226776702,0.21068257565216414,0.20582143756411686,0.20543936567665638,0.2055037902602289,0.20530494758819198,0.20900997231433277,0.20341864542536195,0.20548598559645442
abalone,'Length',4177.0,0.2035,0.0391,0.11,0.8,0.5238,0.54,0.1199,-0.6272,0.0191,0.08,0.165,0.0,0.0,0.0,0.0,0.0,0.0,4.5099,0.0057,AdaBoost,0.11563385973147826,0.10919151392822868,0.09805779502270272,0.09805779502270272,0.09805779502270272,0.09805779502270272,0.09552033219712754,0.10102088524972638,0.09805779502270272
abalone,'Length',4177.0,0.2035,0.0391,0.11,0.8,0.5238,0.54,0.1199,-0.6272,0.0191,0.08,0.165,0.0,0.0,0.0,0.0,0.0,0.0,4.5099,0.0057,SVC,0.20196158016572308,0.19340119043070855,0.19731352958806825,0.19731352958806825,0.19731352958806825,0.19744643462387756,0.1976253107073337,0.19895420538775854,0.19712089204451405
abalone,'Length',4177.0,0.1456,0.0373,0.075,0.815,0.5237,0.545,0.1197,-0.6429,0.0636,0.08,0.165,0.0,0.0,0.0,0.0,0.0,0.0,4.5086,0.0053,DecisionTree,0.19463003927087377,0.19023967292930966,0.1903612600429685,0.1903612600429685,0.1903612600429685,0.1903612600429685,0.195847737593592,0.19041302927354165,0.1903612600429685
abalone,'Length',4177.0,0.1456,0.0373,0.075,0.815,0.5237,0.545,0.1197,-0.6429,0.0636,0.08,0.165,0.0,0.0,0.0,0.0,0.0,0.0,4.5086,0.0053,LogisticRegression,0.20389911276369227,0.1925921432686435,0.20473011849623984,0.20486710410259842,0.20488674115212874,0.20587822877669637,0.20639272714049967,0.20144112519146654,0.2050988630077189
abalone,'Length',4177.0,0.1456,0.0373,0.075,0.815,0.5237,0.545,0.1197,-0.6429,0.0636,0.08,0.165,0.0,0.0,0.0,0.0,0.0,0.0,4.5086,0.0053,KNN,0.1765667171926059,0.183068096460066,0.17917873608699425,0.17710562683496908,0.1799161822225534,0.17999834792712324,0.17829796265895662,0.17780525241864614,0.1826099268249391
abalone,'Length',4177.0,0.1456,0.0373,0.075,0.815,0.5237,0.545,0.1197,-0.6429,0.0636,0.08,0.165,0.0,0.0,0.0,0.0,0.0,0.0,4.5086,0.0053,RandomForest,0.20104136951460988,0.19639367958433296,0.19353898781877238,0.19372305706730367,0.19358410762373573,0.19371079690141968,0.19588615689841016,0.19884660446261676,0.1932524727461855
abalone,'Length',4177.0,0.1456,0.0373,0.075,0.815,0.5237,0.545,0.1197,-0.6429,0.0636,0.08,0.165,0.0,0.0,0.0,0.0,0.0,0.0,4.5086,0.0053,AdaBoost,0.10527215299257303,0.10077432732422825,0.10209389131248417,0.10209389131248417,0.10209389131248417,0.10209389131248417,0.10164335628763348,0.10227561652867725,0.10209389131248417
abalone,'Length',4177.0,0.1456,0.0373,0.075,0.815,0.5237,0.545,0.1197,-0.6429,0.0636,0.08,0.165,0.0,0.0,0.0,0.0,0.0,0.0,4.5086,0.0053,SVC,0.1957102876063275,0.1882402390780307,0.18812271572069786,0.1881239893491509,0.18812271572069786,0.18812271572069786,0.18822436981485097,0.19382916137304546,0.18812492819916138
abalone,'Length',4177.0,0.1003,0.0354,0.075,0.815,0.5239,0.545,0.12,-0.6551,0.1046,0.08,0.165,0.0,0.0,0.0,0.0,0.0,0.0,4.5082,0.0055,DecisionTree,0.21127574671114194,0.20420657088628036,0.21232254864697653,0.2126088046310996,0.2126088046310996,0.21232254864697653,0.2090672938244984,0.19943597865274754,0.21232254864697653
abalone,'Length',4177.0,0.1003,0.0354,0.075,0.815,0.5239,0.545,0.12,-0.6551,0.1046,0.08,0.165,0.0,0.0,0.0,0.0,0.0,0.0,4.5082,0.0055,LogisticRegression,0.20963680924143763,0.21564195798664898,0.2158423732013575,0.21644903217335548,0.21659325166505197,0.21682701187189463,0.2194329989271483,0.21075107166432733,0.21886509317692576
abalone,'Length',4177.0,0.1003,0.0354,0.075,0.815,0.5239,0.545,0.12,-0.6551,0.1046,0.08,0.165,0.0,0.0,0.0,0.0,0.0,0.0,4.5082,0.0055,KNN,0.18887482979494508,0.18803570490485466,0.1877245554654049,0.18503542273592544,0.1859972419370699,0.1894237431440498,0.18968457683526221,0.18583564022798726,0.19162960985058744
abalone,'Length',4177.0,0.1003,0.0354,0.075,0.815,0.5239,0.545,0.12,-0.6551,0.1046,0.08,0.165,0.0,0.0,0.0,0.0,0.0,0.0,4.5082,0.0055,RandomForest,0.21161542722837384,0.20847406129763904,0.20944517847498711,0.20971836902099322,0.20972973717476673,0.20946110277503757,0.21514748984573437,0.21146680841416648,0.21120513373697972
abalone,'Length',4177.0,0.1003,0.0354,0.075,0.815,0.5239,0.545,0.12,-0.6551,0.1046,0.08,0.165,0.0,0.0,0.0,0.0,0.0,0.0,4.5082,0.0055,AdaBoost,0.09845930543927953,0.1056933529559614,0.09957402578003294,0.09957402578003294,0.09957402578003294,0.09957402578003294,0.09957402578003294,0.09604611697066742,0.09957402578003294
abalone,'Length',4177.0,0.1003,0.0354,0.075,0.815,0.5239,0.545,0.12,-0.6551,0.1046,0.08,0.165,0.0,0.0,0.0,0.0,0.0,0.0,4.5082,0.0055,SVC,0.20393378319115557,0.20636023334179596,0.20580558849463707,0.2070242437502746,0.20656889665926104,0.20580558849463707,0.2060872147873366,0.20458240577614703,0.20512514474427437
abalone,'Length',4177.0,0.0551,0.0337,0.075,0.815,0.5243,0.545,0.1199,-0.6399,0.0789,0.08,0.165,0.0,0.0,0.0,0.0,0.0,0.0,4.5129,0.0055,DecisionTree,0.21878972979330794,0.20633774958388568,0.21231889275666233,0.21231889275666233,0.21231889275666233,0.21231889275666233,0.2113361961374741,0.20629414240864904,0.21231889275666233
abalone,'Length',4177.0,0.0551,0.0337,0.075,0.815,0.5243,0.545,0.1199,-0.6399,0.0789,0.08,0.165,0.0,0.0,0.0,0.0,0.0,0.0,4.5129,0.0055,LogisticRegression,0.21153669661476948,0.21162591856084562,0.21464304323655392,0.21361987987884545,0.2137363012190479,0.21369362147701024,0.21395374472346382,0.21136386092919054,0.2140033860586394
abalone,'Length',4177.0,0.0551,0.0337,0.075,0.815,0.5243,0.545,0.1199,-0.6399,0.0789,0.08,0.165,0.0,0.0,0.0,0.0,0.0,0.0,4.5129,0.0055,KNN,0.19596086541835414,0.19099542491653682,0.18670324786325335,0.1893777106449516,0.19420248998994347,0.19373959789841377,0.1905918837233254,0.18799290498705148,0.18776998952418136
abalone,'Length',4177.0,0.0551,0.0337,0.075,0.815,0.5243,0.545,0.1199,-0.6399,0.0789,0.08,0.165,0.0,0.0,0.0,0.0,0.0,0.0,4.5129,0.0055,RandomForest,0.21250273943860779,0.20833171198139178,0.2089597573483246,0.2093551385548908,0.20840295474284734,0.20851915460664594,0.21171491308546891,0.21010011435227277,0.20956354329634824
abalone,'Length',4177.0,0.0551,0.0337,0.075,0.815,0.5243,0.545,0.1199,-0.6399,0.0789,0.08,0.165,0.0,0.0,0.0,0.0,0.0,0.0,4.5129,0.0055,AdaBoost,0.11863749103767127,0.09663208423412502,0.09616652867659646,0.09616652867659646,0.09616652867659646,0.09616652867659646,0.09616652867659646,0.12003976740551184,0.09616652867659646
abalone,'Length',4177.0,0.0551,0.0337,0.075,0.815,0.5243,0.545,0.1199,-0.6399,0.0789,0.08,0.165,0.0,0.0,0.0,0.0,0.0,0.0,4.5129,0.0055,SVC,0.1992829172992456,0.19635542001603087,0.19782057007069664,0.19782057007069664,0.19782057007069664,0.1978295367549998,0.19851454313170913,0.19970145238182702,0.19803417949628233
BachChoralHarmony,V2,5665.0,0.5004,0.0661,1.0,207.0,53.8671,48.0,37.5371,0.9395,0.849,25.0,51.0,0.0738,0.0738,0.0517,0.0517,0.0688,0.0688,4.8736,0.0027,DecisionTree,0.43740168086822395,0.44746851921065267,0.4469641869875858,0.43712188055784756,0.43725071224028084,0.4411738625731373,0.43555091754071323,0.4334765549185181,0.4360516935470607
BachChoralHarmony,V2,5665.0,0.5004,0.0661,1.0,207.0,53.8671,48.0,37.5371,0.9395,0.849,25.0,51.0,0.0738,0.0738,0.0517,0.0517,0.0688,0.0688,4.8736,0.0027,LogisticRegression,0.5110620345616463,0.507392248328665,0.5115843368552577,0.512067539638818,0.5126207360446629,0.5133748341652193,0.5141449561482927,0.5078282801179215,0.5131056388884484
BachChoralHarmony,V2,5665.0,0.5004,0.0661,1.0,207.0,53.8671,48.0,37.5371,0.9395,0.849,25.0,51.0,0.0738,0.0738,0.0517,0.0517,0.0688,0.0688,4.8736,0.0027,KNN,0.46457491627289155,0.46202169025551576,0.4625080835645703,0.46395785176444243,0.46274651989426185,0.4623308518200785,0.46240280081215107,0.4611877611220307,0.46337643409142976
BachChoralHarmony,V2,5665.0,0.5004,0.0661,1.0,207.0,53.8671,48.0,37.5371,0.9395,0.849,25.0,51.0,0.0738,0.0738,0.0517,0.0517,0.0688,0.0688,4.8736,0.0027,RandomForest,0.4747082749558293,0.4773179667710356,0.47744774012313496,0.47849559746198544,0.47725077434116686,0.4762457973172534,0.47293478293232233,0.46975610408398594,0.4788352159746161
BachChoralHarmony,V2,5665.0,0.5004,0.0661,1.0,207.0,53.8671,48.0,37.5371,0.9395,0.849,25.0,51.0,0.0738,0.0738,0.0517,0.0517,0.0688,0.0688,4.8736,0.0027,AdaBoost,0.059866763602381766,0.05742591343778591,0.059866763602381766,0.059866763602381766,0.059866763602381766,0.059866763602381766,0.059866763602381766,0.059866763602381766,0.059866763602381766
BachChoralHarmony,V2,5665.0,0.5004,0.0661,1.0,207.0,53.8671,48.0,37.5371,0.9395,0.849,25.0,51.0,0.0738,0.0738,0.0517,0.0517,0.0688,0.0688,4.8736,0.0027,SVC,0.5074899900155768,0.5033781181483639,0.5045895444162074,0.5060131580925475,0.506434616260633,0.5054429544217655,0.5079196937310084,0.5042312427296273,0.5056844558833256
BachChoralHarmony,V2,5665.0,0.4475,0.061,1.0,207.0,53.6383,48.0,37.3599,0.9308,0.8302,25.0,51.0,0.0724,0.0724,0.0465,0.0465,0.0621,0.0621,4.8726,0.0026,DecisionTree,0.4452905357644337,0.44158492973104185,0.44878441345651454,0.4477142080839318,0.443040953278025,0.44140615919398896,0.44210076659515485,0.4371998439961411,0.44321447822932747
BachChoralHarmony,V2,5665.0,0.4475,0.061,1.0,207.0,53.6383,48.0,37.3599,0.9308,0.8302,25.0,51.0,0.0724,0.0724,0.0465,0.0465,0.0621,0.0621,4.8726,0.0026,LogisticRegression,0.5096589331961512,0.5072755405397026,0.5109937401880678,0.5121452821807365,0.5115507551584542,0.511722583038464,0.5084705932442354,0.5076029445937602,0.51341874021769
BachChoralHarmony,V2,5665.0,0.4475,0.061,1.0,207.0,53.6383,48.0,37.3599,0.9308,0.8302,25.0,51.0,0.0724,0.0724,0.0465,0.0465,0.0621,0.0621,4.8726,0.0026,KNN,0.4588752805509971,0.45580058762924,0.45947276502525813,0.4577476976168624,0.4591345333063431,0.45877673369810557,0.46318052106307894,0.4614900269591437,0.45858481206359647
BachChoralHarmony,V2,5665.0,0.4475,0.061,1.0,207.0,53.6383,48.0,37.3599,0.9308,0.8302,25.0,51.0,0.0724,0.0724,0.0465,0.0465,0.0621,0.0621,4.8726,0.0026,RandomForest,0.48023313083759944,0.4798379832921025,0.4754751815219152,0.4753779900165115,0.48101981586990433,0.4793592133640542,0.47387720689394475,0.4771957330019779,0.4806559860467185
BachChoralHarmony,V2,5665.0,0.4475,0.061,1.0,207.0,53.6383,48.0,37.3599,0.9308,0.8302,25.0,51.0,0.0724,0.0724,0.0465,0.0465,0.0621,0.0621,4.8726,0.0026,AdaBoost,0.059866763602381766,0.059866763602381766,0.059866763602381766,0.059866763602381766,0.059866763602381766,0.059866763602381766,0.059866763602381766,0.059866763602381766,0.059866763602381766
BachChoralHarmony,V2,5665.0,0.4475,0.061,1.0,207.0,53.6383,48.0,37.3599,0.9308,0.8302,25.0,51.0,0.0724,0.0724,0.0465,0.0465,0.0621,0.0621,4.8726,0.0026,SVC,0.5095746612468439,0.5037253806287414,0.5050695819401035,0.5081843374654124,0.5082202469138642,0.5074202641763091,0.5080798611161608,0.5042595460417885,0.5082385611664471
BachChoralHarmony,V2,5665.0,0.4039,0.0572,1.0,203.0,53.3595,47.0,37.5072,0.9255,0.7663,25.0,51.0,0.0586,0.0586,0.0374,0.0374,0.05,0.05,4.8736,0.0025,DecisionTree,0.44274180260854246,0.44473522633736806,0.44373691677310395,0.4399648567042986,0.44363528360003546,0.4461173967729156,0.4396037943252183,0.4348368537029693,0.4433196844526937
BachChoralHarmony,V2,5665.0,0.4039,0.0572,1.0,203.0,53.3595,47.0,37.5072,0.9255,0.7663,25.0,51.0,0.0586,0.0586,0.0374,0.0374,0.05,0.05,4.8736,0.0025,LogisticRegression,0.5139922783281706,0.5072837154249765,0.5155089916684861,0.5127617106777669,0.5138547066847725,0.5138475788986717,0.5128225286773391,0.5079520103932942,0.5132536082545407
BachChoralHarmony,V2,5665.0,0.4039,0.0572,1.0,203.0,53.3595,47.0,37.5072,0.9255,0.7663,25.0,51.0,0.0586,0.0586,0.0374,0.0374,0.05,0.05,4.8736,0.0025,KNN,0.4645471229286718,0.4626478646358231,0.46197556388712785,0.4635664727659543,0.4652815326996985,0.4638875428955796,0.4669312344610837,0.46054958637346477,0.46365683352678244
BachChoralHarmony,V2,5665.0,0.4039,0.0572,1.0,203.0,53.3595,47.0,37.5072,0.9255,0.7663,25.0,51.0,0.0586,0.0586,0.0374,0.0374,0.05,0.05,4.8736,0.0025,RandomForest,0.47886606839183055,0.4738998974117632,0.4770287235782933,0.4791230509247775,0.4815163007935488,0.4799788138820247,0.47297207835007166,0.4751155966583441,0.48024229429738285
BachChoralHarmony,V2,5665.0,0.4039,0.0572,1.0,203.0,53.3595,47.0,37.5072,0.9255,0.7663,25.0,51.0,0.0586,0.0586,0.0374,0.0374,0.05,0.05,4.8736,0.0025,AdaBoost,0.059866763602381766,0.059866763602381766,0.059866763602381766,0.059866763602381766,0.059866763602381766,0.059866763602381766,0.059866763602381766,0.059866763602381766,0.059866763602381766
BachChoralHarmony,V2,5665.0,0.4039,0.0572,1.0,203.0,53.3595,47.0,37.5072,0.9255,0.7663,25.0,51.0,0.0586,0.0586,0.0374,0.0374,0.05,0.05,4.8736,0.0025,SVC,0.5062799751191879,0.5055178228771824,0.5063218392404718,0.506152903124633,0.5066397012526327,0.5065497434792412,0.5077859300518291,0.5037719879101892,0.5063286263177109
BachChoralHarmony,V2,5665.0,0.3479,0.0512,1.0,204.0,53.4583,48.0,37.0659,0.8912,0.6835,25.0,51.0,0.0779,0.0779,0.0484,0.0484,0.0643,0.0643,4.8704,0.0025,DecisionTree,0.4411585889506619,0.43493135009280365,0.43534894418844305,0.4319957954436655,0.4307350950382868,0.43114175137335087,0.43933936060705425,0.4331040928681804,0.43352677669591017
BachChoralHarmony,V2,5665.0,0.3479,0.0512,1.0,204.0,53.4583,48.0,37.0659,0.8912,0.6835,25.0,51.0,0.0779,0.0779,0.0484,0.0484,0.0643,0.0643,4.8704,0.0025,LogisticRegression,0.5102201417203017,0.508910907175037,0.5098526969724415,0.5091008561318502,0.5092755669296597,0.5097365308390016,0.5109422877070361,0.5097495666687484,0.5095150158852753
BachChoralHarmony,V2,5665.0,0.3479,0.0512,1.0,204.0,53.4583,48.0,37.0659,0.8912,0.6835,25.0,51.0,0.0779,0.0779,0.0484,0.0484,0.0643,0.0643,4.8704,0.0025,KNN,0.4585278763831726,0.4583792736059601,0.46008799889946184,0.46459414874076777,0.4636591292670037,0.4649256459654916,0.4615133855718283,0.46089937055885793,0.46410828471064225
BachChoralHarmony,V2,5665.0,0.3479,0.0512,1.0,204.0,53.4583,48.0,37.0659,0.8912,0.6835,25.0,51.0,0.0779,0.0779,0.0484,0.0484,0.0643,0.0643,4.8704,0.0025,RandomForest,0.4780841584803781,0.47547531395584025,0.4750028649294046,0.47843495499443683,0.4783784201879649,0.4815333905277829,0.4702777321839335,0.47207290468704366,0.482201456508991
BachChoralHarmony,V2,5665.0,0.3479,0.0512,1.0,204.0,53.4583,48.0,37.0659,0.8912,0.6835,25.0,51.0,0.0779,0.0779,0.0484,0.0484,0.0643,0.0643,4.8704,0.0025,AdaBoost,0.059866763602381766,0.059866763602381766,0.059866763602381766,0.059866763602381766,0.059866763602381766,0.059866763602381766,0.059866763602381766,0.059866763602381766,0.059866763602381766
BachChoralHarmony,V2,5665.0,0.3479,0.0512,1.0,204.0,53.4583,48.0,37.0659,0.8912,0.6835,25.0,51.0,0.0779,0.0779,0.0484,0.0484,0.0643,0.0643,4.8704,0.0025,SVC,0.5073829253519363,0.5048341929623841,0.5066417402212111,0.5067667330706799,0.5063232841944665,0.5071186302146822,0.5053127136932839,0.5042105678589931,0.5072289701599499
BachChoralHarmony,V2,5665.0,0.3004,0.0505,1.0,207.0,53.3379,48.0,37.2718,0.9363,0.8954,25.0,51.0,0.0837,0.0837,0.0549,0.0549,0.0733,0.0733,4.8748,0.0023,DecisionTree,0.4485790913240753,0.4390773624180989,0.4418545143283099,0.4491664785112652,0.4413605337228479,0.446108970308342,0.4392242338345007,0.4343217623699782,0.44744446603687726
BachChoralHarmony,V2,5665.0,0.3004,0.0505,1.0,207.0,53.3379,48.0,37.2718,0.9363,0.8954,25.0,51.0,0.0837,0.0837,0.0549,0.0549,0.0733,0.0733,4.8748,0.0023,LogisticRegression,0.5125082647793032,0.5083213628700425,0.5101557324264461,0.510585676865951,0.5106471315670005,0.5105100079436705,0.5127705780873029,0.5078517041219097,0.5106128961846768
BachChoralHarmony,V2,5665.0,0.3004,0.0505,1.0,207.0,53.3379,48.0,37.2718,0.9363,0.8954,25.0,51.0,0.0837,0.0837,0.0549,0.0549,0.0733,0.0733,4.8748,0.0023,KNN,0.4640934789577478,0.46551984625279685,0.46552311662956036,0.4677194457784537,0.4672379388289515,0.46695859958336994,0.46462429205570516,0.46566598699104766,0.4679705190841953
BachChoralHarmony,V2,5665.0,0.3004,0.0505,1.0,207.0,53.3379,48.0,37.2718,0.9363,0.8954,25.0,51.0,0.0837,0.0837,0.0549,0.0549,0.0733,0.0733,4.8748,0.0023,RandomForest,0.4766220711778595,0.47638517136000663,0.4780943984964538,0.47922821579554736,0.477813889324043,0.47920528364855075,0.4711874863397073,0.47716550936687363,0.47939403620737947
BachChoralHarmony,V2,5665.0,0.3004,0.0505,1.0,207.0,53.3379,48.0,37.2718,0.9363,0.8954,25.0,51.0,0.0837,0.0837,0.0549,0.0549,0.0733,0.0733,4.8748,0.0023,AdaBoost,0.059866763602381766,0.059866763602381766,0.059866763602381766,0.059866763602381766,0.059866763602381766,0.059866763602381766,0.059866763602381766,0.059866763602381766,0.059866763602381766
BachChoralHarmony,V2,5665.0,0.3004,0.0505,1.0,207.0,53.3379,48.0,37.2718,0.9363,0.8954,25.0,51.0,0.0837,0.0837,0.0549,0.0549,0.0733,0.0733,4.8748,0.0023,SVC,0.5092862954509924,0.5037071791517364,0.5072851311239821,0.5086488400588404,0.5080991771610114,0.5083588919877237,0.507822646097135,0.5036262999595353,0.5082076472442016
BachChoralHarmony,V2,5665.0,0.2475,0.0464,1.0,207.0,53.2761,48.0,37.0747,0.9307,0.8536,25.0,51.0,0.0782,0.0782,0.0536,0.0536,0.0714,0.0714,4.8728,0.0024,DecisionTree,0.4456890560487801,0.4449926859753054,0.44173487223147556,0.44276621494942264,0.4421711532662534,0.4410344786182561,0.4451295404260467,0.44686079336109163,0.43978330466157184
BachChoralHarmony,V2,5665.0,0.2475,0.0464,1.0,207.0,53.2761,48.0,37.0747,0.9307,0.8536,25.0,51.0,0.0782,0.0782,0.0536,0.0536,0.0714,0.0714,4.8728,0.0024,LogisticRegression,0.5145934925883918,0.5113167554111244,0.5134517883164392,0.514811335257348,0.5142860633880875,0.5134579418275809,0.5155999315779647,0.5109987867678468,0.5146283622783172
BachChoralHarmony,V2,5665.0,0.2475,0.0464,1.0,207.0,53.2761,48.0,37.0747,0.9307,0.8536,25.0,51.0,0.0782,0.0782,0.0536,0.0536,0.0714,0.0714,4.8728,0.0024,KNN,0.46973513020921537,0.46409671128645774,0.47138078305392517,0.47141439117444417,0.4714375486337989,0.4725605615644518,0.4700215005509958,0.46531949156410735,0.47188489216194046
BachChoralHarmony,V2,5665.0,0.2475,0.0464,1.0,207.0,53.2761,48.0,37.0747,0.9307,0.8536,25.0,51.0,0.0782,0.0782,0.0536,0.0536,0.0714,0.0714,4.8728,0.0024,RandomForest,0.4779452871086861,0.4806346118329081,0.4863473250001075,0.4839704691176073,0.4836411670396814,0.4836917975439593,0.4783710358006164,0.48681584408137,0.4842424390055753
BachChoralHarmony,V2,5665.0,0.2475,0.0464,1.0,207.0,53.2761,48.0,37.0747,0.9307,0.8536,25.0,51.0,0.0782,0.0782,0.0536,0.0536,0.0714,0.0714,4.8728,0.0024,AdaBoost,0.059866763602381766,0.05753741031915004,0.059866763602381766,0.059866763602381766,0.059866763602381766,0.059866763602381766,0.059866763602381766,0.059866763602381766,0.059866763602381766
BachChoralHarmony,V2,5665.0,0.2475,0.0464,1.0,207.0,53.2761,48.0,37.0747,0.9307,0.8536,25.0,51.0,0.0782,0.0782,0.0536,0.0536,0.0714,0.0714,4.8728,0.0024,SVC,0.510222987279757,0.5068670150543838,0.5094023876028579,0.5104150753229705,0.5107057824944601,0.5106146691062351,0.5105782246763038,0.5065827544955578,0.5109379257457892
BachChoralHarmony,V2,5665.0,0.2009,0.0435,1.0,206.0,53.2235,48.0,37.2504,0.905,0.7532,26.0,51.0,0.0868,0.0868,0.0579,0.0579,0.0771,0.0771,4.8776,0.0025,DecisionTree,0.44581437426140963,0.44861711066369775,0.4476943605327923,0.45506990197789154,0.45147255908247974,0.44817570881412094,0.44244209447191296,0.4453729384843077,0.4491175310042732
BachChoralHarmony,V2,5665.0,0.2009,0.0435,1.0,206.0,53.2235,48.0,37.2504,0.905,0.7532,26.0,51.0,0.0868,0.0868,0.0579,0.0579,0.0771,0.0771,4.8776,0.0025,LogisticRegression,0.5116419899633955,0.5081758224217486,0.5118869411704501,0.5128700321163274,0.5127935348692586,0.5124657769587444,0.5122181537505703,0.509102633066231,0.5132577476349063
BachChoralHarmony,V2,5665.0,0.2009,0.0435,1.0,206.0,53.2235,48.0,37.2504,0.905,0.7532,26.0,51.0,0.0868,0.0868,0.0579,0.0579,0.0771,0.0771,4.8776,0.0025,KNN,0.4697924360088259,0.46715932009005623,0.4682157353569965,0.46918499390135104,0.46910134206149917,0.4687003162265859,0.47007890288263754,0.46666163352457635,0.4680842728310839
BachChoralHarmony,V2,5665.0,0.2009,0.0435,1.0,206.0,53.2235,48.0,37.2504,0.905,0.7532,26.0,51.0,0.0868,0.0868,0.0579,0.0579,0.0771,0.0771,4.8776,0.0025,RandomForest,0.4838662452570287,0.48088033105431216,0.4817638467478901,0.48749449884018287,0.48312963124086633,0.48264342017786793,0.4843972160578465,0.48621628081495316,0.48544282661218696
BachChoralHarmony,V2,5665.0,0.2009,0.0435,1.0,206.0,53.2235,48.0,37.2504,0.905,0.7532,26.0,51.0,0.0868,0.0868,0.0579,0.0579,0.0771,0.0771,4.8776,0.0025,AdaBoost,0.059866763602381766,0.059866763602381766,0.059866763602381766,0.059866763602381766,0.059866763602381766,0.059866763602381766,0.059866763602381766,0.059866763602381766,0.059866763602381766
BachChoralHarmony,V2,5665.0,0.2009,0.0435,1.0,206.0,53.2235,48.0,37.2504,0.905,0.7532,26.0,51.0,0.0868,0.0868,0.0579,0.0579,0.0771,0.0771,4.8776,0.0025,SVC,0.5111262106262366,0.5077488817059963,0.5094330486491658,0.5096068131927793,0.511172632275146,0.5105020450632984,0.5103743725721919,0.5089997804160293,0.5099403820808972
BachChoralHarmony,V2,5665.0,0.1511,0.041,1.0,207.0,53.0254,48.0,37.0968,0.914,0.769,25.0,51.0,0.0726,0.0726,0.049,0.049,0.0653,0.0653,4.8744,0.0024,DecisionTree,0.4455322731542834,0.4455160087913701,0.44138513220410247,0.44414744370013776,0.4409439087229541,0.4436054566366373,0.4452647605937107,0.4433220657025007,0.4446108153237719
BachChoralHarmony,V2,5665.0,0.1511,0.041,1.0,207.0,53.0254,48.0,37.0968,0.914,0.769,25.0,51.0,0.0726,0.0726,0.049,0.049,0.0653,0.0653,4.8744,0.0024,LogisticRegression,0.5137788197059089,0.5119527379594541,0.5136423372805353,0.5134700534734761,0.5132033840832106,0.5129421232000987,0.5136949228113683,0.5110766903217125,0.5132898906128514
BachChoralHarmony,V2,5665.0,0.1511,0.041,1.0,207.0,53.0254,48.0,37.0968,0.914,0.769,25.0,51.0,0.0726,0.0726,0.049,0.049,0.0653,0.0653,4.8744,0.0024,KNN,0.4638898790724142,0.46563234350716076,0.46392542398253683,0.4620772515689475,0.46254484817277075,0.4635053879562474,0.46264421342196416,0.4639883475217997,0.46265061030218946
BachChoralHarmony,V2,5665.0,0.1511,0.041,1.0,207.0,53.0254,48.0,37.0968,0.914,0.769,25.0,51.0,0.0726,0.0726,0.049,0.049,0.0653,0.0653,4.8744,0.0024,RandomForest,0.4782890287646636,0.48002209410249463,0.4765074838046508,0.47761999057346544,0.47817502755302266,0.4828565108866253,0.48014237920416813,0.48206325720409965,0.47793897178581124
BachChoralHarmony,V2,5665.0,0.1511,0.041,1.0,207.0,53.0254,48.0,37.0968,0.914,0.769,25.0,51.0,0.0726,0.0726,0.049,0.049,0.0653,0.0653,4.8744,0.0024,AdaBoost,0.059866763602381766,0.059866763602381766,0.059866763602381766,0.059866763602381766,0.059866763602381766,0.059866763602381766,0.059866763602381766,0.059866763602381766,0.059866763602381766
BachChoralHarmony,V2,5665.0,0.1511,0.041,1.0,207.0,53.0254,48.0,37.0968,0.914,0.769,25.0,51.0,0.0726,0.0726,0.049,0.049,0.0653,0.0653,4.8744,0.0024,SVC,0.5101913936151459,0.5070654839848991,0.5107649232665937,0.5102642778892602,0.510640149077821,0.5108131967494035,0.5107564409761393,0.5074447367527379,0.5106544303596506
BachChoralHarmony,V2,5665.0,0.099,0.0404,1.0,207.0,53.4914,48.0,37.4442,0.9422,0.8809,25.0,51.0,0.078,0.078,0.0516,0.0516,0.0687,0.0687,4.8857,0.0023,DecisionTree,0.44182208496306963,0.4460028725234525,0.44330227425400065,0.4449362964368758,0.4478701295041677,0.4494405934215702,0.443227656769198,0.4454363630750714,0.44465670185075157
BachChoralHarmony,V2,5665.0,0.099,0.0404,1.0,207.0,53.4914,48.0,37.4442,0.9422,0.8809,25.0,51.0,0.078,0.078,0.0516,0.0516,0.0687,0.0687,4.8857,0.0023,LogisticRegression,0.5106512956674326,0.5083044490864613,0.5094187920441248,0.5097069375786345,0.5107103179137876,0.5098965862802178,0.5093012787755561,0.5091978806985125,0.5106103575702603
BachChoralHarmony,V2,5665.0,0.099,0.0404,1.0,207.0,53.4914,48.0,37.4442,0.9422,0.8809,25.0,51.0,0.078,0.078,0.0516,0.0516,0.0687,0.0687,4.8857,0.0023,KNN,0.4709527107005583,0.46845703001833794,0.4692117853471923,0.4714382597969736,0.4711529975220424,0.47133104079736055,0.4705954419515763,0.468423055626513,0.47082240807060166
BachChoralHarmony,V2,5665.0,0.099,0.0404,1.0,207.0,53.4914,48.0,37.4442,0.9422,0.8809,25.0,51.0,0.078,0.078,0.0516,0.0516,0.0687,0.0687,4.8857,0.0023,RandomForest,0.4785607326462595,0.4841077552855245,0.48230959026857445,0.4818224045662909,0.48458026692463385,0.4854375530787735,0.48103327006611085,0.48485110616113447,0.48393618133301464
BachChoralHarmony,V2,5665.0,0.099,0.0404,1.0,207.0,53.4914,48.0,37.4442,0.9422,0.8809,25.0,51.0,0.078,0.078,0.0516,0.0516,0.0687,0.0687,4.8857,0.0023,AdaBoost,0.059866763602381766,0.059866763602381766,0.059866763602381766,0.059866763602381766,0.059866763602381766,0.059866763602381766,0.059866763602381766,0.059866763602381766,0.059866763602381766
BachChoralHarmony,V2,5665.0,0.099,0.0404,1.0,207.0,53.4914,48.0,37.4442,0.9422,0.8809,25.0,51.0,0.078,0.078,0.0516,0.0516,0.0687,0.0687,4.8857,0.0023,SVC,0.5116940463297767,0.5086846131397905,0.5107455260589175,0.5104160995416462,0.5108789432206549,0.5101851131920171,0.5104708408524103,0.5101165052507488,0.5103306786623575
BachChoralHarmony,V2,5665.0,0.0424,0.0378,1.0,207.0,53.402,48.0,37.3129,0.9295,0.8521,25.0,51.0,0.0744,0.0744,0.0507,0.0507,0.0675,0.0675,4.8829,0.0023,DecisionTree,0.4452673889578497,0.4455991447431649,0.44686871098482117,0.44474146744919607,0.44310009882025275,0.4430328577740569,0.4449602765706314,0.4463912677920541,0.44644341851333824
BachChoralHarmony,V2,5665.0,0.0424,0.0378,1.0,207.0,53.402,48.0,37.3129,0.9295,0.8521,25.0,51.0,0.0744,0.0744,0.0507,0.0507,0.0675,0.0675,4.8829,0.0023,LogisticRegression,0.5125548543399309,0.51236437272782,0.5128169536704538,0.512576986319964,0.5131295006265097,0.5134545680609962,0.5122490801052902,0.5119057097034302,0.513452267331231
BachChoralHarmony,V2,5665.0,0.0424,0.0378,1.0,207.0,53.402,48.0,37.3129,0.9295,0.8521,25.0,51.0,0.0744,0.0744,0.0507,0.0507,0.0675,0.0675,4.8829,0.0023,KNN,0.46820649157247063,0.466157315968875,0.4672494178825486,0.4677375945275055,0.467214982210388,0.46756897673330183,0.4691739321448276,0.46740153456036676,0.46755728911588956
BachChoralHarmony,V2,5665.0,0.0424,0.0378,1.0,207.0,53.402,48.0,37.3129,0.9295,0.8521,25.0,51.0,0.0744,0.0744,0.0507,0.0507,0.0675,0.0675,4.8829,0.0023,RandomForest,0.4812855261984035,0.48769000905586,0.486152726420034,0.48471581805197705,0.48568800836478043,0.4872003873379881,0.4865160417177261,0.4829143435169594,0.4844950941861426
BachChoralHarmony,V2,5665.0,0.0424,0.0378,1.0,207.0,53.402,48.0,37.3129,0.9295,0.8521,25.0,51.0,0.0744,0.0744,0.0507,0.0507,0.0675,0.0675,4.8829,0.0023,AdaBoost,0.059866763602381766,0.059866763602381766,0.059866763602381766,0.059866763602381766,0.059866763602381766,0.059866763602381766,0.059866763602381766,0.059866763602381766,0.059866763602381766
BachChoralHarmony,V2,5665.0,0.0424,0.0378,1.0,207.0,53.402,48.0,37.3129,0.9295,0.8521,25.0,51.0,0.0744,0.0744,0.0507,0.0507,0.0675,0.0675,4.8829,0.0023,SVC,0.50966437436914,0.5093692126281903,0.5086231563065863,0.5088994492779976,0.5094443786729899,0.5090208425152064,0.5095839928287564,0.5095507788720484,0.509001546992301
BachChoralHarmony,V16,5665.0,0.4978,0.0018,1.0,5.0,3.136,3.0,1.1098,0.381,-0.9463,1.0,2.0,0.0667,0.0667,0.047,0.047,0.0625,0.0625,1.4085,1.38,DecisionTree,0.4666831425173507,0.4637023801313707,0.4528922666394422,0.45566809480048376,0.45369689330153923,0.45034339285941405,0.4474515384315365,0.4491933608167868,0.4505627382952082
BachChoralHarmony,V16,5665.0,0.4978,0.0018,1.0,5.0,3.136,3.0,1.1098,0.381,-0.9463,1.0,2.0,0.0667,0.0667,0.047,0.047,0.0625,0.0625,1.4085,1.38,LogisticRegression,0.5094142634733426,0.5119853338370122,0.5102797716472074,0.508731184054679,0.5102456440995121,0.5105551213470265,0.5094876063068243,0.510334207014348,0.5106460376848415
BachChoralHarmony,V16,5665.0,0.4978,0.0018,1.0,5.0,3.136,3.0,1.1098,0.381,-0.9463,1.0,2.0,0.0667,0.0667,0.047,0.047,0.0625,0.0625,1.4085,1.38,KNN,0.4711873989275931,0.46676877700050445,0.4678448606449838,0.4692619591939456,0.46907513875946827,0.4699777079123246,0.46978650153986984,0.4662919143731641,0.4695262434476058
BachChoralHarmony,V16,5665.0,0.4978,0.0018,1.0,5.0,3.136,3.0,1.1098,0.381,-0.9463,1.0,2.0,0.0667,0.0667,0.047,0.047,0.0625,0.0625,1.4085,1.38,RandomForest,0.49828253475684914,0.5020984818767847,0.5015280856817919,0.5030558134885978,0.4975958798071846,0.49220092090910345,0.4956809616621221,0.4918643950235083,0.4963257236034312
BachChoralHarmony,V16,5665.0,0.4978,0.0018,1.0,5.0,3.136,3.0,1.1098,0.381,-0.9463,1.0,2.0,0.0667,0.0667,0.047,0.047,0.0625,0.0625,1.4085,1.38,AdaBoost,0.059866763602381766,0.059866763602381766,0.059866763602381766,0.059866763602381766,0.059866763602381766,0.059866763602381766,0.059866763602381766,0.059866763602381766,0.059866763602381766
BachChoralHarmony,V16,5665.0,0.4978,0.0018,1.0,5.0,3.136,3.0,1.1098,0.381,-0.9463,1.0,2.0,0.0667,0.0667,0.047,0.047,0.0625,0.0625,1.4085,1.38,SVC,0.5067898582985213,0.5084664325941163,0.5064778596728865,0.5077168719444815,0.5072231655165796,0.5075532436799087,0.5060592005411411,0.5064548257129386,0.5065905233725725
BachChoralHarmony,V16,5665.0,0.4487,0.0016,1.0,5.0,3.1166,3.0,1.1016,0.401,-0.9006,1.0,2.0,0.0658,0.0658,0.0444,0.0444,0.0593,0.0593,1.4046,3.7686,DecisionTree,0.4655794356218546,0.4591429208274523,0.4513071700189373,0.4466672297427324,0.44699988595139467,0.4556363803982978,0.4441451011924738,0.44053064235086015,0.45141484840135876
BachChoralHarmony,V16,5665.0,0.4487,0.0016,1.0,5.0,3.1166,3.0,1.1016,0.401,-0.9006,1.0,2.0,0.0658,0.0658,0.0444,0.0444,0.0593,0.0593,1.4046,3.7686,LogisticRegression,0.512890664639594,0.5122167095392446,0.5159206217386859,0.5138907586505876,0.5132112845988838,0.5133128789670265,0.5127980730357112,0.5109891701452476,0.5132100133611834
BachChoralHarmony,V16,5665.0,0.4487,0.0016,1.0,5.0,3.1166,3.0,1.1016,0.401,-0.9006,1.0,2.0,0.0658,0.0658,0.0444,0.0444,0.0593,0.0593,1.4046,3.7686,KNN,0.4720903047326823,0.46775155787953854,0.4686444765132632,0.4713356592827793,0.4696409314910056,0.46937506949284974,0.46963014067563696,0.46459168952875973,0.46790267232926014
BachChoralHarmony,V16,5665.0,0.4487,0.0016,1.0,5.0,3.1166,3.0,1.1016,0.401,-0.9006,1.0,2.0,0.0658,0.0658,0.0444,0.0444,0.0593,0.0593,1.4046,3.7686,RandomForest,0.49800514986891253,0.5006983583412793,0.5015433884592474,0.5016851147900525,0.4968582804206024,0.4978986997362237,0.4956866723819592,0.4943539571622093,0.49691741528442307
BachChoralHarmony,V16,5665.0,0.4487,0.0016,1.0,5.0,3.1166,3.0,1.1016,0.401,-0.9006,1.0,2.0,0.0658,0.0658,0.0444,0.0444,0.0593,0.0593,1.4046,3.7686,AdaBoost,0.059866763602381766,0.059866763602381766,0.059866763602381766,0.059866763602381766,0.059866763602381766,0.059866763602381766,0.059866763602381766,0.059866763602381766,0.059866763602381766
BachChoralHarmony,V16,5665.0,0.4487,0.0016,1.0,5.0,3.1166,3.0,1.1016,0.401,-0.9006,1.0,2.0,0.0658,0.0658,0.0444,0.0444,0.0593,0.0593,1.4046,3.7686,SVC,0.5077269235342783,0.5102629611604841,0.5086998564260637,0.508234255250735,0.5091351462859747,0.508361189054813,0.5065755807512486,0.5074937632775949,0.5086176144256156
BachChoralHarmony,V16,5665.0,0.4078,0.0015,1.0,5.0,3.1407,3.0,1.1086,0.3767,-0.9366,1.0,2.0,0.0777,0.0777,0.0506,0.0506,0.0674,0.0674,1.4088,1.5239,DecisionTree,0.45877023301526954,0.45179189806277187,0.44775409766921886,0.44301002169211395,0.4447335232905861,0.4512988168737596,0.44306853216113623,0.43562820409194336,0.45209672890329006
BachChoralHarmony,V16,5665.0,0.4078,0.0015,1.0,5.0,3.1407,3.0,1.1086,0.3767,-0.9366,1.0,2.0,0.0777,0.0777,0.0506,0.0506,0.0674,0.0674,1.4088,1.5239,LogisticRegression,0.51245177083372,0.5110788836426048,0.5146600367178675,0.5144850192779216,0.514728951332927,0.5133729323813572,0.5140574832327167,0.5112579039451255,0.5138004827461675
BachChoralHarmony,V16,5665.0,0.4078,0.0015,1.0,5.0,3.1407,3.0,1.1086,0.3767,-0.9366,1.0,2.0,0.0777,0.0777,0.0506,0.0506,0.0674,0.0674,1.4088,1.5239,KNN,0.47355502831423113,0.47071260725146336,0.4714591770474441,0.47288926753096183,0.47231019397973817,0.4716845425847551,0.47132528804916907,0.4693936754668911,0.4716323017231403
BachChoralHarmony,V16,5665.0,0.4078,0.0015,1.0,5.0,3.1407,3.0,1.1086,0.3767,-0.9366,1.0,2.0,0.0777,0.0777,0.0506,0.0506,0.0674,0.0674,1.4088,1.5239,RandomForest,0.4948704729722753,0.5002867988604752,0.4974803110107347,0.49353378464400355,0.4984003563433422,0.4944436365259972,0.492030626794425,0.4904178830761208,0.4949417389170202
BachChoralHarmony,V16,5665.0,0.4078,0.0015,1.0,5.0,3.1407,3.0,1.1086,0.3767,-0.9366,1.0,2.0,0.0777,0.0777,0.0506,0.0506,0.0674,0.0674,1.4088,1.5239,AdaBoost,0.059866763602381766,0.059866763602381766,0.059866763602381766,0.059866763602381766,0.059866763602381766,0.059866763602381766,0.059866763602381766,0.059866763602381766,0.059866763602381766
BachChoralHarmony,V16,5665.0,0.4078,0.0015,1.0,5.0,3.1407,3.0,1.1086,0.3767,-0.9366,1.0,2.0,0.0777,0.0777,0.0506,0.0506,0.0674,0.0674,1.4088,1.5239,SVC,0.5064820371682421,0.5097767584464453,0.5073068474734364,0.5074488582884116,0.5072454433011582,0.5058013007856716,0.506574952212389,0.5074387068260778,0.5065820371430392
BachChoralHarmony,V16,5665.0,0.3502,0.0014,1.0,5.0,3.1076,3.0,1.0992,0.405,-0.8753,1.0,2.0,0.0744,0.0744,0.053,0.053,0.0706,0.0706,1.4052,1.6085,DecisionTree,0.460073576321565,0.4650484254599057,0.4466598441497866,0.44502755911316877,0.45112725505805973,0.45269097694009075,0.445819841038853,0.45238662534891955,0.44792912791930745
BachChoralHarmony,V16,5665.0,0.3502,0.0014,1.0,5.0,3.1076,3.0,1.0992,0.405,-0.8753,1.0,2.0,0.0744,0.0744,0.053,0.053,0.0706,0.0706,1.4052,1.6085,LogisticRegression,0.5132864484436039,0.5107600815014428,0.5146081459433058,0.5124390212108977,0.5126333842025845,0.5121533257789349,0.5123909806381379,0.5126434790787895,0.5121180297339734
BachChoralHarmony,V16,5665.0,0.3502,0.0014,1.0,5.0,3.1076,3.0,1.0992,0.405,-0.8753,1.0,2.0,0.0744,0.0744,0.053,0.053,0.0706,0.0706,1.4052,1.6085,KNN,0.4659233653097164,0.4651101173372072,0.4673368110165307,0.46589907034165273,0.46722564896562585,0.4685300068787989,0.4672273011281119,0.46575006387144086,0.46697594767250844
BachChoralHarmony,V16,5665.0,0.3502,0.0014,1.0,5.0,3.1076,3.0,1.0992,0.405,-0.8753,1.0,2.0,0.0744,0.0744,0.053,0.053,0.0706,0.0706,1.4052,1.6085,RandomForest,0.4926175088609874,0.49642205488517255,0.4926900194037871,0.48615481845664976,0.49232269518487654,0.49132934554479696,0.4919980585641289,0.4918800227112595,0.49672808033071575
BachChoralHarmony,V16,5665.0,0.3502,0.0014,1.0,5.0,3.1076,3.0,1.0992,0.405,-0.8753,1.0,2.0,0.0744,0.0744,0.053,0.053,0.0706,0.0706,1.4052,1.6085,AdaBoost,0.059866763602381766,0.059866763602381766,0.059866763602381766,0.059866763602381766,0.059866763602381766,0.059866763602381766,0.059866763602381766,0.059866763602381766,0.059866763602381766
BachChoralHarmony,V16,5665.0,0.3502,0.0014,1.0,5.0,3.1076,3.0,1.0992,0.405,-0.8753,1.0,2.0,0.0744,0.0744,0.053,0.053,0.0706,0.0706,1.4052,1.6085,SVC,0.5089233997920273,0.5087637524611012,0.5095546910209152,0.5084934418743867,0.5077740198906842,0.5080453928396143,0.5076573961973226,0.5066874972175438,0.5090817112194168
BachChoralHarmony,V16,5665.0,0.302,0.0013,1.0,5.0,3.1287,3.0,1.099,0.3911,-0.9117,1.0,2.0,0.0882,0.0882,0.0649,0.0649,0.0862,0.0862,1.4039,1.5232,DecisionTree,0.46069441952612156,0.456311847507012,0.44425363022972625,0.4492593309912709,0.4448509113966492,0.45039573685538103,0.45225679027953863,0.454150506944566,0.4457189760389349
BachChoralHarmony,V16,5665.0,0.302,0.0013,1.0,5.0,3.1287,3.0,1.099,0.3911,-0.9117,1.0,2.0,0.0882,0.0882,0.0649,0.0649,0.0862,0.0862,1.4039,1.5232,LogisticRegression,0.5131330210726074,0.5121540134195551,0.5125215605671596,0.5110197285022363,0.5119826593465963,0.5115162509261342,0.5108034241615905,0.5128655364163401,0.5117486719664761
BachChoralHarmony,V16,5665.0,0.302,0.0013,1.0,5.0,3.1287,3.0,1.099,0.3911,-0.9117,1.0,2.0,0.0882,0.0882,0.0649,0.0649,0.0862,0.0862,1.4039,1.5232,KNN,0.4674736163693768,0.4643310300730539,0.4661885366218146,0.4662525784236057,0.4658633817025227,0.4657996369440597,0.46747422183209114,0.46651792651403984,0.4668164389970859
BachChoralHarmony,V16,5665.0,0.302,0.0013,1.0,5.0,3.1287,3.0,1.099,0.3911,-0.9117,1.0,2.0,0.0882,0.0882,0.0649,0.0649,0.0862,0.0862,1.4039,1.5232,RandomForest,0.4931825296938569,0.4933869762956732,0.49450663874639733,0.4957657837218041,0.4906784488260023,0.49258733685288153,0.49587397309095277,0.4922367790260983,0.48981168789541446
BachChoralHarmony,V16,5665.0,0.302,0.0013,1.0,5.0,3.1287,3.0,1.099,0.3911,-0.9117,1.0,2.0,0.0882,0.0882,0.0649,0.0649,0.0862,0.0862,1.4039,1.5232,AdaBoost,0.059866763602381766,0.059866763602381766,0.059866763602381766,0.059866763602381766,0.059866763602381766,0.059866763602381766,0.059866763602381766,0.059866763602381766,0.059866763602381766
BachChoralHarmony,V16,5665.0,0.302,0.0013,1.0,5.0,3.1287,3.0,1.099,0.3911,-0.9117,1.0,2.0,0.0882,0.0882,0.0649,0.0649,0.0862,0.0862,1.4039,1.5232,SVC,0.5064603047527751,0.5079261321848257,0.5069375012413009,0.5063976161358146,0.5060175456060166,0.5066439691069575,0.507923146870618,0.5079541600128221,0.5065050706758393
BachChoralHarmony,V16,5665.0,0.25,0.0012,1.0,5.0,3.137,3.0,1.112,0.3618,-0.936,1.0,2.0,0.0801,0.0801,0.055,0.055,0.0737,0.0737,1.4165,3.7668,DecisionTree,0.4584918722256539,0.44759307424443456,0.4620338614315203,0.44886084578975427,0.4492974392946076,0.4457015801502123,0.45082882620309306,0.4417669838429786,0.4507223534977664
BachChoralHarmony,V16,5665.0,0.25,0.0012,1.0,5.0,3.137,3.0,1.112,0.3618,-0.936,1.0,2.0,0.0801,0.0801,0.055,0.055,0.0737,0.0737,1.4165,3.7668,LogisticRegression,0.5115684077895254,0.5106744011382268,0.5132273632752348,0.5119867676675693,0.5109186905267618,0.511053304867326,0.511026932491139,0.5114509359016945,0.5111627677638332
BachChoralHarmony,V16,5665.0,0.25,0.0012,1.0,5.0,3.137,3.0,1.112,0.3618,-0.936,1.0,2.0,0.0801,0.0801,0.055,0.055,0.0737,0.0737,1.4165,3.7668,KNN,0.46785849055055706,0.4677310032271798,0.46665101764745576,0.46811409489319383,0.46513697302479745,0.4664269837134275,0.46576902297454015,0.46259894844258065,0.4649047426148637
BachChoralHarmony,V16,5665.0,0.25,0.0012,1.0,5.0,3.137,3.0,1.112,0.3618,-0.936,1.0,2.0,0.0801,0.0801,0.055,0.055,0.0737,0.0737,1.4165,3.7668,RandomForest,0.48408314755779547,0.48819960516913685,0.4927329590255505,0.4819743292862163,0.488931430746901,0.48720414453699656,0.4847519847803714,0.48197800050621153,0.48979832974118515
BachChoralHarmony,V16,5665.0,0.25,0.0012,1.0,5.0,3.137,3.0,1.112,0.3618,-0.936,1.0,2.0,0.0801,0.0801,0.055,0.055,0.0737,0.0737,1.4165,3.7668,AdaBoost,0.059866763602381766,0.059866763602381766,0.059866763602381766,0.059866763602381766,0.059866763602381766,0.059866763602381766,0.059866763602381766,0.059866763602381766,0.059866763602381766
BachChoralHarmony,V16,5665.0,0.25,0.0012,1.0,5.0,3.137,3.0,1.112,0.3618,-0.936,1.0,2.0,0.0801,0.0801,0.055,0.055,0.0737,0.0737,1.4165,3.7668,SVC,0.5100881190135873,0.5087913121363276,0.5101781053119301,0.5089947065674159,0.5092041834225985,0.5090194064205762,0.5099919510450994,0.5095517959872004,0.5095105295391256
BachChoralHarmony,V16,5665.0,0.2,0.0011,1.0,5.0,3.1313,3.0,1.1017,0.3894,-0.9132,1.0,2.0,0.0687,0.0687,0.0478,0.0478,0.0637,0.0637,1.4048,3.8376,DecisionTree,0.45103999850828735,0.45125509159346844,0.44941583191661477,0.4455364800748296,0.447450417103443,0.44509631022933016,0.4477608502109066,0.4462880805227479,0.4451604162352426
BachChoralHarmony,V16,5665.0,0.2,0.0011,1.0,5.0,3.1313,3.0,1.1017,0.3894,-0.9132,1.0,2.0,0.0687,0.0687,0.0478,0.0478,0.0637,0.0637,1.4048,3.8376,LogisticRegression,0.5098124005402159,0.5114178398766946,0.5122994748212384,0.5112121815679774,0.5102754244661798,0.5114917905861299,0.5114287548034343,0.5072876125257292,0.511112969340379
BachChoralHarmony,V16,5665.0,0.2,0.0011,1.0,5.0,3.1313,3.0,1.1017,0.3894,-0.9132,1.0,2.0,0.0687,0.0687,0.0478,0.0478,0.0637,0.0637,1.4048,3.8376,KNN,0.46605991723807766,0.464621671352414,0.46499202253819316,0.4676536666535476,0.46798117910241144,0.46750590173212014,0.4673231491057474,0.4636776954189047,0.4691009506695165
BachChoralHarmony,V16,5665.0,0.2,0.0011,1.0,5.0,3.1313,3.0,1.1017,0.3894,-0.9132,1.0,2.0,0.0687,0.0687,0.0478,0.0478,0.0637,0.0637,1.4048,3.8376,RandomForest,0.48708368290144444,0.48704844310883305,0.4862554465090638,0.48429655015660955,0.48552747600087953,0.4865802505605933,0.48486677031495695,0.4899555922840207,0.48270753413209355
BachChoralHarmony,V16,5665.0,0.2,0.0011,1.0,5.0,3.1313,3.0,1.1017,0.3894,-0.9132,1.0,2.0,0.0687,0.0687,0.0478,0.0478,0.0637,0.0637,1.4048,3.8376,AdaBoost,0.059866763602381766,0.059866763602381766,0.059866763602381766,0.059866763602381766,0.059866763602381766,0.059866763602381766,0.059866763602381766,0.059866763602381766,0.059866763602381766
BachChoralHarmony,V16,5665.0,0.2,0.0011,1.0,5.0,3.1313,3.0,1.1017,0.3894,-0.9132,1.0,2.0,0.0687,0.0687,0.0478,0.0478,0.0637,0.0637,1.4048,3.8376,SVC,0.5059273617746359,0.5078892239755907,0.5062882589264475,0.506507031699906,0.5065301149574083,0.5068334143046969,0.5053192677832777,0.5073744920063329,0.5063028612915936
BachChoralHarmony,V16,5665.0,0.1539,0.001,1.0,5.0,3.1381,3.0,1.1122,0.3775,-0.9473,1.0,2.0,0.0738,0.0738,0.0513,0.0513,0.0685,0.0685,1.4101,3.8243,DecisionTree,0.4554898898606648,0.44966815816289696,0.45052498449705813,0.4440729714771094,0.4515258966211212,0.4489425474318968,0.4555402060145053,0.44412106048714306,0.4497627696539538
BachChoralHarmony,V16,5665.0,0.1539,0.001,1.0,5.0,3.1381,3.0,1.1122,0.3775,-0.9473,1.0,2.0,0.0738,0.0738,0.0513,0.0513,0.0685,0.0685,1.4101,3.8243,LogisticRegression,0.5106226277354925,0.5123947699469232,0.5129877654253928,0.5115958110445934,0.5122527058557765,0.5120764251200799,0.5119609537231301,0.5106122501014124,0.5110059897153949
BachChoralHarmony,V16,5665.0,0.1539,0.001,1.0,5.0,3.1381,3.0,1.1122,0.3775,-0.9473,1.0,2.0,0.0738,0.0738,0.0513,0.0513,0.0685,0.0685,1.4101,3.8243,KNN,0.4700348907444628,0.4687382370921582,0.4723465841135885,0.4708484956851678,0.47025120120201847,0.47064122535105474,0.47022833733763064,0.4699650394022174,0.4701206791398739
BachChoralHarmony,V16,5665.0,0.1539,0.001,1.0,5.0,3.1381,3.0,1.1122,0.3775,-0.9473,1.0,2.0,0.0738,0.0738,0.0513,0.0513,0.0685,0.0685,1.4101,3.8243,RandomForest,0.4925065807804242,0.4910214216618673,0.49379771198355943,0.48866583780056594,0.4873520760467875,0.4908705764331076,0.4893057286449427,0.4876370858639188,0.4908368147121037
BachChoralHarmony,V16,5665.0,0.1539,0.001,1.0,5.0,3.1381,3.0,1.1122,0.3775,-0.9473,1.0,2.0,0.0738,0.0738,0.0513,0.0513,0.0685,0.0685,1.4101,3.8243,AdaBoost,0.059866763602381766,0.059866763602381766,0.059866763602381766,0.059866763602381766,0.059866763602381766,0.059866763602381766,0.059866763602381766,0.059866763602381766,0.059866763602381766
BachChoralHarmony,V16,5665.0,0.1539,0.001,1.0,5.0,3.1381,3.0,1.1122,0.3775,-0.9473,1.0,2.0,0.0738,0.0738,0.0513,0.0513,0.0685,0.0685,1.4101,3.8243,SVC,0.5070900901487011,0.5079126723711946,0.5086419476604818,0.507780087036341,0.5079353914790085,0.5084229319687508,0.5079814140437956,0.5076510783014628,0.5077792127562191
BachChoralHarmony,V16,5665.0,0.1049,0.001,1.0,5.0,3.1333,3.0,1.1079,0.3845,-0.9312,1.0,2.0,0.0703,0.0703,0.0482,0.0482,0.0641,0.0641,1.4078,3.8298,DecisionTree,0.45108531000497426,0.4524790288259657,0.4484340533512465,0.44550334124045177,0.4517854684222452,0.44793564029612254,0.4448122149213512,0.44700577470247654,0.44944280309373735
BachChoralHarmony,V16,5665.0,0.1049,0.001,1.0,5.0,3.1333,3.0,1.1079,0.3845,-0.9312,1.0,2.0,0.0703,0.0703,0.0482,0.0482,0.0641,0.0641,1.4078,3.8298,LogisticRegression,0.512340631148771,0.5128604083684498,0.5118989464675858,0.5123823710768769,0.5122087313951814,0.5120777098228722,0.512250671482692,0.511469233947125,0.5118411618663725
BachChoralHarmony,V16,5665.0,0.1049,0.001,1.0,5.0,3.1333,3.0,1.1079,0.3845,-0.9312,1.0,2.0,0.0703,0.0703,0.0482,0.0482,0.0641,0.0641,1.4078,3.8298,KNN,0.4661983061093413,0.4674215370978956,0.4654756148575448,0.4676036946554435,0.4685090596689523,0.46692190345723866,0.4665923837349272,0.46526753411360355,0.4672131540547283
BachChoralHarmony,V16,5665.0,0.1049,0.001,1.0,5.0,3.1333,3.0,1.1079,0.3845,-0.9312,1.0,2.0,0.0703,0.0703,0.0482,0.0482,0.0641,0.0641,1.4078,3.8298,RandomForest,0.4829819495044424,0.4883038668150802,0.4885630783384414,0.4880029192665086,0.48511419240649656,0.4858241424211832,0.48606843795002114,0.4880046846834515,0.48651542183447
BachChoralHarmony,V16,5665.0,0.1049,0.001,1.0,5.0,3.1333,3.0,1.1079,0.3845,-0.9312,1.0,2.0,0.0703,0.0703,0.0482,0.0482,0.0641,0.0641,1.4078,3.8298,AdaBoost,0.059866763602381766,0.059866763602381766,0.059866763602381766,0.059866763602381766,0.059866763602381766,0.059866763602381766,0.059866763602381766,0.059866763602381766,0.059866763602381766
BachChoralHarmony,V16,5665.0,0.1049,0.001,1.0,5.0,3.1333,3.0,1.1079,0.3845,-0.9312,1.0,2.0,0.0703,0.0703,0.0482,0.0482,0.0641,0.0641,1.4078,3.8298,SVC,0.508368248262383,0.5061362376948522,0.508895376378301,0.5089860683551551,0.5095673629514154,0.5087302641782793,0.508664955862477,0.507094872069433,0.509336026701151
BachChoralHarmony,V16,5665.0,0.0448,0.0009,1.0,5.0,3.1336,3.0,1.1141,0.3766,-0.9443,1.0,2.0,0.0789,0.0789,0.0551,0.0551,0.0734,0.0734,1.4124,3.8056,DecisionTree,0.4495030444801628,0.44078028797899943,0.44528940118760435,0.4500549432959138,0.44301799892236504,0.4456645511612488,0.44942321991435813,0.4452685649313967,0.4462952795544107
BachChoralHarmony,V16,5665.0,0.0448,0.0009,1.0,5.0,3.1336,3.0,1.1141,0.3766,-0.9443,1.0,2.0,0.0789,0.0789,0.0551,0.0551,0.0734,0.0734,1.4124,3.8056,LogisticRegression,0.5111416879111625,0.512033340002843,0.5111905567015878,0.5116030283282632,0.5112398230055824,0.510619756755522,0.5117553439407039,0.5107724458927346,0.5111323249782482
BachChoralHarmony,V16,5665.0,0.0448,0.0009,1.0,5.0,3.1336,3.0,1.1141,0.3766,-0.9443,1.0,2.0,0.0789,0.0789,0.0551,0.0551,0.0734,0.0734,1.4124,3.8056,KNN,0.4719653611940594,0.4727339688624766,0.47149236467005773,0.4716914093126451,0.47132537649557105,0.47216149816272046,0.4727922097847327,0.4704296586129688,0.4717863535142499
BachChoralHarmony,V16,5665.0,0.0448,0.0009,1.0,5.0,3.1336,3.0,1.1141,0.3766,-0.9443,1.0,2.0,0.0789,0.0789,0.0551,0.0551,0.0734,0.0734,1.4124,3.8056,RandomForest,0.48666261350100604,0.48217406556796644,0.4885450170652909,0.4861594657815029,0.4851769586533554,0.4856230523051908,0.4875196165067658,0.48464531274521505,0.486548928357624
BachChoralHarmony,V16,5665.0,0.0448,0.0009,1.0,5.0,3.1336,3.0,1.1141,0.3766,-0.9443,1.0,2.0,0.0789,0.0789,0.0551,0.0551,0.0734,0.0734,1.4124,3.8056,AdaBoost,0.059866763602381766,0.05713262641372377,0.059866763602381766,0.059866763602381766,0.059866763602381766,0.059866763602381766,0.059866763602381766,0.059866763602381766,0.059866763602381766
BachChoralHarmony,V16,5665.0,0.0448,0.0009,1.0,5.0,3.1336,3.0,1.1141,0.3766,-0.9443,1.0,2.0,0.0789,0.0789,0.0551,0.0551,0.0734,0.0734,1.4124,3.8056,SVC,0.5084456212727317,0.5096351746286311,0.5085494781769492,0.5083819024779527,0.508402177391322,0.5084848632534439,0.5080535961089196,0.5086708567756837,0.5088423239329862
bank,duration,3074.0,0.4932,0.3864,7.0,2769.0,277.2766,195.5,278.6453,2.887,12.5668,98.5,223.5,0.0314,0.0336,0.0346,0.0361,0.044,0.046,6.1574,0.0002,DecisionTree,0.8532707638554373,0.8437946211461281,0.8458773280682457,0.8506346400135892,0.8490067227166811,0.847092557710195,0.8513003323995465,0.839660163122791,0.8416207109573384
bank,duration,3074.0,0.4932,0.3864,7.0,2769.0,277.2766,195.5,278.6453,2.887,12.5668,98.5,223.5,0.0314,0.0336,0.0346,0.0361,0.044,0.046,6.1574,0.0002,LogisticRegression,0.8464225488804789,0.839919702976171,0.8401605503520698,0.845434202670684,0.8437729161359417,0.8455854377257925,0.8455551634542857,0.8412635287358537,0.8410999678471869
bank,duration,3074.0,0.4932,0.3864,7.0,2769.0,277.2766,195.5,278.6453,2.887,12.5668,98.5,223.5,0.0314,0.0336,0.0346,0.0361,0.044,0.046,6.1574,0.0002,KNN,0.8481511511958248,0.8451172646315538,0.8510586715076143,0.8491951614154881,0.8495990975427536,0.8476167355063595,0.8495590070905183,0.8497884173571612,0.8482577001203608
bank,duration,3074.0,0.4932,0.3864,7.0,2769.0,277.2766,195.5,278.6453,2.887,12.5668,98.5,223.5,0.0314,0.0336,0.0346,0.0361,0.044,0.046,6.1574,0.0002,RandomForest,0.851950447380615,0.8465600419395856,0.8501842286474163,0.8517357910014107,0.8503597260035661,0.8489305560845551,0.8374900751743899,0.8335663001122806,0.8465398139655159
bank,duration,3074.0,0.4932,0.3864,7.0,2769.0,277.2766,195.5,278.6453,2.887,12.5668,98.5,223.5,0.0314,0.0336,0.0346,0.0361,0.044,0.046,6.1574,0.0002,AdaBoost,0.8579929062568071,0.8547287043593883,0.8537606824995315,0.8557583834700347,0.857509290306774,0.85748886920832,0.8585132018027118,0.8511552441639489,0.8547946113827924
bank,duration,3074.0,0.4932,0.3864,7.0,2769.0,277.2766,195.5,278.6453,2.887,12.5668,98.5,223.5,0.0314,0.0336,0.0346,0.0361,0.044,0.046,6.1574,0.0002,SVC,0.8472658594921596,0.8422122798125098,0.8466928336839148,0.848053276727648,0.8477452966889301,0.8475658255418039,0.8483333818599507,0.8426044479458438,0.845421715171344
bank,duration,3074.0,0.4427,0.3619,4.0,2769.0,264.9043,184.0,265.5768,2.8748,12.6929,95.0,218.0,0.0375,0.0614,0.0603,0.0631,0.077,0.0797,6.1639,0.0002,DecisionTree,0.8517724795434283,0.8532474452631275,0.8468461305653037,0.8494621929436792,0.8580254371729544,0.8495643676374808,0.8477741426504293,0.8504512481340466,0.8460570359444163
bank,duration,3074.0,0.4427,0.3619,4.0,2769.0,264.9043,184.0,265.5768,2.8748,12.6929,95.0,218.0,0.0375,0.0614,0.0603,0.0631,0.077,0.0797,6.1639,0.0002,LogisticRegression,0.8446630418420094,0.8449080197493729,0.842838583330584,0.8435398260653064,0.8449027011334951,0.8468579397195533,0.84531605170249,0.8440977644734553,0.8460276140377591
bank,duration,3074.0,0.4427,0.3619,4.0,2769.0,264.9043,184.0,265.5768,2.8748,12.6929,95.0,218.0,0.0375,0.0614,0.0603,0.0631,0.077,0.0797,6.1639,0.0002,KNN,0.8497259537375008,0.8465317088042594,0.8466609774648308,0.8461214109243335,0.8504813924282836,0.8480605488221791,0.8471832175813356,0.845497559189313,0.845377173895643
bank,duration,3074.0,0.4427,0.3619,4.0,2769.0,264.9043,184.0,265.5768,2.8748,12.6929,95.0,218.0,0.0375,0.0614,0.0603,0.0631,0.077,0.0797,6.1639,0.0002,RandomForest,0.8539193612660471,0.8552689604918031,0.8529739467225719,0.8539761987743792,0.8568695753764467,0.855502945475154,0.8448264671763168,0.8374055995945853,0.8577191618734463
bank,duration,3074.0,0.4427,0.3619,4.0,2769.0,264.9043,184.0,265.5768,2.8748,12.6929,95.0,218.0,0.0375,0.0614,0.0603,0.0631,0.077,0.0797,6.1639,0.0002,AdaBoost,0.8517729622831726,0.8533141059214187,0.8550071335278701,0.8527969312596277,0.8521230889118021,0.8543558170792781,0.8507607198128827,0.8489492800456004,0.8514864777550095
bank,duration,3074.0,0.4427,0.3619,4.0,2769.0,264.9043,184.0,265.5768,2.8748,12.6929,95.0,218.0,0.0375,0.0614,0.0603,0.0631,0.077,0.0797,6.1639,0.0002,SVC,0.8485725636646912,0.8404144060247569,0.8462923211732567,0.8472656914222554,0.84640663246134,0.8455027950665216,0.8478219935810976,0.8401721536684545,0.8465834079225837
bank,duration,3074.0,0.3956,0.3509,4.0,3025.0,268.2524,187.0,269.5078,2.879,13.3164,98.0,227.0,0.0111,0.02,0.0339,0.0383,0.0432,0.0486,6.2019,0.0002,DecisionTree,0.8470982650133432,0.8494495973919869,0.8491767003870441,0.8504834457262143,0.8442711739252686,0.8473383880473753,0.8491439307696328,0.8516270078327013,0.8455063677904442
bank,duration,3074.0,0.3956,0.3509,4.0,3025.0,268.2524,187.0,269.5078,2.879,13.3164,98.0,227.0,0.0111,0.02,0.0339,0.0383,0.0432,0.0486,6.2019,0.0002,LogisticRegression,0.8459124510032715,0.8405491869548735,0.8479828541247653,0.8449226641575169,0.8463975734027201,0.8457150911573645,0.8456079770069507,0.8420351977542935,0.8437322926374898
bank,duration,3074.0,0.3956,0.3509,4.0,3025.0,268.2524,187.0,269.5078,2.879,13.3164,98.0,227.0,0.0111,0.02,0.0339,0.0383,0.0432,0.0486,6.2019,0.0002,KNN,0.8495434369259446,0.8495811878496812,0.8490402761606242,0.8508818295451626,0.8517040252972294,0.8490644087047132,0.8504401943741227,0.8518928153246365,0.8478095464491366
bank,duration,3074.0,0.3956,0.3509,4.0,3025.0,268.2524,187.0,269.5078,2.879,13.3164,98.0,227.0,0.0111,0.02,0.0339,0.0383,0.0432,0.0486,6.2019,0.0002,RandomForest,0.8497957239243993,0.8516174082955298,0.8504438327602919,0.8483774842433077,0.8488835741620847,0.846984601280531,0.840927491517935,0.8428774001402808,0.8490016108739941
bank,duration,3074.0,0.3956,0.3509,4.0,3025.0,268.2524,187.0,269.5078,2.879,13.3164,98.0,227.0,0.0111,0.02,0.0339,0.0383,0.0432,0.0486,6.2019,0.0002,AdaBoost,0.8549500999514887,0.8529794326601436,0.8549615034510909,0.8597450368480657,0.8587130846673284,0.8558177144848427,0.8601714862375244,0.8511714908465491,0.854857972529074
bank,duration,3074.0,0.3956,0.3509,4.0,3025.0,268.2524,187.0,269.5078,2.879,13.3164,98.0,227.0,0.0111,0.02,0.0339,0.0383,0.0432,0.0486,6.2019,0.0002,SVC,0.846002216509438,0.8458933766932408,0.8491139719731232,0.8473227259330272,0.848052805327111,0.845610374932729,0.8457008217578499,0.8440498582345857,0.8471760461487229
bank,duration,3074.0,0.3504,0.3375,4.0,3025.0,272.684,189.0,274.5859,3.0075,14.9566,100.0,233.0,0.0303,0.048,0.0482,0.0508,0.0614,0.0643,6.2309,0.0001,DecisionTree,0.851560646904788,0.8549601337363966,0.8473902923664655,0.8501718824530301,0.8417254237507082,0.8495769378528464,0.8514367216461676,0.8543465444106665,0.8518300481824084
bank,duration,3074.0,0.3504,0.3375,4.0,3025.0,272.684,189.0,274.5859,3.0075,14.9566,100.0,233.0,0.0303,0.048,0.0482,0.0508,0.0614,0.0643,6.2309,0.0001,LogisticRegression,0.8405271399095516,0.8411058430132529,0.8390582042425598,0.841383977454972,0.8413065576836968,0.8414884140726162,0.8402152865434829,0.8434782212074445,0.8398402490679701
bank,duration,3074.0,0.3504,0.3375,4.0,3025.0,272.684,189.0,274.5859,3.0075,14.9566,100.0,233.0,0.0303,0.048,0.0482,0.0508,0.0614,0.0643,6.2309,0.0001,KNN,0.8532131682477839,0.8541404790507011,0.8525903291680795,0.8521781374100773,0.8519786287579095,0.854936787112781,0.8521914511956263,0.8519694579873015,0.853837939224369
bank,duration,3074.0,0.3504,0.3375,4.0,3025.0,272.684,189.0,274.5859,3.0075,14.9566,100.0,233.0,0.0303,0.048,0.0482,0.0508,0.0614,0.0643,6.2309,0.0001,RandomForest,0.8492599430017022,0.8488669200205781,0.8564061244407691,0.8521243580246274,0.8500564825710939,0.8479685300748606,0.8437167626222644,0.8464485238616931,0.8486167982514051
bank,duration,3074.0,0.3504,0.3375,4.0,3025.0,272.684,189.0,274.5859,3.0075,14.9566,100.0,233.0,0.0303,0.048,0.0482,0.0508,0.0614,0.0643,6.2309,0.0001,AdaBoost,0.8545848271962668,0.8519288780840483,0.8574448547061275,0.8532249094907762,0.8507492701822896,0.8539938245903871,0.8541023314242246,0.8495503393878117,0.8515370842436158
bank,duration,3074.0,0.3504,0.3375,4.0,3025.0,272.684,189.0,274.5859,3.0075,14.9566,100.0,233.0,0.0303,0.048,0.0482,0.0508,0.0614,0.0643,6.2309,0.0001,SVC,0.844732614271052,0.8472046220548828,0.8451236397514055,0.844540531200445,0.8442081777880316,0.8463886941595866,0.8474943885880354,0.8469933038718609,0.8448930566801569
bank,duration,3074.0,0.2977,0.3164,4.0,2769.0,267.4048,187.0,264.1163,2.8414,12.8602,98.0,226.5,0.0096,0.0387,0.0314,0.0362,0.0398,0.0459,6.236,0.0001,DecisionTree,0.8612420570147582,0.8513517969580149,0.8572355622252668,0.8554039196375105,0.8526815569038293,0.8592451449967637,0.8602276008998875,0.8516843412527331,0.8548694916340918
bank,duration,3074.0,0.2977,0.3164,4.0,2769.0,267.4048,187.0,264.1163,2.8414,12.8602,98.0,226.5,0.0096,0.0387,0.0314,0.0362,0.0398,0.0459,6.236,0.0001,LogisticRegression,0.8504918521322217,0.8451965573409924,0.8502198787171502,0.8495622497590702,0.8511028804961382,0.8509137195204947,0.8507953577446293,0.8453072702951558,0.8473465724941034
bank,duration,3074.0,0.2977,0.3164,4.0,2769.0,267.4048,187.0,264.1163,2.8414,12.8602,98.0,226.5,0.0096,0.0387,0.0314,0.0362,0.0398,0.0459,6.236,0.0001,KNN,0.8509117985931398,0.8510898132736183,0.8516802749855447,0.8513060884922867,0.8508889401005882,0.8497857626318037,0.8493896113030004,0.8505037431255957,0.8504527705555456
bank,duration,3074.0,0.2977,0.3164,4.0,2769.0,267.4048,187.0,264.1163,2.8414,12.8602,98.0,226.5,0.0096,0.0387,0.0314,0.0362,0.0398,0.0459,6.236,0.0001,RandomForest,0.8507194660575483,0.85450764462603,0.8574816055889125,0.8549104507612776,0.8519065434940171,0.8534173524855871,0.8490260429431925,0.8413022347219417,0.8542246145998245
bank,duration,3074.0,0.2977,0.3164,4.0,2769.0,267.4048,187.0,264.1163,2.8414,12.8602,98.0,226.5,0.0096,0.0387,0.0314,0.0362,0.0398,0.0459,6.236,0.0001,AdaBoost,0.8555893417078566,0.8556320801550151,0.8525116156014695,0.8543601598262166,0.8570535660581191,0.8519876398063138,0.8541707785834155,0.8458853118292469,0.8551407592926159
bank,duration,3074.0,0.2977,0.3164,4.0,2769.0,267.4048,187.0,264.1163,2.8414,12.8602,98.0,226.5,0.0096,0.0387,0.0314,0.0362,0.0398,0.0459,6.236,0.0001,SVC,0.8427444550239311,0.8477671336739279,0.8461087129604495,0.8449356920647968,0.8452366688744277,0.8444695122152114,0.8449427791118937,0.8477573829962164,0.8433271483139694
bank,duration,3074.0,0.2563,0.304,4.0,2456.0,266.8206,187.5,262.0782,2.6634,10.3164,97.5,223.75,0.0189,0.0343,0.0298,0.0324,0.0378,0.0409,6.2452,0.0001,DecisionTree,0.8633778612661079,0.8560360287072428,0.8636376285447942,0.8648507405408088,0.8574825787592648,0.8657535271767555,0.8657714093772552,0.854958426647497,0.863166894783417
bank,duration,3074.0,0.2563,0.304,4.0,2456.0,266.8206,187.5,262.0782,2.6634,10.3164,97.5,223.75,0.0189,0.0343,0.0298,0.0324,0.0378,0.0409,6.2452,0.0001,LogisticRegression,0.8518491039326046,0.8442271118361843,0.8509278913336562,0.8519514784823762,0.8515179567866658,0.8517096696054425,0.8520675603979897,0.8459610238277258,0.8505554483182212
bank,duration,3074.0,0.2563,0.304,4.0,2456.0,266.8206,187.5,262.0782,2.6634,10.3164,97.5,223.75,0.0189,0.0343,0.0298,0.0324,0.0378,0.0409,6.2452,0.0001,KNN,0.8565007528388553,0.8547211804089075,0.8569935611962041,0.8569023537269158,0.8575583964682374,0.8571349929456609,0.8559193635850062,0.8551350063590577,0.8551750255710056
bank,duration,3074.0,0.2563,0.304,4.0,2456.0,266.8206,187.5,262.0782,2.6634,10.3164,97.5,223.75,0.0189,0.0343,0.0298,0.0324,0.0378,0.0409,6.2452,0.0001,RandomForest,0.8620137635382895,0.8643788981494349,0.8619518183852156,0.8633672667884795,0.8628614054011098,0.8633964371038283,0.8511184625555739,0.8474465737306176,0.8634787165752841
bank,duration,3074.0,0.2563,0.304,4.0,2456.0,266.8206,187.5,262.0782,2.6634,10.3164,97.5,223.75,0.0189,0.0343,0.0298,0.0324,0.0378,0.0409,6.2452,0.0001,AdaBoost,0.8643571069101863,0.8600137039330591,0.8612473373917964,0.8646581327379035,0.8639998144825118,0.8640226891745757,0.862772788092012,0.8560444535707104,0.8619169561870911
bank,duration,3074.0,0.2563,0.304,4.0,2456.0,266.8206,187.5,262.0782,2.6634,10.3164,97.5,223.75,0.0189,0.0343,0.0298,0.0324,0.0378,0.0409,6.2452,0.0001,SVC,0.8488420974370113,0.8475194542674946,0.8482358138312162,0.8481349809856211,0.8482257113827678,0.8474846531109447,0.8480489846963717,0.8460509463831003,0.8460807856979979
bank,duration,3074.0,0.2004,0.2917,4.0,2456.0,269.904,188.5,262.0897,2.6011,9.8458,99.5,231.0,0.0,0.0007,0.0202,0.0234,0.0258,0.0297,6.2717,0.0001,DecisionTree,0.8629891097692738,0.8698369488280282,0.8627844162828819,0.867415826742038,0.8684839834360715,0.8653859812892426,0.8553315830884097,0.8678578622927376,0.8624789373366069
bank,duration,3074.0,0.2004,0.2917,4.0,2456.0,269.904,188.5,262.0897,2.6011,9.8458,99.5,231.0,0.0,0.0007,0.0202,0.0234,0.0258,0.0297,6.2717,0.0001,LogisticRegression,0.8478320446382163,0.8452005921576493,0.8495099046727608,0.8483131275047296,0.8473463561365362,0.8497283070864837,0.8482746327637489,0.8493803969603436,0.8466927593382443
bank,duration,3074.0,0.2004,0.2917,4.0,2456.0,269.904,188.5,262.0897,2.6011,9.8458,99.5,231.0,0.0,0.0007,0.0202,0.0234,0.0258,0.0297,6.2717,0.0001,KNN,0.857908065661816,0.8558288797695662,0.8579167598648245,0.8587675630202923,0.858538872264977,0.8580926136494941,0.8594033469035894,0.8569157586522271,0.8574392074922099
bank,duration,3074.0,0.2004,0.2917,4.0,2456.0,269.904,188.5,262.0897,2.6011,9.8458,99.5,231.0,0.0,0.0007,0.0202,0.0234,0.0258,0.0297,6.2717,0.0001,RandomForest,0.8645150233389302,0.8612419389359737,0.865974473706787,0.86368390579849,0.8643861095893609,0.864653823748092,0.8599064854967435,0.8522058176504022,0.8617843513603903
bank,duration,3074.0,0.2004,0.2917,4.0,2456.0,269.904,188.5,262.0897,2.6011,9.8458,99.5,231.0,0.0,0.0007,0.0202,0.0234,0.0258,0.0297,6.2717,0.0001,AdaBoost,0.8565787666339275,0.8574375390660003,0.8598720420609588,0.8591631782349338,0.8604318563913085,0.8602340188093687,0.8576618288322908,0.8515486561539276,0.8554088741855637
bank,duration,3074.0,0.2004,0.2917,4.0,2456.0,269.904,188.5,262.0897,2.6011,9.8458,99.5,231.0,0.0,0.0007,0.0202,0.0234,0.0258,0.0297,6.2717,0.0001,SVC,0.8512962536197243,0.846696182769409,0.8500994775529049,0.852375075762314,0.8508927957463432,0.8517339114681899,0.8515794512973227,0.8453419689181049,0.8505059930848944
bank,duration,3074.0,0.1529,0.2834,4.0,3025.0,269.2995,186.5,272.108,2.9766,14.4332,98.5,226.0,0.0076,0.0299,0.0265,0.0305,0.0339,0.0388,6.2784,0.0001,DecisionTree,0.8568796569844634,0.8644008028906822,0.8599908135312884,0.8579892617892931,0.8590151856788886,0.8574007422529294,0.8589437838981888,0.8659822776474017,0.8557729848446243
bank,duration,3074.0,0.1529,0.2834,4.0,3025.0,269.2995,186.5,272.108,2.9766,14.4332,98.5,226.0,0.0076,0.0299,0.0265,0.0305,0.0339,0.0388,6.2784,0.0001,LogisticRegression,0.8543204504567734,0.8535219594701102,0.8519461763554838,0.854520802503425,0.8539189574641775,0.8521815623584058,0.8537062258128345,0.85374408442759,0.8539156677216984
bank,duration,3074.0,0.1529,0.2834,4.0,3025.0,269.2995,186.5,272.108,2.9766,14.4332,98.5,226.0,0.0076,0.0299,0.0265,0.0305,0.0339,0.0388,6.2784,0.0001,KNN,0.8619059470546029,0.8610476286977835,0.8615460178003129,0.8614663841149464,0.8590440187185715,0.8597407440632905,0.8592258895088041,0.8602983859221713,0.8586709358871464
bank,duration,3074.0,0.1529,0.2834,4.0,3025.0,269.2995,186.5,272.108,2.9766,14.4332,98.5,226.0,0.0076,0.0299,0.0265,0.0305,0.0339,0.0388,6.2784,0.0001,RandomForest,0.8652976073912555,0.869187065731766,0.8689994103623943,0.8651993472760641,0.8637956551613456,0.8666545890100918,0.8585241711437877,0.8627938322084203,0.8660617069486789
bank,duration,3074.0,0.1529,0.2834,4.0,3025.0,269.2995,186.5,272.108,2.9766,14.4332,98.5,226.0,0.0076,0.0299,0.0265,0.0305,0.0339,0.0388,6.2784,0.0001,AdaBoost,0.8581687780295542,0.8597196790944679,0.8553090849732942,0.8563593802038438,0.8607209905713524,0.8594817371520173,0.8606108291366484,0.8586577442873562,0.857107374326103
bank,duration,3074.0,0.1529,0.2834,4.0,3025.0,269.2995,186.5,272.108,2.9766,14.4332,98.5,226.0,0.0076,0.0299,0.0265,0.0305,0.0339,0.0388,6.2784,0.0001,SVC,0.8569900061568198,0.8562155022058435,0.8569960344452586,0.8567638649814634,0.8540034174223354,0.8554980426391937,0.8552687521756555,0.8572360946853935,0.8548559189393873
bank,duration,3074.0,0.093,0.2715,4.0,3025.0,271.3935,185.0,274.7054,2.9196,13.739,98.0,231.25,0.0106,0.0309,0.0309,0.0358,0.0395,0.0454,6.2955,0.0001,DecisionTree,0.8669302682598932,0.8605902978813024,0.8671575148324231,0.8673270449736553,0.8656983410258534,0.8667902631610843,0.8660011744112558,0.8615627963136887,0.8627181664338236
bank,duration,3074.0,0.093,0.2715,4.0,3025.0,271.3935,185.0,274.7054,2.9196,13.739,98.0,231.25,0.0106,0.0309,0.0309,0.0358,0.0395,0.0454,6.2955,0.0001,LogisticRegression,0.857624182587837,0.8533033618308754,0.857433623286959,0.8578660174887802,0.8569995277740275,0.8578660174887802,0.8569854813412302,0.8535446626355133,0.8562342307593572
bank,duration,3074.0,0.093,0.2715,4.0,3025.0,271.3935,185.0,274.7054,2.9196,13.739,98.0,231.25,0.0106,0.0309,0.0309,0.0358,0.0395,0.0454,6.2955,0.0001,KNN,0.8628468408046771,0.8611368347857611,0.8640939873268624,0.8622373932771724,0.862883695028881,0.8632465608181045,0.8630963336053409,0.8617980822358844,0.8626836580545697
bank,duration,3074.0,0.093,0.2715,4.0,3025.0,271.3935,185.0,274.7054,2.9196,13.739,98.0,231.25,0.0106,0.0309,0.0309,0.0358,0.0395,0.0454,6.2955,0.0001,RandomForest,0.863092626178456,0.8630254579131462,0.8661983520181576,0.8627511872741538,0.8622941238208681,0.8648070725046576,0.8652614258604242,0.8624595406651812,0.862717680267619
bank,duration,3074.0,0.093,0.2715,4.0,3025.0,271.3935,185.0,274.7054,2.9196,13.739,98.0,231.25,0.0106,0.0309,0.0309,0.0358,0.0395,0.0454,6.2955,0.0001,AdaBoost,0.8628592611263279,0.8557570302011644,0.863314638682766,0.8633472838064943,0.8642161784250764,0.8598408768199758,0.8614281219919578,0.8566475646241543,0.8629327624386344
bank,duration,3074.0,0.093,0.2715,4.0,3025.0,271.3935,185.0,274.7054,2.9196,13.739,98.0,231.25,0.0106,0.0309,0.0309,0.0358,0.0395,0.0454,6.2955,0.0001,SVC,0.8602471379381782,0.8553320317720127,0.8576537981427624,0.8602471379381782,0.8592658023365412,0.8592430249545812,0.8605405378299057,0.856806909285723,0.8582322665805318
bank,duration,3074.0,0.0442,0.2604,4.0,3025.0,268.9905,186.0,270.6084,2.9576,14.1635,97.0,225.75,0.0063,0.0283,0.0298,0.0341,0.038,0.0433,6.2971,0.0001,DecisionTree,0.8690835324185759,0.872799188598676,0.8660479039819029,0.8690835324185759,0.869911370662162,0.8682843636253337,0.8690835324185759,0.8724807248963262,0.8657502017906858
bank,duration,3074.0,0.0442,0.2604,4.0,3025.0,268.9905,186.0,270.6084,2.9576,14.1635,97.0,225.75,0.0063,0.0283,0.0298,0.0341,0.038,0.0433,6.2971,0.0001,LogisticRegression,0.8557066418830175,0.856175621455759,0.8555020104880926,0.8557066418830175,0.8557066418830175,0.8557066418830175,0.8557066418830175,0.8563815632551339,0.8557674063350462
bank,duration,3074.0,0.0442,0.2604,4.0,3025.0,268.9905,186.0,270.6084,2.9576,14.1635,97.0,225.75,0.0063,0.0283,0.0298,0.0341,0.038,0.0433,6.2971,0.0001,KNN,0.8594684095246833,0.8611921573597684,0.8573220167181123,0.859043107135341,0.8592624210868018,0.857727366793984,0.8590841142486334,0.8605521764421837,0.8572862705899283
bank,duration,3074.0,0.0442,0.2604,4.0,3025.0,268.9905,186.0,270.6084,2.9576,14.1635,97.0,225.75,0.0063,0.0283,0.0298,0.0341,0.038,0.0433,6.2971,0.0001,RandomForest,0.8658379640161586,0.8668660266893348,0.8667174435136346,0.864640183461521,0.8621090014029396,0.8639096923900709,0.8637409091079877,0.8662705893970933,0.8646268490973166
bank,duration,3074.0,0.0442,0.2604,4.0,3025.0,268.9905,186.0,270.6084,2.9576,14.1635,97.0,225.75,0.0063,0.0283,0.0298,0.0341,0.038,0.0433,6.2971,0.0001,AdaBoost,0.8621708405003118,0.8656849808553427,0.8621567488283719,0.8617927722944175,0.8621551006808096,0.8617670760679119,0.8617664856063603,0.8637391521561593,0.8615487550005345
bank,duration,3074.0,0.0442,0.2604,4.0,3025.0,268.9905,186.0,270.6084,2.9576,14.1635,97.0,225.75,0.0063,0.0283,0.0298,0.0341,0.038,0.0433,6.2971,0.0001,SVC,0.8553083472907648,0.8584809075570484,0.8561557404691478,0.8551034170591261,0.8555139226967019,0.8555095361689264,0.8540257453174007,0.857246361847944,0.8561557404691478
bank,pdays,3074.0,0.4954,0.1122,-1.0,871.0,38.8259,-1.0,97.8501,2.8308,9.2663,0.0,0.0,0.0126,0.6003,0.0288,0.9077,0.0371,0.9865,1.3963,0.0029,DecisionTree,0.8703703889911232,0.869504338808921,0.867140300303238,0.8670029133373336,0.8693794835808127,0.8620107657516763,0.8697609288610563,0.8687535427791944,0.8653624892448063
bank,pdays,3074.0,0.4954,0.1122,-1.0,871.0,38.8259,-1.0,97.8501,2.8308,9.2663,0.0,0.0,0.0126,0.6003,0.0288,0.9077,0.0371,0.9865,1.3963,0.0029,LogisticRegression,0.8579568695128281,0.8582009334194596,0.8573795706810117,0.8582616583533081,0.8582616583533081,0.8561193878080376,0.8586245124388201,0.857556372878651,0.8556611074098263
bank,pdays,3074.0,0.4954,0.1122,-1.0,871.0,38.8259,-1.0,97.8501,2.8308,9.2663,0.0,0.0,0.0126,0.6003,0.0288,0.9077,0.0371,0.9865,1.3963,0.0029,KNN,0.8588826556262167,0.8612988374750705,0.8625759525610325,0.8608628924562723,0.8608227358322872,0.858928091743719,0.8573350220816542,0.8634777695227922,0.8586569820654547
bank,pdays,3074.0,0.4954,0.1122,-1.0,871.0,38.8259,-1.0,97.8501,2.8308,9.2663,0.0,0.0,0.0126,0.6003,0.0288,0.9077,0.0371,0.9865,1.3963,0.0029,RandomForest,0.8656746815851569,0.8643898869855626,0.8662819383456704,0.8676865951824145,0.869063406526176,0.868982601814523,0.8688310237732882,0.8689575572785746,0.8650922155950208
bank,pdays,3074.0,0.4954,0.1122,-1.0,871.0,38.8259,-1.0,97.8501,2.8308,9.2663,0.0,0.0,0.0126,0.6003,0.0288,0.9077,0.0371,0.9865,1.3963,0.0029,AdaBoost,0.8643151681237915,0.8612389956297303,0.8627399073826093,0.8661517608491061,0.8675836178737799,0.8595381799496123,0.8689051611536129,0.863350908485112,0.8610779343044583
bank,pdays,3074.0,0.4954,0.1122,-1.0,871.0,38.8259,-1.0,97.8501,2.8308,9.2663,0.0,0.0,0.0126,0.6003,0.0288,0.9077,0.0371,0.9865,1.3963,0.0029,SVC,0.8567996601514537,0.8574613012171733,0.8581107240672632,0.8591548128666442,0.8587124088074747,0.8567936482509863,0.8557685024759106,0.8585252982868787,0.8576265964340037
bank,pdays,3074.0,0.4522,0.111,-1.0,871.0,39.041,-1.0,95.4065,2.6312,7.5751,0.0,0.0,0.0021,0.6063,0.0263,0.9022,0.0335,0.9851,1.4396,0.0026,DecisionTree,0.8684469743432861,0.8693485278924996,0.8669850753279953,0.8696200271289716,0.8643643519888435,0.8695969890237393,0.8702745599768015,0.8681872102557694,0.8685761574648299
bank,pdays,3074.0,0.4522,0.111,-1.0,871.0,39.041,-1.0,95.4065,2.6312,7.5751,0.0,0.0,0.0021,0.6063,0.0263,0.9022,0.0335,0.9851,1.4396,0.0026,LogisticRegression,0.8571489663632441,0.8571908532831409,0.8560204465517806,0.8576470760778839,0.8578526743899687,0.8569229191816525,0.8556091358979776,0.8563318647350612,0.8574001154096186
bank,pdays,3074.0,0.4522,0.111,-1.0,871.0,39.041,-1.0,95.4065,2.6312,7.5751,0.0,0.0,0.0021,0.6063,0.0263,0.9022,0.0335,0.9851,1.4396,0.0026,KNN,0.859002583967758,0.8581545420783901,0.8602059026333813,0.8597842988718322,0.8593225595959955,0.8580937658621524,0.8595592263359311,0.8604487202419874,0.8586921088706541
bank,pdays,3074.0,0.4522,0.111,-1.0,871.0,39.041,-1.0,95.4065,2.6312,7.5751,0.0,0.0,0.0021,0.6063,0.0263,0.9022,0.0335,0.9851,1.4396,0.0026,RandomForest,0.8652543603480043,0.8665673907633914,0.8655161748600311,0.8640095316435553,0.8678183699353199,0.8628800111009691,0.8641146409185184,0.8655551870083352,0.8629900427145722
bank,pdays,3074.0,0.4522,0.111,-1.0,871.0,39.041,-1.0,95.4065,2.6312,7.5751,0.0,0.0,0.0021,0.6063,0.0263,0.9022,0.0335,0.9851,1.4396,0.0026,AdaBoost,0.863968472864209,0.8642637922221852,0.8626226474893626,0.8600901400527885,0.8632055625500564,0.8642105661924295,0.8680026610284031,0.8642327634945639,0.8604743464652143
bank,pdays,3074.0,0.4522,0.111,-1.0,871.0,39.041,-1.0,95.4065,2.6312,7.5751,0.0,0.0,0.0021,0.6063,0.0263,0.9022,0.0335,0.9851,1.4396,0.0026,SVC,0.857034378850715,0.8583003098288284,0.8566622437986763,0.8566567067569103,0.8556042384168522,0.8566504304903348,0.8581059667294235,0.8560132175961537,0.8552116964105421
bank,pdays,3074.0,0.39,0.1061,-1.0,871.0,39.9541,-1.0,101.0231,2.8561,9.3801,0.0,0.0,0.0035,0.5883,0.0386,0.9026,0.0493,0.9855,1.4275,0.0023,DecisionTree,0.8704001894350901,0.8664500250255545,0.8730748401004638,0.8660485703567522,0.8673550692674885,0.8738355157529168,0.8700080233902693,0.8677679345710378,0.8757003535579433
bank,pdays,3074.0,0.39,0.1061,-1.0,871.0,39.9541,-1.0,101.0231,2.8561,9.3801,0.0,0.0,0.0035,0.5883,0.0386,0.9026,0.0493,0.9855,1.4275,0.0023,LogisticRegression,0.8567932762641097,0.8565678762035824,0.8562660451147968,0.856093453481246,0.856093453481246,0.8561037270360944,0.855909100411617,0.8563335142940147,0.8561037270360944
bank,pdays,3074.0,0.39,0.1061,-1.0,871.0,39.9541,-1.0,101.0231,2.8561,9.3801,0.0,0.0,0.0035,0.5883,0.0386,0.9026,0.0493,0.9855,1.4275,0.0023,KNN,0.8593471480462374,0.859550869791206,0.8611309964448117,0.8601901056842829,0.8606971911943737,0.8605299469591097,0.8560284663532163,0.8598921079753261,0.8579468719580534
bank,pdays,3074.0,0.39,0.1061,-1.0,871.0,39.9541,-1.0,101.0231,2.8561,9.3801,0.0,0.0,0.0035,0.5883,0.0386,0.9026,0.0493,0.9855,1.4275,0.0023,RandomForest,0.8601341305370189,0.8601441773244842,0.8590719239164912,0.8608888247656822,0.8619922311391589,0.8597806107487749,0.8628671940154007,0.8632269767651815,0.8573377487688669
bank,pdays,3074.0,0.39,0.1061,-1.0,871.0,39.9541,-1.0,101.0231,2.8561,9.3801,0.0,0.0,0.0035,0.5883,0.0386,0.9026,0.0493,0.9855,1.4275,0.0023,AdaBoost,0.8638370142347623,0.8598682564752446,0.8605299370249828,0.8663276217953365,0.8661374850221077,0.8601602048010064,0.8660045091621486,0.8641757831909893,0.8584749911555729
bank,pdays,3074.0,0.39,0.1061,-1.0,871.0,39.9541,-1.0,101.0231,2.8561,9.3801,0.0,0.0,0.0035,0.5883,0.0386,0.9026,0.0493,0.9855,1.4275,0.0023,SVC,0.8597484755068878,0.856853594036744,0.8549679678266561,0.8546242403370822,0.8538075915671348,0.8558191336547225,0.8584883677958486,0.856035097980128,0.8552165451921981
bank,pdays,3074.0,0.3445,0.1037,-1.0,871.0,38.6069,-1.0,98.513,2.87,9.5866,0.0,0.0,0.0066,0.6004,0.0203,0.9074,0.0261,0.9866,1.4,0.0021,DecisionTree,0.8650644358281323,0.865091063768043,0.8692597720751125,0.8682830680159881,0.8679689127893931,0.8675945811071748,0.8659951276246156,0.8631974430628289,0.8619695660507626
bank,pdays,3074.0,0.3445,0.1037,-1.0,871.0,38.6069,-1.0,98.513,2.87,9.5866,0.0,0.0,0.0066,0.6004,0.0203,0.9074,0.0261,0.9866,1.4,0.0021,LogisticRegression,0.8567303057577584,0.8567399823999048,0.8557545732163694,0.8557624414864109,0.8560196260381986,0.8567792813703797,0.8565703700320612,0.8558549185010579,0.8567321401645506
bank,pdays,3074.0,0.3445,0.1037,-1.0,871.0,38.6069,-1.0,98.513,2.87,9.5866,0.0,0.0,0.0066,0.6004,0.0203,0.9074,0.0261,0.9866,1.4,0.0021,KNN,0.8581500183515489,0.8587447830728284,0.8633275824687026,0.8639425860336519,0.8650192837721115,0.8604591368445302,0.857562869322037,0.8616176938252464,0.8610345106489045
bank,pdays,3074.0,0.3445,0.1037,-1.0,871.0,38.6069,-1.0,98.513,2.87,9.5866,0.0,0.0,0.0066,0.6004,0.0203,0.9074,0.0261,0.9866,1.4,0.0021,RandomForest,0.8613021669610712,0.8617182654323323,0.8644445995612132,0.8651149821763939,0.8627925347558435,0.8649371138337556,0.8657606283318573,0.8639292091347833,0.8634723237379673
bank,pdays,3074.0,0.3445,0.1037,-1.0,871.0,38.6069,-1.0,98.513,2.87,9.5866,0.0,0.0,0.0066,0.6004,0.0203,0.9074,0.0261,0.9866,1.4,0.0021,AdaBoost,0.8644212636095419,0.8640126148597287,0.8631467831177578,0.8650471086617271,0.8650275701235604,0.8661405771615779,0.8642210515659182,0.8619136430873957,0.8621326665382678
bank,pdays,3074.0,0.3445,0.1037,-1.0,871.0,38.6069,-1.0,98.513,2.87,9.5866,0.0,0.0,0.0066,0.6004,0.0203,0.9074,0.0261,0.9866,1.4,0.0021,SVC,0.8597577379443642,0.8564192861950958,0.8574959961186989,0.8570945607433385,0.8572875309313615,0.8574685134641864,0.8558035792703398,0.8566117996551633,0.8595146736583794
bank,pdays,3074.0,0.2833,0.1003,-1.0,687.0,38.497,-1.0,96.4401,2.6159,6.6974,0.0,0.0,0.0043,0.625,0.0189,0.9082,0.024,0.9868,1.4049,0.0019,DecisionTree,0.8683543786710728,0.8702646171231396,0.8668342026386113,0.8692596414522391,0.8649408212387797,0.8725835847890506,0.8687500025537789,0.8678053698421897,0.8734051946924135
bank,pdays,3074.0,0.2833,0.1003,-1.0,687.0,38.497,-1.0,96.4401,2.6159,6.6974,0.0,0.0,0.0043,0.625,0.0189,0.9082,0.024,0.9868,1.4049,0.0019,LogisticRegression,0.8565259793620853,0.8569820201182226,0.8560346987453398,0.8564957490479397,0.8567539514282436,0.8558510954428951,0.8574830008969019,0.8565196977187775,0.8556515363789358
bank,pdays,3074.0,0.2833,0.1003,-1.0,687.0,38.497,-1.0,96.4401,2.6159,6.6974,0.0,0.0,0.0043,0.625,0.0189,0.9082,0.024,0.9868,1.4049,0.0019,KNN,0.8590468841238269,0.858779568039368,0.8619879520569574,0.8597070491468176,0.8595773816701129,0.8581896630508848,0.8578372204013345,0.8580466299536322,0.8603228360077491
bank,pdays,3074.0,0.2833,0.1003,-1.0,687.0,38.497,-1.0,96.4401,2.6159,6.6974,0.0,0.0,0.0043,0.625,0.0189,0.9082,0.024,0.9868,1.4049,0.0019,RandomForest,0.8590746673115196,0.8601710111122046,0.8630840979573432,0.862658002014097,0.8641939017302236,0.8602531475795856,0.862022921212986,0.8622462892733581,0.86006263845836
bank,pdays,3074.0,0.2833,0.1003,-1.0,687.0,38.497,-1.0,96.4401,2.6159,6.6974,0.0,0.0,0.0043,0.625,0.0189,0.9082,0.024,0.9868,1.4049,0.0019,AdaBoost,0.8641627966186195,0.8623084550799184,0.8641990733918065,0.8681448440567805,0.8647287106708696,0.8654855085418924,0.8624722382797501,0.8637283987510813,0.8649414696330385
bank,pdays,3074.0,0.2833,0.1003,-1.0,687.0,38.497,-1.0,96.4401,2.6159,6.6974,0.0,0.0,0.0043,0.625,0.0189,0.9082,0.024,0.9868,1.4049,0.0019,SVC,0.858274559322932,0.8574445222249192,0.8584657111783314,0.8564156859384321,0.8550918863237955,0.8553361009690029,0.8568076325086015,0.857024995029544,0.8541070514986858
bank,pdays,3074.0,0.255,0.0956,-1.0,871.0,38.7022,-1.0,97.4079,2.7272,8.0271,0.0,0.0,0.0025,0.5883,0.0273,0.9037,0.035,0.9858,1.4066,0.0019,DecisionTree,0.8677435740105112,0.8677435740105112,0.8646140550460732,0.8705506286712976,0.8676596664956931,0.8669304103142152,0.8675998567683038,0.8645021344645548,0.8690434596616377
bank,pdays,3074.0,0.255,0.0956,-1.0,871.0,38.7022,-1.0,97.4079,2.7272,8.0271,0.0,0.0,0.0025,0.5883,0.0273,0.9037,0.035,0.9858,1.4066,0.0019,LogisticRegression,0.8565170673266338,0.8567230680723077,0.8566825899281497,0.8564652429669085,0.8564652429669085,0.8564652429669085,0.8560346987453398,0.8567230680723077,0.8562574326054897
bank,pdays,3074.0,0.255,0.0956,-1.0,871.0,38.7022,-1.0,97.4079,2.7272,8.0271,0.0,0.0,0.0025,0.5883,0.0273,0.9037,0.035,0.9858,1.4066,0.0019,KNN,0.861319874976842,0.8593080584174417,0.8622538083724649,0.8613942908984099,0.861760053709091,0.860157189954889,0.8603268193166889,0.8620550873217727,0.8616449744976071
bank,pdays,3074.0,0.255,0.0956,-1.0,871.0,38.7022,-1.0,97.4079,2.7272,8.0271,0.0,0.0,0.0025,0.5883,0.0273,0.9037,0.035,0.9858,1.4066,0.0019,RandomForest,0.858419183866552,0.8589695226929888,0.8638881896468134,0.8612345144332989,0.8655151230554003,0.8583903440844205,0.860899970595856,0.8622519973869716,0.8589648297288777
bank,pdays,3074.0,0.255,0.0956,-1.0,871.0,38.7022,-1.0,97.4079,2.7272,8.0271,0.0,0.0,0.0025,0.5883,0.0273,0.9037,0.035,0.9858,1.4066,0.0019,AdaBoost,0.8645861816469955,0.8603412857254404,0.8656908013508705,0.8645485662862771,0.8662670824914482,0.8613522499926418,0.8653768721297177,0.867102627401856,0.8634561945144789
bank,pdays,3074.0,0.255,0.0956,-1.0,871.0,38.7022,-1.0,97.4079,2.7272,8.0271,0.0,0.0,0.0025,0.5883,0.0273,0.9037,0.035,0.9858,1.4066,0.0019,SVC,0.8574037855310526,0.8582395371499623,0.8578883815155095,0.8568889396340356,0.8556259982816639,0.8574232664529178,0.8611554005396658,0.858686853812221,0.8572181310732676
bank,pdays,3074.0,0.2001,0.0927,-1.0,871.0,38.9691,-1.0,98.9935,2.769,8.5151,0.0,0.0,0.0011,0.6311,0.0346,0.9121,0.0443,0.9877,1.3857,0.0018,DecisionTree,0.8667136858679375,0.8681993456590298,0.8656770021214871,0.870213798020597,0.8658181388471408,0.8674336857475738,0.8691753438642649,0.8698982325168714,0.8658666899195395
bank,pdays,3074.0,0.2001,0.0927,-1.0,871.0,38.9691,-1.0,98.9935,2.769,8.5151,0.0,0.0,0.0011,0.6311,0.0346,0.9121,0.0443,0.9877,1.3857,0.0018,LogisticRegression,0.8564891733172477,0.8567286554836017,0.8555967014868558,0.8562586734721669,0.8560009922929676,0.8563761521679005,0.8560681041991559,0.8567435360346296,0.8571985454658012
bank,pdays,3074.0,0.2001,0.0927,-1.0,871.0,38.9691,-1.0,98.9935,2.769,8.5151,0.0,0.0,0.0011,0.6311,0.0346,0.9121,0.0443,0.9877,1.3857,0.0018,KNN,0.8581460875200134,0.8589670956498762,0.86012408641758,0.8618403255979364,0.8620198441271528,0.8591672990767973,0.8611875039996388,0.8622436349575392,0.8593054936638594
bank,pdays,3074.0,0.2001,0.0927,-1.0,871.0,38.9691,-1.0,98.9935,2.769,8.5151,0.0,0.0,0.0011,0.6311,0.0346,0.9121,0.0443,0.9877,1.3857,0.0018,RandomForest,0.8573980276901491,0.8554113879018975,0.8630659836956416,0.8654060145978186,0.8628713308392486,0.8578004856884308,0.8601014072621329,0.8621349457718027,0.8587147332741469
bank,pdays,3074.0,0.2001,0.0927,-1.0,871.0,38.9691,-1.0,98.9935,2.769,8.5151,0.0,0.0,0.0011,0.6311,0.0346,0.9121,0.0443,0.9877,1.3857,0.0018,AdaBoost,0.8653596574489657,0.8670628097839979,0.8633064146295311,0.8633539165941791,0.8609716173624264,0.8651669273931885,0.8633551987071795,0.8593386044529461,0.8601358269120245
bank,pdays,3074.0,0.2001,0.0927,-1.0,871.0,38.9691,-1.0,98.9935,2.769,8.5151,0.0,0.0,0.0011,0.6311,0.0346,0.9121,0.0443,0.9877,1.3857,0.0018,SVC,0.856624397956371,0.8576743355334308,0.8549930486095785,0.854960080289532,0.855335289229901,0.8564165927338712,0.858733199929206,0.8581203029376535,0.8570088440152619
bank,pdays,3074.0,0.1467,0.0896,-1.0,804.0,38.5536,-1.0,96.9243,2.6405,7.0137,0.0,0.0,0.0149,0.6035,0.0322,0.9053,0.041,0.9862,1.4121,0.0017,DecisionTree,0.8688618047648992,0.869980421133476,0.8615713667612341,0.8689458526924522,0.8672333212371417,0.8708307847698615,0.8699974943390899,0.8682307011099105,0.8709281437166045
bank,pdays,3074.0,0.1467,0.0896,-1.0,804.0,38.5536,-1.0,96.9243,2.6405,7.0137,0.0,0.0,0.0149,0.6035,0.0322,0.9053,0.041,0.9862,1.4121,0.0017,LogisticRegression,0.8562692494834727,0.8567275298816841,0.8558003070376589,0.8562598256047056,0.8564652429669085,0.8567275298816841,0.8565259793620853,0.8562692494834727,0.8561257039325959
bank,pdays,3074.0,0.1467,0.0896,-1.0,804.0,38.5536,-1.0,96.9243,2.6405,7.0137,0.0,0.0,0.0149,0.6035,0.0322,0.9053,0.041,0.9862,1.4121,0.0017,KNN,0.8621819657935386,0.8628200797959931,0.8606017045062292,0.8627187196733476,0.8618496526834822,0.8629237307271912,0.8614607980392642,0.8623938716692829,0.8635501139793499
bank,pdays,3074.0,0.1467,0.0896,-1.0,804.0,38.5536,-1.0,96.9243,2.6405,7.0137,0.0,0.0,0.0149,0.6035,0.0322,0.9053,0.041,0.9862,1.4121,0.0017,RandomForest,0.8626898428169144,0.8633694838080033,0.8637107395555054,0.867209188228769,0.8644383489123795,0.8643673016265208,0.8664780481423954,0.864038406027689,0.8626146181312462
bank,pdays,3074.0,0.1467,0.0896,-1.0,804.0,38.5536,-1.0,96.9243,2.6405,7.0137,0.0,0.0,0.0149,0.6035,0.0322,0.9053,0.041,0.9862,1.4121,0.0017,AdaBoost,0.8660224412781166,0.863003889833754,0.8594399024447472,0.8629860698200239,0.8631326883811211,0.8668502931766042,0.8654984549382426,0.863215135553751,0.8646204450691293
bank,pdays,3074.0,0.1467,0.0896,-1.0,804.0,38.5536,-1.0,96.9243,2.6405,7.0137,0.0,0.0,0.0149,0.6035,0.0322,0.9053,0.041,0.9862,1.4121,0.0017,SVC,0.8592935592871015,0.8591294742931868,0.8566612467371878,0.8585292148628026,0.8585208556498791,0.85873227532829,0.85972471529483,0.8599142611067383,0.8593457738318001
bank,pdays,3074.0,0.1051,0.0901,-1.0,871.0,39.8459,-1.0,99.574,2.7414,8.3353,0.0,0.0,0.0101,0.6049,0.0295,0.9043,0.0377,0.9858,1.4462,0.0015,DecisionTree,0.8678889755664505,0.8638261797588623,0.8647490647020655,0.8689881611482674,0.8654786398181067,0.8703266148199755,0.8677993633541706,0.8680994673057634,0.8694796055514151
bank,pdays,3074.0,0.1051,0.0901,-1.0,871.0,39.8459,-1.0,99.574,2.7414,8.3353,0.0,0.0,0.0101,0.6049,0.0295,0.9043,0.0377,0.9858,1.4462,0.0015,LogisticRegression,0.8560593110395959,0.8560593110395959,0.8555953847738579,0.8562598256047056,0.8560593110395959,0.8567187367221241,0.8565194603258497,0.8560593110395959,0.8560593110395959
bank,pdays,3074.0,0.1051,0.0901,-1.0,871.0,39.8459,-1.0,99.574,2.7414,8.3353,0.0,0.0,0.0101,0.6049,0.0295,0.9043,0.0377,0.9858,1.4462,0.0015,KNN,0.8595927132652103,0.8605991335006028,0.8616338391795552,0.861184543993043,0.8609548487951372,0.8616664128358767,0.860799655503126,0.8609799669591872,0.8632887117433633
bank,pdays,3074.0,0.1051,0.0901,-1.0,871.0,39.8459,-1.0,99.574,2.7414,8.3353,0.0,0.0,0.0101,0.6049,0.0295,0.9043,0.0377,0.9858,1.4462,0.0015,RandomForest,0.8683210658323954,0.8700003528206686,0.8667864793708887,0.8656830341760937,0.8658123929073303,0.8692135152510214,0.8682693025027531,0.8700129812988948,0.8648821211172368
bank,pdays,3074.0,0.1051,0.0901,-1.0,871.0,39.8459,-1.0,99.574,2.7414,8.3353,0.0,0.0,0.0101,0.6049,0.0295,0.9043,0.0377,0.9858,1.4462,0.0015,AdaBoost,0.8625186446779984,0.865686941021134,0.8640732054315257,0.8649651493698836,0.8661712512465695,0.8664058485317391,0.8637573834403683,0.8637886530039409,0.8662563614950163
bank,pdays,3074.0,0.1051,0.0901,-1.0,871.0,39.8459,-1.0,99.574,2.7414,8.3353,0.0,0.0,0.0101,0.6049,0.0295,0.9043,0.0377,0.9858,1.4462,0.0015,SVC,0.8615853561332687,0.8613877626838538,0.8560051988444445,0.8558180285346486,0.856626096237998,0.8581102286673289,0.8597572260219634,0.8595233446700401,0.8574836248172603
bank,pdays,3074.0,0.0478,0.0844,-1.0,871.0,39.8206,-1.0,98.8209,2.6442,7.3044,0.0,0.0,0.0015,0.6067,0.0257,0.9035,0.0329,0.9857,1.4447,0.0015,DecisionTree,0.8675001144518304,0.8658685009937678,0.8667718416966159,0.8666581445275745,0.8656647456916886,0.8664096759235349,0.8683106387237307,0.8683674832821808,0.8666760269893443
bank,pdays,3074.0,0.0478,0.0844,-1.0,871.0,39.8206,-1.0,98.8209,2.6442,7.3044,0.0,0.0,0.0015,0.6067,0.0257,0.9035,0.0329,0.9857,1.4447,0.0015,LogisticRegression,0.856924154084327,0.856924154084327,0.8564652429669085,0.8564652429669085,0.8564652429669085,0.8564640047980732,0.8564658736861156,0.8567248776880526,0.8564652429669085
bank,pdays,3074.0,0.0478,0.0844,-1.0,871.0,39.8206,-1.0,98.8209,2.6442,7.3044,0.0,0.0,0.0015,0.6067,0.0257,0.9035,0.0329,0.9857,1.4447,0.0015,KNN,0.8619030507818638,0.8622373116179928,0.8628234310554039,0.863039089146369,0.8628234310554039,0.8633138758553545,0.8628828475051117,0.862450090280532,0.8633138758553545
bank,pdays,3074.0,0.0478,0.0844,-1.0,871.0,39.8206,-1.0,98.8209,2.6442,7.3044,0.0,0.0,0.0015,0.6067,0.0257,0.9035,0.0329,0.9857,1.4447,0.0015,RandomForest,0.8672077128476878,0.8678717254361059,0.8663063845350621,0.8660390379631515,0.8654824095572542,0.8672293589524906,0.8663130192913416,0.865768625649596,0.8654555389410254
bank,pdays,3074.0,0.0478,0.0844,-1.0,871.0,39.8206,-1.0,98.8209,2.6442,7.3044,0.0,0.0,0.0015,0.6067,0.0257,0.9035,0.0329,0.9857,1.4447,0.0015,AdaBoost,0.8632067209391117,0.8621242131147308,0.8654728437018704,0.865908833359605,0.8633688005440496,0.8649375191489901,0.8625415673418921,0.8635893895891487,0.860312832431239
bank,pdays,3074.0,0.0478,0.0844,-1.0,871.0,39.8206,-1.0,98.8209,2.6442,7.3044,0.0,0.0,0.0015,0.6067,0.0257,0.9035,0.0329,0.9857,1.4447,0.0015,SVC,0.8580564780962388,0.8576521537440042,0.8566219530390511,0.8574717185412767,0.8564115601930057,0.8572563484518938,0.8572411406881795,0.8570480098141459,0.8576622056305986
bank,previous,3074.0,0.5114,0.0093,0.0,23.0,0.496,0.0,1.4853,5.4605,49.2601,0.0,0.0,0.0242,0.6049,0.0428,0.9087,0.0544,0.9871,0.7834,0.5443,DecisionTree,0.8676917135879815,0.8615023169543702,0.8709657755989964,0.8704270331309035,0.8697890647296271,0.8603066266446076,0.865166106062555,0.8691121395939116,0.8726856826136843
bank,previous,3074.0,0.5114,0.0093,0.0,23.0,0.496,0.0,1.4853,5.4605,49.2601,0.0,0.0,0.0242,0.6049,0.0428,0.9087,0.0544,0.9871,0.7834,0.5443,LogisticRegression,0.8567860479553567,0.8580953351243681,0.8581877132098268,0.8563319675496922,0.856328424991991,0.8572274787288915,0.8572331069504827,0.8580993813384431,0.8574184385838708
bank,previous,3074.0,0.5114,0.0093,0.0,23.0,0.496,0.0,1.4853,5.4605,49.2601,0.0,0.0,0.0242,0.6049,0.0428,0.9087,0.0544,0.9871,0.7834,0.5443,KNN,0.8580573620710518,0.8562225110906242,0.8604238764555411,0.8575337526826983,0.8562100957796372,0.8557850127194336,0.8567406845948187,0.8588598370996766,0.8592654923452556
bank,previous,3074.0,0.5114,0.0093,0.0,23.0,0.496,0.0,1.4853,5.4605,49.2601,0.0,0.0,0.0242,0.6049,0.0428,0.9087,0.0544,0.9871,0.7834,0.5443,RandomForest,0.8675919304858146,0.8730280674111731,0.8753639116484895,0.8663676861652254,0.8667020620757009,0.8732871719363551,0.8665748010748424,0.8667767276191438,0.8715755595186548
bank,previous,3074.0,0.5114,0.0093,0.0,23.0,0.496,0.0,1.4853,5.4605,49.2601,0.0,0.0,0.0242,0.6049,0.0428,0.9087,0.0544,0.9871,0.7834,0.5443,AdaBoost,0.8630849859108207,0.8627852239049393,0.8650666312168552,0.8627101084599378,0.8642345823018316,0.8617838956579,0.8612245904376556,0.8600819412857406,0.8649235884718536
bank,previous,3074.0,0.5114,0.0093,0.0,23.0,0.496,0.0,1.4853,5.4605,49.2601,0.0,0.0,0.0242,0.6049,0.0428,0.9087,0.0544,0.9871,0.7834,0.5443,SVC,0.8565381241511593,0.8597143947650777,0.8630137328499752,0.8586197795132953,0.856339433496003,0.8592807969749239,0.857384818226159,0.8560327757749802,0.8592890559357136
bank,previous,3074.0,0.4476,0.0094,0.0,23.0,0.5371,0.0,1.5709,5.0462,39.5407,0.0,0.0,0.0263,0.5884,0.0295,0.9013,0.0376,0.985,0.8258,0.4127,DecisionTree,0.8693927953929528,0.8679304673486542,0.8725715766920267,0.8697786087823238,0.8683406056769729,0.8632306819894431,0.8642399458836605,0.869845899119502,0.8695374844570724
bank,previous,3074.0,0.4476,0.0094,0.0,23.0,0.5371,0.0,1.5709,5.0462,39.5407,0.0,0.0,0.0263,0.5884,0.0295,0.9013,0.0376,0.985,0.8258,0.4127,LogisticRegression,0.8558545674952998,0.8556024645271547,0.8573096635643777,0.8566158108421407,0.8573096635643777,0.8553970471649518,0.8562773318187439,0.8551388301507498,0.8563025049639348
bank,previous,3074.0,0.4476,0.0094,0.0,23.0,0.5371,0.0,1.5709,5.0462,39.5407,0.0,0.0,0.0263,0.5884,0.0295,0.9013,0.0376,0.985,0.8258,0.4127,KNN,0.8611271780791265,0.8614906229339719,0.8619131272927792,0.8593420876547158,0.8576294760699432,0.8589242800133431,0.8600752953477617,0.8580258035764022,0.8582381232031022
bank,previous,3074.0,0.4476,0.0094,0.0,23.0,0.5371,0.0,1.5709,5.0462,39.5407,0.0,0.0,0.0263,0.5884,0.0295,0.9013,0.0376,0.985,0.8258,0.4127,RandomForest,0.8595396412645088,0.8643173309908337,0.8610177586833887,0.8648191116562297,0.8661056221142474,0.8611269150929413,0.8640300467374706,0.8577749447969104,0.8660395508482681
bank,previous,3074.0,0.4476,0.0094,0.0,23.0,0.5371,0.0,1.5709,5.0462,39.5407,0.0,0.0,0.0263,0.5884,0.0295,0.9013,0.0376,0.985,0.8258,0.4127,AdaBoost,0.8628820461801862,0.8638256102960483,0.8668933268539211,0.8668692788738037,0.866679823777043,0.8629060040695751,0.8619341453779207,0.8627389208401954,0.8624582683934462
bank,previous,3074.0,0.4476,0.0094,0.0,23.0,0.5371,0.0,1.5709,5.0462,39.5407,0.0,0.0,0.0263,0.5884,0.0295,0.9013,0.0376,0.985,0.8258,0.4127,SVC,0.8533084502328673,0.8572761788495133,0.8593251238866652,0.8578846868054292,0.8574347420638022,0.8574718507327583,0.8543535776628987,0.8537500411160666,0.8548086608872
bank,previous,3074.0,0.4073,0.0093,0.0,23.0,0.5236,0.0,1.5969,5.5171,46.1134,0.0,0.0,0.0359,0.6118,0.0335,0.9105,0.0425,0.9875,0.7912,0.361,DecisionTree,0.8681034076338083,0.8605715069287451,0.868711593977877,0.8658592547013527,0.8674098736820557,0.8660727737274546,0.8675035064351184,0.8722483924278333,0.8679057281123029
bank,previous,3074.0,0.4073,0.0093,0.0,23.0,0.5236,0.0,1.5969,5.5171,46.1134,0.0,0.0,0.0359,0.6118,0.0335,0.9105,0.0425,0.9875,0.7912,0.361,LogisticRegression,0.8566750695224581,0.8549596652174434,0.8565403440303454,0.8558295959635855,0.8553914767824469,0.8546943103856257,0.8559945397357412,0.8564751052232168,0.855789692956962
bank,previous,3074.0,0.4073,0.0093,0.0,23.0,0.5236,0.0,1.5969,5.5171,46.1134,0.0,0.0,0.0359,0.6118,0.0335,0.9105,0.0425,0.9875,0.7912,0.361,KNN,0.8602326475141592,0.8619400261410088,0.8612163232003313,0.8595094404174933,0.8604080201780805,0.8613000345881002,0.8589367084195405,0.8621712081469921,0.8606958953725897
bank,previous,3074.0,0.4073,0.0093,0.0,23.0,0.5236,0.0,1.5969,5.5171,46.1134,0.0,0.0,0.0359,0.6118,0.0335,0.9105,0.0425,0.9875,0.7912,0.361,RandomForest,0.858826499505728,0.8581051089339493,0.8607473546115318,0.8569072333160312,0.8702540105480342,0.860508367285223,0.8587977617924929,0.8603790705184993,0.8581416252066969
bank,previous,3074.0,0.4073,0.0093,0.0,23.0,0.5236,0.0,1.5969,5.5171,46.1134,0.0,0.0,0.0359,0.6118,0.0335,0.9105,0.0425,0.9875,0.7912,0.361,AdaBoost,0.8643481947600317,0.862603617376984,0.8602332289383022,0.8606158866430692,0.8642610606105137,0.8678438018732397,0.8639669062297484,0.8633968055892463,0.8651227608010393
bank,previous,3074.0,0.4073,0.0093,0.0,23.0,0.5236,0.0,1.5969,5.5171,46.1134,0.0,0.0,0.0359,0.6118,0.0335,0.9105,0.0425,0.9875,0.7912,0.361,SVC,0.8561623046758882,0.8550392570402299,0.8578499364261447,0.8557955463673701,0.8534872355108678,0.8535726475182126,0.85594398209471,0.8593313546246003,0.8540654174293545
bank,previous,3074.0,0.3591,0.0091,0.0,23.0,0.5416,0.0,1.6295,5.3305,42.2521,0.0,0.0,0.0479,0.5846,0.0381,0.905,0.0482,0.9861,0.8161,0.3237,DecisionTree,0.8698645577419004,0.8693114031998399,0.8705510161080279,0.8689178894618896,0.8695455075676596,0.8646462446945575,0.8690707722489897,0.8710467123625903,0.8690367391311279
bank,previous,3074.0,0.3591,0.0091,0.0,23.0,0.5416,0.0,1.6295,5.3305,42.2521,0.0,0.0,0.0479,0.5846,0.0381,0.905,0.0482,0.9861,0.8161,0.3237,LogisticRegression,0.85645910200098,0.855836675243757,0.8571607634641818,0.8575690883907103,0.856918262294156,0.8558324948576342,0.8564873526524591,0.8569376641839037,0.8567182979949147
bank,previous,3074.0,0.3591,0.0091,0.0,23.0,0.5416,0.0,1.6295,5.3305,42.2521,0.0,0.0,0.0479,0.5846,0.0381,0.905,0.0482,0.9861,0.8161,0.3237,KNN,0.8599201631881151,0.8592405515363801,0.8633654182324063,0.8607789806801965,0.8626458782855764,0.860789592795245,0.8575600056182967,0.8586457178428395,0.8590167529561354
bank,previous,3074.0,0.3591,0.0091,0.0,23.0,0.5416,0.0,1.6295,5.3305,42.2521,0.0,0.0,0.0479,0.5846,0.0381,0.905,0.0482,0.9861,0.8161,0.3237,RandomForest,0.8633493808562138,0.8649408970457039,0.8645741912784568,0.8674346649021514,0.8688604875969748,0.8666109275072846,0.8675140929334269,0.870110574568447,0.8619520492470569
bank,previous,3074.0,0.3591,0.0091,0.0,23.0,0.5416,0.0,1.6295,5.3305,42.2521,0.0,0.0,0.0479,0.5846,0.0381,0.905,0.0482,0.9861,0.8161,0.3237,AdaBoost,0.8647452320552315,0.8656658493074451,0.8612727722464809,0.8593062103528887,0.8671302959497273,0.8616269657205285,0.8642537076688122,0.8637920141788835,0.8625795992130592
bank,previous,3074.0,0.3591,0.0091,0.0,23.0,0.5416,0.0,1.6295,5.3305,42.2521,0.0,0.0,0.0479,0.5846,0.0381,0.905,0.0482,0.9861,0.8161,0.3237,SVC,0.8578174220848497,0.8580269510221212,0.8581113006841021,0.8564254011481592,0.8582979273636515,0.8563463030872699,0.857854142665444,0.8572629278229628,0.8572415428737906
bank,previous,3074.0,0.3064,0.0089,0.0,23.0,0.5835,0.0,1.716,5.3182,42.6304,0.0,0.0,0.0326,0.6037,0.0291,0.9012,0.0369,0.9849,0.8508,0.2873,DecisionTree,0.8689537384956425,0.8691437987421113,0.8678479851182006,0.8692001110068487,0.8689537384956425,0.8651547614845165,0.8703848006795647,0.8669889867830278,0.8695441172474884
bank,previous,3074.0,0.3064,0.0089,0.0,23.0,0.5835,0.0,1.716,5.3182,42.6304,0.0,0.0,0.0326,0.6037,0.0291,0.9012,0.0369,0.9849,0.8508,0.2873,LogisticRegression,0.8560000785323352,0.8562640404988319,0.858072344444744,0.8573664991750773,0.8573664991750773,0.8560000785323352,0.856454336028418,0.8556003427384176,0.8567173068063676
bank,previous,3074.0,0.3064,0.0089,0.0,23.0,0.5835,0.0,1.716,5.3182,42.6304,0.0,0.0,0.0326,0.6037,0.0291,0.9012,0.0369,0.9849,0.8508,0.2873,KNN,0.8604653584138833,0.8599878250774965,0.8614356571863302,0.8616199797457439,0.860952640891984,0.8597956341592223,0.8569204730567321,0.860802426793778,0.8616755650682993
bank,previous,3074.0,0.3064,0.0089,0.0,23.0,0.5835,0.0,1.716,5.3182,42.6304,0.0,0.0,0.0326,0.6037,0.0291,0.9012,0.0369,0.9849,0.8508,0.2873,RandomForest,0.8660454714871916,0.86530356202123,0.8641988194469594,0.8655316602259178,0.8700299535482469,0.8660508409862364,0.8674242608888443,0.8666118683156137,0.865161237799802
bank,previous,3074.0,0.3064,0.0089,0.0,23.0,0.5835,0.0,1.716,5.3182,42.6304,0.0,0.0,0.0326,0.6037,0.0291,0.9012,0.0369,0.9849,0.8508,0.2873,AdaBoost,0.8625831100931252,0.8642432569660891,0.8629618165834629,0.8557795889949666,0.8632022904855152,0.8633828791303825,0.8634259400299777,0.8585956461651729,0.8631191214279907
bank,previous,3074.0,0.3064,0.0089,0.0,23.0,0.5835,0.0,1.716,5.3182,42.6304,0.0,0.0,0.0326,0.6037,0.0291,0.9012,0.0369,0.9849,0.8508,0.2873,SVC,0.8596941706965614,0.8563393851942716,0.8569112558106206,0.856746357164331,0.8582623368434819,0.8571772767235664,0.8575982920153751,0.8580951387461545,0.8555374496734978
bank,previous,3074.0,0.2456,0.0065,0.0,18.0,0.53,0.0,1.4931,4.3938,27.171,0.0,0.0,0.0185,0.6376,0.0242,0.9056,0.0306,0.986,0.8203,0.4727,DecisionTree,0.8674194523375517,0.863986154747128,0.8671672718727437,0.8714356677665998,0.8674098736820557,0.8608910542600353,0.8676476485639999,0.8692819202577082,0.8676112428568779
bank,previous,3074.0,0.2456,0.0065,0.0,18.0,0.53,0.0,1.4931,4.3938,27.171,0.0,0.0,0.0185,0.6376,0.0242,0.9056,0.0306,0.986,0.8203,0.4727,LogisticRegression,0.8562723191668429,0.85533153216662,0.8555727132772603,0.8553330306669481,0.8562533805406296,0.855126114804417,0.856695083490287,0.8564901873560974,0.8553330306669481
bank,previous,3074.0,0.2456,0.0065,0.0,18.0,0.53,0.0,1.4931,4.3938,27.171,0.0,0.0,0.0185,0.6376,0.0242,0.9056,0.0306,0.986,0.8203,0.4727,KNN,0.8603936742981391,0.8597404655619438,0.8590251740588959,0.8603510222162258,0.8590538336770652,0.8601967938004065,0.8584159891508731,0.8603548033113684,0.858945932263128
bank,previous,3074.0,0.2456,0.0065,0.0,18.0,0.53,0.0,1.4931,4.3938,27.171,0.0,0.0,0.0185,0.6376,0.0242,0.9056,0.0306,0.986,0.8203,0.4727,RandomForest,0.869205249671848,0.8679758924815579,0.8701337943409324,0.8684996252858748,0.8664629393712107,0.8669620523432112,0.8687769987910676,0.8683833515985342,0.8670504160394323
bank,previous,3074.0,0.2456,0.0065,0.0,18.0,0.53,0.0,1.4931,4.3938,27.171,0.0,0.0,0.0185,0.6376,0.0242,0.9056,0.0306,0.986,0.8203,0.4727,AdaBoost,0.8686027917155473,0.8660246002703783,0.8643864236880296,0.8656581910231564,0.8661938049330378,0.8689731926024149,0.8655813042241184,0.8620195766644222,0.8638311742228582
bank,previous,3074.0,0.2456,0.0065,0.0,18.0,0.53,0.0,1.4931,4.3938,27.171,0.0,0.0,0.0185,0.6376,0.0242,0.9056,0.0306,0.986,0.8203,0.4727,SVC,0.8568610004294226,0.8593226823101543,0.8580937362473096,0.8585228634221455,0.8593464130878794,0.8597387040333933,0.8566705215468031,0.8595404830533252,0.8570535310461783
bank,previous,3074.0,0.1903,0.0072,0.0,23.0,0.5544,0.0,1.6578,5.3624,43.6095,0.0,0.0,0.0236,0.6102,0.0369,0.9078,0.0468,0.9867,0.8188,0.3244,DecisionTree,0.8684708096031145,0.8653567211377913,0.8679416165370839,0.8643513462500034,0.867893450993223,0.8601237773802374,0.8702547314594763,0.8686938946215846,0.8713702360880368
bank,previous,3074.0,0.1903,0.0072,0.0,23.0,0.5544,0.0,1.6578,5.3624,43.6095,0.0,0.0,0.0236,0.6102,0.0369,0.9078,0.0468,0.9867,0.8188,0.3244,LogisticRegression,0.8553686543255286,0.85497250270653,0.8567182979949147,0.8564241672075267,0.8560000785323352,0.8551703167166225,0.8553686543255286,0.8551693779292542,0.8555963235612262
bank,previous,3074.0,0.1903,0.0072,0.0,23.0,0.5544,0.0,1.6578,5.3624,43.6095,0.0,0.0,0.0236,0.6102,0.0369,0.9078,0.0468,0.9867,0.8188,0.3244,KNN,0.8608051704817608,0.8606674205294335,0.8607834547362595,0.8601824009664223,0.8607950443197675,0.8606502248675051,0.8586681983988967,0.858435363342893,0.8613433481726458
bank,previous,3074.0,0.1903,0.0072,0.0,23.0,0.5544,0.0,1.6578,5.3624,43.6095,0.0,0.0,0.0236,0.6102,0.0369,0.9078,0.0468,0.9867,0.8188,0.3244,RandomForest,0.8651471467789468,0.8637308065166523,0.8663798620479783,0.8640430518027225,0.8664739298270797,0.8636490961856217,0.8602276449964252,0.8626782809975645,0.864583301290589
bank,previous,3074.0,0.1903,0.0072,0.0,23.0,0.5544,0.0,1.6578,5.3624,43.6095,0.0,0.0,0.0236,0.6102,0.0369,0.9078,0.0468,0.9867,0.8188,0.3244,AdaBoost,0.8630666700391522,0.8655941207312801,0.8661654993162948,0.8624656912765042,0.8650064411151476,0.8648305094359966,0.8639735124447465,0.8623813869528183,0.8656517360266527
bank,previous,3074.0,0.1903,0.0072,0.0,23.0,0.5544,0.0,1.6578,5.3624,43.6095,0.0,0.0,0.0236,0.6102,0.0369,0.9078,0.0468,0.9867,0.8188,0.3244,SVC,0.8568139846988683,0.8591256930163421,0.8591196383859813,0.8560759826210823,0.857813621082525,0.8572377504156188,0.8578749042728404,0.8578492236581337,0.8580671341653447
bank,previous,3074.0,0.1487,0.0065,0.0,23.0,0.4929,0.0,1.489,5.2093,41.51,0.0,0.0,0.0169,0.6073,0.0398,0.909,0.0505,0.9872,0.7789,0.363,DecisionTree,0.8692925288867177,0.870585732274387,0.8698230308666677,0.8712446111955978,0.8690765686233445,0.8708514205257709,0.8706015097981447,0.8705486795292572,0.8700563395662949
bank,previous,3074.0,0.1487,0.0065,0.0,23.0,0.4929,0.0,1.489,5.2093,41.51,0.0,0.0,0.0169,0.6073,0.0398,0.909,0.0505,0.9872,0.7789,0.363,LogisticRegression,0.8545771516356742,0.855536137046154,0.8572408002300317,0.8566471258795737,0.8568470185743896,0.8561493584895542,0.8545771516356742,0.8550868700497669,0.8569967609561058
bank,previous,3074.0,0.1487,0.0065,0.0,23.0,0.4929,0.0,1.489,5.2093,41.51,0.0,0.0,0.0169,0.6073,0.0398,0.909,0.0505,0.9872,0.7789,0.363,KNN,0.8593405445493645,0.8612160795851604,0.859464863947507,0.8618583123934876,0.8607327534519836,0.860837596174538,0.8591232160423797,0.8608409110191443,0.8614358813890073
bank,previous,3074.0,0.1487,0.0065,0.0,23.0,0.4929,0.0,1.489,5.2093,41.51,0.0,0.0,0.0169,0.6073,0.0398,0.909,0.0505,0.9872,0.7789,0.363,RandomForest,0.8667811844595757,0.8684111658952305,0.8690913189770667,0.8669285918439393,0.8683309804307808,0.867417445920347,0.8661362069430776,0.8667798553587437,0.8678580931639235
bank,previous,3074.0,0.1487,0.0065,0.0,23.0,0.4929,0.0,1.489,5.2093,41.51,0.0,0.0,0.0169,0.6073,0.0398,0.909,0.0505,0.9872,0.7789,0.363,AdaBoost,0.8654008065603391,0.8663831082625886,0.8664191559940614,0.8662319758791825,0.8641800267221614,0.8654239799164846,0.866704287199661,0.8650291514969125,0.8685089208659166
bank,previous,3074.0,0.1487,0.0065,0.0,23.0,0.4929,0.0,1.489,5.2093,41.51,0.0,0.0,0.0169,0.6073,0.0398,0.909,0.0505,0.9872,0.7789,0.363,SVC,0.8561665602272994,0.8557868795385515,0.8545278035171324,0.8547395729457459,0.8549624919835399,0.857051884281513,0.8542602888318432,0.8603955416551217,0.8561991321236693
bank,previous,3074.0,0.0934,0.0065,0.0,23.0,0.5264,0.0,1.5804,5.4835,46.6551,0.0,0.0,0.0259,0.6025,0.0305,0.9071,0.0387,0.9866,0.8051,0.3247,DecisionTree,0.8688896674324864,0.8655291439237375,0.8676653004456929,0.8706059681940715,0.8678753304707072,0.8699948909350829,0.8698375711120274,0.8688633774058561,0.868312182662968
bank,previous,3074.0,0.0934,0.0065,0.0,23.0,0.5264,0.0,1.5804,5.4835,46.6551,0.0,0.0,0.0259,0.6025,0.0305,0.9071,0.0387,0.9866,0.8051,0.3247,LogisticRegression,0.8568763426597298,0.8569178213714773,0.8569178213714773,0.8564522539845383,0.8564522539845383,0.8569178213714773,0.8571413954815591,0.8564652429669085,0.8564522539845383
bank,previous,3074.0,0.0934,0.0065,0.0,23.0,0.5264,0.0,1.5804,5.4835,46.6551,0.0,0.0,0.0259,0.6025,0.0305,0.9071,0.0387,0.9866,0.8051,0.3247,KNN,0.859932844368305,0.8620394774430592,0.8624578002098475,0.8613551496804942,0.8622336576004691,0.8620102541397255,0.8595340281362885,0.8611934900661462,0.8607732491815392
bank,previous,3074.0,0.0934,0.0065,0.0,23.0,0.5264,0.0,1.5804,5.4835,46.6551,0.0,0.0,0.0259,0.6025,0.0305,0.9071,0.0387,0.9866,0.8051,0.3247,RandomForest,0.8652246197868888,0.869559200388409,0.8679780100559629,0.8684562571376484,0.8659272451229338,0.8640430019289711,0.8645806108964593,0.8669266773874852,0.8698183558056595
bank,previous,3074.0,0.0934,0.0065,0.0,23.0,0.5264,0.0,1.5804,5.4835,46.6551,0.0,0.0,0.0259,0.6025,0.0305,0.9071,0.0387,0.9866,0.8051,0.3247,AdaBoost,0.8641840273871569,0.8641085154898096,0.8615729195645896,0.8651690025416265,0.8641621651651811,0.8638170841394424,0.8643712457211142,0.8627763042493349,0.8645030281970048
bank,previous,3074.0,0.0934,0.0065,0.0,23.0,0.5264,0.0,1.5804,5.4835,46.6551,0.0,0.0,0.0259,0.6025,0.0305,0.9071,0.0387,0.9866,0.8051,0.3247,SVC,0.8576071844748229,0.8576482546672712,0.8576512868743865,0.8578713785870815,0.8578723352572546,0.8572365966764892,0.8561588415356726,0.8589121004512659,0.8578728698952284
bank,previous,3074.0,0.0488,0.0062,0.0,23.0,0.5369,0.0,1.5828,5.2418,42.6825,0.0,0.0,0.031,0.608,0.0343,0.904,0.0436,0.9857,0.8194,0.3248,DecisionTree,0.8685248840801444,0.8665502683672988,0.8689336935942522,0.8671197564759987,0.8677837963706955,0.8708311599409722,0.8689461846862743,0.8665189031267047,0.8667968719884095
bank,previous,3074.0,0.0488,0.0062,0.0,23.0,0.5369,0.0,1.5828,5.2418,42.6825,0.0,0.0,0.031,0.608,0.0343,0.904,0.0436,0.9857,0.8194,0.3248,LogisticRegression,0.8557942582177667,0.8559996755799696,0.8569178213714773,0.8564522539845383,0.8569178213714773,0.8557942582177667,0.8562598256047056,0.855073666158176,0.8564652429669085
bank,previous,3074.0,0.0488,0.0062,0.0,23.0,0.5369,0.0,1.5828,5.2418,42.6825,0.0,0.0,0.031,0.608,0.0343,0.904,0.0436,0.9857,0.8194,0.3248,KNN,0.860817944659402,0.8618248576694041,0.8611530920430569,0.8613702123610915,0.8613664372830876,0.861837952497237,0.860160884125555,0.8605931110803873,0.8613702123610915
bank,previous,3074.0,0.0488,0.0062,0.0,23.0,0.5369,0.0,1.5828,5.2418,42.6825,0.0,0.0,0.031,0.608,0.0343,0.904,0.0436,0.9857,0.8194,0.3248,RandomForest,0.8680643134399569,0.8659584110126217,0.8661750090210232,0.8660172313163567,0.8669523767030642,0.8663908386133565,0.8662712148606073,0.8664310097962387,0.8657777716644742
bank,previous,3074.0,0.0488,0.0062,0.0,23.0,0.5369,0.0,1.5828,5.2418,42.6825,0.0,0.0,0.031,0.608,0.0343,0.904,0.0436,0.9857,0.8194,0.3248,AdaBoost,0.8635695141805865,0.8642152260252872,0.8625797112437519,0.8650799855337095,0.8649929729424435,0.8640027595548561,0.862743789373569,0.8639509300289285,0.8611853563839442
bank,previous,3074.0,0.0488,0.0062,0.0,23.0,0.5369,0.0,1.5828,5.2418,42.6825,0.0,0.0,0.031,0.608,0.0343,0.904,0.0436,0.9857,0.8194,0.3248,SVC,0.8559844639709722,0.8570322805420928,0.8572373179366715,0.8570528882313675,0.8570528882313675,0.8576507524132463,0.856829919978421,0.8570528882313675,0.8574640040318533
