name,column_name,n_tuples,missing_perc,uniqueness,min,max,mean,median,std,skewness,kurtosis,mad,iqr,p_min,p_max,k_min,k_max,s_min,s_max,entropy,density,ml_algorithm,impute_standard,impute_mean,impute_median,impute_random,impute_knn,impute_mice,impute_linear_regression,impute_random_forest,impute_cmeans
abalone,'Length',4177.0,0.5114,0.0642,0.11,0.8,0.5242,0.545,0.1208,-0.6194,0.0155,0.08,0.17,0.0,0.0,0.0,0.0,0.0,0.0,4.5087,0.0055,DecisionTree,0.16154137622627607,0.15595198004003327,0.15196145715415454,0.15200892430688484,0.15199316072157365,0.1555773063789841,0.14410060499451102,0.1703981488311702,0.15561715154909966
abalone,'Length',4177.0,0.5114,0.0642,0.11,0.8,0.5242,0.545,0.1208,-0.6194,0.0155,0.08,0.17,0.0,0.0,0.0,0.0,0.0,0.0,4.5087,0.0055,LogisticRegression,0.16271117135366028,0.13288658138899034,0.16054502417324534,0.16098725142097894,0.16019062946983093,0.15992147357110453,0.16070448842836385,0.1584070626314868,0.1622235591978755
abalone,'Length',4177.0,0.5114,0.0642,0.11,0.8,0.5242,0.545,0.1208,-0.6194,0.0155,0.08,0.17,0.0,0.0,0.0,0.0,0.0,0.0,4.5087,0.0055,KNN,0.16018485150427453,0.14394560996700395,0.151336810309265,0.1531480269102698,0.1487702700371043,0.15611024761496262,0.16700777231379985,0.16625609519480536,0.1514069590342087
abalone,'Length',4177.0,0.5114,0.0642,0.11,0.8,0.5242,0.545,0.1208,-0.6194,0.0155,0.08,0.17,0.0,0.0,0.0,0.0,0.0,0.0,4.5087,0.0055,RandomForest,0.17944895948339531,0.1708333841361359,0.17151376876991817,0.17184504734029746,0.1723295091375672,0.17099686421830568,0.17094363969597326,0.18063767094215769,0.17203402079432667
abalone,'Length',4177.0,0.5114,0.0642,0.11,0.8,0.5242,0.545,0.1208,-0.6194,0.0155,0.08,0.17,0.0,0.0,0.0,0.0,0.0,0.0,4.5087,0.0055,AdaBoost,0.09161571767026556,0.09210538368851394,0.08597754652940885,0.08597754652940885,0.08597754652940885,0.08597754652940885,0.0926676011195957,0.08954692862830693,0.08597754652940885
abalone,'Length',4177.0,0.5114,0.0642,0.11,0.8,0.5242,0.545,0.1208,-0.6194,0.0155,0.08,0.17,0.0,0.0,0.0,0.0,0.0,0.0,4.5087,0.0055,SVC,0.17131902135271698,0.14705440893974198,0.1579399203815946,0.15789973277119357,0.15760647335224814,0.15840257803660318,0.15796698093419898,0.16907724744244818,0.15845274563029466
abalone,'Length',4177.0,0.4604,0.0577,0.075,0.8,0.5267,0.55,0.121,-0.6513,0.0444,0.08,0.17,0.0,0.0,0.0,0.0,0.0,0.0,4.5067,0.0056,DecisionTree,0.16594478810643892,0.16053374846722215,0.1774033439845599,0.1774256416243168,0.17714974681379467,0.1772755707466484,0.17038047893524821,0.16476177631809893,0.17364496232351231
abalone,'Length',4177.0,0.4604,0.0577,0.075,0.8,0.5267,0.55,0.121,-0.6513,0.0444,0.08,0.17,0.0,0.0,0.0,0.0,0.0,0.0,4.5067,0.0056,LogisticRegression,0.17428246419808502,0.1512916100681685,0.16062722511300204,0.1606106850048955,0.16091808343823255,0.16005443664049968,0.16198182902554728,0.17328407736111295,0.16280973159479972
abalone,'Length',4177.0,0.4604,0.0577,0.075,0.8,0.5267,0.55,0.121,-0.6513,0.0444,0.08,0.17,0.0,0.0,0.0,0.0,0.0,0.0,4.5067,0.0056,KNN,0.16071427022104406,0.1656401718266616,0.16075063099855888,0.1593259249919033,0.16293720446832474,0.1629508827462714,0.18013738859066503,0.17443257852413618,0.16645646828757396
abalone,'Length',4177.0,0.4604,0.0577,0.075,0.8,0.5267,0.55,0.121,-0.6513,0.0444,0.08,0.17,0.0,0.0,0.0,0.0,0.0,0.0,4.5067,0.0056,RandomForest,0.1754771028074171,0.16353866062257216,0.17793570330459785,0.17748499557372083,0.17814790045020612,0.17761917470257285,0.1800067709269757,0.175336152458881,0.1794323416990531
abalone,'Length',4177.0,0.4604,0.0577,0.075,0.8,0.5267,0.55,0.121,-0.6513,0.0444,0.08,0.17,0.0,0.0,0.0,0.0,0.0,0.0,4.5067,0.0056,AdaBoost,0.07964323681042602,0.08984052280560684,0.09228240298979355,0.09228240298979355,0.09228240298979355,0.09228240298979355,0.09285626157071246,0.07964323681042602,0.09229278915015908
abalone,'Length',4177.0,0.4604,0.0577,0.075,0.8,0.5267,0.55,0.121,-0.6513,0.0444,0.08,0.17,0.0,0.0,0.0,0.0,0.0,0.0,4.5067,0.0056,SVC,0.17848487763530516,0.1504688712383791,0.15824631931130984,0.15853265474431255,0.15853265474431255,0.1579873457708142,0.15728727020182065,0.17783366644733298,0.15835924497335277
abalone,'Length',4177.0,0.4106,0.0516,0.135,0.815,0.523,0.545,0.1212,-0.6136,-0.0523,0.08,0.165,0.0,0.0,0.0,0.0,0.0,0.0,4.5094,0.0059,DecisionTree,0.17419836255873478,0.18363044245723747,0.18307064903259676,0.1876538302348822,0.18389824636042432,0.18486373484204321,0.18141198657571803,0.1730135870574115,0.18307064903259676
abalone,'Length',4177.0,0.4106,0.0516,0.135,0.815,0.523,0.545,0.1212,-0.6136,-0.0523,0.08,0.165,0.0,0.0,0.0,0.0,0.0,0.0,4.5094,0.0059,LogisticRegression,0.18463677674761464,0.1737513992712407,0.19109005930803144,0.19112073415830289,0.1912536658910404,0.19172103226334003,0.19042141280809516,0.1825666635198515,0.19121956237429077
abalone,'Length',4177.0,0.4106,0.0516,0.135,0.815,0.523,0.545,0.1212,-0.6136,-0.0523,0.08,0.165,0.0,0.0,0.0,0.0,0.0,0.0,4.5094,0.0059,KNN,0.1768004957199515,0.16760065009643663,0.17691652819354675,0.17944464437076652,0.1740720684472566,0.17839263654017595,0.1902273954422256,0.18163263558438728,0.17516651272024034
abalone,'Length',4177.0,0.4106,0.0516,0.135,0.815,0.523,0.545,0.1212,-0.6136,-0.0523,0.08,0.165,0.0,0.0,0.0,0.0,0.0,0.0,4.5094,0.0059,RandomForest,0.18942445973035832,0.1779567114888431,0.19036482092195278,0.19160295310138148,0.1908140183022864,0.19103564401582107,0.1925616964967174,0.18600913431949814,0.19040128075186488
abalone,'Length',4177.0,0.4106,0.0516,0.135,0.815,0.523,0.545,0.1212,-0.6136,-0.0523,0.08,0.165,0.0,0.0,0.0,0.0,0.0,0.0,4.5094,0.0059,AdaBoost,0.08032162512722164,0.09429976166676071,0.09399273059127788,0.09399273059127788,0.09027950084366734,0.09399273059127788,0.08987257843601035,0.08032162512722164,0.08990355290788885
abalone,'Length',4177.0,0.4106,0.0516,0.135,0.815,0.523,0.545,0.1212,-0.6136,-0.0523,0.08,0.165,0.0,0.0,0.0,0.0,0.0,0.0,4.5094,0.0059,SVC,0.18572032182156253,0.17230573367282542,0.17780544090787048,0.1779132010490167,0.17823121351722634,0.17658423635924356,0.17935527025861564,0.17854375870287345,0.1781449205391007
abalone,'Length',4177.0,0.3486,0.0485,0.075,0.815,0.5237,0.545,0.1211,-0.63,0.0393,0.08,0.165,0.0,0.0,0.0,0.0,0.0,0.0,4.5154,0.0055,DecisionTree,0.17574264967889736,0.17770769871419875,0.17886306986219408,0.17890104358437836,0.17850070539823432,0.17724566052365484,0.17550109515060613,0.17798861426291945,0.17851332298349293
abalone,'Length',4177.0,0.3486,0.0485,0.075,0.815,0.5237,0.545,0.1211,-0.63,0.0393,0.08,0.165,0.0,0.0,0.0,0.0,0.0,0.0,4.5154,0.0055,LogisticRegression,0.17900643564166013,0.17040721141983103,0.18417576368526045,0.18500823042239967,0.1848127430015061,0.18569443364443813,0.18528146440804685,0.17409249742320562,0.1851852547047079
abalone,'Length',4177.0,0.3486,0.0485,0.075,0.815,0.5237,0.545,0.1211,-0.63,0.0393,0.08,0.165,0.0,0.0,0.0,0.0,0.0,0.0,4.5154,0.0055,KNN,0.17576395798596878,0.1664916433392089,0.16659982416180447,0.1650786881419199,0.1749721946155483,0.16870383321866586,0.1787067455881763,0.16685295994499044,0.17100567415413576
abalone,'Length',4177.0,0.3486,0.0485,0.075,0.815,0.5237,0.545,0.1211,-0.63,0.0393,0.08,0.165,0.0,0.0,0.0,0.0,0.0,0.0,4.5154,0.0055,RandomForest,0.18781564466084152,0.17571098012094982,0.1843356624305892,0.1847945394553981,0.184533605504042,0.18324130383701961,0.184156795762765,0.18260560152997957,0.18455579236267988
abalone,'Length',4177.0,0.3486,0.0485,0.075,0.815,0.5237,0.545,0.1211,-0.63,0.0393,0.08,0.165,0.0,0.0,0.0,0.0,0.0,0.0,4.5154,0.0055,AdaBoost,0.07989661549986021,0.09169298661645675,0.09345777944648617,0.09345777944648617,0.09345777944648617,0.09345777944648617,0.09373917249866012,0.07989661549986021,0.09345777944648617
abalone,'Length',4177.0,0.3486,0.0485,0.075,0.815,0.5237,0.545,0.1211,-0.63,0.0393,0.08,0.165,0.0,0.0,0.0,0.0,0.0,0.0,4.5154,0.0055,SVC,0.17850738345960704,0.16386944402671938,0.1780903165321422,0.17768366289874352,0.17760030751484304,0.1777740152272616,0.17620879217778035,0.17511646791942462,0.17760030751484304
abalone,'Length',4177.0,0.3021,0.0449,0.13,0.815,0.5214,0.54,0.12,-0.6223,0.0152,0.08,0.16,0.0,0.0,0.0,0.0,0.0,0.0,4.5075,0.0056,DecisionTree,0.18784219235958444,0.2028485237474843,0.19282559808757915,0.19039185882573767,0.19282559808757915,0.19240662650790025,0.19588416359186941,0.18751025644390512,0.19042641358542164
abalone,'Length',4177.0,0.3021,0.0449,0.13,0.815,0.5214,0.54,0.12,-0.6223,0.0152,0.08,0.16,0.0,0.0,0.0,0.0,0.0,0.0,4.5075,0.0056,LogisticRegression,0.1926573515870928,0.18118018649825696,0.19230565702977168,0.19323552837578375,0.1928633933419357,0.1930949314211335,0.19252153910619346,0.19266630029599013,0.19261223244005335
abalone,'Length',4177.0,0.3021,0.0449,0.13,0.815,0.5214,0.54,0.12,-0.6223,0.0152,0.08,0.16,0.0,0.0,0.0,0.0,0.0,0.0,4.5075,0.0056,KNN,0.18215459428707048,0.18042567719274075,0.1738459767503088,0.17737297665807777,0.17542891581343842,0.17870104874540801,0.1805155062285274,0.18294539925176742,0.17755007444259702
abalone,'Length',4177.0,0.3021,0.0449,0.13,0.815,0.5214,0.54,0.12,-0.6223,0.0152,0.08,0.16,0.0,0.0,0.0,0.0,0.0,0.0,4.5075,0.0056,RandomForest,0.1996002674707098,0.19889947809252753,0.19841563283515223,0.19954391502970045,0.19945135024188781,0.19834131663427268,0.20220758469301986,0.19238920576699045,0.19847530686737472
abalone,'Length',4177.0,0.3021,0.0449,0.13,0.815,0.5214,0.54,0.12,-0.6223,0.0152,0.08,0.16,0.0,0.0,0.0,0.0,0.0,0.0,4.5075,0.0056,AdaBoost,0.0946004255796413,0.09889666496465112,0.10142346028472599,0.10102205471361628,0.10142346028472599,0.10142346028472599,0.10029812638406624,0.0946004255796413,0.1026620362182984
abalone,'Length',4177.0,0.3021,0.0449,0.13,0.815,0.5214,0.54,0.12,-0.6223,0.0152,0.08,0.16,0.0,0.0,0.0,0.0,0.0,0.0,4.5075,0.0056,SVC,0.18685668012502485,0.17860371895129912,0.18036844976745217,0.18035109753079348,0.18036844976745217,0.18033800476363426,0.18105987315705943,0.18650558396963018,0.18099190270873575
abalone,'Length',4177.0,0.2521,0.0426,0.075,0.815,0.523,0.545,0.1204,-0.6409,0.073,0.08,0.165,0.0,0.0,0.0,0.0,0.0,0.0,4.5114,0.0055,DecisionTree,0.18813123839560575,0.19379120920437587,0.1948161538280206,0.1948161538280206,0.1948161538280206,0.1948192394718385,0.19565228608457214,0.1851980265593761,0.19381123219617677
abalone,'Length',4177.0,0.2521,0.0426,0.075,0.815,0.523,0.545,0.1204,-0.6409,0.073,0.08,0.165,0.0,0.0,0.0,0.0,0.0,0.0,4.5114,0.0055,LogisticRegression,0.19815144334425405,0.19232309409192896,0.19970503486230223,0.2000552970532939,0.20133036449389008,0.19983105236094084,0.20257267540581142,0.19429853545993625,0.19803854069365626
abalone,'Length',4177.0,0.2521,0.0426,0.075,0.815,0.523,0.545,0.1204,-0.6409,0.073,0.08,0.165,0.0,0.0,0.0,0.0,0.0,0.0,4.5114,0.0055,KNN,0.17218794215947197,0.173445330211121,0.16817977029266876,0.1745510316974739,0.17234096792284914,0.17434260018668113,0.18372944882003067,0.17477733732947928,0.17404436472754575
abalone,'Length',4177.0,0.2521,0.0426,0.075,0.815,0.523,0.545,0.1204,-0.6409,0.073,0.08,0.165,0.0,0.0,0.0,0.0,0.0,0.0,4.5114,0.0055,RandomForest,0.1991784623577944,0.1949930855043957,0.19955030272731838,0.19960714101827087,0.19958100176362203,0.19917305275321076,0.2035280794143211,0.1948135241452083,0.20046394421575642
abalone,'Length',4177.0,0.2521,0.0426,0.075,0.815,0.523,0.545,0.1204,-0.6409,0.073,0.08,0.165,0.0,0.0,0.0,0.0,0.0,0.0,4.5114,0.0055,AdaBoost,0.10068708457264215,0.0970970928538726,0.10239814447865694,0.10239814447865694,0.10239814447865694,0.10239814447865694,0.10211221439043804,0.10068708457264215,0.10239814447865694
abalone,'Length',4177.0,0.2521,0.0426,0.075,0.815,0.523,0.545,0.1204,-0.6409,0.073,0.08,0.165,0.0,0.0,0.0,0.0,0.0,0.0,4.5114,0.0055,SVC,0.19199131974247416,0.18238450450465715,0.19082405848703754,0.1907268945750769,0.1904433059838992,0.19082405848703754,0.18939919533353547,0.1903847635083811,0.1900917098871321
abalone,'Length',4177.0,0.2035,0.0391,0.11,0.8,0.5238,0.54,0.1199,-0.6272,0.0191,0.08,0.165,0.0,0.0,0.0,0.0,0.0,0.0,4.5099,0.0057,DecisionTree,0.20853206793110732,0.20512565468589167,0.19532380921756284,0.19354916250760698,0.19376508349258423,0.19363722278810563,0.19870812458627946,0.19670311577971117,0.19519594851308425
abalone,'Length',4177.0,0.2035,0.0391,0.11,0.8,0.5238,0.54,0.1199,-0.6272,0.0191,0.08,0.165,0.0,0.0,0.0,0.0,0.0,0.0,4.5099,0.0057,LogisticRegression,0.20223921323654015,0.1948181639124724,0.20420720909339019,0.20332498150143677,0.2039553512961303,0.2037873977276349,0.2039008777289179,0.19853605417015568,0.20339897253706266
abalone,'Length',4177.0,0.2035,0.0391,0.11,0.8,0.5238,0.54,0.1199,-0.6272,0.0191,0.08,0.165,0.0,0.0,0.0,0.0,0.0,0.0,4.5099,0.0057,KNN,0.17606763644771947,0.17995422499556119,0.17943032823399058,0.18583798643466165,0.18483018272683466,0.1836048532019237,0.18868766174542437,0.18033436809013229,0.17823708830160212
abalone,'Length',4177.0,0.2035,0.0391,0.11,0.8,0.5238,0.54,0.1199,-0.6272,0.0191,0.08,0.165,0.0,0.0,0.0,0.0,0.0,0.0,4.5099,0.0057,RandomForest,0.20738551226776702,0.21068257565216414,0.20582143756411686,0.20543936567665638,0.2055037902602289,0.20530494758819198,0.20900997231433277,0.20341864542536195,0.20548598559645442
abalone,'Length',4177.0,0.2035,0.0391,0.11,0.8,0.5238,0.54,0.1199,-0.6272,0.0191,0.08,0.165,0.0,0.0,0.0,0.0,0.0,0.0,4.5099,0.0057,AdaBoost,0.11563385973147826,0.10919151392822868,0.09805779502270272,0.09805779502270272,0.09805779502270272,0.09805779502270272,0.09552033219712754,0.10102088524972638,0.09805779502270272
abalone,'Length',4177.0,0.2035,0.0391,0.11,0.8,0.5238,0.54,0.1199,-0.6272,0.0191,0.08,0.165,0.0,0.0,0.0,0.0,0.0,0.0,4.5099,0.0057,SVC,0.20196158016572308,0.19340119043070855,0.19731352958806825,0.19731352958806825,0.19731352958806825,0.19744643462387756,0.1976253107073337,0.19895420538775854,0.19712089204451405
abalone,'Length',4177.0,0.1456,0.0373,0.075,0.815,0.5237,0.545,0.1197,-0.6429,0.0636,0.08,0.165,0.0,0.0,0.0,0.0,0.0,0.0,4.5086,0.0053,DecisionTree,0.19463003927087377,0.19023967292930966,0.1903612600429685,0.1903612600429685,0.1903612600429685,0.1903612600429685,0.195847737593592,0.19041302927354165,0.1903612600429685
abalone,'Length',4177.0,0.1456,0.0373,0.075,0.815,0.5237,0.545,0.1197,-0.6429,0.0636,0.08,0.165,0.0,0.0,0.0,0.0,0.0,0.0,4.5086,0.0053,LogisticRegression,0.20389911276369227,0.1925921432686435,0.20473011849623984,0.20486710410259842,0.20488674115212874,0.20587822877669637,0.20639272714049967,0.20144112519146654,0.2050988630077189
abalone,'Length',4177.0,0.1456,0.0373,0.075,0.815,0.5237,0.545,0.1197,-0.6429,0.0636,0.08,0.165,0.0,0.0,0.0,0.0,0.0,0.0,4.5086,0.0053,KNN,0.1765667171926059,0.183068096460066,0.17917873608699425,0.17710562683496908,0.1799161822225534,0.17999834792712324,0.17829796265895662,0.17780525241864614,0.1826099268249391
abalone,'Length',4177.0,0.1456,0.0373,0.075,0.815,0.5237,0.545,0.1197,-0.6429,0.0636,0.08,0.165,0.0,0.0,0.0,0.0,0.0,0.0,4.5086,0.0053,RandomForest,0.20104136951460988,0.19639367958433296,0.19353898781877238,0.19372305706730367,0.19358410762373573,0.19371079690141968,0.19588615689841016,0.19884660446261676,0.1932524727461855
abalone,'Length',4177.0,0.1456,0.0373,0.075,0.815,0.5237,0.545,0.1197,-0.6429,0.0636,0.08,0.165,0.0,0.0,0.0,0.0,0.0,0.0,4.5086,0.0053,AdaBoost,0.10527215299257303,0.10077432732422825,0.10209389131248417,0.10209389131248417,0.10209389131248417,0.10209389131248417,0.10164335628763348,0.10227561652867725,0.10209389131248417
abalone,'Length',4177.0,0.1456,0.0373,0.075,0.815,0.5237,0.545,0.1197,-0.6429,0.0636,0.08,0.165,0.0,0.0,0.0,0.0,0.0,0.0,4.5086,0.0053,SVC,0.1957102876063275,0.1882402390780307,0.18812271572069786,0.1881239893491509,0.18812271572069786,0.18812271572069786,0.18822436981485097,0.19382916137304546,0.18812492819916138
abalone,'Length',4177.0,0.1003,0.0354,0.075,0.815,0.5239,0.545,0.12,-0.6551,0.1046,0.08,0.165,0.0,0.0,0.0,0.0,0.0,0.0,4.5082,0.0055,DecisionTree,0.21127574671114194,0.20420657088628036,0.21232254864697653,0.2126088046310996,0.2126088046310996,0.21232254864697653,0.2090672938244984,0.19943597865274754,0.21232254864697653
abalone,'Length',4177.0,0.1003,0.0354,0.075,0.815,0.5239,0.545,0.12,-0.6551,0.1046,0.08,0.165,0.0,0.0,0.0,0.0,0.0,0.0,4.5082,0.0055,LogisticRegression,0.20963680924143763,0.21564195798664898,0.2158423732013575,0.21644903217335548,0.21659325166505197,0.21682701187189463,0.2194329989271483,0.21075107166432733,0.21886509317692576
abalone,'Length',4177.0,0.1003,0.0354,0.075,0.815,0.5239,0.545,0.12,-0.6551,0.1046,0.08,0.165,0.0,0.0,0.0,0.0,0.0,0.0,4.5082,0.0055,KNN,0.18887482979494508,0.18803570490485466,0.1877245554654049,0.18503542273592544,0.1859972419370699,0.1894237431440498,0.18968457683526221,0.18583564022798726,0.19162960985058744
abalone,'Length',4177.0,0.1003,0.0354,0.075,0.815,0.5239,0.545,0.12,-0.6551,0.1046,0.08,0.165,0.0,0.0,0.0,0.0,0.0,0.0,4.5082,0.0055,RandomForest,0.21161542722837384,0.20847406129763904,0.20944517847498711,0.20971836902099322,0.20972973717476673,0.20946110277503757,0.21514748984573437,0.21146680841416648,0.21120513373697972
abalone,'Length',4177.0,0.1003,0.0354,0.075,0.815,0.5239,0.545,0.12,-0.6551,0.1046,0.08,0.165,0.0,0.0,0.0,0.0,0.0,0.0,4.5082,0.0055,AdaBoost,0.09845930543927953,0.1056933529559614,0.09957402578003294,0.09957402578003294,0.09957402578003294,0.09957402578003294,0.09957402578003294,0.09604611697066742,0.09957402578003294
abalone,'Length',4177.0,0.1003,0.0354,0.075,0.815,0.5239,0.545,0.12,-0.6551,0.1046,0.08,0.165,0.0,0.0,0.0,0.0,0.0,0.0,4.5082,0.0055,SVC,0.20393378319115557,0.20636023334179596,0.20580558849463707,0.2070242437502746,0.20656889665926104,0.20580558849463707,0.2060872147873366,0.20458240577614703,0.20512514474427437
abalone,'Length',4177.0,0.0551,0.0337,0.075,0.815,0.5243,0.545,0.1199,-0.6399,0.0789,0.08,0.165,0.0,0.0,0.0,0.0,0.0,0.0,4.5129,0.0055,DecisionTree,0.21878972979330794,0.20633774958388568,0.21231889275666233,0.21231889275666233,0.21231889275666233,0.21231889275666233,0.2113361961374741,0.20629414240864904,0.21231889275666233
abalone,'Length',4177.0,0.0551,0.0337,0.075,0.815,0.5243,0.545,0.1199,-0.6399,0.0789,0.08,0.165,0.0,0.0,0.0,0.0,0.0,0.0,4.5129,0.0055,LogisticRegression,0.21153669661476948,0.21162591856084562,0.21464304323655392,0.21361987987884545,0.2137363012190479,0.21369362147701024,0.21395374472346382,0.21136386092919054,0.2140033860586394
abalone,'Length',4177.0,0.0551,0.0337,0.075,0.815,0.5243,0.545,0.1199,-0.6399,0.0789,0.08,0.165,0.0,0.0,0.0,0.0,0.0,0.0,4.5129,0.0055,KNN,0.19596086541835414,0.19099542491653682,0.18670324786325335,0.1893777106449516,0.19420248998994347,0.19373959789841377,0.1905918837233254,0.18799290498705148,0.18776998952418136
abalone,'Length',4177.0,0.0551,0.0337,0.075,0.815,0.5243,0.545,0.1199,-0.6399,0.0789,0.08,0.165,0.0,0.0,0.0,0.0,0.0,0.0,4.5129,0.0055,RandomForest,0.21250273943860779,0.20833171198139178,0.2089597573483246,0.2093551385548908,0.20840295474284734,0.20851915460664594,0.21171491308546891,0.21010011435227277,0.20956354329634824
abalone,'Length',4177.0,0.0551,0.0337,0.075,0.815,0.5243,0.545,0.1199,-0.6399,0.0789,0.08,0.165,0.0,0.0,0.0,0.0,0.0,0.0,4.5129,0.0055,AdaBoost,0.11863749103767127,0.09663208423412502,0.09616652867659646,0.09616652867659646,0.09616652867659646,0.09616652867659646,0.09616652867659646,0.12003976740551184,0.09616652867659646
abalone,'Length',4177.0,0.0551,0.0337,0.075,0.815,0.5243,0.545,0.1199,-0.6399,0.0789,0.08,0.165,0.0,0.0,0.0,0.0,0.0,0.0,4.5129,0.0055,SVC,0.1992829172992456,0.19635542001603087,0.19782057007069664,0.19782057007069664,0.19782057007069664,0.1978295367549998,0.19851454313170913,0.19970145238182702,0.19803417949628233
BachChoralHarmony,V2,5665.0,0.4902,0.0644,1.0,205.0,53.4131,47.0,37.3182,0.9075,0.6935,25.0,51.0,0.0482,0.0482,0.0305,0.0305,0.0406,0.0406,4.8683,0.0027,DecisionTree,0.43880180321586015,0.4336682997348833,0.44094631044885935,0.44334806160376145,0.442243001529484,0.4461674178443454,0.43428555036452343,0.43322212244468167,0.4404742385242648
BachChoralHarmony,V2,5665.0,0.4902,0.0644,1.0,205.0,53.4131,47.0,37.3182,0.9075,0.6935,25.0,51.0,0.0482,0.0482,0.0305,0.0305,0.0406,0.0406,4.8683,0.0027,LogisticRegression,0.5123607573440627,0.5100116529985018,0.5108215277724482,0.5103612755173738,0.5103630085102902,0.5102057471995491,0.5103827276073754,0.5114729909718528,0.511795142285572
BachChoralHarmony,V2,5665.0,0.4902,0.0644,1.0,205.0,53.4131,47.0,37.3182,0.9075,0.6935,25.0,51.0,0.0482,0.0482,0.0305,0.0305,0.0406,0.0406,4.8683,0.0027,KNN,0.46224472932905225,0.4613450862140835,0.4570624272447764,0.45911529448644406,0.4594306363785485,0.4612310099130254,0.46134738067428666,0.4581846023990403,0.4593930549024722
BachChoralHarmony,V2,5665.0,0.4902,0.0644,1.0,205.0,53.4131,47.0,37.3182,0.9075,0.6935,25.0,51.0,0.0482,0.0482,0.0305,0.0305,0.0406,0.0406,4.8683,0.0027,RandomForest,0.46904256928712257,0.4740999422460501,0.47804016958621975,0.476115532819069,0.47838660143320205,0.4752208988528494,0.47054702728198416,0.4713635203285407,0.4804612347527458
BachChoralHarmony,V2,5665.0,0.4902,0.0644,1.0,205.0,53.4131,47.0,37.3182,0.9075,0.6935,25.0,51.0,0.0482,0.0482,0.0305,0.0305,0.0406,0.0406,4.8683,0.0027,AdaBoost,0.059866763602381766,0.05725364417561934,0.059866763602381766,0.059866763602381766,0.059866763602381766,0.059866763602381766,0.059866763602381766,0.059866763602381766,0.059866763602381766
BachChoralHarmony,V2,5665.0,0.4902,0.0644,1.0,205.0,53.4131,47.0,37.3182,0.9075,0.6935,25.0,51.0,0.0482,0.0482,0.0305,0.0305,0.0406,0.0406,4.8683,0.0027,SVC,0.5064828245088603,0.5029770456177693,0.50601831204056,0.5057686349830663,0.5070170311047653,0.5064224082169178,0.5059146876268891,0.5025819056667299,0.5070983983581748
BachChoralHarmony,V2,5665.0,0.4542,0.0608,1.0,207.0,52.6953,47.0,37.0594,0.9684,0.9377,25.0,50.0,0.0769,0.0769,0.0502,0.0502,0.0666,0.0666,4.8573,0.0027,DecisionTree,0.4412901949689998,0.4422298957510453,0.437714326935806,0.44030830038941376,0.43952753750096835,0.4438178878932983,0.4377887418415518,0.436190838953941,0.4384766444501559
BachChoralHarmony,V2,5665.0,0.4542,0.0608,1.0,207.0,52.6953,47.0,37.0594,0.9684,0.9377,25.0,50.0,0.0769,0.0769,0.0502,0.0502,0.0666,0.0666,4.8573,0.0027,LogisticRegression,0.5099515860382715,0.5070397240511458,0.5113342733986826,0.5138734702547135,0.5129027192309187,0.5120931919886751,0.511676563911291,0.5080361026459345,0.5141854631205983
BachChoralHarmony,V2,5665.0,0.4542,0.0608,1.0,207.0,52.6953,47.0,37.0594,0.9684,0.9377,25.0,50.0,0.0769,0.0769,0.0502,0.0502,0.0666,0.0666,4.8573,0.0027,KNN,0.4674059502931892,0.459269549182325,0.46036646665309694,0.4665011395651557,0.46403080362061716,0.4661249608137752,0.47174682128306566,0.45980152953406705,0.4641063517213052
BachChoralHarmony,V2,5665.0,0.4542,0.0608,1.0,207.0,52.6953,47.0,37.0594,0.9684,0.9377,25.0,50.0,0.0769,0.0769,0.0502,0.0502,0.0666,0.0666,4.8573,0.0027,RandomForest,0.47520970818676844,0.4735630682230558,0.4745950458531773,0.477242322508137,0.4780665215427089,0.47701764425804644,0.4700961537514231,0.47445328235477435,0.480314055228248
BachChoralHarmony,V2,5665.0,0.4542,0.0608,1.0,207.0,52.6953,47.0,37.0594,0.9684,0.9377,25.0,50.0,0.0769,0.0769,0.0502,0.0502,0.0666,0.0666,4.8573,0.0027,AdaBoost,0.059866763602381766,0.059866763602381766,0.059866763602381766,0.059866763602381766,0.059866763602381766,0.059866763602381766,0.059866763602381766,0.059866763602381766,0.059866763602381766
BachChoralHarmony,V2,5665.0,0.4542,0.0608,1.0,207.0,52.6953,47.0,37.0594,0.9684,0.9377,25.0,50.0,0.0769,0.0769,0.0502,0.0502,0.0666,0.0666,4.8573,0.0027,SVC,0.5094134266827547,0.5056047018173381,0.5073856457983364,0.5079038636537497,0.5084563122080841,0.5086845315080338,0.5086334917322861,0.5065539958938609,0.5087101141047595
BachChoralHarmony,V2,5665.0,0.4021,0.0561,1.0,204.0,53.2855,48.0,37.0218,0.9266,0.8455,25.0,50.5,0.0573,0.0573,0.0362,0.0362,0.0481,0.0481,4.8644,0.0026,DecisionTree,0.44802470037041187,0.44327316272181017,0.4435652400478145,0.44112769571120936,0.44500952462328625,0.4418428194041415,0.44332771894903245,0.4320499333873723,0.4393810352705553
BachChoralHarmony,V2,5665.0,0.4021,0.0561,1.0,204.0,53.2855,48.0,37.0218,0.9266,0.8455,25.0,50.5,0.0573,0.0573,0.0362,0.0362,0.0481,0.0481,4.8644,0.0026,LogisticRegression,0.5087623689744346,0.5087741870523702,0.5108756873322924,0.511227147552939,0.5110257006428023,0.5112152841323649,0.5103288704057933,0.5091938944311208,0.510201573193075
BachChoralHarmony,V2,5665.0,0.4021,0.0561,1.0,204.0,53.2855,48.0,37.0218,0.9266,0.8455,25.0,50.5,0.0573,0.0573,0.0362,0.0362,0.0481,0.0481,4.8644,0.0026,KNN,0.46568784780291783,0.4600778072732061,0.4652313725439684,0.4646753142744453,0.46404291963528776,0.4626848090300195,0.4647422282025024,0.46245640011563544,0.46408746573090937
BachChoralHarmony,V2,5665.0,0.4021,0.0561,1.0,204.0,53.2855,48.0,37.0218,0.9266,0.8455,25.0,50.5,0.0573,0.0573,0.0362,0.0362,0.0481,0.0481,4.8644,0.0026,RandomForest,0.4790664011542021,0.47376621925401224,0.4781731899748384,0.47993906477629095,0.4800037067497541,0.4821683506447283,0.47359910162971663,0.4711257459937888,0.48176233287761444
BachChoralHarmony,V2,5665.0,0.4021,0.0561,1.0,204.0,53.2855,48.0,37.0218,0.9266,0.8455,25.0,50.5,0.0573,0.0573,0.0362,0.0362,0.0481,0.0481,4.8644,0.0026,AdaBoost,0.059866763602381766,0.057632857658765406,0.059866763602381766,0.059866763602381766,0.059866763602381766,0.059866763602381766,0.059866763602381766,0.059866763602381766,0.059866763602381766
BachChoralHarmony,V2,5665.0,0.4021,0.0561,1.0,204.0,53.2855,48.0,37.0218,0.9266,0.8455,25.0,50.5,0.0573,0.0573,0.0362,0.0362,0.0481,0.0481,4.8644,0.0026,SVC,0.507323436324733,0.5052183793553484,0.5053974133873531,0.5061901798569624,0.5059984824931346,0.5062631269986269,0.5052394686936704,0.5055891902518378,0.5065291356618822
BachChoralHarmony,V2,5665.0,0.3569,0.0533,1.0,207.0,52.8938,47.0,37.0651,0.9454,0.9094,25.0,51.0,0.0579,0.0579,0.0425,0.0425,0.0566,0.0566,4.8638,0.0025,DecisionTree,0.43455996328795987,0.4313809037611844,0.4360871670538155,0.4334455016017795,0.43465199166133794,0.43039778971678105,0.4341738355991782,0.42937799545896926,0.43226198676670213
BachChoralHarmony,V2,5665.0,0.3569,0.0533,1.0,207.0,52.8938,47.0,37.0651,0.9454,0.9094,25.0,51.0,0.0579,0.0579,0.0425,0.0425,0.0566,0.0566,4.8638,0.0025,LogisticRegression,0.5086315765836535,0.507914254502919,0.5079706610478207,0.5077199636094692,0.5080540046183688,0.5091825949969027,0.5092582612208943,0.5090482825758345,0.5085945450916232
BachChoralHarmony,V2,5665.0,0.3569,0.0533,1.0,207.0,52.8938,47.0,37.0651,0.9454,0.9094,25.0,51.0,0.0579,0.0579,0.0425,0.0425,0.0566,0.0566,4.8638,0.0025,KNN,0.46832773227820734,0.4639223001559952,0.46434051351981775,0.4665939710478275,0.4661139737343699,0.46689027895940555,0.46923555858029464,0.462574171811476,0.46728158459749247
BachChoralHarmony,V2,5665.0,0.3569,0.0533,1.0,207.0,52.8938,47.0,37.0651,0.9454,0.9094,25.0,51.0,0.0579,0.0579,0.0425,0.0425,0.0566,0.0566,4.8638,0.0025,RandomForest,0.4707867589359689,0.46937700768708523,0.4723896010123951,0.4716256918517803,0.473712105473031,0.47510622676396097,0.46912385508415755,0.4788770479946969,0.47411864956649036
BachChoralHarmony,V2,5665.0,0.3569,0.0533,1.0,207.0,52.8938,47.0,37.0651,0.9454,0.9094,25.0,51.0,0.0579,0.0579,0.0425,0.0425,0.0566,0.0566,4.8638,0.0025,AdaBoost,0.059866763602381766,0.059866763602381766,0.059866763602381766,0.059866763602381766,0.059866763602381766,0.059866763602381766,0.059866763602381766,0.059866763602381766,0.059866763602381766
BachChoralHarmony,V2,5665.0,0.3569,0.0533,1.0,207.0,52.8938,47.0,37.0651,0.9454,0.9094,25.0,51.0,0.0579,0.0579,0.0425,0.0425,0.0566,0.0566,4.8638,0.0025,SVC,0.5086994251555553,0.5043598090920477,0.5073355831755578,0.507999441441902,0.5077927505675414,0.5082416660907555,0.5083277757305911,0.5046394165850434,0.5072894621806012
BachChoralHarmony,V2,5665.0,0.2992,0.0499,1.0,207.0,53.5655,47.5,37.3067,0.9278,0.8429,25.5,51.0,0.0637,0.0637,0.0444,0.0444,0.0593,0.0593,4.8782,0.0024,DecisionTree,0.44638160006984384,0.442320605480952,0.4413675077016239,0.4402514536983987,0.4409073924195494,0.4415686136382801,0.4435600418357363,0.44528145425309057,0.44127395092846666
BachChoralHarmony,V2,5665.0,0.2992,0.0499,1.0,207.0,53.5655,47.5,37.3067,0.9278,0.8429,25.5,51.0,0.0637,0.0637,0.0444,0.0444,0.0593,0.0593,4.8782,0.0024,LogisticRegression,0.5080321081438908,0.5040250817220417,0.5119318475047733,0.5114542250598094,0.5114948436670621,0.5117045841098422,0.5083295562487143,0.5049245645105455,0.512707219856563
BachChoralHarmony,V2,5665.0,0.2992,0.0499,1.0,207.0,53.5655,47.5,37.3067,0.9278,0.8429,25.5,51.0,0.0637,0.0637,0.0444,0.0444,0.0593,0.0593,4.8782,0.0024,KNN,0.4680193807189144,0.46497693556296693,0.46437293666216506,0.4671023495813389,0.4685018648450238,0.46662936514913167,0.4674812352404987,0.46211995130450123,0.46537738246965904
BachChoralHarmony,V2,5665.0,0.2992,0.0499,1.0,207.0,53.5655,47.5,37.3067,0.9278,0.8429,25.5,51.0,0.0637,0.0637,0.0444,0.0444,0.0593,0.0593,4.8782,0.0024,RandomForest,0.47730551191519544,0.47823163693814225,0.4797799236251107,0.4794799503893252,0.4811748404687236,0.4810159736621463,0.4771565577499506,0.4778941929947203,0.4818670472896953
BachChoralHarmony,V2,5665.0,0.2992,0.0499,1.0,207.0,53.5655,47.5,37.3067,0.9278,0.8429,25.5,51.0,0.0637,0.0637,0.0444,0.0444,0.0593,0.0593,4.8782,0.0024,AdaBoost,0.059866763602381766,0.05763053137035725,0.059866763602381766,0.059866763602381766,0.059866763602381766,0.059866763602381766,0.059866763602381766,0.059866763602381766,0.059866763602381766
BachChoralHarmony,V2,5665.0,0.2992,0.0499,1.0,207.0,53.5655,47.5,37.3067,0.9278,0.8429,25.5,51.0,0.0637,0.0637,0.0444,0.0444,0.0593,0.0593,4.8782,0.0024,SVC,0.5072464489812224,0.5040593502966075,0.507022216275774,0.5068185793251679,0.5064576706142278,0.5064313032373705,0.5057751127106996,0.5024019856877199,0.5060980875613359
BachChoralHarmony,V2,5665.0,0.2461,0.0464,1.0,207.0,52.9827,47.0,37.1216,0.9507,0.9187,25.0,51.0,0.0736,0.0736,0.0494,0.0494,0.0658,0.0658,4.872,0.0024,DecisionTree,0.4314658800037873,0.43105659626978454,0.4357417534356502,0.4340012125875755,0.43509317647710943,0.43705169836134045,0.4360413543165571,0.4313884331555492,0.43555550623922
BachChoralHarmony,V2,5665.0,0.2461,0.0464,1.0,207.0,52.9827,47.0,37.1216,0.9507,0.9187,25.0,51.0,0.0736,0.0736,0.0494,0.0494,0.0658,0.0658,4.872,0.0024,LogisticRegression,0.5114416761225483,0.5096815251489408,0.5090998422425298,0.5128019474470882,0.5117246505612673,0.5130051263219222,0.5132528866616278,0.510426451620399,0.5125328787479031
BachChoralHarmony,V2,5665.0,0.2461,0.0464,1.0,207.0,52.9827,47.0,37.1216,0.9507,0.9187,25.0,51.0,0.0736,0.0736,0.0494,0.0494,0.0658,0.0658,4.872,0.0024,KNN,0.46736768666193934,0.46704123637334516,0.4663000922480853,0.46719723145220327,0.4663839258568712,0.46641508934147313,0.4693733269694387,0.46636550245685127,0.46820190551478247
BachChoralHarmony,V2,5665.0,0.2461,0.0464,1.0,207.0,52.9827,47.0,37.1216,0.9507,0.9187,25.0,51.0,0.0736,0.0736,0.0494,0.0494,0.0658,0.0658,4.872,0.0024,RandomForest,0.4774233511727124,0.4770469972490267,0.4799238914434831,0.4799785690722641,0.47547378466880713,0.47619092872798807,0.48175323221600463,0.47736597340155984,0.4793768595287471
BachChoralHarmony,V2,5665.0,0.2461,0.0464,1.0,207.0,52.9827,47.0,37.1216,0.9507,0.9187,25.0,51.0,0.0736,0.0736,0.0494,0.0494,0.0658,0.0658,4.872,0.0024,AdaBoost,0.059866763602381766,0.057443779113772214,0.059866763602381766,0.059866763602381766,0.059866763602381766,0.059866763602381766,0.059866763602381766,0.059866763602381766,0.059866763602381766
BachChoralHarmony,V2,5665.0,0.2461,0.0464,1.0,207.0,52.9827,47.0,37.1216,0.9507,0.9187,25.0,51.0,0.0736,0.0736,0.0494,0.0494,0.0658,0.0658,4.872,0.0024,SVC,0.5096379377493577,0.5077841121765639,0.5080122134639553,0.5088315820967396,0.509178628046901,0.5094461997995355,0.5088170844061868,0.5083971800201798,0.5089754122580454
BachChoralHarmony,V2,5665.0,0.2037,0.045,1.0,207.0,53.1618,47.0,37.4877,0.9532,0.9068,25.0,51.0,0.0629,0.0629,0.0438,0.0438,0.0584,0.0584,4.88,0.0023,DecisionTree,0.4413954635631782,0.4409029788526062,0.43968656389281136,0.4464322435979872,0.44461862977607575,0.4447617619149953,0.4405694827096709,0.43718694457798224,0.4389396077375376
BachChoralHarmony,V2,5665.0,0.2037,0.045,1.0,207.0,53.1618,47.0,37.4877,0.9532,0.9068,25.0,51.0,0.0629,0.0629,0.0438,0.0438,0.0584,0.0584,4.88,0.0023,LogisticRegression,0.5124283418527994,0.5065853456411977,0.5098990581121536,0.5094758435498428,0.5102237607757006,0.5098067493806797,0.5127773765541955,0.5076791390490698,0.5102534147066722
BachChoralHarmony,V2,5665.0,0.2037,0.045,1.0,207.0,53.1618,47.0,37.4877,0.9532,0.9068,25.0,51.0,0.0629,0.0629,0.0438,0.0438,0.0584,0.0584,4.88,0.0023,KNN,0.46357721027321946,0.4634634709369781,0.4645828992840309,0.46387948853710453,0.46614035094699213,0.46575382564996404,0.4666414539486972,0.464271950958966,0.46682947163656324
BachChoralHarmony,V2,5665.0,0.2037,0.045,1.0,207.0,53.1618,47.0,37.4877,0.9532,0.9068,25.0,51.0,0.0629,0.0629,0.0438,0.0438,0.0584,0.0584,4.88,0.0023,RandomForest,0.4786773234216045,0.4780795346275996,0.47771750045126143,0.4793809905665883,0.48070703726252584,0.4838989485552816,0.4765361250768615,0.4752925861355071,0.48213046220629674
BachChoralHarmony,V2,5665.0,0.2037,0.045,1.0,207.0,53.1618,47.0,37.4877,0.9532,0.9068,25.0,51.0,0.0629,0.0629,0.0438,0.0438,0.0584,0.0584,4.88,0.0023,AdaBoost,0.059866763602381766,0.059866763602381766,0.059866763602381766,0.059866763602381766,0.059866763602381766,0.059866763602381766,0.059866763602381766,0.059866763602381766,0.059866763602381766
BachChoralHarmony,V2,5665.0,0.2037,0.045,1.0,207.0,53.1618,47.0,37.4877,0.9532,0.9068,25.0,51.0,0.0629,0.0629,0.0438,0.0438,0.0584,0.0584,4.88,0.0023,SVC,0.5076550585125915,0.504455397514348,0.5091085644648384,0.5079495777204769,0.5087280424305552,0.5086264821641306,0.5069774031906031,0.5048184385715333,0.5091203299109708
BachChoralHarmony,V2,5665.0,0.1463,0.0411,1.0,207.0,53.2841,48.0,36.8701,0.9037,0.8318,25.0,51.0,0.0705,0.0705,0.0465,0.0465,0.0618,0.0618,4.8742,0.0023,DecisionTree,0.438619400315276,0.44428038689807825,0.437897982085628,0.4389056280529157,0.4358880223661759,0.43941801604507774,0.4421208197316367,0.4446546120069852,0.44022974908309775
BachChoralHarmony,V2,5665.0,0.1463,0.0411,1.0,207.0,53.2841,48.0,36.8701,0.9037,0.8318,25.0,51.0,0.0705,0.0705,0.0465,0.0465,0.0618,0.0618,4.8742,0.0023,LogisticRegression,0.5107050511681899,0.5085138578030798,0.5110392467020924,0.5115289848092011,0.5117878230194681,0.5119033304369421,0.5104944139276597,0.5078115513460648,0.5118837605405512
BachChoralHarmony,V2,5665.0,0.1463,0.0411,1.0,207.0,53.2841,48.0,36.8701,0.9037,0.8318,25.0,51.0,0.0705,0.0705,0.0465,0.0465,0.0618,0.0618,4.8742,0.0023,KNN,0.4643484596619607,0.46200833733742386,0.463796899770641,0.4671374683836197,0.46732796208671734,0.46670319058948134,0.4638529203793966,0.462393717964325,0.46643059172052
BachChoralHarmony,V2,5665.0,0.1463,0.0411,1.0,207.0,53.2841,48.0,36.8701,0.9037,0.8318,25.0,51.0,0.0705,0.0705,0.0465,0.0465,0.0618,0.0618,4.8742,0.0023,RandomForest,0.48102579848044497,0.48461658678644304,0.4773930798216789,0.48260318648537426,0.4799132371728887,0.48105472649244935,0.481973959945931,0.4897597551096091,0.4785731562254765
BachChoralHarmony,V2,5665.0,0.1463,0.0411,1.0,207.0,53.2841,48.0,36.8701,0.9037,0.8318,25.0,51.0,0.0705,0.0705,0.0465,0.0465,0.0618,0.0618,4.8742,0.0023,AdaBoost,0.059866763602381766,0.059866763602381766,0.059866763602381766,0.059866763602381766,0.059866763602381766,0.059866763602381766,0.059866763602381766,0.059866763602381766,0.059866763602381766
BachChoralHarmony,V2,5665.0,0.1463,0.0411,1.0,207.0,53.2841,48.0,36.8701,0.9037,0.8318,25.0,51.0,0.0705,0.0705,0.0465,0.0465,0.0618,0.0618,4.8742,0.0023,SVC,0.5102568419992419,0.5072800734351339,0.506757213957816,0.5077987533955044,0.5086991289051961,0.5085552231919754,0.5096649879945975,0.5074663213271301,0.5083176144316822
BachChoralHarmony,V2,5665.0,0.1011,0.0403,1.0,207.0,53.5589,48.0,37.3059,0.9315,0.8525,25.0,51.0,0.0764,0.0764,0.0531,0.0531,0.0706,0.0706,4.8837,0.0022,DecisionTree,0.4466850173386604,0.44316666730527426,0.4488829967963594,0.44758496387923263,0.4441006915476767,0.4444720736944043,0.4477800963710879,0.442813980591625,0.4468114462818814
BachChoralHarmony,V2,5665.0,0.1011,0.0403,1.0,207.0,53.5589,48.0,37.3059,0.9315,0.8525,25.0,51.0,0.0764,0.0764,0.0531,0.0531,0.0706,0.0706,4.8837,0.0022,LogisticRegression,0.5114520514051334,0.5099619202650623,0.5114165451596404,0.5108615973530849,0.5112078360545067,0.5108123990299392,0.5111126626587253,0.51082881291167,0.5104816780650285
BachChoralHarmony,V2,5665.0,0.1011,0.0403,1.0,207.0,53.5589,48.0,37.3059,0.9315,0.8525,25.0,51.0,0.0764,0.0764,0.0531,0.0531,0.0706,0.0706,4.8837,0.0022,KNN,0.46987238089997163,0.46644037092629836,0.4715034605118235,0.471737689719515,0.47069571295609364,0.4716370295670426,0.4693506527692634,0.46702141551071497,0.4716886301293435
BachChoralHarmony,V2,5665.0,0.1011,0.0403,1.0,207.0,53.5589,48.0,37.3059,0.9315,0.8525,25.0,51.0,0.0764,0.0764,0.0531,0.0531,0.0706,0.0706,4.8837,0.0022,RandomForest,0.48359076226749775,0.48440813728810284,0.4846954300340951,0.4889647083084101,0.48554566430620766,0.4830551254052686,0.4845928480004277,0.48507851809792824,0.48865733312804704
BachChoralHarmony,V2,5665.0,0.1011,0.0403,1.0,207.0,53.5589,48.0,37.3059,0.9315,0.8525,25.0,51.0,0.0764,0.0764,0.0531,0.0531,0.0706,0.0706,4.8837,0.0022,AdaBoost,0.059866763602381766,0.059866763602381766,0.059866763602381766,0.059866763602381766,0.059866763602381766,0.059866763602381766,0.059866763602381766,0.059866763602381766,0.059866763602381766
BachChoralHarmony,V2,5665.0,0.1011,0.0403,1.0,207.0,53.5589,48.0,37.3059,0.9315,0.8525,25.0,51.0,0.0764,0.0764,0.0531,0.0531,0.0706,0.0706,4.8837,0.0022,SVC,0.5074318709575073,0.5060163744467843,0.5092904204691102,0.5087018340353654,0.5089406597485551,0.5089046311247188,0.5067958661541392,0.5058421799978414,0.5087679143621886
BachChoralHarmony,V2,5665.0,0.0494,0.0383,1.0,207.0,53.4405,48.0,37.1376,0.9172,0.8353,25.0,51.0,0.0746,0.0746,0.0514,0.0514,0.0685,0.0685,4.882,0.0023,DecisionTree,0.44830782001192315,0.4466795509241544,0.4469720969258097,0.4471449347186226,0.45205293038841965,0.4521332368668146,0.44642452541130434,0.4466429194601147,0.44956629580187435
BachChoralHarmony,V2,5665.0,0.0494,0.0383,1.0,207.0,53.4405,48.0,37.1376,0.9172,0.8353,25.0,51.0,0.0746,0.0746,0.0514,0.0514,0.0685,0.0685,4.882,0.0023,LogisticRegression,0.510621987935779,0.5116994263945261,0.5124662613514882,0.5120200655854643,0.5123201389695516,0.5122599401707427,0.5105265836789137,0.5115768405536264,0.5120641474481904
BachChoralHarmony,V2,5665.0,0.0494,0.0383,1.0,207.0,53.4405,48.0,37.1376,0.9172,0.8353,25.0,51.0,0.0746,0.0746,0.0514,0.0514,0.0685,0.0685,4.882,0.0023,KNN,0.46794007081199235,0.46567247317829746,0.4670014012199765,0.469489817220086,0.4693254625629699,0.46878575099819986,0.4680605964825722,0.4662344480469357,0.4692677525922944
BachChoralHarmony,V2,5665.0,0.0494,0.0383,1.0,207.0,53.4405,48.0,37.1376,0.9172,0.8353,25.0,51.0,0.0746,0.0746,0.0514,0.0514,0.0685,0.0685,4.882,0.0023,RandomForest,0.4826709214007866,0.48330499033158186,0.4817191524585696,0.4865155486449283,0.4868722945529773,0.48558055707128683,0.48401374727198754,0.48743070074219536,0.4867156101710839
BachChoralHarmony,V2,5665.0,0.0494,0.0383,1.0,207.0,53.4405,48.0,37.1376,0.9172,0.8353,25.0,51.0,0.0746,0.0746,0.0514,0.0514,0.0685,0.0685,4.882,0.0023,AdaBoost,0.059866763602381766,0.059866763602381766,0.059866763602381766,0.059866763602381766,0.059866763602381766,0.059866763602381766,0.059866763602381766,0.059866763602381766,0.059866763602381766
BachChoralHarmony,V2,5665.0,0.0494,0.0383,1.0,207.0,53.4405,48.0,37.1376,0.9172,0.8353,25.0,51.0,0.0746,0.0746,0.0514,0.0514,0.0685,0.0685,4.882,0.0023,SVC,0.5093384010586017,0.509177264532189,0.5096650142379755,0.509655550624482,0.509992552930077,0.5101541132464857,0.5096515551194996,0.50878345934211,0.5096422752810474
BachChoralHarmony,V16,5665.0,0.5061,0.0018,1.0,5.0,3.1326,3.0,1.1039,0.3693,-0.9157,1.0,2.0,0.0901,0.0901,0.0652,0.0652,0.0867,0.0867,1.4125,2.8249,DecisionTree,0.47137209448976514,0.4584730918566772,0.454913930016173,0.4576514402186276,0.45698475045582815,0.4612686046659673,0.44567563589432146,0.45088719056458265,0.45899586050039154
BachChoralHarmony,V16,5665.0,0.5061,0.0018,1.0,5.0,3.1326,3.0,1.1039,0.3693,-0.9157,1.0,2.0,0.0901,0.0901,0.0652,0.0652,0.0867,0.0867,1.4125,2.8249,LogisticRegression,0.508368183266652,0.5145991019077617,0.5129614802979078,0.5091130778199325,0.5102176626111707,0.50984985417977,0.510300943360996,0.5097791977279772,0.5107686477594461
BachChoralHarmony,V16,5665.0,0.5061,0.0018,1.0,5.0,3.1326,3.0,1.1039,0.3693,-0.9157,1.0,2.0,0.0901,0.0901,0.0652,0.0652,0.0867,0.0867,1.4125,2.8249,KNN,0.4677935221826853,0.4629506266672989,0.46933355991363324,0.46479588982224507,0.46353330602604476,0.4658310997862587,0.46593114079649944,0.46530936297275577,0.465542421588315
BachChoralHarmony,V16,5665.0,0.5061,0.0018,1.0,5.0,3.1326,3.0,1.1039,0.3693,-0.9157,1.0,2.0,0.0901,0.0901,0.0652,0.0652,0.0867,0.0867,1.4125,2.8249,RandomForest,0.5005542776233145,0.5009353193731344,0.5047894743056642,0.5004795567458767,0.49974914706994245,0.5036234609383018,0.4958139074511303,0.4859546421603248,0.5020006833513556
BachChoralHarmony,V16,5665.0,0.5061,0.0018,1.0,5.0,3.1326,3.0,1.1039,0.3693,-0.9157,1.0,2.0,0.0901,0.0901,0.0652,0.0652,0.0867,0.0867,1.4125,2.8249,AdaBoost,0.059866763602381766,0.059866763602381766,0.059866763602381766,0.059866763602381766,0.059866763602381766,0.059866763602381766,0.059866763602381766,0.059866763602381766,0.059866763602381766
BachChoralHarmony,V16,5665.0,0.5061,0.0018,1.0,5.0,3.1326,3.0,1.1039,0.3693,-0.9157,1.0,2.0,0.0901,0.0901,0.0652,0.0652,0.0867,0.0867,1.4125,2.8249,SVC,0.5059043243374041,0.5091606141551613,0.510052433399992,0.5073328848387357,0.50664072473259,0.5061377016634152,0.5067935778464123,0.506113189742656,0.5059212745852816
BachChoralHarmony,V16,5665.0,0.4443,0.0016,1.0,5.0,3.1468,3.0,1.1117,0.3467,-0.952,1.0,2.0,0.0848,0.0848,0.0565,0.0565,0.0752,0.0752,1.4187,1.3911,DecisionTree,0.46755289203305384,0.4588103516929256,0.4570227740968572,0.45602357724297315,0.4632848539966864,0.45652728444257334,0.45511675174246213,0.4386876502575764,0.4471096171239214
BachChoralHarmony,V16,5665.0,0.4443,0.0016,1.0,5.0,3.1468,3.0,1.1117,0.3467,-0.952,1.0,2.0,0.0848,0.0848,0.0565,0.0565,0.0752,0.0752,1.4187,1.3911,LogisticRegression,0.510820663023566,0.510786675333004,0.5130632418775295,0.511991353898787,0.5117641873547014,0.5122874823015666,0.5107432120989355,0.5094819032105861,0.5116337209345244
BachChoralHarmony,V16,5665.0,0.4443,0.0016,1.0,5.0,3.1468,3.0,1.1117,0.3467,-0.952,1.0,2.0,0.0848,0.0848,0.0565,0.0565,0.0752,0.0752,1.4187,1.3911,KNN,0.47016509304995796,0.4690365612765715,0.46750027009581163,0.46728568877749255,0.46691755583644423,0.46852818651678496,0.4684524249181292,0.4679616363331767,0.4685633008059424
BachChoralHarmony,V16,5665.0,0.4443,0.0016,1.0,5.0,3.1468,3.0,1.1117,0.3467,-0.952,1.0,2.0,0.0848,0.0848,0.0565,0.0565,0.0752,0.0752,1.4187,1.3911,RandomForest,0.4972631561783172,0.5013327521047504,0.49847144091830653,0.49550276634065815,0.4969236441354408,0.49091389025718024,0.48812606041335216,0.4895949087003634,0.48960674700851614
BachChoralHarmony,V16,5665.0,0.4443,0.0016,1.0,5.0,3.1468,3.0,1.1117,0.3467,-0.952,1.0,2.0,0.0848,0.0848,0.0565,0.0565,0.0752,0.0752,1.4187,1.3911,AdaBoost,0.059866763602381766,0.059866763602381766,0.059866763602381766,0.059866763602381766,0.059866763602381766,0.059866763602381766,0.059866763602381766,0.059866763602381766,0.059866763602381766
BachChoralHarmony,V16,5665.0,0.4443,0.0016,1.0,5.0,3.1468,3.0,1.1117,0.3467,-0.952,1.0,2.0,0.0848,0.0848,0.0565,0.0565,0.0752,0.0752,1.4187,1.3911,SVC,0.5108816890587664,0.5101508624034309,0.5079477552407469,0.5088286559090571,0.5099841707192311,0.5091925257032561,0.5098831531869412,0.5067055782739863,0.5097794278341076
BachChoralHarmony,V16,5665.0,0.3936,0.0015,1.0,5.0,3.1316,3.0,1.1092,0.3813,-0.9323,1.0,2.0,0.0733,0.0733,0.0467,0.0467,0.0625,0.0625,1.4098,1.5645,DecisionTree,0.45645047791367677,0.45701701615850515,0.4507032934199189,0.4427281830185445,0.45085711325462446,0.45440948253338187,0.44890987245311664,0.4475379653404551,0.447601654407306
BachChoralHarmony,V16,5665.0,0.3936,0.0015,1.0,5.0,3.1316,3.0,1.1092,0.3813,-0.9323,1.0,2.0,0.0733,0.0733,0.0467,0.0467,0.0625,0.0625,1.4098,1.5645,LogisticRegression,0.5099321589281846,0.5119467888922428,0.5098482883395508,0.50819781265742,0.5078999362911588,0.5096213642682842,0.5091590260272097,0.5075539835761714,0.5087549321441008
BachChoralHarmony,V16,5665.0,0.3936,0.0015,1.0,5.0,3.1316,3.0,1.1092,0.3813,-0.9323,1.0,2.0,0.0733,0.0733,0.0467,0.0467,0.0625,0.0625,1.4098,1.5645,KNN,0.46744639030780255,0.4673047649727568,0.4699465475419444,0.4678757525255449,0.4699959750860394,0.4687781312630802,0.4686944944393532,0.4648902226341772,0.4696419045559602
BachChoralHarmony,V16,5665.0,0.3936,0.0015,1.0,5.0,3.1316,3.0,1.1092,0.3813,-0.9323,1.0,2.0,0.0733,0.0733,0.0467,0.0467,0.0625,0.0625,1.4098,1.5645,RandomForest,0.4951789709187508,0.49496966598325404,0.49677280575137506,0.4962327239347104,0.49869758029800065,0.5010192218674187,0.49337933679062873,0.4910273154683459,0.4962224004748443
BachChoralHarmony,V16,5665.0,0.3936,0.0015,1.0,5.0,3.1316,3.0,1.1092,0.3813,-0.9323,1.0,2.0,0.0733,0.0733,0.0467,0.0467,0.0625,0.0625,1.4098,1.5645,AdaBoost,0.059866763602381766,0.059866763602381766,0.059866763602381766,0.059866763602381766,0.059866763602381766,0.059866763602381766,0.059866763602381766,0.059866763602381766,0.059866763602381766
BachChoralHarmony,V16,5665.0,0.3936,0.0015,1.0,5.0,3.1316,3.0,1.1092,0.3813,-0.9323,1.0,2.0,0.0733,0.0733,0.0467,0.0467,0.0625,0.0625,1.4098,1.5645,SVC,0.5060430467805289,0.5032778664582566,0.5070327273843125,0.5054494755386953,0.5064277644753064,0.5055028986946085,0.5060995348478368,0.5054194630701304,0.5055756545132885
BachChoralHarmony,V16,5665.0,0.3477,0.0014,1.0,5.0,3.1372,3.0,1.1025,0.3887,-0.9214,1.0,2.0,0.0865,0.0865,0.0597,0.0597,0.0794,0.0794,1.4036,4.168,DecisionTree,0.4573063297982643,0.4557903422594484,0.45705479026814044,0.4518170242099651,0.45002867787941414,0.4581359093881716,0.45258250917358045,0.4397218667750249,0.44949586508913364
BachChoralHarmony,V16,5665.0,0.3477,0.0014,1.0,5.0,3.1372,3.0,1.1025,0.3887,-0.9214,1.0,2.0,0.0865,0.0865,0.0597,0.0597,0.0794,0.0794,1.4036,4.168,LogisticRegression,0.512815364892917,0.5111672192697984,0.5167726771536109,0.5111444800909286,0.5113677442533686,0.5114063804028107,0.5109989474279771,0.5120797993937295,0.5118658650018109
BachChoralHarmony,V16,5665.0,0.3477,0.0014,1.0,5.0,3.1372,3.0,1.1025,0.3887,-0.9214,1.0,2.0,0.0865,0.0865,0.0597,0.0597,0.0794,0.0794,1.4036,4.168,KNN,0.46327634748194996,0.4675754940392526,0.46656925493907775,0.46260416030281304,0.46238112369712703,0.46264772793808573,0.4636778898577218,0.46271873184677215,0.4599001599767868
BachChoralHarmony,V16,5665.0,0.3477,0.0014,1.0,5.0,3.1372,3.0,1.1025,0.3887,-0.9214,1.0,2.0,0.0865,0.0865,0.0597,0.0597,0.0794,0.0794,1.4036,4.168,RandomForest,0.4919721857132026,0.4972459439613093,0.4947059839747579,0.48971026636568205,0.49049128979079787,0.48848417125392335,0.48746405345154203,0.4860768921091373,0.48903646922157235
BachChoralHarmony,V16,5665.0,0.3477,0.0014,1.0,5.0,3.1372,3.0,1.1025,0.3887,-0.9214,1.0,2.0,0.0865,0.0865,0.0597,0.0597,0.0794,0.0794,1.4036,4.168,AdaBoost,0.059866763602381766,0.059866763602381766,0.059866763602381766,0.059866763602381766,0.059866763602381766,0.059866763602381766,0.059866763602381766,0.059866763602381766,0.059866763602381766
BachChoralHarmony,V16,5665.0,0.3477,0.0014,1.0,5.0,3.1372,3.0,1.1025,0.3887,-0.9214,1.0,2.0,0.0865,0.0865,0.0597,0.0597,0.0794,0.0794,1.4036,4.168,SVC,0.5079587768736689,0.5092217606167107,0.5080179500126573,0.5075399193568508,0.5084993224596936,0.5082840046240795,0.5085541292725415,0.5064255930178967,0.5074503361368804
BachChoralHarmony,V16,5665.0,0.2946,0.0013,1.0,5.0,3.1534,3.0,1.1191,0.3459,-0.9598,1.0,2.0,0.083,0.083,0.054,0.054,0.0722,0.0722,1.4196,3.7663,DecisionTree,0.4639675374762398,0.45541028900012404,0.4562298582432569,0.4510796874274797,0.4474000157202481,0.44939994161766195,0.45231044478713256,0.4503695020425196,0.45224539434746946
BachChoralHarmony,V16,5665.0,0.2946,0.0013,1.0,5.0,3.1534,3.0,1.1191,0.3459,-0.9598,1.0,2.0,0.083,0.083,0.054,0.054,0.0722,0.0722,1.4196,3.7663,LogisticRegression,0.5121010188371904,0.5086213737503822,0.509931633636927,0.5103799419130914,0.5095883647140231,0.5107266835488415,0.511688799546849,0.511403146552003,0.5097641587296902
BachChoralHarmony,V16,5665.0,0.2946,0.0013,1.0,5.0,3.1534,3.0,1.1191,0.3459,-0.9598,1.0,2.0,0.083,0.083,0.054,0.054,0.0722,0.0722,1.4196,3.7663,KNN,0.4695259734783883,0.46879417720118827,0.471213351546294,0.46725410640288184,0.46776682480337844,0.4680832421301413,0.468863660454665,0.46762972979748213,0.46895604426284077
BachChoralHarmony,V16,5665.0,0.2946,0.0013,1.0,5.0,3.1534,3.0,1.1191,0.3459,-0.9598,1.0,2.0,0.083,0.083,0.054,0.054,0.0722,0.0722,1.4196,3.7663,RandomForest,0.4888533824213831,0.49294091093018755,0.4915465935281851,0.49146916789855605,0.48962285077232476,0.48836001178317645,0.4854276860986507,0.4904937575790746,0.4901124796550679
BachChoralHarmony,V16,5665.0,0.2946,0.0013,1.0,5.0,3.1534,3.0,1.1191,0.3459,-0.9598,1.0,2.0,0.083,0.083,0.054,0.054,0.0722,0.0722,1.4196,3.7663,AdaBoost,0.059866763602381766,0.059866763602381766,0.059866763602381766,0.059866763602381766,0.059866763602381766,0.059866763602381766,0.059866763602381766,0.059866763602381766,0.059866763602381766
BachChoralHarmony,V16,5665.0,0.2946,0.0013,1.0,5.0,3.1534,3.0,1.1191,0.3459,-0.9598,1.0,2.0,0.083,0.083,0.054,0.054,0.0722,0.0722,1.4196,3.7663,SVC,0.5079913569658251,0.505844581187967,0.5089365311905348,0.5081955641547228,0.5092256718891297,0.5089677088317702,0.508299708368142,0.506264392999728,0.5088360747521048
BachChoralHarmony,V16,5665.0,0.2491,0.0012,1.0,5.0,3.1401,3.0,1.1084,0.3824,-0.9526,1.0,2.0,0.0701,0.0701,0.0478,0.0478,0.0635,0.0635,1.4061,3.8511,DecisionTree,0.4589868167040432,0.4512718386849773,0.4429046744178147,0.4439332107156829,0.4498517932046414,0.451007202829669,0.44917877362032976,0.4435411868712162,0.4441699121444931
BachChoralHarmony,V16,5665.0,0.2491,0.0012,1.0,5.0,3.1401,3.0,1.1084,0.3824,-0.9526,1.0,2.0,0.0701,0.0701,0.0478,0.0478,0.0635,0.0635,1.4061,3.8511,LogisticRegression,0.5128009473767838,0.5119113316413973,0.5139673088761345,0.5115082020115237,0.511391269805641,0.5108318069098239,0.5122691346402651,0.5121216316823863,0.5116701848666811
BachChoralHarmony,V16,5665.0,0.2491,0.0012,1.0,5.0,3.1401,3.0,1.1084,0.3824,-0.9526,1.0,2.0,0.0701,0.0701,0.0478,0.0478,0.0635,0.0635,1.4061,3.8511,KNN,0.46606375638248215,0.46523986550847,0.46648343629560146,0.4665430769421162,0.4631327566434305,0.46588143764712475,0.46449863305115485,0.46291322245452093,0.4662568008701545
BachChoralHarmony,V16,5665.0,0.2491,0.0012,1.0,5.0,3.1401,3.0,1.1084,0.3824,-0.9526,1.0,2.0,0.0701,0.0701,0.0478,0.0478,0.0635,0.0635,1.4061,3.8511,RandomForest,0.49110867929865826,0.48841106004902735,0.49370170075084197,0.4899296715788029,0.49278413074886196,0.48530072971661425,0.4878849659904685,0.48814661855105373,0.4904507313292876
BachChoralHarmony,V16,5665.0,0.2491,0.0012,1.0,5.0,3.1401,3.0,1.1084,0.3824,-0.9526,1.0,2.0,0.0701,0.0701,0.0478,0.0478,0.0635,0.0635,1.4061,3.8511,AdaBoost,0.059866763602381766,0.059866763602381766,0.059866763602381766,0.059866763602381766,0.059866763602381766,0.059866763602381766,0.059866763602381766,0.059866763602381766,0.059866763602381766
BachChoralHarmony,V16,5665.0,0.2491,0.0012,1.0,5.0,3.1401,3.0,1.1084,0.3824,-0.9526,1.0,2.0,0.0701,0.0701,0.0478,0.0478,0.0635,0.0635,1.4061,3.8511,SVC,0.5055307686696412,0.509582487698734,0.5062081300562487,0.5073436798995132,0.506449530744749,0.5070319564856938,0.5055049862826542,0.5037888077139355,0.5066909968431094
BachChoralHarmony,V16,5665.0,0.1995,0.0011,1.0,5.0,3.1513,3.0,1.1109,0.3575,-0.9449,1.0,2.0,0.0808,0.0808,0.0536,0.0536,0.0715,0.0715,1.4136,3.7151,DecisionTree,0.446301041959077,0.4474890343407125,0.4358192053762735,0.44071776284983283,0.4434357654089389,0.4418539156243917,0.4390970765747767,0.4384153679066919,0.4383427171235966
BachChoralHarmony,V16,5665.0,0.1995,0.0011,1.0,5.0,3.1513,3.0,1.1109,0.3575,-0.9449,1.0,2.0,0.0808,0.0808,0.0536,0.0536,0.0715,0.0715,1.4136,3.7151,LogisticRegression,0.5135816465648713,0.5128859074287341,0.5131169286402659,0.5131438975767005,0.5129327333160365,0.5129689186831861,0.5134500024212719,0.513795833042375,0.5142296130424162
BachChoralHarmony,V16,5665.0,0.1995,0.0011,1.0,5.0,3.1513,3.0,1.1109,0.3575,-0.9449,1.0,2.0,0.0808,0.0808,0.0536,0.0536,0.0715,0.0715,1.4136,3.7151,KNN,0.4705385859772707,0.471547614175157,0.4702546964421256,0.4687977612042271,0.4703582805081221,0.4694167420560389,0.47054744236954715,0.4692926659707731,0.46928279815812224
BachChoralHarmony,V16,5665.0,0.1995,0.0011,1.0,5.0,3.1513,3.0,1.1109,0.3575,-0.9449,1.0,2.0,0.0808,0.0808,0.0536,0.0536,0.0715,0.0715,1.4136,3.7151,RandomForest,0.48633010053925396,0.4866180718248772,0.4872248879822349,0.4890356003569441,0.4879714446585124,0.486231404477573,0.48479581817201506,0.4820778357982624,0.4891285703322684
BachChoralHarmony,V16,5665.0,0.1995,0.0011,1.0,5.0,3.1513,3.0,1.1109,0.3575,-0.9449,1.0,2.0,0.0808,0.0808,0.0536,0.0536,0.0715,0.0715,1.4136,3.7151,AdaBoost,0.059866763602381766,0.059866763602381766,0.059866763602381766,0.059866763602381766,0.059866763602381766,0.059866763602381766,0.059866763602381766,0.059866763602381766,0.059866763602381766
BachChoralHarmony,V16,5665.0,0.1995,0.0011,1.0,5.0,3.1513,3.0,1.1109,0.3575,-0.9449,1.0,2.0,0.0808,0.0808,0.0536,0.0536,0.0715,0.0715,1.4136,3.7151,SVC,0.5083111002989154,0.5099947738749249,0.509149392789938,0.5082175271208497,0.5084590783898697,0.507932648695653,0.5091016023744579,0.5079223037362748,0.5088483884030326
BachChoralHarmony,V16,5665.0,0.1493,0.001,1.0,5.0,3.1359,3.0,1.1076,0.3659,-0.9206,1.0,2.0,0.0644,0.0644,0.0446,0.0446,0.0595,0.0595,1.4141,3.7121,DecisionTree,0.4527115246202569,0.4557593749068004,0.44850346741216707,0.4468844357640939,0.443390321097939,0.44253760191471475,0.4495101222550662,0.4453018230707785,0.45324139052949386
BachChoralHarmony,V16,5665.0,0.1493,0.001,1.0,5.0,3.1359,3.0,1.1076,0.3659,-0.9206,1.0,2.0,0.0644,0.0644,0.0446,0.0446,0.0595,0.0595,1.4141,3.7121,LogisticRegression,0.5128596157899568,0.5130488525792511,0.5101342068842776,0.5134511776791552,0.5119882954954629,0.5120565578449379,0.5129412172570499,0.511499377169136,0.5126189381631471
BachChoralHarmony,V16,5665.0,0.1493,0.001,1.0,5.0,3.1359,3.0,1.1076,0.3659,-0.9206,1.0,2.0,0.0644,0.0644,0.0446,0.0446,0.0595,0.0595,1.4141,3.7121,KNN,0.4687486745042484,0.4662150121340686,0.4703511966230319,0.4706269986118432,0.4716067356775438,0.4702260075856127,0.46903698493414514,0.4671332628355382,0.46995983263267865
BachChoralHarmony,V16,5665.0,0.1493,0.001,1.0,5.0,3.1359,3.0,1.1076,0.3659,-0.9206,1.0,2.0,0.0644,0.0644,0.0446,0.0446,0.0595,0.0595,1.4141,3.7121,RandomForest,0.48037193046231025,0.4835307741811816,0.4847028625408225,0.48334472612208335,0.4832833153642503,0.48186337435181015,0.48322107355914484,0.48408511898824613,0.4846985644257618
BachChoralHarmony,V16,5665.0,0.1493,0.001,1.0,5.0,3.1359,3.0,1.1076,0.3659,-0.9206,1.0,2.0,0.0644,0.0644,0.0446,0.0446,0.0595,0.0595,1.4141,3.7121,AdaBoost,0.059866763602381766,0.059866763602381766,0.059866763602381766,0.059866763602381766,0.059866763602381766,0.059866763602381766,0.059866763602381766,0.059866763602381766,0.059866763602381766
BachChoralHarmony,V16,5665.0,0.1493,0.001,1.0,5.0,3.1359,3.0,1.1076,0.3659,-0.9206,1.0,2.0,0.0644,0.0644,0.0446,0.0446,0.0595,0.0595,1.4141,3.7121,SVC,0.5088124204891316,0.5081595066015957,0.5082154511998875,0.5085692654790663,0.5078152645020428,0.50789267267627,0.5085823728048322,0.5074881376026048,0.5080090853927591
BachChoralHarmony,V16,5665.0,0.0969,0.001,1.0,5.0,3.1286,3.0,1.1111,0.3931,-0.927,1.0,2.0,0.0769,0.0769,0.0529,0.0529,0.0705,0.0705,1.4069,3.8389,DecisionTree,0.45112051424815364,0.45303766597144585,0.4483011285979767,0.45053634532118947,0.448075826763763,0.44565846489426525,0.445278187068189,0.4478650559289734,0.4532164519226236
BachChoralHarmony,V16,5665.0,0.0969,0.001,1.0,5.0,3.1286,3.0,1.1111,0.3931,-0.927,1.0,2.0,0.0769,0.0769,0.0529,0.0529,0.0705,0.0705,1.4069,3.8389,LogisticRegression,0.5121406531885038,0.5123721600525893,0.5132090725353542,0.5125191994721952,0.5121972435185161,0.511993622965695,0.5115393304973842,0.5117653628268346,0.5122472471780184
BachChoralHarmony,V16,5665.0,0.0969,0.001,1.0,5.0,3.1286,3.0,1.1111,0.3931,-0.927,1.0,2.0,0.0769,0.0769,0.0529,0.0529,0.0705,0.0705,1.4069,3.8389,KNN,0.4686503194043583,0.4689672712003843,0.4674136461142094,0.4683891397787087,0.4671848398350489,0.46728718094941185,0.46916032126021223,0.4688416885672727,0.46867563485731467
BachChoralHarmony,V16,5665.0,0.0969,0.001,1.0,5.0,3.1286,3.0,1.1111,0.3931,-0.927,1.0,2.0,0.0769,0.0769,0.0529,0.0529,0.0705,0.0705,1.4069,3.8389,RandomForest,0.48728098512755896,0.4864077823839735,0.4876372336397896,0.4870190293971233,0.4855296222135681,0.48601836969359286,0.4902855939000391,0.49372175629415227,0.48819125652487866
BachChoralHarmony,V16,5665.0,0.0969,0.001,1.0,5.0,3.1286,3.0,1.1111,0.3931,-0.927,1.0,2.0,0.0769,0.0769,0.0529,0.0529,0.0705,0.0705,1.4069,3.8389,AdaBoost,0.059866763602381766,0.059866763602381766,0.059866763602381766,0.059866763602381766,0.059866763602381766,0.059866763602381766,0.059866763602381766,0.059866763602381766,0.059866763602381766
BachChoralHarmony,V16,5665.0,0.0969,0.001,1.0,5.0,3.1286,3.0,1.1111,0.3931,-0.927,1.0,2.0,0.0769,0.0769,0.0529,0.0529,0.0705,0.0705,1.4069,3.8389,SVC,0.5087554248231362,0.5116607454441332,0.5086632075756837,0.5088819672232558,0.5085863997177835,0.5091026808405398,0.5084436477071972,0.5092207288986176,0.5093441386140639
BachChoralHarmony,V16,5665.0,0.0482,0.0009,1.0,5.0,3.1387,3.0,1.1092,0.3727,-0.9423,1.0,2.0,0.0797,0.0797,0.0549,0.0549,0.0732,0.0732,1.4108,3.8116,DecisionTree,0.449916831776687,0.44660468140882964,0.4468039790991284,0.44728476140197043,0.44589266534616623,0.4446690201779755,0.44218317306449373,0.4446646379860683,0.44599624909717284
BachChoralHarmony,V16,5665.0,0.0482,0.0009,1.0,5.0,3.1387,3.0,1.1092,0.3727,-0.9423,1.0,2.0,0.0797,0.0797,0.0549,0.0549,0.0732,0.0732,1.4108,3.8116,LogisticRegression,0.5115706744939482,0.5104128900959047,0.5104913359644216,0.5114367240069316,0.5110687714492524,0.5107096564019512,0.5111968329291512,0.5116436596252265,0.5105839237906521
BachChoralHarmony,V16,5665.0,0.0482,0.0009,1.0,5.0,3.1387,3.0,1.1092,0.3727,-0.9423,1.0,2.0,0.0797,0.0797,0.0549,0.0549,0.0732,0.0732,1.4108,3.8116,KNN,0.4709484494493207,0.46998759451716193,0.47177167236269796,0.46998657436936486,0.4709179094580512,0.47097880887424504,0.46899314910895473,0.470953871283459,0.4704300723974296
BachChoralHarmony,V16,5665.0,0.0482,0.0009,1.0,5.0,3.1387,3.0,1.1092,0.3727,-0.9423,1.0,2.0,0.0797,0.0797,0.0549,0.0549,0.0732,0.0732,1.4108,3.8116,RandomForest,0.4889326584546675,0.48438822163852835,0.48764519133610157,0.48433793165765276,0.4856037256839567,0.4848471417736736,0.48529143587471024,0.48573857398344056,0.484680223030582
BachChoralHarmony,V16,5665.0,0.0482,0.0009,1.0,5.0,3.1387,3.0,1.1092,0.3727,-0.9423,1.0,2.0,0.0797,0.0797,0.0549,0.0549,0.0732,0.0732,1.4108,3.8116,AdaBoost,0.059866763602381766,0.059866763602381766,0.059866763602381766,0.059866763602381766,0.059866763602381766,0.059866763602381766,0.059866763602381766,0.059866763602381766,0.059866763602381766
BachChoralHarmony,V16,5665.0,0.0482,0.0009,1.0,5.0,3.1387,3.0,1.1092,0.3727,-0.9423,1.0,2.0,0.0797,0.0797,0.0549,0.0549,0.0732,0.0732,1.4108,3.8116,SVC,0.5089047241137857,0.5096439186370524,0.5076904845389023,0.5084671835056158,0.508561437833396,0.5083934243586502,0.508197241473714,0.507745744859497,0.508760103522259
bank,duration,3074.0,0.5,0.3839,4.0,3025.0,263.9206,186.0,264.3697,3.1967,17.167,95.0,217.0,0.0082,0.0207,0.0307,0.0329,0.0392,0.0419,6.1308,0.0002,DecisionTree,0.8495205719186856,0.8486878875532078,0.8455260429156652,0.8544446721078985,0.8517034681870375,0.856220641774124,0.8516768013353436,0.8471025749569053,0.8433007127477992
bank,duration,3074.0,0.5,0.3839,4.0,3025.0,263.9206,186.0,264.3697,3.1967,17.167,95.0,217.0,0.0082,0.0207,0.0307,0.0329,0.0392,0.0419,6.1308,0.0002,LogisticRegression,0.8383177919880754,0.8368211039946785,0.8410841078177895,0.8410722490443489,0.8383632140970764,0.8409468021640725,0.8385050610583572,0.8377049803091441,0.836725981849096
bank,duration,3074.0,0.5,0.3839,4.0,3025.0,263.9206,186.0,264.3697,3.1967,17.167,95.0,217.0,0.0082,0.0207,0.0307,0.0329,0.0392,0.0419,6.1308,0.0002,KNN,0.8485363603134095,0.8405305806845446,0.8437320645163414,0.8488989850505875,0.8472820061373108,0.849333779662885,0.8469561705080375,0.8417590989722976,0.8428363941713817
bank,duration,3074.0,0.5,0.3839,4.0,3025.0,263.9206,186.0,264.3697,3.1967,17.167,95.0,217.0,0.0082,0.0207,0.0307,0.0329,0.0392,0.0419,6.1308,0.0002,RandomForest,0.8477545091257304,0.8458483386930935,0.8468994351308153,0.8453004223013949,0.8423792255083294,0.8449485333976912,0.8299160366415074,0.8376791713997389,0.843771801482811
bank,duration,3074.0,0.5,0.3839,4.0,3025.0,263.9206,186.0,264.3697,3.1967,17.167,95.0,217.0,0.0082,0.0207,0.0307,0.0329,0.0392,0.0419,6.1308,0.0002,AdaBoost,0.848831826590141,0.8505616588332657,0.8517712996586418,0.8497199948343624,0.8468847285488217,0.8546678052742439,0.8460005122644325,0.8442261835500435,0.849890956324222
bank,duration,3074.0,0.5,0.3839,4.0,3025.0,263.9206,186.0,264.3697,3.1967,17.167,95.0,217.0,0.0082,0.0207,0.0307,0.0329,0.0392,0.0419,6.1308,0.0002,SVC,0.8429013881647317,0.8436066850903357,0.843701627863462,0.8439436885771485,0.8418569844416302,0.8435705079451178,0.8427064598577774,0.8409224427348319,0.8422789602944297
bank,duration,3074.0,0.4528,0.3698,5.0,3025.0,269.8555,185.0,274.5251,3.172,16.8411,99.0,235.75,0.0221,0.0425,0.0317,0.0362,0.0405,0.0454,6.1814,0.0002,DecisionTree,0.8501285378190399,0.8509647712675475,0.8469117005158431,0.8366941487960724,0.8405086439959162,0.8434205779757158,0.844499975374922,0.8499473363822748,0.8401367541136704
bank,duration,3074.0,0.4528,0.3698,5.0,3025.0,269.8555,185.0,274.5251,3.172,16.8411,99.0,235.75,0.0221,0.0425,0.0317,0.0362,0.0405,0.0454,6.1814,0.0002,LogisticRegression,0.8407052825072566,0.8360276814676998,0.8334989963602564,0.8400709066214793,0.8402386441581413,0.8388234962601635,0.8388237033166418,0.8367362168950947,0.8362506343972611
bank,duration,3074.0,0.4528,0.3698,5.0,3025.0,269.8555,185.0,274.5251,3.172,16.8411,99.0,235.75,0.0221,0.0425,0.0317,0.0362,0.0405,0.0454,6.1814,0.0002,KNN,0.8483249673973278,0.8461298201480973,0.8503437662005376,0.8487290362828936,0.8483491451206553,0.8479944739934393,0.849540602117097,0.8427934083383655,0.847934297434596
bank,duration,3074.0,0.4528,0.3698,5.0,3025.0,269.8555,185.0,274.5251,3.172,16.8411,99.0,235.75,0.0221,0.0425,0.0317,0.0362,0.0405,0.0454,6.1814,0.0002,RandomForest,0.8540349501852984,0.8506124260390793,0.8550571526202735,0.8553476029742524,0.8551506682490163,0.84997200631158,0.8384030644785718,0.839135317701273,0.8528075145949208
bank,duration,3074.0,0.4528,0.3698,5.0,3025.0,269.8555,185.0,274.5251,3.172,16.8411,99.0,235.75,0.0221,0.0425,0.0317,0.0362,0.0405,0.0454,6.1814,0.0002,AdaBoost,0.8484963376260198,0.8447723834292227,0.8495253850588025,0.8453035085531994,0.8473647861797116,0.849916439865972,0.847016666791477,0.8444665547275347,0.8490899568635396
bank,duration,3074.0,0.4528,0.3698,5.0,3025.0,269.8555,185.0,274.5251,3.172,16.8411,99.0,235.75,0.0221,0.0425,0.0317,0.0362,0.0405,0.0454,6.1814,0.0002,SVC,0.8442784706458822,0.844637845904925,0.8473132362056208,0.8442927510638408,0.8457293189535832,0.8437836240789663,0.8439183356521868,0.8429291707530523,0.8465548256051587
bank,duration,3074.0,0.3852,0.3434,4.0,2087.0,267.4106,188.5,258.4013,2.5193,8.9746,99.5,234.75,0.0189,0.0348,0.0459,0.0525,0.0587,0.0665,6.2082,0.0002,DecisionTree,0.8512025952571991,0.8501444373622062,0.8549995057225367,0.8578248579190833,0.8536370464153211,0.852107380101363,0.8522702990292585,0.851464531826413,0.8548269751236433
bank,duration,3074.0,0.3852,0.3434,4.0,2087.0,267.4106,188.5,258.4013,2.5193,8.9746,99.5,234.75,0.0189,0.0348,0.0459,0.0525,0.0587,0.0665,6.2082,0.0002,LogisticRegression,0.8446123983396443,0.8441473572819903,0.8451850691848274,0.8463486047697182,0.8441966122581384,0.8448266526162478,0.8442026253084967,0.8439709001051713,0.8414541770674293
bank,duration,3074.0,0.3852,0.3434,4.0,2087.0,267.4106,188.5,258.4013,2.5193,8.9746,99.5,234.75,0.0189,0.0348,0.0459,0.0525,0.0587,0.0665,6.2082,0.0002,KNN,0.8483823894717972,0.848708654353272,0.8518759859671695,0.8490544895621526,0.848512635625251,0.8513212212700617,0.849170144880093,0.8453464837040784,0.8476948642850226
bank,duration,3074.0,0.3852,0.3434,4.0,2087.0,267.4106,188.5,258.4013,2.5193,8.9746,99.5,234.75,0.0189,0.0348,0.0459,0.0525,0.0587,0.0665,6.2082,0.0002,RandomForest,0.853532349257336,0.8509223626060806,0.8508877829115771,0.8516336836358412,0.8536880833651673,0.8555489303781995,0.8447242993761084,0.8386651791963259,0.8517075302745901
bank,duration,3074.0,0.3852,0.3434,4.0,2087.0,267.4106,188.5,258.4013,2.5193,8.9746,99.5,234.75,0.0189,0.0348,0.0459,0.0525,0.0587,0.0665,6.2082,0.0002,AdaBoost,0.8560739465272755,0.8544828900688198,0.8527202609034013,0.854204295920987,0.8569830440643749,0.8541738882573797,0.858004715866695,0.8506133495142343,0.853681503989735
bank,duration,3074.0,0.3852,0.3434,4.0,2087.0,267.4106,188.5,258.4013,2.5193,8.9746,99.5,234.75,0.0189,0.0348,0.0459,0.0525,0.0587,0.0665,6.2082,0.0002,SVC,0.8473066363097181,0.8448484429480583,0.8444851456891892,0.8458064110663824,0.8442420552466396,0.8449855781396762,0.8440768762358197,0.8438626468539101,0.8441476257460567
bank,duration,3074.0,0.3539,0.3338,5.0,2087.0,269.0262,192.0,256.5274,2.4133,8.0833,102.0,233.75,0.0206,0.0325,0.037,0.0406,0.0472,0.0514,6.2239,0.0002,DecisionTree,0.8409165639310774,0.8461418953455921,0.8523931237163199,0.8467385619077815,0.8517593255364061,0.8435902990137749,0.8388275189325306,0.8465953905629714,0.8403084453288566
bank,duration,3074.0,0.3539,0.3338,5.0,2087.0,269.0262,192.0,256.5274,2.4133,8.0833,102.0,233.75,0.0206,0.0325,0.037,0.0406,0.0472,0.0514,6.2239,0.0002,LogisticRegression,0.847467829524871,0.8489086267089838,0.8401708169194628,0.843233158764658,0.8469793279120839,0.8442190965117384,0.846808767072216,0.8493845942768321,0.8477396319587733
bank,duration,3074.0,0.3539,0.3338,5.0,2087.0,269.0262,192.0,256.5274,2.4133,8.0833,102.0,233.75,0.0206,0.0325,0.037,0.0406,0.0472,0.0514,6.2239,0.0002,KNN,0.8491561190062442,0.8481708206491589,0.8504205437859746,0.8468288688467234,0.8470235513443869,0.8486404621851906,0.8469037367264676,0.8507132451115316,0.8484378541395494
bank,duration,3074.0,0.3539,0.3338,5.0,2087.0,269.0262,192.0,256.5274,2.4133,8.0833,102.0,233.75,0.0206,0.0325,0.037,0.0406,0.0472,0.0514,6.2239,0.0002,RandomForest,0.8531286950753134,0.8551075059464212,0.8508213888422922,0.8545191502755327,0.8530330302766529,0.8541678328249026,0.8431452146408832,0.8451331702072777,0.8541705426803607
bank,duration,3074.0,0.3539,0.3338,5.0,2087.0,269.0262,192.0,256.5274,2.4133,8.0833,102.0,233.75,0.0206,0.0325,0.037,0.0406,0.0472,0.0514,6.2239,0.0002,AdaBoost,0.8501462519668312,0.8522147809556316,0.8472579202058125,0.8514196534054731,0.8517099361641962,0.8535644311273204,0.8505463821780148,0.849620092736276,0.8488909303142685
bank,duration,3074.0,0.3539,0.3338,5.0,2087.0,269.0262,192.0,256.5274,2.4133,8.0833,102.0,233.75,0.0206,0.0325,0.037,0.0406,0.0472,0.0514,6.2239,0.0002,SVC,0.8386534869217019,0.8428549501211544,0.8387173476404131,0.8379733574215203,0.8378962798036331,0.8377087151250641,0.8367405147412402,0.842812228564022,0.8377476052363406
bank,duration,3074.0,0.3175,0.3236,4.0,3025.0,273.3179,189.0,277.5009,2.9605,14.1325,98.0,225.0,0.0032,0.0274,0.0285,0.0327,0.0366,0.0417,6.2286,0.0001,DecisionTree,0.8592979591804923,0.861366726536078,0.86902137096968,0.8574127713950371,0.8595894998220506,0.8618516185932535,0.8645878524329517,0.863631216908157,0.8598253465789022
bank,duration,3074.0,0.3175,0.3236,4.0,3025.0,273.3179,189.0,277.5009,2.9605,14.1325,98.0,225.0,0.0032,0.0274,0.0285,0.0327,0.0366,0.0417,6.2286,0.0001,LogisticRegression,0.8457824630731051,0.842475122238243,0.8468680369346568,0.8469003605524613,0.8456298179163062,0.8473227707056247,0.8453336714683105,0.8452071234456272,0.8457301628104077
bank,duration,3074.0,0.3175,0.3236,4.0,3025.0,273.3179,189.0,277.5009,2.9605,14.1325,98.0,225.0,0.0032,0.0274,0.0285,0.0327,0.0366,0.0417,6.2286,0.0001,KNN,0.8537034693141607,0.8510282421035134,0.8551086701140435,0.8547674082611556,0.8548155671548074,0.8550330408233727,0.852843354591794,0.8497520208551923,0.8528516483387892
bank,duration,3074.0,0.3175,0.3236,4.0,3025.0,273.3179,189.0,277.5009,2.9605,14.1325,98.0,225.0,0.0032,0.0274,0.0285,0.0327,0.0366,0.0417,6.2286,0.0001,RandomForest,0.8586469568132257,0.8675470850196472,0.8613427710508549,0.8596674177306678,0.8605660633920031,0.8601312533009312,0.8481871330053963,0.8533598154682213,0.8645040794465677
bank,duration,3074.0,0.3175,0.3236,4.0,3025.0,273.3179,189.0,277.5009,2.9605,14.1325,98.0,225.0,0.0032,0.0274,0.0285,0.0327,0.0366,0.0417,6.2286,0.0001,AdaBoost,0.8541277397591194,0.8558161478906435,0.8540193129521594,0.8556961221927863,0.8550581061025195,0.8604545930139842,0.8527435701667551,0.851164159730867,0.8567694146488382
bank,duration,3074.0,0.3175,0.3236,4.0,3025.0,273.3179,189.0,277.5009,2.9605,14.1325,98.0,225.0,0.0032,0.0274,0.0285,0.0327,0.0366,0.0417,6.2286,0.0001,SVC,0.8498417757964136,0.8504067789118446,0.8484570094249427,0.8509245642288122,0.8491727549173723,0.8500938466714077,0.8496371944763736,0.8516583943640919,0.848706428673695
bank,duration,3074.0,0.2495,0.303,4.0,3025.0,267.1651,185.0,273.0769,3.1049,15.6793,96.0,223.5,0.0102,0.0124,0.0371,0.0402,0.0474,0.051,6.2422,0.0001,DecisionTree,0.8668972576841448,0.8608405632224266,0.8622171118515459,0.8628697404620285,0.8649084199996551,0.8665975239952847,0.8672601783107332,0.8600761152000023,0.8686951960468803
bank,duration,3074.0,0.2495,0.303,4.0,3025.0,267.1651,185.0,273.0769,3.1049,15.6793,96.0,223.5,0.0102,0.0124,0.0371,0.0402,0.0474,0.051,6.2422,0.0001,LogisticRegression,0.8587698213704357,0.8526815674938937,0.8597663658478667,0.8589708988965182,0.8605217257357989,0.8577412597330109,0.8600023455726249,0.8544926875683587,0.8576848133602684
bank,duration,3074.0,0.2495,0.303,4.0,3025.0,267.1651,185.0,273.0769,3.1049,15.6793,96.0,223.5,0.0102,0.0124,0.0371,0.0402,0.0474,0.051,6.2422,0.0001,KNN,0.8588281885852747,0.8535152959877758,0.8603179141288607,0.8575812679657373,0.8577146038556288,0.8576030617521367,0.8552226146484085,0.8560891914191031,0.8557589614036213
bank,duration,3074.0,0.2495,0.303,4.0,3025.0,267.1651,185.0,273.0769,3.1049,15.6793,96.0,223.5,0.0102,0.0124,0.0371,0.0402,0.0474,0.051,6.2422,0.0001,RandomForest,0.8591237779244028,0.8609731788035446,0.86669374140473,0.8604278643407564,0.8617779239974319,0.8588008593779233,0.8511635324572071,0.8580961458528593,0.860345259807444
bank,duration,3074.0,0.2495,0.303,4.0,3025.0,267.1651,185.0,273.0769,3.1049,15.6793,96.0,223.5,0.0102,0.0124,0.0371,0.0402,0.0474,0.051,6.2422,0.0001,AdaBoost,0.8579717275745483,0.8560653084040118,0.8649379378703802,0.8606679041952324,0.860515578094188,0.8585954325021328,0.8577040928153246,0.8563902047235625,0.8559051179500512
bank,duration,3074.0,0.2495,0.303,4.0,3025.0,267.1651,185.0,273.0769,3.1049,15.6793,96.0,223.5,0.0102,0.0124,0.0371,0.0402,0.0474,0.051,6.2422,0.0001,SVC,0.8522740299489142,0.8509412913789605,0.8549161760136618,0.8543279932200561,0.8533067179562466,0.852515854006791,0.8520893869583266,0.8495298867174119,0.8517878629097716
bank,duration,3074.0,0.1958,0.2888,4.0,3025.0,266.7269,186.0,263.4638,3.0074,15.2172,96.0,223.0,0.0172,0.0405,0.0424,0.0475,0.0541,0.0604,6.2552,0.0001,DecisionTree,0.8619344064513366,0.8635910336689809,0.8557988016686818,0.8623027975092714,0.8644489326607863,0.8616802551706114,0.8630866449036166,0.861577854710398,0.8586843460415874
bank,duration,3074.0,0.1958,0.2888,4.0,3025.0,266.7269,186.0,263.4638,3.0074,15.2172,96.0,223.0,0.0172,0.0405,0.0424,0.0475,0.0541,0.0604,6.2552,0.0001,LogisticRegression,0.8519413249538955,0.848758104717128,0.8492116776213793,0.8508302612508399,0.8503932022524772,0.8505651307517587,0.8521422804416839,0.8499990240838182,0.8500798948368898
bank,duration,3074.0,0.1958,0.2888,4.0,3025.0,266.7269,186.0,263.4638,3.0074,15.2172,96.0,223.0,0.0172,0.0405,0.0424,0.0475,0.0541,0.0604,6.2552,0.0001,KNN,0.8524990270476794,0.8533502401499473,0.8519086381478301,0.851981653347043,0.8533612127420354,0.8540449287276461,0.8515446376275864,0.8570049674243533,0.8515749762489297
bank,duration,3074.0,0.1958,0.2888,4.0,3025.0,266.7269,186.0,263.4638,3.0074,15.2172,96.0,223.0,0.0172,0.0405,0.0424,0.0475,0.0541,0.0604,6.2552,0.0001,RandomForest,0.8649327903945954,0.8695698594181005,0.86462629846365,0.8643622716126653,0.8652773523702874,0.8670374314970617,0.8584247375074516,0.8590408297913692,0.8643797929501541
bank,duration,3074.0,0.1958,0.2888,4.0,3025.0,266.7269,186.0,263.4638,3.0074,15.2172,96.0,223.0,0.0172,0.0405,0.0424,0.0475,0.0541,0.0604,6.2552,0.0001,AdaBoost,0.857970005956546,0.8566144278998744,0.8598439867600987,0.8573917873716158,0.8562452688971243,0.8583256781768237,0.8552586055751967,0.8561139140151653,0.859600809246459
bank,duration,3074.0,0.1958,0.2888,4.0,3025.0,266.7269,186.0,263.4638,3.0074,15.2172,96.0,223.0,0.0172,0.0405,0.0424,0.0475,0.0541,0.0604,6.2552,0.0001,SVC,0.8487824890886974,0.8525667961809165,0.8508433629069159,0.8500106920942936,0.8495838598617894,0.8483653857468417,0.8467088746487982,0.8521655068034764,0.8475617875695595
bank,duration,3074.0,0.1509,0.2805,4.0,3025.0,265.1866,185.0,266.6466,3.01,15.0595,97.0,224.0,0.0102,0.034,0.0322,0.0374,0.0409,0.0474,6.2642,0.0001,DecisionTree,0.8674212034324162,0.8622004401965505,0.864312239632716,0.8659480191705833,0.859958717498968,0.865202614821426,0.8675969006116862,0.861785688929577,0.8636433512784161
bank,duration,3074.0,0.1509,0.2805,4.0,3025.0,265.1866,185.0,266.6466,3.01,15.0595,97.0,224.0,0.0102,0.034,0.0322,0.0374,0.0409,0.0474,6.2642,0.0001,LogisticRegression,0.8515713459525904,0.8503948262609488,0.8519708188259854,0.8517701815385154,0.8522403896402619,0.8522213493713675,0.8524217839613787,0.8511270902134683,0.8510325276974375
bank,duration,3074.0,0.1509,0.2805,4.0,3025.0,265.1866,185.0,266.6466,3.01,15.0595,97.0,224.0,0.0102,0.034,0.0322,0.0374,0.0409,0.0474,6.2642,0.0001,KNN,0.8515046583703384,0.8513907378417553,0.8510433742396951,0.8502763929439932,0.8518183354375509,0.8513128035778051,0.8508855913876502,0.8510811940385338,0.8501604858234769
bank,duration,3074.0,0.1509,0.2805,4.0,3025.0,265.1866,185.0,266.6466,3.01,15.0595,97.0,224.0,0.0102,0.034,0.0322,0.0374,0.0409,0.0474,6.2642,0.0001,RandomForest,0.8620214238898332,0.8609521139015843,0.8593860740677207,0.865096272021817,0.862443541332405,0.8594114045810011,0.8578936580236772,0.8536248532091406,0.8630361493854323
bank,duration,3074.0,0.1509,0.2805,4.0,3025.0,265.1866,185.0,266.6466,3.01,15.0595,97.0,224.0,0.0102,0.034,0.0322,0.0374,0.0409,0.0474,6.2642,0.0001,AdaBoost,0.8545048632613378,0.8519656914239918,0.8600713915452045,0.8587067095933241,0.85526737566735,0.8606321616405984,0.8585449773327369,0.8551730090985105,0.8568807056688703
bank,duration,3074.0,0.1509,0.2805,4.0,3025.0,265.1866,185.0,266.6466,3.01,15.0595,97.0,224.0,0.0102,0.034,0.0322,0.0374,0.0409,0.0474,6.2642,0.0001,SVC,0.8474646457416422,0.8456623620649417,0.8478680501257918,0.8485061889009716,0.8479905899655402,0.8478211487484962,0.8487772529765518,0.8456777779461977,0.8480738078741695
bank,duration,3074.0,0.0943,0.2716,4.0,3025.0,270.3786,187.0,271.5398,2.9499,14.2282,98.0,230.0,0.0044,0.0231,0.0272,0.0315,0.0347,0.04,6.2892,0.0001,DecisionTree,0.8608336071749225,0.8650945518766685,0.8549235522744821,0.8611371179476458,0.8575597697927285,0.8613325145167647,0.8585515816434364,0.8648850883186384,0.8631212697428193
bank,duration,3074.0,0.0943,0.2716,4.0,3025.0,270.3786,187.0,271.5398,2.9499,14.2282,98.0,230.0,0.0044,0.0231,0.0272,0.0315,0.0347,0.04,6.2892,0.0001,LogisticRegression,0.8570236145032439,0.8564704792673163,0.8538214434141371,0.857427510665466,0.8565295662424403,0.8572252679730612,0.8565295662424403,0.8560691272168828,0.8563568323136905
bank,duration,3074.0,0.0943,0.2716,4.0,3025.0,270.3786,187.0,271.5398,2.9499,14.2282,98.0,230.0,0.0044,0.0231,0.0272,0.0315,0.0347,0.04,6.2892,0.0001,KNN,0.857391776290403,0.8578605472362619,0.8579927481477134,0.8578439671444078,0.8589310961293555,0.8580383492393305,0.8589410002737962,0.8578635228223107,0.857798545347767
bank,duration,3074.0,0.0943,0.2716,4.0,3025.0,270.3786,187.0,271.5398,2.9499,14.2282,98.0,230.0,0.0044,0.0231,0.0272,0.0315,0.0347,0.04,6.2892,0.0001,RandomForest,0.8613512440533387,0.864032201248868,0.8670022797415808,0.86154677615589,0.85929462463916,0.8635419884438111,0.8617854162493901,0.8620936425783376,0.8636323138206091
bank,duration,3074.0,0.0943,0.2716,4.0,3025.0,270.3786,187.0,271.5398,2.9499,14.2282,98.0,230.0,0.0044,0.0231,0.0272,0.0315,0.0347,0.04,6.2892,0.0001,AdaBoost,0.8665945543583181,0.8678150628493037,0.8618230751463651,0.864408035567439,0.8650145223658338,0.8662672542258865,0.8666430515134997,0.8667531789956652,0.8663354871259953
bank,duration,3074.0,0.0943,0.2716,4.0,3025.0,270.3786,187.0,271.5398,2.9499,14.2282,98.0,230.0,0.0044,0.0231,0.0272,0.0315,0.0347,0.04,6.2892,0.0001,SVC,0.8542382478730077,0.8525478719767697,0.8541978842202733,0.85551197624814,0.8553023169659313,0.8551003058469018,0.856538412078192,0.8525854626125607,0.8529784872073016
bank,duration,3074.0,0.0514,0.2627,4.0,3025.0,269.5079,185.5,270.2212,2.946,14.1385,97.5,226.0,0.0111,0.029,0.031,0.036,0.0396,0.0457,6.2964,0.0001,DecisionTree,0.8711187901710746,0.8731099210829959,0.8700612088143473,0.8729420371108992,0.8715496880552687,0.8734188942204785,0.8709068211285416,0.87289265621691,0.8718918970250336
bank,duration,3074.0,0.0514,0.2627,4.0,3025.0,269.5079,185.5,270.2212,2.946,14.1385,97.5,226.0,0.0111,0.029,0.031,0.036,0.0396,0.0457,6.2964,0.0001,LogisticRegression,0.8552104015775371,0.8552880809545856,0.8549519605645034,0.8552104015775371,0.8552104015775371,0.8552104015775371,0.8552104015775371,0.8552880809545856,0.8554862641164143
bank,duration,3074.0,0.0514,0.2627,4.0,3025.0,269.5079,185.5,270.2212,2.946,14.1385,97.5,226.0,0.0111,0.029,0.031,0.036,0.0396,0.0457,6.2964,0.0001,KNN,0.8606220782306202,0.8616905507683863,0.8608295810650236,0.8606220782306202,0.8604147101679248,0.8599555561954957,0.8593168891808696,0.8623073464169175,0.8603888754740423
bank,duration,3074.0,0.0514,0.2627,4.0,3025.0,269.5079,185.5,270.2212,2.946,14.1385,97.5,226.0,0.0111,0.029,0.031,0.036,0.0396,0.0457,6.2964,0.0001,RandomForest,0.8594159574456861,0.8644522732658317,0.8623809386245116,0.8644586207750586,0.8618853005664298,0.8582308707157897,0.8585004047475715,0.8641911185163651,0.8602989654485962
bank,duration,3074.0,0.0514,0.2627,4.0,3025.0,269.5079,185.5,270.2212,2.946,14.1385,97.5,226.0,0.0111,0.029,0.031,0.036,0.0396,0.0457,6.2964,0.0001,AdaBoost,0.864857847096604,0.86485027200244,0.8622120804682262,0.8677626820144412,0.8654099767974298,0.8658387096909967,0.8644013973408904,0.8582316474075976,0.8657039545148828
bank,duration,3074.0,0.0514,0.2627,4.0,3025.0,269.5079,185.5,270.2212,2.946,14.1385,97.5,226.0,0.0111,0.029,0.031,0.036,0.0396,0.0457,6.2964,0.0001,SVC,0.851375398764679,0.8487265279933692,0.8511564975948546,0.8515898525541601,0.8517899158243951,0.8513697539707195,0.8500855902430215,0.8487381567777857,0.8501142772491126
bank,pdays,3074.0,0.5117,0.1126,-1.0,871.0,38.9567,-1.0,99.2585,2.8825,9.8866,0.0,0.0,0.0293,0.5931,0.0305,0.9076,0.0387,0.9866,1.3723,0.0031,DecisionTree,0.8684818670177534,0.8640167096358204,0.8667632564173724,0.8660168472150023,0.8561875882625447,0.8698628358954399,0.8663566964889531,0.8698505520613021,0.8633534709335818
bank,pdays,3074.0,0.5117,0.1126,-1.0,871.0,38.9567,-1.0,99.2585,2.8825,9.8866,0.0,0.0,0.0293,0.5931,0.0305,0.9076,0.0387,0.9866,1.3723,0.0031,LogisticRegression,0.8562161668197217,0.855562348534552,0.8558535212225116,0.8564747795667309,0.855596357876589,0.8564192011927478,0.8560141860929344,0.8560183892906892,0.8571835706378214
bank,pdays,3074.0,0.5117,0.1126,-1.0,871.0,38.9567,-1.0,99.2585,2.8825,9.8866,0.0,0.0,0.0293,0.5931,0.0305,0.9076,0.0387,0.9866,1.3723,0.0031,KNN,0.8569941216385352,0.8590968575993373,0.8614529238776354,0.8605884844973263,0.8597547703830969,0.8582146955960045,0.8587085174676701,0.860923265411704,0.860141756845969
bank,pdays,3074.0,0.5117,0.1126,-1.0,871.0,38.9567,-1.0,99.2585,2.8825,9.8866,0.0,0.0,0.0293,0.5931,0.0305,0.9076,0.0387,0.9866,1.3723,0.0031,RandomForest,0.8595404779556708,0.8608828800463842,0.8583392402097366,0.8558857954781622,0.8640534968662272,0.8589931355874334,0.8582570887795774,0.8589490984979693,0.8580224659897074
bank,pdays,3074.0,0.5117,0.1126,-1.0,871.0,38.9567,-1.0,99.2585,2.8825,9.8866,0.0,0.0,0.0293,0.5931,0.0305,0.9076,0.0387,0.9866,1.3723,0.0031,AdaBoost,0.8647880548731115,0.8637250055095731,0.8643787679440382,0.8623688164119168,0.8644377268374795,0.8624139917667148,0.8673019030478774,0.8619493146976003,0.8637097294309817
bank,pdays,3074.0,0.5117,0.1126,-1.0,871.0,38.9567,-1.0,99.2585,2.8825,9.8866,0.0,0.0,0.0293,0.5931,0.0305,0.9076,0.0387,0.9866,1.3723,0.0031,SVC,0.8582894472442898,0.8578353794395578,0.8574627662911597,0.8562071509602266,0.857453536906021,0.8540793169549413,0.8588988202998837,0.8574465661164351,0.8547619475238984
bank,pdays,3074.0,0.4375,0.111,-1.0,804.0,39.1608,-1.0,97.5221,2.6912,7.8034,0.0,0.0,0.023,0.5925,0.0399,0.9055,0.0511,0.9859,1.4158,0.0024,DecisionTree,0.8698805327833261,0.8667374797247831,0.8678472664619453,0.8691168923229082,0.8660967457034753,0.8653139188272183,0.8704649627361711,0.869069002498698,0.8699477945399964
bank,pdays,3074.0,0.4375,0.111,-1.0,804.0,39.1608,-1.0,97.5221,2.6912,7.8034,0.0,0.0,0.023,0.5925,0.0399,0.9055,0.0511,0.9859,1.4158,0.0024,LogisticRegression,0.8571738758678411,0.8567121265583066,0.8576328375461096,0.8563129944972759,0.8558564398741678,0.8565219373608516,0.8563019710518094,0.8565068178305887,0.8567787017207145
bank,pdays,3074.0,0.4375,0.111,-1.0,804.0,39.1608,-1.0,97.5221,2.6912,7.8034,0.0,0.0,0.023,0.5925,0.0399,0.9055,0.0511,0.9859,1.4158,0.0024,KNN,0.8578709262156382,0.8572418558565899,0.8606528953720799,0.8597050490325402,0.8605493196352254,0.8581878562272949,0.8567341481469543,0.858489325326852,0.8607597539248627
bank,pdays,3074.0,0.4375,0.111,-1.0,804.0,39.1608,-1.0,97.5221,2.6912,7.8034,0.0,0.0,0.023,0.5925,0.0399,0.9055,0.0511,0.9859,1.4158,0.0024,RandomForest,0.8554754600781588,0.8558081710981351,0.8618406660215174,0.8644155547609851,0.8639603815302253,0.8550045285308387,0.8628988689186423,0.8569172482598457,0.8565538215004438
bank,pdays,3074.0,0.4375,0.111,-1.0,804.0,39.1608,-1.0,97.5221,2.6912,7.8034,0.0,0.0,0.023,0.5925,0.0399,0.9055,0.0511,0.9859,1.4158,0.0024,AdaBoost,0.8656681473727811,0.8662857510977306,0.8670958738673654,0.8630175207987708,0.8673246853337475,0.8601430369546927,0.8684186459656723,0.8669263133844656,0.868771246069842
bank,pdays,3074.0,0.4375,0.111,-1.0,804.0,39.1608,-1.0,97.5221,2.6912,7.8034,0.0,0.0,0.023,0.5925,0.0399,0.9055,0.0511,0.9859,1.4158,0.0024,SVC,0.8544395223190173,0.8544476351595052,0.8589095128429817,0.8566504355381974,0.8574624813403032,0.8533719263578564,0.8525228261895631,0.8515192749296556,0.8537949115990796
bank,pdays,3074.0,0.4053,0.1023,-1.0,871.0,36.8528,-1.0,96.3595,3.0172,10.9859,0.0,0.0,0.03,0.6079,0.0418,0.911,0.053,0.9878,1.3254,0.0026,DecisionTree,0.8660838257459311,0.8654042046445236,0.8629870664017919,0.8703043837504559,0.8688181167163735,0.8737854231855464,0.8618331502441683,0.8665687482105311,0.8747332831893964
bank,pdays,3074.0,0.4053,0.1023,-1.0,871.0,36.8528,-1.0,96.3595,3.0172,10.9859,0.0,0.0,0.03,0.6079,0.0418,0.911,0.053,0.9878,1.3254,0.0026,LogisticRegression,0.8565811471643145,0.8565789293237283,0.8560595219681855,0.8565080215992402,0.8565080215992402,0.8561109313284254,0.8570259883188542,0.8566236223547622,0.8557306979330825
bank,pdays,3074.0,0.4053,0.1023,-1.0,871.0,36.8528,-1.0,96.3595,3.0172,10.9859,0.0,0.0,0.03,0.6079,0.0418,0.911,0.053,0.9878,1.3254,0.0026,KNN,0.8557554847087492,0.8572712658851804,0.8588222934659681,0.8590576078761164,0.8597165850667695,0.8589533923283516,0.8550256752513333,0.8573719155884932,0.8589144962827377
bank,pdays,3074.0,0.4053,0.1023,-1.0,871.0,36.8528,-1.0,96.3595,3.0172,10.9859,0.0,0.0,0.03,0.6079,0.0418,0.911,0.053,0.9878,1.3254,0.0026,RandomForest,0.8597007535000323,0.8601995337186328,0.8600791665130033,0.8585015108966728,0.8654403948381912,0.8572773329017134,0.8592252141986668,0.8605954192139663,0.8602614073221951
bank,pdays,3074.0,0.4053,0.1023,-1.0,871.0,36.8528,-1.0,96.3595,3.0172,10.9859,0.0,0.0,0.03,0.6079,0.0418,0.911,0.053,0.9878,1.3254,0.0026,AdaBoost,0.8631456715782291,0.868245642651226,0.867490362870165,0.8662318357167587,0.8654073805156779,0.8687508290125638,0.8652314273920458,0.8653002777900864,0.873592423073467
bank,pdays,3074.0,0.4053,0.1023,-1.0,871.0,36.8528,-1.0,96.3595,3.0172,10.9859,0.0,0.0,0.03,0.6079,0.0418,0.911,0.053,0.9878,1.3254,0.0026,SVC,0.8566175043767504,0.8561633225183962,0.8566034558289847,0.8544840457836904,0.8547245487846777,0.8553274879486921,0.8582701047805619,0.8578483200740916,0.8555114821482862
bank,pdays,3074.0,0.3439,0.1021,-1.0,871.0,39.8463,-1.0,99.0037,2.6493,7.3864,0.0,0.0,0.0029,0.6009,0.0267,0.9064,0.0343,0.9862,1.419,0.0021,DecisionTree,0.8691138095361521,0.8670728777179147,0.8638939791125371,0.8628731180513789,0.8644668254185979,0.8660294594148106,0.8683263551408307,0.869608538684548,0.8605636569592423
bank,pdays,3074.0,0.3439,0.1021,-1.0,871.0,39.8463,-1.0,99.0037,2.6493,7.3864,0.0,0.0,0.0029,0.6009,0.0267,0.9064,0.0343,0.9862,1.419,0.0021,LogisticRegression,0.8567810210850074,0.8570343230933019,0.8562604563239127,0.8562683230649445,0.8562647284017988,0.856322740686796,0.8572741969835656,0.8563761521679005,0.856322740686796
bank,pdays,3074.0,0.3439,0.1021,-1.0,871.0,39.8463,-1.0,99.0037,2.6493,7.3864,0.0,0.0,0.0029,0.6009,0.0267,0.9064,0.0343,0.9862,1.419,0.0021,KNN,0.8612455757006394,0.8625346786846221,0.8612344605383335,0.8599407147587894,0.8610638274714386,0.8612223164720958,0.8593693084609214,0.8631542176425474,0.8599364608896741
bank,pdays,3074.0,0.3439,0.1021,-1.0,871.0,39.8463,-1.0,99.0037,2.6493,7.3864,0.0,0.0,0.0029,0.6009,0.0267,0.9064,0.0343,0.9862,1.419,0.0021,RandomForest,0.8681464179083249,0.8708596282142134,0.8677882672698857,0.8706956368733078,0.8682778571057713,0.8654450812319467,0.8680356002141878,0.8686389970815811,0.8641200209831226
bank,pdays,3074.0,0.3439,0.1021,-1.0,871.0,39.8463,-1.0,99.0037,2.6493,7.3864,0.0,0.0,0.0029,0.6009,0.0267,0.9064,0.0343,0.9862,1.419,0.0021,AdaBoost,0.868575120831974,0.868330494823584,0.8681053750462745,0.8661862767427866,0.8664114517670658,0.86267910130764,0.8692115628349218,0.8670292206748041,0.8612440729700764
bank,pdays,3074.0,0.3439,0.1021,-1.0,871.0,39.8463,-1.0,99.0037,2.6493,7.3864,0.0,0.0,0.0029,0.6009,0.0267,0.9064,0.0343,0.9862,1.419,0.0021,SVC,0.8620137684879533,0.8601201840837399,0.8576556137083136,0.8581063531752723,0.8593355086345141,0.8589332834210653,0.8586944671161492,0.8576517738142794,0.8587237081974695
bank,pdays,3074.0,0.2999,0.0999,-1.0,687.0,39.4029,-1.0,98.0456,2.5743,6.3864,0.0,0.0,0.0237,0.6273,0.0425,0.9041,0.0541,0.9859,1.4119,0.002,DecisionTree,0.8688956602222333,0.8678919996069301,0.8679453398411037,0.8669075962459114,0.8673020629214907,0.8706314436076632,0.8671774536604113,0.8690413167626305,0.8704433228946401
bank,pdays,3074.0,0.2999,0.0999,-1.0,687.0,39.4029,-1.0,98.0456,2.5743,6.3864,0.0,0.0,0.0237,0.6273,0.0425,0.9041,0.0541,0.9859,1.4119,0.002,LogisticRegression,0.8556462486641156,0.8558621064430414,0.856095961913379,0.8565226354386636,0.8560430723982598,0.857093189390522,0.8559002403424469,0.8565219373608516,0.8572957221850632
bank,pdays,3074.0,0.2999,0.0999,-1.0,687.0,39.4029,-1.0,98.0456,2.5743,6.3864,0.0,0.0,0.0237,0.6273,0.0425,0.9041,0.0541,0.9859,1.4119,0.002,KNN,0.86029468005204,0.8633509844377429,0.8595158827691652,0.8583707258526473,0.8607450296922551,0.8613392213057208,0.8592669609029072,0.8631323974233392,0.8600915683267735
bank,pdays,3074.0,0.2999,0.0999,-1.0,687.0,39.4029,-1.0,98.0456,2.5743,6.3864,0.0,0.0,0.0237,0.6273,0.0425,0.9041,0.0541,0.9859,1.4119,0.002,RandomForest,0.8588661698036313,0.8589303669073407,0.8550474195099265,0.8612293617032607,0.8635005194048042,0.8601496712187906,0.8595054548216696,0.8607201126779864,0.8601710954929465
bank,pdays,3074.0,0.2999,0.0999,-1.0,687.0,39.4029,-1.0,98.0456,2.5743,6.3864,0.0,0.0,0.0237,0.6273,0.0425,0.9041,0.0541,0.9859,1.4119,0.002,AdaBoost,0.8671583550971952,0.8694952055690194,0.8640211936619207,0.8684372008844166,0.8666900085672912,0.8640852116602331,0.8688529168096163,0.8652816686341789,0.8661781577320702
bank,pdays,3074.0,0.2999,0.0999,-1.0,687.0,39.4029,-1.0,98.0456,2.5743,6.3864,0.0,0.0,0.0237,0.6273,0.0425,0.9041,0.0541,0.9859,1.4119,0.002,SVC,0.8534898648018834,0.8515228715539527,0.8547288028122262,0.8560254156780855,0.8543454938467522,0.8551579528912466,0.8534481038998314,0.8530759842417045,0.857055518379977
bank,pdays,3074.0,0.2349,0.0931,-1.0,871.0,39.1956,-1.0,98.3398,2.72,8.1955,0.0,0.0,0.0068,0.6206,0.0223,0.9046,0.0284,0.9861,1.4022,0.0019,DecisionTree,0.8688939411127695,0.8713249313614073,0.8654447856862182,0.8658769040439308,0.8646196038506252,0.8697526868735731,0.8696749048565469,0.8679321180466877,0.8685992601230405
bank,pdays,3074.0,0.2349,0.0931,-1.0,871.0,39.1956,-1.0,98.3398,2.72,8.1955,0.0,0.0,0.0068,0.6206,0.0223,0.9046,0.0284,0.9861,1.4022,0.0019,LogisticRegression,0.856249954684433,0.8569143955152805,0.8571413954815591,0.856273060657108,0.8560204465517806,0.8567562285478922,0.856197730202221,0.8578417101249901,0.8562521295538728
bank,pdays,3074.0,0.2349,0.0931,-1.0,871.0,39.1956,-1.0,98.3398,2.72,8.1955,0.0,0.0,0.0068,0.6206,0.0223,0.9046,0.0284,0.9861,1.4022,0.0019,KNN,0.8604200168031866,0.8586712640375164,0.8641699151492008,0.8635328039639365,0.8627290613672496,0.8650835274197999,0.8591490334087764,0.8604279014833228,0.8648291883746142
bank,pdays,3074.0,0.2349,0.0931,-1.0,871.0,39.1956,-1.0,98.3398,2.72,8.1955,0.0,0.0,0.0068,0.6206,0.0223,0.9046,0.0284,0.9861,1.4022,0.0019,RandomForest,0.8619543250145252,0.8652379391411582,0.8654441970670497,0.863691993079826,0.8676126526406656,0.8610810119904612,0.864140756272209,0.8597818441969429,0.8630809299851023
bank,pdays,3074.0,0.2349,0.0931,-1.0,871.0,39.1956,-1.0,98.3398,2.72,8.1955,0.0,0.0,0.0068,0.6206,0.0223,0.9046,0.0284,0.9861,1.4022,0.0019,AdaBoost,0.8611320164781712,0.86233161625898,0.8639965903099139,0.8676432352005604,0.8660044552507395,0.8634213372753906,0.8685497287318054,0.8616913123678298,0.8596416983588184
bank,pdays,3074.0,0.2349,0.0931,-1.0,871.0,39.1956,-1.0,98.3398,2.72,8.1955,0.0,0.0,0.0068,0.6206,0.0223,0.9046,0.0284,0.9861,1.4022,0.0019,SVC,0.8589266352942149,0.8593391735622213,0.8570629599753217,0.8576967868333137,0.8562199200932981,0.8605689331000768,0.8610042489028596,0.8601658705922858,0.8591283481845305
bank,pdays,3074.0,0.2049,0.0941,-1.0,871.0,39.8662,-1.0,100.0085,2.7427,8.3214,0.0,0.0,0.0106,0.5985,0.0324,0.9038,0.0415,0.9858,1.4263,0.0017,DecisionTree,0.8691502632211572,0.8640915426554645,0.8669967954095832,0.8696300285624141,0.8656757454158428,0.8674367720974104,0.8693431621136276,0.8686363062163414,0.8680134526121981
bank,pdays,3074.0,0.2049,0.0941,-1.0,871.0,39.8662,-1.0,100.0085,2.7427,8.3214,0.0,0.0,0.0106,0.5985,0.0324,0.9038,0.0415,0.9858,1.4263,0.0017,LogisticRegression,0.8568953567404389,0.8568953567404389,0.8574000959853999,0.8560255207399319,0.8566825899281497,0.8564770598448915,0.8564770598448915,0.8562692494834727,0.8558193599374666
bank,pdays,3074.0,0.2049,0.0941,-1.0,871.0,39.8662,-1.0,100.0085,2.7427,8.3214,0.0,0.0,0.0106,0.5985,0.0324,0.9038,0.0415,0.9858,1.4263,0.0017,KNN,0.8609212665876942,0.8638180049138039,0.8609518258531593,0.861402450550303,0.8602850486356887,0.8625778616651049,0.8625393770895393,0.8631173349057355,0.8627808295390577
bank,pdays,3074.0,0.2049,0.0941,-1.0,871.0,39.8662,-1.0,100.0085,2.7427,8.3214,0.0,0.0,0.0106,0.5985,0.0324,0.9038,0.0415,0.9858,1.4263,0.0017,RandomForest,0.8646655102679204,0.8647131490260251,0.8668230470456579,0.868126200560709,0.8688571355160145,0.8675324752721316,0.8636381002976983,0.8645749501021055,0.864557891002926
bank,pdays,3074.0,0.2049,0.0941,-1.0,871.0,39.8662,-1.0,100.0085,2.7427,8.3214,0.0,0.0,0.0106,0.5985,0.0324,0.9038,0.0415,0.9858,1.4263,0.0017,AdaBoost,0.8665992859981649,0.8655264122010977,0.8669810169485259,0.8654843139354081,0.8677078549455343,0.8626576077085767,0.8652629184843743,0.8620089936696109,0.8674116373880728
bank,pdays,3074.0,0.2049,0.0941,-1.0,871.0,39.8662,-1.0,100.0085,2.7427,8.3214,0.0,0.0,0.0106,0.5985,0.0324,0.9038,0.0415,0.9858,1.4263,0.0017,SVC,0.8614426150936784,0.8620318812663155,0.8556135065650858,0.8576419883722629,0.8582827082822482,0.8583374323254157,0.8591358850645974,0.8601853468741869,0.8584981608319444
bank,pdays,3074.0,0.1493,0.0887,-1.0,871.0,39.5117,-1.0,99.3922,2.774,8.64,0.0,0.0,0.002,0.6051,0.0247,0.9059,0.0315,0.9863,1.4194,0.0017,DecisionTree,0.8695450215563474,0.8668208561025995,0.8641672327704002,0.8687872499512045,0.8712103106405552,0.8687175812058279,0.8655217473360277,0.8695001961195383,0.8692052770429815
bank,pdays,3074.0,0.1493,0.0887,-1.0,871.0,39.5117,-1.0,99.3922,2.774,8.64,0.0,0.0,0.002,0.6051,0.0247,0.9059,0.0315,0.9863,1.4194,0.0017,LogisticRegression,0.855589814391353,0.8558119882948367,0.856957498357474,0.8553734368809859,0.8558373631467239,0.8553905379950786,0.8555954602588796,0.8549309439430103,0.8555953847738579
bank,pdays,3074.0,0.1493,0.0887,-1.0,871.0,39.5117,-1.0,99.3922,2.774,8.64,0.0,0.0,0.002,0.6051,0.0247,0.9059,0.0315,0.9863,1.4194,0.0017,KNN,0.8597898301723058,0.8582438459614271,0.860744087658229,0.8607020276560874,0.861555956984424,0.8595633930958575,0.8616336174011437,0.8610157857004785,0.8610185555523834
bank,pdays,3074.0,0.1493,0.0887,-1.0,871.0,39.5117,-1.0,99.3922,2.774,8.64,0.0,0.0,0.002,0.6051,0.0247,0.9059,0.0315,0.9863,1.4194,0.0017,RandomForest,0.8624123879797722,0.8630668834647632,0.8650200737486152,0.8650784672482317,0.8665061181522795,0.865371800455337,0.866575343068968,0.8654181785476258,0.8657315753648309
bank,pdays,3074.0,0.1493,0.0887,-1.0,871.0,39.5117,-1.0,99.3922,2.774,8.64,0.0,0.0,0.002,0.6051,0.0247,0.9059,0.0315,0.9863,1.4194,0.0017,AdaBoost,0.8628197797662946,0.8641983479790443,0.8623465457811301,0.8651075659394741,0.8615475073463348,0.8653283573334061,0.8652789249773224,0.8641135069301655,0.8651228526079688
bank,pdays,3074.0,0.1493,0.0887,-1.0,871.0,39.5117,-1.0,99.3922,2.774,8.64,0.0,0.0,0.002,0.6051,0.0247,0.9059,0.0315,0.9863,1.4194,0.0017,SVC,0.8576853735273042,0.8553736313837511,0.8562180446207318,0.8568039717073462,0.8560136136398692,0.8572698008078233,0.8562632374110117,0.8549925073972894,0.8560125090719787
bank,pdays,3074.0,0.0924,0.0885,-1.0,871.0,40.1767,-1.0,100.3572,2.7195,8.1122,0.0,0.0,0.0065,0.6059,0.0235,0.9045,0.03,0.9859,1.4432,0.0015,DecisionTree,0.8680952003643623,0.8665671094672516,0.864647851580094,0.8693961637642258,0.8687630568575077,0.8708994092988476,0.8683060947143693,0.8683060947143693,0.8708032862772517
bank,pdays,3074.0,0.0924,0.0885,-1.0,871.0,40.1767,-1.0,100.3572,2.7195,8.1122,0.0,0.0,0.0065,0.6059,0.0235,0.9045,0.03,0.9859,1.4432,0.0015,LogisticRegression,0.8562585874358702,0.8566645193631829,0.8558008021360608,0.8559996755799696,0.8558008021360608,0.8559935346140409,0.8566601795270624,0.8559935346140409,0.8562598256047056
bank,pdays,3074.0,0.0924,0.0885,-1.0,871.0,40.1767,-1.0,100.3572,2.7195,8.1122,0.0,0.0,0.0065,0.6059,0.0235,0.9045,0.03,0.9859,1.4432,0.0015,KNN,0.8614374759608806,0.8614473327109675,0.8609545404145482,0.8611727598917287,0.8613841314149494,0.8625131974158519,0.8615855487050498,0.8619536794047171,0.8618376453678325
bank,pdays,3074.0,0.0924,0.0885,-1.0,871.0,40.1767,-1.0,100.3572,2.7195,8.1122,0.0,0.0,0.0065,0.6059,0.0235,0.9045,0.03,0.9859,1.4432,0.0015,RandomForest,0.8662015547886112,0.8672250830756373,0.8630240343319416,0.8692467974040137,0.8678927437370911,0.865724417704009,0.8640852881630489,0.8694440002181256,0.8656355629307764
bank,pdays,3074.0,0.0924,0.0885,-1.0,871.0,40.1767,-1.0,100.3572,2.7195,8.1122,0.0,0.0,0.0065,0.6059,0.0235,0.9045,0.03,0.9859,1.4432,0.0015,AdaBoost,0.8633961579416882,0.8647318683225002,0.8681375379093755,0.8637818622368428,0.8626188667499312,0.8623630955925502,0.8685714289766229,0.8634108204686927,0.8601228460788175
bank,pdays,3074.0,0.0924,0.0885,-1.0,871.0,40.1767,-1.0,100.3572,2.7195,8.1122,0.0,0.0,0.0065,0.6059,0.0235,0.9045,0.03,0.9859,1.4432,0.0015,SVC,0.8582635898642682,0.8568254322003586,0.8559517119117558,0.8551569230445146,0.8553717607677062,0.8584426461469615,0.8560099577518916,0.8566408301775154,0.8588852571690585
bank,pdays,3074.0,0.0534,0.0852,-1.0,871.0,39.8763,-1.0,99.6749,2.7217,8.1204,0.0,0.0,0.0001,0.6088,0.0222,0.9058,0.0283,0.9862,1.4437,0.0015,DecisionTree,0.8669169493898006,0.8693112898189033,0.8687804257035464,0.8685602772285321,0.867800272697051,0.8690763025190622,0.8614755909162505,0.8702407139868236,0.8682452581555922
bank,pdays,3074.0,0.0534,0.0852,-1.0,871.0,39.8763,-1.0,99.6749,2.7217,8.1204,0.0,0.0,0.0001,0.6088,0.0222,0.9058,0.0283,0.9862,1.4437,0.0015,LogisticRegression,0.8556003427384176,0.8560589058043139,0.8562598256047056,0.8562598256047056,0.8564652429669085,0.8565171862025253,0.8560589058043139,0.8562604563239127,0.8567187367221241
bank,pdays,3074.0,0.0534,0.0852,-1.0,871.0,39.8763,-1.0,99.6749,2.7217,8.1204,0.0,0.0,0.0001,0.6088,0.0222,0.9058,0.0283,0.9862,1.4437,0.0015,KNN,0.8613885202874798,0.862021940758241,0.8599480258082632,0.8626599179972895,0.862874435863286,0.8624514988193658,0.8614176437574235,0.8611840615627023,0.861604002737078
bank,pdays,3074.0,0.0534,0.0852,-1.0,871.0,39.8763,-1.0,99.6749,2.7217,8.1204,0.0,0.0,0.0001,0.6088,0.0222,0.9058,0.0283,0.9862,1.4437,0.0015,RandomForest,0.8710421081656103,0.8694136248152983,0.8687167152748625,0.8688368523048711,0.8654155455700073,0.8695857839804785,0.8686983957350788,0.8662860322278242,0.8687984179338966
bank,pdays,3074.0,0.0534,0.0852,-1.0,871.0,39.8763,-1.0,99.6749,2.7217,8.1204,0.0,0.0,0.0001,0.6088,0.0222,0.9058,0.0283,0.9862,1.4437,0.0015,AdaBoost,0.8647909097558402,0.8670060014834664,0.8618832050581383,0.8651266992878646,0.8641931704058587,0.8665689189453544,0.8655169248858343,0.864918660681943,0.8636006740603455
bank,pdays,3074.0,0.0534,0.0852,-1.0,871.0,39.8763,-1.0,99.6749,2.7217,8.1204,0.0,0.0,0.0001,0.6088,0.0222,0.9058,0.0283,0.9862,1.4437,0.0015,SVC,0.8574594528539355,0.8568103887779942,0.8559844048012613,0.8572373179366715,0.8572373179366715,0.8570467923975567,0.8572366109746785,0.8559853989122309,0.8572599192104259
bank,previous,3074.0,0.5042,0.0105,0.0,22.0,0.5269,0.0,1.6009,5.3712,42.9452,0.0,0.0,0.0376,0.5954,0.0249,0.9031,0.0316,0.9858,0.8006,0.4123,DecisionTree,0.8682552532069598,0.8689452225425076,0.8646922757623681,0.8733817389942787,0.8668412822615046,0.867819899749575,0.869987210378536,0.8710021091872714,0.8690685211960616
bank,previous,3074.0,0.5042,0.0105,0.0,22.0,0.5269,0.0,1.6009,5.3712,42.9452,0.0,0.0,0.0376,0.5954,0.0249,0.9031,0.0316,0.9858,0.8006,0.4123,LogisticRegression,0.8546407385952474,0.8551081510120216,0.8559996694702299,0.8562149906782457,0.855139477048785,0.8544440692335125,0.8546407385952474,0.8551085100643602,0.8555685328911375
bank,previous,3074.0,0.5042,0.0105,0.0,22.0,0.5269,0.0,1.6009,5.3712,42.9452,0.0,0.0,0.0376,0.5954,0.0249,0.9031,0.0316,0.9858,0.8006,0.4123,KNN,0.8584545487673585,0.8610574172742297,0.8565591277709788,0.8576340280574757,0.8577481701656802,0.860194838818914,0.8601654471159735,0.8582543149209364,0.8591269311226549
bank,previous,3074.0,0.5042,0.0105,0.0,22.0,0.5269,0.0,1.6009,5.3712,42.9452,0.0,0.0,0.0376,0.5954,0.0249,0.9031,0.0316,0.9858,0.8006,0.4123,RandomForest,0.87308406388546,0.8748454054199605,0.8744454797798424,0.8694517765173234,0.8667103107348686,0.8721981343835588,0.8732148326783704,0.872525392521301,0.8705044802888677
bank,previous,3074.0,0.5042,0.0105,0.0,22.0,0.5269,0.0,1.6009,5.3712,42.9452,0.0,0.0,0.0376,0.5954,0.0249,0.9031,0.0316,0.9858,0.8006,0.4123,AdaBoost,0.8694644944760732,0.8721995889693407,0.8663294922294024,0.8701170088128247,0.8640466584347681,0.8692317598859992,0.8646070237067535,0.865588643762197,0.8659869047544103
bank,previous,3074.0,0.5042,0.0105,0.0,22.0,0.5269,0.0,1.6009,5.3712,42.9452,0.0,0.0,0.0376,0.5954,0.0249,0.9031,0.0316,0.9858,0.8006,0.4123,SVC,0.858075285310516,0.8582830970929595,0.8588990700756284,0.8607520750112917,0.8578246485236479,0.8580751764338895,0.8599519974700199,0.8565989010407223,0.8574308203356059
bank,previous,3074.0,0.4584,0.009,0.0,23.0,0.5429,0.0,1.5919,4.9838,38.3266,0.0,0.0,0.0165,0.6019,0.0351,0.9018,0.0443,0.9854,0.8155,0.4714,DecisionTree,0.8700076956957473,0.8684607012065008,0.8730212774676047,0.8650190452972253,0.8662290116258666,0.8574963462578871,0.8703319608941508,0.8703456863778196,0.8670686085646008
bank,previous,3074.0,0.4584,0.009,0.0,23.0,0.5429,0.0,1.5919,4.9838,38.3266,0.0,0.0,0.0165,0.6019,0.0351,0.9018,0.0443,0.9854,0.8155,0.4714,LogisticRegression,0.855589814391353,0.8551936627723544,0.8569894746660028,0.8585599113612795,0.8578578655843202,0.8553914767824469,0.855589814391353,0.8568655968892653,0.8558017409234291
bank,previous,3074.0,0.4584,0.009,0.0,23.0,0.5429,0.0,1.5919,4.9838,38.3266,0.0,0.0,0.0165,0.6019,0.0351,0.9018,0.0443,0.9854,0.8155,0.4714,KNN,0.855268762166331,0.85760950898479,0.8584832124618962,0.8568255570861605,0.8572654721435606,0.8560885111090586,0.8558562454350462,0.8581677534691493,0.8569930981123973
bank,previous,3074.0,0.4584,0.009,0.0,23.0,0.5429,0.0,1.5919,4.9838,38.3266,0.0,0.0,0.0165,0.6019,0.0351,0.9018,0.0443,0.9854,0.8155,0.4714,RandomForest,0.8633650835519779,0.8664478661160284,0.8677531963021037,0.8640675229333032,0.8693596902365448,0.8662917082974841,0.8649170223302728,0.8674274878882612,0.8672388581380909
bank,previous,3074.0,0.4584,0.009,0.0,23.0,0.5429,0.0,1.5919,4.9838,38.3266,0.0,0.0,0.0165,0.6019,0.0351,0.9018,0.0443,0.9854,0.8155,0.4714,AdaBoost,0.8605207641791535,0.8635382251015643,0.8651976461752008,0.8623517535277095,0.8613428791298132,0.8590715858013256,0.8602572179714179,0.856226260430921,0.864638344643742
bank,previous,3074.0,0.4584,0.009,0.0,23.0,0.5429,0.0,1.5919,4.9838,38.3266,0.0,0.0,0.0165,0.6019,0.0351,0.9018,0.0443,0.9854,0.8155,0.4714,SVC,0.8559059017366725,0.8543021017348547,0.8564459532750838,0.8540860694163714,0.8537041980004381,0.853685243533995,0.8558771312486035,0.8590343214306749,0.857056793480697
bank,previous,3074.0,0.3962,0.0086,0.0,22.0,0.5318,0.0,1.5544,5.0331,38.8312,0.0,0.0,0.0013,0.623,0.017,0.9061,0.0217,0.9864,0.8093,0.4131,DecisionTree,0.8682529804895323,0.8637253357854848,0.8654652349931264,0.8731144087202047,0.8695503705380838,0.8636382146065231,0.8694157339531429,0.8693825009220049,0.8686052143359442
bank,previous,3074.0,0.3962,0.0086,0.0,22.0,0.5318,0.0,1.5544,5.0331,38.8312,0.0,0.0,0.0013,0.623,0.017,0.9061,0.0217,0.9864,0.8093,0.4131,LogisticRegression,0.8587581073633592,0.8571801307533478,0.8564886810516135,0.8572074050510445,0.857408360538833,0.8569302554194316,0.8589365330949005,0.8573295106118914,0.8567008166674506
bank,previous,3074.0,0.3962,0.0086,0.0,22.0,0.5318,0.0,1.5544,5.0331,38.8312,0.0,0.0,0.0013,0.623,0.017,0.9061,0.0217,0.9864,0.8093,0.4131,KNN,0.8577839191623691,0.861605415245104,0.8606118575657917,0.8596086809297897,0.8591695072986459,0.8601323037977355,0.8539271021959388,0.859934255830001,0.860267431270388
bank,previous,3074.0,0.3962,0.0086,0.0,22.0,0.5318,0.0,1.5544,5.0331,38.8312,0.0,0.0,0.0013,0.623,0.017,0.9061,0.0217,0.9864,0.8093,0.4131,RandomForest,0.8630013609228911,0.8665218481765302,0.8605071559784125,0.8655181448447389,0.8678863357969546,0.8637551181112645,0.8673038206733628,0.8626306088828861,0.8664070837741986
bank,previous,3074.0,0.3962,0.0086,0.0,22.0,0.5318,0.0,1.5544,5.0331,38.8312,0.0,0.0,0.0013,0.623,0.017,0.9061,0.0217,0.9864,0.8093,0.4131,AdaBoost,0.8673606391161285,0.8700305417971981,0.8645653659351209,0.85977633703867,0.8682895507019375,0.866807958422085,0.8682607650069306,0.8658539114216166,0.8641909748544476
bank,previous,3074.0,0.3962,0.0086,0.0,22.0,0.5318,0.0,1.5544,5.0331,38.8312,0.0,0.0,0.0013,0.623,0.017,0.9061,0.0217,0.9864,0.8093,0.4131,SVC,0.8550522929515384,0.8566226448515152,0.8578627916839581,0.8574574676584794,0.8572378503979996,0.8555461846735906,0.8538084585969486,0.8563888478208473,0.8576679836014401
bank,previous,3074.0,0.3452,0.0084,0.0,22.0,0.5002,0.0,1.5171,5.3878,43.7769,0.0,0.0,0.0353,0.6044,0.0328,0.9104,0.0418,0.9872,0.7908,0.3645,DecisionTree,0.8682552532069598,0.8681045303894217,0.8670454641097305,0.8671625981560321,0.8683852509959243,0.8683132501476547,0.8686765538130897,0.8697539578913407,0.8683165479110055
bank,previous,3074.0,0.3452,0.0084,0.0,22.0,0.5002,0.0,1.5171,5.3878,43.7769,0.0,0.0,0.0353,0.6044,0.0328,0.9104,0.0418,0.9872,0.7908,0.3645,LogisticRegression,0.8556290813984757,0.8573655986602877,0.8578491937308148,0.8569415411505592,0.8569415411505592,0.8560541948973323,0.8553914767824469,0.8562536192226999,0.8576136497003466
bank,previous,3074.0,0.3452,0.0084,0.0,22.0,0.5002,0.0,1.5171,5.3878,43.7769,0.0,0.0,0.0353,0.6044,0.0328,0.9104,0.0418,0.9872,0.7908,0.3645,KNN,0.8576882062549432,0.8589250833589058,0.8590172091504599,0.8589598377567835,0.8599136114468207,0.8614396508757182,0.8570758434792161,0.8560874085482316,0.8605319455977127
bank,previous,3074.0,0.3452,0.0084,0.0,22.0,0.5002,0.0,1.5171,5.3878,43.7769,0.0,0.0,0.0353,0.6044,0.0328,0.9104,0.0418,0.9872,0.7908,0.3645,RandomForest,0.8647681539959916,0.8660860222385234,0.866207992865869,0.8667709440111523,0.8679460168910279,0.8661862828716053,0.8643723892286896,0.87071247621363,0.8657554686924218
bank,previous,3074.0,0.3452,0.0084,0.0,22.0,0.5002,0.0,1.5171,5.3878,43.7769,0.0,0.0,0.0353,0.6044,0.0328,0.9104,0.0418,0.9872,0.7908,0.3645,AdaBoost,0.8639967176180646,0.8675569969854577,0.866975817909097,0.859873668958174,0.8602272487097927,0.8651018924673195,0.8650392172609316,0.8615720471698693,0.8670412373256601
bank,previous,3074.0,0.3452,0.0084,0.0,22.0,0.5002,0.0,1.5171,5.3878,43.7769,0.0,0.0,0.0353,0.6044,0.0328,0.9104,0.0418,0.9872,0.7908,0.3645,SVC,0.855592686316113,0.8551292740154474,0.8555340061140265,0.8545173915517681,0.8547104916493127,0.8533838265206222,0.8566177899955878,0.853230969218773,0.8564347916736612
bank,previous,3074.0,0.2915,0.0087,0.0,23.0,0.5441,0.0,1.6653,5.6492,47.6736,0.0,0.0,0.0377,0.5947,0.0426,0.9038,0.0539,0.9859,0.8152,0.2898,DecisionTree,0.8684688305783214,0.8695948198576171,0.8713599191611969,0.8678593952695027,0.8712628613204141,0.865362393059276,0.8675602135811213,0.8672726182076393,0.8658172888098626
bank,previous,3074.0,0.2915,0.0087,0.0,23.0,0.5441,0.0,1.6653,5.6492,47.6736,0.0,0.0,0.0377,0.5947,0.0426,0.9038,0.0539,0.9859,0.8152,0.2898,LogisticRegression,0.8560000785323352,0.8555323070632225,0.8580116162120845,0.8578243705111834,0.8578290840033469,0.8557946611701323,0.8560000785323352,0.8553268897010196,0.8555302207812843
bank,previous,3074.0,0.2915,0.0087,0.0,23.0,0.5441,0.0,1.6653,5.6492,47.6736,0.0,0.0,0.0377,0.5947,0.0426,0.9038,0.0539,0.9859,0.8152,0.2898,KNN,0.858077655815639,0.8607084529955837,0.860977499597172,0.860539151710302,0.8613691898544195,0.8598497718501351,0.8589569458032384,0.8566019620995504,0.8594291451498243
bank,previous,3074.0,0.2915,0.0087,0.0,23.0,0.5441,0.0,1.6653,5.6492,47.6736,0.0,0.0,0.0377,0.5947,0.0426,0.9038,0.0539,0.9859,0.8152,0.2898,RandomForest,0.867586651319832,0.8657280909007335,0.8656583003595757,0.8665362006042843,0.8704092643272462,0.8683697652049502,0.8643343278643867,0.8650065145056282,0.8676861425723914
bank,previous,3074.0,0.2915,0.0087,0.0,23.0,0.5441,0.0,1.6653,5.6492,47.6736,0.0,0.0,0.0377,0.5947,0.0426,0.9038,0.0539,0.9859,0.8152,0.2898,AdaBoost,0.8660126629971409,0.8633260224287429,0.8644415542041617,0.8653085653408742,0.8660245740294198,0.8626070179581837,0.8644773776428073,0.864417841017108,0.8617669987341668
bank,previous,3074.0,0.2915,0.0087,0.0,23.0,0.5441,0.0,1.6653,5.6492,47.6736,0.0,0.0,0.0377,0.5947,0.0426,0.9038,0.0539,0.9859,0.8152,0.2898,SVC,0.8586771286613389,0.8584959118149821,0.857873065813046,0.858718891058958,0.8580967743170467,0.8601671614159415,0.8578791680692361,0.8589096098938349,0.8585145613383861
bank,previous,3074.0,0.2515,0.007,0.0,23.0,0.5198,0.0,1.5246,5.06,40.2446,0.0,0.0,0.0347,0.6128,0.0281,0.9051,0.0356,0.9861,0.8068,0.4138,DecisionTree,0.8684623830500061,0.8683392418211955,0.8675282483702073,0.8663739082018279,0.8682552532069598,0.8687439580434737,0.8685402837822459,0.867813629178787,0.8710797173437955
bank,previous,3074.0,0.2515,0.007,0.0,23.0,0.5198,0.0,1.5246,5.06,40.2446,0.0,0.0,0.0347,0.6128,0.0281,0.9051,0.0356,0.9861,0.8068,0.4138,LogisticRegression,0.8563111369762199,0.8561127993673138,0.8554255143406349,0.8549723621990717,0.8554401336681845,0.8554037759124905,0.8558532656401138,0.8551844575693324,0.855831308217092
bank,previous,3074.0,0.2515,0.007,0.0,23.0,0.5198,0.0,1.5246,5.06,40.2446,0.0,0.0,0.0347,0.6128,0.0281,0.9051,0.0356,0.9861,0.8068,0.4138,KNN,0.8602923555546257,0.8603705245177753,0.8604577549434252,0.8618614880998421,0.8611641980065143,0.8618923346277465,0.859637109724333,0.8612833500582533,0.8616333030534874
bank,previous,3074.0,0.2515,0.007,0.0,23.0,0.5198,0.0,1.5246,5.06,40.2446,0.0,0.0,0.0347,0.6128,0.0281,0.9051,0.0356,0.9861,0.8068,0.4138,RandomForest,0.868102044965713,0.8750924180801306,0.8692828539794766,0.872517586781766,0.8676619285382134,0.8713877839327624,0.870620437846169,0.8705035896377104,0.8678206035657551
bank,previous,3074.0,0.2515,0.007,0.0,23.0,0.5198,0.0,1.5246,5.06,40.2446,0.0,0.0,0.0347,0.6128,0.0281,0.9051,0.0356,0.9861,0.8068,0.4138,AdaBoost,0.8693622102055202,0.8676705170171892,0.8707904894439953,0.8646221677262599,0.8653406723394425,0.8656677028761224,0.8669451134616147,0.8656822179646855,0.868349812760769
bank,previous,3074.0,0.2515,0.007,0.0,23.0,0.5198,0.0,1.5246,5.06,40.2446,0.0,0.0,0.0347,0.6128,0.0281,0.9051,0.0356,0.9861,0.8068,0.4138,SVC,0.8602025857456743,0.8593348656226585,0.8582947850302625,0.8572438576865158,0.8578495182572272,0.8605712263788448,0.8628735806461538,0.8612098938475414,0.8592836464758633
bank,previous,3074.0,0.2199,0.0075,0.0,23.0,0.548,0.0,1.6362,5.4207,45.434,0.0,0.0,0.0167,0.6126,0.0238,0.9073,0.0302,0.9866,0.8158,0.3243,DecisionTree,0.8692925288867177,0.8688582102301473,0.8684882387790981,0.8681624440822148,0.8684682326221719,0.868719518457608,0.8694082796144678,0.8665152928679034,0.8692925288867177
bank,previous,3074.0,0.2199,0.0075,0.0,23.0,0.548,0.0,1.6362,5.4207,45.434,0.0,0.0,0.0167,0.6126,0.0238,0.9073,0.0302,0.9866,0.8158,0.3243,LogisticRegression,0.8564772823047877,0.8562789446958816,0.8560895895046412,0.8573250204633298,0.8571261470194211,0.855828633164437,0.8569412085705257,0.855621956333823,0.8557898951975704
bank,previous,3074.0,0.2199,0.0075,0.0,23.0,0.548,0.0,1.6362,5.4207,45.434,0.0,0.0,0.0167,0.6126,0.0238,0.9073,0.0302,0.9866,0.8158,0.3243,KNN,0.8574489740801158,0.8607489796984122,0.8605999934442566,0.8603536325627005,0.8595268961481617,0.859536595147936,0.858527789301279,0.8584536908702268,0.8589026127147065
bank,previous,3074.0,0.2199,0.0075,0.0,23.0,0.548,0.0,1.6362,5.4207,45.434,0.0,0.0,0.0167,0.6126,0.0238,0.9073,0.0302,0.9866,0.8158,0.3243,RandomForest,0.8674750265659151,0.871684474216474,0.8641463157500189,0.8708198146613608,0.8675181283682885,0.8693183476692127,0.8668040104271911,0.8659950889760416,0.8676817800693236
bank,previous,3074.0,0.2199,0.0075,0.0,23.0,0.548,0.0,1.6362,5.4207,45.434,0.0,0.0,0.0167,0.6126,0.0238,0.9073,0.0302,0.9866,0.8158,0.3243,AdaBoost,0.8642262097092933,0.8662564614975281,0.8678598559567426,0.8647774638838298,0.8643296533991557,0.8661571605650749,0.8656641193730223,0.8666825433460928,0.8652025218784899
bank,previous,3074.0,0.2199,0.0075,0.0,23.0,0.548,0.0,1.6362,5.4207,45.434,0.0,0.0,0.0167,0.6126,0.0238,0.9073,0.0302,0.9866,0.8158,0.3243,SVC,0.859701041938223,0.8586934951964237,0.8590911659537542,0.8585009970427692,0.8585139009113958,0.8586919453300967,0.8595062543820822,0.8578872815682863,0.8607853483917915
bank,previous,3074.0,0.15,0.0069,0.0,23.0,0.5331,0.0,1.5937,5.4134,45.3076,0.0,0.0,0.0335,0.6073,0.0433,0.9059,0.055,0.9862,0.8141,0.3245,DecisionTree,0.8681554548605939,0.8685203906834863,0.8661452581291014,0.8727490696697793,0.8676621187903173,0.8693847527151147,0.8683649052874088,0.8683629680664842,0.8682316541369904
bank,previous,3074.0,0.15,0.0069,0.0,23.0,0.5331,0.0,1.5937,5.4134,45.3076,0.0,0.0,0.0335,0.6073,0.0433,0.9059,0.055,0.9862,0.8141,0.3245,LogisticRegression,0.8570886080383744,0.8566638833636822,0.856454336028418,0.856918262294156,0.856918262294156,0.8564639190644409,0.8570886080383744,0.8564640047980732,0.8566638833636822
bank,previous,3074.0,0.15,0.0069,0.0,23.0,0.5331,0.0,1.5937,5.4134,45.3076,0.0,0.0,0.0335,0.6073,0.0433,0.9059,0.055,0.9862,0.8141,0.3245,KNN,0.8575751859340631,0.8608110728284569,0.8634989183468872,0.8618196894612971,0.86181503962713,0.861000726753223,0.8568933879891507,0.8588658244081128,0.8608110728284569
bank,previous,3074.0,0.15,0.0069,0.0,23.0,0.5331,0.0,1.5937,5.4134,45.3076,0.0,0.0,0.0335,0.6073,0.0433,0.9059,0.055,0.9862,0.8141,0.3245,RandomForest,0.8668269521797143,0.8675659921041554,0.8663784760551865,0.866861247655842,0.8688727350149916,0.868247961756043,0.8665685112540779,0.8651926502458975,0.8689922043208844
bank,previous,3074.0,0.15,0.0069,0.0,23.0,0.5331,0.0,1.5937,5.4134,45.3076,0.0,0.0,0.0335,0.6073,0.0433,0.9059,0.055,0.9862,0.8141,0.3245,AdaBoost,0.864495152029314,0.8697065122678904,0.8623437927887392,0.8650241549798481,0.8648519886345514,0.8676852559048689,0.8648225389235811,0.8602983267656181,0.8675045226554893
bank,previous,3074.0,0.15,0.0069,0.0,23.0,0.5331,0.0,1.5937,5.4134,45.3076,0.0,0.0,0.0335,0.6073,0.0433,0.9059,0.055,0.9862,0.8141,0.3245,SVC,0.8555414842872152,0.8564073896496698,0.8566467889132232,0.8557732949118667,0.855327534375913,0.8562052901591862,0.8540660974514552,0.8557833730318918,0.8568051553448652
bank,previous,3074.0,0.0995,0.0065,0.0,23.0,0.5365,0.0,1.5935,5.2963,43.3955,0.0,0.0,0.0244,0.6103,0.0345,0.9058,0.0437,0.9862,0.8143,0.3247,DecisionTree,0.8681285844005426,0.8682348704139373,0.8690079830618543,0.8676514404987794,0.8686691926707791,0.8668554928535805,0.8687605424273255,0.8687628385505992,0.8699467130189287
bank,previous,3074.0,0.0995,0.0065,0.0,23.0,0.5365,0.0,1.5935,5.2963,43.3955,0.0,0.0,0.0244,0.6103,0.0345,0.9058,0.0437,0.9862,0.8143,0.3247,LogisticRegression,0.8564640047980732,0.8560366395429982,0.8564652429669085,0.8564652429669085,0.8562640404988319,0.8560366395429982,0.856918262294156,0.8564639190644409,0.8560366395429982
bank,previous,3074.0,0.0995,0.0065,0.0,23.0,0.5365,0.0,1.5935,5.2963,43.3955,0.0,0.0,0.0244,0.6103,0.0345,0.9058,0.0437,0.9862,0.8143,0.3247,KNN,0.8568115545282091,0.8607064545811856,0.8612093924505112,0.8592610525487488,0.8601187874539014,0.8590083999410499,0.85763641186631,0.8582480449205633,0.8599239489268835
bank,previous,3074.0,0.0995,0.0065,0.0,23.0,0.5365,0.0,1.5935,5.2963,43.3955,0.0,0.0,0.0244,0.6103,0.0345,0.9058,0.0437,0.9862,0.8143,0.3247,RandomForest,0.8660936541139839,0.8658742950136773,0.8668478966517903,0.8692167617329865,0.868896913435844,0.8707540916217442,0.869082420998138,0.8691133445125699,0.8661649269085141
bank,previous,3074.0,0.0995,0.0065,0.0,23.0,0.5365,0.0,1.5935,5.2963,43.3955,0.0,0.0,0.0244,0.6103,0.0345,0.9058,0.0437,0.9862,0.8143,0.3247,AdaBoost,0.8639040895182495,0.8660958426817846,0.8656925446412702,0.8621907392456869,0.8659034103346304,0.868735766130746,0.8633358930916568,0.8645985625424334,0.8631306992215134
bank,previous,3074.0,0.0995,0.0065,0.0,23.0,0.5365,0.0,1.5935,5.2963,43.3955,0.0,0.0,0.0244,0.6103,0.0345,0.9058,0.0437,0.9862,0.8143,0.3247,SVC,0.8557958721742147,0.8572638598815132,0.856000617162033,0.8582658868909766,0.8570345954761152,0.8568347006605932,0.8553845535055502,0.8564236444466902,0.8576686317688065
bank,previous,3074.0,0.0439,0.0065,0.0,23.0,0.5308,0.0,1.597,5.3886,44.3639,0.0,0.0,0.0273,0.6045,0.0334,0.9063,0.0423,0.9864,0.8083,0.2905,DecisionTree,0.868902507044259,0.8692746534669428,0.8680999784546253,0.869042844283291,0.8685243442878428,0.8686868893000639,0.8686495420915014,0.8697634895927038,0.8670829851535519
bank,previous,3074.0,0.0439,0.0065,0.0,23.0,0.5308,0.0,1.597,5.3886,44.3639,0.0,0.0,0.0273,0.6045,0.0334,0.9063,0.0423,0.9864,0.8083,0.2905,LogisticRegression,0.8569009317881383,0.8564522539845383,0.8564652429669085,0.8564652429669085,0.8564652429669085,0.8559996755799696,0.8569009317881383,0.8564522539845383,0.8562640404988319
bank,previous,3074.0,0.0439,0.0065,0.0,23.0,0.5308,0.0,1.597,5.3886,44.3639,0.0,0.0,0.0273,0.6045,0.0334,0.9063,0.0423,0.9864,0.8083,0.2905,KNN,0.8601564255039212,0.8607471723518528,0.8618454388491872,0.8620277253309312,0.8620277253309312,0.8618203572682358,0.8599495145051608,0.8605781131950933,0.8622425321986688
bank,previous,3074.0,0.0439,0.0065,0.0,23.0,0.5308,0.0,1.597,5.3886,44.3639,0.0,0.0,0.0273,0.6045,0.0334,0.9063,0.0423,0.9864,0.8083,0.2905,RandomForest,0.8669133072281454,0.8692713681520869,0.8666168672812643,0.8649327507162441,0.8656247000306055,0.8672603882904959,0.8662680071583824,0.868075616832358,0.8670165300235209
bank,previous,3074.0,0.0439,0.0065,0.0,23.0,0.5308,0.0,1.597,5.3886,44.3639,0.0,0.0,0.0273,0.6045,0.0334,0.9063,0.0423,0.9864,0.8083,0.2905,AdaBoost,0.8643207950493172,0.8650415559346485,0.8674632570067284,0.8639120325512526,0.8662393338877252,0.8656227498870059,0.8656355375303729,0.8640311110933383,0.8655163517842948
bank,previous,3074.0,0.0439,0.0065,0.0,23.0,0.5308,0.0,1.597,5.3886,44.3639,0.0,0.0,0.0273,0.6045,0.0334,0.9063,0.0423,0.9864,0.8083,0.2905,SVC,0.8560298267888887,0.8566466812275508,0.8553739627641381,0.8551630605496578,0.8545548037919652,0.8558054073935287,0.8566373295868344,0.8566452335001548,0.8566428765226132
