name,column_name,n_tuples,missing_perc,uniqueness,min,max,mean,median,std,skewness,kurtosis,mad,iqr,p_min,p_max,k_min,k_max,s_min,s_max,entropy,density,ml_algorithm,impute_standard,impute_mean,impute_median,impute_random,impute_knn,impute_mice,impute_linear_regression,impute_random_forest,impute_cmeans
abalone,'Length',4177.0,0.5008,0.0595,0.13,0.815,0.5193,0.535,0.1213,-0.5867,-0.0893,0.08,0.17,0.0,0.0,0.0,0.0,0.0,0.0,4.5073,0.0062,DecisionTree,0.17346302752980203,0.1702892988361061,0.16495230550637607,0.16568671996366421,0.16465094190100985,0.16427303102747945,0.16988751283853276,0.15956219331133903,0.1695296884867309
abalone,'Length',4177.0,0.5008,0.0595,0.13,0.815,0.5193,0.535,0.1213,-0.5867,-0.0893,0.08,0.17,0.0,0.0,0.0,0.0,0.0,0.0,4.5073,0.0062,LogisticRegression,0.16752527713255294,0.14093768009193391,0.16330034298535,0.16238937381366195,0.16331876945175008,0.163201262788755,0.15966064223822174,0.16037460029364375,0.16250975671357804
abalone,'Length',4177.0,0.5008,0.0595,0.13,0.815,0.5193,0.535,0.1213,-0.5867,-0.0893,0.08,0.17,0.0,0.0,0.0,0.0,0.0,0.0,4.5073,0.0062,KNN,0.14992967676472965,0.16461032800709513,0.14598807548164877,0.14535940206599463,0.14479318567671753,0.14802063543504665,0.16884229516708418,0.15646085976099358,0.14429885239442058
abalone,'Length',4177.0,0.5008,0.0595,0.13,0.815,0.5193,0.535,0.1213,-0.5867,-0.0893,0.08,0.17,0.0,0.0,0.0,0.0,0.0,0.0,4.5073,0.0062,RandomForest,0.17491994004022474,0.17301948692644062,0.17232736229681545,0.17185220583870392,0.17182324603848667,0.17321285706967968,0.17733212528568087,0.16864771126198225,0.17173437850058457
abalone,'Length',4177.0,0.5008,0.0595,0.13,0.815,0.5193,0.535,0.1213,-0.5867,-0.0893,0.08,0.17,0.0,0.0,0.0,0.0,0.0,0.0,4.5073,0.0062,AdaBoost,0.08430420356143865,0.08430420356143865,0.08525302189629078,0.08480191966898148,0.08492075182717859,0.0848085756802254,0.08654668273623778,0.08430420356143865,0.08492075182717859
abalone,'Length',4177.0,0.5008,0.0595,0.13,0.815,0.5193,0.535,0.1213,-0.5867,-0.0893,0.08,0.17,0.0,0.0,0.0,0.0,0.0,0.0,4.5073,0.0062,SVC,0.16547229317227855,0.1503082804311218,0.15066613417099334,0.15115065544188255,0.15116041381101142,0.15114844433018249,0.15449674795470827,0.17068980307751336,0.15096388398183153
abalone,'Length',4177.0,0.453,0.0565,0.11,0.815,0.5234,0.54,0.12,-0.6834,0.1084,0.08,0.165,0.0,0.0,0.0,0.0,0.0,0.0,4.5005,0.0057,DecisionTree,0.1668458062885695,0.16306778039730224,0.16758820364197752,0.1673927225571024,0.1680184513175061,0.1680184513175061,0.1542136264033606,0.16232410524259425,0.1673927225571024
abalone,'Length',4177.0,0.453,0.0565,0.11,0.815,0.5234,0.54,0.12,-0.6834,0.1084,0.08,0.165,0.0,0.0,0.0,0.0,0.0,0.0,4.5005,0.0057,LogisticRegression,0.16958639060084474,0.1533660508702619,0.16980423006580456,0.17191072368736862,0.17001237657537147,0.17263271318251783,0.17043319529795836,0.16081732643860752,0.16941685540185414
abalone,'Length',4177.0,0.453,0.0565,0.11,0.815,0.5234,0.54,0.12,-0.6834,0.1084,0.08,0.165,0.0,0.0,0.0,0.0,0.0,0.0,4.5005,0.0057,KNN,0.16369658803237488,0.16389966520241106,0.16287182307705858,0.15962071796022204,0.16184876383595628,0.1654637638091162,0.16768929020076195,0.1689117219659542,0.16326149761461684
abalone,'Length',4177.0,0.453,0.0565,0.11,0.815,0.5234,0.54,0.12,-0.6834,0.1084,0.08,0.165,0.0,0.0,0.0,0.0,0.0,0.0,4.5005,0.0057,RandomForest,0.17024942647330987,0.16562502016923192,0.17022855857351135,0.17095307237408042,0.17067354248021152,0.1688042241946821,0.1767642698800418,0.16508440848530384,0.17159644873703528
abalone,'Length',4177.0,0.453,0.0565,0.11,0.815,0.5234,0.54,0.12,-0.6834,0.1084,0.08,0.165,0.0,0.0,0.0,0.0,0.0,0.0,4.5005,0.0057,AdaBoost,0.08408425070250816,0.08833068110062843,0.08959185470263886,0.08959185470263886,0.08959185470263886,0.08959185470263886,0.08959185470263886,0.08408425070250816,0.08959185470263886
abalone,'Length',4177.0,0.453,0.0565,0.11,0.815,0.5234,0.54,0.12,-0.6834,0.1084,0.08,0.165,0.0,0.0,0.0,0.0,0.0,0.0,4.5005,0.0057,SVC,0.16627617559767868,0.15165911203689472,0.160375094575415,0.16050062165656723,0.1601373242021917,0.16028766166587866,0.160031975482421,0.16346601368660918,0.1602452783101544
abalone,'Length',4177.0,0.4048,0.0519,0.075,0.815,0.5227,0.54,0.1208,-0.6332,0.0274,0.08,0.165,0.0,0.0,0.0,0.0,0.0,0.0,4.5131,0.0057,DecisionTree,0.1850745716543058,0.19242650135183398,0.18500836754255573,0.18495875135481943,0.18495875135481943,0.18495875135481943,0.18333956965801182,0.19017013432717433,0.18883313791520234
abalone,'Length',4177.0,0.4048,0.0519,0.075,0.815,0.5227,0.54,0.1208,-0.6332,0.0274,0.08,0.165,0.0,0.0,0.0,0.0,0.0,0.0,4.5131,0.0057,LogisticRegression,0.18317367984749514,0.1755281762824816,0.18211865081296763,0.18278522867791358,0.18399085944058763,0.18244930067714438,0.182825594436055,0.18261226077021583,0.18324219381982093
abalone,'Length',4177.0,0.4048,0.0519,0.075,0.815,0.5227,0.54,0.1208,-0.6332,0.0274,0.08,0.165,0.0,0.0,0.0,0.0,0.0,0.0,4.5131,0.0057,KNN,0.1849187237063934,0.1753198131474998,0.1827308759804495,0.18218901750000335,0.18299073565690066,0.17960295661492262,0.17548622894193586,0.17170858543347975,0.17151725054776035
abalone,'Length',4177.0,0.4048,0.0519,0.075,0.815,0.5227,0.54,0.1208,-0.6332,0.0274,0.08,0.165,0.0,0.0,0.0,0.0,0.0,0.0,4.5131,0.0057,RandomForest,0.2025071985007036,0.19138104840965428,0.20493841242176145,0.20454455678122924,0.20477763390242082,0.205025906874725,0.2028134932719189,0.20214010958753004,0.20275648344223618
abalone,'Length',4177.0,0.4048,0.0519,0.075,0.815,0.5227,0.54,0.1208,-0.6332,0.0274,0.08,0.165,0.0,0.0,0.0,0.0,0.0,0.0,4.5131,0.0057,AdaBoost,0.08777037412398997,0.10202214306295136,0.09793595416363737,0.09793595416363737,0.09793595416363737,0.09793595416363737,0.10069947381464289,0.08777037412398997,0.09793595416363737
abalone,'Length',4177.0,0.4048,0.0519,0.075,0.815,0.5227,0.54,0.1208,-0.6332,0.0274,0.08,0.165,0.0,0.0,0.0,0.0,0.0,0.0,4.5131,0.0057,SVC,0.18293177521093174,0.17209697044132272,0.17568243652336146,0.17568529812871292,0.17574329754934848,0.1757578732626264,0.1750245067256327,0.18507866743242912,0.1779920164525118
abalone,'Length',4177.0,0.3483,0.0489,0.075,0.815,0.5248,0.545,0.1206,-0.6701,0.1925,0.08,0.165,0.0,0.0,0.0,0.0,0.0,0.0,4.5133,0.0054,DecisionTree,0.18848665909119466,0.19331269171390578,0.18981319550509046,0.18422492834740684,0.18422492834740684,0.18437171138892672,0.1882743119094335,0.17343864344788631,0.18437171138892672
abalone,'Length',4177.0,0.3483,0.0489,0.075,0.815,0.5248,0.545,0.1206,-0.6701,0.1925,0.08,0.165,0.0,0.0,0.0,0.0,0.0,0.0,4.5133,0.0054,LogisticRegression,0.18360341507943095,0.18887692890700086,0.19718794348996094,0.1973332732789509,0.19787501827632642,0.19677007521084172,0.19787605967503388,0.1813179913348786,0.19707801749778778
abalone,'Length',4177.0,0.3483,0.0489,0.075,0.815,0.5248,0.545,0.1206,-0.6701,0.1925,0.08,0.165,0.0,0.0,0.0,0.0,0.0,0.0,4.5133,0.0054,KNN,0.16090956256957342,0.1700116989446802,0.1657100323956357,0.1621457133562175,0.16576828500169638,0.16555135132694992,0.1715212614116278,0.16360757321863917,0.16610304739356052
abalone,'Length',4177.0,0.3483,0.0489,0.075,0.815,0.5248,0.545,0.1206,-0.6701,0.1925,0.08,0.165,0.0,0.0,0.0,0.0,0.0,0.0,4.5133,0.0054,RandomForest,0.19080809718509556,0.19417135041235326,0.1943443297094121,0.19475003673321784,0.19473635103407305,0.1947381050768255,0.19713246796014428,0.193441692813784,0.19464389293979198
abalone,'Length',4177.0,0.3483,0.0489,0.075,0.815,0.5248,0.545,0.1206,-0.6701,0.1925,0.08,0.165,0.0,0.0,0.0,0.0,0.0,0.0,4.5133,0.0054,AdaBoost,0.08356739884488705,0.08850010263036702,0.09567526357836463,0.09567526357836463,0.09567526357836463,0.09567526357836463,0.09794384947235278,0.08356739884488705,0.09567526357836463
abalone,'Length',4177.0,0.3483,0.0489,0.075,0.815,0.5248,0.545,0.1206,-0.6701,0.1925,0.08,0.165,0.0,0.0,0.0,0.0,0.0,0.0,4.5133,0.0054,SVC,0.17569035218230294,0.17946827499595816,0.18187626572987575,0.18150632557025645,0.18150924698620935,0.18138064157137745,0.18078145057951445,0.17438478143580186,0.18150195130350533
abalone,'Length',4177.0,0.304,0.0451,0.075,0.8,0.5245,0.545,0.1186,-0.6252,0.0581,0.08,0.165,0.0,0.0,0.0,0.0,0.0,0.0,4.4943,0.0056,DecisionTree,0.19580574798505285,0.2003100991629345,0.18846881043331326,0.1884778702679551,0.19275091418461682,0.18797679272931073,0.18564356864744658,0.18137041888467995,0.19292616539913776
abalone,'Length',4177.0,0.304,0.0451,0.075,0.8,0.5245,0.545,0.1186,-0.6252,0.0581,0.08,0.165,0.0,0.0,0.0,0.0,0.0,0.0,4.4943,0.0056,LogisticRegression,0.18500915935594434,0.18785340342269286,0.19184130904013616,0.19238234706043855,0.19184062296687956,0.19205914831476306,0.1902610007575695,0.18239039164382712,0.19125420617189326
abalone,'Length',4177.0,0.304,0.0451,0.075,0.8,0.5245,0.545,0.1186,-0.6252,0.0581,0.08,0.165,0.0,0.0,0.0,0.0,0.0,0.0,4.4943,0.0056,KNN,0.18877997552610143,0.17695252297873995,0.18083646196869585,0.18293331975533833,0.17252772733758923,0.17912539362610164,0.17907852376142652,0.1806433361974522,0.1789647377275874
abalone,'Length',4177.0,0.304,0.0451,0.075,0.8,0.5245,0.545,0.1186,-0.6252,0.0581,0.08,0.165,0.0,0.0,0.0,0.0,0.0,0.0,4.4943,0.0056,RandomForest,0.19130607355210263,0.1925639089632596,0.1938576075714444,0.1936342992805574,0.19346157757779645,0.19336165402783367,0.1910969663061024,0.1843007721172315,0.19372228509995915
abalone,'Length',4177.0,0.304,0.0451,0.075,0.8,0.5245,0.545,0.1186,-0.6252,0.0581,0.08,0.165,0.0,0.0,0.0,0.0,0.0,0.0,4.4943,0.0056,AdaBoost,0.08998139939065525,0.08789481585176913,0.09707939162136901,0.09707939162136901,0.09691211324759151,0.09695752515158175,0.09933013491487365,0.08998139939065525,0.09575547267317822
abalone,'Length',4177.0,0.304,0.0451,0.075,0.8,0.5245,0.545,0.1186,-0.6252,0.0581,0.08,0.165,0.0,0.0,0.0,0.0,0.0,0.0,4.4943,0.0056,SVC,0.1830475712031601,0.17610008319850262,0.18255556122389494,0.18169279306470912,0.1821802616454039,0.18176893635022107,0.18019452858552218,0.17888850348521826,0.18328033348326964
abalone,'Length',4177.0,0.2528,0.0426,0.075,0.8,0.5229,0.545,0.1213,-0.6314,0.0374,0.08,0.165,0.0,0.0,0.0,0.0,0.0,0.0,4.5195,0.0055,DecisionTree,0.1906916066938856,0.1986922009016989,0.19280767058237733,0.19236249379050732,0.19280767058237733,0.19236249379050732,0.19974499443047278,0.19824147869539155,0.1875108983365505
abalone,'Length',4177.0,0.2528,0.0426,0.075,0.8,0.5229,0.545,0.1213,-0.6314,0.0374,0.08,0.165,0.0,0.0,0.0,0.0,0.0,0.0,4.5195,0.0055,LogisticRegression,0.19815633522835552,0.18042280057835342,0.19565103814423146,0.1952946886753661,0.19508155065840665,0.19543080119106754,0.1956341113875783,0.19766121426591726,0.1956207350211322
abalone,'Length',4177.0,0.2528,0.0426,0.075,0.8,0.5229,0.545,0.1213,-0.6314,0.0374,0.08,0.165,0.0,0.0,0.0,0.0,0.0,0.0,4.5195,0.0055,KNN,0.18173835369389774,0.18128082383125063,0.18013884776590589,0.1813476855201746,0.1769743739635603,0.18250686854359785,0.1754364929780255,0.175677456306791,0.18403431152196556
abalone,'Length',4177.0,0.2528,0.0426,0.075,0.8,0.5229,0.545,0.1213,-0.6314,0.0374,0.08,0.165,0.0,0.0,0.0,0.0,0.0,0.0,4.5195,0.0055,RandomForest,0.20575783339839146,0.20431170484072503,0.19808442315576577,0.1987710762049074,0.1980201705386696,0.1987710762049074,0.20018579608549805,0.20685812934576336,0.19672248868307815
abalone,'Length',4177.0,0.2528,0.0426,0.075,0.8,0.5229,0.545,0.1213,-0.6314,0.0374,0.08,0.165,0.0,0.0,0.0,0.0,0.0,0.0,4.5195,0.0055,AdaBoost,0.09448409076094016,0.1021639698994614,0.09700412264876757,0.09700412264876757,0.09700412264876757,0.09700412264876757,0.09700412264876757,0.09448409076094016,0.09700412264876757
abalone,'Length',4177.0,0.2528,0.0426,0.075,0.8,0.5229,0.545,0.1213,-0.6314,0.0374,0.08,0.165,0.0,0.0,0.0,0.0,0.0,0.0,4.5195,0.0055,SVC,0.18985597567486234,0.17509483224730976,0.1873887535238013,0.18741190680403724,0.1873883370579427,0.18775831454004158,0.18607258002119587,0.19136504393543938,0.18619264144860737
abalone,'Length',4177.0,0.1872,0.0395,0.075,0.815,0.5219,0.54,0.1209,-0.6034,0.0029,0.08,0.165,0.0,0.0,0.0,0.0,0.0,0.0,4.5231,0.0054,DecisionTree,0.1896804541028243,0.19783964956077005,0.18975301459918947,0.18387442932954104,0.18387442932954104,0.18975301459918947,0.1942116561885745,0.1858215482275654,0.18387442932954104
abalone,'Length',4177.0,0.1872,0.0395,0.075,0.815,0.5219,0.54,0.1209,-0.6034,0.0029,0.08,0.165,0.0,0.0,0.0,0.0,0.0,0.0,4.5231,0.0054,LogisticRegression,0.19869602662473537,0.18805652867783004,0.20018321365669395,0.19964871033227555,0.2000577571864385,0.20036799939631236,0.19996181746037914,0.1969516421568024,0.19948101943864702
abalone,'Length',4177.0,0.1872,0.0395,0.075,0.815,0.5219,0.54,0.1209,-0.6034,0.0029,0.08,0.165,0.0,0.0,0.0,0.0,0.0,0.0,4.5231,0.0054,KNN,0.18598526610347973,0.18749738661305645,0.1876661970184938,0.18700622037148848,0.1872837343887981,0.18657757173647033,0.18999397665643183,0.17912477875365854,0.18863819566315565
abalone,'Length',4177.0,0.1872,0.0395,0.075,0.815,0.5219,0.54,0.1209,-0.6034,0.0029,0.08,0.165,0.0,0.0,0.0,0.0,0.0,0.0,4.5231,0.0054,RandomForest,0.21104703191053534,0.2048077564147494,0.209863638392074,0.20863549103936999,0.20862011715722634,0.21051887579720507,0.2055205505081829,0.20389855624754533,0.20865696314112242
abalone,'Length',4177.0,0.1872,0.0395,0.075,0.815,0.5219,0.54,0.1209,-0.6034,0.0029,0.08,0.165,0.0,0.0,0.0,0.0,0.0,0.0,4.5231,0.0054,AdaBoost,0.11543797691276805,0.10094737489598044,0.09395109286299988,0.09395109286299988,0.09395109286299988,0.0941270565995404,0.09810609196213607,0.11033706185828587,0.09395109286299988
abalone,'Length',4177.0,0.1872,0.0395,0.075,0.815,0.5219,0.54,0.1209,-0.6034,0.0029,0.08,0.165,0.0,0.0,0.0,0.0,0.0,0.0,4.5231,0.0054,SVC,0.19198665281398505,0.18716180535207982,0.19133006056646734,0.19132522998497797,0.1913326368554602,0.191179244554596,0.18997643244725368,0.19119082280896116,0.1910038858758748
abalone,'Length',4177.0,0.1527,0.0376,0.075,0.8,0.5237,0.545,0.1197,-0.6505,0.078,0.08,0.165,0.0,0.0,0.0,0.0,0.0,0.0,4.5087,0.0053,DecisionTree,0.2111229165452317,0.2094811019346012,0.20142440793839989,0.20142440793839989,0.20229078694786634,0.20142440793839989,0.1971216115477119,0.20401336141143703,0.20452030906282997
abalone,'Length',4177.0,0.1527,0.0376,0.075,0.8,0.5237,0.545,0.1197,-0.6505,0.078,0.08,0.165,0.0,0.0,0.0,0.0,0.0,0.0,4.5087,0.0053,LogisticRegression,0.20858468929716506,0.19997278795834084,0.20367477860771915,0.20431822871038094,0.2044192455277932,0.20439267175825826,0.20517078138342593,0.2086606112334303,0.20554110728761935
abalone,'Length',4177.0,0.1527,0.0376,0.075,0.8,0.5237,0.545,0.1197,-0.6505,0.078,0.08,0.165,0.0,0.0,0.0,0.0,0.0,0.0,4.5087,0.0053,KNN,0.18770935926397228,0.18080253782919378,0.18607456360228228,0.185146776741377,0.18424904174659992,0.18563443185552575,0.1824574767470511,0.18901531525460633,0.18611327047174653
abalone,'Length',4177.0,0.1527,0.0376,0.075,0.8,0.5237,0.545,0.1197,-0.6505,0.078,0.08,0.165,0.0,0.0,0.0,0.0,0.0,0.0,4.5087,0.0053,RandomForest,0.21432055441537062,0.2100897917378885,0.20850606053060874,0.20754656787877432,0.20829164904513128,0.20754656787877432,0.20447723022092706,0.20651802644904244,0.2079859936317298
abalone,'Length',4177.0,0.1527,0.0376,0.075,0.8,0.5237,0.545,0.1197,-0.6505,0.078,0.08,0.165,0.0,0.0,0.0,0.0,0.0,0.0,4.5087,0.0053,AdaBoost,0.1036791259310841,0.0909440010759929,0.0991696190411184,0.0991696190411184,0.0991696190411184,0.0991696190411184,0.0991696190411184,0.10371994855654157,0.0991696190411184
abalone,'Length',4177.0,0.1527,0.0376,0.075,0.8,0.5237,0.545,0.1197,-0.6505,0.078,0.08,0.165,0.0,0.0,0.0,0.0,0.0,0.0,4.5087,0.0053,SVC,0.1937005860554664,0.18750375167575611,0.1886101376899998,0.18792530312992978,0.18791466371390372,0.18917074903060482,0.18807757647011125,0.1947198012972717,0.18847492400995247
abalone,'Length',4177.0,0.1008,0.0357,0.075,0.815,0.5236,0.54,0.1199,-0.618,0.0251,0.08,0.165,0.0,0.0,0.0,0.0,0.0,0.0,4.5152,0.0054,DecisionTree,0.21323610418608105,0.2072684680767139,0.20944162565372498,0.20944162565372498,0.20944162565372498,0.20944162565372498,0.21074821846085937,0.19523151919900922,0.21229825263937072
abalone,'Length',4177.0,0.1008,0.0357,0.075,0.815,0.5236,0.54,0.1199,-0.618,0.0251,0.08,0.165,0.0,0.0,0.0,0.0,0.0,0.0,4.5152,0.0054,LogisticRegression,0.2139100818285522,0.20776928164979747,0.20967796345349946,0.20994710993612226,0.2098648147353932,0.2078415210664347,0.21043424458232846,0.2097402016101144,0.21041848825790577
abalone,'Length',4177.0,0.1008,0.0357,0.075,0.815,0.5236,0.54,0.1199,-0.618,0.0251,0.08,0.165,0.0,0.0,0.0,0.0,0.0,0.0,4.5152,0.0054,KNN,0.18682123236852022,0.1863916002684492,0.1874820524373228,0.18517236224098121,0.1899895742248201,0.1872860149059336,0.19761062292728865,0.1826223066152759,0.1903089053949708
abalone,'Length',4177.0,0.1008,0.0357,0.075,0.815,0.5236,0.54,0.1199,-0.618,0.0251,0.08,0.165,0.0,0.0,0.0,0.0,0.0,0.0,4.5152,0.0054,RandomForest,0.21286393320870756,0.20920982933912338,0.2065139099891595,0.2064950175312484,0.2065139099891595,0.20685219242062314,0.2083480534423128,0.2110530082518701,0.20633173825795012
abalone,'Length',4177.0,0.1008,0.0357,0.075,0.815,0.5236,0.54,0.1199,-0.618,0.0251,0.08,0.165,0.0,0.0,0.0,0.0,0.0,0.0,4.5152,0.0054,AdaBoost,0.12792122345799686,0.1110998770281864,0.11623022495849603,0.11758863779574284,0.11623022495849603,0.11623022495849603,0.12109513476088107,0.129970192639406,0.11489596371966819
abalone,'Length',4177.0,0.1008,0.0357,0.075,0.815,0.5236,0.54,0.1199,-0.618,0.0251,0.08,0.165,0.0,0.0,0.0,0.0,0.0,0.0,4.5152,0.0054,SVC,0.20499062296386403,0.20380068772724452,0.20586517670566218,0.20577762593777793,0.20577573543438793,0.20577573543438793,0.20447466996855962,0.20384432468160643,0.20576697591220583
abalone,'Length',4177.0,0.046,0.0336,0.075,0.815,0.5233,0.545,0.1206,-0.6443,0.0596,0.08,0.165,0.0,0.0,0.0,0.0,0.0,0.0,4.5177,0.0054,DecisionTree,0.20929364491300234,0.2054863015438143,0.2045159074316331,0.2045159074316331,0.2045159074316331,0.20844237671732113,0.20461887746759608,0.21221817140582658,0.20357306126384733
abalone,'Length',4177.0,0.046,0.0336,0.075,0.815,0.5233,0.545,0.1206,-0.6443,0.0596,0.08,0.165,0.0,0.0,0.0,0.0,0.0,0.0,4.5177,0.0054,LogisticRegression,0.21200308628558376,0.2122227647838431,0.2162490661937136,0.2172617499320885,0.21653465733878074,0.21569630107989782,0.21543047247225963,0.21403977528315735,0.2168223135518526
abalone,'Length',4177.0,0.046,0.0336,0.075,0.815,0.5233,0.545,0.1206,-0.6443,0.0596,0.08,0.165,0.0,0.0,0.0,0.0,0.0,0.0,4.5177,0.0054,KNN,0.18418702507689544,0.19169270091878576,0.188523423127914,0.18940938711869204,0.1885795295128089,0.1907013802194394,0.1939635738118568,0.19366360205041538,0.19329265693869477
abalone,'Length',4177.0,0.046,0.0336,0.075,0.815,0.5233,0.545,0.1206,-0.6443,0.0596,0.08,0.165,0.0,0.0,0.0,0.0,0.0,0.0,4.5177,0.0054,RandomForest,0.21548367480369537,0.21549508800775144,0.2206112258063912,0.22045738329960113,0.2205854633281161,0.2194063437495344,0.2181439251557696,0.21746906561710758,0.22019343439078984
abalone,'Length',4177.0,0.046,0.0336,0.075,0.815,0.5233,0.545,0.1206,-0.6443,0.0596,0.08,0.165,0.0,0.0,0.0,0.0,0.0,0.0,4.5177,0.0054,AdaBoost,0.10986870022320253,0.09824265685192343,0.10281236799998705,0.10281236799998705,0.10281236799998705,0.10281236799998705,0.0998926618618303,0.10981088371270872,0.09956523884888804
abalone,'Length',4177.0,0.046,0.0336,0.075,0.815,0.5233,0.545,0.1206,-0.6443,0.0596,0.08,0.165,0.0,0.0,0.0,0.0,0.0,0.0,4.5177,0.0054,SVC,0.2044284145708279,0.20468834469240244,0.2038403629911729,0.2038403629911729,0.20342127366861237,0.20385248812742912,0.20342127366861237,0.20657157214996608,0.20342127366861237
BachChoralHarmony,V2,5665.0,0.5045,0.068,1.0,206.0,53.0645,48.0,37.5488,0.9776,0.9926,25.0,50.0,0.091,0.091,0.0604,0.0604,0.0806,0.0806,4.8647,0.0026,DecisionTree,0.4424021518596018,0.44443700208348086,0.44869516366678847,0.4417689508915892,0.4441634258790681,0.44306280054965813,0.4383785219774446,0.4369807367932545,0.4446898986720085
BachChoralHarmony,V2,5665.0,0.5045,0.068,1.0,206.0,53.0645,48.0,37.5488,0.9776,0.9926,25.0,50.0,0.091,0.091,0.0604,0.0604,0.0806,0.0806,4.8647,0.0026,LogisticRegression,0.5098300881840607,0.507554536004423,0.5111191816436557,0.5103210196351039,0.5098817999591896,0.5097479104949661,0.5091402703278456,0.5077729014347391,0.5108378712344908
BachChoralHarmony,V2,5665.0,0.5045,0.068,1.0,206.0,53.0645,48.0,37.5488,0.9776,0.9926,25.0,50.0,0.091,0.091,0.0604,0.0604,0.0806,0.0806,4.8647,0.0026,KNN,0.46102494964916707,0.45714086910948365,0.4597510787236362,0.46009141509413815,0.4600973891306659,0.4596014307368375,0.4621118435177492,0.4567915717926023,0.45867580931785557
BachChoralHarmony,V2,5665.0,0.5045,0.068,1.0,206.0,53.0645,48.0,37.5488,0.9776,0.9926,25.0,50.0,0.091,0.091,0.0604,0.0604,0.0806,0.0806,4.8647,0.0026,RandomForest,0.4743262915256874,0.47221871350129857,0.47893832325897795,0.47341180893327367,0.4806914027355178,0.48288061980828445,0.47321535003546006,0.4688145686486103,0.47774235453447716
BachChoralHarmony,V2,5665.0,0.5045,0.068,1.0,206.0,53.0645,48.0,37.5488,0.9776,0.9926,25.0,50.0,0.091,0.091,0.0604,0.0604,0.0806,0.0806,4.8647,0.0026,AdaBoost,0.059866763602381766,0.05763053137035725,0.059866763602381766,0.059866763602381766,0.059866763602381766,0.059866763602381766,0.059866763602381766,0.059866763602381766,0.059866763602381766
BachChoralHarmony,V2,5665.0,0.5045,0.068,1.0,206.0,53.0645,48.0,37.5488,0.9776,0.9926,25.0,50.0,0.091,0.091,0.0604,0.0604,0.0806,0.0806,4.8647,0.0026,SVC,0.5073476857310618,0.5033983469256356,0.5038837155403446,0.5065288743932128,0.5055266953708681,0.506265101596195,0.5075874806240781,0.5032895705706624,0.5058223603607926
BachChoralHarmony,V2,5665.0,0.4523,0.0596,1.0,206.0,53.0548,48.0,37.1948,0.9091,0.7627,25.0,52.0,0.0669,0.0669,0.0464,0.0464,0.0619,0.0619,4.8616,0.0028,DecisionTree,0.4427140885433185,0.43805750924368164,0.4437297767384235,0.44073941049714754,0.4417588093124649,0.44225033030297883,0.43906066974513924,0.43245444218753226,0.4426289273897571
BachChoralHarmony,V2,5665.0,0.4523,0.0596,1.0,206.0,53.0548,48.0,37.1948,0.9091,0.7627,25.0,52.0,0.0669,0.0669,0.0464,0.0464,0.0619,0.0619,4.8616,0.0028,LogisticRegression,0.512850150904239,0.5100080372428628,0.5113511258274016,0.5147935684121212,0.5140005642533441,0.5156920764572984,0.5133357533766291,0.5108657705564646,0.5160362496369193
BachChoralHarmony,V2,5665.0,0.4523,0.0596,1.0,206.0,53.0548,48.0,37.1948,0.9091,0.7627,25.0,52.0,0.0669,0.0669,0.0464,0.0464,0.0619,0.0619,4.8616,0.0028,KNN,0.4628824233964825,0.4622782837349023,0.4645801468433262,0.46352149336242227,0.4668899849333171,0.4637409735768768,0.46708463426739555,0.4620666265806988,0.464403902644563
BachChoralHarmony,V2,5665.0,0.4523,0.0596,1.0,206.0,53.0548,48.0,37.1948,0.9091,0.7627,25.0,52.0,0.0669,0.0669,0.0464,0.0464,0.0619,0.0619,4.8616,0.0028,RandomForest,0.4817899536218814,0.48173244056375136,0.48813951136029055,0.4855495819759594,0.48094875584324004,0.4851355456392434,0.4772523825065311,0.4733049345975877,0.48212936804893
BachChoralHarmony,V2,5665.0,0.4523,0.0596,1.0,206.0,53.0548,48.0,37.1948,0.9091,0.7627,25.0,52.0,0.0669,0.0669,0.0464,0.0464,0.0619,0.0619,4.8616,0.0028,AdaBoost,0.059866763602381766,0.059866763602381766,0.059866763602381766,0.059866763602381766,0.059866763602381766,0.059866763602381766,0.059866763602381766,0.059866763602381766,0.059866763602381766
BachChoralHarmony,V2,5665.0,0.4523,0.0596,1.0,206.0,53.0548,48.0,37.1948,0.9091,0.7627,25.0,52.0,0.0669,0.0669,0.0464,0.0464,0.0619,0.0619,4.8616,0.0028,SVC,0.5072218057112211,0.5046362452982002,0.5065507453015957,0.5079835649526963,0.5071045750536078,0.5069257037756172,0.5077137892948026,0.5041033931922269,0.5077132607806454
BachChoralHarmony,V2,5665.0,0.3998,0.0556,1.0,207.0,53.4788,48.0,36.8787,0.9005,0.7997,25.0,51.0,0.0683,0.0683,0.0471,0.0471,0.0626,0.0626,4.8659,0.0027,DecisionTree,0.4307429284607995,0.4348581351499761,0.42826757634093615,0.4347338688576112,0.43883407252395806,0.4350808456761258,0.43299215642405053,0.4343493652427311,0.4323408204695848
BachChoralHarmony,V2,5665.0,0.3998,0.0556,1.0,207.0,53.4788,48.0,36.8787,0.9005,0.7997,25.0,51.0,0.0683,0.0683,0.0471,0.0471,0.0626,0.0626,4.8659,0.0027,LogisticRegression,0.5111446358046673,0.5095384787112597,0.5104944665781705,0.5120412879913129,0.5115959793244751,0.5116845807711918,0.5116962521113845,0.510358887816553,0.5125061436208364
BachChoralHarmony,V2,5665.0,0.3998,0.0556,1.0,207.0,53.4788,48.0,36.8787,0.9005,0.7997,25.0,51.0,0.0683,0.0683,0.0471,0.0471,0.0626,0.0626,4.8659,0.0027,KNN,0.46364686848139147,0.46259898251016673,0.4656522133108931,0.4670752631634874,0.46592893613004943,0.4651375584016141,0.4650931696284191,0.4628200447243148,0.4679604754024028
BachChoralHarmony,V2,5665.0,0.3998,0.0556,1.0,207.0,53.4788,48.0,36.8787,0.9005,0.7997,25.0,51.0,0.0683,0.0683,0.0471,0.0471,0.0626,0.0626,4.8659,0.0027,RandomForest,0.47443290656073783,0.4733085387523668,0.48056998786033844,0.475033377725428,0.4768496417736782,0.4721395462383162,0.47490005544814584,0.47510555963939766,0.47799428069824607
BachChoralHarmony,V2,5665.0,0.3998,0.0556,1.0,207.0,53.4788,48.0,36.8787,0.9005,0.7997,25.0,51.0,0.0683,0.0683,0.0471,0.0471,0.0626,0.0626,4.8659,0.0027,AdaBoost,0.059866763602381766,0.059866763602381766,0.059866763602381766,0.059866763602381766,0.059866763602381766,0.059866763602381766,0.059866763602381766,0.059866763602381766,0.059866763602381766
BachChoralHarmony,V2,5665.0,0.3998,0.0556,1.0,207.0,53.4788,48.0,36.8787,0.9005,0.7997,25.0,51.0,0.0683,0.0683,0.0471,0.0471,0.0626,0.0626,4.8659,0.0027,SVC,0.5075664399667551,0.5021713957712355,0.507804408024624,0.509014966846069,0.5084604098132102,0.5085099329449816,0.5069024897360054,0.5017423944428795,0.5089764114097468
BachChoralHarmony,V2,5665.0,0.3426,0.0521,1.0,206.0,53.8953,48.0,37.4537,0.9064,0.7181,25.0,51.0,0.0799,0.0799,0.0544,0.0544,0.0723,0.0723,4.8812,0.0025,DecisionTree,0.44800978562414806,0.44429886993738893,0.4382546924046825,0.442535580852237,0.43933686656700555,0.4395600275302731,0.4375229276799444,0.4442817506528863,0.4423602492968632
BachChoralHarmony,V2,5665.0,0.3426,0.0521,1.0,206.0,53.8953,48.0,37.4537,0.9064,0.7181,25.0,51.0,0.0799,0.0799,0.0544,0.0544,0.0723,0.0723,4.8812,0.0025,LogisticRegression,0.5093621583013621,0.5107457320251124,0.5107024588040511,0.5107555206904526,0.5097927288416267,0.5113438805327075,0.5098076926364434,0.5113953305262717,0.5113286133886371
BachChoralHarmony,V2,5665.0,0.3426,0.0521,1.0,206.0,53.8953,48.0,37.4537,0.9064,0.7181,25.0,51.0,0.0799,0.0799,0.0544,0.0544,0.0723,0.0723,4.8812,0.0025,KNN,0.46145774835369124,0.4647952586569587,0.4599713040181078,0.46574396541247054,0.4647752781343775,0.4631242531210952,0.46263636397026586,0.4646459806313044,0.4626235622133845
BachChoralHarmony,V2,5665.0,0.3426,0.0521,1.0,206.0,53.8953,48.0,37.4537,0.9064,0.7181,25.0,51.0,0.0799,0.0799,0.0544,0.0544,0.0723,0.0723,4.8812,0.0025,RandomForest,0.47813544170161887,0.4755422875584845,0.47930596147611815,0.4845281812359565,0.48006876137772436,0.48046743610849296,0.4769290020284118,0.4754274692577108,0.48178279633932286
BachChoralHarmony,V2,5665.0,0.3426,0.0521,1.0,206.0,53.8953,48.0,37.4537,0.9064,0.7181,25.0,51.0,0.0799,0.0799,0.0544,0.0544,0.0723,0.0723,4.8812,0.0025,AdaBoost,0.059866763602381766,0.057542060064209304,0.059866763602381766,0.059866763602381766,0.059866763602381766,0.059866763602381766,0.059866763602381766,0.059866763602381766,0.059866763602381766
BachChoralHarmony,V2,5665.0,0.3426,0.0521,1.0,206.0,53.8953,48.0,37.4537,0.9064,0.7181,25.0,51.0,0.0799,0.0799,0.0544,0.0544,0.0723,0.0723,4.8812,0.0025,SVC,0.5111473360004826,0.5093096834309682,0.5091556709621148,0.5116832248004597,0.5109520591627761,0.5106213952110078,0.5117423788794846,0.5092229187980941,0.511341353632717
BachChoralHarmony,V2,5665.0,0.2989,0.0496,1.0,207.0,53.4386,48.0,37.231,0.925,0.8333,25.0,51.0,0.0726,0.0726,0.0508,0.0508,0.0675,0.0675,4.8746,0.0025,DecisionTree,0.44123145128715585,0.44258569983593393,0.44223916859346957,0.4429109269115603,0.4405594480836573,0.4479464391786641,0.43997256858465505,0.4388190478712278,0.4396079328833382
BachChoralHarmony,V2,5665.0,0.2989,0.0496,1.0,207.0,53.4386,48.0,37.231,0.925,0.8333,25.0,51.0,0.0726,0.0726,0.0508,0.0508,0.0675,0.0675,4.8746,0.0025,LogisticRegression,0.5136575967469912,0.5091652586136718,0.510707694494272,0.5122582190526196,0.5122788442919369,0.5117597754772677,0.5136716425588868,0.5090441054472236,0.5114985393309177
BachChoralHarmony,V2,5665.0,0.2989,0.0496,1.0,207.0,53.4386,48.0,37.231,0.925,0.8333,25.0,51.0,0.0726,0.0726,0.0508,0.0508,0.0675,0.0675,4.8746,0.0025,KNN,0.46823463139084237,0.4665106783352759,0.46737646347320516,0.4675964010631597,0.4707966044521201,0.4691438636658919,0.468962282279207,0.46744799417700206,0.4678192592661058
BachChoralHarmony,V2,5665.0,0.2989,0.0496,1.0,207.0,53.4386,48.0,37.231,0.925,0.8333,25.0,51.0,0.0726,0.0726,0.0508,0.0508,0.0675,0.0675,4.8746,0.0025,RandomForest,0.48374344876001363,0.48430055304896463,0.48378362211660586,0.4856527779942863,0.4853890142965603,0.48783598113902815,0.47924954129137054,0.4806226581647428,0.4818266166130488
BachChoralHarmony,V2,5665.0,0.2989,0.0496,1.0,207.0,53.4386,48.0,37.231,0.925,0.8333,25.0,51.0,0.0726,0.0726,0.0508,0.0508,0.0675,0.0675,4.8746,0.0025,AdaBoost,0.059866763602381766,0.059866763602381766,0.059866763602381766,0.059866763602381766,0.059866763602381766,0.059866763602381766,0.059866763602381766,0.059866763602381766,0.059866763602381766
BachChoralHarmony,V2,5665.0,0.2989,0.0496,1.0,207.0,53.4386,48.0,37.231,0.925,0.8333,25.0,51.0,0.0726,0.0726,0.0508,0.0508,0.0675,0.0675,4.8746,0.0025,SVC,0.510163301540318,0.5078339958131229,0.5076061304824249,0.5090510865060724,0.5100025377093553,0.5095414323764588,0.5105252143094462,0.5075439709569057,0.5100784241658872
BachChoralHarmony,V2,5665.0,0.248,0.0474,1.0,205.0,53.6261,48.0,37.4483,0.9381,0.8633,25.0,50.0,0.0772,0.0772,0.0489,0.0489,0.0651,0.0651,4.8822,0.0023,DecisionTree,0.4436254092363262,0.438096767054517,0.44295776496004746,0.43707853574229805,0.4395248762552191,0.44119699749802993,0.4369899871153234,0.4409968747752878,0.440077607982109
BachChoralHarmony,V2,5665.0,0.248,0.0474,1.0,205.0,53.6261,48.0,37.4483,0.9381,0.8633,25.0,50.0,0.0772,0.0772,0.0489,0.0489,0.0651,0.0651,4.8822,0.0023,LogisticRegression,0.511865501525925,0.5074323707266888,0.511811853650761,0.5102477604287415,0.5106853168190023,0.510802263715304,0.5124519294639927,0.5087715214477883,0.5115791464669049
BachChoralHarmony,V2,5665.0,0.248,0.0474,1.0,205.0,53.6261,48.0,37.4483,0.9381,0.8633,25.0,50.0,0.0772,0.0772,0.0489,0.0489,0.0651,0.0651,4.8822,0.0023,KNN,0.4643466713524032,0.4651403114574238,0.4646058383740035,0.46662865317884983,0.4656681414929549,0.46486766131231155,0.46370034755940026,0.463496671877367,0.46578389113294727
BachChoralHarmony,V2,5665.0,0.248,0.0474,1.0,205.0,53.6261,48.0,37.4483,0.9381,0.8633,25.0,50.0,0.0772,0.0772,0.0489,0.0489,0.0651,0.0651,4.8822,0.0023,RandomForest,0.4769360239904807,0.47740795429887395,0.47936163881955285,0.4805815273155695,0.4798539315649118,0.4816753127064857,0.47489119906288213,0.47976125409100173,0.4816737793397281
BachChoralHarmony,V2,5665.0,0.248,0.0474,1.0,205.0,53.6261,48.0,37.4483,0.9381,0.8633,25.0,50.0,0.0772,0.0772,0.0489,0.0489,0.0651,0.0651,4.8822,0.0023,AdaBoost,0.059866763602381766,0.059866763602381766,0.059866763602381766,0.059866763602381766,0.059866763602381766,0.059866763602381766,0.059866763602381766,0.059866763602381766,0.059866763602381766
BachChoralHarmony,V2,5665.0,0.248,0.0474,1.0,205.0,53.6261,48.0,37.4483,0.9381,0.8633,25.0,50.0,0.0772,0.0772,0.0489,0.0489,0.0651,0.0651,4.8822,0.0023,SVC,0.5092023177744552,0.5068422055520387,0.5086102557754155,0.5074829901701303,0.5076465568305413,0.5063194613662754,0.5073662797292235,0.5076542879745286,0.507065553306953
BachChoralHarmony,V2,5665.0,0.1977,0.0449,1.0,206.0,53.7778,48.0,37.6059,0.9337,0.8382,25.0,52.0,0.0689,0.0689,0.0464,0.0464,0.0618,0.0618,4.8884,0.0022,DecisionTree,0.44174722616631706,0.4408298527355111,0.4411348378340575,0.44420341753710874,0.44045808753236293,0.43870847580356936,0.4434605697362708,0.43861426906725975,0.4391322556016801
BachChoralHarmony,V2,5665.0,0.1977,0.0449,1.0,206.0,53.7778,48.0,37.6059,0.9337,0.8382,25.0,52.0,0.0689,0.0689,0.0464,0.0464,0.0618,0.0618,4.8884,0.0022,LogisticRegression,0.5102818042687034,0.5099429752389949,0.5110810513795048,0.5098975759355036,0.510612349714357,0.5096852900730766,0.5106377111372498,0.5104486394453152,0.5098984093076577
BachChoralHarmony,V2,5665.0,0.1977,0.0449,1.0,206.0,53.7778,48.0,37.6059,0.9337,0.8382,25.0,52.0,0.0689,0.0689,0.0464,0.0464,0.0618,0.0618,4.8884,0.0022,KNN,0.46536663105098125,0.463368500690166,0.4686257395283069,0.46895981116815705,0.4682094212825093,0.46920062383689987,0.4680758347653692,0.4649007143910865,0.46808172079446314
BachChoralHarmony,V2,5665.0,0.1977,0.0449,1.0,206.0,53.7778,48.0,37.6059,0.9337,0.8382,25.0,52.0,0.0689,0.0689,0.0464,0.0464,0.0618,0.0618,4.8884,0.0022,RandomForest,0.479107763192096,0.4836822930906706,0.4808595244764011,0.483189352213408,0.4824307936512281,0.48391764475847276,0.48168839821252646,0.4827448817363988,0.48346300448324864
BachChoralHarmony,V2,5665.0,0.1977,0.0449,1.0,206.0,53.7778,48.0,37.6059,0.9337,0.8382,25.0,52.0,0.0689,0.0689,0.0464,0.0464,0.0618,0.0618,4.8884,0.0022,AdaBoost,0.059866763602381766,0.059866763602381766,0.059866763602381766,0.059866763602381766,0.059866763602381766,0.059866763602381766,0.059866763602381766,0.059866763602381766,0.059866763602381766
BachChoralHarmony,V2,5665.0,0.1977,0.0449,1.0,206.0,53.7778,48.0,37.6059,0.9337,0.8382,25.0,52.0,0.0689,0.0689,0.0464,0.0464,0.0618,0.0618,4.8884,0.0022,SVC,0.5123833434687833,0.5086694834654047,0.5103525927856041,0.5106826476302182,0.5113020680634222,0.5112443856410855,0.511723599314394,0.5087638575699501,0.5111759760110742
BachChoralHarmony,V2,5665.0,0.1465,0.0422,1.0,207.0,53.5673,48.0,37.3719,0.9302,0.834,25.0,51.0,0.081,0.081,0.0537,0.0537,0.0717,0.0717,4.8846,0.0022,DecisionTree,0.4431313064431045,0.4481245233526777,0.44482066678423193,0.4431883729047515,0.44500050768792304,0.44300785270915055,0.4435463048069823,0.4490045012662449,0.4461025974699297
BachChoralHarmony,V2,5665.0,0.1465,0.0422,1.0,207.0,53.5673,48.0,37.3719,0.9302,0.834,25.0,51.0,0.081,0.081,0.0537,0.0537,0.0717,0.0717,4.8846,0.0022,LogisticRegression,0.5099219285624483,0.509437608738464,0.5084005496524413,0.5100708217837621,0.5115465204721796,0.5111136792125189,0.5101810803870442,0.5093497795556834,0.510107830981609
BachChoralHarmony,V2,5665.0,0.1465,0.0422,1.0,207.0,53.5673,48.0,37.3719,0.9302,0.834,25.0,51.0,0.081,0.081,0.0537,0.0537,0.0717,0.0717,4.8846,0.0022,KNN,0.47018912988002054,0.4664316550531912,0.4695160106029852,0.4672003875540781,0.4669689679526935,0.4668296801823187,0.4704129547015468,0.46592669996058456,0.4681493372024347
BachChoralHarmony,V2,5665.0,0.1465,0.0422,1.0,207.0,53.5673,48.0,37.3719,0.9302,0.834,25.0,51.0,0.081,0.081,0.0537,0.0537,0.0717,0.0717,4.8846,0.0022,RandomForest,0.4795893070901107,0.47984805412928005,0.4778716725709316,0.4776682626087816,0.4798761290201413,0.47899886190272234,0.4787835862173934,0.4837517757698747,0.4765919774216583
BachChoralHarmony,V2,5665.0,0.1465,0.0422,1.0,207.0,53.5673,48.0,37.3719,0.9302,0.834,25.0,51.0,0.081,0.081,0.0537,0.0537,0.0717,0.0717,4.8846,0.0022,AdaBoost,0.059866763602381766,0.059866763602381766,0.059866763602381766,0.059866763602381766,0.059866763602381766,0.059866763602381766,0.059866763602381766,0.059866763602381766,0.059866763602381766
BachChoralHarmony,V2,5665.0,0.1465,0.0422,1.0,207.0,53.5673,48.0,37.3719,0.9302,0.834,25.0,51.0,0.081,0.081,0.0537,0.0537,0.0717,0.0717,4.8846,0.0022,SVC,0.5109047868510878,0.508175180110197,0.5082934510878073,0.5111209151781908,0.5103586422577858,0.5115746712664136,0.5100260223562021,0.5080727031883745,0.5105073270537023
BachChoralHarmony,V2,5665.0,0.1019,0.0405,1.0,207.0,53.1926,48.0,37.329,0.9494,0.8996,25.0,51.0,0.083,0.083,0.0553,0.0553,0.0736,0.0736,4.8809,0.0023,DecisionTree,0.4452880538553494,0.4437808262505805,0.450463520406305,0.4450417702886956,0.44441208630957507,0.4449758418872355,0.4434797649401163,0.44801270628697415,0.4435498156171484
BachChoralHarmony,V2,5665.0,0.1019,0.0405,1.0,207.0,53.1926,48.0,37.329,0.9494,0.8996,25.0,51.0,0.083,0.083,0.0553,0.0553,0.0736,0.0736,4.8809,0.0023,LogisticRegression,0.512698671691129,0.5096537016466364,0.5131587531017106,0.5125475698485142,0.5133254222365301,0.5132192130040926,0.5125368439958637,0.5102097677448747,0.5139568238592899
BachChoralHarmony,V2,5665.0,0.1019,0.0405,1.0,207.0,53.1926,48.0,37.329,0.9494,0.8996,25.0,51.0,0.083,0.083,0.0553,0.0553,0.0736,0.0736,4.8809,0.0023,KNN,0.46458752668863074,0.4648954040034267,0.4657761214503358,0.4650485650501137,0.46597111768773275,0.46724970898645796,0.46443312696314304,0.4656543839348632,0.46746045954336324
BachChoralHarmony,V2,5665.0,0.1019,0.0405,1.0,207.0,53.1926,48.0,37.329,0.9494,0.8996,25.0,51.0,0.083,0.083,0.0553,0.0553,0.0736,0.0736,4.8809,0.0023,RandomForest,0.4816209492727351,0.484109038214102,0.4863747397725118,0.48755018756920904,0.4847650854507681,0.4890812738392374,0.48508290790361647,0.48644227732841144,0.48765432257182567
BachChoralHarmony,V2,5665.0,0.1019,0.0405,1.0,207.0,53.1926,48.0,37.329,0.9494,0.8996,25.0,51.0,0.083,0.083,0.0553,0.0553,0.0736,0.0736,4.8809,0.0023,AdaBoost,0.059866763602381766,0.059866763602381766,0.059866763602381766,0.059866763602381766,0.059866763602381766,0.059866763602381766,0.059866763602381766,0.059866763602381766,0.059866763602381766
BachChoralHarmony,V2,5665.0,0.1019,0.0405,1.0,207.0,53.1926,48.0,37.329,0.9494,0.8996,25.0,51.0,0.083,0.083,0.0553,0.0553,0.0736,0.0736,4.8809,0.0023,SVC,0.5084670697613523,0.5083572788037082,0.5079297485110769,0.5093413230092234,0.5089312378089293,0.508808938068249,0.5091080008637803,0.5084838996998753,0.509175754655114
BachChoralHarmony,V2,5665.0,0.0492,0.0379,1.0,207.0,53.3444,48.0,37.2304,0.937,0.8683,25.0,51.0,0.0779,0.0779,0.0528,0.0528,0.0703,0.0703,4.8811,0.0023,DecisionTree,0.4463893778751188,0.4509056150361063,0.4468452375266161,0.4445614772251686,0.44956526976014616,0.44991099257191836,0.4446508861947892,0.45034029315933427,0.4498774911327388
BachChoralHarmony,V2,5665.0,0.0492,0.0379,1.0,207.0,53.3444,48.0,37.2304,0.937,0.8683,25.0,51.0,0.0779,0.0779,0.0528,0.0528,0.0703,0.0703,4.8811,0.0023,LogisticRegression,0.5117903287306349,0.510387484457934,0.5119386896385347,0.5121698187756042,0.5121412020846035,0.5118377981080451,0.511914314783771,0.5110223671819027,0.5118774251436758
BachChoralHarmony,V2,5665.0,0.0492,0.0379,1.0,207.0,53.3444,48.0,37.2304,0.937,0.8683,25.0,51.0,0.0779,0.0779,0.0528,0.0528,0.0703,0.0703,4.8811,0.0023,KNN,0.4665647938434054,0.4681831787070535,0.46635548845728836,0.4677325442051639,0.46770570613744095,0.46592886797203914,0.46586109245254065,0.4673374474226436,0.4681147662505511
BachChoralHarmony,V2,5665.0,0.0492,0.0379,1.0,207.0,53.3444,48.0,37.2304,0.937,0.8683,25.0,51.0,0.0779,0.0779,0.0528,0.0528,0.0703,0.0703,4.8811,0.0023,RandomForest,0.4840794152463874,0.4809601575032759,0.4815909571832643,0.48208661033862876,0.4814840887684239,0.4781991068658471,0.48128282112939536,0.4832936566322455,0.4800031026789514
BachChoralHarmony,V2,5665.0,0.0492,0.0379,1.0,207.0,53.3444,48.0,37.2304,0.937,0.8683,25.0,51.0,0.0779,0.0779,0.0528,0.0528,0.0703,0.0703,4.8811,0.0023,AdaBoost,0.059866763602381766,0.059866763602381766,0.059866763602381766,0.059866763602381766,0.059866763602381766,0.059866763602381766,0.059866763602381766,0.059866763602381766,0.059866763602381766
BachChoralHarmony,V2,5665.0,0.0492,0.0379,1.0,207.0,53.3444,48.0,37.2304,0.937,0.8683,25.0,51.0,0.0779,0.0779,0.0528,0.0528,0.0703,0.0703,4.8811,0.0023,SVC,0.5092681565651767,0.5087622660676872,0.5099677928893872,0.5102195614638131,0.5108352274809567,0.5110307658674701,0.509731042911864,0.5095434299985974,0.5108239010897896
BachChoralHarmony,V16,5665.0,0.51,0.0018,1.0,5.0,3.1372,3.0,1.114,0.4033,-0.956,1.0,2.0,0.0619,0.0619,0.044,0.044,0.0585,0.0585,1.4004,1.2821,DecisionTree,0.47304647180808757,0.4614594979981967,0.456017750010989,0.448854892912452,0.45761411226272786,0.4549678707439595,0.45886741816884913,0.4415064038805153,0.4610720008572117
BachChoralHarmony,V16,5665.0,0.51,0.0018,1.0,5.0,3.1372,3.0,1.114,0.4033,-0.956,1.0,2.0,0.0619,0.0619,0.044,0.044,0.0585,0.0585,1.4004,1.2821,LogisticRegression,0.5114892547815388,0.50811973676137,0.5131307185404969,0.5119238553903459,0.5109053962196699,0.5111975392628966,0.5121128655979376,0.5119477688353281,0.513138382524826
BachChoralHarmony,V16,5665.0,0.51,0.0018,1.0,5.0,3.1372,3.0,1.114,0.4033,-0.956,1.0,2.0,0.0619,0.0619,0.044,0.044,0.0585,0.0585,1.4004,1.2821,KNN,0.47043845113976457,0.46829349830590505,0.47127076486610897,0.46876082799178953,0.4702626198341859,0.4666303152271346,0.4686465209681354,0.46783803422213,0.46723081285602996
BachChoralHarmony,V16,5665.0,0.51,0.0018,1.0,5.0,3.1372,3.0,1.114,0.4033,-0.956,1.0,2.0,0.0619,0.0619,0.044,0.044,0.0585,0.0585,1.4004,1.2821,RandomForest,0.5006720471723036,0.4946256473566199,0.5000408232229046,0.5016975252513344,0.5002798853764612,0.4994731794633359,0.4979576723579043,0.49466385638384736,0.5015598408045899
BachChoralHarmony,V16,5665.0,0.51,0.0018,1.0,5.0,3.1372,3.0,1.114,0.4033,-0.956,1.0,2.0,0.0619,0.0619,0.044,0.044,0.0585,0.0585,1.4004,1.2821,AdaBoost,0.059866763602381766,0.059866763602381766,0.059866763602381766,0.059866763602381766,0.059866763602381766,0.059866763602381766,0.059866763602381766,0.059866763602381766,0.059866763602381766
BachChoralHarmony,V16,5665.0,0.51,0.0018,1.0,5.0,3.1372,3.0,1.114,0.4033,-0.956,1.0,2.0,0.0619,0.0619,0.044,0.044,0.0585,0.0585,1.4004,1.2821,SVC,0.5057926215121002,0.5063865018158055,0.5097832544356743,0.5071294504504239,0.5074957085345153,0.5068991111159914,0.5070527084139341,0.5045576957433578,0.5064014676040293
BachChoralHarmony,V16,5665.0,0.4402,0.0016,1.0,5.0,3.128,3.0,1.1161,0.3997,-0.942,1.0,2.0,0.095,0.095,0.0674,0.0674,0.0899,0.0899,1.4056,0.8889,DecisionTree,0.46235779855630277,0.4589449570363001,0.45641225194285395,0.4508933709899528,0.4543732849591966,0.45378632486014425,0.44962517572845473,0.4397106557097991,0.45167360889697333
BachChoralHarmony,V16,5665.0,0.4402,0.0016,1.0,5.0,3.128,3.0,1.1161,0.3997,-0.942,1.0,2.0,0.095,0.095,0.0674,0.0674,0.0899,0.0899,1.4056,0.8889,LogisticRegression,0.5132991310788284,0.5087372063034415,0.511217320655946,0.5122909521194596,0.5123198473965221,0.5106617338465327,0.514518697751883,0.5122038704642851,0.5122325481376282
BachChoralHarmony,V16,5665.0,0.4402,0.0016,1.0,5.0,3.128,3.0,1.1161,0.3997,-0.942,1.0,2.0,0.095,0.095,0.0674,0.0674,0.0899,0.0899,1.4056,0.8889,KNN,0.4623629095421703,0.46926085720823196,0.46487397647974765,0.4664744884842983,0.46561988772924795,0.4641800011907356,0.464940500597321,0.4657286556155581,0.4649067243099325
BachChoralHarmony,V16,5665.0,0.4402,0.0016,1.0,5.0,3.128,3.0,1.1161,0.3997,-0.942,1.0,2.0,0.095,0.095,0.0674,0.0674,0.0899,0.0899,1.4056,0.8889,RandomForest,0.4971628245188926,0.5005446250282204,0.496679228068231,0.495417348282291,0.49653667590014605,0.49597237305490005,0.493680774056787,0.4897845365427258,0.4979035750057368
BachChoralHarmony,V16,5665.0,0.4402,0.0016,1.0,5.0,3.128,3.0,1.1161,0.3997,-0.942,1.0,2.0,0.095,0.095,0.0674,0.0674,0.0899,0.0899,1.4056,0.8889,AdaBoost,0.059866763602381766,0.059866763602381766,0.059866763602381766,0.059866763602381766,0.059866763602381766,0.059866763602381766,0.059866763602381766,0.059866763602381766,0.059866763602381766
BachChoralHarmony,V16,5665.0,0.4402,0.0016,1.0,5.0,3.128,3.0,1.1161,0.3997,-0.942,1.0,2.0,0.095,0.095,0.0674,0.0674,0.0899,0.0899,1.4056,0.8889,SVC,0.5079271004015079,0.5095019590138451,0.5076745349814457,0.5067355499955617,0.5076054132943343,0.5072343634719457,0.5085006007849929,0.506420074024081,0.5070169079016156
BachChoralHarmony,V16,5665.0,0.3982,0.0015,1.0,5.0,3.1443,3.0,1.1067,0.3831,-0.9557,1.0,2.0,0.0624,0.0624,0.0395,0.0395,0.0526,0.0526,1.4041,3.7889,DecisionTree,0.4602148725570602,0.4583849527698823,0.44682041238291226,0.45157803024771276,0.44993900260561515,0.45115152007570597,0.43699170006784255,0.4371907042562082,0.44766530628506357
BachChoralHarmony,V16,5665.0,0.3982,0.0015,1.0,5.0,3.1443,3.0,1.1067,0.3831,-0.9557,1.0,2.0,0.0624,0.0624,0.0395,0.0395,0.0526,0.0526,1.4041,3.7889,LogisticRegression,0.5086829147750415,0.5096231780618288,0.5107197990633434,0.5087454735301695,0.5096129757888395,0.5092304578759661,0.5094733743367122,0.5090466107610199,0.5085760290590966
BachChoralHarmony,V16,5665.0,0.3982,0.0015,1.0,5.0,3.1443,3.0,1.1067,0.3831,-0.9557,1.0,2.0,0.0624,0.0624,0.0395,0.0395,0.0526,0.0526,1.4041,3.7889,KNN,0.4644154192965937,0.4658531429762985,0.46255896551730585,0.4673286662434678,0.4677567244119475,0.46632759836435456,0.4657140001958291,0.46642815609572474,0.4670551774918984
BachChoralHarmony,V16,5665.0,0.3982,0.0015,1.0,5.0,3.1443,3.0,1.1067,0.3831,-0.9557,1.0,2.0,0.0624,0.0624,0.0395,0.0395,0.0526,0.0526,1.4041,3.7889,RandomForest,0.49647074186474566,0.49767632127173506,0.4978423782257941,0.4973724217658907,0.4913645265620945,0.49564524931123144,0.4928912342922446,0.4865710129425146,0.49417405724735547
BachChoralHarmony,V16,5665.0,0.3982,0.0015,1.0,5.0,3.1443,3.0,1.1067,0.3831,-0.9557,1.0,2.0,0.0624,0.0624,0.0395,0.0395,0.0526,0.0526,1.4041,3.7889,AdaBoost,0.059866763602381766,0.059866763602381766,0.059866763602381766,0.059866763602381766,0.059866763602381766,0.059866763602381766,0.059866763602381766,0.059866763602381766,0.059866763602381766
BachChoralHarmony,V16,5665.0,0.3982,0.0015,1.0,5.0,3.1443,3.0,1.1067,0.3831,-0.9557,1.0,2.0,0.0624,0.0624,0.0395,0.0395,0.0526,0.0526,1.4041,3.7889,SVC,0.50560226610847,0.5053068035916712,0.509137637480919,0.5072329299589862,0.5068710595346315,0.5063825349870446,0.5041650978747748,0.5062783771215729,0.506823850266805
BachChoralHarmony,V16,5665.0,0.3568,0.0014,1.0,5.0,3.1449,3.0,1.1105,0.3639,-0.943,1.0,2.0,0.0773,0.0773,0.0579,0.0579,0.077,0.077,1.4129,1.343,DecisionTree,0.46209235328908715,0.4591016790459401,0.45174205305089593,0.45274996721863736,0.45238646665383647,0.45594169666605916,0.4559159442614532,0.44630426452151095,0.4558086693833213
BachChoralHarmony,V16,5665.0,0.3568,0.0014,1.0,5.0,3.1449,3.0,1.1105,0.3639,-0.943,1.0,2.0,0.0773,0.0773,0.0579,0.0579,0.077,0.077,1.4129,1.343,LogisticRegression,0.5097280247205037,0.5119185327584777,0.5084992795791211,0.5091494753455384,0.5089943325315966,0.5081736108903492,0.5104045019848976,0.5092581804221795,0.5088842345326271
BachChoralHarmony,V16,5665.0,0.3568,0.0014,1.0,5.0,3.1449,3.0,1.1105,0.3639,-0.943,1.0,2.0,0.0773,0.0773,0.0579,0.0579,0.077,0.077,1.4129,1.343,KNN,0.46654090487674416,0.46756601053700775,0.4711074155478567,0.4654710190481953,0.46651401282038907,0.4657770595520453,0.46953597517781387,0.4672109916238505,0.4669476523338153
BachChoralHarmony,V16,5665.0,0.3568,0.0014,1.0,5.0,3.1449,3.0,1.1105,0.3639,-0.943,1.0,2.0,0.0773,0.0773,0.0579,0.0579,0.077,0.077,1.4129,1.343,RandomForest,0.4948293158207098,0.4987904105361048,0.4964744305134247,0.49940692322448943,0.49830473824708466,0.49822016790334184,0.4972360108901182,0.4933062856175138,0.4963239506389033
BachChoralHarmony,V16,5665.0,0.3568,0.0014,1.0,5.0,3.1449,3.0,1.1105,0.3639,-0.943,1.0,2.0,0.0773,0.0773,0.0579,0.0579,0.077,0.077,1.4129,1.343,AdaBoost,0.059866763602381766,0.059866763602381766,0.059866763602381766,0.059866763602381766,0.059866763602381766,0.059866763602381766,0.059866763602381766,0.059866763602381766,0.059866763602381766
BachChoralHarmony,V16,5665.0,0.3568,0.0014,1.0,5.0,3.1449,3.0,1.1105,0.3639,-0.943,1.0,2.0,0.0773,0.0773,0.0579,0.0579,0.077,0.077,1.4129,1.343,SVC,0.5106455808839362,0.5094836453621575,0.5126536023666333,0.5115038520130086,0.510770131569607,0.5109984212962158,0.5115152962496043,0.5084513411153793,0.5114365659197493
BachChoralHarmony,V16,5665.0,0.3001,0.0013,1.0,5.0,3.1342,3.0,1.1086,0.3812,-0.938,1.0,2.0,0.0822,0.0822,0.0583,0.0583,0.0775,0.0775,1.4088,1.5484,DecisionTree,0.4524842891222073,0.4542511931842322,0.4526221998806196,0.4463306166152813,0.4517693933850626,0.4482188747163152,0.4529199371174048,0.4472845539329776,0.4484645922823035
BachChoralHarmony,V16,5665.0,0.3001,0.0013,1.0,5.0,3.1342,3.0,1.1086,0.3812,-0.938,1.0,2.0,0.0822,0.0822,0.0583,0.0583,0.0775,0.0775,1.4088,1.5484,LogisticRegression,0.5141586555579855,0.5121964068196455,0.511121812342264,0.5120122075003136,0.5128273104301928,0.5117953915356609,0.5116306638323869,0.512737279374947,0.512274312289146
BachChoralHarmony,V16,5665.0,0.3001,0.0013,1.0,5.0,3.1342,3.0,1.1086,0.3812,-0.938,1.0,2.0,0.0822,0.0822,0.0583,0.0583,0.0775,0.0775,1.4088,1.5484,KNN,0.4682157376655668,0.4672289710069679,0.46633428579419356,0.4672625588344451,0.4657116744519127,0.4675103477122271,0.47040051989700066,0.46572856359352893,0.4658163827884351
BachChoralHarmony,V16,5665.0,0.3001,0.0013,1.0,5.0,3.1342,3.0,1.1086,0.3812,-0.938,1.0,2.0,0.0822,0.0822,0.0583,0.0583,0.0775,0.0775,1.4088,1.5484,RandomForest,0.4902249701343547,0.4866029159279507,0.4918432324863488,0.4917809823813912,0.48829723674689596,0.48876950815022263,0.4923193170984908,0.490379933206602,0.4891923920040182
BachChoralHarmony,V16,5665.0,0.3001,0.0013,1.0,5.0,3.1342,3.0,1.1086,0.3812,-0.938,1.0,2.0,0.0822,0.0822,0.0583,0.0583,0.0775,0.0775,1.4088,1.5484,AdaBoost,0.059866763602381766,0.059866763602381766,0.059866763602381766,0.059866763602381766,0.059866763602381766,0.059866763602381766,0.059866763602381766,0.059866763602381766,0.059866763602381766
BachChoralHarmony,V16,5665.0,0.3001,0.0013,1.0,5.0,3.1342,3.0,1.1086,0.3812,-0.938,1.0,2.0,0.0822,0.0822,0.0583,0.0583,0.0775,0.0775,1.4088,1.5484,SVC,0.5107841033276406,0.5101438386655098,0.5080174259865682,0.5100251294947189,0.5092426268292242,0.5089150220132732,0.5116187368949872,0.5074379990602167,0.5094229150094041
BachChoralHarmony,V16,5665.0,0.2526,0.0012,1.0,5.0,3.1294,3.0,1.1021,0.38,-0.9094,1.0,2.0,0.0706,0.0706,0.0468,0.0468,0.0622,0.0622,1.409,4.0857,DecisionTree,0.4562262804813416,0.45526841696034925,0.446337782583283,0.4412062862219865,0.4473031299995819,0.4421855869210206,0.45015637798042357,0.43796326603300667,0.4499813812899466
BachChoralHarmony,V16,5665.0,0.2526,0.0012,1.0,5.0,3.1294,3.0,1.1021,0.38,-0.9094,1.0,2.0,0.0706,0.0706,0.0468,0.0468,0.0622,0.0622,1.409,4.0857,LogisticRegression,0.509502342504204,0.5082452864789198,0.5101288798974538,0.5095553611744571,0.5093082382136334,0.5091549367608483,0.5102559063058303,0.5081591022318738,0.5095127890524024
BachChoralHarmony,V16,5665.0,0.2526,0.0012,1.0,5.0,3.1294,3.0,1.1021,0.38,-0.9094,1.0,2.0,0.0706,0.0706,0.0468,0.0468,0.0622,0.0622,1.409,4.0857,KNN,0.4699977302577597,0.4655656691187912,0.47150773164161347,0.47063696883691186,0.4707422245035946,0.46996311075477815,0.47009834009133944,0.4702928875990783,0.47050737108686747
BachChoralHarmony,V16,5665.0,0.2526,0.0012,1.0,5.0,3.1294,3.0,1.1021,0.38,-0.9094,1.0,2.0,0.0706,0.0706,0.0468,0.0468,0.0622,0.0622,1.409,4.0857,RandomForest,0.4861551972643998,0.48999437254766604,0.49509342452850563,0.4826047360167486,0.48587724549400907,0.48358872851064516,0.4826453500126669,0.48357547901136205,0.4826275289078451
BachChoralHarmony,V16,5665.0,0.2526,0.0012,1.0,5.0,3.1294,3.0,1.1021,0.38,-0.9094,1.0,2.0,0.0706,0.0706,0.0468,0.0468,0.0622,0.0622,1.409,4.0857,AdaBoost,0.059866763602381766,0.059866763602381766,0.059866763602381766,0.059866763602381766,0.059866763602381766,0.059866763602381766,0.059866763602381766,0.059866763602381766,0.059866763602381766
BachChoralHarmony,V16,5665.0,0.2526,0.0012,1.0,5.0,3.1294,3.0,1.1021,0.38,-0.9094,1.0,2.0,0.0706,0.0706,0.0468,0.0468,0.0622,0.0622,1.409,4.0857,SVC,0.5066558476339401,0.5089019619571282,0.5049787712958028,0.5060982923558933,0.5066218352596367,0.5064908046474669,0.5055989173665356,0.5041984843576524,0.5067461621151219
BachChoralHarmony,V16,5665.0,0.2016,0.0011,1.0,5.0,3.1298,3.0,1.107,0.376,-0.916,1.0,2.0,0.0775,0.0775,0.0491,0.0491,0.0654,0.0654,1.412,3.7877,DecisionTree,0.4544510023574811,0.4498679472498756,0.44357057948952916,0.43924000432634946,0.4450685899345679,0.44470167035034813,0.4470968067206371,0.44457623507644556,0.4458264612490592
BachChoralHarmony,V16,5665.0,0.2016,0.0011,1.0,5.0,3.1298,3.0,1.107,0.376,-0.916,1.0,2.0,0.0775,0.0775,0.0491,0.0491,0.0654,0.0654,1.412,3.7877,LogisticRegression,0.5108556693127712,0.5104139357665204,0.5103752409729284,0.5086355253514373,0.5105861776199955,0.5102476629372323,0.5111784568421843,0.5095612463919497,0.5108948657401542
BachChoralHarmony,V16,5665.0,0.2016,0.0011,1.0,5.0,3.1298,3.0,1.107,0.376,-0.916,1.0,2.0,0.0775,0.0775,0.0491,0.0491,0.0654,0.0654,1.412,3.7877,KNN,0.46775866800405846,0.4678646009579264,0.46733060601213466,0.46915078476854843,0.46865230080499065,0.46917375197003,0.4680340103682993,0.466003067104858,0.4665747474292952
BachChoralHarmony,V16,5665.0,0.2016,0.0011,1.0,5.0,3.1298,3.0,1.107,0.376,-0.916,1.0,2.0,0.0775,0.0775,0.0491,0.0491,0.0654,0.0654,1.412,3.7877,RandomForest,0.4869216911575289,0.4892143947728189,0.4903047287811038,0.48662828925397855,0.48698881814288103,0.4816064076433863,0.48474413819103734,0.4876209000279221,0.4846229727289839
BachChoralHarmony,V16,5665.0,0.2016,0.0011,1.0,5.0,3.1298,3.0,1.107,0.376,-0.916,1.0,2.0,0.0775,0.0775,0.0491,0.0491,0.0654,0.0654,1.412,3.7877,AdaBoost,0.059866763602381766,0.059866763602381766,0.059866763602381766,0.059866763602381766,0.059866763602381766,0.059866763602381766,0.059866763602381766,0.059866763602381766,0.059866763602381766
BachChoralHarmony,V16,5665.0,0.2016,0.0011,1.0,5.0,3.1298,3.0,1.107,0.376,-0.916,1.0,2.0,0.0775,0.0775,0.0491,0.0491,0.0654,0.0654,1.412,3.7877,SVC,0.5081100584104083,0.5059076183828357,0.5061018377663052,0.5075347732479147,0.5067491017362392,0.5064782263600793,0.5079298376843105,0.5070099838587011,0.5070441520461443
BachChoralHarmony,V16,5665.0,0.141,0.001,1.0,5.0,3.1478,3.0,1.1081,0.3632,-0.9424,1.0,2.0,0.082,0.082,0.0543,0.0543,0.0723,0.0723,1.4116,3.808,DecisionTree,0.4540975528236436,0.449710834972169,0.4496479739457186,0.4484575199182746,0.45018068790213717,0.45366766841141765,0.44701763206138756,0.44620791760677747,0.45119121548660734
BachChoralHarmony,V16,5665.0,0.141,0.001,1.0,5.0,3.1478,3.0,1.1081,0.3632,-0.9424,1.0,2.0,0.082,0.082,0.0543,0.0543,0.0723,0.0723,1.4116,3.808,LogisticRegression,0.510752629742678,0.5106584566882438,0.5097149341151794,0.5098398629305707,0.5095255181155681,0.5088632173754417,0.5101969492245596,0.5098005282450349,0.5096344668544737
BachChoralHarmony,V16,5665.0,0.141,0.001,1.0,5.0,3.1478,3.0,1.1081,0.3632,-0.9424,1.0,2.0,0.082,0.082,0.0543,0.0543,0.0723,0.0723,1.4116,3.808,KNN,0.4678440887516423,0.46565251316513295,0.4664393815502182,0.46699135128462627,0.4667075468033475,0.4667669829397101,0.46652960698124385,0.4672644293822439,0.46750233752992393
BachChoralHarmony,V16,5665.0,0.141,0.001,1.0,5.0,3.1478,3.0,1.1081,0.3632,-0.9424,1.0,2.0,0.082,0.082,0.0543,0.0543,0.0723,0.0723,1.4116,3.808,RandomForest,0.4894297327594513,0.4938196777031146,0.49212568947505614,0.4882216773333885,0.489934386662141,0.4894240450400372,0.49065397333611105,0.49064564309810127,0.49118726585243194
BachChoralHarmony,V16,5665.0,0.141,0.001,1.0,5.0,3.1478,3.0,1.1081,0.3632,-0.9424,1.0,2.0,0.082,0.082,0.0543,0.0543,0.0723,0.0723,1.4116,3.808,AdaBoost,0.059866763602381766,0.059866763602381766,0.059866763602381766,0.059866763602381766,0.059866763602381766,0.059866763602381766,0.059866763602381766,0.059866763602381766,0.059866763602381766
BachChoralHarmony,V16,5665.0,0.141,0.001,1.0,5.0,3.1478,3.0,1.1081,0.3632,-0.9424,1.0,2.0,0.082,0.082,0.0543,0.0543,0.0723,0.0723,1.4116,3.808,SVC,0.5084479923220209,0.5052544512864588,0.5085874383342615,0.5077161015619923,0.5078789934451797,0.5077747373813749,0.5086190970742854,0.5080582636343423,0.5077298765758618
BachChoralHarmony,V16,5665.0,0.0981,0.001,1.0,5.0,3.1368,3.0,1.1078,0.3797,-0.9327,1.0,2.0,0.0759,0.0759,0.0519,0.0519,0.0693,0.0693,1.4086,3.8252,DecisionTree,0.452537654210592,0.45185402403923675,0.44926170991659947,0.4488136697786036,0.44354918147662425,0.45163477886710657,0.4467969020938136,0.45210358210163276,0.4488025870061838
BachChoralHarmony,V16,5665.0,0.0981,0.001,1.0,5.0,3.1368,3.0,1.1078,0.3797,-0.9327,1.0,2.0,0.0759,0.0759,0.0519,0.0519,0.0693,0.0693,1.4086,3.8252,LogisticRegression,0.5115721142512546,0.5104219184219796,0.5113198274002747,0.5114226597878065,0.5108841133342172,0.5123105096509851,0.511110620043803,0.5110590882442048,0.511856381242892
BachChoralHarmony,V16,5665.0,0.0981,0.001,1.0,5.0,3.1368,3.0,1.1078,0.3797,-0.9327,1.0,2.0,0.0759,0.0759,0.0519,0.0519,0.0693,0.0693,1.4086,3.8252,KNN,0.46689809637918334,0.47010719280759083,0.467649553397943,0.46788567904235234,0.4689381581027702,0.4682282555111176,0.4679152349980882,0.46748269743844,0.4679511103027407
BachChoralHarmony,V16,5665.0,0.0981,0.001,1.0,5.0,3.1368,3.0,1.1078,0.3797,-0.9327,1.0,2.0,0.0759,0.0759,0.0519,0.0519,0.0693,0.0693,1.4086,3.8252,RandomForest,0.48561825241765627,0.48587863445111273,0.47834809062780337,0.481953897043103,0.4849304657687334,0.4846774074334143,0.4845770654416917,0.4861078176748249,0.48216691757438485
BachChoralHarmony,V16,5665.0,0.0981,0.001,1.0,5.0,3.1368,3.0,1.1078,0.3797,-0.9327,1.0,2.0,0.0759,0.0759,0.0519,0.0519,0.0693,0.0693,1.4086,3.8252,AdaBoost,0.059866763602381766,0.059866763602381766,0.059866763602381766,0.059866763602381766,0.059866763602381766,0.059866763602381766,0.059866763602381766,0.059866763602381766,0.059866763602381766
BachChoralHarmony,V16,5665.0,0.0981,0.001,1.0,5.0,3.1368,3.0,1.1078,0.3797,-0.9327,1.0,2.0,0.0759,0.0759,0.0519,0.0519,0.0693,0.0693,1.4086,3.8252,SVC,0.5096786731429397,0.5108112586204938,0.5099635232459512,0.5097427051308352,0.5097199357597858,0.5095030896287935,0.5098249514448661,0.5101601940654923,0.5103268451012551
BachChoralHarmony,V16,5665.0,0.0507,0.0009,1.0,5.0,3.1305,3.0,1.107,0.3799,-0.9183,1.0,2.0,0.0726,0.0726,0.0499,0.0499,0.0664,0.0664,1.4103,1.5124,DecisionTree,0.44602707600507807,0.45359965341538333,0.4455388306296649,0.4442015550059881,0.4448378370897831,0.4402387753075798,0.4416454176710511,0.44708005496132874,0.44355588797688195
BachChoralHarmony,V16,5665.0,0.0507,0.0009,1.0,5.0,3.1305,3.0,1.107,0.3799,-0.9183,1.0,2.0,0.0726,0.0726,0.0499,0.0499,0.0664,0.0664,1.4103,1.5124,LogisticRegression,0.5121028201665677,0.5126607090835711,0.5108700584658713,0.5112171042898941,0.511727579097001,0.5114988657941554,0.511322375542913,0.5128609822312107,0.512189936258304
BachChoralHarmony,V16,5665.0,0.0507,0.0009,1.0,5.0,3.1305,3.0,1.107,0.3799,-0.9183,1.0,2.0,0.0726,0.0726,0.0499,0.0499,0.0664,0.0664,1.4103,1.5124,KNN,0.4695251140276919,0.46786390931164057,0.46951310282055003,0.46999868332073313,0.4698638804106811,0.47041942222273686,0.4689151213425018,0.4698265694356477,0.469316651308338
BachChoralHarmony,V16,5665.0,0.0507,0.0009,1.0,5.0,3.1305,3.0,1.107,0.3799,-0.9183,1.0,2.0,0.0726,0.0726,0.0499,0.0499,0.0664,0.0664,1.4103,1.5124,RandomForest,0.4836448046652403,0.48667983738892573,0.48549604987792916,0.48453300687370315,0.4861442475669171,0.4870139055549013,0.4828417702696708,0.48800745234294823,0.4852127848885831
BachChoralHarmony,V16,5665.0,0.0507,0.0009,1.0,5.0,3.1305,3.0,1.107,0.3799,-0.9183,1.0,2.0,0.0726,0.0726,0.0499,0.0499,0.0664,0.0664,1.4103,1.5124,AdaBoost,0.059866763602381766,0.05763985356639579,0.059866763602381766,0.059866763602381766,0.059866763602381766,0.059866763602381766,0.059866763602381766,0.059866763602381766,0.059866763602381766
BachChoralHarmony,V16,5665.0,0.0507,0.0009,1.0,5.0,3.1305,3.0,1.107,0.3799,-0.9183,1.0,2.0,0.0726,0.0726,0.0499,0.0499,0.0664,0.0664,1.4103,1.5124,SVC,0.507540707197193,0.5090872909042916,0.5096817983236923,0.5088444187672666,0.5088788301765909,0.5088582008365699,0.5079317558530263,0.5079942003422533,0.5089942813440186
bank,duration,3074.0,0.4941,0.382,4.0,3025.0,264.1363,185.0,265.6633,3.021,15.0102,97.0,217.0,0.0117,0.0239,0.0302,0.0363,0.0385,0.0464,6.1231,0.0002,DecisionTree,0.8407430920024359,0.8333196476753573,0.8439211981909085,0.8437102384945901,0.8346817900417454,0.8412441572826779,0.8407802967035221,0.8383131727656048,0.8422483870916432
bank,duration,3074.0,0.4941,0.382,4.0,3025.0,264.1363,185.0,265.6633,3.021,15.0102,97.0,217.0,0.0117,0.0239,0.0302,0.0363,0.0385,0.0464,6.1231,0.0002,LogisticRegression,0.8321931019954618,0.8258954578597126,0.832232742119786,0.8321935737649363,0.8325945505828833,0.8314450777151332,0.8304589049517286,0.8259089749621118,0.8315704811155564
bank,duration,3074.0,0.4941,0.382,4.0,3025.0,264.1363,185.0,265.6633,3.021,15.0102,97.0,217.0,0.0117,0.0239,0.0302,0.0363,0.0385,0.0464,6.1231,0.0002,KNN,0.8507840374973845,0.847563334073504,0.854752268167783,0.8498763475407076,0.8496732411120673,0.851711897851288,0.8514488570276948,0.8489330879728433,0.8512257674954404
bank,duration,3074.0,0.4941,0.382,4.0,3025.0,264.1363,185.0,265.6633,3.021,15.0102,97.0,217.0,0.0117,0.0239,0.0302,0.0363,0.0385,0.0464,6.1231,0.0002,RandomForest,0.8565021408631391,0.8552683999973819,0.8541747545664808,0.8523744443780633,0.8528165354007116,0.8548655723733557,0.8396234779943197,0.8423657682559761,0.8554868726692944
bank,duration,3074.0,0.4941,0.382,4.0,3025.0,264.1363,185.0,265.6633,3.021,15.0102,97.0,217.0,0.0117,0.0239,0.0302,0.0363,0.0385,0.0464,6.1231,0.0002,AdaBoost,0.8422075932465836,0.8402492689855652,0.8389737539949613,0.8444324626671093,0.8441870075922296,0.8432751962323919,0.843674563505632,0.8373673072443566,0.8445853471149318
bank,duration,3074.0,0.4941,0.382,4.0,3025.0,264.1363,185.0,265.6633,3.021,15.0102,97.0,217.0,0.0117,0.0239,0.0302,0.0363,0.0385,0.0464,6.1231,0.0002,SVC,0.8369357345145427,0.8388699551569316,0.8359959698824161,0.8380953660641646,0.8383581816896453,0.8380529812889,0.8381420372848503,0.8367469056992469,0.8377517561167411
bank,duration,3074.0,0.4473,0.3655,4.0,2456.0,264.9264,181.0,266.096,2.6954,10.3714,97.0,227.0,0.0044,0.0154,0.0219,0.0266,0.0279,0.0338,6.1723,0.0002,DecisionTree,0.8463898884346508,0.8451721912613925,0.8397274994636543,0.8477218322776475,0.8458261765008106,0.8436100261558728,0.8481632425206047,0.8451755446568978,0.8501090403048397
bank,duration,3074.0,0.4473,0.3655,4.0,2456.0,264.9264,181.0,266.096,2.6954,10.3714,97.0,227.0,0.0044,0.0154,0.0219,0.0266,0.0279,0.0338,6.1723,0.0002,LogisticRegression,0.8472679200185962,0.8393383191681619,0.8415073468426801,0.8470052906701211,0.8464861014192534,0.8482680286893505,0.8466198233236055,0.8417079448579364,0.845238234523213
bank,duration,3074.0,0.4473,0.3655,4.0,2456.0,264.9264,181.0,266.096,2.6954,10.3714,97.0,227.0,0.0044,0.0154,0.0219,0.0266,0.0279,0.0338,6.1723,0.0002,KNN,0.8456547540033452,0.8434801672685417,0.8476613913967828,0.8463500426168518,0.8471277912054527,0.8465386957475554,0.8446750100129916,0.8429379328600028,0.8449422323868501
bank,duration,3074.0,0.4473,0.3655,4.0,2456.0,264.9264,181.0,266.096,2.6954,10.3714,97.0,227.0,0.0044,0.0154,0.0219,0.0266,0.0279,0.0338,6.1723,0.0002,RandomForest,0.8478377521064516,0.8438102661773219,0.848584830297336,0.8484004302281621,0.8483897208315467,0.8452779036820957,0.8301511008719414,0.8342226690813135,0.8464743637615423
bank,duration,3074.0,0.4473,0.3655,4.0,2456.0,264.9264,181.0,266.096,2.6954,10.3714,97.0,227.0,0.0044,0.0154,0.0219,0.0266,0.0279,0.0338,6.1723,0.0002,AdaBoost,0.850349940323244,0.8478341881394243,0.8432938125405305,0.8485513426098534,0.8486937534646686,0.8514417993705469,0.8504570064135555,0.8421025068704393,0.8491436588670612
bank,duration,3074.0,0.4473,0.3655,4.0,2456.0,264.9264,181.0,266.096,2.6954,10.3714,97.0,227.0,0.0044,0.0154,0.0219,0.0266,0.0279,0.0338,6.1723,0.0002,SVC,0.841116999026364,0.8411213652702659,0.8403590796735372,0.8406843679309077,0.8401128966948859,0.8412876021927733,0.839839588086577,0.840001866972448,0.8413984891361911
bank,duration,3074.0,0.4183,0.3579,5.0,3025.0,270.1616,190.5,261.8812,2.707,12.5522,100.0,229.25,0.021,0.0238,0.0489,0.0517,0.0623,0.0655,6.1966,0.0002,DecisionTree,0.8446227652798463,0.8508814806204024,0.8592418985862369,0.8486256108404949,0.8493318027805329,0.8447384271116619,0.8432930360266341,0.8521599376669935,0.851647715603564
bank,duration,3074.0,0.4183,0.3579,5.0,3025.0,270.1616,190.5,261.8812,2.707,12.5522,100.0,229.25,0.021,0.0238,0.0489,0.0517,0.0623,0.0655,6.1966,0.0002,LogisticRegression,0.8454016886176915,0.8408891370128859,0.8410532694657004,0.8434345678517026,0.8447356257218975,0.845023734499346,0.8434000458349322,0.8419462144983336,0.8431693522766098
bank,duration,3074.0,0.4183,0.3579,5.0,3025.0,270.1616,190.5,261.8812,2.707,12.5522,100.0,229.25,0.021,0.0238,0.0489,0.0517,0.0623,0.0655,6.1966,0.0002,KNN,0.8544323697851931,0.8547025481200361,0.8529800120090956,0.853799445539329,0.853024718839188,0.8550316297734604,0.8527179848113969,0.8549475229562097,0.8533006659483504
bank,duration,3074.0,0.4183,0.3579,5.0,3025.0,270.1616,190.5,261.8812,2.707,12.5522,100.0,229.25,0.021,0.0238,0.0489,0.0517,0.0623,0.0655,6.1966,0.0002,RandomForest,0.8538419733740379,0.8590407778890257,0.8553137808391694,0.8556381410415623,0.8553179398356637,0.8528963427873288,0.8418556415681366,0.8462503607389247,0.8587043561122673
bank,duration,3074.0,0.4183,0.3579,5.0,3025.0,270.1616,190.5,261.8812,2.707,12.5522,100.0,229.25,0.021,0.0238,0.0489,0.0517,0.0623,0.0655,6.1966,0.0002,AdaBoost,0.8468378170801999,0.850456525497419,0.8478534428686884,0.8487910136984165,0.8505747757139765,0.8490697090869027,0.8502428034205148,0.843110823550451,0.8544556054184899
bank,duration,3074.0,0.4183,0.3579,5.0,3025.0,270.1616,190.5,261.8812,2.707,12.5522,100.0,229.25,0.021,0.0238,0.0489,0.0517,0.0623,0.0655,6.1966,0.0002,SVC,0.8456657708198944,0.8508234401382719,0.849642553722573,0.8462749003662048,0.844686299050806,0.8468666945243495,0.8448957041840305,0.849660676887024,0.8454040371400341
bank,duration,3074.0,0.3455,0.328,4.0,3025.0,265.7361,184.5,269.7429,3.1633,16.4847,95.5,226.0,0.0095,0.0118,0.0205,0.0226,0.026,0.0287,6.2037,0.0002,DecisionTree,0.8556356531844451,0.8457995852618805,0.8578687698525668,0.8603465115475941,0.8642406658565926,0.8528126807233063,0.856633727634563,0.847001139467374,0.8507334238298279
bank,duration,3074.0,0.3455,0.328,4.0,3025.0,265.7361,184.5,269.7429,3.1633,16.4847,95.5,226.0,0.0095,0.0118,0.0205,0.0226,0.026,0.0287,6.2037,0.0002,LogisticRegression,0.8504426031921798,0.8473463391266063,0.850033591192461,0.8518125511566754,0.8520119177292107,0.8506859670929807,0.851717268569781,0.8492383159249315,0.847124716429012
bank,duration,3074.0,0.3455,0.328,4.0,3025.0,265.7361,184.5,269.7429,3.1633,16.4847,95.5,226.0,0.0095,0.0118,0.0205,0.0226,0.026,0.0287,6.2037,0.0002,KNN,0.8519841408877623,0.8499498025148885,0.8528106090600791,0.8524932384937929,0.8522220895593102,0.8520558698802171,0.8543109220455627,0.846042025007848,0.8515876656009832
bank,duration,3074.0,0.3455,0.328,4.0,3025.0,265.7361,184.5,269.7429,3.1633,16.4847,95.5,226.0,0.0095,0.0118,0.0205,0.0226,0.026,0.0287,6.2037,0.0002,RandomForest,0.8533349994513726,0.8520365583241845,0.8541562448318946,0.852535549020605,0.8546079428013666,0.8558947638502958,0.8509374327890195,0.8461719249124832,0.8524215323334856
bank,duration,3074.0,0.3455,0.328,4.0,3025.0,265.7361,184.5,269.7429,3.1633,16.4847,95.5,226.0,0.0095,0.0118,0.0205,0.0226,0.026,0.0287,6.2037,0.0002,AdaBoost,0.8523251540328023,0.852020426533017,0.8509273532942951,0.8515935555511234,0.8508567899295053,0.8527777906662539,0.849518934143789,0.8482797206970014,0.8492257982143026
bank,duration,3074.0,0.3455,0.328,4.0,3025.0,265.7361,184.5,269.7429,3.1633,16.4847,95.5,226.0,0.0095,0.0118,0.0205,0.0226,0.026,0.0287,6.2037,0.0002,SVC,0.8461990787928012,0.8406739901489243,0.8451932761228337,0.8470823114513258,0.8476771868775645,0.846674017232971,0.8455598244533351,0.84429578677505,0.845688245615748
bank,duration,3074.0,0.3087,0.3228,5.0,3025.0,270.8151,186.0,268.1253,2.7719,12.4973,99.0,230.0,0.0049,0.0146,0.0313,0.0351,0.04,0.0444,6.2305,0.0001,DecisionTree,0.8598073471003714,0.8531522598381357,0.8662730445441362,0.8682130488495966,0.8660564278814696,0.856509723676775,0.8610547983615896,0.8543411217350767,0.8537641671550947
bank,duration,3074.0,0.3087,0.3228,5.0,3025.0,270.8151,186.0,268.1253,2.7719,12.4973,99.0,230.0,0.0049,0.0146,0.0313,0.0351,0.04,0.0444,6.2305,0.0001,LogisticRegression,0.848626495927487,0.8451379891160069,0.8478077292558066,0.8483976966740138,0.8487352567331321,0.8479918229031412,0.8482394139777291,0.8466643301439976,0.8467900130453854
bank,duration,3074.0,0.3087,0.3228,5.0,3025.0,270.8151,186.0,268.1253,2.7719,12.4973,99.0,230.0,0.0049,0.0146,0.0313,0.0351,0.04,0.0444,6.2305,0.0001,KNN,0.8528552876264137,0.8506012854976673,0.8546253223591751,0.8564440402238348,0.8522498246035659,0.8534368164550825,0.8510208991117794,0.8525578917378032,0.8546676430883343
bank,duration,3074.0,0.3087,0.3228,5.0,3025.0,270.8151,186.0,268.1253,2.7719,12.4973,99.0,230.0,0.0049,0.0146,0.0313,0.0351,0.04,0.0444,6.2305,0.0001,RandomForest,0.8584255102330048,0.8520801962713213,0.8610803884468273,0.859895999050416,0.8606585203676793,0.8576529216748043,0.8458843209771385,0.8448441272181715,0.8601880450777838
bank,duration,3074.0,0.3087,0.3228,5.0,3025.0,270.8151,186.0,268.1253,2.7719,12.4973,99.0,230.0,0.0049,0.0146,0.0313,0.0351,0.04,0.0444,6.2305,0.0001,AdaBoost,0.8554748071182225,0.8534055366677268,0.8537444154979981,0.854029013634204,0.8553430981696493,0.8539587190194552,0.8536440237184807,0.8513989756080693,0.8501714818822275
bank,duration,3074.0,0.3087,0.3228,5.0,3025.0,270.8151,186.0,268.1253,2.7719,12.4973,99.0,230.0,0.0049,0.0146,0.0313,0.0351,0.04,0.0444,6.2305,0.0001,SVC,0.8506045645893143,0.8458564504402617,0.8490526894191811,0.8482213903043024,0.8478366072766811,0.8492920050010028,0.8494340467289972,0.8462453523183566,0.8511352167900567
bank,duration,3074.0,0.2372,0.3028,5.0,3025.0,270.6682,186.0,274.8367,3.0253,14.9279,96.0,227.0,0.0125,0.0288,0.0325,0.0364,0.0412,0.0463,6.2601,0.0001,DecisionTree,0.8527945412613178,0.8568488381982462,0.8510797710130478,0.8525703605935095,0.8585901148898631,0.851170401359761,0.8532113703135157,0.8573382580009994,0.8596395909806241
bank,duration,3074.0,0.2372,0.3028,5.0,3025.0,270.6682,186.0,274.8367,3.0253,14.9279,96.0,227.0,0.0125,0.0288,0.0325,0.0364,0.0412,0.0463,6.2601,0.0001,LogisticRegression,0.8531870137215358,0.8448074483419181,0.8506767372979117,0.8529817969168059,0.8539564435634606,0.8514612789056101,0.8527269908947585,0.8472855607128376,0.8504168066724769
bank,duration,3074.0,0.2372,0.3028,5.0,3025.0,270.6682,186.0,274.8367,3.0253,14.9279,96.0,227.0,0.0125,0.0288,0.0325,0.0364,0.0412,0.0463,6.2601,0.0001,KNN,0.8533114285436467,0.8507025297486588,0.8510226560236698,0.8522255156894167,0.8534878207667107,0.8540486811881426,0.856757232744041,0.8506859596976599,0.8515443879610067
bank,duration,3074.0,0.2372,0.3028,5.0,3025.0,270.6682,186.0,274.8367,3.0253,14.9279,96.0,227.0,0.0125,0.0288,0.0325,0.0364,0.0412,0.0463,6.2601,0.0001,RandomForest,0.8579016969524447,0.8613054225236706,0.8569709099202472,0.8587416383550349,0.8614704970120343,0.8605050468103357,0.8546918007733878,0.8528481928705978,0.8587312334528081
bank,duration,3074.0,0.2372,0.3028,5.0,3025.0,270.6682,186.0,274.8367,3.0253,14.9279,96.0,227.0,0.0125,0.0288,0.0325,0.0364,0.0412,0.0463,6.2601,0.0001,AdaBoost,0.8617462357960407,0.8607763304479695,0.8614748021833727,0.8631576961179299,0.8631511684224791,0.8574916776870118,0.859375248969762,0.853917295700569,0.8617759589549727
bank,duration,3074.0,0.2372,0.3028,5.0,3025.0,270.6682,186.0,274.8367,3.0253,14.9279,96.0,227.0,0.0125,0.0288,0.0325,0.0364,0.0412,0.0463,6.2601,0.0001,SVC,0.8466908923012524,0.8418593970647035,0.8458157520063306,0.8465405704272728,0.8441946337696817,0.8449488105942389,0.8455240332685,0.8408615953857466,0.8465892053852997
bank,duration,3074.0,0.1997,0.2915,5.0,3025.0,269.5467,187.0,273.9668,2.9941,14.5578,98.5,227.25,0.0079,0.0252,0.0276,0.0322,0.0353,0.0409,6.2676,0.0001,DecisionTree,0.8617568361809242,0.8548476564727281,0.8540494345871622,0.8601656496708836,0.8615183733001313,0.8610436962015133,0.8623076759138916,0.8546031768914117,0.8603211174009225
bank,duration,3074.0,0.1997,0.2915,5.0,3025.0,269.5467,187.0,273.9668,2.9941,14.5578,98.5,227.25,0.0079,0.0252,0.0276,0.0322,0.0353,0.0409,6.2676,0.0001,LogisticRegression,0.8510607899825605,0.8425884750988498,0.8462541917778617,0.8519600835045427,0.8504110065379966,0.851055789317414,0.8515309120692581,0.8469941447356528,0.8497564179451311
bank,duration,3074.0,0.1997,0.2915,5.0,3025.0,269.5467,187.0,273.9668,2.9941,14.5578,98.5,227.25,0.0079,0.0252,0.0276,0.0322,0.0353,0.0409,6.2676,0.0001,KNN,0.8559753330201698,0.8542489997028396,0.8590889506168304,0.8559305619624653,0.8552553977174175,0.8559242409296265,0.855349466518813,0.8565526062629837,0.8563289443375673
bank,duration,3074.0,0.1997,0.2915,5.0,3025.0,269.5467,187.0,273.9668,2.9941,14.5578,98.5,227.25,0.0079,0.0252,0.0276,0.0322,0.0353,0.0409,6.2676,0.0001,RandomForest,0.8622208243303005,0.8626053618645221,0.8624892585142836,0.8595758739717843,0.8619397152633285,0.8555802553080275,0.8553747431914833,0.8471393249910757,0.8586144582458513
bank,duration,3074.0,0.1997,0.2915,5.0,3025.0,269.5467,187.0,273.9668,2.9941,14.5578,98.5,227.25,0.0079,0.0252,0.0276,0.0322,0.0353,0.0409,6.2676,0.0001,AdaBoost,0.8552430896425661,0.8471216784381728,0.8510363266897546,0.8555097378214144,0.850467685340175,0.8539335941315978,0.8533809944035478,0.8476986096184715,0.8499431190957316
bank,duration,3074.0,0.1997,0.2915,5.0,3025.0,269.5467,187.0,273.9668,2.9941,14.5578,98.5,227.25,0.0079,0.0252,0.0276,0.0322,0.0353,0.0409,6.2676,0.0001,SVC,0.8489183783671671,0.8434888081173867,0.8471988482276431,0.8491111456881406,0.8464667613596482,0.8479604731423485,0.8485440975028564,0.8454438929528107,0.8470256830965981
bank,duration,3074.0,0.1496,0.2819,5.0,3025.0,266.8409,185.0,266.9104,2.8535,12.9505,97.0,222.0,0.0171,0.0358,0.0407,0.0444,0.052,0.0564,6.2746,0.0001,DecisionTree,0.8667317685452369,0.8674823519247502,0.8709198263515945,0.8667465686018998,0.8658699670800178,0.866554658888071,0.8673614385890404,0.864493611219997,0.8674639765664767
bank,duration,3074.0,0.1496,0.2819,5.0,3025.0,266.8409,185.0,266.9104,2.8535,12.9505,97.0,222.0,0.0171,0.0358,0.0407,0.0444,0.052,0.0564,6.2746,0.0001,LogisticRegression,0.8508929118245895,0.8473864264853108,0.848645043673806,0.8499826361886142,0.8493100450996738,0.8506133421134481,0.8497475969940402,0.8490855309970035,0.8498680388513804
bank,duration,3074.0,0.1496,0.2819,5.0,3025.0,266.8409,185.0,266.9104,2.8535,12.9505,97.0,222.0,0.0171,0.0358,0.0407,0.0444,0.052,0.0564,6.2746,0.0001,KNN,0.8560330062811208,0.8552612097708157,0.8572643550431219,0.8557837083496964,0.8555761589754376,0.856413228136349,0.8551208686933558,0.8556640588362662,0.8573112310038897
bank,duration,3074.0,0.1496,0.2819,5.0,3025.0,266.8409,185.0,266.9104,2.8535,12.9505,97.0,222.0,0.0171,0.0358,0.0407,0.0444,0.052,0.0564,6.2746,0.0001,RandomForest,0.8697573513771512,0.8644154062825142,0.8727740727871246,0.8664260827757311,0.8674966810882566,0.8657357271052495,0.8631160721246001,0.8632971150257128,0.8651239818494911
bank,duration,3074.0,0.1496,0.2819,5.0,3025.0,266.8409,185.0,266.9104,2.8535,12.9505,97.0,222.0,0.0171,0.0358,0.0407,0.0444,0.052,0.0564,6.2746,0.0001,AdaBoost,0.8593066868148025,0.8607287519055464,0.858317538084655,0.8595368949192568,0.8595788852037721,0.8571197752889403,0.857603919404764,0.8582756438688188,0.8602275233144416
bank,duration,3074.0,0.1496,0.2819,5.0,3025.0,266.8409,185.0,266.9104,2.8535,12.9505,97.0,222.0,0.0171,0.0358,0.0407,0.0444,0.052,0.0564,6.2746,0.0001,SVC,0.8528436477612946,0.8543386230242737,0.8526711939415386,0.8524452456417282,0.8521922467649552,0.8517975421555775,0.8518196237023924,0.8526499389545856,0.852955789707893
bank,duration,3074.0,0.1083,0.2725,4.0,2769.0,268.2977,185.0,263.245,2.627,10.6234,97.0,226.0,0.0184,0.0247,0.0336,0.0359,0.0428,0.0455,6.2831,0.0001,DecisionTree,0.8633793543254775,0.855314682783648,0.862335339393855,0.8622718547636778,0.8611780984552548,0.8610847780560571,0.8631518269983598,0.858393654698281,0.8561947505590405
bank,duration,3074.0,0.1083,0.2725,4.0,2769.0,268.2977,185.0,263.245,2.627,10.6234,97.0,226.0,0.0184,0.0247,0.0336,0.0359,0.0428,0.0455,6.2831,0.0001,LogisticRegression,0.8507055574097577,0.851529271786253,0.8490190677581045,0.8513434308401473,0.8501757994315303,0.8514034128375038,0.8528571299400034,0.8508536493277192,0.8513419112697085
bank,duration,3074.0,0.1083,0.2725,4.0,2769.0,268.2977,185.0,263.245,2.627,10.6234,97.0,226.0,0.0184,0.0247,0.0336,0.0359,0.0428,0.0455,6.2831,0.0001,KNN,0.8594121701376125,0.8597416874166314,0.8596955892008991,0.8592024208003317,0.8574616831865052,0.8578751915335792,0.8565319481834306,0.8601272374719853,0.8566282080766825
bank,duration,3074.0,0.1083,0.2725,4.0,2769.0,268.2977,185.0,263.245,2.627,10.6234,97.0,226.0,0.0184,0.0247,0.0336,0.0359,0.0428,0.0455,6.2831,0.0001,RandomForest,0.8657448691444051,0.8631615824516309,0.8688628890467613,0.8667796564906705,0.8654190710219667,0.864314905903889,0.8669899029556737,0.8615597063741859,0.8675332268356521
bank,duration,3074.0,0.1083,0.2725,4.0,2769.0,268.2977,185.0,263.245,2.627,10.6234,97.0,226.0,0.0184,0.0247,0.0336,0.0359,0.0428,0.0455,6.2831,0.0001,AdaBoost,0.8542792526103201,0.8567577203420398,0.8572016419610947,0.85536082805353,0.8570103610007382,0.8586951774445547,0.8553285444527134,0.8548281299556427,0.8583073679497317
bank,duration,3074.0,0.1083,0.2725,4.0,2769.0,268.2977,185.0,263.245,2.627,10.6234,97.0,226.0,0.0184,0.0247,0.0336,0.0359,0.0428,0.0455,6.2831,0.0001,SVC,0.853644727976168,0.8514935988437657,0.8538648265596085,0.853644727976168,0.8530000661032103,0.8544858374568105,0.8538690833393957,0.8487851691739068,0.8538534519457314
bank,duration,3074.0,0.0485,0.2591,4.0,3025.0,266.7798,185.0,264.3468,2.8176,12.7605,97.0,225.0,0.0012,0.0274,0.0272,0.0322,0.0347,0.0408,6.2891,0.0001,DecisionTree,0.8626455108059505,0.8688165919516794,0.8598378769193905,0.863071681225868,0.8630728148305666,0.8640409143920602,0.8637228089406896,0.8668981558391302,0.8678380240884339
bank,duration,3074.0,0.0485,0.2591,4.0,3025.0,266.7798,185.0,264.3468,2.8176,12.7605,97.0,225.0,0.0012,0.0274,0.0272,0.0322,0.0347,0.0408,6.2891,0.0001,LogisticRegression,0.8531851894756003,0.8526787446552148,0.8536644215140682,0.8531851894756003,0.8531851894756003,0.8531851894756003,0.8531851894756003,0.8531157348807508,0.8531851894756003
bank,duration,3074.0,0.0485,0.2591,4.0,3025.0,266.7798,185.0,264.3468,2.8176,12.7605,97.0,225.0,0.0012,0.0274,0.0272,0.0322,0.0347,0.0408,6.2891,0.0001,KNN,0.8602120985696304,0.8577942120452104,0.8588673216857035,0.8602120985696304,0.8606636106625004,0.8617134648386747,0.8617418983631248,0.855204016946989,0.8612646747955891
bank,duration,3074.0,0.0485,0.2591,4.0,3025.0,266.7798,185.0,264.3468,2.8176,12.7605,97.0,225.0,0.0012,0.0274,0.0272,0.0322,0.0347,0.0408,6.2891,0.0001,RandomForest,0.8683038420876502,0.8669302250765462,0.8683435076506204,0.8668421605667163,0.8650274657970745,0.866466597860996,0.8624342195145547,0.8619194963920875,0.8698480006379664
bank,duration,3074.0,0.0485,0.2591,4.0,3025.0,266.7798,185.0,264.3468,2.8176,12.7605,97.0,225.0,0.0012,0.0274,0.0272,0.0322,0.0347,0.0408,6.2891,0.0001,AdaBoost,0.8618076461773164,0.8628093741211296,0.8618207162796756,0.8607718425678167,0.8595494119565293,0.8635703853090512,0.8628522022487656,0.8596720371034572,0.8634160278949123
bank,duration,3074.0,0.0485,0.2591,4.0,3025.0,266.7798,185.0,264.3468,2.8176,12.7605,97.0,225.0,0.0012,0.0274,0.0272,0.0322,0.0347,0.0408,6.2891,0.0001,SVC,0.8488795441954707,0.8467555247482188,0.8476349731536604,0.8470735009673587,0.8477997372257831,0.8478052149273223,0.8488855098497838,0.8471556033150749,0.8477997372257831
bank,pdays,3074.0,0.4993,0.1059,-1.0,871.0,35.321,-1.0,93.875,2.862,8.9997,0.0,0.0,0.0085,0.6188,0.0217,0.9175,0.0275,0.9892,1.2759,0.0034,DecisionTree,0.8678615509228595,0.865713713154427,0.8696057413307874,0.8722348526710797,0.865803742359867,0.8736536146879395,0.8668854110449652,0.8672567419202248,0.8690969218638158
bank,pdays,3074.0,0.4993,0.1059,-1.0,871.0,35.321,-1.0,93.875,2.862,8.9997,0.0,0.0,0.0085,0.6188,0.0217,0.9175,0.0275,0.9892,1.2759,0.0034,LogisticRegression,0.8563703919638788,0.855966622788179,0.8566825899281497,0.8569773316619558,0.8555480800011511,0.8569779781169888,0.8555103701408335,0.8557145609444963,0.8560703220397422
bank,pdays,3074.0,0.4993,0.1059,-1.0,871.0,35.321,-1.0,93.875,2.862,8.9997,0.0,0.0,0.0085,0.6188,0.0217,0.9175,0.0275,0.9892,1.2759,0.0034,KNN,0.8609797328477158,0.860338299101174,0.8618273555100612,0.8596992590956628,0.8584153544993994,0.8607097723063051,0.8577765492898826,0.8590865599465008,0.8588413938959808
bank,pdays,3074.0,0.4993,0.1059,-1.0,871.0,35.321,-1.0,93.875,2.862,8.9997,0.0,0.0,0.0085,0.6188,0.0217,0.9175,0.0275,0.9892,1.2759,0.0034,RandomForest,0.8697183465681851,0.8653440686901726,0.8689469184870147,0.8648043268935377,0.8639072421006938,0.8682149330584821,0.8695106038870106,0.872434045689695,0.8617957027233791
bank,pdays,3074.0,0.4993,0.1059,-1.0,871.0,35.321,-1.0,93.875,2.862,8.9997,0.0,0.0,0.0085,0.6188,0.0217,0.9175,0.0275,0.9892,1.2759,0.0034,AdaBoost,0.8680505238304992,0.870674656188434,0.865094186677478,0.8703257153995952,0.8713041230873866,0.8625671270464178,0.8693164985253309,0.8660290533314647,0.8689031498897726
bank,pdays,3074.0,0.4993,0.1059,-1.0,871.0,35.321,-1.0,93.875,2.862,8.9997,0.0,0.0,0.0085,0.6188,0.0217,0.9175,0.0275,0.9892,1.2759,0.0034,SVC,0.8578252455375623,0.8601356948725997,0.8576683369646948,0.8576934379722819,0.8597366145120432,0.8552303676550698,0.8592856456871971,0.8570024215185018,0.8552491824528716
bank,pdays,3074.0,0.4444,0.1107,-1.0,683.0,40.7998,-1.0,99.6758,2.4988,5.7638,0.0,0.0,0.02,0.6076,0.0134,0.9001,0.0174,0.985,1.4225,0.0025,DecisionTree,0.8700524946845867,0.8733155835213159,0.8701615823711538,0.8697312202518162,0.8714641813239729,0.8640384608306764,0.8696488998181031,0.8707048190089979,0.863745109838343
bank,pdays,3074.0,0.4444,0.1107,-1.0,683.0,40.7998,-1.0,99.6758,2.4988,5.7638,0.0,0.0,0.02,0.6076,0.0134,0.9001,0.0174,0.985,1.4225,0.0025,LogisticRegression,0.8557033087530765,0.8559043077862916,0.8558137048378303,0.8573971967579626,0.8578488141837936,0.8572357278157595,0.8552962219953835,0.8565582298573117,0.857817209850028
bank,pdays,3074.0,0.4444,0.1107,-1.0,683.0,40.7998,-1.0,99.6758,2.4988,5.7638,0.0,0.0,0.02,0.6076,0.0134,0.9001,0.0174,0.985,1.4225,0.0025,KNN,0.8572879663314246,0.8615698659806331,0.8579135151324411,0.8578070629724122,0.8599751523505561,0.8595299040121323,0.8599821234741436,0.8607024769554885,0.8586201527937921
bank,pdays,3074.0,0.4444,0.1107,-1.0,683.0,40.7998,-1.0,99.6758,2.4988,5.7638,0.0,0.0,0.02,0.6076,0.0134,0.9001,0.0174,0.985,1.4225,0.0025,RandomForest,0.8606108815650398,0.8639823592953063,0.8654584530731675,0.8649156363173598,0.8630894833519367,0.859467605368011,0.866841043562786,0.864704945233552,0.8590060437858218
bank,pdays,3074.0,0.4444,0.1107,-1.0,683.0,40.7998,-1.0,99.6758,2.4988,5.7638,0.0,0.0,0.02,0.6076,0.0134,0.9001,0.0174,0.985,1.4225,0.0025,AdaBoost,0.8655543042110376,0.8635527371182083,0.8651378536838862,0.8702941574408197,0.8666730747636193,0.8652749798541981,0.864678765884782,0.8648016265291847,0.8603374574298702
bank,pdays,3074.0,0.4444,0.1107,-1.0,683.0,40.7998,-1.0,99.6758,2.4988,5.7638,0.0,0.0,0.02,0.6076,0.0134,0.9001,0.0174,0.985,1.4225,0.0025,SVC,0.8587165096887719,0.8593425259520019,0.8552175225745183,0.8578952746546512,0.8564601435430967,0.856485422738503,0.8587049893078262,0.8565738546480848,0.8558682822755175
bank,pdays,3074.0,0.4128,0.103,-1.0,804.0,38.0792,-1.0,96.8953,2.7466,8.0411,0.0,0.0,0.0193,0.5831,0.0289,0.9044,0.0369,0.9862,1.3678,0.0026,DecisionTree,0.8709242371954741,0.8674898668135576,0.8692575856714603,0.8654314015581782,0.8693141319492895,0.867830088205638,0.8662936221896651,0.8684911625180373,0.8684984676446192
bank,pdays,3074.0,0.4128,0.103,-1.0,804.0,38.0792,-1.0,96.8953,2.7466,8.0411,0.0,0.0,0.0193,0.5831,0.0289,0.9044,0.0369,0.9862,1.3678,0.0026,LogisticRegression,0.855957167522597,0.8563663030212565,0.8558409578098696,0.8565207770388477,0.8565207770388477,0.8566042560385922,0.8567680889596968,0.8559114108301679,0.8562044833661362
bank,pdays,3074.0,0.4128,0.103,-1.0,804.0,38.0792,-1.0,96.8953,2.7466,8.0411,0.0,0.0,0.0193,0.5831,0.0289,0.9044,0.0369,0.9862,1.3678,0.0026,KNN,0.8585109119454294,0.8589648722679111,0.85792546667286,0.8606725413573555,0.8608471356068176,0.8633564759390868,0.8578351857461616,0.8584852284898304,0.8629682034438582
bank,pdays,3074.0,0.4128,0.103,-1.0,804.0,38.0792,-1.0,96.8953,2.7466,8.0411,0.0,0.0,0.0193,0.5831,0.0289,0.9044,0.0369,0.9862,1.3678,0.0026,RandomForest,0.8667300994514682,0.8671760788035398,0.8682250270527735,0.8684837449917309,0.8652994527189146,0.8675732436172086,0.8713330280725677,0.8676930327410142,0.866308984115581
bank,pdays,3074.0,0.4128,0.103,-1.0,804.0,38.0792,-1.0,96.8953,2.7466,8.0411,0.0,0.0,0.0193,0.5831,0.0289,0.9044,0.0369,0.9862,1.3678,0.0026,AdaBoost,0.866574369179772,0.8626958788847326,0.8627165759443585,0.8651935898984058,0.8674361623836431,0.8623182419551323,0.8627545497100224,0.8627794267575192,0.8647157852443892
bank,pdays,3074.0,0.4128,0.103,-1.0,804.0,38.0792,-1.0,96.8953,2.7466,8.0411,0.0,0.0,0.0193,0.5831,0.0289,0.9044,0.0369,0.9862,1.3678,0.0026,SVC,0.8540830386794498,0.8547368264130888,0.8530330038968572,0.8560081664318575,0.8539328408504965,0.8514043843683845,0.8546919981367356,0.853650529057703,0.8532724279576083
bank,pdays,3074.0,0.3471,0.1036,-1.0,871.0,41.7294,-1.0,103.2405,2.7082,8.1301,0.0,0.0,0.0161,0.6052,0.0364,0.9009,0.0464,0.9849,1.4569,0.0021,DecisionTree,0.8695636093015898,0.8690978311340661,0.8690500223931343,0.8728694597145668,0.8696337818661736,0.8728785972667439,0.8703575443495891,0.8704072420512621,0.871935073250149
bank,pdays,3074.0,0.3471,0.1036,-1.0,871.0,41.7294,-1.0,103.2405,2.7082,8.1301,0.0,0.0,0.0161,0.6052,0.0364,0.9009,0.0464,0.9849,1.4569,0.0021,LogisticRegression,0.8558103387358832,0.8562742650016212,0.8553442475129527,0.8557683361881442,0.8557683361881442,0.8550111572875735,0.8554466896001565,0.8558681398999146,0.8562961935731451
bank,pdays,3074.0,0.3471,0.1036,-1.0,871.0,41.7294,-1.0,103.2405,2.7082,8.1301,0.0,0.0,0.0161,0.6052,0.0364,0.9009,0.0464,0.9849,1.4569,0.0021,KNN,0.8586800277550564,0.8590855277062379,0.8607980915958133,0.8605617628922545,0.8601325992334949,0.8586213588479193,0.8555334434829639,0.8609870251723734,0.861744260958789
bank,pdays,3074.0,0.3471,0.1036,-1.0,871.0,41.7294,-1.0,103.2405,2.7082,8.1301,0.0,0.0,0.0161,0.6052,0.0364,0.9009,0.0464,0.9849,1.4569,0.0021,RandomForest,0.8619478826509972,0.868936040470146,0.8661885310557814,0.8689848297561863,0.8678532105267426,0.8636160616009881,0.8626869151182578,0.8680748889554781,0.8667601738424162
bank,pdays,3074.0,0.3471,0.1036,-1.0,871.0,41.7294,-1.0,103.2405,2.7082,8.1301,0.0,0.0,0.0161,0.6052,0.0364,0.9009,0.0464,0.9849,1.4569,0.0021,AdaBoost,0.8685079848463038,0.8663950874050669,0.8718332491925832,0.8696077032295543,0.8669229134521845,0.8622291953392079,0.867982593135955,0.8635216012001734,0.8651112157385688
bank,pdays,3074.0,0.3471,0.1036,-1.0,871.0,41.7294,-1.0,103.2405,2.7082,8.1301,0.0,0.0,0.0161,0.6052,0.0364,0.9009,0.0464,0.9849,1.4569,0.0021,SVC,0.855392038470902,0.8549456110740076,0.8563768202195838,0.8548952936658006,0.8553382656774359,0.8543661380634877,0.8526127303921512,0.8551220800713296,0.8570016045725809
bank,pdays,3074.0,0.3058,0.0961,-1.0,871.0,38.8468,-1.0,98.7839,2.7331,8.0262,0.0,0.0,0.0167,0.619,0.0395,0.9118,0.0501,0.9876,1.37,0.0022,DecisionTree,0.867596145759095,0.8664947286473443,0.8656829222730279,0.8662722799114708,0.8681088479378501,0.8673241330817734,0.86855154409783,0.8677942628417171,0.8717950404762376
bank,pdays,3074.0,0.3058,0.0961,-1.0,871.0,38.8468,-1.0,98.7839,2.7331,8.0262,0.0,0.0,0.0167,0.619,0.0395,0.9118,0.0501,0.9876,1.37,0.0022,LogisticRegression,0.8570058852623305,0.8570066059285181,0.8559996755799696,0.856508055999424,0.856713473361627,0.8565219373608516,0.8563814292800795,0.8563150759381569,0.8569779781169888
bank,pdays,3074.0,0.3058,0.0961,-1.0,871.0,38.8468,-1.0,98.7839,2.7331,8.0262,0.0,0.0,0.0167,0.619,0.0395,0.9118,0.0501,0.9876,1.37,0.0022,KNN,0.858935087777537,0.8616974851565664,0.8614413529724293,0.8605783897159526,0.8605590373525681,0.862507079759711,0.8578042356696394,0.8584756858517414,0.8618550177727032
bank,pdays,3074.0,0.3058,0.0961,-1.0,871.0,38.8468,-1.0,98.7839,2.7331,8.0262,0.0,0.0,0.0167,0.619,0.0395,0.9118,0.0501,0.9876,1.37,0.0022,RandomForest,0.864270704756501,0.8634511102092537,0.8581953409656622,0.863810577636114,0.8633263976193091,0.8608729755909756,0.8587761140889411,0.8623032023030438,0.8598192363919812
bank,pdays,3074.0,0.3058,0.0961,-1.0,871.0,38.8468,-1.0,98.7839,2.7331,8.0262,0.0,0.0,0.0167,0.619,0.0395,0.9118,0.0501,0.9876,1.37,0.0022,AdaBoost,0.8676170859075936,0.8638782984628547,0.8629881097710106,0.8643812447371975,0.87191680546895,0.8654128840647366,0.8652617165048445,0.8661170208279099,0.8679231107033877
bank,pdays,3074.0,0.3058,0.0961,-1.0,871.0,38.8468,-1.0,98.7839,2.7331,8.0262,0.0,0.0,0.0167,0.619,0.0395,0.9118,0.0501,0.9876,1.37,0.0022,SVC,0.8560008170810552,0.8555797318041016,0.8560132326473343,0.8543804562193273,0.8558452883582386,0.8545213083548774,0.8563448861743821,0.8565572125749193,0.8545410037453693
bank,pdays,3074.0,0.2482,0.0982,-1.0,871.0,39.4011,-1.0,98.7716,2.7413,8.3526,0.0,0.0,0.0019,0.6037,0.0363,0.9022,0.0463,0.9854,1.4239,0.0018,DecisionTree,0.8680071640137007,0.8640128368219585,0.865397245175284,0.8653798948403986,0.868392409491801,0.8678880545885317,0.8675737343846301,0.8658580901393652,0.8708748794589869
bank,pdays,3074.0,0.2482,0.0982,-1.0,871.0,39.4011,-1.0,98.7716,2.7413,8.3526,0.0,0.0,0.0019,0.6037,0.0363,0.9022,0.0463,0.9854,1.4239,0.0018,LogisticRegression,0.8571729942182069,0.857838464415699,0.856713473361627,0.8562647284017988,0.8562647284017988,0.8564856700261857,0.8553933719362579,0.8560220384143932,0.8562778596647669
bank,pdays,3074.0,0.2482,0.0982,-1.0,871.0,39.4011,-1.0,98.7716,2.7413,8.3526,0.0,0.0,0.0019,0.6037,0.0363,0.9022,0.0463,0.9854,1.4239,0.0018,KNN,0.86217215329461,0.8625385744557311,0.861398468922099,0.8599743978030634,0.8598745488728381,0.8618731580841059,0.8590501407341766,0.8595320338730834,0.8620571977846837
bank,pdays,3074.0,0.2482,0.0982,-1.0,871.0,39.4011,-1.0,98.7716,2.7413,8.3526,0.0,0.0,0.0019,0.6037,0.0363,0.9022,0.0463,0.9854,1.4239,0.0018,RandomForest,0.8672668930006376,0.8682753796613032,0.8667518703575434,0.8630561700203092,0.866136913180107,0.8662889031286425,0.8649556019264684,0.8642567266297634,0.8672172035586108
bank,pdays,3074.0,0.2482,0.0982,-1.0,871.0,39.4011,-1.0,98.7716,2.7413,8.3526,0.0,0.0,0.0019,0.6037,0.0363,0.9022,0.0463,0.9854,1.4239,0.0018,AdaBoost,0.8642195246840523,0.8676943298412131,0.8642056125620853,0.8667576365390025,0.8678141247981981,0.8636038149186419,0.867355170669498,0.8629892249414067,0.8701346241223972
bank,pdays,3074.0,0.2482,0.0982,-1.0,871.0,39.4011,-1.0,98.7716,2.7413,8.3526,0.0,0.0,0.0019,0.6037,0.0363,0.9022,0.0463,0.9854,1.4239,0.0018,SVC,0.8586771725616986,0.857416595820943,0.8578740917042795,0.8571041395630782,0.8562694466426567,0.8591477799310915,0.8559326353975151,0.8576331003330903,0.8583256456207303
bank,pdays,3074.0,0.1952,0.0922,-1.0,804.0,41.367,-1.0,101.0044,2.5332,6.2903,0.0,0.0,0.0031,0.6102,0.0214,0.9023,0.0273,0.9853,1.4544,0.0018,DecisionTree,0.8700452557307153,0.8693864674149988,0.869276195832761,0.8656662945859218,0.8686393076290977,0.8696500387125297,0.870224349098471,0.8696153693188567,0.8699429489162793
bank,pdays,3074.0,0.1952,0.0922,-1.0,804.0,41.367,-1.0,101.0044,2.5332,6.2903,0.0,0.0,0.0031,0.6102,0.0214,0.9023,0.0273,0.9853,1.4544,0.0018,LogisticRegression,0.8555954606201787,0.8553949460550689,0.8553377035946585,0.8549116967500549,0.8546533063769451,0.8545050129447272,0.8560593110395959,0.8560593110395959,0.8549116967500549
bank,pdays,3074.0,0.1952,0.0922,-1.0,804.0,41.367,-1.0,101.0044,2.5332,6.2903,0.0,0.0,0.0031,0.6102,0.0214,0.9023,0.0273,0.9853,1.4544,0.0018,KNN,0.8584254234851848,0.8596570172281057,0.8603333317083836,0.8594593934716775,0.8595142639436213,0.8593647520787379,0.8607798703701529,0.8614114263656903,0.8583873817153848
bank,pdays,3074.0,0.1952,0.0922,-1.0,804.0,41.367,-1.0,101.0044,2.5332,6.2903,0.0,0.0,0.0031,0.6102,0.0214,0.9023,0.0273,0.9853,1.4544,0.0018,RandomForest,0.8650189655836886,0.8632960268922435,0.8635457320204729,0.8653195309286337,0.8665302921658653,0.8636754452737284,0.8641668861031743,0.8673680841265615,0.863574872223055
bank,pdays,3074.0,0.1952,0.0922,-1.0,804.0,41.367,-1.0,101.0044,2.5332,6.2903,0.0,0.0,0.0031,0.6102,0.0214,0.9023,0.0273,0.9853,1.4544,0.0018,AdaBoost,0.8635906032860488,0.8638209446547525,0.8689992637877916,0.864043604239995,0.8686202592085898,0.8604708068867312,0.8629836136117162,0.8637670646774844,0.8630966881258089
bank,pdays,3074.0,0.1952,0.0922,-1.0,804.0,41.367,-1.0,101.0044,2.5332,6.2903,0.0,0.0,0.0031,0.6102,0.0214,0.9023,0.0273,0.9853,1.4544,0.0018,SVC,0.8568273220417099,0.8572467864981415,0.8557902021915473,0.8554022787489134,0.8554102472746856,0.8578871882310828,0.8572621158459852,0.8582812974632774,0.8568684827459648
bank,pdays,3074.0,0.1513,0.0905,-1.0,871.0,39.4684,-1.0,99.8579,2.7832,8.6284,0.0,0.0,0.0058,0.6197,0.0284,0.9078,0.0362,0.9867,1.4181,0.0016,DecisionTree,0.8694710608732478,0.8724940672928856,0.8642697078057228,0.8662668843213532,0.8685199170828601,0.8707401628459049,0.871201600818653,0.8699677337918783,0.868101073542169
bank,pdays,3074.0,0.1513,0.0905,-1.0,871.0,39.4684,-1.0,99.8579,2.7832,8.6284,0.0,0.0,0.0058,0.6197,0.0284,0.9078,0.0362,0.9867,1.4181,0.0016,LogisticRegression,0.8555431209568615,0.8556027564164878,0.8551157557017866,0.8553734368809859,0.8549109875561445,0.8551388301507498,0.8551388301507498,0.8557604679181027,0.8555431209568615
bank,pdays,3074.0,0.1513,0.0905,-1.0,871.0,39.4684,-1.0,99.8579,2.7832,8.6284,0.0,0.0,0.0058,0.6197,0.0284,0.9078,0.0362,0.9867,1.4181,0.0016,KNN,0.8601856960579051,0.858984464027585,0.8620291678390184,0.8626504606958297,0.8611968916468913,0.8613456192519745,0.8593005429256451,0.8596601676629201,0.8630658936640625
bank,pdays,3074.0,0.1513,0.0905,-1.0,871.0,39.4684,-1.0,99.8579,2.7832,8.6284,0.0,0.0,0.0058,0.6197,0.0284,0.9078,0.0362,0.9867,1.4181,0.0016,RandomForest,0.8622067863257531,0.8624837629170589,0.8619372040056428,0.8616683411248349,0.8626937934642064,0.8627574867118417,0.8598201576334841,0.8604913775981419,0.8619040911025111
bank,pdays,3074.0,0.1513,0.0905,-1.0,871.0,39.4684,-1.0,99.8579,2.7832,8.6284,0.0,0.0,0.0058,0.6197,0.0284,0.9078,0.0362,0.9867,1.4181,0.0016,AdaBoost,0.8627614992180451,0.8623185178364269,0.8643158813934813,0.8644465130018271,0.8649655912500446,0.8602857300243311,0.8633662101458338,0.8609307746845896,0.8593135164539469
bank,pdays,3074.0,0.1513,0.0905,-1.0,871.0,39.4684,-1.0,99.8579,2.7832,8.6284,0.0,0.0,0.0058,0.6197,0.0284,0.9078,0.0362,0.9867,1.4181,0.0016,SVC,0.855957457272048,0.855545437396643,0.8578452333685362,0.8574574505218393,0.8568594182344703,0.8547000975397727,0.8570473832669674,0.8570276097511664,0.8553688565071488
bank,pdays,3074.0,0.1077,0.0871,-1.0,871.0,39.2479,-1.0,99.3983,2.7833,8.5947,0.0,0.0,0.0099,0.5985,0.0241,0.9065,0.0309,0.9865,1.4167,0.0016,DecisionTree,0.8673538603662918,0.8677433642984258,0.8694034239940891,0.8694857627979585,0.8665844374729637,0.8697796857982543,0.8677410712454672,0.8673206294040536,0.8644848814488798
bank,pdays,3074.0,0.1077,0.0871,-1.0,871.0,39.2479,-1.0,99.3983,2.7833,8.5947,0.0,0.0,0.0099,0.5985,0.0241,0.9065,0.0309,0.9865,1.4167,0.0016,LogisticRegression,0.8555894114389873,0.85672157491424,0.8555894114389873,0.8559996755799696,0.8559996755799696,0.8555894114389873,0.8562598256047056,0.8562598256047056,0.8555894114389873
bank,pdays,3074.0,0.1077,0.0871,-1.0,871.0,39.2479,-1.0,99.3983,2.7833,8.5947,0.0,0.0,0.0099,0.5985,0.0241,0.9065,0.0309,0.9865,1.4167,0.0016,KNN,0.8614766792574822,0.8622732180601742,0.8611739081832807,0.8619998229391648,0.8605418148294566,0.8622448451669557,0.8624635660468379,0.8613976640066379,0.8607712172660681
bank,pdays,3074.0,0.1077,0.0871,-1.0,871.0,39.2479,-1.0,99.3983,2.7833,8.5947,0.0,0.0,0.0099,0.5985,0.0241,0.9065,0.0309,0.9865,1.4167,0.0016,RandomForest,0.8660281588812022,0.8655593700500812,0.8651323347201834,0.8616628561915471,0.8651966850193836,0.86236356038674,0.8657689436499947,0.866049878357728,0.8625160858561152
bank,pdays,3074.0,0.1077,0.0871,-1.0,871.0,39.2479,-1.0,99.3983,2.7833,8.5947,0.0,0.0,0.0099,0.5985,0.0241,0.9065,0.0309,0.9865,1.4167,0.0016,AdaBoost,0.8640035090800823,0.8649817553779352,0.8669127665049731,0.864555575762773,0.8650156097830884,0.8680632167162413,0.8662308327888928,0.8657985473239893,0.8658584787116345
bank,pdays,3074.0,0.1077,0.0871,-1.0,871.0,39.2479,-1.0,99.3983,2.7833,8.5947,0.0,0.0,0.0099,0.5985,0.0241,0.9065,0.0309,0.9865,1.4167,0.0016,SVC,0.858321501798642,0.8576944198352058,0.8574730934505003,0.8583042853807951,0.8578893721271177,0.857477927586931,0.8591323423050682,0.8570414827387735,0.8568676607152729
bank,pdays,3074.0,0.0433,0.083,-1.0,871.0,39.4723,-1.0,99.1965,2.7407,8.2576,0.0,0.0,0.0036,0.6062,0.0313,0.9056,0.04,0.9862,1.4246,0.0015,DecisionTree,0.8667087337310695,0.865020533766218,0.868937323392845,0.869071018443371,0.8684621390239455,0.8684477147220818,0.8687507428009114,0.8659932247102519,0.8639931893403258
bank,pdays,3074.0,0.0433,0.083,-1.0,871.0,39.4723,-1.0,99.1965,2.7407,8.2576,0.0,0.0,0.0036,0.6062,0.0313,0.9056,0.04,0.9862,1.4246,0.0015,LogisticRegression,0.8564652429669085,0.8564652429669085,0.8564652429669085,0.8559996755799696,0.8559996755799696,0.8558008021360608,0.8559996755799696,0.8564652429669085,0.8558008021360608
bank,pdays,3074.0,0.0433,0.083,-1.0,871.0,39.4723,-1.0,99.1965,2.7407,8.2576,0.0,0.0,0.0036,0.6062,0.0313,0.9056,0.04,0.9862,1.4246,0.0015,KNN,0.8621238656036301,0.8618024978539903,0.8622937501570881,0.8628955398006366,0.8626939503323607,0.8630806879572295,0.8620249984074271,0.8626764971727373,0.8637418382822739
bank,pdays,3074.0,0.0433,0.083,-1.0,871.0,39.4723,-1.0,99.1965,2.7407,8.2576,0.0,0.0,0.0036,0.6062,0.0313,0.9056,0.04,0.9862,1.4246,0.0015,RandomForest,0.8694129180945537,0.870888098105056,0.8700983672281384,0.8693581061343435,0.8655736261718165,0.8704556761221764,0.8701819133517067,0.8711197657624234,0.868535154443221
bank,pdays,3074.0,0.0433,0.083,-1.0,871.0,39.4723,-1.0,99.1965,2.7407,8.2576,0.0,0.0,0.0036,0.6062,0.0313,0.9056,0.04,0.9862,1.4246,0.0015,AdaBoost,0.8635193433488559,0.8667077765314195,0.8621149486473771,0.8627387060037356,0.8656196431961722,0.86011123285433,0.8650250125973318,0.8611569047721213,0.8655884686388947
bank,pdays,3074.0,0.0433,0.083,-1.0,871.0,39.4723,-1.0,99.1965,2.7407,8.2576,0.0,0.0,0.0036,0.6062,0.0313,0.9056,0.04,0.9862,1.4246,0.0015,SVC,0.8570277228691895,0.8574201038672097,0.8570324234640146,0.8562102107272367,0.8564146356847809,0.8564544445242438,0.857013419721344,0.8583004425118693,0.8566427116948143
bank,previous,3074.0,0.5052,0.0099,0.0,18.0,0.5122,0.0,1.4676,4.9641,36.3264,0.0,0.0,0.0521,0.6283,0.0614,0.9038,0.078,0.9853,0.8177,0.4715,DecisionTree,0.8692224492220443,0.8678409981876544,0.8689584434862476,0.8666776688757596,0.8708277285647259,0.8584726915497799,0.8702663772068648,0.8697435499206209,0.8674510894087626
bank,previous,3074.0,0.5052,0.0099,0.0,18.0,0.5122,0.0,1.4676,4.9641,36.3264,0.0,0.0,0.0521,0.6283,0.0614,0.9038,0.078,0.9853,0.8177,0.4715,LogisticRegression,0.8558209861521202,0.8562849124178582,0.8577884558589238,0.8582689362112599,0.8580269597268164,0.8551666960894406,0.8571849174452362,0.8562849124178582,0.858024764725526
bank,previous,3074.0,0.5052,0.0099,0.0,18.0,0.5122,0.0,1.4676,4.9641,36.3264,0.0,0.0,0.0521,0.6283,0.0614,0.9038,0.078,0.9853,0.8177,0.4715,KNN,0.8614739217545296,0.8608748103521695,0.8593758240736394,0.8577432397873719,0.8600843878396371,0.8640035741381066,0.86097501698792,0.8584606813474258,0.8620131295352881
bank,previous,3074.0,0.5052,0.0099,0.0,18.0,0.5122,0.0,1.4676,4.9641,36.3264,0.0,0.0,0.0521,0.6283,0.0614,0.9038,0.078,0.9853,0.8177,0.4715,RandomForest,0.8643014424840526,0.8603073735347229,0.8636036523329549,0.8646853723026109,0.8702150032758356,0.8666810557810019,0.8630473102748236,0.8649112381253953,0.8650424247989731
bank,previous,3074.0,0.5052,0.0099,0.0,18.0,0.5122,0.0,1.4676,4.9641,36.3264,0.0,0.0,0.0521,0.6283,0.0614,0.9038,0.078,0.9853,0.8177,0.4715,AdaBoost,0.8643175763286993,0.8626576711430198,0.8687048203129,0.8602402132037,0.864056048896109,0.8586851251197902,0.8656793081856249,0.8616247745882017,0.8670832944531283
bank,previous,3074.0,0.5052,0.0099,0.0,18.0,0.5122,0.0,1.4676,4.9641,36.3264,0.0,0.0,0.0521,0.6283,0.0614,0.9038,0.078,0.9853,0.8177,0.4715,SVC,0.8580244362361013,0.8571464078746585,0.8564021842632028,0.8574203315699773,0.858247832477148,0.8559327249792035,0.8579978236389469,0.8554098029988702,0.8558843065306
bank,previous,3074.0,0.4574,0.0084,0.0,23.0,0.536,0.0,1.5615,5.2235,44.1417,0.0,0.0,0.0322,0.6196,0.0213,0.9049,0.0271,0.9859,0.8175,0.5448,DecisionTree,0.869040369806553,0.8705960151418787,0.8688305840881929,0.8653091428469041,0.8687217839105426,0.8540099009640298,0.869814085891496,0.8686273063477765,0.8718041064473552
bank,previous,3074.0,0.4574,0.0084,0.0,23.0,0.536,0.0,1.5615,5.2235,44.1417,0.0,0.0,0.0322,0.6196,0.0213,0.9049,0.0271,0.9859,0.8175,0.5448,LogisticRegression,0.8550286903412392,0.8556331613359939,0.8563089434820388,0.8561419892239913,0.8561359826406566,0.8556258417645499,0.8554216042871715,0.8556194126288206,0.8565037450084754
bank,previous,3074.0,0.4574,0.0084,0.0,23.0,0.536,0.0,1.5615,5.2235,44.1417,0.0,0.0,0.0322,0.6196,0.0213,0.9049,0.0271,0.9859,0.8175,0.5448,KNN,0.8678083776706899,0.8649770044214724,0.8635382911394907,0.8640073037434135,0.8620960644587131,0.8647156727060326,0.8665289262967341,0.8652639595717451,0.8659716961052505
bank,previous,3074.0,0.4574,0.0084,0.0,23.0,0.536,0.0,1.5615,5.2235,44.1417,0.0,0.0,0.0322,0.6196,0.0213,0.9049,0.0271,0.9859,0.8175,0.5448,RandomForest,0.8668168566100567,0.8653278016666077,0.8683657657802353,0.8695422716723673,0.8704714866238956,0.865878152866125,0.863778525184978,0.8660601522712319,0.8624433193364639
bank,previous,3074.0,0.4574,0.0084,0.0,23.0,0.536,0.0,1.5615,5.2235,44.1417,0.0,0.0,0.0322,0.6196,0.0213,0.9049,0.0271,0.9859,0.8175,0.5448,AdaBoost,0.8635292526167918,0.8634318931064873,0.8648100439803373,0.8644798022114238,0.8659340747935474,0.8689921335819567,0.8652507090837355,0.8626424131916214,0.8674339516215273
bank,previous,3074.0,0.4574,0.0084,0.0,23.0,0.536,0.0,1.5615,5.2235,44.1417,0.0,0.0,0.0322,0.6196,0.0213,0.9049,0.0271,0.9859,0.8175,0.5448,SVC,0.8613945503332542,0.8593246316700868,0.8586690950000392,0.8607337283518742,0.8603322582589336,0.8603488104615005,0.861389056894896,0.8612290540490461,0.8605643981539977
bank,previous,3074.0,0.4057,0.0088,0.0,23.0,0.5057,0.0,1.5975,5.9748,55.4472,0.0,0.0,0.0551,0.609,0.0554,0.9129,0.07,0.9881,0.7751,0.413,DecisionTree,0.8685148102544407,0.8657307817686457,0.8694087964980732,0.8673122139001037,0.8679161979690385,0.8662163503466218,0.8672996748968342,0.869443020373033,0.8661975266729265
bank,previous,3074.0,0.4057,0.0088,0.0,23.0,0.5057,0.0,1.5975,5.9748,55.4472,0.0,0.0,0.0551,0.609,0.0554,0.9129,0.07,0.9881,0.7751,0.413,LogisticRegression,0.855789692956962,0.8551994539266903,0.8575875551338622,0.8577832176901133,0.8582427900434442,0.8551994539266903,0.855789692956962,0.8551392258421204,0.855789692956962
bank,previous,3074.0,0.4057,0.0088,0.0,23.0,0.5057,0.0,1.5975,5.9748,55.4472,0.0,0.0,0.0551,0.609,0.0554,0.9129,0.07,0.9881,0.7751,0.413,KNN,0.8518843701192346,0.8618968319351574,0.8596901897445295,0.8601336579336202,0.8614898046771247,0.860597161096166,0.8495462185892885,0.8591368313803501,0.8612547737519589
bank,previous,3074.0,0.4057,0.0088,0.0,23.0,0.5057,0.0,1.5975,5.9748,55.4472,0.0,0.0,0.0551,0.609,0.0554,0.9129,0.07,0.9881,0.7751,0.413,RandomForest,0.8666725453288247,0.8676338860111145,0.8661346685041308,0.8666833435605248,0.8647734619889553,0.8674053679827938,0.8667406667899148,0.866279608131817,0.863921752516924
bank,previous,3074.0,0.4057,0.0088,0.0,23.0,0.5057,0.0,1.5975,5.9748,55.4472,0.0,0.0,0.0551,0.609,0.0554,0.9129,0.07,0.9881,0.7751,0.413,AdaBoost,0.8643480957467551,0.8663702635130015,0.864955637498011,0.8610420575025741,0.8667444186587212,0.8635972012915003,0.8648217190134425,0.864977790385106,0.8649771708919389
bank,previous,3074.0,0.4057,0.0088,0.0,23.0,0.5057,0.0,1.5975,5.9748,55.4472,0.0,0.0,0.0551,0.609,0.0554,0.9129,0.07,0.9881,0.7751,0.413,SVC,0.8572425782512026,0.8572195252311052,0.860928827533698,0.8571953783534001,0.8568258990981228,0.8570171671083044,0.8562470696993272,0.8581020472107438,0.8590774736575829
bank,previous,3074.0,0.3562,0.0081,0.0,23.0,0.5169,0.0,1.5876,5.4312,44.5792,0.0,0.0,0.0289,0.6092,0.0285,0.9085,0.0362,0.9872,0.7841,0.4129,DecisionTree,0.8693312768477924,0.8627826182749958,0.8700336578307283,0.8718120833894216,0.8686539902253279,0.8699070551020536,0.8681796805136189,0.8697140772856101,0.8716090192164908
bank,previous,3074.0,0.3562,0.0081,0.0,23.0,0.5169,0.0,1.5876,5.4312,44.5792,0.0,0.0,0.0289,0.6092,0.0285,0.9085,0.0362,0.9872,0.7841,0.4129,LogisticRegression,0.8560294745291945,0.8564340512480677,0.8575214279086478,0.8575690883907103,0.8569178213714773,0.8562341726824587,0.8560294745291945,0.8558289599640847,0.8568526312644035
bank,previous,3074.0,0.3562,0.0081,0.0,23.0,0.5169,0.0,1.5876,5.4312,44.5792,0.0,0.0,0.0289,0.6092,0.0285,0.9085,0.0362,0.9872,0.7841,0.4129,KNN,0.8590252617870561,0.8583433656581614,0.8584396386506428,0.8587451271688991,0.8591448829093349,0.8619392042790588,0.857902939282328,0.8569865029986196,0.8578375780905259
bank,previous,3074.0,0.3562,0.0081,0.0,23.0,0.5169,0.0,1.5876,5.4312,44.5792,0.0,0.0,0.0289,0.6092,0.0285,0.9085,0.0362,0.9872,0.7841,0.4129,RandomForest,0.8758046783709388,0.8715962970778502,0.8712408410993282,0.8739160569993902,0.8695807966168285,0.8706887102693108,0.8763315690814999,0.8732890593343148,0.8684573749905279
bank,previous,3074.0,0.3562,0.0081,0.0,23.0,0.5169,0.0,1.5876,5.4312,44.5792,0.0,0.0,0.0289,0.6092,0.0285,0.9085,0.0362,0.9872,0.7841,0.4129,AdaBoost,0.8623009704065114,0.8645480565912079,0.8614157419034458,0.8634259842540971,0.8631824026632404,0.8615572311779198,0.8625623976380662,0.8604565948083779,0.862023151120212
bank,previous,3074.0,0.3562,0.0081,0.0,23.0,0.5169,0.0,1.5876,5.4312,44.5792,0.0,0.0,0.0289,0.6092,0.0285,0.9085,0.0362,0.9872,0.7841,0.4129,SVC,0.860989907383001,0.8591020832538515,0.856231101183192,0.8549491512620656,0.8545752933878442,0.857398412900277,0.8614140218725135,0.8641127227805696,0.856167873198013
bank,previous,3074.0,0.298,0.0079,0.0,22.0,0.5079,0.0,1.5196,5.2602,41.8393,0.0,0.0,0.0693,0.6089,0.0546,0.9078,0.0689,0.9868,0.7927,0.3647,DecisionTree,0.8694856430818833,0.8685802507079383,0.8691120198675834,0.8709823616907613,0.867995273272443,0.8701270565922914,0.8689472396637221,0.8696982963290081,0.8700227099949418
bank,previous,3074.0,0.298,0.0079,0.0,22.0,0.5079,0.0,1.5196,5.2602,41.8393,0.0,0.0,0.0693,0.6089,0.0546,0.9078,0.0689,0.9868,0.7927,0.3647,LogisticRegression,0.856268597604174,0.8564720967969648,0.8566761557486965,0.8569009317881383,0.8569009317881383,0.8565336504260033,0.8560697241602653,0.8562258442172519,0.8573685738256006
bank,previous,3074.0,0.298,0.0079,0.0,22.0,0.5079,0.0,1.5196,5.2602,41.8393,0.0,0.0,0.0693,0.6089,0.0546,0.9078,0.0689,0.9868,0.7927,0.3647,KNN,0.8597151662335669,0.859466837049947,0.8587984165488829,0.8585257909966642,0.8585301832502307,0.8604877929692408,0.8571602035941787,0.8566893261014934,0.8603366206839757
bank,previous,3074.0,0.298,0.0079,0.0,22.0,0.5079,0.0,1.5196,5.2602,41.8393,0.0,0.0,0.0693,0.6089,0.0546,0.9078,0.0689,0.9868,0.7927,0.3647,RandomForest,0.865333653788189,0.8601558308492786,0.8645126480620464,0.864934401392806,0.8684902712609859,0.8634376798498377,0.8641885100172961,0.8664071930226906,0.8615603697515931
bank,previous,3074.0,0.298,0.0079,0.0,22.0,0.5079,0.0,1.5196,5.2602,41.8393,0.0,0.0,0.0693,0.6089,0.0546,0.9078,0.0689,0.9868,0.7927,0.3647,AdaBoost,0.8646185078930939,0.8635978152060265,0.8626877712176142,0.8622391210106407,0.8643576870860237,0.863572832011875,0.8669330721050316,0.8640185645435889,0.8633456346195282
bank,previous,3074.0,0.298,0.0079,0.0,22.0,0.5079,0.0,1.5196,5.2602,41.8393,0.0,0.0,0.0693,0.6089,0.0546,0.9078,0.0689,0.9868,0.7927,0.3647,SVC,0.857767872767152,0.8574258552496218,0.8586850406956712,0.8562005318520834,0.8572406248376474,0.8586725328091489,0.8582167254797464,0.8581764962339904,0.8588933169814909
bank,previous,3074.0,0.2583,0.007,0.0,23.0,0.5285,0.0,1.6013,5.4786,46.8775,0.0,0.0,0.0119,0.6041,0.0151,0.9105,0.0191,0.9874,0.7972,0.4137,DecisionTree,0.8706974743399069,0.8674996007745852,0.8668220332687666,0.8683780584241712,0.8685277390591226,0.869121834135253,0.8722399717649407,0.869835522136752,0.8666772509332302
bank,previous,3074.0,0.2583,0.007,0.0,23.0,0.5285,0.0,1.6013,5.4786,46.8775,0.0,0.0,0.0119,0.6041,0.0151,0.9105,0.0191,0.9874,0.7972,0.4137,LogisticRegression,0.8554184571410322,0.8554298050022013,0.8556549280312077,0.8562533805406296,0.8558008021360608,0.8554298050022013,0.8569346537676088,0.8549658787364633,0.8558182860727295
bank,previous,3074.0,0.2583,0.007,0.0,23.0,0.5285,0.0,1.6013,5.4786,46.8775,0.0,0.0,0.0119,0.6041,0.0151,0.9105,0.0191,0.9874,0.7972,0.4137,KNN,0.8601807349241009,0.8620537481463986,0.8625114899473119,0.8633249004222514,0.8629185618810921,0.8612376371294116,0.8586392388182021,0.8608061700853018,0.8604602901600213
bank,previous,3074.0,0.2583,0.007,0.0,23.0,0.5285,0.0,1.6013,5.4786,46.8775,0.0,0.0,0.0119,0.6041,0.0151,0.9105,0.0191,0.9874,0.7972,0.4137,RandomForest,0.8699944685270715,0.8702957425446666,0.8606002550098067,0.8644549123754024,0.8661487324365997,0.866770072065349,0.8709256907657253,0.8662052405113625,0.8688458687927155
bank,previous,3074.0,0.2583,0.007,0.0,23.0,0.5285,0.0,1.6013,5.4786,46.8775,0.0,0.0,0.0119,0.6041,0.0151,0.9105,0.0191,0.9874,0.7972,0.4137,AdaBoost,0.8642035232222527,0.865618920872106,0.8668531286666199,0.8681066723708628,0.8629371935625537,0.8664539336540403,0.8663518348147918,0.8636067046406449,0.8634066253048646
bank,previous,3074.0,0.2583,0.007,0.0,23.0,0.5285,0.0,1.6013,5.4786,46.8775,0.0,0.0,0.0119,0.6041,0.0151,0.9105,0.0191,0.9874,0.7972,0.4137,SVC,0.8576121325017478,0.8561792591492157,0.8555406683736737,0.8574877794989805,0.8575072415237616,0.8559744134024104,0.8565263549964872,0.8561630512560698,0.8559692712664644
bank,previous,3074.0,0.2053,0.0074,0.0,23.0,0.5334,0.0,1.6387,5.5436,46.1564,0.0,0.0,0.0457,0.6169,0.0416,0.9105,0.0526,0.9874,0.8011,0.3244,DecisionTree,0.8691171718825048,0.8678180116225751,0.8669586779092193,0.8725265812468104,0.8669427028546213,0.8623955290124242,0.8710976384631032,0.869852706538924,0.8691506618571767
bank,previous,3074.0,0.2053,0.0074,0.0,23.0,0.5334,0.0,1.6387,5.5436,46.1564,0.0,0.0,0.0457,0.6169,0.0416,0.9105,0.0526,0.9874,0.8011,0.3244,LogisticRegression,0.8560536549234585,0.8556290813984757,0.8571262686727172,0.8560378777118336,0.8573795706810117,0.8556290813984757,0.856512217989355,0.8551666960894406,0.8562927298775204
bank,previous,3074.0,0.2053,0.0074,0.0,23.0,0.5334,0.0,1.6387,5.5436,46.1564,0.0,0.0,0.0457,0.6169,0.0416,0.9105,0.0526,0.9874,0.8011,0.3244,KNN,0.8596603473781408,0.8593360058043048,0.8624382278992238,0.8595323501634808,0.8601125582910379,0.858966556342277,0.8602600008108225,0.8614862258625018,0.859132583748695
bank,previous,3074.0,0.2053,0.0074,0.0,23.0,0.5334,0.0,1.6387,5.5436,46.1564,0.0,0.0,0.0457,0.6169,0.0416,0.9105,0.0526,0.9874,0.8011,0.3244,RandomForest,0.8692872450859097,0.8700660625453922,0.8683225814801608,0.8700865277653906,0.8681449963966797,0.8696605794221393,0.8678447458171714,0.8659618707035567,0.8690117138838995
bank,previous,3074.0,0.2053,0.0074,0.0,23.0,0.5334,0.0,1.6387,5.5436,46.1564,0.0,0.0,0.0457,0.6169,0.0416,0.9105,0.0526,0.9874,0.8011,0.3244,AdaBoost,0.8609786010909792,0.8663165585897876,0.8625025998374942,0.8621904666978778,0.8600949214600255,0.8617738531164002,0.8623450884192989,0.8648422308068232,0.8642389052327192
bank,previous,3074.0,0.2053,0.0074,0.0,23.0,0.5334,0.0,1.6387,5.5436,46.1564,0.0,0.0,0.0457,0.6169,0.0416,0.9105,0.0526,0.9874,0.8011,0.3244,SVC,0.8559309016956549,0.8538706048793249,0.8563568753479317,0.8557353013988341,0.8572209898876407,0.8551523446162255,0.8554760379254261,0.856982291398717,0.8555391141056126
bank,previous,3074.0,0.1542,0.0073,0.0,23.0,0.5119,0.0,1.5774,5.708,50.0599,0.0,0.0,0.0259,0.6148,0.0312,0.9099,0.0396,0.9873,0.7886,0.2903,DecisionTree,0.8686779394461608,0.8687383777611272,0.8685535355348163,0.8710504380208435,0.8682552532069598,0.8664793153055701,0.8706289366334641,0.8696928702433925,0.8691818580973557
bank,previous,3074.0,0.1542,0.0073,0.0,23.0,0.5119,0.0,1.5774,5.708,50.0599,0.0,0.0,0.0259,0.6148,0.0312,0.9099,0.0396,0.9873,0.7886,0.2903,LogisticRegression,0.8555191116021852,0.8559885664008706,0.8571187768592657,0.8552957961553627,0.8563928349717266,0.8555639071422554,0.8559885664008706,0.855789692956962,0.8555639071422554
bank,previous,3074.0,0.1542,0.0073,0.0,23.0,0.5119,0.0,1.5774,5.708,50.0599,0.0,0.0,0.0259,0.6148,0.0312,0.9099,0.0396,0.9873,0.7886,0.2903,KNN,0.857755776061632,0.8606900181250777,0.8593878501897503,0.8630735097773033,0.8599069675620287,0.8602969230973372,0.8586995548109795,0.8612230158783043,0.861597272283074
bank,previous,3074.0,0.1542,0.0073,0.0,23.0,0.5119,0.0,1.5774,5.708,50.0599,0.0,0.0,0.0259,0.6148,0.0312,0.9099,0.0396,0.9873,0.7886,0.2903,RandomForest,0.8691126337401768,0.8717437157685918,0.8685550874624375,0.865916540763705,0.8656214845467423,0.8695912850249656,0.8682528314456657,0.8672811127604814,0.8673473810812135
bank,previous,3074.0,0.1542,0.0073,0.0,23.0,0.5119,0.0,1.5774,5.708,50.0599,0.0,0.0,0.0259,0.6148,0.0312,0.9099,0.0396,0.9873,0.7886,0.2903,AdaBoost,0.8653646646113531,0.8639925050107118,0.8672300961327621,0.8659300376726063,0.8685190702912288,0.864967417904718,0.86575728125427,0.8645513547037937,0.8650165374439083
bank,previous,3074.0,0.1542,0.0073,0.0,23.0,0.5119,0.0,1.5774,5.708,50.0599,0.0,0.0,0.0259,0.6148,0.0312,0.9099,0.0396,0.9873,0.7886,0.2903,SVC,0.8570190962190313,0.8568700348805731,0.85478259104101,0.8555932912629028,0.8543611432586864,0.85685503885285,0.8568122779216559,0.8580787225935835,0.8542503346306188
bank,previous,3074.0,0.1031,0.0069,0.0,23.0,0.5452,0.0,1.6385,5.3227,42.6648,0.0,0.0,0.0266,0.6006,0.0301,0.9051,0.0381,0.9861,0.8172,0.2904,DecisionTree,0.8673109703237322,0.8657719852250593,0.867995273272443,0.8674990667178628,0.8669560489187387,0.8669187781544029,0.8677593310095348,0.8676695540948136,0.8672158079054331
bank,previous,3074.0,0.1031,0.0069,0.0,23.0,0.5452,0.0,1.6385,5.3227,42.6648,0.0,0.0,0.0266,0.6006,0.0301,0.9051,0.0381,0.9861,0.8172,0.2904,LogisticRegression,0.8555417981341238,0.8558373631467239,0.8558373631467239,0.8571188988975598,0.8575822622023248,0.8558373631467239,0.8560057243998618,0.8551144328790489,0.8560593110395959
bank,previous,3074.0,0.1031,0.0069,0.0,23.0,0.5452,0.0,1.6385,5.3227,42.6648,0.0,0.0,0.0266,0.6006,0.0301,0.9051,0.0381,0.9861,0.8172,0.2904,KNN,0.8592042905214469,0.8626021318212824,0.860697458984072,0.8607085625323504,0.8607172857862102,0.8626453238446967,0.8596724039360704,0.861463196912434,0.861775916464842
bank,previous,3074.0,0.1031,0.0069,0.0,23.0,0.5452,0.0,1.6385,5.3227,42.6648,0.0,0.0,0.0266,0.6006,0.0301,0.9051,0.0381,0.9861,0.8172,0.2904,RandomForest,0.8673057599131774,0.8679838958792556,0.8697991187049572,0.8665595690083305,0.8664802842714016,0.8681656067239211,0.8662381953816101,0.8640977929909559,0.8672735077079756
bank,previous,3074.0,0.1031,0.0069,0.0,23.0,0.5452,0.0,1.6385,5.3227,42.6648,0.0,0.0,0.0266,0.6006,0.0301,0.9051,0.0381,0.9861,0.8172,0.2904,AdaBoost,0.8649803906055616,0.8598885201737234,0.8671855710005976,0.8606502234176204,0.8646197807477302,0.863732401888103,0.8635700053772986,0.8623523030414388,0.8652264963934823
bank,previous,3074.0,0.1031,0.0069,0.0,23.0,0.5452,0.0,1.6385,5.3227,42.6648,0.0,0.0,0.0266,0.6006,0.0301,0.9051,0.0381,0.9861,0.8172,0.2904,SVC,0.8594974750014359,0.8570107256823352,0.8564137014048718,0.856213410156501,0.8560068841413583,0.8570107256823352,0.8590745711855585,0.858853567416578,0.854953682840293
bank,previous,3074.0,0.052,0.0065,0.0,23.0,0.5257,0.0,1.5809,5.4421,45.7316,0.0,0.0,0.0241,0.6117,0.0284,0.9083,0.0361,0.9868,0.8048,0.2905,DecisionTree,0.8681689389368701,0.8676399654175001,0.8696322292875913,0.869328004534635,0.868312182662968,0.8667461058784822,0.8688223724133065,0.867016421898066,0.869949478001036
bank,previous,3074.0,0.052,0.0065,0.0,23.0,0.5257,0.0,1.5809,5.4421,45.7316,0.0,0.0,0.0241,0.6117,0.0284,0.9083,0.0361,0.9868,0.8048,0.2905,LogisticRegression,0.8560000785323352,0.8564640047980732,0.8575675767011598,0.8575675767011598,0.8575675767011598,0.8564640047980732,0.8561989519762438,0.8566645193631829,0.8562647284017988
bank,previous,3074.0,0.052,0.0065,0.0,23.0,0.5257,0.0,1.5809,5.4421,45.7316,0.0,0.0,0.0241,0.6117,0.0284,0.9083,0.0361,0.9868,0.8048,0.2905,KNN,0.8599495220224246,0.8610344755827369,0.8603683622885046,0.8597385911674583,0.8599260485792283,0.862526683695792,0.8599550553459665,0.8607537735504385,0.8622585696801219
bank,previous,3074.0,0.052,0.0065,0.0,23.0,0.5257,0.0,1.5809,5.4421,45.7316,0.0,0.0,0.0241,0.6117,0.0284,0.9083,0.0361,0.9868,0.8048,0.2905,RandomForest,0.8674172737491361,0.8659754039803695,0.8685508206278822,0.8653669393627081,0.8663814217899294,0.8681145350007807,0.8642246613208235,0.8654604098783798,0.8660724039389349
bank,previous,3074.0,0.052,0.0065,0.0,23.0,0.5257,0.0,1.5809,5.4421,45.7316,0.0,0.0,0.0241,0.6117,0.0284,0.9083,0.0361,0.9868,0.8048,0.2905,AdaBoost,0.8631780254083359,0.8652739266767895,0.8672614790687345,0.8643607600749075,0.8682690261035104,0.8673927804321854,0.8580198613848931,0.8618945260906967,0.8620617831262826
bank,previous,3074.0,0.052,0.0065,0.0,23.0,0.5257,0.0,1.5809,5.4421,45.7316,0.0,0.0,0.0241,0.6117,0.0284,0.9083,0.0361,0.9868,0.8048,0.2905,SVC,0.8566028266546313,0.8566072734341612,0.8566354264427637,0.8553756531394747,0.8572489101722051,0.8570188225319004,0.8570392938752109,0.8551518090919019,0.8576366132814528
