name,column_name,n_tuples,missing_perc,uniqueness,min,max,mean,median,std,skewness,kurtosis,mad,iqr,p_min,p_max,k_min,k_max,s_min,s_max,entropy,density,ml_algorithm,impute_standard,impute_mean,impute_median,impute_random,impute_knn,impute_mice,impute_linear_regression,impute_random_forest,impute_cmeans
abalone,'Length',4177.0,0.5042,0.0618,0.075,0.78,0.5245,0.545,0.1214,-0.6786,0.0964,0.08,0.165,0.0,0.0,0.0,0.0,0.0,0.0,4.5056,0.0058,DecisionTree,0.1687420773094553,0.16374955992630424,0.16562262822765678,0.16562262822765678,0.1657258722408873,0.1630597278512493,0.16275537968864592,0.16973864621063464,0.16394922290980293
abalone,'Length',4177.0,0.5042,0.0618,0.075,0.78,0.5245,0.545,0.1214,-0.6786,0.0964,0.08,0.165,0.0,0.0,0.0,0.0,0.0,0.0,4.5056,0.0058,LogisticRegression,0.17593501155440097,0.14131186131282245,0.1693919861897832,0.16961392355978144,0.16968053926717938,0.16840038921858327,0.17195706342400652,0.1634898262345162,0.16791933930620018
abalone,'Length',4177.0,0.5042,0.0618,0.075,0.78,0.5245,0.545,0.1214,-0.6786,0.0964,0.08,0.165,0.0,0.0,0.0,0.0,0.0,0.0,4.5056,0.0058,KNN,0.1628255392446966,0.163563976605056,0.16568539139947602,0.15990466170226247,0.17031106647179425,0.1554667455049505,0.16515113705799814,0.1679940361363696,0.16058154987689258
abalone,'Length',4177.0,0.5042,0.0618,0.075,0.78,0.5245,0.545,0.1214,-0.6786,0.0964,0.08,0.165,0.0,0.0,0.0,0.0,0.0,0.0,4.5056,0.0058,RandomForest,0.17728353403633548,0.1756706469594349,0.17295567339807333,0.17372781962625602,0.17305847353787443,0.17358986659723874,0.17565534799931237,0.1831317807835244,0.17378319160479283
abalone,'Length',4177.0,0.5042,0.0618,0.075,0.78,0.5245,0.545,0.1214,-0.6786,0.0964,0.08,0.165,0.0,0.0,0.0,0.0,0.0,0.0,4.5056,0.0058,AdaBoost,0.07971659152640223,0.07971659152640223,0.10117212368101805,0.10117212368101805,0.10117212368101805,0.10117212368101805,0.11621420545085616,0.07971659152640223,0.11394148400667883
abalone,'Length',4177.0,0.5042,0.0618,0.075,0.78,0.5245,0.545,0.1214,-0.6786,0.0964,0.08,0.165,0.0,0.0,0.0,0.0,0.0,0.0,4.5056,0.0058,SVC,0.16535061924344144,0.15170000065624253,0.15988854702360494,0.159563554381392,0.1591400880763575,0.1597579991785976,0.16167827785651287,0.16861593650327766,0.15894077631926673
abalone,'Length',4177.0,0.4448,0.0569,0.075,0.815,0.5246,0.545,0.122,-0.6516,0.0189,0.08,0.165,0.0,0.0,0.0,0.0,0.0,0.0,4.5177,0.0055,DecisionTree,0.183676356364055,0.18529904817101836,0.17340507032441688,0.17340507032441688,0.17340507032441688,0.17340507032441688,0.1753426319860181,0.17873447665276332,0.17340507032441688
abalone,'Length',4177.0,0.4448,0.0569,0.075,0.815,0.5246,0.545,0.122,-0.6516,0.0189,0.08,0.165,0.0,0.0,0.0,0.0,0.0,0.0,4.5177,0.0055,LogisticRegression,0.17821817293138495,0.16288539215832193,0.18135641609451006,0.18223260290205678,0.18185389751536735,0.18199307784954089,0.18503409028160736,0.18091222914679042,0.18161628934806795
abalone,'Length',4177.0,0.4448,0.0569,0.075,0.815,0.5246,0.545,0.122,-0.6516,0.0189,0.08,0.165,0.0,0.0,0.0,0.0,0.0,0.0,4.5177,0.0055,KNN,0.16681246640262368,0.16032133085382622,0.15871884323270763,0.16576747402232414,0.16133099504498957,0.16236715960890913,0.1805195394543656,0.17307775534233627,0.16005013809293592
abalone,'Length',4177.0,0.4448,0.0569,0.075,0.815,0.5246,0.545,0.122,-0.6516,0.0189,0.08,0.165,0.0,0.0,0.0,0.0,0.0,0.0,4.5177,0.0055,RandomForest,0.18662545645160447,0.17608251370364275,0.18673486253448177,0.1863013899349283,0.18648934080182236,0.18587497465332212,0.19049572022280253,0.18343488384918624,0.1867274541432778
abalone,'Length',4177.0,0.4448,0.0569,0.075,0.815,0.5246,0.545,0.122,-0.6516,0.0189,0.08,0.165,0.0,0.0,0.0,0.0,0.0,0.0,4.5177,0.0055,AdaBoost,0.08685653308947971,0.08781768995183264,0.08922611762602896,0.08922611762602896,0.08922611762602896,0.08922611762602896,0.08922611762602896,0.08685653308947971,0.08922611762602896
abalone,'Length',4177.0,0.4448,0.0569,0.075,0.815,0.5246,0.545,0.122,-0.6516,0.0189,0.08,0.165,0.0,0.0,0.0,0.0,0.0,0.0,4.5177,0.0055,SVC,0.17839311334678937,0.16149711333138025,0.17349090653560084,0.17373584238712478,0.1739000790630079,0.17396099993248762,0.1764491020161471,0.1776080963745605,0.17349090653560084
abalone,'Length',4177.0,0.4008,0.0507,0.075,0.815,0.5239,0.54,0.1188,-0.6271,0.0847,0.08,0.165,0.0,0.0,0.0,0.0,0.0,0.0,4.4973,0.0059,DecisionTree,0.17009396310696548,0.16973782681862493,0.1625383322705611,0.16423139848211601,0.16420499215818107,0.1625383322705611,0.16355274875065665,0.17319656416793824,0.1698500783329985
abalone,'Length',4177.0,0.4008,0.0507,0.075,0.815,0.5239,0.54,0.1188,-0.6271,0.0847,0.08,0.165,0.0,0.0,0.0,0.0,0.0,0.0,4.4973,0.0059,LogisticRegression,0.17333039574413822,0.16432292796954473,0.17772371247348193,0.17780767951451845,0.17705614580999096,0.17789869946583547,0.1769216527063688,0.17158322698329115,0.17754824051344392
abalone,'Length',4177.0,0.4008,0.0507,0.075,0.815,0.5239,0.54,0.1188,-0.6271,0.0847,0.08,0.165,0.0,0.0,0.0,0.0,0.0,0.0,4.4973,0.0059,KNN,0.17643209608252025,0.1757681439273824,0.17599703682120593,0.16876489566834088,0.16921073077218923,0.17139610377547193,0.17643494172269591,0.16896470665457564,0.1756386393866008
abalone,'Length',4177.0,0.4008,0.0507,0.075,0.815,0.5239,0.54,0.1188,-0.6271,0.0847,0.08,0.165,0.0,0.0,0.0,0.0,0.0,0.0,4.4973,0.0059,RandomForest,0.18156329413907035,0.17304184593308514,0.18073852561809534,0.18036468159096594,0.18013182770039962,0.1797685565136859,0.18160315287628456,0.18397353774148376,0.18291826459186605
abalone,'Length',4177.0,0.4008,0.0507,0.075,0.815,0.5239,0.54,0.1188,-0.6271,0.0847,0.08,0.165,0.0,0.0,0.0,0.0,0.0,0.0,4.4973,0.0059,AdaBoost,0.09059167695115179,0.10211403188081915,0.098767581885242,0.09840957220903762,0.09840957220903762,0.098767581885242,0.09820922138264306,0.08775935009332757,0.09840957220903762
abalone,'Length',4177.0,0.4008,0.0507,0.075,0.815,0.5239,0.54,0.1188,-0.6271,0.0847,0.08,0.165,0.0,0.0,0.0,0.0,0.0,0.0,4.4973,0.0059,SVC,0.172723064611588,0.15432877569079778,0.16692664528918388,0.1676266982413762,0.16692603998063793,0.1669246401219011,0.16707001682115427,0.17037606731597996,0.16754026538958547
abalone,'Length',4177.0,0.3498,0.049,0.075,0.815,0.5225,0.545,0.1223,-0.6611,0.0912,0.08,0.165,0.0,0.0,0.0,0.0,0.0,0.0,4.52,0.0054,DecisionTree,0.1968267169062591,0.20261751505655207,0.18115771566357086,0.18089713103090346,0.18133536046699938,0.1808622509124242,0.18975764796422892,0.18228621344043516,0.1853414330371715
abalone,'Length',4177.0,0.3498,0.049,0.075,0.815,0.5225,0.545,0.1223,-0.6611,0.0912,0.08,0.165,0.0,0.0,0.0,0.0,0.0,0.0,4.52,0.0054,LogisticRegression,0.1895913593807344,0.16949078221132347,0.18727212260639592,0.18608951616228486,0.18607607829579534,0.18644236055106067,0.1853914431777957,0.18822640788535164,0.18490220092317966
abalone,'Length',4177.0,0.3498,0.049,0.075,0.815,0.5225,0.545,0.1223,-0.6611,0.0912,0.08,0.165,0.0,0.0,0.0,0.0,0.0,0.0,4.52,0.0054,KNN,0.16837044923116415,0.1680073966959048,0.177120442970834,0.17443853437444784,0.17672506312546657,0.16779725964920766,0.171486180465037,0.1716158444614257,0.17802799995383412
abalone,'Length',4177.0,0.3498,0.049,0.075,0.815,0.5225,0.545,0.1223,-0.6611,0.0912,0.08,0.165,0.0,0.0,0.0,0.0,0.0,0.0,4.52,0.0054,RandomForest,0.19791272260075005,0.2007636813699843,0.19874237648443432,0.1977999743250056,0.19870111510614774,0.1986994376126025,0.20088004279497493,0.18671521586508,0.19855557350715244
abalone,'Length',4177.0,0.3498,0.049,0.075,0.815,0.5225,0.545,0.1223,-0.6611,0.0912,0.08,0.165,0.0,0.0,0.0,0.0,0.0,0.0,4.52,0.0054,AdaBoost,0.07871847540046646,0.09561669008563675,0.0949974147298586,0.0949974147298586,0.0949974147298586,0.0949974147298586,0.0949974147298586,0.07871847540046646,0.0949974147298586
abalone,'Length',4177.0,0.3498,0.049,0.075,0.815,0.5225,0.545,0.1223,-0.6611,0.0912,0.08,0.165,0.0,0.0,0.0,0.0,0.0,0.0,4.52,0.0054,SVC,0.18876110497496765,0.17247728371513116,0.17865865181569957,0.1762955398749534,0.17845611705668746,0.17871871256710115,0.1752859196129661,0.1830014654230162,0.17698664728192437
abalone,'Length',4177.0,0.3115,0.0455,0.075,0.815,0.5233,0.545,0.1217,-0.6123,-0.0443,0.08,0.165,0.0,0.0,0.0,0.0,0.0,0.0,4.5215,0.0056,DecisionTree,0.19809270581706429,0.18491988903971376,0.1838553106175423,0.1842695155668012,0.1842695155668012,0.1845158657453949,0.18156400794630964,0.18448337560081443,0.18480827316344572
abalone,'Length',4177.0,0.3115,0.0455,0.075,0.815,0.5233,0.545,0.1217,-0.6123,-0.0443,0.08,0.165,0.0,0.0,0.0,0.0,0.0,0.0,4.5215,0.0056,LogisticRegression,0.18940594501874325,0.17379200452646995,0.19099855639067814,0.19077919762873585,0.1916132039874068,0.19213626706910286,0.19200458254727595,0.18550440872313567,0.1922963436749779
abalone,'Length',4177.0,0.3115,0.0455,0.075,0.815,0.5233,0.545,0.1217,-0.6123,-0.0443,0.08,0.165,0.0,0.0,0.0,0.0,0.0,0.0,4.5215,0.0056,KNN,0.19274240926351552,0.17779260609343675,0.18368203235393268,0.18400704357209355,0.1821508450543908,0.18471556190971658,0.18165963296757684,0.17085078971320267,0.19131607281726792
abalone,'Length',4177.0,0.3115,0.0455,0.075,0.815,0.5233,0.545,0.1217,-0.6123,-0.0443,0.08,0.165,0.0,0.0,0.0,0.0,0.0,0.0,4.5215,0.0056,RandomForest,0.19715909228497386,0.19135522921953027,0.19703773669089303,0.1957058581732427,0.19596204273813272,0.1954801096907569,0.19705532767583805,0.19327550147737999,0.19298932766568974
abalone,'Length',4177.0,0.3115,0.0455,0.075,0.815,0.5233,0.545,0.1217,-0.6123,-0.0443,0.08,0.165,0.0,0.0,0.0,0.0,0.0,0.0,4.5215,0.0056,AdaBoost,0.09775973593565693,0.08707731621660947,0.09848401093934482,0.09848401093934482,0.09848401093934482,0.09848401093934482,0.10142695251639143,0.10506904488322671,0.09848401093934482
abalone,'Length',4177.0,0.3115,0.0455,0.075,0.815,0.5233,0.545,0.1217,-0.6123,-0.0443,0.08,0.165,0.0,0.0,0.0,0.0,0.0,0.0,4.5215,0.0056,SVC,0.18560322218386738,0.17634869263929356,0.183687266677925,0.183687266677925,0.18294500112219667,0.17994376960255473,0.18354481245597112,0.18510035077095183,0.1837002859249071
abalone,'Length',4177.0,0.2542,0.0427,0.075,0.8,0.5223,0.54,0.12,-0.6222,0.0673,0.08,0.165,0.0,0.0,0.0,0.0,0.0,0.0,4.5102,0.0055,DecisionTree,0.19406008988813844,0.19655609370087543,0.18682472782547171,0.18663490808535266,0.18588178873365563,0.18682472782547171,0.19340679426339674,0.18892480447344298,0.18663490808535266
abalone,'Length',4177.0,0.2542,0.0427,0.075,0.8,0.5223,0.54,0.12,-0.6222,0.0673,0.08,0.165,0.0,0.0,0.0,0.0,0.0,0.0,4.5102,0.0055,LogisticRegression,0.1888212172978675,0.1845113777070864,0.1916555891977055,0.1909122054806664,0.19108621498935147,0.19193123503869575,0.19134050781401157,0.18924469795366403,0.19266696426864
abalone,'Length',4177.0,0.2542,0.0427,0.075,0.8,0.5223,0.54,0.12,-0.6222,0.0673,0.08,0.165,0.0,0.0,0.0,0.0,0.0,0.0,4.5102,0.0055,KNN,0.17159277277813817,0.1691871857129248,0.1767746209560595,0.17564103125084424,0.1760007926229442,0.16880119753155337,0.17793609500863206,0.17918166045338316,0.17174090226175756
abalone,'Length',4177.0,0.2542,0.0427,0.075,0.8,0.5223,0.54,0.12,-0.6222,0.0673,0.08,0.165,0.0,0.0,0.0,0.0,0.0,0.0,4.5102,0.0055,RandomForest,0.1953066969436289,0.18870929137543757,0.1962616436657342,0.19630171840134086,0.19823711166629746,0.19677778790022563,0.19811101419653593,0.197292997255794,0.1961454841723765
abalone,'Length',4177.0,0.2542,0.0427,0.075,0.8,0.5223,0.54,0.12,-0.6222,0.0673,0.08,0.165,0.0,0.0,0.0,0.0,0.0,0.0,4.5102,0.0055,AdaBoost,0.09260753342673882,0.10320146909459049,0.0935755515943869,0.0935755515943869,0.0935755515943869,0.09393487864280314,0.09472459254324908,0.09260753342673882,0.0935755515943869
abalone,'Length',4177.0,0.2542,0.0427,0.075,0.8,0.5223,0.54,0.12,-0.6222,0.0673,0.08,0.165,0.0,0.0,0.0,0.0,0.0,0.0,4.5102,0.0055,SVC,0.19108588788927044,0.17817649927410517,0.1853393152841776,0.18568063625301676,0.1853393152841776,0.18482889409162556,0.1847056008923943,0.18932037410404948,0.18605417125105359
abalone,'Length',4177.0,0.1937,0.0392,0.11,0.815,0.523,0.54,0.1215,-0.6275,0.0042,0.08,0.165,0.0,0.0,0.0,0.0,0.0,0.0,4.5227,0.0056,DecisionTree,0.2008703386162492,0.2071226664707695,0.1956936303251909,0.1972356041776048,0.1972356041776048,0.19471948221175528,0.19557353722529897,0.18904791043606045,0.20016304915838887
abalone,'Length',4177.0,0.1937,0.0392,0.11,0.815,0.523,0.54,0.1215,-0.6275,0.0042,0.08,0.165,0.0,0.0,0.0,0.0,0.0,0.0,4.5227,0.0056,LogisticRegression,0.20345970467672003,0.20293416078448828,0.20895369684344983,0.208063596352465,0.20854200168450515,0.20815897149212687,0.20890857799149248,0.2010327676743741,0.20872725843385231
abalone,'Length',4177.0,0.1937,0.0392,0.11,0.815,0.523,0.54,0.1215,-0.6275,0.0042,0.08,0.165,0.0,0.0,0.0,0.0,0.0,0.0,4.5227,0.0056,KNN,0.18340952084149703,0.1841789573910258,0.18230463355423335,0.18223907911729514,0.18328930107185437,0.18351036012648292,0.18681216965708122,0.1837019400303678,0.18045723258739343
abalone,'Length',4177.0,0.1937,0.0392,0.11,0.815,0.523,0.54,0.1215,-0.6275,0.0042,0.08,0.165,0.0,0.0,0.0,0.0,0.0,0.0,4.5227,0.0056,RandomForest,0.20926250775894567,0.20498720867257456,0.2052935526864968,0.2055399200291428,0.2057539904579086,0.20566327917662464,0.2064281342016832,0.20312991835696764,0.20541003962794718
abalone,'Length',4177.0,0.1937,0.0392,0.11,0.815,0.523,0.54,0.1215,-0.6275,0.0042,0.08,0.165,0.0,0.0,0.0,0.0,0.0,0.0,4.5227,0.0056,AdaBoost,0.13239411739045687,0.10745298193856123,0.09704748099211498,0.09704748099211498,0.09704748099211498,0.09704748099211498,0.09704748099211498,0.11080069245058159,0.09743553793355074
abalone,'Length',4177.0,0.1937,0.0392,0.11,0.815,0.523,0.54,0.1215,-0.6275,0.0042,0.08,0.165,0.0,0.0,0.0,0.0,0.0,0.0,4.5227,0.0056,SVC,0.1971942700901005,0.19178634192604282,0.19438815732017264,0.19531843645872504,0.19531843645872504,0.19493506414058803,0.19568431162004984,0.19329387869638218,0.19532791047494477
abalone,'Length',4177.0,0.1537,0.0376,0.075,0.815,0.5249,0.545,0.12,-0.6564,0.0798,0.08,0.165,0.0,0.0,0.0,0.0,0.0,0.0,4.5062,0.0055,DecisionTree,0.20510599999049156,0.20627178374370642,0.20677526373565044,0.2066482981035009,0.20677526373565044,0.20677526373565044,0.2045677499954716,0.2065138217390738,0.20677526373565044
abalone,'Length',4177.0,0.1537,0.0376,0.075,0.815,0.5249,0.545,0.12,-0.6564,0.0798,0.08,0.165,0.0,0.0,0.0,0.0,0.0,0.0,4.5062,0.0055,LogisticRegression,0.2043838348824437,0.20743138664694488,0.2077602344517063,0.20728821685100104,0.208070963035344,0.20757632245695404,0.20727461108349143,0.2028826332510388,0.20736686716168007
abalone,'Length',4177.0,0.1537,0.0376,0.075,0.815,0.5249,0.545,0.12,-0.6564,0.0798,0.08,0.165,0.0,0.0,0.0,0.0,0.0,0.0,4.5062,0.0055,KNN,0.1774165748707793,0.1779048924197492,0.17935377441500508,0.17947126721648687,0.17958471697491096,0.1781979594487519,0.17717179977098552,0.17432761254549903,0.1781666935153998
abalone,'Length',4177.0,0.1537,0.0376,0.075,0.815,0.5249,0.545,0.12,-0.6564,0.0798,0.08,0.165,0.0,0.0,0.0,0.0,0.0,0.0,4.5062,0.0055,RandomForest,0.21380669187932955,0.20880034337056907,0.2130890348366116,0.2136535985105758,0.2134776232999554,0.21306969801504105,0.21096428057817174,0.2127623332277525,0.2138276598224826
abalone,'Length',4177.0,0.1537,0.0376,0.075,0.815,0.5249,0.545,0.12,-0.6564,0.0798,0.08,0.165,0.0,0.0,0.0,0.0,0.0,0.0,4.5062,0.0055,AdaBoost,0.1027868354249154,0.10377676574744399,0.09827873662286501,0.09827873662286501,0.09827873662286501,0.09827873662286501,0.09827873662286501,0.10603721877645009,0.09827873662286501
abalone,'Length',4177.0,0.1537,0.0376,0.075,0.815,0.5249,0.545,0.12,-0.6564,0.0798,0.08,0.165,0.0,0.0,0.0,0.0,0.0,0.0,4.5062,0.0055,SVC,0.19748830641620116,0.1954369372394288,0.19669751610405656,0.1970763573855928,0.19669751610405656,0.19672887944311587,0.1954008690566815,0.1968394232270732,0.19660604998647152
abalone,'Length',4177.0,0.102,0.0355,0.11,0.815,0.5239,0.545,0.1202,-0.635,0.0353,0.08,0.165,0.0,0.0,0.0,0.0,0.0,0.0,4.5157,0.0055,DecisionTree,0.2050233663706971,0.19941859117708907,0.19402171009295613,0.19402171009295613,0.19402171009295613,0.19091183021765507,0.19625113054427853,0.20684615910686077,0.1963153660762622
abalone,'Length',4177.0,0.102,0.0355,0.11,0.815,0.5239,0.545,0.1202,-0.635,0.0353,0.08,0.165,0.0,0.0,0.0,0.0,0.0,0.0,4.5157,0.0055,LogisticRegression,0.20951849195910296,0.20553964169383873,0.20744480452767522,0.20693158290000022,0.20738937906765326,0.20818234360987145,0.20788333159834657,0.20799889845776912,0.20827675885591845
abalone,'Length',4177.0,0.102,0.0355,0.11,0.815,0.5239,0.545,0.1202,-0.635,0.0353,0.08,0.165,0.0,0.0,0.0,0.0,0.0,0.0,4.5157,0.0055,KNN,0.18500308723453363,0.18714599281387098,0.18764491715392734,0.18936581012109452,0.18859729664013025,0.1870710723729616,0.18643054850179286,0.187372632358326,0.18560634433397696
abalone,'Length',4177.0,0.102,0.0355,0.11,0.815,0.5239,0.545,0.1202,-0.635,0.0353,0.08,0.165,0.0,0.0,0.0,0.0,0.0,0.0,4.5157,0.0055,RandomForest,0.20704727134916315,0.20548254560524834,0.20663355667892874,0.2066918740101079,0.206648567153287,0.20755102634551617,0.20881108615839894,0.2080083469294265,0.2070916992690967
abalone,'Length',4177.0,0.102,0.0355,0.11,0.815,0.5239,0.545,0.1202,-0.635,0.0353,0.08,0.165,0.0,0.0,0.0,0.0,0.0,0.0,4.5157,0.0055,AdaBoost,0.12357344298761766,0.11438699239697062,0.10794163745758749,0.10794163745758749,0.10794163745758749,0.1071539654759053,0.11264169334839637,0.10529677614963867,0.10988000600554684
abalone,'Length',4177.0,0.102,0.0355,0.11,0.815,0.5239,0.545,0.1202,-0.635,0.0353,0.08,0.165,0.0,0.0,0.0,0.0,0.0,0.0,4.5157,0.0055,SVC,0.20206066896359365,0.19784251074983433,0.19983337864753717,0.19999632640215328,0.19983337864753717,0.19983337864753717,0.19966316011702548,0.20334832011059864,0.19939299421392415
abalone,'Length',4177.0,0.0503,0.0335,0.075,0.815,0.5244,0.545,0.1199,-0.6483,0.0784,0.08,0.165,0.0,0.0,0.0,0.0,0.0,0.0,4.5121,0.0055,DecisionTree,0.20905598803132336,0.20806392956770273,0.2121894609155082,0.2121894609155082,0.2121894609155082,0.2121894609155082,0.20878296717517314,0.21220325424589248,0.2121894609155082
abalone,'Length',4177.0,0.0503,0.0335,0.075,0.815,0.5244,0.545,0.1199,-0.6483,0.0784,0.08,0.165,0.0,0.0,0.0,0.0,0.0,0.0,4.5121,0.0055,LogisticRegression,0.2103945251854169,0.20630114741050165,0.20896406500906115,0.20986675804038799,0.2112970982117443,0.2101618566504158,0.21022217192680465,0.21028142629852065,0.21001873464821294
abalone,'Length',4177.0,0.0503,0.0335,0.075,0.815,0.5244,0.545,0.1199,-0.6483,0.0784,0.08,0.165,0.0,0.0,0.0,0.0,0.0,0.0,4.5121,0.0055,KNN,0.18678473358856135,0.19086911717201124,0.1850527676294506,0.18936128019750295,0.18811632502280606,0.18842542026575562,0.18992401587685573,0.18784429376421305,0.18937063471423488
abalone,'Length',4177.0,0.0503,0.0335,0.075,0.815,0.5244,0.545,0.1199,-0.6483,0.0784,0.08,0.165,0.0,0.0,0.0,0.0,0.0,0.0,4.5121,0.0055,RandomForest,0.20985193000591298,0.2110286244737723,0.20865806518956204,0.20850651111133073,0.20892684405974743,0.20892684405974743,0.20979540091646576,0.21259021611440468,0.2083246677937576
abalone,'Length',4177.0,0.0503,0.0335,0.075,0.815,0.5244,0.545,0.1199,-0.6483,0.0784,0.08,0.165,0.0,0.0,0.0,0.0,0.0,0.0,4.5121,0.0055,AdaBoost,0.10678962030554612,0.10592684909953512,0.09962973973662974,0.09962973973662974,0.09962973973662974,0.09962973973662974,0.09962973973662974,0.108819397974876,0.09962973973662974
abalone,'Length',4177.0,0.0503,0.0335,0.075,0.815,0.5244,0.545,0.1199,-0.6483,0.0784,0.08,0.165,0.0,0.0,0.0,0.0,0.0,0.0,4.5121,0.0055,SVC,0.20289816223489604,0.1986980163450831,0.19882219359779985,0.19852805805704032,0.19852805805704032,0.19894730032087965,0.19930691224287683,0.20131257776348238,0.1989595877216247
BachChoralHarmony,V2,5665.0,0.4999,0.0657,1.0,207.0,53.4875,48.0,37.3946,0.9176,0.8528,26.0,52.0,0.0663,0.0663,0.0465,0.0465,0.0617,0.0617,4.8664,0.0027,DecisionTree,0.4396296742243173,0.4410086459396955,0.44153698182389917,0.4398863798578506,0.4407689513016626,0.44305603384476033,0.4374730158164078,0.434239061754097,0.4395519313545539
BachChoralHarmony,V2,5665.0,0.4999,0.0657,1.0,207.0,53.4875,48.0,37.3946,0.9176,0.8528,26.0,52.0,0.0663,0.0663,0.0465,0.0465,0.0617,0.0617,4.8664,0.0027,LogisticRegression,0.5104732466334394,0.5058047792733996,0.5130807622793268,0.5117399753315203,0.5126432866726588,0.5134313760371818,0.509767772537642,0.506839099676658,0.513058789062396
BachChoralHarmony,V2,5665.0,0.4999,0.0657,1.0,207.0,53.4875,48.0,37.3946,0.9176,0.8528,26.0,52.0,0.0663,0.0663,0.0465,0.0465,0.0617,0.0617,4.8664,0.0027,KNN,0.46344248162812196,0.4569616803781205,0.46354369326535616,0.4626260387472914,0.4641900049580592,0.46081286468768995,0.46074163149974,0.4595893496558349,0.46218761743371717
BachChoralHarmony,V2,5665.0,0.4999,0.0657,1.0,207.0,53.4875,48.0,37.3946,0.9176,0.8528,26.0,52.0,0.0663,0.0663,0.0465,0.0465,0.0617,0.0617,4.8664,0.0027,RandomForest,0.4795648299363676,0.48030364635935313,0.4824739114751082,0.4815274507127545,0.4822449947676688,0.47955793220256676,0.47329341576935546,0.4744525163932062,0.48111006328214756
BachChoralHarmony,V2,5665.0,0.4999,0.0657,1.0,207.0,53.4875,48.0,37.3946,0.9176,0.8528,26.0,52.0,0.0663,0.0663,0.0465,0.0465,0.0617,0.0617,4.8664,0.0027,AdaBoost,0.059866763602381766,0.059866763602381766,0.059866763602381766,0.059866763602381766,0.059866763602381766,0.059866763602381766,0.059866763602381766,0.059866763602381766,0.059866763602381766
BachChoralHarmony,V2,5665.0,0.4999,0.0657,1.0,207.0,53.4875,48.0,37.3946,0.9176,0.8528,26.0,52.0,0.0663,0.0663,0.0465,0.0465,0.0617,0.0617,4.8664,0.0027,SVC,0.5086804588794346,0.5041570834511356,0.5059208051966055,0.5068531351537847,0.5077149361557031,0.5072075798510334,0.5066864130067752,0.5028579186528568,0.5071370393880441
BachChoralHarmony,V2,5665.0,0.4498,0.0603,1.0,207.0,53.1113,48.0,37.1145,0.9349,0.8652,25.0,50.0,0.0695,0.0695,0.0471,0.0471,0.0628,0.0628,4.8603,0.0025,DecisionTree,0.4436164823104247,0.442657295879966,0.440216005330725,0.44612125194893887,0.4370633174585928,0.44462433276207647,0.4387725271598686,0.43702928575115324,0.43991876170516664
BachChoralHarmony,V2,5665.0,0.4498,0.0603,1.0,207.0,53.1113,48.0,37.1145,0.9349,0.8652,25.0,50.0,0.0695,0.0695,0.0471,0.0471,0.0628,0.0628,4.8603,0.0025,LogisticRegression,0.5112837004471988,0.5105747084089967,0.5102879158621427,0.5118273510754309,0.5118611655985917,0.5114332573751887,0.5123933701383051,0.5089470065811246,0.5109278960476877
BachChoralHarmony,V2,5665.0,0.4498,0.0603,1.0,207.0,53.1113,48.0,37.1145,0.9349,0.8652,25.0,50.0,0.0695,0.0695,0.0471,0.0471,0.0628,0.0628,4.8603,0.0025,KNN,0.46144555282593214,0.458882791378821,0.4633043388100464,0.4622161523414168,0.46190295837851225,0.4614733302839052,0.4665959472256603,0.45610054199816286,0.462555182891919
BachChoralHarmony,V2,5665.0,0.4498,0.0603,1.0,207.0,53.1113,48.0,37.1145,0.9349,0.8652,25.0,50.0,0.0695,0.0695,0.0471,0.0471,0.0628,0.0628,4.8603,0.0025,RandomForest,0.476582968433391,0.4716766846505196,0.4738081934522828,0.47797039165292965,0.47967501734827284,0.4777174629439179,0.4684654450148805,0.4707673868251967,0.47963074690332774
BachChoralHarmony,V2,5665.0,0.4498,0.0603,1.0,207.0,53.1113,48.0,37.1145,0.9349,0.8652,25.0,50.0,0.0695,0.0695,0.0471,0.0471,0.0628,0.0628,4.8603,0.0025,AdaBoost,0.059866763602381766,0.059866763602381766,0.059866763602381766,0.059866763602381766,0.059866763602381766,0.059866763602381766,0.059866763602381766,0.059866763602381766,0.059866763602381766
BachChoralHarmony,V2,5665.0,0.4498,0.0603,1.0,207.0,53.1113,48.0,37.1145,0.9349,0.8652,25.0,50.0,0.0695,0.0695,0.0471,0.0471,0.0628,0.0628,4.8603,0.0025,SVC,0.5065742606897328,0.4990309475210072,0.5053228053086738,0.5075988851372106,0.5070057178338032,0.5078770552148871,0.5062982470102897,0.49989797825905763,0.5072902954688336
BachChoralHarmony,V2,5665.0,0.4049,0.0561,1.0,206.0,53.9973,49.0,37.4122,0.8717,0.613,26.0,51.0,0.0758,0.0758,0.0493,0.0493,0.0656,0.0656,4.8802,0.0027,DecisionTree,0.44411483772743005,0.4383600122712562,0.44293863225403063,0.43972886976994413,0.4382055244515799,0.4439832601226373,0.4398939042850262,0.43428504852497346,0.43909724763775254
BachChoralHarmony,V2,5665.0,0.4049,0.0561,1.0,206.0,53.9973,49.0,37.4122,0.8717,0.613,26.0,51.0,0.0758,0.0758,0.0493,0.0493,0.0656,0.0656,4.8802,0.0027,LogisticRegression,0.5104185116884811,0.5094878855035005,0.5103797785950861,0.5100261641064147,0.5095186054263469,0.5114271147151873,0.5109010270815676,0.5100395598322301,0.5115302957587753
BachChoralHarmony,V2,5665.0,0.4049,0.0561,1.0,206.0,53.9973,49.0,37.4122,0.8717,0.613,26.0,51.0,0.0758,0.0758,0.0493,0.0493,0.0656,0.0656,4.8802,0.0027,KNN,0.4622338915720339,0.45973907159772526,0.46121681410376036,0.46146278184423206,0.46147430289746616,0.46188415721104004,0.46388317912396004,0.4614409303113266,0.4629907376374476
BachChoralHarmony,V2,5665.0,0.4049,0.0561,1.0,206.0,53.9973,49.0,37.4122,0.8717,0.613,26.0,51.0,0.0758,0.0758,0.0493,0.0493,0.0656,0.0656,4.8802,0.0027,RandomForest,0.47912673142848244,0.4767237612130704,0.48351630709271204,0.48161669873492924,0.48381667985832355,0.48247244600201866,0.47841295477855755,0.4767017733568057,0.4813666704340061
BachChoralHarmony,V2,5665.0,0.4049,0.0561,1.0,206.0,53.9973,49.0,37.4122,0.8717,0.613,26.0,51.0,0.0758,0.0758,0.0493,0.0493,0.0656,0.0656,4.8802,0.0027,AdaBoost,0.059866763602381766,0.059866763602381766,0.059866763602381766,0.059866763602381766,0.059866763602381766,0.059866763602381766,0.059866763602381766,0.059866763602381766,0.059866763602381766
BachChoralHarmony,V2,5665.0,0.4049,0.0561,1.0,206.0,53.9973,49.0,37.4122,0.8717,0.613,26.0,51.0,0.0758,0.0758,0.0493,0.0493,0.0656,0.0656,4.8802,0.0027,SVC,0.512732162693558,0.5053317171149221,0.5095078312127073,0.5099597470850027,0.5102402780441248,0.509386050700146,0.510710986995643,0.5057733015238342,0.5091100599714109
BachChoralHarmony,V2,5665.0,0.3559,0.0529,1.0,206.0,53.3316,48.0,36.9059,0.9125,0.7842,25.0,51.0,0.08,0.08,0.0508,0.0508,0.0677,0.0677,4.8707,0.0026,DecisionTree,0.43953571983069417,0.4363841917953746,0.4344763592112042,0.43351343576247947,0.4348011459669526,0.43699372013493754,0.4375860413390378,0.43128412822702417,0.4370609611729876
BachChoralHarmony,V2,5665.0,0.3559,0.0529,1.0,206.0,53.3316,48.0,36.9059,0.9125,0.7842,25.0,51.0,0.08,0.08,0.0508,0.0508,0.0677,0.0677,4.8707,0.0026,LogisticRegression,0.5110166195606108,0.5097279153547402,0.5105781444543429,0.5122594319904727,0.5125536658337694,0.512506012974498,0.5118315435251769,0.5104515289482049,0.5122809827257464
BachChoralHarmony,V2,5665.0,0.3559,0.0529,1.0,206.0,53.3316,48.0,36.9059,0.9125,0.7842,25.0,51.0,0.08,0.08,0.0508,0.0508,0.0677,0.0677,4.8707,0.0026,KNN,0.4632833946498381,0.46364555489605297,0.46025899236521484,0.46055109321638577,0.4650369082765027,0.4628020701142038,0.4628996131815322,0.4644239156882093,0.46294079038642283
BachChoralHarmony,V2,5665.0,0.3559,0.0529,1.0,206.0,53.3316,48.0,36.9059,0.9125,0.7842,25.0,51.0,0.08,0.08,0.0508,0.0508,0.0677,0.0677,4.8707,0.0026,RandomForest,0.4790373648283269,0.4726253908117795,0.4756837119790285,0.4784078629635211,0.47988621159108724,0.48044859755989977,0.4738978273921341,0.4735130917361649,0.4817448558890999
BachChoralHarmony,V2,5665.0,0.3559,0.0529,1.0,206.0,53.3316,48.0,36.9059,0.9125,0.7842,25.0,51.0,0.08,0.08,0.0508,0.0508,0.0677,0.0677,4.8707,0.0026,AdaBoost,0.059866763602381766,0.059866763602381766,0.059866763602381766,0.059866763602381766,0.059866763602381766,0.059866763602381766,0.059866763602381766,0.059866763602381766,0.059866763602381766
BachChoralHarmony,V2,5665.0,0.3559,0.0529,1.0,206.0,53.3316,48.0,36.9059,0.9125,0.7842,25.0,51.0,0.08,0.08,0.0508,0.0508,0.0677,0.0677,4.8707,0.0026,SVC,0.5081927463042121,0.5047629059634072,0.5084557048265363,0.5077217187212819,0.5088801777145092,0.5088309840862052,0.5069952793146951,0.5049788510981912,0.5086800332297201
BachChoralHarmony,V2,5665.0,0.2985,0.0488,1.0,205.0,53.699,48.0,37.4288,0.9017,0.7122,25.0,51.0,0.0798,0.0798,0.0498,0.0498,0.0665,0.0665,4.8802,0.0024,DecisionTree,0.4365259908460182,0.43809901365378706,0.44356435302010805,0.4418242767530848,0.4441265040364927,0.44775961989920837,0.43864697223773824,0.43840000158001435,0.444721847867014
BachChoralHarmony,V2,5665.0,0.2985,0.0488,1.0,205.0,53.699,48.0,37.4288,0.9017,0.7122,25.0,51.0,0.0798,0.0798,0.0498,0.0498,0.0665,0.0665,4.8802,0.0024,LogisticRegression,0.5108280143402378,0.5064509014576927,0.5133516277153887,0.5125514152149805,0.5104189919877535,0.5117751754925808,0.5112202748146847,0.506170264281637,0.5121420593540004
BachChoralHarmony,V2,5665.0,0.2985,0.0488,1.0,205.0,53.699,48.0,37.4288,0.9017,0.7122,25.0,51.0,0.0798,0.0798,0.0498,0.0498,0.0665,0.0665,4.8802,0.0024,KNN,0.4728741383037,0.4677005586440246,0.4696519145785441,0.47224862204254214,0.47216419404493226,0.4699426381775183,0.46974447176912265,0.46929906801366655,0.46971011677449614
BachChoralHarmony,V2,5665.0,0.2985,0.0488,1.0,205.0,53.699,48.0,37.4288,0.9017,0.7122,25.0,51.0,0.0798,0.0798,0.0498,0.0498,0.0665,0.0665,4.8802,0.0024,RandomForest,0.48042387299479994,0.47692243105636745,0.4795254035588923,0.4821298192524047,0.4826325445680419,0.48229712707086236,0.4797296423567108,0.4735792398912669,0.48378438475381885
BachChoralHarmony,V2,5665.0,0.2985,0.0488,1.0,205.0,53.699,48.0,37.4288,0.9017,0.7122,25.0,51.0,0.0798,0.0798,0.0498,0.0498,0.0665,0.0665,4.8802,0.0024,AdaBoost,0.059866763602381766,0.059866763602381766,0.059866763602381766,0.059866763602381766,0.059866763602381766,0.059866763602381766,0.059866763602381766,0.059866763602381766,0.059866763602381766
BachChoralHarmony,V2,5665.0,0.2985,0.0488,1.0,205.0,53.699,48.0,37.4288,0.9017,0.7122,25.0,51.0,0.0798,0.0798,0.0498,0.0498,0.0665,0.0665,4.8802,0.0024,SVC,0.5125133466377135,0.5067444859089265,0.5097355819064768,0.5107430868295848,0.5110516057170018,0.5111996216930287,0.509352526765514,0.5083957461397632,0.5113640648124305
BachChoralHarmony,V2,5665.0,0.2431,0.0462,1.0,207.0,53.4391,48.0,37.1219,0.9133,0.8222,25.0,51.0,0.0691,0.0691,0.0483,0.0483,0.0643,0.0643,4.8765,0.0024,DecisionTree,0.4467216392119049,0.4492437873106855,0.44698085697920964,0.44415078828167165,0.4456010552370051,0.44318176183402463,0.44742960132887344,0.44207335458480657,0.4424127450083518
BachChoralHarmony,V2,5665.0,0.2431,0.0462,1.0,207.0,53.4391,48.0,37.1219,0.9133,0.8222,25.0,51.0,0.0691,0.0691,0.0483,0.0483,0.0643,0.0643,4.8765,0.0024,LogisticRegression,0.508778424438107,0.5069534488555063,0.511264460169503,0.5102249299926593,0.5108864691885738,0.5104320024219122,0.5094720754403871,0.5067615310784972,0.5108796406101095
BachChoralHarmony,V2,5665.0,0.2431,0.0462,1.0,207.0,53.4391,48.0,37.1219,0.9133,0.8222,25.0,51.0,0.0691,0.0691,0.0483,0.0483,0.0643,0.0643,4.8765,0.0024,KNN,0.46795913275157075,0.46273836278528746,0.46748261539890434,0.4682264236393111,0.46915321805700905,0.47122812149501253,0.4691935892030893,0.4647624641424284,0.47017900948170094
BachChoralHarmony,V2,5665.0,0.2431,0.0462,1.0,207.0,53.4391,48.0,37.1219,0.9133,0.8222,25.0,51.0,0.0691,0.0691,0.0483,0.0483,0.0643,0.0643,4.8765,0.0024,RandomForest,0.4862431770307138,0.4822921306878344,0.48237559496058013,0.483639153566264,0.4837202520088424,0.48673893210518526,0.48108277768037827,0.4777303065202721,0.4849357723769855
BachChoralHarmony,V2,5665.0,0.2431,0.0462,1.0,207.0,53.4391,48.0,37.1219,0.9133,0.8222,25.0,51.0,0.0691,0.0691,0.0483,0.0483,0.0643,0.0643,4.8765,0.0024,AdaBoost,0.059866763602381766,0.059866763602381766,0.059866763602381766,0.059866763602381766,0.059866763602381766,0.059866763602381766,0.059866763602381766,0.059866763602381766,0.059866763602381766
BachChoralHarmony,V2,5665.0,0.2431,0.0462,1.0,207.0,53.4391,48.0,37.1219,0.9133,0.8222,25.0,51.0,0.0691,0.0691,0.0483,0.0483,0.0643,0.0643,4.8765,0.0024,SVC,0.5078312245793718,0.5072297465083884,0.5077074154421446,0.5079810206694707,0.5081158389619482,0.5083804420434841,0.5070529648743938,0.5077610008334161,0.5083713996129586
BachChoralHarmony,V2,5665.0,0.1974,0.0429,1.0,206.0,53.5067,48.0,37.2012,0.9015,0.759,25.0,51.0,0.0857,0.0857,0.0601,0.0601,0.0801,0.0801,4.8778,0.0024,DecisionTree,0.4395933548728138,0.44175213831072996,0.4407866005559382,0.44462080786560776,0.44114644001041814,0.4474410169772435,0.4409172919843843,0.4385360870095565,0.4442375960434781
BachChoralHarmony,V2,5665.0,0.1974,0.0429,1.0,206.0,53.5067,48.0,37.2012,0.9015,0.759,25.0,51.0,0.0857,0.0857,0.0601,0.0601,0.0801,0.0801,4.8778,0.0024,LogisticRegression,0.5116411052055327,0.5108401505410316,0.5115697229419979,0.5117551994771481,0.5123520597000355,0.5127251646511927,0.5114932221409307,0.5108601240967737,0.5121320417862782
BachChoralHarmony,V2,5665.0,0.1974,0.0429,1.0,206.0,53.5067,48.0,37.2012,0.9015,0.759,25.0,51.0,0.0857,0.0857,0.0601,0.0601,0.0801,0.0801,4.8778,0.0024,KNN,0.4656301254817891,0.46347708463124404,0.46860955089709166,0.4664844909913821,0.4679540572107059,0.4668520380265803,0.4681620510724137,0.462544575166298,0.467545455394588
BachChoralHarmony,V2,5665.0,0.1974,0.0429,1.0,206.0,53.5067,48.0,37.2012,0.9015,0.759,25.0,51.0,0.0857,0.0857,0.0601,0.0601,0.0801,0.0801,4.8778,0.0024,RandomForest,0.47935359687545936,0.47998089130181115,0.4817200107181559,0.4813599535500956,0.48183438342683604,0.48126446316373717,0.48465909959256254,0.47471762614824853,0.47884206204418206
BachChoralHarmony,V2,5665.0,0.1974,0.0429,1.0,206.0,53.5067,48.0,37.2012,0.9015,0.759,25.0,51.0,0.0857,0.0857,0.0601,0.0601,0.0801,0.0801,4.8778,0.0024,AdaBoost,0.059866763602381766,0.059866763602381766,0.059866763602381766,0.059866763602381766,0.059866763602381766,0.059866763602381766,0.059866763602381766,0.059866763602381766,0.059866763602381766
BachChoralHarmony,V2,5665.0,0.1974,0.0429,1.0,206.0,53.5067,48.0,37.2012,0.9015,0.759,25.0,51.0,0.0857,0.0857,0.0601,0.0601,0.0801,0.0801,4.8778,0.0024,SVC,0.510572036972381,0.5037822972286189,0.5084168544820244,0.5085254764677891,0.5093584430945487,0.5080396703662056,0.5105811767448383,0.5040619351325828,0.5077554713643998
BachChoralHarmony,V2,5665.0,0.1421,0.0422,1.0,207.0,53.5438,48.0,37.3971,0.9427,0.9015,25.0,51.0,0.0744,0.0744,0.0488,0.0488,0.0651,0.0651,4.883,0.0022,DecisionTree,0.4469970230671633,0.44650735663176694,0.4431469647475979,0.4476980712637663,0.4473232137461932,0.4450641295617496,0.4469404200383199,0.4459873745764797,0.4410708860717242
BachChoralHarmony,V2,5665.0,0.1421,0.0422,1.0,207.0,53.5438,48.0,37.3971,0.9427,0.9015,25.0,51.0,0.0744,0.0744,0.0488,0.0488,0.0651,0.0651,4.883,0.0022,LogisticRegression,0.5102466867373214,0.5118509637190967,0.5114290635039137,0.5110916506660328,0.5106646006284037,0.5110212278935332,0.5097248240398684,0.5108627704255181,0.5116553062738926
BachChoralHarmony,V2,5665.0,0.1421,0.0422,1.0,207.0,53.5438,48.0,37.3971,0.9427,0.9015,25.0,51.0,0.0744,0.0744,0.0488,0.0488,0.0651,0.0651,4.883,0.0022,KNN,0.46739923427621644,0.4652067335039424,0.4671629817187107,0.46866423634516324,0.46880968246844074,0.46740493297164976,0.46738391356521514,0.4660211266244161,0.46818962541963793
BachChoralHarmony,V2,5665.0,0.1421,0.0422,1.0,207.0,53.5438,48.0,37.3971,0.9427,0.9015,25.0,51.0,0.0744,0.0744,0.0488,0.0488,0.0651,0.0651,4.883,0.0022,RandomForest,0.48712271823557585,0.4842383547249866,0.48600895374140374,0.4843369191816361,0.4850609014000248,0.4863769921949207,0.48380004839130214,0.47933647326634177,0.4860453107488541
BachChoralHarmony,V2,5665.0,0.1421,0.0422,1.0,207.0,53.5438,48.0,37.3971,0.9427,0.9015,25.0,51.0,0.0744,0.0744,0.0488,0.0488,0.0651,0.0651,4.883,0.0022,AdaBoost,0.059866763602381766,0.059866763602381766,0.059866763602381766,0.059866763602381766,0.059866763602381766,0.059866763602381766,0.059866763602381766,0.059866763602381766,0.059866763602381766
BachChoralHarmony,V2,5665.0,0.1421,0.0422,1.0,207.0,53.5438,48.0,37.3971,0.9427,0.9015,25.0,51.0,0.0744,0.0744,0.0488,0.0488,0.0651,0.0651,4.883,0.0022,SVC,0.5099177943823106,0.5061524001021681,0.5095004846175027,0.5103467441217451,0.5103844002438352,0.5106295166786494,0.5101752857662849,0.5066702240103118,0.5101044137859023
BachChoralHarmony,V2,5665.0,0.1011,0.0397,1.0,207.0,53.2467,48.0,37.0733,0.9201,0.8321,25.0,51.0,0.067,0.067,0.0455,0.0455,0.0606,0.0606,4.8776,0.0023,DecisionTree,0.4431802833865905,0.4437552950674462,0.44278537359461956,0.4443081967992816,0.44495186318146046,0.44366311655181034,0.44649241148493357,0.44720759899185275,0.4435594606587778
BachChoralHarmony,V2,5665.0,0.1011,0.0397,1.0,207.0,53.2467,48.0,37.0733,0.9201,0.8321,25.0,51.0,0.067,0.067,0.0455,0.0455,0.0606,0.0606,4.8776,0.0023,LogisticRegression,0.5111160093774931,0.510719020803358,0.512144293101309,0.5120494959922318,0.5120648711903523,0.511545187091093,0.5113651890974535,0.509899571237229,0.5119295645331143
BachChoralHarmony,V2,5665.0,0.1011,0.0397,1.0,207.0,53.2467,48.0,37.0733,0.9201,0.8321,25.0,51.0,0.067,0.067,0.0455,0.0455,0.0606,0.0606,4.8776,0.0023,KNN,0.46696831305731035,0.4679930318970879,0.4665419491888075,0.465682040273934,0.4667916103496483,0.46768876242779334,0.467188992289432,0.46892870733442277,0.46806416495888936
BachChoralHarmony,V2,5665.0,0.1011,0.0397,1.0,207.0,53.2467,48.0,37.0733,0.9201,0.8321,25.0,51.0,0.067,0.067,0.0455,0.0455,0.0606,0.0606,4.8776,0.0023,RandomForest,0.4831541978837155,0.4823821162311735,0.48354869957597113,0.4847271708211665,0.47645991173317126,0.47891972761753504,0.4800955769802696,0.48120776678304017,0.4819125437560203
BachChoralHarmony,V2,5665.0,0.1011,0.0397,1.0,207.0,53.2467,48.0,37.0733,0.9201,0.8321,25.0,51.0,0.067,0.067,0.0455,0.0455,0.0606,0.0606,4.8776,0.0023,AdaBoost,0.059866763602381766,0.059866763602381766,0.059866763602381766,0.059866763602381766,0.059866763602381766,0.059866763602381766,0.059866763602381766,0.059866763602381766,0.059866763602381766
BachChoralHarmony,V2,5665.0,0.1011,0.0397,1.0,207.0,53.2467,48.0,37.0733,0.9201,0.8321,25.0,51.0,0.067,0.067,0.0455,0.0455,0.0606,0.0606,4.8776,0.0023,SVC,0.5100505364572391,0.5066534644647414,0.5101791833929767,0.5106174562125141,0.5106311700170347,0.5101559877485612,0.5103799768610651,0.5065515803884705,0.5101160419823941
BachChoralHarmony,V2,5665.0,0.0492,0.0379,1.0,207.0,53.4738,48.0,37.1842,0.92,0.8215,25.0,51.0,0.0762,0.0762,0.0531,0.0531,0.0706,0.0706,4.8827,0.0023,DecisionTree,0.4507774711344874,0.4491955088172809,0.4460377985693011,0.44653176772361913,0.4469837789375649,0.4492151071125867,0.44859722617232123,0.45278552080794354,0.4458287170110876
BachChoralHarmony,V2,5665.0,0.0492,0.0379,1.0,207.0,53.4738,48.0,37.1842,0.92,0.8215,25.0,51.0,0.0762,0.0762,0.0531,0.0531,0.0706,0.0706,4.8827,0.0023,LogisticRegression,0.5104968593766068,0.5111564798889139,0.5124044173459706,0.5109653189989605,0.5117340986570207,0.5105900399142107,0.5119119481368881,0.5101882043337249,0.5115443863002684
BachChoralHarmony,V2,5665.0,0.0492,0.0379,1.0,207.0,53.4738,48.0,37.1842,0.92,0.8215,25.0,51.0,0.0762,0.0762,0.0531,0.0531,0.0706,0.0706,4.8827,0.0023,KNN,0.4688844647851787,0.4687241208264374,0.4696087581496953,0.4693961811397118,0.46885252692077106,0.4690538484461073,0.46890836482881976,0.46851566866019634,0.46922278038051757
BachChoralHarmony,V2,5665.0,0.0492,0.0379,1.0,207.0,53.4738,48.0,37.1842,0.92,0.8215,25.0,51.0,0.0762,0.0762,0.0531,0.0531,0.0706,0.0706,4.8827,0.0023,RandomForest,0.4849538596341357,0.4848527034637376,0.48270537553604487,0.4854057729615631,0.48515229850286345,0.4865204801603008,0.48453985931629473,0.48714926416934157,0.4863482731527297
BachChoralHarmony,V2,5665.0,0.0492,0.0379,1.0,207.0,53.4738,48.0,37.1842,0.92,0.8215,25.0,51.0,0.0762,0.0762,0.0531,0.0531,0.0706,0.0706,4.8827,0.0023,AdaBoost,0.059866763602381766,0.059866763602381766,0.059866763602381766,0.059866763602381766,0.059866763602381766,0.059866763602381766,0.059866763602381766,0.059866763602381766,0.059866763602381766
BachChoralHarmony,V2,5665.0,0.0492,0.0379,1.0,207.0,53.4738,48.0,37.1842,0.92,0.8215,25.0,51.0,0.0762,0.0762,0.0531,0.0531,0.0706,0.0706,4.8827,0.0023,SVC,0.5098881673120198,0.5084994659970119,0.5102465555180752,0.5096224031034386,0.509809909468075,0.5103314867054325,0.5101179063395698,0.5085609371984241,0.510096614751695
BachChoralHarmony,V16,5665.0,0.5001,0.0018,1.0,5.0,3.1342,3.0,1.1119,0.3812,-0.9426,1.0,2.0,0.0918,0.0918,0.0641,0.0641,0.0852,0.0852,1.4098,1.586,DecisionTree,0.468125978944425,0.4607776809830607,0.4563544391031067,0.450255117188372,0.454873037345905,0.44842009888753265,0.4447217733964317,0.43422960661503224,0.4488218684417793
BachChoralHarmony,V16,5665.0,0.5001,0.0018,1.0,5.0,3.1342,3.0,1.1119,0.3812,-0.9426,1.0,2.0,0.0918,0.0918,0.0641,0.0641,0.0852,0.0852,1.4098,1.586,LogisticRegression,0.5120332831351146,0.5113011053035275,0.5143112848443738,0.5108977500000313,0.5126061576776879,0.5103690616223296,0.512601436258423,0.5115362299169056,0.5110209291299384
BachChoralHarmony,V16,5665.0,0.5001,0.0018,1.0,5.0,3.1342,3.0,1.1119,0.3812,-0.9426,1.0,2.0,0.0918,0.0918,0.0641,0.0641,0.0852,0.0852,1.4098,1.586,KNN,0.46588786393400344,0.4667208991686695,0.4673199037303584,0.4664505318348874,0.4671071815009059,0.4695013153649105,0.4639920042963043,0.46121429396342184,0.4678384387631712
BachChoralHarmony,V16,5665.0,0.5001,0.0018,1.0,5.0,3.1342,3.0,1.1119,0.3812,-0.9426,1.0,2.0,0.0918,0.0918,0.0641,0.0641,0.0852,0.0852,1.4098,1.586,RandomForest,0.4993033883695145,0.5021736463946566,0.5024060337560978,0.5037123931354242,0.5033233844891307,0.4981676906935726,0.494336145567021,0.48766547550464884,0.5028457267402467
BachChoralHarmony,V16,5665.0,0.5001,0.0018,1.0,5.0,3.1342,3.0,1.1119,0.3812,-0.9426,1.0,2.0,0.0918,0.0918,0.0641,0.0641,0.0852,0.0852,1.4098,1.586,AdaBoost,0.059866763602381766,0.059866763602381766,0.059866763602381766,0.059866763602381766,0.059866763602381766,0.059866763602381766,0.059866763602381766,0.059866763602381766,0.059866763602381766
BachChoralHarmony,V16,5665.0,0.5001,0.0018,1.0,5.0,3.1342,3.0,1.1119,0.3812,-0.9426,1.0,2.0,0.0918,0.0918,0.0641,0.0641,0.0852,0.0852,1.4098,1.586,SVC,0.5076771228942426,0.5090687223291139,0.5098611861401283,0.510364118727362,0.5089066574175946,0.5095598419933134,0.5081846207151588,0.507908319496603,0.5089484555108694
BachChoralHarmony,V16,5665.0,0.4563,0.0016,1.0,5.0,3.1026,3.0,1.1028,0.4096,-0.8734,1.0,2.0,0.076,0.076,0.0485,0.0485,0.0645,0.0645,1.4062,4.0794,DecisionTree,0.46443967305610223,0.4622053153327763,0.460616448402906,0.45284028901222084,0.45996103941150296,0.45920447373832324,0.45649248412551996,0.4497459642250351,0.45846027693905705
BachChoralHarmony,V16,5665.0,0.4563,0.0016,1.0,5.0,3.1026,3.0,1.1028,0.4096,-0.8734,1.0,2.0,0.076,0.076,0.0485,0.0485,0.0645,0.0645,1.4062,4.0794,LogisticRegression,0.5121092501325463,0.513102925261961,0.5103692625627178,0.5115214065384763,0.5126460974456096,0.5121254436277966,0.5118754417747629,0.5103519893520336,0.5119823772986706
BachChoralHarmony,V16,5665.0,0.4563,0.0016,1.0,5.0,3.1026,3.0,1.1028,0.4096,-0.8734,1.0,2.0,0.076,0.076,0.0485,0.0485,0.0645,0.0645,1.4062,4.0794,KNN,0.4672513374490531,0.4620374736364281,0.4647809426627693,0.46506168720475644,0.4657760097796218,0.46411978309771074,0.46770741330991616,0.466116210068764,0.46538876128298434
BachChoralHarmony,V16,5665.0,0.4563,0.0016,1.0,5.0,3.1026,3.0,1.1028,0.4096,-0.8734,1.0,2.0,0.076,0.076,0.0485,0.0485,0.0645,0.0645,1.4062,4.0794,RandomForest,0.4973410775995399,0.4954859630335503,0.4996749297748835,0.49813177576268786,0.4991865794504729,0.4974820415296876,0.48739725500903813,0.49213555183362157,0.4981776634694798
BachChoralHarmony,V16,5665.0,0.4563,0.0016,1.0,5.0,3.1026,3.0,1.1028,0.4096,-0.8734,1.0,2.0,0.076,0.076,0.0485,0.0485,0.0645,0.0645,1.4062,4.0794,AdaBoost,0.059866763602381766,0.059866763602381766,0.059866763602381766,0.059866763602381766,0.059866763602381766,0.059866763602381766,0.059866763602381766,0.059866763602381766,0.059866763602381766
BachChoralHarmony,V16,5665.0,0.4563,0.0016,1.0,5.0,3.1026,3.0,1.1028,0.4096,-0.8734,1.0,2.0,0.076,0.076,0.0485,0.0485,0.0645,0.0645,1.4062,4.0794,SVC,0.5056878416355234,0.5027653376678292,0.5095482737823236,0.5081154637847741,0.5088304116552768,0.5075238047582159,0.5070116687102268,0.5054658255426405,0.5083370544430719
BachChoralHarmony,V16,5665.0,0.3931,0.0015,1.0,5.0,3.1201,3.0,1.1031,0.3869,-0.8972,1.0,2.0,0.0852,0.0852,0.0555,0.0555,0.074,0.074,1.4095,1.4968,DecisionTree,0.4551321216764067,0.45089808897086187,0.4543726880527549,0.4461864796265885,0.44502414576448696,0.44636454435686007,0.44692892477731655,0.4439315724599035,0.44445767321358776
BachChoralHarmony,V16,5665.0,0.3931,0.0015,1.0,5.0,3.1201,3.0,1.1031,0.3869,-0.8972,1.0,2.0,0.0852,0.0852,0.0555,0.0555,0.074,0.074,1.4095,1.4968,LogisticRegression,0.5129996394064972,0.5114365210911878,0.5135919059870823,0.5120310591136522,0.5122153348261891,0.5124106540543891,0.5132383782834338,0.5108827640264577,0.5127696989577313
BachChoralHarmony,V16,5665.0,0.3931,0.0015,1.0,5.0,3.1201,3.0,1.1031,0.3869,-0.8972,1.0,2.0,0.0852,0.0852,0.0555,0.0555,0.074,0.074,1.4095,1.4968,KNN,0.46701251221192924,0.4672960831620169,0.46522581285811304,0.46687104723294176,0.468574178134547,0.4675484895055355,0.4659961418470161,0.4677770768554461,0.46764132905191896
BachChoralHarmony,V16,5665.0,0.3931,0.0015,1.0,5.0,3.1201,3.0,1.1031,0.3869,-0.8972,1.0,2.0,0.0852,0.0852,0.0555,0.0555,0.074,0.074,1.4095,1.4968,RandomForest,0.4932612814761818,0.4892683096069611,0.49579527529663553,0.4933174101797235,0.4912058698166077,0.48724760580456106,0.49173428307409395,0.4891133180819715,0.495061249777616
BachChoralHarmony,V16,5665.0,0.3931,0.0015,1.0,5.0,3.1201,3.0,1.1031,0.3869,-0.8972,1.0,2.0,0.0852,0.0852,0.0555,0.0555,0.074,0.074,1.4095,1.4968,AdaBoost,0.059866763602381766,0.059866763602381766,0.059866763602381766,0.059866763602381766,0.059866763602381766,0.059866763602381766,0.059866763602381766,0.059866763602381766,0.059866763602381766
BachChoralHarmony,V16,5665.0,0.3931,0.0015,1.0,5.0,3.1201,3.0,1.1031,0.3869,-0.8972,1.0,2.0,0.0852,0.0852,0.0555,0.0555,0.074,0.074,1.4095,1.4968,SVC,0.5067665824690436,0.5087946707865139,0.5079569852845256,0.5070561063947907,0.5070617895104103,0.5065971951224706,0.5068711872672493,0.5075261314264442,0.5065210469069881
BachChoralHarmony,V16,5665.0,0.3562,0.0014,1.0,5.0,3.1357,3.0,1.1145,0.3798,-0.9471,1.0,2.0,0.0781,0.0781,0.0561,0.0561,0.0748,0.0748,1.4106,3.1821,DecisionTree,0.45572494652225737,0.45257497502637445,0.457316703468711,0.45063906249668817,0.44866070074386316,0.4440001501868449,0.4360790194147812,0.44725375296862935,0.45116258418381877
BachChoralHarmony,V16,5665.0,0.3562,0.0014,1.0,5.0,3.1357,3.0,1.1145,0.3798,-0.9471,1.0,2.0,0.0781,0.0781,0.0561,0.0561,0.0748,0.0748,1.4106,3.1821,LogisticRegression,0.5110626406110446,0.5131955144710155,0.5104369589642299,0.5129677930666978,0.5114232622127235,0.5122411238214274,0.5131511566949694,0.5123320150397831,0.5126803843083777
BachChoralHarmony,V16,5665.0,0.3562,0.0014,1.0,5.0,3.1357,3.0,1.1145,0.3798,-0.9471,1.0,2.0,0.0781,0.0781,0.0561,0.0561,0.0748,0.0748,1.4106,3.1821,KNN,0.46265118824449747,0.4618088516897647,0.4627907876965752,0.4640871824717786,0.4636144576535772,0.46407865093573025,0.46264855612456757,0.4622440371669507,0.4651301902800239
BachChoralHarmony,V16,5665.0,0.3562,0.0014,1.0,5.0,3.1357,3.0,1.1145,0.3798,-0.9471,1.0,2.0,0.0781,0.0781,0.0561,0.0561,0.0748,0.0748,1.4106,3.1821,RandomForest,0.4932264364436221,0.49543370705273065,0.4957148542237684,0.49057349436970404,0.49477972990479874,0.4896104777945695,0.4894446077018888,0.49140585579796225,0.4926916080157526
BachChoralHarmony,V16,5665.0,0.3562,0.0014,1.0,5.0,3.1357,3.0,1.1145,0.3798,-0.9471,1.0,2.0,0.0781,0.0781,0.0561,0.0561,0.0748,0.0748,1.4106,3.1821,AdaBoost,0.059866763602381766,0.059866763602381766,0.059866763602381766,0.059866763602381766,0.059866763602381766,0.059866763602381766,0.059866763602381766,0.059866763602381766,0.059866763602381766
BachChoralHarmony,V16,5665.0,0.3562,0.0014,1.0,5.0,3.1357,3.0,1.1145,0.3798,-0.9471,1.0,2.0,0.0781,0.0781,0.0561,0.0561,0.0748,0.0748,1.4106,3.1821,SVC,0.5065810085967928,0.5083958298580179,0.5076649651630093,0.5074609139842918,0.5069617141909759,0.5067988585769283,0.5074794333863831,0.5047498291371065,0.5066371669333277
BachChoralHarmony,V16,5665.0,0.3001,0.0013,1.0,5.0,3.143,3.0,1.1067,0.3644,-0.9352,1.0,2.0,0.0593,0.0593,0.0401,0.0401,0.0534,0.0534,1.4121,1.4806,DecisionTree,0.4658726925858752,0.458236399249613,0.45246461409710836,0.4506180972501767,0.45476773338003557,0.45481120536379727,0.45789877401435686,0.4510548877160126,0.450953163961909
BachChoralHarmony,V16,5665.0,0.3001,0.0013,1.0,5.0,3.143,3.0,1.1067,0.3644,-0.9352,1.0,2.0,0.0593,0.0593,0.0401,0.0401,0.0534,0.0534,1.4121,1.4806,LogisticRegression,0.5122029706349129,0.5122117666306564,0.5124789093364516,0.5117255814623345,0.5116184058881469,0.5119982865012078,0.5130531996642469,0.5123637927934097,0.5110007960147583
BachChoralHarmony,V16,5665.0,0.3001,0.0013,1.0,5.0,3.143,3.0,1.1067,0.3644,-0.9352,1.0,2.0,0.0593,0.0593,0.0401,0.0401,0.0534,0.0534,1.4121,1.4806,KNN,0.4664212639053618,0.464820617440101,0.4666324196406004,0.46691897410411004,0.46678142017633373,0.4669781281357419,0.46306877690661413,0.46547105385053905,0.46753562056608494
BachChoralHarmony,V16,5665.0,0.3001,0.0013,1.0,5.0,3.143,3.0,1.1067,0.3644,-0.9352,1.0,2.0,0.0593,0.0593,0.0401,0.0401,0.0534,0.0534,1.4121,1.4806,RandomForest,0.49378888351438377,0.4968813836728585,0.49388084833085644,0.49332874839771557,0.4930257526976541,0.49150709482782995,0.49410364127616596,0.4906948064740564,0.49031543364904945
BachChoralHarmony,V16,5665.0,0.3001,0.0013,1.0,5.0,3.143,3.0,1.1067,0.3644,-0.9352,1.0,2.0,0.0593,0.0593,0.0401,0.0401,0.0534,0.0534,1.4121,1.4806,AdaBoost,0.059866763602381766,0.059866763602381766,0.059866763602381766,0.059866763602381766,0.059866763602381766,0.059866763602381766,0.059866763602381766,0.059866763602381766,0.059866763602381766
BachChoralHarmony,V16,5665.0,0.3001,0.0013,1.0,5.0,3.143,3.0,1.1067,0.3644,-0.9352,1.0,2.0,0.0593,0.0593,0.0401,0.0401,0.0534,0.0534,1.4121,1.4806,SVC,0.5063188701263861,0.507676564120683,0.5089883638042552,0.5064981308534665,0.506224268790928,0.5066198671090345,0.5059524322376637,0.506093253694455,0.5065188454310529
BachChoralHarmony,V16,5665.0,0.2533,0.0012,1.0,5.0,3.1392,3.0,1.1035,0.3881,-0.9269,1.0,2.0,0.091,0.091,0.0617,0.0617,0.0821,0.0821,1.4035,3.859,DecisionTree,0.45622330344731454,0.4490132902574782,0.4529249432701443,0.4445818990817251,0.44950800161681337,0.4497354237981368,0.4434605143388498,0.44556902821976807,0.45048721681722514
BachChoralHarmony,V16,5665.0,0.2533,0.0012,1.0,5.0,3.1392,3.0,1.1035,0.3881,-0.9269,1.0,2.0,0.091,0.091,0.0617,0.0617,0.0821,0.0821,1.4035,3.859,LogisticRegression,0.513004863685848,0.5097817544509505,0.5112628322451942,0.5109341056140156,0.5118118183329569,0.5120262467898291,0.5132627957167161,0.5117566322444496,0.5111972791304787
BachChoralHarmony,V16,5665.0,0.2533,0.0012,1.0,5.0,3.1392,3.0,1.1035,0.3881,-0.9269,1.0,2.0,0.091,0.091,0.0617,0.0617,0.0821,0.0821,1.4035,3.859,KNN,0.46851182346537934,0.46954927934399276,0.4629987793395641,0.4694794801466391,0.4673455277687477,0.46974135682960677,0.4685542326596964,0.4645648193798622,0.4675768858894117
BachChoralHarmony,V16,5665.0,0.2533,0.0012,1.0,5.0,3.1392,3.0,1.1035,0.3881,-0.9269,1.0,2.0,0.091,0.091,0.0617,0.0617,0.0821,0.0821,1.4035,3.859,RandomForest,0.49240343082829213,0.49578027321294094,0.4882849868960624,0.4867800117490634,0.4902566853700815,0.4878897981090804,0.48868270056268626,0.4868920668283366,0.48640316460968325
BachChoralHarmony,V16,5665.0,0.2533,0.0012,1.0,5.0,3.1392,3.0,1.1035,0.3881,-0.9269,1.0,2.0,0.091,0.091,0.0617,0.0617,0.0821,0.0821,1.4035,3.859,AdaBoost,0.059866763602381766,0.059866763602381766,0.059866763602381766,0.059866763602381766,0.059866763602381766,0.059866763602381766,0.059866763602381766,0.059866763602381766,0.059866763602381766
BachChoralHarmony,V16,5665.0,0.2533,0.0012,1.0,5.0,3.1392,3.0,1.1035,0.3881,-0.9269,1.0,2.0,0.091,0.091,0.0617,0.0617,0.0821,0.0821,1.4035,3.859,SVC,0.5092276641816177,0.5083671261802711,0.5111189289787554,0.5084188804983834,0.508899679953446,0.5084278977879577,0.5082760133311625,0.5100575070599559,0.5085279939291556
BachChoralHarmony,V16,5665.0,0.203,0.0011,1.0,5.0,3.1282,3.0,1.1084,0.3818,-0.9284,1.0,2.0,0.0778,0.0778,0.0532,0.0532,0.0709,0.0709,1.4103,3.7382,DecisionTree,0.45461578055752205,0.45888723514008667,0.44387893517590027,0.446455336997417,0.4491812597653819,0.44897040214586736,0.4431318096462581,0.4467818349109366,0.4446572033034303
BachChoralHarmony,V16,5665.0,0.203,0.0011,1.0,5.0,3.1282,3.0,1.1084,0.3818,-0.9284,1.0,2.0,0.0778,0.0778,0.0532,0.0532,0.0709,0.0709,1.4103,3.7382,LogisticRegression,0.513116491913102,0.5130468045375003,0.5132532587245895,0.5135863764178471,0.5115826550522201,0.5125847723916755,0.512815384009871,0.5135386557076935,0.5126304399788946
BachChoralHarmony,V16,5665.0,0.203,0.0011,1.0,5.0,3.1282,3.0,1.1084,0.3818,-0.9284,1.0,2.0,0.0778,0.0778,0.0532,0.0532,0.0709,0.0709,1.4103,3.7382,KNN,0.47068140751468335,0.47051931752414694,0.46880834605858024,0.4694401141582152,0.46953288382676694,0.46900996868605876,0.4671510925338796,0.4701989390017898,0.4681385501317984
BachChoralHarmony,V16,5665.0,0.203,0.0011,1.0,5.0,3.1282,3.0,1.1084,0.3818,-0.9284,1.0,2.0,0.0778,0.0778,0.0532,0.0532,0.0709,0.0709,1.4103,3.7382,RandomForest,0.4863762525358769,0.49135011786754484,0.487668863766477,0.4861294982406043,0.4850915523238398,0.48735699217062195,0.48837770432150623,0.48466743993821715,0.4877533002863546
BachChoralHarmony,V16,5665.0,0.203,0.0011,1.0,5.0,3.1282,3.0,1.1084,0.3818,-0.9284,1.0,2.0,0.0778,0.0778,0.0532,0.0532,0.0709,0.0709,1.4103,3.7382,AdaBoost,0.059866763602381766,0.059866763602381766,0.059866763602381766,0.059866763602381766,0.059866763602381766,0.059866763602381766,0.059866763602381766,0.059866763602381766,0.059866763602381766
BachChoralHarmony,V16,5665.0,0.203,0.0011,1.0,5.0,3.1282,3.0,1.1084,0.3818,-0.9284,1.0,2.0,0.0778,0.0778,0.0532,0.0532,0.0709,0.0709,1.4103,3.7382,SVC,0.5086869437010674,0.5080248876499481,0.5071205219790781,0.5087111011997776,0.5083953238825577,0.5082893897594579,0.5082589910572951,0.5079193297341817,0.5082886426635539
BachChoralHarmony,V16,5665.0,0.1421,0.001,1.0,5.0,3.128,3.0,1.1078,0.3935,-0.9232,1.0,2.0,0.0693,0.0693,0.0474,0.0474,0.0631,0.0631,1.406,3.8527,DecisionTree,0.45272093834466964,0.4491250196941646,0.45184685273351816,0.4495803361546572,0.4550727877494152,0.4544442453812632,0.4518426166874977,0.4505735437540216,0.45132851359234943
BachChoralHarmony,V16,5665.0,0.1421,0.001,1.0,5.0,3.128,3.0,1.1078,0.3935,-0.9232,1.0,2.0,0.0693,0.0693,0.0474,0.0474,0.0631,0.0631,1.406,3.8527,LogisticRegression,0.5112015171960855,0.5140063564180947,0.5106490050855567,0.510025365946585,0.510044569063978,0.5099257326030895,0.5097346858121203,0.5106040204453519,0.5100328351011141
BachChoralHarmony,V16,5665.0,0.1421,0.001,1.0,5.0,3.128,3.0,1.1078,0.3935,-0.9232,1.0,2.0,0.0693,0.0693,0.0474,0.0474,0.0631,0.0631,1.406,3.8527,KNN,0.46660040867950314,0.4637148525975049,0.4658691402698064,0.46755133606493493,0.465582479660028,0.4656769288747486,0.4666982935470251,0.46665422974802356,0.4645068201004652
BachChoralHarmony,V16,5665.0,0.1421,0.001,1.0,5.0,3.128,3.0,1.1078,0.3935,-0.9232,1.0,2.0,0.0693,0.0693,0.0474,0.0474,0.0631,0.0631,1.406,3.8527,RandomForest,0.48670729357282294,0.4880986019039472,0.48465745773469426,0.4862050794028212,0.4871867286267203,0.48672989634712743,0.48483274241842383,0.48714768565875904,0.48562146503959747
BachChoralHarmony,V16,5665.0,0.1421,0.001,1.0,5.0,3.128,3.0,1.1078,0.3935,-0.9232,1.0,2.0,0.0693,0.0693,0.0474,0.0474,0.0631,0.0631,1.406,3.8527,AdaBoost,0.059866763602381766,0.059866763602381766,0.059866763602381766,0.059866763602381766,0.059866763602381766,0.059866763602381766,0.059866763602381766,0.059866763602381766,0.059866763602381766
BachChoralHarmony,V16,5665.0,0.1421,0.001,1.0,5.0,3.128,3.0,1.1078,0.3935,-0.9232,1.0,2.0,0.0693,0.0693,0.0474,0.0474,0.0631,0.0631,1.406,3.8527,SVC,0.5073227531941498,0.5085671484914118,0.5074759802655966,0.5074451271453151,0.5076923342265043,0.5076252509491473,0.5072799535432944,0.5078833721675451,0.5071197639646446
BachChoralHarmony,V16,5665.0,0.098,0.001,1.0,5.0,3.1315,3.0,1.1124,0.3772,-0.9403,1.0,2.0,0.0753,0.0753,0.0505,0.0505,0.0673,0.0673,1.4122,3.8015,DecisionTree,0.45639889822371804,0.4555362356538034,0.45338496528403277,0.4487828703802215,0.44910297966817136,0.4502245616066959,0.45270262230045744,0.4482369803042648,0.45084471219785394
BachChoralHarmony,V16,5665.0,0.098,0.001,1.0,5.0,3.1315,3.0,1.1124,0.3772,-0.9403,1.0,2.0,0.0753,0.0753,0.0505,0.0505,0.0673,0.0673,1.4122,3.8015,LogisticRegression,0.5130717097905457,0.5116793490763254,0.5122439343387615,0.5120427990741981,0.5122017384661004,0.5124997959709735,0.513018107026574,0.5127682477245709,0.5125747808880681
BachChoralHarmony,V16,5665.0,0.098,0.001,1.0,5.0,3.1315,3.0,1.1124,0.3772,-0.9403,1.0,2.0,0.0753,0.0753,0.0505,0.0505,0.0673,0.0673,1.4122,3.8015,KNN,0.4722517101451569,0.47179971961684763,0.4704007157427448,0.4711289077494314,0.4703937862208276,0.46989327727393343,0.471733162410397,0.47030540794431647,0.4703837185701949
BachChoralHarmony,V16,5665.0,0.098,0.001,1.0,5.0,3.1315,3.0,1.1124,0.3772,-0.9403,1.0,2.0,0.0753,0.0753,0.0505,0.0505,0.0673,0.0673,1.4122,3.8015,RandomForest,0.49102527163189463,0.4889290585364729,0.4899569252444793,0.49304803613013776,0.4877810032125668,0.4929936455663139,0.4875040147997193,0.48625768275694914,0.48749337293538153
BachChoralHarmony,V16,5665.0,0.098,0.001,1.0,5.0,3.1315,3.0,1.1124,0.3772,-0.9403,1.0,2.0,0.0753,0.0753,0.0505,0.0505,0.0673,0.0673,1.4122,3.8015,AdaBoost,0.059866763602381766,0.059866763602381766,0.059866763602381766,0.059866763602381766,0.059866763602381766,0.059866763602381766,0.059866763602381766,0.059866763602381766,0.059866763602381766
BachChoralHarmony,V16,5665.0,0.098,0.001,1.0,5.0,3.1315,3.0,1.1124,0.3772,-0.9403,1.0,2.0,0.0753,0.0753,0.0505,0.0505,0.0673,0.0673,1.4122,3.8015,SVC,0.5106204076205727,0.5106439098526832,0.5104649747628924,0.5104580452215907,0.5101668917107299,0.5104718198318821,0.5104302182717914,0.5097714124021345,0.5109833205345644
BachChoralHarmony,V16,5665.0,0.0471,0.0009,1.0,5.0,3.1315,3.0,1.1096,0.3825,-0.9306,1.0,2.0,0.074,0.074,0.0513,0.0513,0.0683,0.0683,1.4096,3.8167,DecisionTree,0.4517454392609506,0.44455200800894523,0.4416275941744871,0.4389834535855914,0.44472419826833604,0.4453077521022391,0.44417786759493333,0.4468454850381919,0.44713268318139715
BachChoralHarmony,V16,5665.0,0.0471,0.0009,1.0,5.0,3.1315,3.0,1.1096,0.3825,-0.9306,1.0,2.0,0.074,0.074,0.0513,0.0513,0.0683,0.0683,1.4096,3.8167,LogisticRegression,0.5092952716892625,0.5110045625773086,0.5113237007776524,0.5105797695240573,0.5111364823266725,0.5095617312001733,0.5107161346647331,0.5096986833901587,0.5104649201296575
BachChoralHarmony,V16,5665.0,0.0471,0.0009,1.0,5.0,3.1315,3.0,1.1096,0.3825,-0.9306,1.0,2.0,0.074,0.074,0.0513,0.0513,0.0683,0.0683,1.4096,3.8167,KNN,0.465830512138222,0.46595439942176,0.4671665363901916,0.4673134425907674,0.46705811559324767,0.46597575818264175,0.4658184332805172,0.46585998279130725,0.4667683101806096
BachChoralHarmony,V16,5665.0,0.0471,0.0009,1.0,5.0,3.1315,3.0,1.1096,0.3825,-0.9306,1.0,2.0,0.074,0.074,0.0513,0.0513,0.0683,0.0683,1.4096,3.8167,RandomForest,0.4843092032445138,0.4858124811263865,0.48537931050695565,0.48872690245536665,0.48675853944456815,0.4840167097388305,0.4848133540382453,0.4864371399620793,0.4840531563421083
BachChoralHarmony,V16,5665.0,0.0471,0.0009,1.0,5.0,3.1315,3.0,1.1096,0.3825,-0.9306,1.0,2.0,0.074,0.074,0.0513,0.0513,0.0683,0.0683,1.4096,3.8167,AdaBoost,0.059866763602381766,0.059866763602381766,0.059866763602381766,0.059866763602381766,0.059866763602381766,0.059866763602381766,0.059866763602381766,0.059866763602381766,0.059866763602381766
BachChoralHarmony,V16,5665.0,0.0471,0.0009,1.0,5.0,3.1315,3.0,1.1096,0.3825,-0.9306,1.0,2.0,0.074,0.074,0.0513,0.0513,0.0683,0.0683,1.4096,3.8167,SVC,0.507907597915394,0.5074528713097581,0.507112388971307,0.5080120215219669,0.5084073200314172,0.5084695776663719,0.5083471017296087,0.5081476875171369,0.5083243443891579
bank,duration,3074.0,0.5042,0.3871,5.0,1816.0,258.4567,183.5,241.1546,2.3049,7.3048,98.5,231.25,0.0337,0.0795,0.0301,0.0367,0.0383,0.0463,6.1444,0.0002,DecisionTree,0.8425227461076377,0.8374752152274847,0.8477302365870827,0.8437311928404863,0.853349167458701,0.8364403811763051,0.8455012170677605,0.8396000295082686,0.8374667291684713
bank,duration,3074.0,0.5042,0.3871,5.0,1816.0,258.4567,183.5,241.1546,2.3049,7.3048,98.5,231.25,0.0337,0.0795,0.0301,0.0367,0.0383,0.0463,6.1444,0.0002,LogisticRegression,0.8396550398441978,0.8314070455113928,0.8343517957874418,0.8360143113137013,0.8373820444171561,0.8403965584978341,0.8353622595899293,0.8317452167133548,0.8343035287208416
bank,duration,3074.0,0.5042,0.3871,5.0,1816.0,258.4567,183.5,241.1546,2.3049,7.3048,98.5,231.25,0.0337,0.0795,0.0301,0.0367,0.0383,0.0463,6.1444,0.0002,KNN,0.8442065000975876,0.8421342830366612,0.8463768762840955,0.8442156258110248,0.8451802595314842,0.8462343148840414,0.8399859232839079,0.8392143216158463,0.8429840060945271
bank,duration,3074.0,0.5042,0.3871,5.0,1816.0,258.4567,183.5,241.1546,2.3049,7.3048,98.5,231.25,0.0337,0.0795,0.0301,0.0367,0.0383,0.0463,6.1444,0.0002,RandomForest,0.845726215872957,0.843103395362129,0.8448251717287714,0.8473524244430152,0.8445333764299536,0.8421032958646376,0.8344196826811934,0.8244048245732272,0.8438344965216187
bank,duration,3074.0,0.5042,0.3871,5.0,1816.0,258.4567,183.5,241.1546,2.3049,7.3048,98.5,231.25,0.0337,0.0795,0.0301,0.0367,0.0383,0.0463,6.1444,0.0002,AdaBoost,0.8522257638159025,0.8454459602889378,0.8475973629583893,0.8446372982926827,0.8490969044445731,0.8508197324751845,0.8493115741976203,0.8423959152707704,0.8513767110748693
bank,duration,3074.0,0.5042,0.3871,5.0,1816.0,258.4567,183.5,241.1546,2.3049,7.3048,98.5,231.25,0.0337,0.0795,0.0301,0.0367,0.0383,0.0463,6.1444,0.0002,SVC,0.8388578983269113,0.8361474288901871,0.8428306237982599,0.839817999820013,0.8397436136418277,0.8410232386268939,0.8377062814496858,0.8334988194021627,0.8380038826699122
bank,duration,3074.0,0.4408,0.3578,5.0,3025.0,268.1623,187.0,275.7078,3.1663,16.161,97.0,220.0,0.0211,0.0214,0.0432,0.0463,0.0552,0.0586,6.1647,0.0002,DecisionTree,0.838619135967966,0.8432976691209636,0.8482240620640369,0.8373536990740802,0.8486169691784198,0.8402465778427395,0.851056645141997,0.8446483614416295,0.8418604221453639
bank,duration,3074.0,0.4408,0.3578,5.0,3025.0,268.1623,187.0,275.7078,3.1663,16.161,97.0,220.0,0.0211,0.0214,0.0432,0.0463,0.0552,0.0586,6.1647,0.0002,LogisticRegression,0.842585893352083,0.8431435233427652,0.8413445405132245,0.8422781773018325,0.8416615742685278,0.8442119959483015,0.8439584158188181,0.8444630400178643,0.8420891097382261
bank,duration,3074.0,0.4408,0.3578,5.0,3025.0,268.1623,187.0,275.7078,3.1663,16.161,97.0,220.0,0.0211,0.0214,0.0432,0.0463,0.0552,0.0586,6.1647,0.0002,KNN,0.8439272521997379,0.8428636145285519,0.8438058017186013,0.8435362599941764,0.8430800044350785,0.8423210545424209,0.8425482747888752,0.8437489417614317,0.8435958573389329
bank,duration,3074.0,0.4408,0.3578,5.0,3025.0,268.1623,187.0,275.7078,3.1663,16.161,97.0,220.0,0.0211,0.0214,0.0432,0.0463,0.0552,0.0586,6.1647,0.0002,RandomForest,0.8506789657265322,0.8494331155122008,0.8483645739987131,0.8519060694397347,0.8514738578138021,0.8498915541361182,0.8358217852755647,0.8404854654018268,0.8500740191586201
bank,duration,3074.0,0.4408,0.3578,5.0,3025.0,268.1623,187.0,275.7078,3.1663,16.161,97.0,220.0,0.0211,0.0214,0.0432,0.0463,0.0552,0.0586,6.1647,0.0002,AdaBoost,0.8524420091152936,0.8535512040825669,0.8487857546726917,0.8530810755151047,0.8472889055553429,0.848030372754395,0.8513053405859557,0.8486675325944419,0.8497533342888857
bank,duration,3074.0,0.4408,0.3578,5.0,3025.0,268.1623,187.0,275.7078,3.1663,16.161,97.0,220.0,0.0211,0.0214,0.0432,0.0463,0.0552,0.0586,6.1647,0.0002,SVC,0.8454416916467774,0.8465088458507137,0.844124183041127,0.8453377465863852,0.8455858917757887,0.8458122370132694,0.8456417377563438,0.845864582614197,0.8428523570553377
bank,duration,3074.0,0.39,0.3424,5.0,3025.0,268.4992,186.0,272.7291,2.9653,13.7406,97.0,222.0,0.0268,0.0378,0.0441,0.0489,0.0563,0.0622,6.1766,0.0002,DecisionTree,0.8491956332537556,0.8608536841470951,0.8514938906061731,0.8544911437706711,0.8667126490996819,0.8575543978135323,0.860498710487993,0.8566041151502353,0.8569240193856658
bank,duration,3074.0,0.39,0.3424,5.0,3025.0,268.4992,186.0,272.7291,2.9653,13.7406,97.0,222.0,0.0268,0.0378,0.0441,0.0489,0.0563,0.0622,6.1766,0.0002,LogisticRegression,0.8479551527621891,0.8439643358777296,0.8431751133324521,0.8470745173008734,0.8464469309077074,0.8487283175686235,0.847378571592345,0.8446199505403214,0.8448767927521748
bank,duration,3074.0,0.39,0.3424,5.0,3025.0,268.4992,186.0,272.7291,2.9653,13.7406,97.0,222.0,0.0268,0.0378,0.0441,0.0489,0.0563,0.0622,6.1766,0.0002,KNN,0.8513387126178488,0.8497689008760831,0.8497865496759027,0.8510994347186771,0.8524411566055496,0.8513633410964008,0.8511050315142519,0.8481191751297699,0.8508593570893839
bank,duration,3074.0,0.39,0.3424,5.0,3025.0,268.4992,186.0,272.7291,2.9653,13.7406,97.0,222.0,0.0268,0.0378,0.0441,0.0489,0.0563,0.0622,6.1766,0.0002,RandomForest,0.8607690468919742,0.8580364599732502,0.8517455296939257,0.8588519939582998,0.8610304526535923,0.8561698189380843,0.8527889202250466,0.850259131790889,0.8561865465329076
bank,duration,3074.0,0.39,0.3424,5.0,3025.0,268.4992,186.0,272.7291,2.9653,13.7406,97.0,222.0,0.0268,0.0378,0.0441,0.0489,0.0563,0.0622,6.1766,0.0002,AdaBoost,0.85424666364716,0.8571829157382743,0.8458343012748853,0.8567928875684306,0.8533142089878696,0.8537630112487254,0.8567367897282678,0.8536060231984922,0.853702659248692
bank,duration,3074.0,0.39,0.3424,5.0,3025.0,268.4992,186.0,272.7291,2.9653,13.7406,97.0,222.0,0.0268,0.0378,0.0441,0.0489,0.0563,0.0622,6.1766,0.0002,SVC,0.850629784672562,0.8474153529528019,0.8461403356030509,0.8498336202288583,0.849582919608785,0.8489488080225203,0.8484153366571405,0.8468033370739483,0.8461184645350939
bank,duration,3074.0,0.3604,0.3316,4.0,2087.0,267.3143,182.5,264.958,2.5739,9.1399,96.5,223.75,0.0208,0.0404,0.0217,0.0236,0.0276,0.0301,6.1998,0.0002,DecisionTree,0.8533485902121591,0.8456580133925846,0.8476614186334359,0.8549437128581445,0.8507523360982174,0.8539546774079458,0.8529121661176976,0.8469328776511443,0.850637434209225
bank,duration,3074.0,0.3604,0.3316,4.0,2087.0,267.3143,182.5,264.958,2.5739,9.1399,96.5,223.75,0.0208,0.0404,0.0217,0.0236,0.0276,0.0301,6.1998,0.0002,LogisticRegression,0.8415609062672962,0.8349356607657595,0.8412841099888617,0.8429480673473363,0.8412390190454513,0.8413683347450314,0.8440427128571235,0.8369162344702056,0.8408790494384086
bank,duration,3074.0,0.3604,0.3316,4.0,2087.0,267.3143,182.5,264.958,2.5739,9.1399,96.5,223.75,0.0208,0.0404,0.0217,0.0236,0.0276,0.0301,6.1998,0.0002,KNN,0.8457507148456715,0.8439961835144385,0.8430353133164323,0.8470059094723541,0.8450109293066496,0.8428043036879693,0.8444877893694597,0.8412480996165916,0.8430156418015763
bank,duration,3074.0,0.3604,0.3316,4.0,2087.0,267.3143,182.5,264.958,2.5739,9.1399,96.5,223.75,0.0208,0.0404,0.0217,0.0236,0.0276,0.0301,6.1998,0.0002,RandomForest,0.8545690897393243,0.8507205023844614,0.8541175346064285,0.8582760190470821,0.8568036802384504,0.8541389035609228,0.8515536943387074,0.8396847310729618,0.857796941728459
bank,duration,3074.0,0.3604,0.3316,4.0,2087.0,267.3143,182.5,264.958,2.5739,9.1399,96.5,223.75,0.0208,0.0404,0.0217,0.0236,0.0276,0.0301,6.1998,0.0002,AdaBoost,0.8500869022961466,0.8476846240945397,0.8473448295665698,0.8474814216830897,0.8473546874864939,0.8486242132393236,0.8478493842088615,0.8435268288733205,0.8489374003159054
bank,duration,3074.0,0.3604,0.3316,4.0,2087.0,267.3143,182.5,264.958,2.5739,9.1399,96.5,223.75,0.0208,0.0404,0.0217,0.0236,0.0276,0.0301,6.1998,0.0002,SVC,0.8418714580225023,0.8414482928886042,0.840968721042424,0.8426910751049084,0.8407359578901333,0.8424920306964812,0.8437262283596607,0.842673270147849,0.84265580568031
bank,duration,3074.0,0.3025,0.32,4.0,3025.0,269.271,187.0,267.6854,3.0097,15.5954,98.0,226.0,0.0053,0.0085,0.0175,0.0223,0.0224,0.0283,6.2337,0.0001,DecisionTree,0.8562429933693441,0.8473304559936249,0.8532126184987759,0.8535340630668276,0.8586867019196561,0.8504291186712651,0.8558468942906091,0.8462047631906346,0.8537358098240276
bank,duration,3074.0,0.3025,0.32,4.0,3025.0,269.271,187.0,267.6854,3.0097,15.5954,98.0,226.0,0.0053,0.0085,0.0175,0.0223,0.0224,0.0283,6.2337,0.0001,LogisticRegression,0.8543689296284249,0.8442884497704866,0.8527814416668664,0.8537000265998438,0.8534298912655731,0.8525023750071377,0.8524855547592791,0.8452693991368208,0.8523323117151163
bank,duration,3074.0,0.3025,0.32,4.0,3025.0,269.271,187.0,267.6854,3.0097,15.5954,98.0,226.0,0.0053,0.0085,0.0175,0.0223,0.0224,0.0283,6.2337,0.0001,KNN,0.849864874102543,0.8475219730005781,0.8495910451619801,0.8497034218706598,0.8471829741453334,0.8477541670302996,0.8467105274868914,0.8486373890174038,0.8450662943651233
bank,duration,3074.0,0.3025,0.32,4.0,3025.0,269.271,187.0,267.6854,3.0097,15.5954,98.0,226.0,0.0053,0.0085,0.0175,0.0223,0.0224,0.0283,6.2337,0.0001,RandomForest,0.8603219153677224,0.8668987522374451,0.8653310620810666,0.8601482962892326,0.8623207357962122,0.8615400166138096,0.8517434615759272,0.8573073020772033,0.8586598311694987
bank,duration,3074.0,0.3025,0.32,4.0,3025.0,269.271,187.0,267.6854,3.0097,15.5954,98.0,226.0,0.0053,0.0085,0.0175,0.0223,0.0224,0.0283,6.2337,0.0001,AdaBoost,0.8603019475156959,0.8567458581228009,0.8567359892515046,0.8606371672847697,0.8570494588063052,0.8560882324612942,0.8617361230825711,0.8473202486526474,0.8581170501036067
bank,duration,3074.0,0.3025,0.32,4.0,3025.0,269.271,187.0,267.6854,3.0097,15.5954,98.0,226.0,0.0053,0.0085,0.0175,0.0223,0.0224,0.0283,6.2337,0.0001,SVC,0.8487038086892671,0.8495660619523222,0.8495883388032214,0.8487112471999054,0.8474833869953019,0.8480308480203723,0.8472063749299992,0.8490553913195615,0.8464409826950587
bank,duration,3074.0,0.2355,0.2987,4.0,3025.0,268.9102,188.0,271.9519,3.0546,15.2046,98.0,224.75,0.0164,0.0449,0.033,0.0389,0.0422,0.0493,6.2577,0.0001,DecisionTree,0.8728021707023259,0.8594150373315377,0.8637897650512903,0.8674585340447554,0.8723465570155569,0.8667899445621265,0.869052648943359,0.8609194048162232,0.8717601891886622
bank,duration,3074.0,0.2355,0.2987,4.0,3025.0,268.9102,188.0,271.9519,3.0546,15.2046,98.0,224.75,0.0164,0.0449,0.033,0.0389,0.0422,0.0493,6.2577,0.0001,LogisticRegression,0.8575877343579872,0.853490795609494,0.8562202813510954,0.8564555244272797,0.8582515317525735,0.857146866598375,0.8573772666641615,0.8544085275912701,0.8547804361764375
bank,duration,3074.0,0.2355,0.2987,4.0,3025.0,268.9102,188.0,271.9519,3.0546,15.2046,98.0,224.75,0.0164,0.0449,0.033,0.0389,0.0422,0.0493,6.2577,0.0001,KNN,0.8565667428748402,0.8520060107026142,0.8554367343204298,0.8561500936903341,0.8567775699828513,0.8566228429424709,0.8552318480750115,0.8543673016264399,0.85464623288522
bank,duration,3074.0,0.2355,0.2987,4.0,3025.0,268.9102,188.0,271.9519,3.0546,15.2046,98.0,224.75,0.0164,0.0449,0.033,0.0389,0.0422,0.0493,6.2577,0.0001,RandomForest,0.8617223466580543,0.8634623653853902,0.8622130506955533,0.8624107576917506,0.8605954314839841,0.8636481367543563,0.8568160693914686,0.85476720378306,0.8625980124989694
bank,duration,3074.0,0.2355,0.2987,4.0,3025.0,268.9102,188.0,271.9519,3.0546,15.2046,98.0,224.75,0.0164,0.0449,0.033,0.0389,0.0422,0.0493,6.2577,0.0001,AdaBoost,0.8569958616432292,0.8558254995959171,0.8608652921631617,0.8575640958276655,0.8564883762891984,0.8531974711576327,0.8574759498521264,0.855117458303885,0.8562625047920659
bank,duration,3074.0,0.2355,0.2987,4.0,3025.0,268.9102,188.0,271.9519,3.0546,15.2046,98.0,224.75,0.0164,0.0449,0.033,0.0389,0.0422,0.0493,6.2577,0.0001,SVC,0.854084425421164,0.8524762194017338,0.8568692965766005,0.8540879651081403,0.8527939210981419,0.8540884188376268,0.8530131455616881,0.8522992286300738,0.8547607079597435
bank,duration,3074.0,0.1841,0.2859,4.0,3025.0,268.1507,186.0,265.1761,2.9558,15.0281,98.0,230.0,0.0059,0.0251,0.0315,0.0373,0.0404,0.0474,6.2631,0.0001,DecisionTree,0.8633109914245504,0.868006366984317,0.8635656938700882,0.8647813189078919,0.8620718528201601,0.8626317534424683,0.8637296407025543,0.8658324067014295,0.8560377688243695
bank,duration,3074.0,0.1841,0.2859,4.0,3025.0,268.1507,186.0,265.1761,2.9558,15.0281,98.0,230.0,0.0059,0.0251,0.0315,0.0373,0.0404,0.0474,6.2631,0.0001,LogisticRegression,0.8601726304845025,0.8571932893197349,0.8597560858669075,0.8612765538789013,0.8606207228595188,0.8609031177964478,0.8601726304845025,0.8574793380471004,0.8580208689584577
bank,duration,3074.0,0.1841,0.2859,4.0,3025.0,268.1507,186.0,265.1761,2.9558,15.0281,98.0,230.0,0.0059,0.0251,0.0315,0.0373,0.0404,0.0474,6.2631,0.0001,KNN,0.8579189717943406,0.8614873269580874,0.8592686213728509,0.8583253045620378,0.8587708636187452,0.8571840676989717,0.8579048324429135,0.8619314105418299,0.8582847407166709
bank,duration,3074.0,0.1841,0.2859,4.0,3025.0,268.1507,186.0,265.1761,2.9558,15.0281,98.0,230.0,0.0059,0.0251,0.0315,0.0373,0.0404,0.0474,6.2631,0.0001,RandomForest,0.8621022889257111,0.8660892939785334,0.8684826055819865,0.863822404906,0.8631264151304101,0.8634386747606357,0.8552417701737508,0.8622064134132549,0.861753686103836
bank,duration,3074.0,0.1841,0.2859,4.0,3025.0,268.1507,186.0,265.1761,2.9558,15.0281,98.0,230.0,0.0059,0.0251,0.0315,0.0373,0.0404,0.0474,6.2631,0.0001,AdaBoost,0.8649607966274504,0.8625538059291671,0.8619981027774111,0.8638315424997803,0.8644027346988923,0.8643419787627721,0.8649604033661205,0.8600741211951461,0.865095014725783
bank,duration,3074.0,0.1841,0.2859,4.0,3025.0,268.1507,186.0,265.1761,2.9558,15.0281,98.0,230.0,0.0059,0.0251,0.0315,0.0373,0.0404,0.0474,6.2631,0.0001,SVC,0.850134446543998,0.8577260165425276,0.8519797307151531,0.8496752326818564,0.8498402735218545,0.849874851429891,0.8492523777789756,0.8570904715529992,0.8498209186157074
bank,duration,3074.0,0.1574,0.2788,4.0,3025.0,265.2934,184.5,266.0859,2.9927,14.9748,97.0,225.0,0.0062,0.0211,0.0314,0.0347,0.0401,0.0441,6.2607,0.0001,DecisionTree,0.8689056385650741,0.8616699384484204,0.865867166554567,0.8690186419930884,0.8666330072747312,0.8683484163422744,0.8668693938571668,0.8618771633896911,0.8615769721873355
bank,duration,3074.0,0.1574,0.2788,4.0,3025.0,265.2934,184.5,266.0859,2.9927,14.9748,97.0,225.0,0.0062,0.0211,0.0314,0.0347,0.0401,0.0441,6.2607,0.0001,LogisticRegression,0.8481769168096751,0.8461808089974514,0.8482979013863943,0.8484742021302882,0.8483730791676605,0.8480387999644918,0.8477869813837289,0.8471667287355441,0.8474843121168678
bank,duration,3074.0,0.1574,0.2788,4.0,3025.0,265.2934,184.5,266.0859,2.9927,14.9748,97.0,225.0,0.0062,0.0211,0.0314,0.0347,0.0401,0.0441,6.2607,0.0001,KNN,0.8584093947054581,0.8547455170073414,0.8583040164174951,0.8579998669257138,0.85801167040552,0.8591019399384944,0.8576814369596084,0.8568477917081783,0.8586666414484333
bank,duration,3074.0,0.1574,0.2788,4.0,3025.0,265.2934,184.5,266.0859,2.9927,14.9748,97.0,225.0,0.0062,0.0211,0.0314,0.0347,0.0401,0.0441,6.2607,0.0001,RandomForest,0.8567587182719849,0.8596777626293288,0.858042490732587,0.8581696198483133,0.8562837880328431,0.8570969941973204,0.852770176191052,0.8580364031669582,0.8565718500372066
bank,duration,3074.0,0.1574,0.2788,4.0,3025.0,265.2934,184.5,266.0859,2.9927,14.9748,97.0,225.0,0.0062,0.0211,0.0314,0.0347,0.0401,0.0441,6.2607,0.0001,AdaBoost,0.8597638220115257,0.8569239751183942,0.8585586481531828,0.858756485959684,0.8557387196154297,0.8576112065773724,0.85550251787196,0.8503385278778455,0.8592488133140218
bank,duration,3074.0,0.1574,0.2788,4.0,3025.0,265.2934,184.5,266.0859,2.9927,14.9748,97.0,225.0,0.0062,0.0211,0.0314,0.0347,0.0401,0.0441,6.2607,0.0001,SVC,0.8499788533731829,0.8482759075183927,0.845736787356784,0.8510218030264157,0.8493444952894582,0.850176103093004,0.851838813329104,0.8485689562199704,0.848321030220653
bank,duration,3074.0,0.0976,0.2714,4.0,3025.0,270.0025,185.0,272.6839,2.9154,13.7507,97.0,226.0,0.0016,0.03,0.0287,0.034,0.0367,0.0431,6.2874,0.0001,DecisionTree,0.8670644016665245,0.8585493771077064,0.8608932800414468,0.8668527579326805,0.8669075028043285,0.8676969746360275,0.8664323054066166,0.8597505307795148,0.8633943088400005
bank,duration,3074.0,0.0976,0.2714,4.0,3025.0,270.0025,185.0,272.6839,2.9154,13.7507,97.0,226.0,0.0016,0.03,0.0287,0.034,0.0367,0.0431,6.2874,0.0001,LogisticRegression,0.8534845197658231,0.8546413784219069,0.8523528782289155,0.8532863836287801,0.8528240014624555,0.8530126094358226,0.8534433098592858,0.8548446049770002,0.853058032524184
bank,duration,3074.0,0.0976,0.2714,4.0,3025.0,270.0025,185.0,272.6839,2.9154,13.7507,97.0,226.0,0.0016,0.03,0.0287,0.034,0.0367,0.0431,6.2874,0.0001,KNN,0.8581157428259533,0.8583538353577256,0.8574001775478375,0.8576730998333499,0.8567763476672868,0.8571939747823657,0.8567763476672868,0.8581436246478482,0.8551083934071982
bank,duration,3074.0,0.0976,0.2714,4.0,3025.0,270.0025,185.0,272.6839,2.9154,13.7507,97.0,226.0,0.0016,0.03,0.0287,0.034,0.0367,0.0431,6.2874,0.0001,RandomForest,0.8623083217432375,0.860509113507707,0.8634543326897137,0.8608170525753722,0.8598250344410009,0.8632710209570125,0.8591325697035317,0.8562387748356057,0.8608673199279123
bank,duration,3074.0,0.0976,0.2714,4.0,3025.0,270.0025,185.0,272.6839,2.9154,13.7507,97.0,226.0,0.0016,0.03,0.0287,0.034,0.0367,0.0431,6.2874,0.0001,AdaBoost,0.863246890809954,0.8596546398502481,0.8618545256120084,0.861170006013627,0.8634529989939456,0.8645127580964423,0.8628379057914621,0.8577787711094691,0.862827204886531
bank,duration,3074.0,0.0976,0.2714,4.0,3025.0,270.0025,185.0,272.6839,2.9154,13.7507,97.0,226.0,0.0016,0.03,0.0287,0.034,0.0367,0.0431,6.2874,0.0001,SVC,0.8543021867831097,0.8536718694543026,0.8522462311425659,0.8547056165734093,0.8521278209792574,0.8536717887909995,0.8543021867831097,0.854110502836807,0.8534558086334648
bank,duration,3074.0,0.0517,0.2617,4.0,3025.0,269.6316,185.0,272.5461,2.9433,13.9315,98.0,227.5,0.0065,0.0274,0.0296,0.0343,0.0378,0.0435,6.2954,0.0001,DecisionTree,0.8629663155770341,0.8619819831828378,0.86732606220055,0.8654506864624386,0.8638082262812626,0.8651212363598061,0.8629663155770341,0.8626265688646996,0.8680514332239738
bank,duration,3074.0,0.0517,0.2617,4.0,3025.0,269.6316,185.0,272.5461,2.9433,13.9315,98.0,227.5,0.0065,0.0274,0.0296,0.0343,0.0378,0.0435,6.2954,0.0001,LogisticRegression,0.8576086009257565,0.8546167327053124,0.8573349188956862,0.8571543434296737,0.8571543434296737,0.857184512250565,0.8578095999589718,0.854823474288881,0.8576086009257565
bank,duration,3074.0,0.0517,0.2617,4.0,3025.0,269.6316,185.0,272.5461,2.9433,13.9315,98.0,227.5,0.0065,0.0274,0.0296,0.0343,0.0378,0.0435,6.2954,0.0001,KNN,0.85967591554281,0.8585782086073864,0.8596444684767736,0.85967591554281,0.8594708359905051,0.8594323291827851,0.8594457184172283,0.857777943342635,0.8600436804295339
bank,duration,3074.0,0.0517,0.2617,4.0,3025.0,269.6316,185.0,272.5461,2.9433,13.9315,98.0,227.5,0.0065,0.0274,0.0296,0.0343,0.0378,0.0435,6.2954,0.0001,RandomForest,0.8657559297982234,0.8672203780516765,0.866566427254718,0.8661392414973976,0.8631161461190865,0.8652412578945468,0.8655449679508506,0.8599916975877617,0.8657668213582996
bank,duration,3074.0,0.0517,0.2617,4.0,3025.0,269.6316,185.0,272.5461,2.9433,13.9315,98.0,227.5,0.0065,0.0274,0.0296,0.0343,0.0378,0.0435,6.2954,0.0001,AdaBoost,0.8658837257200771,0.8621412234475389,0.8625671589947281,0.8650475010714129,0.8656031772838895,0.862995916828411,0.8634144735344889,0.863999414978662,0.8655771215095468
bank,duration,3074.0,0.0517,0.2617,4.0,3025.0,269.6316,185.0,272.5461,2.9433,13.9315,98.0,227.5,0.0065,0.0274,0.0296,0.0343,0.0378,0.0435,6.2954,0.0001,SVC,0.8547000805053543,0.8551006286283022,0.8543156591030467,0.8545083181352499,0.8544957804149684,0.8553413350826274,0.8551370349922416,0.8538459685817824,0.856579840532367
bank,pdays,3074.0,0.4798,0.1151,-1.0,871.0,40.2189,-1.0,101.4653,2.7369,8.1938,0.0,0.0,0.0081,0.6006,0.0453,0.9071,0.0578,0.9866,1.3888,0.0026,DecisionTree,0.8703716626706421,0.8637282508863192,0.8647753830649534,0.8635036092252504,0.8671851518114717,0.8667054595896,0.869902541400119,0.8717187297734019,0.864947824545193
bank,pdays,3074.0,0.4798,0.1151,-1.0,871.0,40.2189,-1.0,101.4653,2.7369,8.1938,0.0,0.0,0.0081,0.6006,0.0453,0.9071,0.0578,0.9866,1.3888,0.0026,LogisticRegression,0.8558666999306588,0.8556691493094877,0.8581589121237596,0.8572079621736526,0.8576644011689185,0.8556970016671577,0.8575239892016043,0.8559201114117634,0.8565539068460841
bank,pdays,3074.0,0.4798,0.1151,-1.0,871.0,40.2189,-1.0,101.4653,2.7369,8.1938,0.0,0.0,0.0081,0.6006,0.0453,0.9071,0.0578,0.9866,1.3888,0.0026,KNN,0.8573673485885027,0.855402493328568,0.8586684783851116,0.8592967668991779,0.8601768644968032,0.8580980258303148,0.8522018273433846,0.8566398058368406,0.8605246298867656
bank,pdays,3074.0,0.4798,0.1151,-1.0,871.0,40.2189,-1.0,101.4653,2.7369,8.1938,0.0,0.0,0.0081,0.6006,0.0453,0.9071,0.0578,0.9866,1.3888,0.0026,RandomForest,0.8621877374124005,0.8619471336979859,0.8665499995129489,0.864155531455613,0.866178565840579,0.8618018622174135,0.8594157287495555,0.8613316416066891,0.8593210653667155
bank,pdays,3074.0,0.4798,0.1151,-1.0,871.0,40.2189,-1.0,101.4653,2.7369,8.1938,0.0,0.0,0.0081,0.6006,0.0453,0.9071,0.0578,0.9866,1.3888,0.0026,AdaBoost,0.8679623792530275,0.866483532489609,0.8659284525305497,0.8675947195840764,0.868757926657767,0.8675178791896059,0.8722711597695296,0.8636033084723861,0.8609529777804071
bank,pdays,3074.0,0.4798,0.1151,-1.0,871.0,40.2189,-1.0,101.4653,2.7369,8.1938,0.0,0.0,0.0081,0.6006,0.0453,0.9071,0.0578,0.9866,1.3888,0.0026,SVC,0.8562089099956818,0.8590808490209335,0.8553636291040738,0.8572338718325594,0.856216476060348,0.8589353452977886,0.857812183314533,0.8576206828013782,0.8570252532777884
bank,pdays,3074.0,0.4512,0.112,-1.0,871.0,41.1802,-1.0,101.0019,2.5625,6.6907,0.0,0.0,0.0187,0.6184,0.0286,0.9029,0.0364,0.9853,1.433,0.0025,DecisionTree,0.8691622782565906,0.8695077499828069,0.8671950687245908,0.8678172207385714,0.8687034927863596,0.866323664345167,0.8695997601256057,0.8690296401919548,0.8681106806281362
bank,pdays,3074.0,0.4512,0.112,-1.0,871.0,41.1802,-1.0,101.0019,2.5625,6.6907,0.0,0.0,0.0187,0.6184,0.0286,0.9029,0.0364,0.9853,1.433,0.0025,LogisticRegression,0.8559201114117634,0.8561211104449785,0.8567194364105604,0.8574100767620428,0.8558409578098696,0.8567548266464757,0.8559025144657714,0.8559201114117634,0.8565552730601038
bank,pdays,3074.0,0.4512,0.112,-1.0,871.0,41.1802,-1.0,101.0019,2.5625,6.6907,0.0,0.0,0.0187,0.6184,0.0286,0.9029,0.0364,0.9853,1.433,0.0025,KNN,0.8574572816092055,0.8602640849393047,0.8583918000526968,0.8604006947203674,0.8603917616560055,0.858515599602041,0.8588838436027141,0.8615361897881981,0.8584564770649609
bank,pdays,3074.0,0.4512,0.112,-1.0,871.0,41.1802,-1.0,101.0019,2.5625,6.6907,0.0,0.0,0.0187,0.6184,0.0286,0.9029,0.0364,0.9853,1.433,0.0025,RandomForest,0.8625712525047653,0.8679201658657072,0.8599172609227793,0.8635081076731503,0.864155709594177,0.8621061695349133,0.8606902327775781,0.8589687430637243,0.8658687606388435
bank,pdays,3074.0,0.4512,0.112,-1.0,871.0,41.1802,-1.0,101.0019,2.5625,6.6907,0.0,0.0,0.0187,0.6184,0.0286,0.9029,0.0364,0.9853,1.433,0.0025,AdaBoost,0.8686275586539561,0.8650345512234316,0.8613084980715855,0.8659148957441349,0.8672522764802415,0.8617521468636511,0.8636713275681707,0.8594486193522778,0.8617922569679124
bank,pdays,3074.0,0.4512,0.112,-1.0,871.0,41.1802,-1.0,101.0019,2.5625,6.6907,0.0,0.0,0.0187,0.6184,0.0286,0.9029,0.0364,0.9853,1.433,0.0025,SVC,0.8632009917037393,0.862477122786374,0.8573770522839391,0.8607410966568185,0.8596881826560636,0.859131250474488,0.8601900520905423,0.8597757748677749,0.8591019659344916
bank,pdays,3074.0,0.3907,0.1004,-1.0,683.0,38.0625,-1.0,96.2609,2.6156,6.5312,0.0,0.0,0.018,0.6258,0.0437,0.9101,0.0557,0.9874,1.3576,0.0026,DecisionTree,0.8642891894316,0.864706202482391,0.8658343577352696,0.8688420599669703,0.8672490818527261,0.8626048151760377,0.8651207441754966,0.8641598832942543,0.8659560878067813
bank,pdays,3074.0,0.3907,0.1004,-1.0,683.0,38.0625,-1.0,96.2609,2.6156,6.5312,0.0,0.0,0.018,0.6258,0.0437,0.9101,0.0557,0.9874,1.3576,0.0026,LogisticRegression,0.8572810300417762,0.856824989285639,0.856517182375702,0.8562647284017988,0.8562647284017988,0.8568704009206476,0.8570722261284398,0.8566283785258179,0.8561251900656249
bank,pdays,3074.0,0.3907,0.1004,-1.0,683.0,38.0625,-1.0,96.2609,2.6156,6.5312,0.0,0.0,0.018,0.6258,0.0437,0.9101,0.0557,0.9874,1.3576,0.0026,KNN,0.8566881427618445,0.8569586197319832,0.8595166842296329,0.8621549484521649,0.8595449569543543,0.8571998640699735,0.8566852775300897,0.8564365324816265,0.8588814302972743
bank,pdays,3074.0,0.3907,0.1004,-1.0,683.0,38.0625,-1.0,96.2609,2.6156,6.5312,0.0,0.0,0.018,0.6258,0.0437,0.9101,0.0557,0.9874,1.3576,0.0026,RandomForest,0.8579056226231934,0.8590235225803338,0.8590424988762708,0.8558778291424418,0.8644765541100361,0.8538479160164292,0.8588213397141559,0.8590175850703049,0.8557784612111548
bank,pdays,3074.0,0.3907,0.1004,-1.0,683.0,38.0625,-1.0,96.2609,2.6156,6.5312,0.0,0.0,0.018,0.6258,0.0437,0.9101,0.0557,0.9874,1.3576,0.0026,AdaBoost,0.8663351182715043,0.8674320726797766,0.8660221041573261,0.86360874143742,0.8702573456487519,0.8648913549633895,0.867816591958377,0.8640193142863924,0.8689576942897872
bank,pdays,3074.0,0.3907,0.1004,-1.0,683.0,38.0625,-1.0,96.2609,2.6156,6.5312,0.0,0.0,0.018,0.6258,0.0437,0.9101,0.0557,0.9874,1.3576,0.0026,SVC,0.8578676520650598,0.8593116383151225,0.8579023430348024,0.85912887145218,0.8589300916215555,0.8576369383566087,0.8597182214888923,0.8574509192111176,0.8597195992360559
bank,pdays,3074.0,0.3471,0.0952,-1.0,804.0,38.6094,-1.0,98.1033,2.7704,8.2659,0.0,0.0,0.0043,0.6216,0.0338,0.9083,0.0431,0.9869,1.3666,0.0025,DecisionTree,0.8673873876937386,0.8671523665429739,0.864868920821972,0.8647785194235563,0.8667462438070451,0.8722836300359518,0.8665869391553418,0.8682259343594406,0.8697037313413856
bank,pdays,3074.0,0.3471,0.0952,-1.0,804.0,38.6094,-1.0,98.1033,2.7704,8.2659,0.0,0.0,0.0043,0.6216,0.0338,0.9083,0.0431,0.9869,1.3666,0.0025,LogisticRegression,0.856739005921123,0.8574011530650636,0.8569717635499262,0.8560529099700122,0.8562626272919159,0.856104662496743,0.8567704384126855,0.8567201381573383,0.8565120485403992
bank,pdays,3074.0,0.3471,0.0952,-1.0,804.0,38.6094,-1.0,98.1033,2.7704,8.2659,0.0,0.0,0.0043,0.6216,0.0338,0.9083,0.0431,0.9869,1.3666,0.0025,KNN,0.8594587403376333,0.8585838679855157,0.860784445068465,0.862015113058595,0.86125523099874,0.8585366011406071,0.8568126346598621,0.8592618632986134,0.8598824999286749
bank,pdays,3074.0,0.3471,0.0952,-1.0,804.0,38.6094,-1.0,98.1033,2.7704,8.2659,0.0,0.0,0.0043,0.6216,0.0338,0.9083,0.0431,0.9869,1.3666,0.0025,RandomForest,0.8605030538386103,0.8571663467958638,0.861209632644268,0.8656347066025059,0.8647611957617563,0.857632756303346,0.8604882439812626,0.8638736286956242,0.8586134201148274
bank,pdays,3074.0,0.3471,0.0952,-1.0,804.0,38.6094,-1.0,98.1033,2.7704,8.2659,0.0,0.0,0.0043,0.6216,0.0338,0.9083,0.0431,0.9869,1.3666,0.0025,AdaBoost,0.863543061891873,0.8636033944548327,0.8664504471537875,0.8655141693994077,0.8667738553125348,0.8662432755562439,0.867804964559689,0.8629027975267235,0.8624048454048379
bank,pdays,3074.0,0.3471,0.0952,-1.0,804.0,38.6094,-1.0,98.1033,2.7704,8.2659,0.0,0.0,0.0043,0.6216,0.0338,0.9083,0.0431,0.9869,1.3666,0.0025,SVC,0.8563866222394457,0.8564051267027503,0.8558249908669184,0.856391916061159,0.8568070174338716,0.8585092503545182,0.8564202530305688,0.8566221725152601,0.8568277689173955
bank,pdays,3074.0,0.2921,0.0951,-1.0,687.0,38.1985,-1.0,94.8692,2.5262,5.9291,0.0,0.0,0.0031,0.6214,0.0203,0.9041,0.0259,0.986,1.3958,0.0021,DecisionTree,0.8655405261637032,0.8655940598962142,0.8680120510635845,0.8617278555746284,0.8687398117848315,0.8670217243500958,0.8659524884205166,0.8661034063861657,0.8594264483185811
bank,pdays,3074.0,0.2921,0.0951,-1.0,687.0,38.1985,-1.0,94.8692,2.5262,5.9291,0.0,0.0,0.0031,0.6214,0.0203,0.9041,0.0259,0.986,1.3958,0.0021,LogisticRegression,0.856775239369146,0.8572316783644119,0.8573986636445597,0.858764856157232,0.8587625046809981,0.8565736651204183,0.8575270549467747,0.8565219373608516,0.8572393705470721
bank,pdays,3074.0,0.2921,0.0951,-1.0,687.0,38.1985,-1.0,94.8692,2.5262,5.9291,0.0,0.0,0.0031,0.6214,0.0203,0.9041,0.0259,0.986,1.3958,0.0021,KNN,0.8582751337205523,0.8547815260341178,0.8645302304374858,0.8611610839437955,0.8633263537314187,0.8580109945389642,0.8568918489037285,0.8603727882688484,0.8600837629405751
bank,pdays,3074.0,0.2921,0.0951,-1.0,687.0,38.1985,-1.0,94.8692,2.5262,5.9291,0.0,0.0,0.0031,0.6214,0.0203,0.9041,0.0259,0.986,1.3958,0.0021,RandomForest,0.8568203174127319,0.8574530155192818,0.8616218589888409,0.8553949606735639,0.8658567171808513,0.856989312651029,0.8559332890276136,0.8593735315515739,0.8543390460787448
bank,pdays,3074.0,0.2921,0.0951,-1.0,687.0,38.1985,-1.0,94.8692,2.5262,5.9291,0.0,0.0,0.0031,0.6214,0.0203,0.9041,0.0259,0.986,1.3958,0.0021,AdaBoost,0.8649569292644675,0.8626229895458919,0.8640122436499283,0.8617816980766552,0.8639076018389915,0.8613690013136132,0.8671140667085436,0.8630451367742545,0.8629686062609432
bank,pdays,3074.0,0.2921,0.0951,-1.0,687.0,38.1985,-1.0,94.8692,2.5262,5.9291,0.0,0.0,0.0031,0.6214,0.0203,0.9041,0.0259,0.986,1.3958,0.0021,SVC,0.8564154986546338,0.856199034334929,0.8552177721565578,0.85586396284364,0.8541880280677724,0.8553796287189462,0.8551676744328615,0.8547514216823716,0.8524490045558927
bank,pdays,3074.0,0.2541,0.0929,-1.0,871.0,39.8687,-1.0,100.4575,2.7695,8.6644,0.0,0.0,0.0096,0.6032,0.0276,0.9056,0.0351,0.9863,1.3961,0.002,DecisionTree,0.8669529160046282,0.8669134209891634,0.8700960819025374,0.8683002637577231,0.8674459715449144,0.8702025455678616,0.8681486702671689,0.868484511247882,0.8694649969197773
bank,pdays,3074.0,0.2541,0.0929,-1.0,871.0,39.8687,-1.0,100.4575,2.7695,8.6644,0.0,0.0,0.0096,0.6032,0.0276,0.9056,0.0351,0.9863,1.3961,0.002,LogisticRegression,0.85672157491424,0.8565194603258497,0.8564645429516015,0.8564645429516015,0.8560027936420671,0.8567124040092744,0.8565194603258497,0.8563146135470703,0.8567124040092744
bank,pdays,3074.0,0.2541,0.0929,-1.0,871.0,39.8687,-1.0,100.4575,2.7695,8.6644,0.0,0.0,0.0096,0.6032,0.0276,0.9056,0.0351,0.9863,1.3961,0.002,KNN,0.8587624185644122,0.8582973859906471,0.8612382534467844,0.8603535151621302,0.8593730488410732,0.8578379012243712,0.8554116764674845,0.8599953672281322,0.8595875558913595
bank,pdays,3074.0,0.2541,0.0929,-1.0,871.0,39.8687,-1.0,100.4575,2.7695,8.6644,0.0,0.0,0.0096,0.6032,0.0276,0.9056,0.0351,0.9863,1.3961,0.002,RandomForest,0.8652749347576425,0.8675265794296452,0.862534128792319,0.8629108382074454,0.8634844139217777,0.8633931839673095,0.8655767345670764,0.8658757127330269,0.8617215348801233
bank,pdays,3074.0,0.2541,0.0929,-1.0,871.0,39.8687,-1.0,100.4575,2.7695,8.6644,0.0,0.0,0.0096,0.6032,0.0276,0.9056,0.0351,0.9863,1.3961,0.002,AdaBoost,0.8607237894045069,0.8605134995058197,0.8637535473188023,0.8664240269227228,0.8635831755903184,0.8658485971686258,0.8648114882043066,0.8655531419425313,0.8655178201958533
bank,pdays,3074.0,0.2541,0.0929,-1.0,871.0,39.8687,-1.0,100.4575,2.7695,8.6644,0.0,0.0,0.0096,0.6032,0.0276,0.9056,0.0351,0.9863,1.3961,0.002,SVC,0.8605756435885966,0.8599327146007625,0.8584974170607987,0.8585392525734861,0.8564810543172492,0.858311750260206,0.8597806021032208,0.8590931052148716,0.8583168257316598
bank,pdays,3074.0,0.1919,0.0922,-1.0,871.0,39.5362,-1.0,98.4619,2.6945,7.9764,0.0,0.0,0.0115,0.603,0.0362,0.904,0.0461,0.9858,1.4303,0.0017,DecisionTree,0.864293995405663,0.8627130211382541,0.8646678343913974,0.866406790371169,0.8653256376575575,0.8657759664351035,0.8628721419020849,0.8648512402521629,0.8672843320132383
bank,pdays,3074.0,0.1919,0.0922,-1.0,871.0,39.5362,-1.0,98.4619,2.6945,7.9764,0.0,0.0,0.0115,0.603,0.0362,0.904,0.0461,0.9858,1.4303,0.0017,LogisticRegression,0.8567163437229082,0.8569158971446125,0.8567552681412416,0.8560855809030339,0.8560855809030339,0.8547060051431444,0.855996148837973,0.8562020700383415,0.8558274922264513
bank,pdays,3074.0,0.1919,0.0922,-1.0,871.0,39.5362,-1.0,98.4619,2.6945,7.9764,0.0,0.0,0.0115,0.603,0.0362,0.904,0.0461,0.9858,1.4303,0.0017,KNN,0.8583774430477589,0.857523431742241,0.8599417129069945,0.8605712542241342,0.8610429568793989,0.8594227331414552,0.858604962657975,0.8594788234431548,0.8592413656542686
bank,pdays,3074.0,0.1919,0.0922,-1.0,871.0,39.5362,-1.0,98.4619,2.6945,7.9764,0.0,0.0,0.0115,0.603,0.0362,0.904,0.0461,0.9858,1.4303,0.0017,RandomForest,0.8657118226131811,0.868953429508224,0.8673626243987924,0.8672734716303125,0.8663361737795279,0.8673292419357416,0.8664072116293831,0.8682293861130677,0.8643889369494935
bank,pdays,3074.0,0.1919,0.0922,-1.0,871.0,39.5362,-1.0,98.4619,2.6945,7.9764,0.0,0.0,0.0115,0.603,0.0362,0.904,0.0461,0.9858,1.4303,0.0017,AdaBoost,0.8617680164441001,0.8608656004190125,0.8656931601490238,0.8670616535564246,0.8647581192467557,0.8617175388975494,0.8641701259352158,0.8623337073143855,0.8637031346450434
bank,pdays,3074.0,0.1919,0.0922,-1.0,871.0,39.5362,-1.0,98.4619,2.6945,7.9764,0.0,0.0,0.0115,0.603,0.0362,0.904,0.0461,0.9858,1.4303,0.0017,SVC,0.8576474131319924,0.8559362706262911,0.8571821070693585,0.8574367665807652,0.8578427740091152,0.8580600321069765,0.8565599689493875,0.857204293800907,0.8566330105347588
bank,pdays,3074.0,0.1461,0.0907,-1.0,871.0,40.3832,-1.0,100.0565,2.719,8.2362,0.0,0.0,0.0052,0.6155,0.0327,0.9025,0.0418,0.9853,1.4582,0.0016,DecisionTree,0.8698939862812592,0.8689343395911907,0.8675020803219587,0.8654296760567239,0.8710436649724098,0.8681481917674834,0.8697371001083639,0.8688913210001564,0.8679543422051967
bank,pdays,3074.0,0.1461,0.0907,-1.0,871.0,40.3832,-1.0,100.0565,2.719,8.2362,0.0,0.0,0.0052,0.6155,0.0327,0.9025,0.0418,0.9853,1.4582,0.0016,LogisticRegression,0.8571390954429715,0.8569323537290212,0.8553383528112194,0.8551459099040466,0.8551459099040466,0.8561123712976813,0.8551708548701508,0.8551329354490165,0.8560667725453458
bank,pdays,3074.0,0.1461,0.0907,-1.0,871.0,40.3832,-1.0,100.0565,2.719,8.2362,0.0,0.0,0.0052,0.6155,0.0327,0.9025,0.0418,0.9853,1.4582,0.0016,KNN,0.8629408523276583,0.8632912583535551,0.8628906641171471,0.8611288710336044,0.861754584984514,0.8624489658380938,0.8624653556428691,0.8624600293479073,0.8632765186957116
bank,pdays,3074.0,0.1461,0.0907,-1.0,871.0,40.3832,-1.0,100.0565,2.719,8.2362,0.0,0.0,0.0052,0.6155,0.0327,0.9025,0.0418,0.9853,1.4582,0.0016,RandomForest,0.862663622553876,0.8679578045606242,0.8629050430556586,0.8633664806228082,0.8643360079815066,0.8621449077871832,0.8634878244202464,0.865413275663185,0.8627690624740001
bank,pdays,3074.0,0.1461,0.0907,-1.0,871.0,40.3832,-1.0,100.0565,2.719,8.2362,0.0,0.0,0.0052,0.6155,0.0327,0.9025,0.0418,0.9853,1.4582,0.0016,AdaBoost,0.8669725660236538,0.8677131410808167,0.86321610376711,0.8640435247137936,0.8628321196904523,0.8613493339032052,0.8634156965275416,0.8630157810046014,0.8627830969503398
bank,pdays,3074.0,0.1461,0.0907,-1.0,871.0,40.3832,-1.0,100.0565,2.719,8.2362,0.0,0.0,0.0052,0.6155,0.0327,0.9025,0.0418,0.9853,1.4582,0.0016,SVC,0.8563631286247849,0.8553102482425523,0.8557786411379666,0.8550985012567002,0.8549036709815564,0.8562272867581804,0.8563891713795418,0.85517118440583,0.8568456849372649
bank,pdays,3074.0,0.1074,0.0882,-1.0,871.0,39.5197,-1.0,99.3397,2.764,8.5001,0.0,0.0,0.0123,0.6076,0.0375,0.9053,0.0479,0.9861,1.4348,0.0016,DecisionTree,0.8670122093769027,0.8690575870037277,0.8656882093126493,0.8705134957160229,0.8688499358610742,0.8697906261934369,0.8670138191844292,0.8650131945417325,0.868232946125624
bank,pdays,3074.0,0.1074,0.0882,-1.0,871.0,39.5197,-1.0,99.3397,2.764,8.5001,0.0,0.0,0.0123,0.6076,0.0375,0.9053,0.0479,0.9861,1.4348,0.0016,LogisticRegression,0.8553353105954427,0.8561990973720462,0.8559996755799696,0.8553734368809859,0.8558008021360608,0.854709071896459,0.8559996755799696,0.8559996755799696,0.8549168822578778
bank,pdays,3074.0,0.1074,0.0882,-1.0,871.0,39.5197,-1.0,99.3397,2.764,8.5001,0.0,0.0,0.0123,0.6076,0.0375,0.9053,0.0479,0.9861,1.4348,0.0016,KNN,0.859348567378096,0.8616718425833055,0.8633407353370975,0.8632924916053777,0.8628685681458276,0.8614285146879804,0.8611881884564793,0.8629548568033755,0.8622699666517477
bank,pdays,3074.0,0.1074,0.0882,-1.0,871.0,39.5197,-1.0,99.3397,2.764,8.5001,0.0,0.0,0.0123,0.6076,0.0375,0.9053,0.0479,0.9861,1.4348,0.0016,RandomForest,0.862239729376115,0.8638806954669889,0.8649700400968283,0.8622385358576408,0.8668965097684861,0.8645997469185664,0.8617208746173509,0.8663653774126359,0.8624454585181232
bank,pdays,3074.0,0.1074,0.0882,-1.0,871.0,39.5197,-1.0,99.3397,2.764,8.5001,0.0,0.0,0.0123,0.6076,0.0375,0.9053,0.0479,0.9861,1.4348,0.0016,AdaBoost,0.8627241297929256,0.8654026918198472,0.863294174581267,0.8639578837024691,0.8635687219648913,0.867128851989223,0.8653444639789555,0.8643751274225453,0.8632648873891512
bank,pdays,3074.0,0.1074,0.0882,-1.0,871.0,39.5197,-1.0,99.3397,2.764,8.5001,0.0,0.0,0.0123,0.6076,0.0375,0.9053,0.0479,0.9861,1.4348,0.0016,SVC,0.8601690081819571,0.8589284322732827,0.856422138020692,0.8545734597473881,0.8547776716767572,0.8572772308600184,0.858292256029288,0.8566374550309279,0.8568663408103564
bank,pdays,3074.0,0.0465,0.0836,-1.0,871.0,38.4251,-1.0,97.7,2.7951,8.6894,0.0,0.0,0.004,0.5987,0.0284,0.9058,0.0363,0.9864,1.4118,0.0015,DecisionTree,0.8701128712835144,0.869819496166237,0.8674459932898558,0.8673145077552497,0.8675278162595176,0.8684420371495949,0.8692787952443086,0.8698879883384183,0.8682411618811708
bank,pdays,3074.0,0.0465,0.0836,-1.0,871.0,38.4251,-1.0,97.7,2.7951,8.6894,0.0,0.0,0.004,0.5987,0.0284,0.9058,0.0363,0.9864,1.4118,0.0015,LogisticRegression,0.8567248776880526,0.8567248776880526,0.8564652429669085,0.8564652429669085,0.8564652429669085,0.8562647284017988,0.8565194603258497,0.8567248776880526,0.8562647284017988
bank,pdays,3074.0,0.0465,0.0836,-1.0,871.0,38.4251,-1.0,97.7,2.7951,8.6894,0.0,0.0,0.004,0.5987,0.0284,0.9058,0.0363,0.9864,1.4118,0.0015,KNN,0.8629015364876733,0.8638742430089141,0.8637169949570119,0.8639271156103974,0.8643552661943835,0.8632922779730537,0.8640899010998793,0.8640967326667293,0.8634942701763335
bank,pdays,3074.0,0.0465,0.0836,-1.0,871.0,38.4251,-1.0,97.7,2.7951,8.6894,0.0,0.0,0.004,0.5987,0.0284,0.9058,0.0363,0.9864,1.4118,0.0015,RandomForest,0.8650000099864199,0.8654506017431908,0.8657650320969241,0.8641173788048089,0.8682709310173122,0.8601911290813287,0.86439405769392,0.8653950438414075,0.8632780874635217
bank,pdays,3074.0,0.0465,0.0836,-1.0,871.0,38.4251,-1.0,97.7,2.7951,8.6894,0.0,0.0,0.004,0.5987,0.0284,0.9058,0.0363,0.9864,1.4118,0.0015,AdaBoost,0.8635659305239832,0.8631395191115957,0.8625323642444376,0.8660236946855299,0.8666550160844471,0.8642017090935222,0.8644878226402622,0.8642100086108255,0.8627403189726461
bank,pdays,3074.0,0.0465,0.0836,-1.0,871.0,38.4251,-1.0,97.7,2.7951,8.6894,0.0,0.0,0.004,0.5987,0.0284,0.9058,0.0363,0.9864,1.4118,0.0015,SVC,0.859558843896044,0.8601629469570506,0.857281145401264,0.8574903966812617,0.8578941281988505,0.859975677554964,0.8597297993823073,0.8582908675125133,0.8589410331348357
bank,previous,3074.0,0.5016,0.0098,0.0,23.0,0.5398,0.0,1.594,5.3659,45.2318,0.0,0.0,0.0455,0.6449,0.0355,0.9122,0.0449,0.9874,0.8151,0.4715,DecisionTree,0.8701099607815572,0.8701071056306876,0.8717976985239897,0.868228647201295,0.8685877507809918,0.863559483975415,0.867041303964877,0.8672297867831611,0.8682358441262302
bank,previous,3074.0,0.5016,0.0098,0.0,23.0,0.5398,0.0,1.594,5.3659,45.2318,0.0,0.0,0.0455,0.6449,0.0355,0.9122,0.0449,0.9874,0.8151,0.4715,LogisticRegression,0.8553532146830076,0.8553219214878491,0.8554331898430569,0.8558496255695206,0.8554331898430569,0.8553219214878491,0.8553650336983467,0.8556230264688438,0.8553219214878491
bank,previous,3074.0,0.5016,0.0098,0.0,23.0,0.5398,0.0,1.594,5.3659,45.2318,0.0,0.0,0.0455,0.6449,0.0355,0.9122,0.0449,0.9874,0.8151,0.4715,KNN,0.8625159219590387,0.8589115352472038,0.8603865230066465,0.8585478905883358,0.861665188052512,0.8599753208735159,0.8625444935783266,0.8599768322606184,0.8602141168268899
bank,previous,3074.0,0.5016,0.0098,0.0,23.0,0.5398,0.0,1.594,5.3659,45.2318,0.0,0.0,0.0455,0.6449,0.0355,0.9122,0.0449,0.9874,0.8151,0.4715,RandomForest,0.8648036838245715,0.8602757690903742,0.8656045354148083,0.8653815256802058,0.869452795502827,0.86168931434155,0.8652501741932113,0.8678645306517382,0.8615761679457342
bank,previous,3074.0,0.5016,0.0098,0.0,23.0,0.5398,0.0,1.594,5.3659,45.2318,0.0,0.0,0.0455,0.6449,0.0355,0.9122,0.0449,0.9874,0.8151,0.4715,AdaBoost,0.8667547029465449,0.8670842200729858,0.864151356863069,0.8684862612034703,0.8657496715274585,0.8636378080909592,0.8682771435966539,0.8661592797058092,0.8646645219791771
bank,previous,3074.0,0.5016,0.0098,0.0,23.0,0.5398,0.0,1.594,5.3659,45.2318,0.0,0.0,0.0455,0.6449,0.0355,0.9122,0.0449,0.9874,0.8151,0.4715,SVC,0.8580446039948565,0.8580560807087183,0.8599100013969473,0.8580335285322572,0.857616232213012,0.8571884987144808,0.8594614925779345,0.8621947788852701,0.8578148166301616
bank,previous,3074.0,0.4317,0.0097,0.0,23.0,0.5341,0.0,1.6858,5.7942,49.7334,0.0,0.0,0.0568,0.5992,0.0458,0.91,0.058,0.9876,0.7864,0.3641,DecisionTree,0.869309783017123,0.8658381928155747,0.867620704641649,0.8688980609860704,0.8686327915591098,0.8643983683034346,0.8700796879147632,0.8681534642910193,0.8664507720119253
bank,previous,3074.0,0.4317,0.0097,0.0,23.0,0.5341,0.0,1.6858,5.7942,49.7334,0.0,0.0,0.0568,0.5992,0.0458,0.91,0.058,0.9876,0.7864,0.3641,LogisticRegression,0.8545370403026076,0.8571702075042196,0.8562849124178582,0.8562899415512927,0.856085882599561,0.8562536192226999,0.8541073468686182,0.8560294745291945,0.856716004531735
bank,previous,3074.0,0.4317,0.0097,0.0,23.0,0.5341,0.0,1.6858,5.7942,49.7334,0.0,0.0,0.0568,0.5992,0.0458,0.91,0.058,0.9876,0.7864,0.3641,KNN,0.8601292938641389,0.8650276868186711,0.8610405774078091,0.8638100442619109,0.8633168733322036,0.8647799302789303,0.8600896405333646,0.8590273090618358,0.8642746269564832
bank,previous,3074.0,0.4317,0.0097,0.0,23.0,0.5341,0.0,1.6858,5.7942,49.7334,0.0,0.0,0.0568,0.5992,0.0458,0.91,0.058,0.9876,0.7864,0.3641,RandomForest,0.8638310917759355,0.8639154553307973,0.8611555229759037,0.8673416540340292,0.8683663492916204,0.8639757167110949,0.8662748055516472,0.8634591396911072,0.863563181139481
bank,previous,3074.0,0.4317,0.0097,0.0,23.0,0.5341,0.0,1.6858,5.7942,49.7334,0.0,0.0,0.0568,0.5992,0.0458,0.91,0.058,0.9876,0.7864,0.3641,AdaBoost,0.863446613499156,0.8623929267977268,0.8632545345730955,0.8623290261509962,0.8621094978539237,0.8683836625354777,0.8631520044740337,0.8619665171695832,0.8615252004840517
bank,previous,3074.0,0.4317,0.0097,0.0,23.0,0.5341,0.0,1.6858,5.7942,49.7334,0.0,0.0,0.0568,0.5992,0.0458,0.91,0.058,0.9876,0.7864,0.3641,SVC,0.8566204597427554,0.8576851181669509,0.8607838909718788,0.8589141094010396,0.8587529341445379,0.857483643171925,0.8574236875071268,0.8603956279965579,0.8566425570280264
bank,previous,3074.0,0.4063,0.0088,0.0,23.0,0.5348,0.0,1.601,5.1705,40.9015,0.0,0.0,0.0326,0.6284,0.046,0.9101,0.0582,0.9874,0.796,0.413,DecisionTree,0.8690685354803646,0.8699862260969187,0.8674476144813554,0.8700462101058482,0.8677037381629471,0.871320362471843,0.8701852781314436,0.8736310117925276,0.8729676484345794
bank,previous,3074.0,0.4063,0.0088,0.0,23.0,0.5348,0.0,1.601,5.1705,40.9015,0.0,0.0,0.0326,0.6284,0.046,0.9101,0.0582,0.9874,0.796,0.413,LogisticRegression,0.8562644360046413,0.8567305345886143,0.8571491621828567,0.8561127993673138,0.8567626468239652,0.8558433655071072,0.8555826842853371,0.8544740794123881,0.855894409610393
bank,previous,3074.0,0.4063,0.0088,0.0,23.0,0.5348,0.0,1.601,5.1705,40.9015,0.0,0.0,0.0326,0.6284,0.046,0.9101,0.0582,0.9874,0.796,0.413,KNN,0.8568235271143928,0.8584035663742959,0.8586986635227851,0.8599718863747465,0.8593535679777388,0.8592160389885793,0.8559879081947595,0.858695803347234,0.8592588695767347
bank,previous,3074.0,0.4063,0.0088,0.0,23.0,0.5348,0.0,1.601,5.1705,40.9015,0.0,0.0,0.0326,0.6284,0.046,0.9101,0.0582,0.9874,0.796,0.413,RandomForest,0.863902596543463,0.8621473361534558,0.8641417812936307,0.8663059759257146,0.868469483728808,0.8636666148916283,0.8653792550430033,0.8647123573866785,0.8617605083872243
bank,previous,3074.0,0.4063,0.0088,0.0,23.0,0.5348,0.0,1.601,5.1705,40.9015,0.0,0.0,0.0326,0.6284,0.046,0.9101,0.0582,0.9874,0.796,0.413,AdaBoost,0.8655024255074,0.8665980117830039,0.8677927417527344,0.8631361483468982,0.8631684515697475,0.8663360357551562,0.8659218739388834,0.8628531464565468,0.8643120560020544
bank,previous,3074.0,0.4063,0.0088,0.0,23.0,0.5348,0.0,1.601,5.1705,40.9015,0.0,0.0,0.0326,0.6284,0.046,0.9101,0.0582,0.9874,0.796,0.413,SVC,0.8568775881683133,0.8587376191559728,0.8599668269872952,0.8566182094808563,0.8557785661010779,0.8574782020746765,0.8560279885688318,0.8549911616769975,0.8560193929501478
bank,previous,3074.0,0.3569,0.0081,0.0,22.0,0.5225,0.0,1.5305,4.9994,38.71,0.0,0.0,0.0058,0.6172,0.0285,0.9064,0.0361,0.9866,0.7997,0.4101,DecisionTree,0.8698459149336604,0.8719262838095319,0.8685990937297311,0.866230262827705,0.8640484406739007,0.8682810302447223,0.8720430941655378,0.8704370930062871,0.8677552656547466
bank,previous,3074.0,0.3569,0.0081,0.0,22.0,0.5225,0.0,1.5305,4.9994,38.71,0.0,0.0,0.0058,0.6172,0.0285,0.9064,0.0361,0.9866,0.7997,0.4101,LogisticRegression,0.8560424886124851,0.8563009877357535,0.8552200969784319,0.8552328004386157,0.8554178710564534,0.8562923022821542,0.8560424886124851,0.8564909664924824,0.855440686871513
bank,previous,3074.0,0.3569,0.0081,0.0,22.0,0.5225,0.0,1.5305,4.9994,38.71,0.0,0.0,0.0058,0.6172,0.0285,0.9064,0.0361,0.9866,0.7997,0.4101,KNN,0.8610531222891123,0.8593724956521385,0.8608218960206415,0.8573657102395342,0.8608128316166631,0.8597051993235045,0.8611193980753314,0.8606534619495695,0.8607090382118923
bank,previous,3074.0,0.3569,0.0081,0.0,22.0,0.5225,0.0,1.5305,4.9994,38.71,0.0,0.0,0.0058,0.6172,0.0285,0.9064,0.0361,0.9866,0.7997,0.4101,RandomForest,0.8683172719996426,0.8670154241222159,0.8644391670267577,0.8690389294305382,0.8686937402515471,0.8660596263853925,0.8672203898411648,0.86227217031642,0.8664678991406722
bank,previous,3074.0,0.3569,0.0081,0.0,22.0,0.5225,0.0,1.5305,4.9994,38.71,0.0,0.0,0.0058,0.6172,0.0285,0.9064,0.0361,0.9866,0.7997,0.4101,AdaBoost,0.8639958306442183,0.8670708369778909,0.8656424005859779,0.8587691033483431,0.8621584256428331,0.8605252529967881,0.8611367263380927,0.8637161232112074,0.859073058619935
bank,previous,3074.0,0.3569,0.0081,0.0,22.0,0.5225,0.0,1.5305,4.9994,38.71,0.0,0.0,0.0058,0.6172,0.0285,0.9064,0.0361,0.9866,0.7997,0.4101,SVC,0.8567585911933753,0.8592932561415885,0.8613120780467622,0.8576091120817977,0.8559901779128346,0.8582048355075869,0.8572212622535733,0.8566069563541746,0.8566848224299762
bank,previous,3074.0,0.299,0.007,0.0,22.0,0.5118,0.0,1.4589,4.6961,35.2774,0.0,0.0,0.0195,0.6158,0.0332,0.9047,0.0421,0.9861,0.7999,0.4729,DecisionTree,0.869040609377253,0.8649999448950527,0.8702438690667316,0.8640880377797207,0.8694832369605556,0.8660776901399834,0.8656017083176302,0.8704117943147665,0.8716242937152436
bank,previous,3074.0,0.299,0.007,0.0,22.0,0.5118,0.0,1.4589,4.6961,35.2774,0.0,0.0,0.0195,0.6158,0.0332,0.9047,0.0421,0.9861,0.7999,0.4729,LogisticRegression,0.8563116476939556,0.8565068178305887,0.8580371812176516,0.8580371812176516,0.8578350666292613,0.8558977180326878,0.8567659051900385,0.8565122708935502,0.8563019710518094
bank,previous,3074.0,0.299,0.007,0.0,22.0,0.5118,0.0,1.4589,4.6961,35.2774,0.0,0.0,0.0195,0.6158,0.0332,0.9047,0.0421,0.9861,0.7999,0.4729,KNN,0.8581037519514514,0.8585112911266229,0.8601478274088449,0.8595538412491615,0.8609601943586425,0.8583277237106561,0.8597308185804826,0.8586702169613463,0.8589780749216355
bank,previous,3074.0,0.299,0.007,0.0,22.0,0.5118,0.0,1.4589,4.6961,35.2774,0.0,0.0,0.0195,0.6158,0.0332,0.9047,0.0421,0.9861,0.7999,0.4729,RandomForest,0.8609728275271067,0.8657670955116494,0.8679885273715188,0.8643722590016807,0.8687111773280434,0.8651441371484985,0.8653860200384883,0.8639102554844347,0.8640008040495166
bank,previous,3074.0,0.299,0.007,0.0,22.0,0.5118,0.0,1.4589,4.6961,35.2774,0.0,0.0,0.0195,0.6158,0.0332,0.9047,0.0421,0.9861,0.7999,0.4729,AdaBoost,0.8652313045824871,0.8676963840246256,0.8652089837685873,0.8665395305938695,0.8676617580787078,0.8660599377051557,0.8650235531913464,0.8622280126236644,0.8629472349523036
bank,previous,3074.0,0.299,0.007,0.0,22.0,0.5118,0.0,1.4589,4.6961,35.2774,0.0,0.0,0.0195,0.6158,0.0332,0.9047,0.0421,0.9861,0.7999,0.4729,SVC,0.8565920988495461,0.8540503534181658,0.8542567888843544,0.851195932848501,0.8532973313055953,0.8544422189173082,0.8572195802233693,0.8545190075300674,0.8536585046710571
bank,previous,3074.0,0.2567,0.0079,0.0,23.0,0.5414,0.0,1.6596,5.4766,45.2911,0.0,0.0,0.0348,0.6121,0.0515,0.9107,0.0652,0.9875,0.8017,0.3218,DecisionTree,0.870119841030129,0.8683989860946071,0.8688720703675863,0.8705583568148705,0.8683392418211955,0.8668963521259698,0.871433742124185,0.8684733859848366,0.8715892350704371
bank,previous,3074.0,0.2567,0.0079,0.0,23.0,0.5414,0.0,1.6596,5.4766,45.2911,0.0,0.0,0.0348,0.6121,0.0515,0.9107,0.0652,0.9875,0.8017,0.3218,LogisticRegression,0.8553885131998074,0.8557946611701323,0.8549103739273172,0.8560000785323352,0.8555727132772603,0.8553686543255286,0.8562585874358702,0.8562598256047056,0.8557946611701323
bank,previous,3074.0,0.2567,0.0079,0.0,23.0,0.5414,0.0,1.6596,5.4766,45.2911,0.0,0.0,0.0348,0.6121,0.0515,0.9107,0.0652,0.9875,0.8017,0.3218,KNN,0.858972440250328,0.8616125048294906,0.8642888838526397,0.8619449477922372,0.863023557605732,0.8616390345937411,0.8577206660329529,0.8605397061289907,0.8601198013125801
bank,previous,3074.0,0.2567,0.0079,0.0,23.0,0.5414,0.0,1.6596,5.4766,45.2911,0.0,0.0,0.0348,0.6121,0.0515,0.9107,0.0652,0.9875,0.8017,0.3218,RandomForest,0.866371500380595,0.8662284499513727,0.8681150283562016,0.8670704319038014,0.870355114318077,0.8670174356730086,0.8682219664434144,0.8692431279680437,0.8677449596877137
bank,previous,3074.0,0.2567,0.0079,0.0,23.0,0.5414,0.0,1.6596,5.4766,45.2911,0.0,0.0,0.0348,0.6121,0.0515,0.9107,0.0652,0.9875,0.8017,0.3218,AdaBoost,0.8629559252002837,0.8618031678798829,0.8653318163709902,0.8621594849666684,0.8662312805983683,0.8639378609621012,0.8623448744264224,0.8622370244917721,0.8627418657952652
bank,previous,3074.0,0.2567,0.0079,0.0,23.0,0.5414,0.0,1.6596,5.4766,45.2911,0.0,0.0,0.0348,0.6121,0.0515,0.9107,0.0652,0.9875,0.8017,0.3218,SVC,0.8601769201250755,0.8572567922771419,0.8591169124362307,0.8586976446180107,0.8597578557918039,0.8580822093828161,0.8591432038830874,0.8574591456587264,0.8574771209927555
bank,previous,3074.0,0.1919,0.0072,0.0,23.0,0.5479,0.0,1.6262,5.304,42.9328,0.0,0.0,0.022,0.595,0.0393,0.9019,0.0498,0.9853,0.8257,0.3244,DecisionTree,0.866851785136113,0.8673386349989105,0.8721503374767998,0.8677399139757628,0.8688613046506346,0.871797865318717,0.8693470000983067,0.8684278748833948,0.8702226999086625
bank,previous,3074.0,0.1919,0.0072,0.0,23.0,0.5479,0.0,1.6262,5.304,42.9328,0.0,0.0,0.022,0.595,0.0393,0.9019,0.0498,0.9853,0.8257,0.3244,LogisticRegression,0.855991141614825,0.8566645193631829,0.8564575469160757,0.8559996755799696,0.8561989519762438,0.8561989519762438,0.8557922681709164,0.8558008021360608,0.856237154108108
bank,previous,3074.0,0.1919,0.0072,0.0,23.0,0.5479,0.0,1.6262,5.304,42.9328,0.0,0.0,0.022,0.595,0.0393,0.9019,0.0498,0.9853,0.8257,0.3244,KNN,0.8601731962829995,0.8607518200376387,0.8599035120686961,0.8607805169760169,0.86078945173418,0.8631005051090439,0.8608518324030806,0.8621410342120808,0.859751797360155
bank,previous,3074.0,0.1919,0.0072,0.0,23.0,0.5479,0.0,1.6262,5.304,42.9328,0.0,0.0,0.022,0.595,0.0393,0.9019,0.0498,0.9853,0.8257,0.3244,RandomForest,0.8646304666655946,0.8660933485042693,0.8693498258608572,0.8673747284040926,0.8678072223059314,0.866164765272828,0.8668992438329975,0.8650568882899037,0.8628580284975838
bank,previous,3074.0,0.1919,0.0072,0.0,23.0,0.5479,0.0,1.6262,5.304,42.9328,0.0,0.0,0.022,0.595,0.0393,0.9019,0.0498,0.9853,0.8257,0.3244,AdaBoost,0.8648196949907639,0.8617204514012944,0.8641884375025547,0.8564382550089327,0.8668820436972395,0.863581948981207,0.8664422019676697,0.8649879759112824,0.8631391540099698
bank,previous,3074.0,0.1919,0.0072,0.0,23.0,0.5479,0.0,1.6262,5.304,42.9328,0.0,0.0,0.022,0.595,0.0393,0.9019,0.0498,0.9853,0.8257,0.3244,SVC,0.8584895369683087,0.857874827677006,0.8597621801015188,0.8587079249188876,0.858691885968975,0.8576725829045969,0.8601242770182106,0.8591352598221932,0.8572944840454285
bank,previous,3074.0,0.1565,0.0073,0.0,23.0,0.5291,0.0,1.6329,5.5198,45.4167,0.0,0.0,0.0236,0.5973,0.0332,0.9085,0.0421,0.987,0.8006,0.2903,DecisionTree,0.8673145853976387,0.8634154854858541,0.8685550657121807,0.8684797678474097,0.8683024102411299,0.8695071382436236,0.8618635112790772,0.8627584058439494,0.8675156085179349
bank,previous,3074.0,0.1565,0.0073,0.0,23.0,0.5291,0.0,1.6329,5.5198,45.4167,0.0,0.0,0.0236,0.5973,0.0332,0.9085,0.0421,0.987,0.8006,0.2903,LogisticRegression,0.8564877040645166,0.8575675767011598,0.8569178213714773,0.8573664991750773,0.8569178213714773,0.8573621593389569,0.8562888306206079,0.8573664991750773,0.8571610818128744
bank,previous,3074.0,0.1565,0.0073,0.0,23.0,0.5291,0.0,1.6329,5.5198,45.4167,0.0,0.0,0.0236,0.5973,0.0332,0.9085,0.0421,0.987,0.8006,0.2903,KNN,0.8576299357384752,0.8593304268530753,0.8615907031338218,0.8576045379120395,0.8595119122019966,0.8595835018774685,0.8580869648487957,0.858397515580434,0.8614327837800025
bank,previous,3074.0,0.1565,0.0073,0.0,23.0,0.5291,0.0,1.6329,5.5198,45.4167,0.0,0.0,0.0236,0.5973,0.0332,0.9085,0.0421,0.987,0.8006,0.2903,RandomForest,0.8662724470934902,0.8653465674204607,0.8655928629259053,0.8679050229639987,0.8654476723525848,0.8681023028306608,0.8671811679718691,0.8671459337690023,0.8674679798960041
bank,previous,3074.0,0.1565,0.0073,0.0,23.0,0.5291,0.0,1.6329,5.5198,45.4167,0.0,0.0,0.0236,0.5973,0.0332,0.9085,0.0421,0.987,0.8006,0.2903,AdaBoost,0.8714105820289488,0.8655640608026172,0.868279400528325,0.8657485897586739,0.8662220785559628,0.864689799599599,0.8660620319967557,0.8668912996865303,0.8651111222743418
bank,previous,3074.0,0.1565,0.0073,0.0,23.0,0.5291,0.0,1.6329,5.5198,45.4167,0.0,0.0,0.0236,0.5973,0.0332,0.9085,0.0421,0.987,0.8006,0.2903,SVC,0.8597420023424098,0.8567971226107849,0.8570524940739144,0.857037357452413,0.8580617539522766,0.8582629713835718,0.8587015922774831,0.8578275327403819,0.8572367827173941
bank,previous,3074.0,0.0934,0.0068,0.0,23.0,0.5472,0.0,1.6396,5.2904,42.1902,0.0,0.0,0.0307,0.6013,0.0336,0.9048,0.0426,0.9861,0.817,0.2904,DecisionTree,0.8685463716642419,0.8698024203933807,0.8682027220800179,0.8675258240645313,0.8664082020470314,0.8674984195076231,0.8689630627875569,0.8681927748496212,0.8669346612495319
bank,previous,3074.0,0.0934,0.0068,0.0,23.0,0.5472,0.0,1.6396,5.2904,42.1902,0.0,0.0,0.0307,0.6013,0.0336,0.9048,0.0426,0.9861,0.817,0.2904,LogisticRegression,0.8559996755799696,0.8566645193631829,0.8569269922764429,0.8569269922764429,0.8569269922764429,0.8560000785323352,0.8558008021360608,0.85487647604384,0.856924154084327
bank,previous,3074.0,0.0934,0.0068,0.0,23.0,0.5472,0.0,1.6396,5.2904,42.1902,0.0,0.0,0.0307,0.6013,0.0336,0.9048,0.0426,0.9861,0.817,0.2904,KNN,0.8600354439222399,0.8614688731102351,0.8620481822713509,0.8607933028381237,0.861652797818709,0.8594018903299274,0.8604012104323511,0.859979087066661,0.8612539945828014
bank,previous,3074.0,0.0934,0.0068,0.0,23.0,0.5472,0.0,1.6396,5.2904,42.1902,0.0,0.0,0.0307,0.6013,0.0336,0.9048,0.0426,0.9861,0.817,0.2904,RandomForest,0.8677703877030016,0.8674825050779267,0.8669469331818567,0.8684616267603169,0.8646650632910933,0.8674456485744486,0.8679742905025684,0.8694105592903714,0.8659967740775474
bank,previous,3074.0,0.0934,0.0068,0.0,23.0,0.5472,0.0,1.6396,5.2904,42.1902,0.0,0.0,0.0307,0.6013,0.0336,0.9048,0.0426,0.9861,0.817,0.2904,AdaBoost,0.8638432141449676,0.8613413168391234,0.8647962997374867,0.8599429164000392,0.8655798481794873,0.8629198243182751,0.864239645272548,0.863218163488598,0.8667224255658599
bank,previous,3074.0,0.0934,0.0068,0.0,23.0,0.5472,0.0,1.6396,5.2904,42.1902,0.0,0.0,0.0307,0.6013,0.0336,0.9048,0.0426,0.9861,0.817,0.2904,SVC,0.8591237371371153,0.8583020309908926,0.8562260409937843,0.8572525633123259,0.8560191524395236,0.858097875360056,0.8593271227801444,0.859114705913017,0.8574820143781747
bank,previous,3074.0,0.0595,0.0066,0.0,23.0,0.5316,0.0,1.5949,5.4057,44.8591,0.0,0.0,0.0268,0.6072,0.0366,0.9062,0.0465,0.9864,0.811,0.2887,DecisionTree,0.867562120657837,0.8680990659923613,0.8685248840801444,0.8681605931612214,0.8690814169018899,0.8648256040845677,0.8661516677547624,0.8683561042064891,0.8682491796702119
bank,previous,3074.0,0.0595,0.0066,0.0,23.0,0.5316,0.0,1.5949,5.4057,44.8591,0.0,0.0,0.0268,0.6072,0.0366,0.9062,0.0465,0.9864,0.811,0.2887,LogisticRegression,0.8555953847738579,0.8555953847738579,0.8564522539845383,0.8564522539845383,0.8559996755799696,0.8555953847738579,0.8555953847738579,0.8562647284017988,0.8555953847738579
bank,previous,3074.0,0.0595,0.0066,0.0,23.0,0.5316,0.0,1.5949,5.4057,44.8591,0.0,0.0,0.0268,0.6072,0.0366,0.9062,0.0465,0.9864,0.811,0.2887,KNN,0.857402770633905,0.861630668615436,0.8603406615786313,0.8611789349875408,0.8613742092019383,0.8610192092910927,0.8578411185624182,0.8593409181587607,0.8616374465883639
bank,previous,3074.0,0.0595,0.0066,0.0,23.0,0.5316,0.0,1.5949,5.4057,44.8591,0.0,0.0,0.0268,0.6072,0.0366,0.9062,0.0465,0.9864,0.811,0.2887,RandomForest,0.8654768766466101,0.8655407452151291,0.8672953157136769,0.8623129522129639,0.866201597014918,0.8653713427969526,0.8631207822347744,0.8664503237272314,0.8652957553177083
bank,previous,3074.0,0.0595,0.0066,0.0,23.0,0.5316,0.0,1.5949,5.4057,44.8591,0.0,0.0,0.0268,0.6072,0.0366,0.9062,0.0465,0.9864,0.811,0.2887,AdaBoost,0.8646309329116924,0.867593948662273,0.8642287059192797,0.8645920279025301,0.8650337403241004,0.8664752272552207,0.8646352789739661,0.8615781732492932,0.8660304427807642
bank,previous,3074.0,0.0595,0.0066,0.0,23.0,0.5316,0.0,1.5949,5.4057,44.8591,0.0,0.0,0.0268,0.6072,0.0366,0.9062,0.0465,0.9864,0.811,0.2887,SVC,0.8596732058045593,0.8572508225565724,0.8570280514651902,0.8565953848697881,0.8572178070864854,0.8580856606980997,0.858033570521951,0.8568130119247034,0.8570206555861414
