name,column_name,n_tuples,missing_perc,uniqueness,min,max,mean,median,std,skewness,kurtosis,mad,iqr,p_min,p_max,k_min,k_max,s_min,s_max,entropy,density,ml_algorithm,impute_standard,impute_mean,impute_median,impute_random,impute_knn,impute_mice,impute_linear_regression,impute_random_forest,impute_cmeans
abalone,'Length',4177.0,0.4913,0.0602,0.15,0.815,0.5254,0.545,0.1185,-0.5949,-0.0028,0.08,0.165,0.0,0.0,0.0,0.0,0.0,0.0,4.4906,0.0058,DecisionTree,0.17286383465967184,0.15911218100401936,0.16566545484600587,0.1674624688976029,0.16560962322700995,0.1666239475248287,0.16425280831323796,0.17895454886384732,0.16440190873891858
abalone,'Length',4177.0,0.4913,0.0602,0.15,0.815,0.5254,0.545,0.1185,-0.5949,-0.0028,0.08,0.165,0.0,0.0,0.0,0.0,0.0,0.0,4.4906,0.0058,LogisticRegression,0.17256772120827488,0.14345587764487183,0.1610559008020342,0.162619903494697,0.16157498380205262,0.16180255327831305,0.1610987644479268,0.15741800227012498,0.1608711416148602
abalone,'Length',4177.0,0.4913,0.0602,0.15,0.815,0.5254,0.545,0.1185,-0.5949,-0.0028,0.08,0.165,0.0,0.0,0.0,0.0,0.0,0.0,4.4906,0.0058,KNN,0.17268455665631652,0.15567583600545104,0.16774970161393216,0.166234159411919,0.16575467147879433,0.16632494783871243,0.17188542246370705,0.1704756832749209,0.17249948894909709
abalone,'Length',4177.0,0.4913,0.0602,0.15,0.815,0.5254,0.545,0.1185,-0.5949,-0.0028,0.08,0.165,0.0,0.0,0.0,0.0,0.0,0.0,4.4906,0.0058,RandomForest,0.1834747209074332,0.18021964512820146,0.17770400136295955,0.17759427176417242,0.17759576890588083,0.17781812942468014,0.180514878903884,0.18667389391360603,0.17770126967094857
abalone,'Length',4177.0,0.4913,0.0602,0.15,0.815,0.5254,0.545,0.1185,-0.5949,-0.0028,0.08,0.165,0.0,0.0,0.0,0.0,0.0,0.0,4.4906,0.0058,AdaBoost,0.07978269338736849,0.07978269338736849,0.08861277394857373,0.08861277394857373,0.08861277394857373,0.08861277394857373,0.08861277394857373,0.07978269338736849,0.08861277394857373
abalone,'Length',4177.0,0.4913,0.0602,0.15,0.815,0.5254,0.545,0.1185,-0.5949,-0.0028,0.08,0.165,0.0,0.0,0.0,0.0,0.0,0.0,4.4906,0.0058,SVC,0.17861222124661524,0.14445837963724595,0.16285309926645064,0.16146045908265017,0.16284571450350668,0.1621467386395953,0.16274196780963812,0.17217400362988367,0.16173767241694514
abalone,'Length',4177.0,0.4592,0.0558,0.13,0.78,0.5221,0.54,0.1196,-0.6275,0.0483,0.08,0.16,0.0,0.0,0.0,0.0,0.0,0.0,4.4946,0.006,DecisionTree,0.17382816153585468,0.16512036248261142,0.17214757910885686,0.17215217923435688,0.17147555438181017,0.1711331787633845,0.16876578760426222,0.1753589202997803,0.17689519130407674
abalone,'Length',4177.0,0.4592,0.0558,0.13,0.78,0.5221,0.54,0.1196,-0.6275,0.0483,0.08,0.16,0.0,0.0,0.0,0.0,0.0,0.0,4.4946,0.006,LogisticRegression,0.16958654513203547,0.15190317122166924,0.16777624258005225,0.16812760591841275,0.16775977009463183,0.16817033562770872,0.16960075741652242,0.17432404077628605,0.17111886421386308
abalone,'Length',4177.0,0.4592,0.0558,0.13,0.78,0.5221,0.54,0.1196,-0.6275,0.0483,0.08,0.16,0.0,0.0,0.0,0.0,0.0,0.0,4.4946,0.006,KNN,0.14794206931876466,0.14991729191228134,0.16292033400254508,0.16377718404192135,0.16254868641360792,0.15668082505666533,0.15866853220669574,0.16475485240811857,0.14648909653718148
abalone,'Length',4177.0,0.4592,0.0558,0.13,0.78,0.5221,0.54,0.1196,-0.6275,0.0483,0.08,0.16,0.0,0.0,0.0,0.0,0.0,0.0,4.4946,0.006,RandomForest,0.18252800810956563,0.16964682389170022,0.17393267113076782,0.17398150758099878,0.17499202061694807,0.17517516746968553,0.1797501121505283,0.1824043531126591,0.173830281947273
abalone,'Length',4177.0,0.4592,0.0558,0.13,0.78,0.5221,0.54,0.1196,-0.6275,0.0483,0.08,0.16,0.0,0.0,0.0,0.0,0.0,0.0,4.4946,0.006,AdaBoost,0.08681339519755421,0.08681339519755421,0.09547004440461432,0.09547004440461432,0.09547004440461432,0.09547004440461432,0.09548337094435697,0.08681339519755421,0.09550125569879192
abalone,'Length',4177.0,0.4592,0.0558,0.13,0.78,0.5221,0.54,0.1196,-0.6275,0.0483,0.08,0.16,0.0,0.0,0.0,0.0,0.0,0.0,4.4946,0.006,SVC,0.1716877350427135,0.15332676446694715,0.16419815658878034,0.16419815658878034,0.16419815658878034,0.16420046482525577,0.16302926534901985,0.17017978960894642,0.16085610375131137
abalone,'Length',4177.0,0.4012,0.0524,0.075,0.78,0.5257,0.55,0.121,-0.6704,0.0628,0.075,0.165,0.0,0.0,0.0,0.0,0.0,0.0,4.5041,0.0056,DecisionTree,0.18246464608169763,0.17066829447706927,0.17161606851240346,0.17161606851240346,0.17161606851240346,0.17848174512609316,0.17748734181725478,0.17996766896308203,0.17164739879419183
abalone,'Length',4177.0,0.4012,0.0524,0.075,0.78,0.5257,0.55,0.121,-0.6704,0.0628,0.075,0.165,0.0,0.0,0.0,0.0,0.0,0.0,4.5041,0.0056,LogisticRegression,0.1797288341203338,0.16667863234008262,0.1849440994627443,0.18485210517052922,0.18547400898450073,0.18545925587443599,0.18613531849809536,0.18037655925347867,0.18736730366770657
abalone,'Length',4177.0,0.4012,0.0524,0.075,0.78,0.5257,0.55,0.121,-0.6704,0.0628,0.075,0.165,0.0,0.0,0.0,0.0,0.0,0.0,4.5041,0.0056,KNN,0.16556896855427117,0.16814629865034614,0.1636986000383398,0.1650246864958222,0.15875333580833514,0.16551935977023385,0.17107105062640704,0.162476348959659,0.16359947394406793
abalone,'Length',4177.0,0.4012,0.0524,0.075,0.78,0.5257,0.55,0.121,-0.6704,0.0628,0.075,0.165,0.0,0.0,0.0,0.0,0.0,0.0,4.5041,0.0056,RandomForest,0.19184414576072945,0.17954095038210735,0.18536635054013964,0.18534946364467617,0.18538616927330212,0.18560443115597738,0.1931242094343992,0.1868537042865543,0.1852779826992455
abalone,'Length',4177.0,0.4012,0.0524,0.075,0.78,0.5257,0.55,0.121,-0.6704,0.0628,0.075,0.165,0.0,0.0,0.0,0.0,0.0,0.0,4.5041,0.0056,AdaBoost,0.08306504274667645,0.09572056745203814,0.09998121811488717,0.09998121811488717,0.09998121811488717,0.09998121811488717,0.09797260744982217,0.08306504274667645,0.10000962216659913
abalone,'Length',4177.0,0.4012,0.0524,0.075,0.78,0.5257,0.55,0.121,-0.6704,0.0628,0.075,0.165,0.0,0.0,0.0,0.0,0.0,0.0,4.5041,0.0056,SVC,0.178272824865654,0.16389030197225013,0.17646896079754062,0.17680605218955622,0.17650366266075518,0.17668387350572534,0.17616886306544954,0.18003666071575525,0.17595533293490928
abalone,'Length',4177.0,0.3474,0.047,0.075,0.78,0.5208,0.54,0.1188,-0.6387,0.0639,0.08,0.16,0.0,0.0,0.0,0.0,0.0,0.0,4.4956,0.0059,DecisionTree,0.1816411997703072,0.18876069521873867,0.18070352173772425,0.18070352173772425,0.18070225153513214,0.18104945826637497,0.1801527591988762,0.18375198839203435,0.18105496286492678
abalone,'Length',4177.0,0.3474,0.047,0.075,0.78,0.5208,0.54,0.1188,-0.6387,0.0639,0.08,0.16,0.0,0.0,0.0,0.0,0.0,0.0,4.4956,0.0059,LogisticRegression,0.18280967085233515,0.17376768054524727,0.19035932390299887,0.1894587173070918,0.18962813699137018,0.18983550942533106,0.19114120003033472,0.1850976865648741,0.18849523160963078
abalone,'Length',4177.0,0.3474,0.047,0.075,0.78,0.5208,0.54,0.1188,-0.6387,0.0639,0.08,0.16,0.0,0.0,0.0,0.0,0.0,0.0,4.4956,0.0059,KNN,0.1858947400052976,0.18745087576574604,0.19155509838174054,0.18925106058481578,0.19085829356817166,0.1880688829936095,0.18961322921027504,0.18653606095103414,0.19474446702078696
abalone,'Length',4177.0,0.3474,0.047,0.075,0.78,0.5208,0.54,0.1188,-0.6387,0.0639,0.08,0.16,0.0,0.0,0.0,0.0,0.0,0.0,4.4956,0.0059,RandomForest,0.20081672356413172,0.190767034139208,0.19925511185468478,0.19859353453495399,0.1996716407607684,0.19906360107234244,0.19920941045990342,0.19222783212931502,0.19761729056211688
abalone,'Length',4177.0,0.3474,0.047,0.075,0.78,0.5208,0.54,0.1188,-0.6387,0.0639,0.08,0.16,0.0,0.0,0.0,0.0,0.0,0.0,4.4956,0.0059,AdaBoost,0.0868057169337044,0.08666154041091867,0.09001004830559635,0.09001004830559635,0.09001004830559635,0.09001004830559635,0.09001004830559635,0.0868057169337044,0.09001004830559635
abalone,'Length',4177.0,0.3474,0.047,0.075,0.78,0.5208,0.54,0.1188,-0.6387,0.0639,0.08,0.16,0.0,0.0,0.0,0.0,0.0,0.0,4.4956,0.0059,SVC,0.1823063561439046,0.1780039019645952,0.1801802589222767,0.17986029718525037,0.18006333776966807,0.18020787828828783,0.1796432308645872,0.1818456821538675,0.18030715763888489
abalone,'Length',4177.0,0.2935,0.0447,0.075,0.815,0.5239,0.545,0.1205,-0.6455,0.0726,0.08,0.165,0.0,0.0,0.0,0.0,0.0,0.0,4.5116,0.0055,DecisionTree,0.19903403507370265,0.20839592122975806,0.1951588557998988,0.19543717080830184,0.1951588557998988,0.19332090833820884,0.19488945738755756,0.19266325240730453,0.19110662108714
abalone,'Length',4177.0,0.2935,0.0447,0.075,0.815,0.5239,0.545,0.1205,-0.6455,0.0726,0.08,0.165,0.0,0.0,0.0,0.0,0.0,0.0,4.5116,0.0055,LogisticRegression,0.19477653068018555,0.17569118386572757,0.19370449125450928,0.19499310355987673,0.19482936920436605,0.19553691227570497,0.19447506774135823,0.19331849285801256,0.19310677591655506
abalone,'Length',4177.0,0.2935,0.0447,0.075,0.815,0.5239,0.545,0.1205,-0.6455,0.0726,0.08,0.165,0.0,0.0,0.0,0.0,0.0,0.0,4.5116,0.0055,KNN,0.19326011550960995,0.18402873014807283,0.18639770911040485,0.18397252798810698,0.18270288129773346,0.19078744734412717,0.19080481019652706,0.1851058295598362,0.1870164304725906
abalone,'Length',4177.0,0.2935,0.0447,0.075,0.815,0.5239,0.545,0.1205,-0.6455,0.0726,0.08,0.165,0.0,0.0,0.0,0.0,0.0,0.0,4.5116,0.0055,RandomForest,0.20374738630833267,0.19393682939378765,0.1990105858933106,0.19914956046856383,0.19914726792292894,0.20035179280150328,0.1967972591618743,0.19817804269641237,0.19993698640126029
abalone,'Length',4177.0,0.2935,0.0447,0.075,0.815,0.5239,0.545,0.1205,-0.6455,0.0726,0.08,0.165,0.0,0.0,0.0,0.0,0.0,0.0,4.5116,0.0055,AdaBoost,0.11496757537847718,0.09665759014293177,0.09086716680845856,0.09086716680845856,0.09086716680845856,0.09086716680845856,0.09086716680845856,0.11496757537847718,0.09086716680845856
abalone,'Length',4177.0,0.2935,0.0447,0.075,0.815,0.5239,0.545,0.1205,-0.6455,0.0726,0.08,0.165,0.0,0.0,0.0,0.0,0.0,0.0,4.5116,0.0055,SVC,0.19060254864561965,0.17790296856635282,0.18230744141092076,0.18230744141092076,0.18230744141092076,0.1829413088362154,0.18279520718128606,0.189501129418244,0.18362543949807936
abalone,'Length',4177.0,0.2504,0.0418,0.075,0.815,0.5242,0.545,0.1199,-0.6328,0.0327,0.08,0.165,0.0,0.0,0.0,0.0,0.0,0.0,4.5076,0.0051,DecisionTree,0.1944137967299769,0.20182751218775127,0.19752014438455118,0.1990629271082787,0.19752014438455118,0.1990629271082787,0.19974517816474038,0.1893462686986252,0.19828231313377284
abalone,'Length',4177.0,0.2504,0.0418,0.075,0.815,0.5242,0.545,0.1199,-0.6328,0.0327,0.08,0.165,0.0,0.0,0.0,0.0,0.0,0.0,4.5076,0.0051,LogisticRegression,0.20497913503954285,0.20010955864936802,0.2012757344179127,0.20285887946669168,0.2009672308510102,0.1990136220093728,0.20119120302453508,0.1948209439649382,0.2011022607853243
abalone,'Length',4177.0,0.2504,0.0418,0.075,0.815,0.5242,0.545,0.1199,-0.6328,0.0327,0.08,0.165,0.0,0.0,0.0,0.0,0.0,0.0,4.5076,0.0051,KNN,0.18290261458514065,0.18161522040459105,0.18762932656223014,0.18510983497373354,0.18838977700382104,0.18935777677608215,0.18158821282208618,0.18426198182596865,0.18375288061237272
abalone,'Length',4177.0,0.2504,0.0418,0.075,0.815,0.5242,0.545,0.1199,-0.6328,0.0327,0.08,0.165,0.0,0.0,0.0,0.0,0.0,0.0,4.5076,0.0051,RandomForest,0.20099643294376607,0.19472475276966117,0.20019394000221374,0.20040185987482262,0.20008454154270028,0.20069438247309798,0.20221644750393084,0.19668357612638698,0.19995561880878424
abalone,'Length',4177.0,0.2504,0.0418,0.075,0.815,0.5242,0.545,0.1199,-0.6328,0.0327,0.08,0.165,0.0,0.0,0.0,0.0,0.0,0.0,4.5076,0.0051,AdaBoost,0.0939030737870204,0.08795245463333096,0.09250125878058656,0.09251615398726151,0.09251615398726151,0.09251615398726151,0.09250125878058656,0.09391510065504355,0.09251615398726151
abalone,'Length',4177.0,0.2504,0.0418,0.075,0.815,0.5242,0.545,0.1199,-0.6328,0.0327,0.08,0.165,0.0,0.0,0.0,0.0,0.0,0.0,4.5076,0.0051,SVC,0.19172901407337528,0.18543696794045747,0.19017170576268363,0.19072805770899554,0.19071743596373533,0.19056063964147651,0.1904510169735727,0.1900875587476001,0.18823238332259748
abalone,'Length',4177.0,0.1944,0.0395,0.11,0.815,0.5235,0.545,0.121,-0.646,0.067,0.08,0.165,0.0,0.0,0.0,0.0,0.0,0.0,4.5183,0.0055,DecisionTree,0.19727324486290843,0.20428182247746096,0.20446874536542795,0.20426055011122077,0.20426055011122077,0.20426055011122077,0.20020177432939978,0.19532393379406743,0.20455032100179024
abalone,'Length',4177.0,0.1944,0.0395,0.11,0.815,0.5235,0.545,0.121,-0.646,0.067,0.08,0.165,0.0,0.0,0.0,0.0,0.0,0.0,4.5183,0.0055,LogisticRegression,0.20030339166386668,0.19955566033640287,0.20232076515785935,0.2030382689883741,0.20307144820775483,0.2031151420108126,0.20281833584256415,0.1989338938600968,0.2028911797258899
abalone,'Length',4177.0,0.1944,0.0395,0.11,0.815,0.5235,0.545,0.121,-0.646,0.067,0.08,0.165,0.0,0.0,0.0,0.0,0.0,0.0,4.5183,0.0055,KNN,0.18162764620704247,0.18185599327369495,0.18450768913813048,0.18684528273176437,0.18388241297324923,0.1847580720574354,0.1865381392978965,0.1810577173332058,0.18470500043548468
abalone,'Length',4177.0,0.1944,0.0395,0.11,0.815,0.5235,0.545,0.121,-0.646,0.067,0.08,0.165,0.0,0.0,0.0,0.0,0.0,0.0,4.5183,0.0055,RandomForest,0.20690168521571853,0.20349521848299207,0.20502793570590402,0.20577073378349178,0.20585239987463794,0.2055545942028614,0.2034409810895334,0.2059823479506021,0.20454023740222585
abalone,'Length',4177.0,0.1944,0.0395,0.11,0.815,0.5235,0.545,0.121,-0.646,0.067,0.08,0.165,0.0,0.0,0.0,0.0,0.0,0.0,4.5183,0.0055,AdaBoost,0.09725448180051047,0.11109328208193639,0.0998305775854019,0.09924764849187451,0.09924764849187451,0.09924764849187451,0.09908822008848275,0.09774644057448252,0.09924764849187451
abalone,'Length',4177.0,0.1944,0.0395,0.11,0.815,0.5235,0.545,0.121,-0.646,0.067,0.08,0.165,0.0,0.0,0.0,0.0,0.0,0.0,4.5183,0.0055,SVC,0.19043607834710244,0.18511559558707813,0.1901432625151868,0.19018376664127182,0.19018376664127182,0.18999918741063995,0.18926874418774584,0.19331876237119539,0.1887326900555343
abalone,'Length',4177.0,0.1614,0.0377,0.075,0.8,0.525,0.545,0.1191,-0.6573,0.0913,0.08,0.165,0.0,0.0,0.0,0.0,0.0,0.0,4.4985,0.0056,DecisionTree,0.21103585107644152,0.2133891281056653,0.20451791435129502,0.2031388239206907,0.20303876827212547,0.2031325292384518,0.2036185799455677,0.19974180983320136,0.2036696523321187
abalone,'Length',4177.0,0.1614,0.0377,0.075,0.8,0.525,0.545,0.1191,-0.6573,0.0913,0.08,0.165,0.0,0.0,0.0,0.0,0.0,0.0,4.4985,0.0056,LogisticRegression,0.19999880138879975,0.1990342681068198,0.2049310404524865,0.20534806136200567,0.205476643427264,0.20549866519423762,0.2067172612247133,0.20300775034083657,0.2054316000720168
abalone,'Length',4177.0,0.1614,0.0377,0.075,0.8,0.525,0.545,0.1191,-0.6573,0.0913,0.08,0.165,0.0,0.0,0.0,0.0,0.0,0.0,4.4985,0.0056,KNN,0.18472090634913635,0.18755441710466322,0.19207655134027785,0.19067420883149666,0.1910658355642118,0.1902379085717619,0.1926939095979065,0.18649220896787128,0.18523245629107518
abalone,'Length',4177.0,0.1614,0.0377,0.075,0.8,0.525,0.545,0.1191,-0.6573,0.0913,0.08,0.165,0.0,0.0,0.0,0.0,0.0,0.0,4.4985,0.0056,RandomForest,0.21257936230437538,0.20850783349368626,0.21161702937569124,0.20947926848340853,0.2112824772843166,0.2085732729294982,0.21401308008646286,0.20584607315185469,0.2117562544147733
abalone,'Length',4177.0,0.1614,0.0377,0.075,0.8,0.525,0.545,0.1191,-0.6573,0.0913,0.08,0.165,0.0,0.0,0.0,0.0,0.0,0.0,4.4985,0.0056,AdaBoost,0.11288261125871328,0.11167932005143276,0.10014227911921253,0.10014227911921253,0.10014227911921253,0.10014227911921253,0.10069918221048135,0.130365041971723,0.09978481817155799
abalone,'Length',4177.0,0.1614,0.0377,0.075,0.8,0.525,0.545,0.1191,-0.6573,0.0913,0.08,0.165,0.0,0.0,0.0,0.0,0.0,0.0,4.4985,0.0056,SVC,0.19805449917069257,0.19481393901832295,0.19968339336050103,0.20066000489717886,0.200719542285872,0.20095628554143585,0.19887353916240624,0.1958687599800379,0.20021117306492758
abalone,'Length',4177.0,0.1039,0.0358,0.075,0.815,0.524,0.545,0.1205,-0.6378,0.0715,0.08,0.165,0.0,0.0,0.0,0.0,0.0,0.0,4.5206,0.0054,DecisionTree,0.2073241347951359,0.19485750063139884,0.1943040373565911,0.1943040373565911,0.1943040373565911,0.1942882316979124,0.19345470001865273,0.1974357867392701,0.19429331897377303
abalone,'Length',4177.0,0.1039,0.0358,0.075,0.815,0.524,0.545,0.1205,-0.6378,0.0715,0.08,0.165,0.0,0.0,0.0,0.0,0.0,0.0,4.5206,0.0054,LogisticRegression,0.2056706565064507,0.20082411011940215,0.20831077866193626,0.20907817613331953,0.20927074065109363,0.2076196952897141,0.20967286944425081,0.20205569203580545,0.20894042966008608
abalone,'Length',4177.0,0.1039,0.0358,0.075,0.815,0.524,0.545,0.1205,-0.6378,0.0715,0.08,0.165,0.0,0.0,0.0,0.0,0.0,0.0,4.5206,0.0054,KNN,0.18679061763742663,0.18456172475962085,0.18714522335459174,0.18835923909865676,0.18770064327507885,0.18729883633875863,0.1878920864808818,0.18799574913506018,0.19131186673186296
abalone,'Length',4177.0,0.1039,0.0358,0.075,0.815,0.524,0.545,0.1205,-0.6378,0.0715,0.08,0.165,0.0,0.0,0.0,0.0,0.0,0.0,4.5206,0.0054,RandomForest,0.20892667671121984,0.20257186735282662,0.20397256731558633,0.20398563718577675,0.20378351275908702,0.20365089551855042,0.2053768030311035,0.20287499967535727,0.20375237854821568
abalone,'Length',4177.0,0.1039,0.0358,0.075,0.815,0.524,0.545,0.1205,-0.6378,0.0715,0.08,0.165,0.0,0.0,0.0,0.0,0.0,0.0,4.5206,0.0054,AdaBoost,0.10879298081483962,0.10174637441451218,0.09840152337097396,0.09840152337097396,0.09840152337097396,0.09840152337097396,0.09840152337097396,0.09915402352402188,0.09840152337097396
abalone,'Length',4177.0,0.1039,0.0358,0.075,0.815,0.524,0.545,0.1205,-0.6378,0.0715,0.08,0.165,0.0,0.0,0.0,0.0,0.0,0.0,4.5206,0.0054,SVC,0.19570694375391887,0.19268471296590842,0.19999060914455374,0.19946073749499438,0.19946073749499438,0.19984353299223007,0.19910955448367584,0.19390388044675538,0.19982080515319367
abalone,'Length',4177.0,0.0522,0.0338,0.075,0.815,0.5244,0.545,0.1199,-0.6488,0.0979,0.08,0.165,0.0,0.0,0.0,0.0,0.0,0.0,4.5119,0.0054,DecisionTree,0.2030497246197196,0.20734848846735188,0.20377970693208997,0.2035493261743937,0.20377970693208997,0.2035493261743937,0.20161350450289667,0.2094466376634655,0.20360256097153
abalone,'Length',4177.0,0.0522,0.0338,0.075,0.815,0.5244,0.545,0.1199,-0.6488,0.0979,0.08,0.165,0.0,0.0,0.0,0.0,0.0,0.0,4.5119,0.0054,LogisticRegression,0.21225840149854142,0.2125205431664381,0.2130358160403867,0.21323155361379195,0.21395955701407718,0.21398920570049926,0.2135142754739977,0.21074140056503526,0.2142127615169614
abalone,'Length',4177.0,0.0522,0.0338,0.075,0.815,0.5244,0.545,0.1199,-0.6488,0.0979,0.08,0.165,0.0,0.0,0.0,0.0,0.0,0.0,4.5119,0.0054,KNN,0.19400861402958078,0.19412498830752198,0.19054728763557663,0.19049961167931856,0.19189843634859588,0.19117370860405103,0.19537634810013252,0.1882247242735553,0.18934005191890418
abalone,'Length',4177.0,0.0522,0.0338,0.075,0.815,0.5244,0.545,0.1199,-0.6488,0.0979,0.08,0.165,0.0,0.0,0.0,0.0,0.0,0.0,4.5119,0.0054,RandomForest,0.21727123140984314,0.21644296111098654,0.21318122147016916,0.2129413763391127,0.21318122147016916,0.21297115758234425,0.2124557008829384,0.21544354900062662,0.21318977362748642
abalone,'Length',4177.0,0.0522,0.0338,0.075,0.815,0.5244,0.545,0.1199,-0.6488,0.0979,0.08,0.165,0.0,0.0,0.0,0.0,0.0,0.0,4.5119,0.0054,AdaBoost,0.11112638372456944,0.09905740937213643,0.09883116076156698,0.09883116076156698,0.09883116076156698,0.09883116076156698,0.09883116076156698,0.11174367718723692,0.09883116076156698
abalone,'Length',4177.0,0.0522,0.0338,0.075,0.815,0.5244,0.545,0.1199,-0.6488,0.0979,0.08,0.165,0.0,0.0,0.0,0.0,0.0,0.0,4.5119,0.0054,SVC,0.20283800107475292,0.20624929496953973,0.20503700570446615,0.20503700570446615,0.20503700570446615,0.20471204615238706,0.20438015516564173,0.20473765828904736,0.20473359728383556
BachChoralHarmony,V2,5665.0,0.5084,0.0671,1.0,207.0,53.4065,48.0,36.9381,0.9387,0.9202,25.0,50.0,0.0693,0.0693,0.0483,0.0483,0.0643,0.0643,4.8562,0.0027,DecisionTree,0.441336190465609,0.4350969030903047,0.44250067268954574,0.442037486045767,0.44327224996218123,0.4448118487133329,0.43866201369057384,0.4319966559548076,0.4402962324160097
BachChoralHarmony,V2,5665.0,0.5084,0.0671,1.0,207.0,53.4065,48.0,36.9381,0.9387,0.9202,25.0,50.0,0.0693,0.0693,0.0483,0.0483,0.0643,0.0643,4.8562,0.0027,LogisticRegression,0.5116487929804308,0.5052338152513591,0.5104694078555051,0.5107438751485953,0.5118532726718602,0.5108542773563005,0.5117918650070836,0.5066129153262182,0.5111192426790594
BachChoralHarmony,V2,5665.0,0.5084,0.0671,1.0,207.0,53.4065,48.0,36.9381,0.9387,0.9202,25.0,50.0,0.0693,0.0693,0.0483,0.0483,0.0643,0.0643,4.8562,0.0027,KNN,0.4635918917668017,0.45866379497357324,0.46551298527198093,0.4656693982595874,0.46461770105898736,0.46498576979333245,0.4622795478257656,0.4544738201160469,0.4643222896443902
BachChoralHarmony,V2,5665.0,0.5084,0.0671,1.0,207.0,53.4065,48.0,36.9381,0.9387,0.9202,25.0,50.0,0.0693,0.0693,0.0483,0.0483,0.0643,0.0643,4.8562,0.0027,RandomForest,0.47409089768877305,0.4729018965142239,0.4803984712219388,0.4770775426202093,0.48113735409079356,0.47528420998542364,0.4750683213225683,0.47543894815926757,0.4769304430326764
BachChoralHarmony,V2,5665.0,0.5084,0.0671,1.0,207.0,53.4065,48.0,36.9381,0.9387,0.9202,25.0,50.0,0.0693,0.0693,0.0483,0.0483,0.0643,0.0643,4.8562,0.0027,AdaBoost,0.059866763602381766,0.059866763602381766,0.059866763602381766,0.059866763602381766,0.059866763602381766,0.059866763602381766,0.059866763602381766,0.059866763602381766,0.059866763602381766
BachChoralHarmony,V2,5665.0,0.5084,0.0671,1.0,207.0,53.4065,48.0,36.9381,0.9387,0.9202,25.0,50.0,0.0693,0.0693,0.0483,0.0483,0.0643,0.0643,4.8562,0.0027,SVC,0.5072134648633352,0.5015299890869357,0.5075296222286223,0.50828128611939,0.5084387259130438,0.5080418778457925,0.5059527075408506,0.5030777768954016,0.5076788392427658
BachChoralHarmony,V2,5665.0,0.4577,0.0602,1.0,206.0,53.196,48.0,37.0945,0.946,0.8812,25.0,51.0,0.0599,0.0599,0.0401,0.0401,0.0534,0.0534,4.8599,0.0028,DecisionTree,0.44508081914197706,0.4427162246226446,0.4383151291045528,0.4367833971806212,0.439955056865652,0.4369942512518909,0.4373648025173269,0.4312491331505391,0.43923738329327805
BachChoralHarmony,V2,5665.0,0.4577,0.0602,1.0,206.0,53.196,48.0,37.0945,0.946,0.8812,25.0,51.0,0.0599,0.0599,0.0401,0.0401,0.0534,0.0534,4.8599,0.0028,LogisticRegression,0.5113039426060457,0.5100029187552321,0.510625157075135,0.508817641607005,0.5096599580225339,0.5100240193789642,0.5094769562814426,0.508985315529789,0.5087334297431262
BachChoralHarmony,V2,5665.0,0.4577,0.0602,1.0,206.0,53.196,48.0,37.0945,0.946,0.8812,25.0,51.0,0.0599,0.0599,0.0401,0.0401,0.0534,0.0534,4.8599,0.0028,KNN,0.4629420738073313,0.4605746276703267,0.4620322254355961,0.4630152568587048,0.46520216607444326,0.4614987198911241,0.4648071694156093,0.4619515083250561,0.46373434614742726
BachChoralHarmony,V2,5665.0,0.4577,0.0602,1.0,206.0,53.196,48.0,37.0945,0.946,0.8812,25.0,51.0,0.0599,0.0599,0.0401,0.0401,0.0534,0.0534,4.8599,0.0028,RandomForest,0.4833333024161834,0.48074733247132806,0.4792507842383957,0.47942275117933175,0.4842563187580178,0.4832639377196033,0.47748157241295,0.47647987417247417,0.47850184279287855
BachChoralHarmony,V2,5665.0,0.4577,0.0602,1.0,206.0,53.196,48.0,37.0945,0.946,0.8812,25.0,51.0,0.0599,0.0599,0.0401,0.0401,0.0534,0.0534,4.8599,0.0028,AdaBoost,0.059866763602381766,0.059866763602381766,0.059866763602381766,0.059866763602381766,0.059866763602381766,0.059866763602381766,0.059866763602381766,0.059866763602381766,0.059866763602381766
BachChoralHarmony,V2,5665.0,0.4577,0.0602,1.0,206.0,53.196,48.0,37.0945,0.946,0.8812,25.0,51.0,0.0599,0.0599,0.0401,0.0401,0.0534,0.0534,4.8599,0.0028,SVC,0.5050158561277303,0.5013194336009148,0.5059256147157041,0.5047631037745937,0.5051686650574432,0.5052527647456414,0.5056592183041417,0.5038506790642184,0.5057709907254784
BachChoralHarmony,V2,5665.0,0.394,0.0548,1.0,206.0,53.5916,48.0,36.999,0.9169,0.8259,25.0,50.0,0.0805,0.0805,0.0573,0.0573,0.076,0.076,4.8678,0.0027,DecisionTree,0.4522996391202931,0.44206438144337334,0.45049317557404206,0.44876017169385674,0.44692604785602075,0.4449607706557551,0.444610108004706,0.43979854946181196,0.44789932820181944
BachChoralHarmony,V2,5665.0,0.394,0.0548,1.0,206.0,53.5916,48.0,36.999,0.9169,0.8259,25.0,50.0,0.0805,0.0805,0.0573,0.0573,0.076,0.076,4.8678,0.0027,LogisticRegression,0.5095990502753324,0.5063825559124268,0.508179003536093,0.5106973579988154,0.5117588458719806,0.5118591489840048,0.5112339717566307,0.5064435269576905,0.5112284358585848
BachChoralHarmony,V2,5665.0,0.394,0.0548,1.0,206.0,53.5916,48.0,36.999,0.9169,0.8259,25.0,50.0,0.0805,0.0805,0.0573,0.0573,0.076,0.076,4.8678,0.0027,KNN,0.4624245965831267,0.46310139712303655,0.4662327921976849,0.46682765198892034,0.4663316151695976,0.46529381622133126,0.4636305855053884,0.4613350976247366,0.46555026195312577
BachChoralHarmony,V2,5665.0,0.394,0.0548,1.0,206.0,53.5916,48.0,36.999,0.9169,0.8259,25.0,50.0,0.0805,0.0805,0.0573,0.0573,0.076,0.076,4.8678,0.0027,RandomForest,0.48568831856247224,0.4824359640438926,0.4878625018389474,0.48578812616883404,0.48945183818980204,0.4886123595160658,0.4793757004426429,0.4774557450218148,0.48383011823256195
BachChoralHarmony,V2,5665.0,0.394,0.0548,1.0,206.0,53.5916,48.0,36.999,0.9169,0.8259,25.0,50.0,0.0805,0.0805,0.0573,0.0573,0.076,0.076,4.8678,0.0027,AdaBoost,0.059866763602381766,0.059866763602381766,0.059866763602381766,0.059866763602381766,0.059866763602381766,0.059866763602381766,0.059866763602381766,0.059866763602381766,0.059866763602381766
BachChoralHarmony,V2,5665.0,0.394,0.0548,1.0,206.0,53.5916,48.0,36.999,0.9169,0.8259,25.0,50.0,0.0805,0.0805,0.0573,0.0573,0.076,0.076,4.8678,0.0027,SVC,0.5106863680569224,0.5019772746715913,0.5077231710525928,0.5080823642678518,0.5081422878604606,0.508245884048645,0.5094828766661562,0.5031475546735834,0.5092899595855924
BachChoralHarmony,V2,5665.0,0.3583,0.0525,1.0,206.0,53.3191,48.0,37.3042,0.8917,0.6827,25.0,51.0,0.0712,0.0712,0.0517,0.0517,0.0688,0.0688,4.8743,0.0026,DecisionTree,0.4330393901247814,0.43583848663921576,0.43533573770396766,0.4366890732119804,0.4372998301789861,0.43770344199092226,0.431763161992573,0.426623344156263,0.4356991622058958
BachChoralHarmony,V2,5665.0,0.3583,0.0525,1.0,206.0,53.3191,48.0,37.3042,0.8917,0.6827,25.0,51.0,0.0712,0.0712,0.0517,0.0517,0.0688,0.0688,4.8743,0.0026,LogisticRegression,0.5085741061136198,0.5048891490720828,0.5107756583618128,0.5102794272972124,0.5100486959754492,0.5094734021929619,0.5096891336345398,0.5058403836513726,0.5095620016240974
BachChoralHarmony,V2,5665.0,0.3583,0.0525,1.0,206.0,53.3191,48.0,37.3042,0.8917,0.6827,25.0,51.0,0.0712,0.0712,0.0517,0.0517,0.0688,0.0688,4.8743,0.0026,KNN,0.4612180176949348,0.46070074484846135,0.4609473435579713,0.46248982131557714,0.4626436260839909,0.46355546375187584,0.46436125222696367,0.4586684511152919,0.4633990365902523
BachChoralHarmony,V2,5665.0,0.3583,0.0525,1.0,206.0,53.3191,48.0,37.3042,0.8917,0.6827,25.0,51.0,0.0712,0.0712,0.0517,0.0517,0.0688,0.0688,4.8743,0.0026,RandomForest,0.4747182854267278,0.4737897292767519,0.4788431824999062,0.47926323353446704,0.4764566910280212,0.4764496432830969,0.4718869851049205,0.47460396754868284,0.47739889306948774
BachChoralHarmony,V2,5665.0,0.3583,0.0525,1.0,206.0,53.3191,48.0,37.3042,0.8917,0.6827,25.0,51.0,0.0712,0.0712,0.0517,0.0517,0.0688,0.0688,4.8743,0.0026,AdaBoost,0.059866763602381766,0.059866763602381766,0.059866763602381766,0.059866763602381766,0.059866763602381766,0.059866763602381766,0.059866763602381766,0.059866763602381766,0.059866763602381766
BachChoralHarmony,V2,5665.0,0.3583,0.0525,1.0,206.0,53.3191,48.0,37.3042,0.8917,0.6827,25.0,51.0,0.0712,0.0712,0.0517,0.0517,0.0688,0.0688,4.8743,0.0026,SVC,0.5074767485857014,0.5030772134458653,0.506231907660558,0.5064203182176248,0.5060381938314322,0.5067569589133452,0.5072177541187572,0.5028012729697474,0.506458027142941
BachChoralHarmony,V2,5665.0,0.3073,0.0492,1.0,207.0,53.4228,48.0,37.4615,0.909,0.7299,25.0,51.0,0.0723,0.0723,0.0498,0.0498,0.0661,0.0661,4.8784,0.0026,DecisionTree,0.4386500036868534,0.4391597915703105,0.4357833637507691,0.4367829221400793,0.4349322605357317,0.43810695961259566,0.43890231326423285,0.441610600855037,0.4435789852065024
BachChoralHarmony,V2,5665.0,0.3073,0.0492,1.0,207.0,53.4228,48.0,37.4615,0.909,0.7299,25.0,51.0,0.0723,0.0723,0.0498,0.0498,0.0661,0.0661,4.8784,0.0026,LogisticRegression,0.5107747688840788,0.5083172188118815,0.510384459412593,0.5120188775008473,0.5106415129955326,0.5113757182445411,0.510643458801413,0.5092518222638793,0.5115871947358169
BachChoralHarmony,V2,5665.0,0.3073,0.0492,1.0,207.0,53.4228,48.0,37.4615,0.909,0.7299,25.0,51.0,0.0723,0.0723,0.0498,0.0498,0.0661,0.0661,4.8784,0.0026,KNN,0.4687758138599624,0.4644421657080487,0.4638612866346375,0.4647311405813854,0.4672567849962758,0.4663100729903363,0.47098728433865317,0.4640087579537843,0.4661069241447339
BachChoralHarmony,V2,5665.0,0.3073,0.0492,1.0,207.0,53.4228,48.0,37.4615,0.909,0.7299,25.0,51.0,0.0723,0.0723,0.0498,0.0498,0.0661,0.0661,4.8784,0.0026,RandomForest,0.4750310077670701,0.4774254889669513,0.4792703926913466,0.479567472973335,0.47925263230998305,0.4804278126371371,0.473558437914995,0.48059052312742334,0.4785056180871991
BachChoralHarmony,V2,5665.0,0.3073,0.0492,1.0,207.0,53.4228,48.0,37.4615,0.909,0.7299,25.0,51.0,0.0723,0.0723,0.0498,0.0498,0.0661,0.0661,4.8784,0.0026,AdaBoost,0.059866763602381766,0.05744609974383373,0.059866763602381766,0.059866763602381766,0.059866763602381766,0.059866763602381766,0.059866763602381766,0.059866763602381766,0.059866763602381766
BachChoralHarmony,V2,5665.0,0.3073,0.0492,1.0,207.0,53.4228,48.0,37.4615,0.909,0.7299,25.0,51.0,0.0723,0.0723,0.0498,0.0498,0.0661,0.0661,4.8784,0.0026,SVC,0.5084619893651117,0.5048508391980593,0.5060910731597247,0.5065979532132368,0.5075193724262541,0.5073376971833717,0.5073913519834347,0.5054220549270202,0.507586025818277
BachChoralHarmony,V2,5665.0,0.2466,0.0466,1.0,207.0,53.1942,48.0,37.197,0.934,0.8515,25.0,51.0,0.0748,0.0748,0.0512,0.0512,0.068,0.068,4.8757,0.0024,DecisionTree,0.4403214001950353,0.4341855119738363,0.4397572462796907,0.43863001211912445,0.43816005272323344,0.44125214648037814,0.4348140443884545,0.43774552499017805,0.43696241490215
BachChoralHarmony,V2,5665.0,0.2466,0.0466,1.0,207.0,53.1942,48.0,37.197,0.934,0.8515,25.0,51.0,0.0748,0.0748,0.0512,0.0512,0.068,0.068,4.8757,0.0024,LogisticRegression,0.5119343350873974,0.5087940199738292,0.5123837132876141,0.5112649250830377,0.5122149208193738,0.5125532182493899,0.5120169444884172,0.5075857758496918,0.5126586109138564
BachChoralHarmony,V2,5665.0,0.2466,0.0466,1.0,207.0,53.1942,48.0,37.197,0.934,0.8515,25.0,51.0,0.0748,0.0748,0.0512,0.0512,0.068,0.068,4.8757,0.0024,KNN,0.46734391027033556,0.4635403644298104,0.463934405901958,0.46302420247299914,0.46360345147335813,0.4633002468753556,0.46669724032193294,0.4643596633809165,0.46413407419863295
BachChoralHarmony,V2,5665.0,0.2466,0.0466,1.0,207.0,53.1942,48.0,37.197,0.934,0.8515,25.0,51.0,0.0748,0.0748,0.0512,0.0512,0.068,0.068,4.8757,0.0024,RandomForest,0.4835905301827833,0.4799442929003122,0.4791269152274441,0.4834504063407622,0.4832103689455728,0.4817781745991207,0.47851371667089626,0.475272824893082,0.47992534091417877
BachChoralHarmony,V2,5665.0,0.2466,0.0466,1.0,207.0,53.1942,48.0,37.197,0.934,0.8515,25.0,51.0,0.0748,0.0748,0.0512,0.0512,0.068,0.068,4.8757,0.0024,AdaBoost,0.059866763602381766,0.05762588728364462,0.059866763602381766,0.059866763602381766,0.059866763602381766,0.059866763602381766,0.059866763602381766,0.059866763602381766,0.059866763602381766
BachChoralHarmony,V2,5665.0,0.2466,0.0466,1.0,207.0,53.1942,48.0,37.197,0.934,0.8515,25.0,51.0,0.0748,0.0748,0.0512,0.0512,0.068,0.068,4.8757,0.0024,SVC,0.5105611767713445,0.5060184715402736,0.5075692198435136,0.5082167846342035,0.5082780341777794,0.5086856578401825,0.5098159553821826,0.5071572901223997,0.5083160835130679
BachChoralHarmony,V2,5665.0,0.2011,0.0442,1.0,206.0,53.5095,48.0,37.4847,0.9188,0.7684,25.0,51.0,0.0877,0.0877,0.0612,0.0612,0.0815,0.0815,4.8838,0.0024,DecisionTree,0.44654706589842164,0.44193613732040027,0.44735569558717325,0.4434641795309686,0.4444509023519905,0.4467381134952256,0.44944670791857694,0.4363976369217467,0.44622738046169774
BachChoralHarmony,V2,5665.0,0.2011,0.0442,1.0,206.0,53.5095,48.0,37.4847,0.9188,0.7684,25.0,51.0,0.0877,0.0877,0.0612,0.0612,0.0815,0.0815,4.8838,0.0024,LogisticRegression,0.512853817105097,0.5081501664190742,0.512591268067965,0.5124034996707509,0.5122485763802902,0.5128532720148412,0.5132492347203562,0.508815649368957,0.5129785034347335
BachChoralHarmony,V2,5665.0,0.2011,0.0442,1.0,206.0,53.5095,48.0,37.4847,0.9188,0.7684,25.0,51.0,0.0877,0.0877,0.0612,0.0612,0.0815,0.0815,4.8838,0.0024,KNN,0.46587040972210997,0.4637337247962146,0.4678263847305646,0.46613459631514575,0.4666489071310658,0.46764508913906433,0.4692597462967798,0.46222234488185204,0.46775874901875225
BachChoralHarmony,V2,5665.0,0.2011,0.0442,1.0,206.0,53.5095,48.0,37.4847,0.9188,0.7684,25.0,51.0,0.0877,0.0877,0.0612,0.0612,0.0815,0.0815,4.8838,0.0024,RandomForest,0.47959829533200976,0.4776797419225226,0.48259846262196054,0.4833313298048477,0.48065958267974607,0.4799273157730881,0.4801780226558444,0.47710776673490546,0.4811729189352667
BachChoralHarmony,V2,5665.0,0.2011,0.0442,1.0,206.0,53.5095,48.0,37.4847,0.9188,0.7684,25.0,51.0,0.0877,0.0877,0.0612,0.0612,0.0815,0.0815,4.8838,0.0024,AdaBoost,0.059866763602381766,0.059866763602381766,0.059866763602381766,0.059866763602381766,0.059866763602381766,0.059866763602381766,0.059866763602381766,0.059866763602381766,0.059866763602381766
BachChoralHarmony,V2,5665.0,0.2011,0.0442,1.0,206.0,53.5095,48.0,37.4847,0.9188,0.7684,25.0,51.0,0.0877,0.0877,0.0612,0.0612,0.0815,0.0815,4.8838,0.0024,SVC,0.5089518833854587,0.507054735678498,0.5077129546188832,0.5074199005156547,0.5086422220869729,0.508502049959769,0.5102573124169527,0.5076016734094775,0.5086181522728657
BachChoralHarmony,V2,5665.0,0.153,0.0423,1.0,207.0,53.4681,48.0,37.3508,0.9507,0.9231,25.0,51.0,0.0751,0.0751,0.0528,0.0528,0.0703,0.0703,4.8817,0.0022,DecisionTree,0.4423991890351656,0.4405278578445216,0.44027367043171173,0.44128413067148786,0.4446190960828279,0.4427356057877072,0.4380398402742051,0.4400134226887142,0.4441661504911909
BachChoralHarmony,V2,5665.0,0.153,0.0423,1.0,207.0,53.4681,48.0,37.3508,0.9507,0.9231,25.0,51.0,0.0751,0.0751,0.0528,0.0528,0.0703,0.0703,4.8817,0.0022,LogisticRegression,0.5117503102213949,0.5098476508446428,0.5131278617613546,0.5106678095376926,0.5113099176941952,0.511242410524307,0.5114713810648619,0.5098655433506636,0.5112280103454643
BachChoralHarmony,V2,5665.0,0.153,0.0423,1.0,207.0,53.4681,48.0,37.3508,0.9507,0.9231,25.0,51.0,0.0751,0.0751,0.0528,0.0528,0.0703,0.0703,4.8817,0.0022,KNN,0.4675841036316995,0.46383636058909194,0.46940648619208936,0.46694516109890954,0.4684507721243514,0.4682637707528476,0.46569869349866566,0.46283904138481213,0.4690421591472253
BachChoralHarmony,V2,5665.0,0.153,0.0423,1.0,207.0,53.4681,48.0,37.3508,0.9507,0.9231,25.0,51.0,0.0751,0.0751,0.0528,0.0528,0.0703,0.0703,4.8817,0.0022,RandomForest,0.47987892502047114,0.4793457251253094,0.4814681843941451,0.48488671034438524,0.4784836087561247,0.48206138117824016,0.4815952422174761,0.4810517285527074,0.4842341557140083
BachChoralHarmony,V2,5665.0,0.153,0.0423,1.0,207.0,53.4681,48.0,37.3508,0.9507,0.9231,25.0,51.0,0.0751,0.0751,0.0528,0.0528,0.0703,0.0703,4.8817,0.0022,AdaBoost,0.059866763602381766,0.059866763602381766,0.059866763602381766,0.059866763602381766,0.059866763602381766,0.059866763602381766,0.059866763602381766,0.059866763602381766,0.059866763602381766
BachChoralHarmony,V2,5665.0,0.153,0.0423,1.0,207.0,53.4681,48.0,37.3508,0.9507,0.9231,25.0,51.0,0.0751,0.0751,0.0528,0.0528,0.0703,0.0703,4.8817,0.0022,SVC,0.508374068292185,0.5034564182760797,0.5075803655289675,0.5092075988437288,0.509370118864987,0.508923433121548,0.5080732192157773,0.5033043170929363,0.5089828522072049
BachChoralHarmony,V2,5665.0,0.1043,0.0404,1.0,207.0,53.3536,48.0,37.252,0.9329,0.8527,25.0,51.0,0.0712,0.0712,0.049,0.049,0.0653,0.0653,4.8821,0.0023,DecisionTree,0.4415176896060161,0.44328906079438046,0.44433966689825577,0.4521777033292976,0.44607534726403403,0.44628270726694874,0.44055884713490756,0.44341826494219205,0.44685114981960583
BachChoralHarmony,V2,5665.0,0.1043,0.0404,1.0,207.0,53.3536,48.0,37.252,0.9329,0.8527,25.0,51.0,0.0712,0.0712,0.049,0.049,0.0653,0.0653,4.8821,0.0023,LogisticRegression,0.5140175071275654,0.5117563309274893,0.5139505381627987,0.5146950145664857,0.514819774158916,0.5144350672773186,0.5144973075817079,0.5116387872657231,0.5146046605528676
BachChoralHarmony,V2,5665.0,0.1043,0.0404,1.0,207.0,53.3536,48.0,37.252,0.9329,0.8527,25.0,51.0,0.0712,0.0712,0.049,0.049,0.0653,0.0653,4.8821,0.0023,KNN,0.4693089400606013,0.4669840724398661,0.4654070853028496,0.46833886787185325,0.46859108088023493,0.46739327027660404,0.4682216380597761,0.46625962504492324,0.468211033130917
BachChoralHarmony,V2,5665.0,0.1043,0.0404,1.0,207.0,53.3536,48.0,37.252,0.9329,0.8527,25.0,51.0,0.0712,0.0712,0.049,0.049,0.0653,0.0653,4.8821,0.0023,RandomForest,0.48044823483298843,0.4819593143194947,0.47871061732901443,0.4822796409919912,0.48090862002379237,0.48183811744080907,0.47876618017460326,0.48217864579793746,0.48082955033088115
BachChoralHarmony,V2,5665.0,0.1043,0.0404,1.0,207.0,53.3536,48.0,37.252,0.9329,0.8527,25.0,51.0,0.0712,0.0712,0.049,0.049,0.0653,0.0653,4.8821,0.0023,AdaBoost,0.059866763602381766,0.059866763602381766,0.059866763602381766,0.059866763602381766,0.059866763602381766,0.059866763602381766,0.059866763602381766,0.059866763602381766,0.059866763602381766
BachChoralHarmony,V2,5665.0,0.1043,0.0404,1.0,207.0,53.3536,48.0,37.252,0.9329,0.8527,25.0,51.0,0.0712,0.0712,0.049,0.049,0.0653,0.0653,4.8821,0.0023,SVC,0.5111111758828818,0.5089296067962612,0.5095141520388906,0.5096951899273163,0.5100446360924671,0.50990728622538,0.5110410422355767,0.5089093895221809,0.509529508712259
BachChoralHarmony,V2,5665.0,0.0556,0.0385,1.0,207.0,53.5619,48.0,37.4367,0.9295,0.83,25.0,51.0,0.0676,0.0676,0.0452,0.0452,0.0603,0.0603,4.8872,0.0023,DecisionTree,0.44640832891665655,0.44454678599459163,0.4464101354669969,0.44847639267323325,0.4445048106133369,0.4479384306817679,0.4452941254707064,0.44734182906456393,0.44751843529462476
BachChoralHarmony,V2,5665.0,0.0556,0.0385,1.0,207.0,53.5619,48.0,37.4367,0.9295,0.83,25.0,51.0,0.0676,0.0676,0.0452,0.0452,0.0603,0.0603,4.8872,0.0023,LogisticRegression,0.5103043646866491,0.5102879615688256,0.5122525679290459,0.5104224676255874,0.5111661138678775,0.5106806139350639,0.5099295344190913,0.5111619327922867,0.5114045252823647
BachChoralHarmony,V2,5665.0,0.0556,0.0385,1.0,207.0,53.5619,48.0,37.4367,0.9295,0.83,25.0,51.0,0.0676,0.0676,0.0452,0.0452,0.0603,0.0603,4.8872,0.0023,KNN,0.4678675610725309,0.46639260231178353,0.4675886384534048,0.4679759806403039,0.4678794301559574,0.46781252393465966,0.4675166208063567,0.46647573385347235,0.4688762866396448
BachChoralHarmony,V2,5665.0,0.0556,0.0385,1.0,207.0,53.5619,48.0,37.4367,0.9295,0.83,25.0,51.0,0.0676,0.0676,0.0452,0.0452,0.0603,0.0603,4.8872,0.0023,RandomForest,0.4832994153238937,0.48479348298723335,0.4829118071425149,0.48529522018382526,0.4857661233955004,0.4860527159268339,0.48707830327529944,0.48625152393088117,0.48629556604129287
BachChoralHarmony,V2,5665.0,0.0556,0.0385,1.0,207.0,53.5619,48.0,37.4367,0.9295,0.83,25.0,51.0,0.0676,0.0676,0.0452,0.0452,0.0603,0.0603,4.8872,0.0023,AdaBoost,0.059866763602381766,0.059866763602381766,0.059866763602381766,0.059866763602381766,0.059866763602381766,0.059866763602381766,0.059866763602381766,0.059866763602381766,0.059866763602381766
BachChoralHarmony,V2,5665.0,0.0556,0.0385,1.0,207.0,53.5619,48.0,37.4367,0.9295,0.83,25.0,51.0,0.0676,0.0676,0.0452,0.0452,0.0603,0.0603,4.8872,0.0023,SVC,0.5096635639843402,0.5090767743776446,0.5095197162831935,0.5101882662626158,0.5101653458826831,0.5102153374154443,0.5098723293013918,0.5083606308811316,0.50989983515949
BachChoralHarmony,V16,5665.0,0.5132,0.0018,1.0,5.0,3.1247,3.0,1.1062,0.3776,-0.9171,1.0,2.0,0.0899,0.0899,0.0663,0.0663,0.0881,0.0881,1.4123,1.4382,DecisionTree,0.47026446289206847,0.46140531425833947,0.4537146306295997,0.45567893650800895,0.4524286494845388,0.45642273196570615,0.455146195728858,0.44181853714778846,0.4551495016877313
BachChoralHarmony,V16,5665.0,0.5132,0.0018,1.0,5.0,3.1247,3.0,1.1062,0.3776,-0.9171,1.0,2.0,0.0899,0.0899,0.0663,0.0663,0.0881,0.0881,1.4123,1.4382,LogisticRegression,0.5101008775440499,0.5110117841779925,0.5098758248780274,0.5117708010468905,0.5111040935025383,0.5118330545502026,0.5101782056332416,0.5093955607205689,0.5106561089318409
BachChoralHarmony,V16,5665.0,0.5132,0.0018,1.0,5.0,3.1247,3.0,1.1062,0.3776,-0.9171,1.0,2.0,0.0899,0.0899,0.0663,0.0663,0.0881,0.0881,1.4123,1.4382,KNN,0.47079983543679443,0.46959101841470763,0.4679772249652314,0.4715865801332726,0.4701599295817144,0.46870411669170875,0.4680505840885701,0.4697210223893162,0.4700532874115368
BachChoralHarmony,V16,5665.0,0.5132,0.0018,1.0,5.0,3.1247,3.0,1.1062,0.3776,-0.9171,1.0,2.0,0.0899,0.0899,0.0663,0.0663,0.0881,0.0881,1.4123,1.4382,RandomForest,0.49878624461149873,0.5077031463942299,0.5020780393457582,0.5030642084833497,0.501561048960163,0.5001245619278789,0.496374279170829,0.48793861992676074,0.49774288986979276
BachChoralHarmony,V16,5665.0,0.5132,0.0018,1.0,5.0,3.1247,3.0,1.1062,0.3776,-0.9171,1.0,2.0,0.0899,0.0899,0.0663,0.0663,0.0881,0.0881,1.4123,1.4382,AdaBoost,0.059866763602381766,0.059866763602381766,0.059866763602381766,0.059866763602381766,0.059866763602381766,0.059866763602381766,0.059866763602381766,0.059866763602381766,0.059866763602381766
BachChoralHarmony,V16,5665.0,0.5132,0.0018,1.0,5.0,3.1247,3.0,1.1062,0.3776,-0.9171,1.0,2.0,0.0899,0.0899,0.0663,0.0663,0.0881,0.0881,1.4123,1.4382,SVC,0.5047637578747893,0.5080171148327366,0.5088359028289909,0.5055503180409863,0.5056505245327498,0.5046361770087381,0.5063215762316239,0.5029633461250633,0.5049089260165462
BachChoralHarmony,V16,5665.0,0.4464,0.0016,1.0,5.0,3.1473,3.0,1.1229,0.3609,-0.977,1.0,2.0,0.0818,0.0818,0.0544,0.0544,0.0728,0.0728,1.4163,3.8107,DecisionTree,0.46219789936104017,0.4600463714134395,0.4461178437357943,0.44424369614841064,0.44340833677461317,0.4469361654739046,0.45073956787028224,0.44217363802278237,0.45287262234964054
BachChoralHarmony,V16,5665.0,0.4464,0.0016,1.0,5.0,3.1473,3.0,1.1229,0.3609,-0.977,1.0,2.0,0.0818,0.0818,0.0544,0.0544,0.0728,0.0728,1.4163,3.8107,LogisticRegression,0.5112219263351185,0.5137441587567044,0.5104265488714652,0.5106450683401921,0.5112540852620098,0.5106003112998232,0.5111890543933159,0.5096473023659437,0.5107323754539088
BachChoralHarmony,V16,5665.0,0.4464,0.0016,1.0,5.0,3.1473,3.0,1.1229,0.3609,-0.977,1.0,2.0,0.0818,0.0818,0.0544,0.0544,0.0728,0.0728,1.4163,3.8107,KNN,0.4696710729363441,0.4637793288327196,0.4692783620565929,0.47042102914450296,0.4687381125960179,0.4674397448250699,0.4685167531363875,0.46720117796839444,0.46843343950289684
BachChoralHarmony,V16,5665.0,0.4464,0.0016,1.0,5.0,3.1473,3.0,1.1229,0.3609,-0.977,1.0,2.0,0.0818,0.0818,0.0544,0.0544,0.0728,0.0728,1.4163,3.8107,RandomForest,0.4994958605116559,0.49971925699526404,0.49646640373196455,0.5016708234251968,0.5019340400595407,0.4964024606547445,0.4938150271621039,0.49529876903543035,0.5021374509266207
BachChoralHarmony,V16,5665.0,0.4464,0.0016,1.0,5.0,3.1473,3.0,1.1229,0.3609,-0.977,1.0,2.0,0.0818,0.0818,0.0544,0.0544,0.0728,0.0728,1.4163,3.8107,AdaBoost,0.059866763602381766,0.059866763602381766,0.059866763602381766,0.059866763602381766,0.059866763602381766,0.059866763602381766,0.059866763602381766,0.059866763602381766,0.059866763602381766
BachChoralHarmony,V16,5665.0,0.4464,0.0016,1.0,5.0,3.1473,3.0,1.1229,0.3609,-0.977,1.0,2.0,0.0818,0.0818,0.0544,0.0544,0.0728,0.0728,1.4163,3.8107,SVC,0.5073303390567255,0.5079582880119267,0.5070005781971682,0.5065317216402058,0.5056103179429916,0.5053288986248667,0.5067995807756279,0.5064097244258178,0.5060013268139765
BachChoralHarmony,V16,5665.0,0.3986,0.0015,1.0,5.0,3.1641,3.0,1.1065,0.3542,-0.9569,1.0,2.0,0.0594,0.0594,0.0388,0.0388,0.0518,0.0518,1.4096,3.8447,DecisionTree,0.4630705640406588,0.4524029608406576,0.45415631604835427,0.4388046238179193,0.4477537276213199,0.4495835553647266,0.4546425329901732,0.4426072733456104,0.44882986037546324
BachChoralHarmony,V16,5665.0,0.3986,0.0015,1.0,5.0,3.1641,3.0,1.1065,0.3542,-0.9569,1.0,2.0,0.0594,0.0594,0.0388,0.0388,0.0518,0.0518,1.4096,3.8447,LogisticRegression,0.5137666582610694,0.5117754543903594,0.5115413258007298,0.5106179727981085,0.5110131163384843,0.5117092476664044,0.5121317391306377,0.5124571755545496,0.5118697974102105
BachChoralHarmony,V16,5665.0,0.3986,0.0015,1.0,5.0,3.1641,3.0,1.1065,0.3542,-0.9569,1.0,2.0,0.0594,0.0594,0.0388,0.0388,0.0518,0.0518,1.4096,3.8447,KNN,0.4655383277806914,0.4612080288579852,0.4664328142387798,0.4649161434524333,0.46537278033565943,0.46702058872550867,0.4649664376378647,0.4677975955802792,0.4658521494074998
BachChoralHarmony,V16,5665.0,0.3986,0.0015,1.0,5.0,3.1641,3.0,1.1065,0.3542,-0.9569,1.0,2.0,0.0594,0.0594,0.0388,0.0388,0.0518,0.0518,1.4096,3.8447,RandomForest,0.49350663918237947,0.49349017659607197,0.49944315344582385,0.4918044278441446,0.49051010597024686,0.49566622369831825,0.4930666154750181,0.4879757506056791,0.49454776945553436
BachChoralHarmony,V16,5665.0,0.3986,0.0015,1.0,5.0,3.1641,3.0,1.1065,0.3542,-0.9569,1.0,2.0,0.0594,0.0594,0.0388,0.0388,0.0518,0.0518,1.4096,3.8447,AdaBoost,0.059866763602381766,0.059866763602381766,0.059866763602381766,0.059866763602381766,0.059866763602381766,0.059866763602381766,0.059866763602381766,0.059866763602381766,0.059866763602381766
BachChoralHarmony,V16,5665.0,0.3986,0.0015,1.0,5.0,3.1641,3.0,1.1065,0.3542,-0.9569,1.0,2.0,0.0594,0.0594,0.0388,0.0388,0.0518,0.0518,1.4096,3.8447,SVC,0.505085186831617,0.5058123638806891,0.5066634756405841,0.5058461246230632,0.5063666684334409,0.5059070632934124,0.5039560114676763,0.5054764565042225,0.5059073910423363
BachChoralHarmony,V16,5665.0,0.3509,0.0014,1.0,5.0,3.1373,3.0,1.1119,0.3828,-0.9478,1.0,2.0,0.089,0.089,0.0598,0.0598,0.0795,0.0795,1.4081,1.5418,DecisionTree,0.46170892645861844,0.45326709279677463,0.45202802377615753,0.4438026547208415,0.4606622100112336,0.4533777841275344,0.45396912987319604,0.44897163566113313,0.4518990712833389
BachChoralHarmony,V16,5665.0,0.3509,0.0014,1.0,5.0,3.1373,3.0,1.1119,0.3828,-0.9478,1.0,2.0,0.089,0.089,0.0598,0.0598,0.0795,0.0795,1.4081,1.5418,LogisticRegression,0.5086874064505608,0.5090855677827133,0.5093151728996202,0.5092751244236611,0.5096496260590329,0.5080282722082186,0.5087502382952243,0.5081613834063461,0.5089348892905068
BachChoralHarmony,V16,5665.0,0.3509,0.0014,1.0,5.0,3.1373,3.0,1.1119,0.3828,-0.9478,1.0,2.0,0.089,0.089,0.0598,0.0598,0.0795,0.0795,1.4081,1.5418,KNN,0.4611728356808368,0.46804950752893115,0.46259512026162797,0.4648943962743656,0.4619248824158101,0.462601278904084,0.4619570740840115,0.46361791793241874,0.4615693663412399
BachChoralHarmony,V16,5665.0,0.3509,0.0014,1.0,5.0,3.1373,3.0,1.1119,0.3828,-0.9478,1.0,2.0,0.089,0.089,0.0598,0.0598,0.0795,0.0795,1.4081,1.5418,RandomForest,0.4928006393828989,0.4925783641653545,0.4916220941947697,0.49372301626950943,0.49724006287957734,0.49266605223545223,0.4937135602889648,0.49178696322412035,0.496658917493061
BachChoralHarmony,V16,5665.0,0.3509,0.0014,1.0,5.0,3.1373,3.0,1.1119,0.3828,-0.9478,1.0,2.0,0.089,0.089,0.0598,0.0598,0.0795,0.0795,1.4081,1.5418,AdaBoost,0.059866763602381766,0.059866763602381766,0.059866763602381766,0.059866763602381766,0.059866763602381766,0.059866763602381766,0.059866763602381766,0.059866763602381766,0.059866763602381766
BachChoralHarmony,V16,5665.0,0.3509,0.0014,1.0,5.0,3.1373,3.0,1.1119,0.3828,-0.9478,1.0,2.0,0.089,0.089,0.0598,0.0598,0.0795,0.0795,1.4081,1.5418,SVC,0.5063543386340306,0.5070868858281283,0.5040292275886202,0.5058930029721134,0.505309101574033,0.5046307103227367,0.5042442224350961,0.5054686532907117,0.5051952021051959
BachChoralHarmony,V16,5665.0,0.3068,0.0013,1.0,5.0,3.1612,3.0,1.1237,0.3543,-1.0128,1.0,2.0,0.0604,0.0604,0.0387,0.0387,0.0516,0.0516,1.4137,1.5183,DecisionTree,0.4565430490234171,0.455998509852275,0.45238928578389576,0.4454876423002765,0.4479223540845249,0.44481163005890384,0.45076457078207693,0.44499885987334,0.4484767795092771
BachChoralHarmony,V16,5665.0,0.3068,0.0013,1.0,5.0,3.1612,3.0,1.1237,0.3543,-1.0128,1.0,2.0,0.0604,0.0604,0.0387,0.0387,0.0516,0.0516,1.4137,1.5183,LogisticRegression,0.5142037867010645,0.5134040152148831,0.5152469682916885,0.5133120792421485,0.5130726676958491,0.5113446017822878,0.5142487069636941,0.5146039139839904,0.5123038042494092
BachChoralHarmony,V16,5665.0,0.3068,0.0013,1.0,5.0,3.1612,3.0,1.1237,0.3543,-1.0128,1.0,2.0,0.0604,0.0604,0.0387,0.0387,0.0516,0.0516,1.4137,1.5183,KNN,0.4702066754225481,0.4706595169983779,0.4697005710371196,0.4702463707300643,0.4714312393897369,0.47073461730766364,0.4703870470959408,0.4691429590730313,0.4701128636594371
BachChoralHarmony,V16,5665.0,0.3068,0.0013,1.0,5.0,3.1612,3.0,1.1237,0.3543,-1.0128,1.0,2.0,0.0604,0.0604,0.0387,0.0387,0.0516,0.0516,1.4137,1.5183,RandomForest,0.4929072935248317,0.49747405061282585,0.501646457728044,0.49935268721240844,0.49453154741467054,0.49929327438173754,0.49512464664670164,0.4930398467235404,0.493703315058985
BachChoralHarmony,V16,5665.0,0.3068,0.0013,1.0,5.0,3.1612,3.0,1.1237,0.3543,-1.0128,1.0,2.0,0.0604,0.0604,0.0387,0.0387,0.0516,0.0516,1.4137,1.5183,AdaBoost,0.059866763602381766,0.059866763602381766,0.059866763602381766,0.059866763602381766,0.059866763602381766,0.059866763602381766,0.059866763602381766,0.059866763602381766,0.059866763602381766
BachChoralHarmony,V16,5665.0,0.3068,0.0013,1.0,5.0,3.1612,3.0,1.1237,0.3543,-1.0128,1.0,2.0,0.0604,0.0604,0.0387,0.0387,0.0516,0.0516,1.4137,1.5183,SVC,0.5104181932260987,0.5086057387126823,0.5084843516673015,0.5090729005402481,0.5091853717286707,0.5098994843684537,0.50891978470076,0.5083944343879807,0.5102415433291588
BachChoralHarmony,V16,5665.0,0.2523,0.0012,1.0,5.0,3.1367,3.0,1.1111,0.3926,-0.9399,1.0,2.0,0.0667,0.0667,0.0436,0.0436,0.0581,0.0581,1.4045,3.8656,DecisionTree,0.4558809057554479,0.45158735164523917,0.4446087742520264,0.447148094192591,0.4490818990310662,0.44315508677345905,0.4407169986364896,0.43475405115285615,0.44490201993541
BachChoralHarmony,V16,5665.0,0.2523,0.0012,1.0,5.0,3.1367,3.0,1.1111,0.3926,-0.9399,1.0,2.0,0.0667,0.0667,0.0436,0.0436,0.0581,0.0581,1.4045,3.8656,LogisticRegression,0.5123693595336838,0.5116322980742442,0.5134195888351794,0.5097945811866822,0.5104602963873459,0.5104352560838612,0.5111080320894014,0.5117450745337903,0.5099314123164805
BachChoralHarmony,V16,5665.0,0.2523,0.0012,1.0,5.0,3.1367,3.0,1.1111,0.3926,-0.9399,1.0,2.0,0.0667,0.0667,0.0436,0.0436,0.0581,0.0581,1.4045,3.8656,KNN,0.47205085185897316,0.4674661449220291,0.473927734877544,0.4719447088214266,0.4735030488933414,0.47386866072500833,0.4707928641727838,0.46741744059063794,0.47306348455137076
BachChoralHarmony,V16,5665.0,0.2523,0.0012,1.0,5.0,3.1367,3.0,1.1111,0.3926,-0.9399,1.0,2.0,0.0667,0.0667,0.0436,0.0436,0.0581,0.0581,1.4045,3.8656,RandomForest,0.48781744550743444,0.4864138572151819,0.48985210434406873,0.4855180874086882,0.48849440684779905,0.48780755435412937,0.4852368169268312,0.48500282129326044,0.48427556792154486
BachChoralHarmony,V16,5665.0,0.2523,0.0012,1.0,5.0,3.1367,3.0,1.1111,0.3926,-0.9399,1.0,2.0,0.0667,0.0667,0.0436,0.0436,0.0581,0.0581,1.4045,3.8656,AdaBoost,0.059866763602381766,0.059866763602381766,0.059866763602381766,0.059866763602381766,0.059866763602381766,0.059866763602381766,0.059866763602381766,0.059866763602381766,0.059866763602381766
BachChoralHarmony,V16,5665.0,0.2523,0.0012,1.0,5.0,3.1367,3.0,1.1111,0.3926,-0.9399,1.0,2.0,0.0667,0.0667,0.0436,0.0436,0.0581,0.0581,1.4045,3.8656,SVC,0.5084274035500357,0.5069564914671532,0.5086517919001878,0.5084304348644919,0.508748424343447,0.5079958471243796,0.508000859305772,0.5086640272377522,0.5085753443231317
BachChoralHarmony,V16,5665.0,0.2053,0.0011,1.0,5.0,3.1384,3.0,1.1054,0.3742,-0.9221,1.0,2.0,0.0809,0.0809,0.0565,0.0565,0.0753,0.0753,1.4096,3.8101,DecisionTree,0.4510325033074275,0.45244016209463495,0.4471170363285192,0.4424860691212811,0.4490422813379335,0.4483960041375204,0.4450948451885653,0.44724464013023174,0.45071535528744294
BachChoralHarmony,V16,5665.0,0.2053,0.0011,1.0,5.0,3.1384,3.0,1.1054,0.3742,-0.9221,1.0,2.0,0.0809,0.0809,0.0565,0.0565,0.0753,0.0753,1.4096,3.8101,LogisticRegression,0.5108117467756079,0.5141268628100832,0.5113574252800213,0.5121069829366469,0.5124125049840184,0.5114276786964701,0.5116913541602692,0.5098163041505517,0.5114691112799357
BachChoralHarmony,V16,5665.0,0.2053,0.0011,1.0,5.0,3.1384,3.0,1.1054,0.3742,-0.9221,1.0,2.0,0.0809,0.0809,0.0565,0.0565,0.0753,0.0753,1.4096,3.8101,KNN,0.46583564955059,0.4695820115851282,0.46518251587644527,0.4638737658844269,0.46427494950871334,0.4651322047608167,0.4657914845162038,0.4654343296351783,0.46480766396336104
BachChoralHarmony,V16,5665.0,0.2053,0.0011,1.0,5.0,3.1384,3.0,1.1054,0.3742,-0.9221,1.0,2.0,0.0809,0.0809,0.0565,0.0565,0.0753,0.0753,1.4096,3.8101,RandomForest,0.4869561705367179,0.4897859589644712,0.4875322249764461,0.48618990431736464,0.48630827430607726,0.4844568553703841,0.4860601140581455,0.48390728069824535,0.48762689392498215
BachChoralHarmony,V16,5665.0,0.2053,0.0011,1.0,5.0,3.1384,3.0,1.1054,0.3742,-0.9221,1.0,2.0,0.0809,0.0809,0.0565,0.0565,0.0753,0.0753,1.4096,3.8101,AdaBoost,0.059866763602381766,0.059866763602381766,0.059866763602381766,0.059866763602381766,0.059866763602381766,0.059866763602381766,0.059866763602381766,0.059866763602381766,0.059866763602381766
BachChoralHarmony,V16,5665.0,0.2053,0.0011,1.0,5.0,3.1384,3.0,1.1054,0.3742,-0.9221,1.0,2.0,0.0809,0.0809,0.0565,0.0565,0.0753,0.0753,1.4096,3.8101,SVC,0.5058901183381286,0.509685455891077,0.5051787411615785,0.5065730729996525,0.5060951172236476,0.5068019765867892,0.5072933571732634,0.5068792387505646,0.5070949559883537
BachChoralHarmony,V16,5665.0,0.1472,0.001,1.0,5.0,3.1362,3.0,1.107,0.3785,-0.929,1.0,2.0,0.0753,0.0753,0.0525,0.0525,0.0699,0.0699,1.409,3.819,DecisionTree,0.45509334224156406,0.4510905181555149,0.44719349532226393,0.44794294441847593,0.45248857437787604,0.4487219962644931,0.446018257368201,0.4481236003387064,0.4471604627504356
BachChoralHarmony,V16,5665.0,0.1472,0.001,1.0,5.0,3.1362,3.0,1.107,0.3785,-0.929,1.0,2.0,0.0753,0.0753,0.0525,0.0525,0.0699,0.0699,1.409,3.819,LogisticRegression,0.5106723589782842,0.5103997128812248,0.512594807988345,0.5127326977382837,0.5135136378123469,0.5131786883382935,0.5135464819147886,0.5113601849990222,0.5126392204595707
BachChoralHarmony,V16,5665.0,0.1472,0.001,1.0,5.0,3.1362,3.0,1.107,0.3785,-0.929,1.0,2.0,0.0753,0.0753,0.0525,0.0525,0.0699,0.0699,1.409,3.819,KNN,0.4669956945908463,0.4709594033787008,0.46601449156336483,0.46625938685894147,0.46491509544058995,0.46501219623538065,0.4668295450631445,0.46741877575314705,0.4652442833245955
BachChoralHarmony,V16,5665.0,0.1472,0.001,1.0,5.0,3.1362,3.0,1.107,0.3785,-0.929,1.0,2.0,0.0753,0.0753,0.0525,0.0525,0.0699,0.0699,1.409,3.819,RandomForest,0.48262733386486256,0.48875621152409976,0.49086183579647585,0.48455119850704226,0.489158688021268,0.4855032692660411,0.48813792693824914,0.4878456023852583,0.4898480862393323
BachChoralHarmony,V16,5665.0,0.1472,0.001,1.0,5.0,3.1362,3.0,1.107,0.3785,-0.929,1.0,2.0,0.0753,0.0753,0.0525,0.0525,0.0699,0.0699,1.409,3.819,AdaBoost,0.059866763602381766,0.059866763602381766,0.059866763602381766,0.059866763602381766,0.059866763602381766,0.059866763602381766,0.059866763602381766,0.059866763602381766,0.059866763602381766
BachChoralHarmony,V16,5665.0,0.1472,0.001,1.0,5.0,3.1362,3.0,1.107,0.3785,-0.929,1.0,2.0,0.0753,0.0753,0.0525,0.0525,0.0699,0.0699,1.409,3.819,SVC,0.5106909464500895,0.5078611321482785,0.5100247947941923,0.5103936767487341,0.5112272697439914,0.5111977052114036,0.5096621550125633,0.5095602045155202,0.5112672950654896
BachChoralHarmony,V16,5665.0,0.101,0.001,1.0,5.0,3.1363,3.0,1.1127,0.3719,-0.9354,1.0,2.0,0.0752,0.0752,0.0521,0.0521,0.0694,0.0694,1.4132,3.7958,DecisionTree,0.45003871365925074,0.45311248159488426,0.44796927571492773,0.4492315012501219,0.45056095604502233,0.4547404873604644,0.4524310818430347,0.44201779995397644,0.45222523913693025
BachChoralHarmony,V16,5665.0,0.101,0.001,1.0,5.0,3.1363,3.0,1.1127,0.3719,-0.9354,1.0,2.0,0.0752,0.0752,0.0521,0.0521,0.0694,0.0694,1.4132,3.7958,LogisticRegression,0.5135145095229812,0.5139053518351552,0.5134588206802623,0.5135855286178576,0.5144639173141389,0.514834168278098,0.5143924596762329,0.5140713398923119,0.5139571591809594
BachChoralHarmony,V16,5665.0,0.101,0.001,1.0,5.0,3.1363,3.0,1.1127,0.3719,-0.9354,1.0,2.0,0.0752,0.0752,0.0521,0.0521,0.0694,0.0694,1.4132,3.7958,KNN,0.46643410211627884,0.46794267121182664,0.466696107565742,0.4659916376427532,0.4668907203444038,0.4662147753719962,0.46637550942237394,0.4668228031925017,0.46730305339834727
BachChoralHarmony,V16,5665.0,0.101,0.001,1.0,5.0,3.1363,3.0,1.1127,0.3719,-0.9354,1.0,2.0,0.0752,0.0752,0.0521,0.0521,0.0694,0.0694,1.4132,3.7958,RandomForest,0.48988357871763366,0.48478486211900335,0.48774114169657357,0.4846970458174347,0.4851299269172745,0.4857455309124219,0.4874781322060001,0.4882163452608452,0.4889129249433171
BachChoralHarmony,V16,5665.0,0.101,0.001,1.0,5.0,3.1363,3.0,1.1127,0.3719,-0.9354,1.0,2.0,0.0752,0.0752,0.0521,0.0521,0.0694,0.0694,1.4132,3.7958,AdaBoost,0.059866763602381766,0.059866763602381766,0.059866763602381766,0.059866763602381766,0.059866763602381766,0.059866763602381766,0.059866763602381766,0.059866763602381766,0.059866763602381766
BachChoralHarmony,V16,5665.0,0.101,0.001,1.0,5.0,3.1363,3.0,1.1127,0.3719,-0.9354,1.0,2.0,0.0752,0.0752,0.0521,0.0521,0.0694,0.0694,1.4132,3.7958,SVC,0.5086899204206677,0.5088653968808237,0.5080681718820861,0.5096719841708798,0.5095279947162747,0.5098753225486465,0.5081760418156434,0.5081779066692547,0.5094990602720565
BachChoralHarmony,V16,5665.0,0.0528,0.0009,1.0,5.0,3.1305,3.0,1.1089,0.3848,-0.924,1.0,2.0,0.0751,0.0751,0.0505,0.0505,0.0673,0.0673,1.409,3.8186,DecisionTree,0.44505479365673534,0.4498982045758398,0.44107480920832093,0.4456203242589182,0.4464405861138088,0.44508507943317166,0.4429030544436356,0.44361617373155354,0.4439112036312886
BachChoralHarmony,V16,5665.0,0.0528,0.0009,1.0,5.0,3.1305,3.0,1.1089,0.3848,-0.924,1.0,2.0,0.0751,0.0751,0.0505,0.0505,0.0673,0.0673,1.409,3.8186,LogisticRegression,0.5097775157551654,0.5096905454987549,0.5103110510918858,0.5099495528388578,0.5098804182683395,0.5105873569568229,0.51037204564651,0.5099029275832969,0.5102174021613368
BachChoralHarmony,V16,5665.0,0.0528,0.0009,1.0,5.0,3.1305,3.0,1.1089,0.3848,-0.924,1.0,2.0,0.0751,0.0751,0.0505,0.0505,0.0673,0.0673,1.409,3.8186,KNN,0.470188422708247,0.4680313355231329,0.4709126683727424,0.4694039199035556,0.4703571902462995,0.4687662958670874,0.4690523161248523,0.4686418868315842,0.46917396185423965
BachChoralHarmony,V16,5665.0,0.0528,0.0009,1.0,5.0,3.1305,3.0,1.1089,0.3848,-0.924,1.0,2.0,0.0751,0.0751,0.0505,0.0505,0.0673,0.0673,1.409,3.8186,RandomForest,0.48397868611235173,0.48592069853508746,0.48321182998005335,0.4876032634297963,0.4856156822647168,0.4883174993632552,0.4838565559755748,0.48537000898670873,0.48662216465850816
BachChoralHarmony,V16,5665.0,0.0528,0.0009,1.0,5.0,3.1305,3.0,1.1089,0.3848,-0.924,1.0,2.0,0.0751,0.0751,0.0505,0.0505,0.0673,0.0673,1.409,3.8186,AdaBoost,0.059866763602381766,0.06634511800676605,0.059866763602381766,0.059866763602381766,0.059866763602381766,0.059866763602381766,0.059866763602381766,0.059866763602381766,0.059866763602381766
BachChoralHarmony,V16,5665.0,0.0528,0.0009,1.0,5.0,3.1305,3.0,1.1089,0.3848,-0.924,1.0,2.0,0.0751,0.0751,0.0505,0.0505,0.0673,0.0673,1.409,3.8186,SVC,0.5087964476819541,0.5095665719245428,0.5085125082135931,0.5088457592376413,0.5084472198908674,0.50871279171603,0.5086680819917938,0.5090773968128038,0.5085820777318026
bank,duration,3074.0,0.5007,0.3876,4.0,3025.0,269.916,184.0,273.3775,2.9119,13.7508,95.0,228.5,0.0058,0.0136,0.0091,0.0153,0.0114,0.0194,6.1363,0.0002,DecisionTree,0.8501501139973489,0.8407084141968519,0.8460655198114201,0.85212503210542,0.8483945787478134,0.8361695567858777,0.8502519809220233,0.8474320767946781,0.8402696728438088
bank,duration,3074.0,0.5007,0.3876,4.0,3025.0,269.916,184.0,273.3775,2.9119,13.7508,95.0,228.5,0.0058,0.0136,0.0091,0.0153,0.0114,0.0194,6.1363,0.0002,LogisticRegression,0.8463404922866338,0.8356168088170925,0.8446124386018102,0.8456819391675602,0.8480915807144667,0.8450579148627928,0.845454566312853,0.8379211852441614,0.8432167832478764
bank,duration,3074.0,0.5007,0.3876,4.0,3025.0,269.916,184.0,273.3775,2.9119,13.7508,95.0,228.5,0.0058,0.0136,0.0091,0.0153,0.0114,0.0194,6.1363,0.0002,KNN,0.8437427375655792,0.8388199083980048,0.8426147151336014,0.8442893196660621,0.845211768124876,0.8438701304821726,0.8480807046842531,0.8416623678941126,0.8421346796711248
bank,duration,3074.0,0.5007,0.3876,4.0,3025.0,269.916,184.0,273.3775,2.9119,13.7508,95.0,228.5,0.0058,0.0136,0.0091,0.0153,0.0114,0.0194,6.1363,0.0002,RandomForest,0.8454662324491395,0.8451531919426759,0.8481919228723391,0.8463328609793641,0.84359254873226,0.843890301755396,0.8263894098661806,0.83141116639545,0.8460018010887442
bank,duration,3074.0,0.5007,0.3876,4.0,3025.0,269.916,184.0,273.3775,2.9119,13.7508,95.0,228.5,0.0058,0.0136,0.0091,0.0153,0.0114,0.0194,6.1363,0.0002,AdaBoost,0.8436871708387537,0.8435962989910852,0.8486606324275682,0.8477608237087424,0.8445170063063542,0.8435568366655954,0.8452660430672321,0.8403219217771032,0.8463344941383185
bank,duration,3074.0,0.5007,0.3876,4.0,3025.0,269.916,184.0,273.3775,2.9119,13.7508,95.0,228.5,0.0058,0.0136,0.0091,0.0153,0.0114,0.0194,6.1363,0.0002,SVC,0.8410723208638976,0.8370580973115058,0.8399662527678635,0.8412029440198039,0.8439657231455845,0.8405494446194429,0.8416700394211709,0.8349291757060742,0.8362341662012707
bank,duration,3074.0,0.4515,0.3683,5.0,3025.0,272.9988,189.0,279.6188,3.1121,16.1626,102.0,229.0,0.0067,0.0255,0.0175,0.0211,0.0224,0.0266,6.1672,0.0002,DecisionTree,0.8446262203432733,0.8487588154457218,0.8492762360230305,0.8452809817254532,0.8508814661950638,0.846021919023175,0.8452892951049069,0.8430126924692485,0.8453022320095245
bank,duration,3074.0,0.4515,0.3683,5.0,3025.0,272.9988,189.0,279.6188,3.1121,16.1626,102.0,229.0,0.0067,0.0255,0.0175,0.0211,0.0224,0.0266,6.1672,0.0002,LogisticRegression,0.8417342164551982,0.8393596233393078,0.841140670677783,0.8416220021283078,0.8418444458929872,0.8417162186483802,0.8414482700873098,0.8386724776477671,0.8414899804234396
bank,duration,3074.0,0.4515,0.3683,5.0,3025.0,272.9988,189.0,279.6188,3.1121,16.1626,102.0,229.0,0.0067,0.0255,0.0175,0.0211,0.0224,0.0266,6.1672,0.0002,KNN,0.8454705650947016,0.8433581743949168,0.8450334527408048,0.84464145420536,0.8465165613883796,0.8461646899037549,0.8423677490926458,0.847610582870396,0.8442068085846259
bank,duration,3074.0,0.4515,0.3683,5.0,3025.0,272.9988,189.0,279.6188,3.1121,16.1626,102.0,229.0,0.0067,0.0255,0.0175,0.0211,0.0224,0.0266,6.1672,0.0002,RandomForest,0.8445752442387331,0.841671783191088,0.8439589428796904,0.8398723320670912,0.8404239936249313,0.8429309401024312,0.8260078487250981,0.8322834475746186,0.8442487164256688
bank,duration,3074.0,0.4515,0.3683,5.0,3025.0,272.9988,189.0,279.6188,3.1121,16.1626,102.0,229.0,0.0067,0.0255,0.0175,0.0211,0.0224,0.0266,6.1672,0.0002,AdaBoost,0.8506308160139452,0.8519876655930034,0.8569556742420922,0.8523396241827208,0.8504093289781126,0.848640411873635,0.8538558745923877,0.8486070626071718,0.850688800883704
bank,duration,3074.0,0.4515,0.3683,5.0,3025.0,272.9988,189.0,279.6188,3.1121,16.1626,102.0,229.0,0.0067,0.0255,0.0175,0.0211,0.0224,0.0266,6.1672,0.0002,SVC,0.8378198491477034,0.837866820884497,0.8424561310649403,0.8379340425310913,0.8358770074790933,0.8367614544894721,0.83818730689426,0.8387669255004584,0.8385680370524395
bank,duration,3074.0,0.4011,0.3455,5.0,3025.0,271.0619,187.0,276.7356,3.0834,15.4045,96.0,220.0,0.0129,0.0273,0.0177,0.0233,0.0225,0.0296,6.1878,0.0002,DecisionTree,0.8555430033846734,0.853286761621292,0.8592492510037745,0.8523494082164246,0.8565965418385524,0.8487173546983151,0.856842963750521,0.8444018728170644,0.8436510435301365
bank,duration,3074.0,0.4011,0.3455,5.0,3025.0,271.0619,187.0,276.7356,3.0834,15.4045,96.0,220.0,0.0129,0.0273,0.0177,0.0233,0.0225,0.0296,6.1878,0.0002,LogisticRegression,0.8474909314674416,0.8419813135097144,0.8460140204434281,0.8479772046796549,0.8456052393428656,0.8473553057082234,0.8472877348589039,0.8418917830507957,0.8434422792139666
bank,duration,3074.0,0.4011,0.3455,5.0,3025.0,271.0619,187.0,276.7356,3.0834,15.4045,96.0,220.0,0.0129,0.0273,0.0177,0.0233,0.0225,0.0296,6.1878,0.0002,KNN,0.85360490407419,0.8476073530006842,0.850497234086204,0.8526392182815574,0.8518628941777381,0.8525676911318869,0.8505114373021029,0.8413805063129524,0.851708710084484
bank,duration,3074.0,0.4011,0.3455,5.0,3025.0,271.0619,187.0,276.7356,3.0834,15.4045,96.0,220.0,0.0129,0.0273,0.0177,0.0233,0.0225,0.0296,6.1878,0.0002,RandomForest,0.8622947493918502,0.8634336907839874,0.8624730872651881,0.8574514011988394,0.8622708682326854,0.8584273402703276,0.8527933622623368,0.8411552495067365,0.8627259842145801
bank,duration,3074.0,0.4011,0.3455,5.0,3025.0,271.0619,187.0,276.7356,3.0834,15.4045,96.0,220.0,0.0129,0.0273,0.0177,0.0233,0.0225,0.0296,6.1878,0.0002,AdaBoost,0.858531280668897,0.8565268488452495,0.8515249288906672,0.8602716796348125,0.8592933955200921,0.8560466129421441,0.8585130960536784,0.8536238031166538,0.853147530773932
bank,duration,3074.0,0.4011,0.3455,5.0,3025.0,271.0619,187.0,276.7356,3.0834,15.4045,96.0,220.0,0.0129,0.0273,0.0177,0.0233,0.0225,0.0296,6.1878,0.0002,SVC,0.8457385440332157,0.8439143997692093,0.8460509171089755,0.8457457373848472,0.8463768447611449,0.8459970727075778,0.843965714059745,0.8403660834101089,0.8456907075752307
bank,duration,3074.0,0.3455,0.3275,5.0,3025.0,267.2495,187.5,262.6896,2.9716,14.9829,95.5,225.25,0.0212,0.05,0.0368,0.041,0.0469,0.0519,6.2068,0.0002,DecisionTree,0.8572560857657681,0.8502586498261528,0.8446980299247069,0.8516413923723554,0.8453097303796362,0.8382181412924428,0.8458892505784494,0.848047396119589,0.8518350687678989
bank,duration,3074.0,0.3455,0.3275,5.0,3025.0,267.2495,187.5,262.6896,2.9716,14.9829,95.5,225.25,0.0212,0.05,0.0368,0.041,0.0469,0.0519,6.2068,0.0002,LogisticRegression,0.8437876956415444,0.8429309068617339,0.8406970166236943,0.8449956866064756,0.8430559583876511,0.8416602060089208,0.8443398735763346,0.8410230266215468,0.8403660513623821
bank,duration,3074.0,0.3455,0.3275,5.0,3025.0,267.2495,187.5,262.6896,2.9716,14.9829,95.5,225.25,0.0212,0.05,0.0368,0.041,0.0469,0.0519,6.2068,0.0002,KNN,0.8544523761867502,0.8475191203460477,0.8526248606444821,0.8540119411954081,0.8544341838249578,0.8539848171838799,0.8544432255224266,0.8470893781659017,0.852197557533735
bank,duration,3074.0,0.3455,0.3275,5.0,3025.0,267.2495,187.5,262.6896,2.9716,14.9829,95.5,225.25,0.0212,0.05,0.0368,0.041,0.0469,0.0519,6.2068,0.0002,RandomForest,0.857474723814132,0.8573562772204926,0.8541671507065564,0.8528053316851658,0.8570194119422407,0.8554323437298923,0.8451778931684948,0.8480026050811309,0.8544116384975805
bank,duration,3074.0,0.3455,0.3275,5.0,3025.0,267.2495,187.5,262.6896,2.9716,14.9829,95.5,225.25,0.0212,0.05,0.0368,0.041,0.0469,0.0519,6.2068,0.0002,AdaBoost,0.8483038732722492,0.8511130865918874,0.8498736118398562,0.8474192350423007,0.848028187916743,0.8488447412970342,0.8495248974359859,0.8414308863631325,0.8461207471730531
bank,duration,3074.0,0.3455,0.3275,5.0,3025.0,267.2495,187.5,262.6896,2.9716,14.9829,95.5,225.25,0.0212,0.05,0.0368,0.041,0.0469,0.0519,6.2068,0.0002,SVC,0.8455589719849608,0.8432079176543181,0.8462531892299581,0.8452620045222186,0.8463787024561996,0.8451322052981557,0.8479881700805699,0.8425492999268379,0.8444635584594274
bank,duration,3074.0,0.3175,0.3208,5.0,3025.0,268.6983,185.0,270.6697,3.1243,16.2666,95.0,223.75,0.0017,0.0319,0.0263,0.0319,0.0339,0.0407,6.222,0.0002,DecisionTree,0.8468116454975257,0.8435735527112959,0.8513241980364845,0.8435060035616515,0.8558780788343766,0.8417997565564846,0.849172514142166,0.8451500993591523,0.8466605659433866
bank,duration,3074.0,0.3175,0.3208,5.0,3025.0,268.6983,185.0,270.6697,3.1243,16.2666,95.0,223.75,0.0017,0.0319,0.0263,0.0319,0.0339,0.0407,6.222,0.0002,LogisticRegression,0.8512575497882807,0.8414317318317027,0.8500937718762841,0.8504005441753386,0.8498793231281068,0.8491405982209714,0.8499237451557629,0.8439067138299784,0.8476261576769566
bank,duration,3074.0,0.3175,0.3208,5.0,3025.0,268.6983,185.0,270.6697,3.1243,16.2666,95.0,223.75,0.0017,0.0319,0.0263,0.0319,0.0339,0.0407,6.222,0.0002,KNN,0.8537459939405794,0.848437228775724,0.8530951755743974,0.8531839604180741,0.8512306657768505,0.8514121898692864,0.8519378847693284,0.8484620356317947,0.8507079272680675
bank,duration,3074.0,0.3175,0.3208,5.0,3025.0,268.6983,185.0,270.6697,3.1243,16.2666,95.0,223.75,0.0017,0.0319,0.0263,0.0319,0.0339,0.0407,6.222,0.0002,RandomForest,0.8565822074688165,0.8564195616895227,0.8564480293717603,0.8546003592040542,0.8549320251312454,0.8547762500431244,0.8454916965550151,0.8497952382320831,0.8514852586246537
bank,duration,3074.0,0.3175,0.3208,5.0,3025.0,268.6983,185.0,270.6697,3.1243,16.2666,95.0,223.75,0.0017,0.0319,0.0263,0.0319,0.0339,0.0407,6.222,0.0002,AdaBoost,0.8595446685867842,0.8584514080179717,0.8587365738286481,0.8606350774080539,0.8561506254445721,0.857832815699831,0.8591613082472964,0.8549060604518264,0.861093697892946
bank,duration,3074.0,0.3175,0.3208,5.0,3025.0,268.6983,185.0,270.6697,3.1243,16.2666,95.0,223.75,0.0017,0.0319,0.0263,0.0319,0.0339,0.0407,6.222,0.0002,SVC,0.8417728617556797,0.8415499042897724,0.8449008319497437,0.8430340674895467,0.8421671095165616,0.8418769202076984,0.8422107577953408,0.8427604166753873,0.8428836035152037
bank,duration,3074.0,0.2446,0.2989,4.0,2769.0,267.6038,185.0,269.8876,2.8954,12.6551,95.0,220.75,0.0107,0.0249,0.02,0.0253,0.0256,0.0321,6.2364,0.0001,DecisionTree,0.8533740023309526,0.8500672251332413,0.8608511072765743,0.8516466146242665,0.8475150957502828,0.8522398123714856,0.8562500396736293,0.8529277522236162,0.8509997352467042
bank,duration,3074.0,0.2446,0.2989,4.0,2769.0,267.6038,185.0,269.8876,2.8954,12.6551,95.0,220.75,0.0107,0.0249,0.02,0.0253,0.0256,0.0321,6.2364,0.0001,LogisticRegression,0.8491773814500261,0.8484987967853004,0.8509341390245236,0.8491466605964715,0.8505840993072814,0.8484936910401765,0.8494410798362273,0.8504817911933358,0.8502920526892487
bank,duration,3074.0,0.2446,0.2989,4.0,2769.0,267.6038,185.0,269.8876,2.8954,12.6551,95.0,220.75,0.0107,0.0249,0.02,0.0253,0.0256,0.0321,6.2364,0.0001,KNN,0.849812775162309,0.8477816799618243,0.8515174878749457,0.8491330018599208,0.8502818698496082,0.8492445910687851,0.8494529667078812,0.8472484619757293,0.8483684454330431
bank,duration,3074.0,0.2446,0.2989,4.0,2769.0,267.6038,185.0,269.8876,2.8954,12.6551,95.0,220.75,0.0107,0.0249,0.02,0.0253,0.0256,0.0321,6.2364,0.0001,RandomForest,0.8567494787283729,0.8584082072022418,0.8586771295796017,0.8547138817116813,0.8535646658759156,0.8548018649091491,0.8531405383327997,0.849737318794014,0.8551231319104804
bank,duration,3074.0,0.2446,0.2989,4.0,2769.0,267.6038,185.0,269.8876,2.8954,12.6551,95.0,220.75,0.0107,0.0249,0.02,0.0253,0.0256,0.0321,6.2364,0.0001,AdaBoost,0.8621572836866817,0.8640903518358265,0.8620170988332616,0.8632215901942404,0.8623886467990826,0.8598378727998823,0.8632303288451698,0.8556801178383245,0.8632385642702638
bank,duration,3074.0,0.2446,0.2989,4.0,2769.0,267.6038,185.0,269.8876,2.8954,12.6551,95.0,220.75,0.0107,0.0249,0.02,0.0253,0.0256,0.0321,6.2364,0.0001,SVC,0.8458861943908362,0.8434151037899948,0.8479302415820725,0.8461695273507199,0.8451948602146799,0.8445945660058745,0.8461509290138096,0.8432631996725442,0.8464287381043514
bank,duration,3074.0,0.2098,0.2935,4.0,3025.0,266.3821,185.0,267.4639,3.0869,16.022,96.0,223.0,0.0017,0.011,0.0263,0.0303,0.0336,0.0384,6.2507,0.0001,DecisionTree,0.8647990390577791,0.8536419618182631,0.8532607515193384,0.8560811391300208,0.8648736205697395,0.8585139332363836,0.8639984046743554,0.8534385543799217,0.8586411136585153
bank,duration,3074.0,0.2098,0.2935,4.0,3025.0,266.3821,185.0,267.4639,3.0869,16.022,96.0,223.0,0.0017,0.011,0.0263,0.0303,0.0336,0.0384,6.2507,0.0001,LogisticRegression,0.852517334825993,0.8483941810257153,0.8514580671673299,0.8531108008395216,0.8518741261699667,0.8516727136945672,0.8518741261699667,0.8491793073235898,0.8514281880492842
bank,duration,3074.0,0.2098,0.2935,4.0,3025.0,266.3821,185.0,267.4639,3.0869,16.022,96.0,223.0,0.0017,0.011,0.0263,0.0303,0.0336,0.0384,6.2507,0.0001,KNN,0.8558561277199591,0.853628428099777,0.8545449320790418,0.8563005056919823,0.8569198614031786,0.8560117765165437,0.8543532789245344,0.8546964525663693,0.8550925731362353
bank,duration,3074.0,0.2098,0.2935,4.0,3025.0,266.3821,185.0,267.4639,3.0869,16.022,96.0,223.0,0.0017,0.011,0.0263,0.0303,0.0336,0.0384,6.2507,0.0001,RandomForest,0.8562693189656128,0.8539621618704321,0.855139745968844,0.8527738276324692,0.8548124856671752,0.8556345841532613,0.84580886266415,0.8518578668884506,0.8552391911612036
bank,duration,3074.0,0.2098,0.2935,4.0,3025.0,266.3821,185.0,267.4639,3.0869,16.022,96.0,223.0,0.0017,0.011,0.0263,0.0303,0.0336,0.0384,6.2507,0.0001,AdaBoost,0.8608776178776443,0.8554862173576147,0.8577439745984641,0.8630731196533168,0.8600651014895389,0.8603075540026566,0.8628505735735865,0.8530521298876341,0.8599203335971346
bank,duration,3074.0,0.2098,0.2935,4.0,3025.0,266.3821,185.0,267.4639,3.0869,16.022,96.0,223.0,0.0017,0.011,0.0263,0.0303,0.0336,0.0384,6.2507,0.0001,SVC,0.8473166328709472,0.8466313337287793,0.845476868588024,0.8485648526530425,0.8461029214016209,0.8467816686608053,0.8466340063704336,0.8454927033239397,0.8463478812433851
bank,duration,3074.0,0.1561,0.281,5.0,2769.0,268.0867,187.0,264.9087,2.7743,11.8528,97.5,226.0,0.0017,0.0203,0.0303,0.035,0.0386,0.0444,6.2654,0.0001,DecisionTree,0.8528979333467391,0.8522101260530447,0.8611854592302322,0.8537447642509532,0.8564384255436146,0.8529253231889102,0.8529261437133049,0.8546280005683426,0.8547894818129194
bank,duration,3074.0,0.1561,0.281,5.0,2769.0,268.0867,187.0,264.9087,2.7743,11.8528,97.5,226.0,0.0017,0.0203,0.0303,0.035,0.0386,0.0444,6.2654,0.0001,LogisticRegression,0.854612199833828,0.8528559476979579,0.8528871337625428,0.855241114893634,0.8548170262184425,0.8544179965050129,0.8548170262184425,0.8557314147993702,0.8539007013819769
bank,duration,3074.0,0.1561,0.281,5.0,2769.0,268.0867,187.0,264.9087,2.7743,11.8528,97.5,226.0,0.0017,0.0203,0.0303,0.035,0.0386,0.0444,6.2654,0.0001,KNN,0.8553918029326492,0.8573281036141819,0.8539771190100306,0.8549909058043152,0.8563324373006346,0.8571277448810978,0.8550328538085827,0.8584300826781115,0.8555403826663288
bank,duration,3074.0,0.1561,0.281,5.0,2769.0,268.0867,187.0,264.9087,2.7743,11.8528,97.5,226.0,0.0017,0.0203,0.0303,0.035,0.0386,0.0444,6.2654,0.0001,RandomForest,0.8617358253739786,0.8644585793470896,0.8603159157224802,0.8628693563312317,0.8645487676922172,0.8626087442823911,0.8581200086157122,0.8604590885223115,0.8608002433257692
bank,duration,3074.0,0.1561,0.281,5.0,2769.0,268.0867,187.0,264.9087,2.7743,11.8528,97.5,226.0,0.0017,0.0203,0.0303,0.035,0.0386,0.0444,6.2654,0.0001,AdaBoost,0.8623012551780753,0.8607786487186531,0.8607656434865472,0.8617203091081881,0.8619977801214747,0.86235513298223,0.8641569299817777,0.8613307855823975,0.8638373902293579
bank,duration,3074.0,0.1561,0.281,5.0,2769.0,268.0867,187.0,264.9087,2.7743,11.8528,97.5,226.0,0.0017,0.0203,0.0303,0.035,0.0386,0.0444,6.2654,0.0001,SVC,0.8511193547871538,0.8536868156908548,0.8520140094891643,0.8509130488005532,0.850690192619042,0.8508951228506807,0.8502838064380958,0.8563792954995866,0.8511682886605223
bank,duration,3074.0,0.1008,0.2713,4.0,3025.0,267.7312,185.5,269.9005,3.0384,14.9935,96.5,224.25,0.0144,0.0285,0.0348,0.0391,0.0444,0.0496,6.2829,0.0001,DecisionTree,0.8563896126860963,0.8545801473581387,0.8543868267115696,0.8542851372765967,0.853650840353172,0.8585944261424602,0.8566001445558498,0.8492146147841559,0.8527526452218026
bank,duration,3074.0,0.1008,0.2713,4.0,3025.0,267.7312,185.5,269.9005,3.0384,14.9935,96.5,224.25,0.0144,0.0285,0.0348,0.0391,0.0444,0.0496,6.2829,0.0001,LogisticRegression,0.8514924748318439,0.848487849066785,0.8497768025223841,0.8512264375059087,0.8517522525515248,0.8508160250795993,0.8519434399672372,0.8478304315981191,0.8517462222534605
bank,duration,3074.0,0.1008,0.2713,4.0,3025.0,267.7312,185.5,269.9005,3.0384,14.9935,96.5,224.25,0.0144,0.0285,0.0348,0.0391,0.0444,0.0496,6.2829,0.0001,KNN,0.8557219001501946,0.8552874348273797,0.8560737085228267,0.8559239640674063,0.8561511294274289,0.8552749994809743,0.8546143521497563,0.8550692207488186,0.8557304308498708
bank,duration,3074.0,0.1008,0.2713,4.0,3025.0,267.7312,185.5,269.9005,3.0384,14.9935,96.5,224.25,0.0144,0.0285,0.0348,0.0391,0.0444,0.0496,6.2829,0.0001,RandomForest,0.8621069961624361,0.8647113925415977,0.8594119142402531,0.8637012738650951,0.8601113912441478,0.8625343840696592,0.8567749012662063,0.8565000599507653,0.8628082132042946
bank,duration,3074.0,0.1008,0.2713,4.0,3025.0,267.7312,185.5,269.9005,3.0384,14.9935,96.5,224.25,0.0144,0.0285,0.0348,0.0391,0.0444,0.0496,6.2829,0.0001,AdaBoost,0.8581144138317262,0.8586493284706196,0.8588872473596328,0.8559342808910504,0.857552729829023,0.8556332299788764,0.858846127966254,0.8565762361390971,0.8561170818303001
bank,duration,3074.0,0.1008,0.2713,4.0,3025.0,267.7312,185.5,269.9005,3.0384,14.9935,96.5,224.25,0.0144,0.0285,0.0348,0.0391,0.0444,0.0496,6.2829,0.0001,SVC,0.8504621329810482,0.8537910439068299,0.8494268090705107,0.850916018546247,0.8492205499354378,0.8504672321484941,0.8495877383224528,0.8516593068731267,0.8504672321484941
bank,duration,3074.0,0.0547,0.2608,4.0,3025.0,268.8871,186.0,270.5448,2.9635,14.2683,97.0,226.75,0.0016,0.0071,0.0272,0.0312,0.0348,0.0396,6.2928,0.0001,DecisionTree,0.8622098549794757,0.8743310050020281,0.8638853544208185,0.8612711696377354,0.8596553673391611,0.8625062090584996,0.8638644119981207,0.8748837531868188,0.8707191844511598
bank,duration,3074.0,0.0547,0.2608,4.0,3025.0,268.8871,186.0,270.5448,2.9635,14.2683,97.0,226.75,0.0016,0.0071,0.0272,0.0312,0.0348,0.0396,6.2928,0.0001,LogisticRegression,0.8602933284666554,0.8601726228562877,0.8611092230444446,0.8591598393979142,0.8604930312396684,0.859866559678471,0.8595863469028187,0.8597498585328436,0.860272469452408
bank,duration,3074.0,0.0547,0.2608,4.0,3025.0,268.8871,186.0,270.5448,2.9635,14.2683,97.0,226.75,0.0016,0.0071,0.0272,0.0312,0.0348,0.0396,6.2928,0.0001,KNN,0.860787520979352,0.8607881834763645,0.8618519135271575,0.8612347411490962,0.8605774003259664,0.8605879164293532,0.861478747820942,0.86142357100542,0.8616681822803871
bank,duration,3074.0,0.0547,0.2608,4.0,3025.0,268.8871,186.0,270.5448,2.9635,14.2683,97.0,226.75,0.0016,0.0071,0.0272,0.0312,0.0348,0.0396,6.2928,0.0001,RandomForest,0.865732205559238,0.8645989171750177,0.8628297976357088,0.8655702649709939,0.8660240533308547,0.8674019071074345,0.8656387604165182,0.8649261381433843,0.8677619596743043
bank,duration,3074.0,0.0547,0.2608,4.0,3025.0,268.8871,186.0,270.5448,2.9635,14.2683,97.0,226.75,0.0016,0.0071,0.0272,0.0312,0.0348,0.0396,6.2928,0.0001,AdaBoost,0.8670960160386322,0.8695818022126262,0.8678358988534608,0.867209666464447,0.8673742628854095,0.8654438018783386,0.8672693761663081,0.8681058933484397,0.8657740167147526
bank,duration,3074.0,0.0547,0.2608,4.0,3025.0,268.8871,186.0,270.5448,2.9635,14.2683,97.0,226.75,0.0016,0.0071,0.0272,0.0312,0.0348,0.0396,6.2928,0.0001,SVC,0.8576502221368408,0.858686930435153,0.8588769387272222,0.8580593900660134,0.8572361959180376,0.8580617712345802,0.8566252756217551,0.8595235851871792,0.8572358220756872
bank,pdays,3074.0,0.5094,0.1088,-1.0,683.0,39.6578,-1.0,97.6313,2.4433,5.2132,0.0,0.0,0.0167,0.6449,0.042,0.9135,0.0536,0.9878,1.3501,0.0033,DecisionTree,0.8706732684936878,0.8703199143611574,0.8694158094091845,0.8675560462023815,0.8678642937321401,0.8601110133925434,0.8674092380898129,0.8686784216367377,0.8610266250653886
bank,pdays,3074.0,0.5094,0.1088,-1.0,683.0,39.6578,-1.0,97.6313,2.4433,5.2132,0.0,0.0,0.0167,0.6449,0.042,0.9135,0.0536,0.9878,1.3501,0.0033,LogisticRegression,0.8573004526490944,0.8570908117077067,0.856713473361627,0.856713473361627,0.8562574326054897,0.8570121872442955,0.8561866900886845,0.8579294988098367,0.8572291724381206
bank,pdays,3074.0,0.5094,0.1088,-1.0,683.0,39.6578,-1.0,97.6313,2.4433,5.2132,0.0,0.0,0.0167,0.6449,0.042,0.9135,0.0536,0.9878,1.3501,0.0033,KNN,0.8594387622495264,0.8601807891724114,0.8620898019340884,0.8610815353024575,0.8617115185793591,0.8603274482294623,0.856776182772492,0.857744738362164,0.8619298711520436
bank,pdays,3074.0,0.5094,0.1088,-1.0,683.0,39.6578,-1.0,97.6313,2.4433,5.2132,0.0,0.0,0.0167,0.6449,0.042,0.9135,0.0536,0.9878,1.3501,0.0033,RandomForest,0.8616468656925914,0.8609561794785481,0.8641224950168828,0.8634728113812756,0.8677042801602526,0.8597458211104754,0.8593553671495541,0.865275376694495,0.8588450373036479
bank,pdays,3074.0,0.5094,0.1088,-1.0,683.0,39.6578,-1.0,97.6313,2.4433,5.2132,0.0,0.0,0.0167,0.6449,0.042,0.9135,0.0536,0.9878,1.3501,0.0033,AdaBoost,0.8645778844032984,0.8610884308684481,0.8663201949361142,0.8681918658121871,0.8696366751089109,0.8677793583882442,0.8652981530409409,0.8627850855310194,0.8628323827387225
bank,pdays,3074.0,0.5094,0.1088,-1.0,683.0,39.6578,-1.0,97.6313,2.4433,5.2132,0.0,0.0,0.0167,0.6449,0.042,0.9135,0.0536,0.9878,1.3501,0.0033,SVC,0.8566032461758956,0.8557296701413468,0.8568804512523963,0.8570791476030768,0.8574762060531805,0.8566497303185594,0.8538897706862221,0.8557502307861955,0.8580853824793648
bank,pdays,3074.0,0.4561,0.1071,-1.0,871.0,39.7279,-1.0,99.861,2.7615,8.4588,0.0,0.0,0.0072,0.566,0.0158,0.8986,0.0203,0.9847,1.3892,0.0028,DecisionTree,0.8704629336722433,0.8700464179288377,0.8650495006245541,0.8703139247007801,0.8666363508004202,0.8667329181544626,0.8711231231218155,0.8694485519068462,0.8665547328456534
bank,pdays,3074.0,0.4561,0.1071,-1.0,871.0,39.7279,-1.0,99.861,2.7615,8.4588,0.0,0.0,0.0072,0.566,0.0158,0.8986,0.0203,0.9847,1.3892,0.0028,LogisticRegression,0.8579266468838375,0.8575184651473718,0.8569696457312026,0.85762780107573,0.8578374420171178,0.8565259793620853,0.8580120837489791,0.8571136163938129,0.8563261890988401
bank,pdays,3074.0,0.4561,0.1071,-1.0,871.0,39.7279,-1.0,99.861,2.7615,8.4588,0.0,0.0,0.0072,0.566,0.0158,0.8986,0.0203,0.9847,1.3892,0.0028,KNN,0.8595747407394088,0.8600466890943423,0.8601855579806204,0.8606546044461896,0.8602314551796009,0.8575027753417126,0.858090434952519,0.8604399362838119,0.8602842620873603
bank,pdays,3074.0,0.4561,0.1071,-1.0,871.0,39.7279,-1.0,99.861,2.7615,8.4588,0.0,0.0,0.0072,0.566,0.0158,0.8986,0.0203,0.9847,1.3892,0.0028,RandomForest,0.866763970478387,0.8605026197319702,0.8600752589075231,0.8621829366105939,0.8617580639842075,0.8642074522727043,0.863719095111464,0.8643252727514967,0.8678440546204521
bank,pdays,3074.0,0.4561,0.1071,-1.0,871.0,39.7279,-1.0,99.861,2.7615,8.4588,0.0,0.0,0.0072,0.566,0.0158,0.8986,0.0203,0.9847,1.3892,0.0028,AdaBoost,0.8677475722398084,0.8647686105370214,0.8677118283949922,0.8619434785145961,0.8629768448419355,0.8613102101094705,0.8656804362246866,0.8620902475311918,0.863208624383434
bank,pdays,3074.0,0.4561,0.1071,-1.0,871.0,39.7279,-1.0,99.861,2.7615,8.4588,0.0,0.0,0.0072,0.566,0.0158,0.8986,0.0203,0.9847,1.3892,0.0028,SVC,0.8603796777512042,0.8595158503739898,0.8533509232607155,0.8576938625069032,0.8576920424059583,0.8578726980517198,0.857222627469659,0.8555646845376171,0.8566061325544339
bank,pdays,3074.0,0.3988,0.1066,-1.0,804.0,40.8523,-1.0,100.815,2.6432,7.2521,0.0,0.0,0.0312,0.622,0.0523,0.9024,0.0664,0.9853,1.4278,0.0023,DecisionTree,0.863251852671209,0.8648611594935164,0.8683319723740903,0.8623755117541962,0.867046927000332,0.8689528573532033,0.8670969475909962,0.8682476508692769,0.8650461328444765
bank,pdays,3074.0,0.3988,0.1066,-1.0,804.0,40.8523,-1.0,100.815,2.6432,7.2521,0.0,0.0,0.0312,0.622,0.0523,0.9024,0.0664,0.9853,1.4278,0.0023,LogisticRegression,0.8551931059280304,0.8551931059280304,0.8548932239489841,0.8564730249563494,0.8560204465517806,0.8558666999306588,0.8547324187915035,0.8562581783737649,0.8558666999306588
bank,pdays,3074.0,0.3988,0.1066,-1.0,804.0,40.8523,-1.0,100.815,2.6432,7.2521,0.0,0.0,0.0312,0.622,0.0523,0.9024,0.0664,0.9853,1.4278,0.0023,KNN,0.860755581903044,0.8582290160648467,0.8597457871279546,0.8611741345838811,0.859291855040438,0.858451316147795,0.8578627142449184,0.8608541481078147,0.8583831671034494
bank,pdays,3074.0,0.3988,0.1066,-1.0,804.0,40.8523,-1.0,100.815,2.6432,7.2521,0.0,0.0,0.0312,0.622,0.0523,0.9024,0.0664,0.9853,1.4278,0.0023,RandomForest,0.8664632709208608,0.865476535741619,0.8631126126363229,0.8665078442460566,0.8658426594635502,0.8660365825144373,0.8675891453569164,0.8684654480907931,0.8657287031658241
bank,pdays,3074.0,0.3988,0.1066,-1.0,804.0,40.8523,-1.0,100.815,2.6432,7.2521,0.0,0.0,0.0312,0.622,0.0523,0.9024,0.0664,0.9853,1.4278,0.0023,AdaBoost,0.8655538169772556,0.8619057262707978,0.8658790267140377,0.8641791310371975,0.8649653855101127,0.8629602940651973,0.8640245728545168,0.861995829239486,0.8566455499170965
bank,pdays,3074.0,0.3988,0.1066,-1.0,804.0,40.8523,-1.0,100.815,2.6432,7.2521,0.0,0.0,0.0312,0.622,0.0523,0.9024,0.0664,0.9853,1.4278,0.0023,SVC,0.8591006268578314,0.8587183591562513,0.854968896764406,0.8565980914987665,0.8540567238075952,0.8559850868322141,0.8590939856106359,0.8557648494536237,0.8582779398903773
bank,pdays,3074.0,0.3621,0.0994,-1.0,683.0,39.0138,-1.0,95.981,2.5597,6.2335,0.0,0.0,0.0297,0.6178,0.0362,0.9058,0.0462,0.986,1.4213,0.0024,DecisionTree,0.8682286744966229,0.862394899807147,0.8620054394956143,0.8689979628634054,0.8662236422871491,0.8689916492404071,0.8674113915183784,0.8674902200628651,0.8684715256890252
bank,pdays,3074.0,0.3621,0.0994,-1.0,683.0,39.0138,-1.0,95.981,2.5597,6.2335,0.0,0.0,0.0297,0.6178,0.0362,0.9058,0.0462,0.986,1.4213,0.0024,LogisticRegression,0.8563613091667336,0.8567814556655394,0.8558338187601019,0.8560378777118336,0.8558373631467239,0.8556866811319157,0.8561113403905307,0.8563271981694565,0.8556866811319157
bank,pdays,3074.0,0.3621,0.0994,-1.0,683.0,39.0138,-1.0,95.981,2.5597,6.2335,0.0,0.0,0.0297,0.6178,0.0362,0.9058,0.0462,0.986,1.4213,0.0024,KNN,0.8572723452728108,0.8573805233748916,0.8594584078010931,0.8599596171945625,0.861626447570965,0.8588742767543608,0.8570450535541368,0.8581669069757386,0.8594960194007667
bank,pdays,3074.0,0.3621,0.0994,-1.0,683.0,39.0138,-1.0,95.981,2.5597,6.2335,0.0,0.0,0.0297,0.6178,0.0362,0.9058,0.0462,0.986,1.4213,0.0024,RandomForest,0.8582318382187664,0.8580314197320162,0.8615369434661099,0.8627541293543388,0.8655871626489688,0.8628090528720589,0.8661225777886263,0.861467303415005,0.8602497699665484
bank,pdays,3074.0,0.3621,0.0994,-1.0,683.0,39.0138,-1.0,95.981,2.5597,6.2335,0.0,0.0,0.0297,0.6178,0.0362,0.9058,0.0462,0.986,1.4213,0.0024,AdaBoost,0.8671055971586601,0.8737337133662024,0.8667392092302155,0.8658323541418177,0.8658421006543625,0.8688517801730169,0.8655369940156507,0.8673839343248301,0.8647804445593212
bank,pdays,3074.0,0.3621,0.0994,-1.0,683.0,39.0138,-1.0,95.981,2.5597,6.2335,0.0,0.0,0.0297,0.6178,0.0362,0.9058,0.0462,0.986,1.4213,0.0024,SVC,0.8533686242554299,0.8527748912748444,0.8570576270290584,0.8564520445205716,0.8579130373246937,0.8566067824486603,0.8543135391595137,0.8530263821411308,0.8564241573834823
bank,pdays,3074.0,0.3074,0.0963,-1.0,804.0,40.4345,-1.0,100.2426,2.6633,7.3991,0.0,0.0,0.0082,0.592,0.0213,0.9008,0.0273,0.985,1.436,0.0022,DecisionTree,0.8702388604303024,0.8736871079559365,0.8660577787570694,0.8687462794968661,0.8696701517662682,0.878274424607425,0.8713581398350325,0.8715353698690308,0.871217616738131
bank,pdays,3074.0,0.3074,0.0963,-1.0,804.0,40.4345,-1.0,100.2426,2.6633,7.3991,0.0,0.0,0.0082,0.592,0.0213,0.9008,0.0273,0.985,1.436,0.0022,LogisticRegression,0.856334175153612,0.856334175153612,0.8568893316421,0.8566815212806812,0.8568893316421,0.8561083768078913,0.8557065640513886,0.8563779302905131,0.8560589058043139
bank,pdays,3074.0,0.3074,0.0963,-1.0,804.0,40.4345,-1.0,100.2426,2.6633,7.3991,0.0,0.0,0.0082,0.592,0.0213,0.9008,0.0273,0.985,1.436,0.0022,KNN,0.861154866094987,0.863110570484287,0.8612143579109356,0.8643004849356252,0.8624319567742693,0.8602627216816162,0.8599803023088625,0.8606198950268655,0.861396839757727
bank,pdays,3074.0,0.3074,0.0963,-1.0,804.0,40.4345,-1.0,100.2426,2.6633,7.3991,0.0,0.0,0.0082,0.592,0.0213,0.9008,0.0273,0.985,1.436,0.0022,RandomForest,0.8609509850150753,0.8662470709810184,0.8640639217181252,0.8651224069729572,0.8696890052112791,0.8653950616987566,0.8633271319411138,0.8609276402395327,0.8624990675941175
bank,pdays,3074.0,0.3074,0.0963,-1.0,804.0,40.4345,-1.0,100.2426,2.6633,7.3991,0.0,0.0,0.0082,0.592,0.0213,0.9008,0.0273,0.985,1.436,0.0022,AdaBoost,0.8662467672048502,0.8699850662686471,0.8647346969031453,0.8652296278027254,0.8668808836104553,0.8673655116947848,0.8672797530704138,0.868340547997715,0.8698416164876509
bank,pdays,3074.0,0.3074,0.0963,-1.0,804.0,40.4345,-1.0,100.2426,2.6633,7.3991,0.0,0.0,0.0082,0.592,0.0213,0.9008,0.0273,0.985,1.436,0.0022,SVC,0.8643022754347216,0.8663311959162889,0.8597557745245225,0.8613724003098526,0.8603467390642504,0.8607803805805475,0.8622382764846844,0.8601631489374876,0.8582921401710383
bank,pdays,3074.0,0.2521,0.094,-1.0,804.0,38.3549,-1.0,97.3296,2.7032,7.5457,0.0,0.0,0.0175,0.6022,0.0269,0.9069,0.0342,0.9867,1.3873,0.002,DecisionTree,0.8669760622782353,0.8691630231174905,0.8677369735636269,0.868636508970794,0.8605880941234108,0.8655085509555452,0.8675515706832356,0.8686534831012399,0.8656784267183746
bank,pdays,3074.0,0.2521,0.094,-1.0,804.0,38.3549,-1.0,97.3296,2.7032,7.5457,0.0,0.0,0.0175,0.6022,0.0269,0.9069,0.0342,0.9867,1.3873,0.002,LogisticRegression,0.8565754285641749,0.8561711155676044,0.8547069286044128,0.8549168822578778,0.8549168822578778,0.8559043039594683,0.8563761521679005,0.855966622788179,0.8552207982289611
bank,pdays,3074.0,0.2521,0.094,-1.0,804.0,38.3549,-1.0,97.3296,2.7032,7.5457,0.0,0.0,0.0175,0.6022,0.0269,0.9069,0.0342,0.9867,1.3873,0.002,KNN,0.86258029524872,0.8623084161591649,0.8616860500283211,0.8624804919591038,0.8621468816003272,0.8631226831049457,0.8590150697946083,0.8622926670461799,0.8619973668706461
bank,pdays,3074.0,0.2521,0.094,-1.0,804.0,38.3549,-1.0,97.3296,2.7032,7.5457,0.0,0.0,0.0175,0.6022,0.0269,0.9069,0.0342,0.9867,1.3873,0.002,RandomForest,0.8579585189564921,0.8592066942747749,0.8591682401380815,0.8611235199070648,0.865604017716094,0.8574606271931504,0.8573004447618676,0.8618739107873625,0.8576899592561004
bank,pdays,3074.0,0.2521,0.094,-1.0,804.0,38.3549,-1.0,97.3296,2.7032,7.5457,0.0,0.0,0.0175,0.6022,0.0269,0.9069,0.0342,0.9867,1.3873,0.002,AdaBoost,0.8655629694530205,0.8670774481529451,0.8682948644036801,0.8703500249654779,0.86420484198853,0.8667891922884898,0.8679862676403696,0.8670729594080961,0.8644292290493854
bank,pdays,3074.0,0.2521,0.094,-1.0,804.0,38.3549,-1.0,97.3296,2.7032,7.5457,0.0,0.0,0.0175,0.6022,0.0269,0.9069,0.0342,0.9867,1.3873,0.002,SVC,0.8540681136851613,0.8530653275855694,0.8535097517827551,0.8562273839269064,0.8566379418969324,0.8567720230337917,0.8534839670386949,0.8537373180998632,0.8555255330418107
bank,pdays,3074.0,0.1958,0.093,-1.0,871.0,39.82,-1.0,99.2862,2.7386,8.3807,0.0,0.0,0.0042,0.6014,0.0287,0.9033,0.0369,0.9857,1.426,0.0017,DecisionTree,0.8674129224301926,0.8701488493655103,0.8695832060567533,0.8692644008676791,0.8721220959747126,0.8744866535556215,0.8659468455953138,0.8690043389552592,0.8692891839436674
bank,pdays,3074.0,0.1958,0.093,-1.0,871.0,39.82,-1.0,99.2862,2.7386,8.3807,0.0,0.0,0.0042,0.6014,0.0287,0.9033,0.0369,0.9857,1.426,0.0017,LogisticRegression,0.8566888170769903,0.8568893316421,0.8562598256047056,0.8564652429669085,0.8564652429669085,0.8563289208063973,0.8562248908112523,0.8560265532023462,0.8561211104449785
bank,pdays,3074.0,0.1958,0.093,-1.0,871.0,39.82,-1.0,99.2862,2.7386,8.3807,0.0,0.0,0.0042,0.6014,0.0287,0.9033,0.0369,0.9857,1.426,0.0017,KNN,0.8611930420418079,0.860433506764713,0.8629570310154473,0.8624872423995946,0.863071408387058,0.8608717267340957,0.8627727012156583,0.8617180929195417,0.8613199923961314
bank,pdays,3074.0,0.1958,0.093,-1.0,871.0,39.82,-1.0,99.2862,2.7386,8.3807,0.0,0.0,0.0042,0.6014,0.0287,0.9033,0.0369,0.9857,1.426,0.0017,RandomForest,0.866173067046198,0.8653104040755916,0.8649502945946514,0.868846839609219,0.8672362463202814,0.8712892780659534,0.8681951576530975,0.8660390991067963,0.8680376543858265
bank,pdays,3074.0,0.1958,0.093,-1.0,871.0,39.82,-1.0,99.2862,2.7386,8.3807,0.0,0.0,0.0042,0.6014,0.0287,0.9033,0.0369,0.9857,1.426,0.0017,AdaBoost,0.8625736063392103,0.8676655782334547,0.8667272026789563,0.8645600817214987,0.8648892112081933,0.8641602961685027,0.8656889069611573,0.8618772993351117,0.8668703609437052
bank,pdays,3074.0,0.1958,0.093,-1.0,871.0,39.82,-1.0,99.2862,2.7386,8.3807,0.0,0.0,0.0042,0.6014,0.0287,0.9033,0.0369,0.9857,1.426,0.0017,SVC,0.855740290637861,0.8559986517690625,0.8599299049589947,0.8595100747581712,0.8601267833708346,0.856595527095212,0.8572472149299111,0.8572470014893215,0.8553959404189092
bank,pdays,3074.0,0.1643,0.0911,-1.0,871.0,38.5204,-1.0,97.8581,2.7955,8.7602,0.0,0.0,0.0007,0.6038,0.0314,0.9073,0.04,0.9867,1.4059,0.0017,DecisionTree,0.8686274977512265,0.8686274977512265,0.8704519711812011,0.8672182882796617,0.8670202551870724,0.870559960212562,0.8700334299855165,0.8689335091668484,0.8716539045170294
bank,pdays,3074.0,0.1643,0.0911,-1.0,871.0,38.5204,-1.0,97.8581,2.7955,8.7602,0.0,0.0,0.0007,0.6038,0.0314,0.9073,0.04,0.9867,1.4059,0.0017,LogisticRegression,0.8557922681709164,0.855991141614825,0.8551324316108511,0.855592991774642,0.8546758769877429,0.8557922681709164,0.8564567090017641,0.8560000785323352,0.8558008021360608
bank,pdays,3074.0,0.1643,0.0911,-1.0,871.0,38.5204,-1.0,97.8581,2.7955,8.7602,0.0,0.0,0.0007,0.6038,0.0314,0.9073,0.04,0.9867,1.4059,0.0017,KNN,0.8612676397188564,0.8613879643578882,0.8624358700220128,0.8626292261054161,0.8618101253249295,0.8643652383062668,0.8615945925057618,0.8598589051721527,0.8631240038435055
bank,pdays,3074.0,0.1643,0.0911,-1.0,871.0,38.5204,-1.0,97.8581,2.7955,8.7602,0.0,0.0,0.0007,0.6038,0.0314,0.9073,0.04,0.9867,1.4059,0.0017,RandomForest,0.8666740534798243,0.8651643200139294,0.8668691672518067,0.8655773246976873,0.8680211063476204,0.8630678274757301,0.8645929119637292,0.863936322819689,0.8632440788565895
bank,pdays,3074.0,0.1643,0.0911,-1.0,871.0,38.5204,-1.0,97.8581,2.7955,8.7602,0.0,0.0,0.0007,0.6038,0.0314,0.9073,0.04,0.9867,1.4059,0.0017,AdaBoost,0.8656156049194853,0.8650759088170714,0.8637578172603547,0.8687001993574164,0.8665345697055071,0.865099267034112,0.8644284169455152,0.866027010923441,0.8662243471223021
bank,pdays,3074.0,0.1643,0.0911,-1.0,871.0,38.5204,-1.0,97.8581,2.7955,8.7602,0.0,0.0,0.0007,0.6038,0.0314,0.9073,0.04,0.9867,1.4059,0.0017,SVC,0.8590976760026435,0.857238364041225,0.8568105584588851,0.8568393266200559,0.8572865655158756,0.857292634564853,0.8554108942332528,0.855395168173628,0.8570541843510513
bank,pdays,3074.0,0.1002,0.0864,-1.0,871.0,38.2505,-1.0,97.39,2.8181,8.9645,0.0,0.0,0.0172,0.603,0.0336,0.9079,0.043,0.9868,1.411,0.0016,DecisionTree,0.8680844857335227,0.8710822635173876,0.8673795358536167,0.8705328808141617,0.8674781942233238,0.8729429126979706,0.8684394040650817,0.866335068094052,0.870844844712856
bank,pdays,3074.0,0.1002,0.0864,-1.0,871.0,38.2505,-1.0,97.39,2.8181,8.9645,0.0,0.0,0.0172,0.603,0.0336,0.9079,0.043,0.9868,1.411,0.0016,LogisticRegression,0.8563040790827459,0.8565094964449488,0.85605691804038,0.8553383528112194,0.8553383528112194,0.8556515363789358,0.8562574326054897,0.8562574326054897,0.8558569537411387
bank,pdays,3074.0,0.1002,0.0864,-1.0,871.0,38.2505,-1.0,97.39,2.8181,8.9645,0.0,0.0,0.0172,0.603,0.0336,0.9079,0.043,0.9868,1.411,0.0016,KNN,0.8594168141932251,0.8619097638364157,0.8624997211778855,0.8633781733922341,0.8629010388171808,0.8617133703276806,0.861475412352398,0.8625170135464872,0.861915795576131
bank,pdays,3074.0,0.1002,0.0864,-1.0,871.0,38.2505,-1.0,97.39,2.8181,8.9645,0.0,0.0,0.0172,0.603,0.0336,0.9079,0.043,0.9868,1.411,0.0016,RandomForest,0.8617738527197316,0.859781297860909,0.8603986869130973,0.8625965357384481,0.8648894912465745,0.8609743343801511,0.8611674471826143,0.8605400196735329,0.8614460113867075
bank,pdays,3074.0,0.1002,0.0864,-1.0,871.0,38.2505,-1.0,97.39,2.8181,8.9645,0.0,0.0,0.0172,0.603,0.0336,0.9079,0.043,0.9868,1.411,0.0016,AdaBoost,0.862144624850286,0.862397381384913,0.8655293412942476,0.8673186936090731,0.8649228771959389,0.8658101775504825,0.8668910920639151,0.8650100438824787,0.8644433205711044
bank,pdays,3074.0,0.1002,0.0864,-1.0,871.0,38.2505,-1.0,97.39,2.8181,8.9645,0.0,0.0,0.0172,0.603,0.0336,0.9079,0.043,0.9868,1.411,0.0016,SVC,0.8553939141148874,0.8551885904598067,0.8553652029270324,0.8562359095317006,0.8549589512414318,0.8580990065666744,0.8558249842925039,0.8553830265380553,0.856853951562436
bank,pdays,3074.0,0.0455,0.0835,-1.0,871.0,38.7836,-1.0,97.2995,2.6546,7.2709,0.0,0.0,0.0087,0.6126,0.0309,0.9063,0.0394,0.9864,1.4204,0.0015,DecisionTree,0.8687169081719771,0.8687729079894706,0.8691186319695573,0.8667007769545777,0.8675483103236806,0.8690665666355155,0.869269061756816,0.8683362947162139,0.8696900309010981
bank,pdays,3074.0,0.0455,0.0835,-1.0,871.0,38.7836,-1.0,97.2995,2.6546,7.2709,0.0,0.0,0.0087,0.6126,0.0309,0.9063,0.0394,0.9864,1.4204,0.0015,LogisticRegression,0.8565194603258497,0.8562647284017988,0.8564652429669085,0.8566645193631829,0.8564652429669085,0.8560057243998618,0.8562647284017988,0.8565194603258497,0.8560057243998618
bank,pdays,3074.0,0.0455,0.0835,-1.0,871.0,38.7836,-1.0,97.2995,2.6546,7.2709,0.0,0.0,0.0087,0.6126,0.0309,0.9063,0.0394,0.9864,1.4204,0.0015,KNN,0.8623194732030891,0.8622732611661912,0.8624567843313204,0.8630903932825499,0.8626601462569234,0.8619965732594955,0.8630790631080745,0.8618007502319106,0.8626623968586992
bank,pdays,3074.0,0.0455,0.0835,-1.0,871.0,38.7836,-1.0,97.2995,2.6546,7.2709,0.0,0.0,0.0087,0.6126,0.0309,0.9063,0.0394,0.9864,1.4204,0.0015,RandomForest,0.865259509522921,0.8665038897597463,0.8640650851150927,0.8660009169310543,0.8688295174340376,0.8646712456293263,0.8661297946572746,0.8669705496812223,0.8659244249088094
bank,pdays,3074.0,0.0455,0.0835,-1.0,871.0,38.7836,-1.0,97.2995,2.6546,7.2709,0.0,0.0,0.0087,0.6126,0.0309,0.9063,0.0394,0.9864,1.4204,0.0015,AdaBoost,0.86363514096746,0.8649033892236535,0.8637976695944046,0.8640006529880162,0.8636397170751324,0.866282782770825,0.8636590928148195,0.8678712815522506,0.8654636936040986
bank,pdays,3074.0,0.0455,0.0835,-1.0,871.0,38.7836,-1.0,97.2995,2.6546,7.2709,0.0,0.0,0.0087,0.6126,0.0309,0.9063,0.0394,0.9864,1.4204,0.0015,SVC,0.8567961230774057,0.8561803650193863,0.8580873957130061,0.8574409025985237,0.8568022392900576,0.858071535040829,0.8564071219221907,0.858067656836233,0.8584784613300336
bank,previous,3074.0,0.4922,0.0102,0.0,23.0,0.5778,0.0,1.7409,5.4796,45.4003,0.0,0.0,0.0025,0.6001,0.0377,0.906,0.048,0.9863,0.8307,0.4124,DecisionTree,0.8697266632466955,0.861969190859625,0.8676398475689453,0.8693236920188946,0.8706557270448055,0.8661887866348662,0.8684681548528532,0.8698612165803722,0.8683511961425652
bank,previous,3074.0,0.4922,0.0102,0.0,23.0,0.5778,0.0,1.7409,5.4796,45.4003,0.0,0.0,0.0025,0.6001,0.0377,0.906,0.048,0.9863,0.8307,0.4124,LogisticRegression,0.855789692956962,0.8553650336983467,0.8571521018050878,0.8589614852032826,0.8577997813827749,0.8553650336983467,0.8559945397357412,0.8559945397357412,0.8553650336983467
bank,previous,3074.0,0.4922,0.0102,0.0,23.0,0.5778,0.0,1.7409,5.4796,45.4003,0.0,0.0,0.0025,0.6001,0.0377,0.906,0.048,0.9863,0.8307,0.4124,KNN,0.8606242777107774,0.8631213560274167,0.8599853006844063,0.859958252480719,0.8603914253593394,0.8641710067478173,0.8595275490284994,0.8617242055316443,0.863191800734229
bank,previous,3074.0,0.4922,0.0102,0.0,23.0,0.5778,0.0,1.7409,5.4796,45.4003,0.0,0.0,0.0025,0.6001,0.0377,0.906,0.048,0.9863,0.8307,0.4124,RandomForest,0.8616769662214067,0.8630853720429777,0.8617186858779511,0.8616736738952374,0.8676285209655779,0.8653645553416677,0.8645048844809957,0.8652709044560521,0.8639945109632963
bank,previous,3074.0,0.4922,0.0102,0.0,23.0,0.5778,0.0,1.7409,5.4796,45.4003,0.0,0.0,0.0025,0.6001,0.0377,0.906,0.048,0.9863,0.8307,0.4124,AdaBoost,0.865145314383332,0.8598795421137857,0.8657107289452601,0.8621866755950569,0.8635145089543403,0.864495644866142,0.8647410601636758,0.8631736913279523,0.8672890975455437
bank,previous,3074.0,0.4922,0.0102,0.0,23.0,0.5778,0.0,1.7409,5.4796,45.4003,0.0,0.0,0.0025,0.6001,0.0377,0.906,0.048,0.9863,0.8307,0.4124,SVC,0.8593251427368489,0.8610185676215116,0.8618340024986884,0.8593314258247121,0.8593322290775528,0.8587017311441071,0.8591049389106288,0.8569783557482816,0.8553072242294785
bank,previous,3074.0,0.4353,0.0098,0.0,23.0,0.5518,0.0,1.6837,5.4497,44.9987,0.0,0.0,0.0097,0.5835,0.0186,0.9051,0.0237,0.9862,0.8169,0.364,DecisionTree,0.8695092217751481,0.8710820761733101,0.8664084531758733,0.8699664701001073,0.8681426248488165,0.8700682459229656,0.8689126061504651,0.8697705699490708,0.870792807888084
bank,previous,3074.0,0.4353,0.0098,0.0,23.0,0.5518,0.0,1.6837,5.4497,44.9987,0.0,0.0,0.0097,0.5835,0.0186,0.9051,0.0237,0.9862,0.8169,0.364,LogisticRegression,0.8557725918428692,0.8553021319224836,0.856495652932681,0.8573939720089205,0.858102477091637,0.8553021319224836,0.8557725918428692,0.8555267682666285,0.8580119449363319
bank,previous,3074.0,0.4353,0.0098,0.0,23.0,0.5518,0.0,1.6837,5.4497,44.9987,0.0,0.0,0.0097,0.5835,0.0186,0.9051,0.0237,0.9862,0.8169,0.364,KNN,0.860381248842017,0.859361282592569,0.8616366281983263,0.8582897281164802,0.8589112352810375,0.8587497813828521,0.8588701614191468,0.8572196610353925,0.8574042369987014
bank,previous,3074.0,0.4353,0.0098,0.0,23.0,0.5518,0.0,1.6837,5.4497,44.9987,0.0,0.0,0.0097,0.5835,0.0186,0.9051,0.0237,0.9862,0.8169,0.364,RandomForest,0.8683456480221865,0.8674069949686597,0.8715217308969888,0.8679673174270996,0.8686319424786784,0.8695236538262809,0.8693147182342278,0.8670194858561765,0.8714069663631211
bank,previous,3074.0,0.4353,0.0098,0.0,23.0,0.5518,0.0,1.6837,5.4497,44.9987,0.0,0.0,0.0097,0.5835,0.0186,0.9051,0.0237,0.9862,0.8169,0.364,AdaBoost,0.8653712805362028,0.8666330950025031,0.8653174028000826,0.8610419534471261,0.8669454485636033,0.8635352826823918,0.8628170847931745,0.8642572298131705,0.8674286528539652
bank,previous,3074.0,0.4353,0.0098,0.0,23.0,0.5518,0.0,1.6837,5.4497,44.9987,0.0,0.0,0.0097,0.5835,0.0186,0.9051,0.0237,0.9862,0.8169,0.364,SVC,0.8595450674014871,0.8570749759559623,0.8581103900123535,0.8568710674792417,0.8593356310055533,0.8574667833636809,0.8570730028475013,0.8562595254157932,0.8580842908523876
bank,previous,3074.0,0.3988,0.0092,0.0,22.0,0.5189,0.0,1.5899,5.4949,44.3982,0.0,0.0,0.0249,0.6011,0.0322,0.9082,0.0408,0.987,0.7929,0.3611,DecisionTree,0.8692925288867177,0.8688755640581629,0.8693879340928012,0.8664048928753341,0.8688285662165546,0.871345519282279,0.8704867259213401,0.8721261321721907,0.8699314168734488
bank,previous,3074.0,0.3988,0.0092,0.0,22.0,0.5189,0.0,1.5899,5.4949,44.3982,0.0,0.0,0.0249,0.6011,0.0322,0.9082,0.0408,0.987,0.7929,0.3611,LogisticRegression,0.8567226035647282,0.8571768610608111,0.8571913455102507,0.8578840902198837,0.8574239409336297,0.8567182979949147,0.8571768610608111,0.856058623136629,0.8574241432645814
bank,previous,3074.0,0.3988,0.0092,0.0,22.0,0.5189,0.0,1.5899,5.4949,44.3982,0.0,0.0,0.0249,0.6011,0.0322,0.9082,0.0408,0.987,0.7929,0.3611,KNN,0.8612585518632833,0.8576264434652584,0.8606111725290431,0.858419286056711,0.8590824646775223,0.8582866630035273,0.8589440213046439,0.8583049680222983,0.8601653831780453
bank,previous,3074.0,0.3988,0.0092,0.0,22.0,0.5189,0.0,1.5899,5.4949,44.3982,0.0,0.0,0.0249,0.6011,0.0322,0.9082,0.0408,0.987,0.7929,0.3611,RandomForest,0.8710020593457358,0.8694669225000007,0.8714851680212683,0.870908152594149,0.8657504937089766,0.868535614597361,0.8713370506480598,0.8664342604162897,0.8697596394179611
bank,previous,3074.0,0.3988,0.0092,0.0,22.0,0.5189,0.0,1.5899,5.4949,44.3982,0.0,0.0,0.0249,0.6011,0.0322,0.9082,0.0408,0.987,0.7929,0.3611,AdaBoost,0.8612318834038427,0.8641817292739039,0.8609524492984866,0.8588712654980545,0.862585667792369,0.8630641368060777,0.8609991763237785,0.8603935101064716,0.861345329504144
bank,previous,3074.0,0.3988,0.0092,0.0,22.0,0.5189,0.0,1.5899,5.4949,44.3982,0.0,0.0,0.0249,0.6011,0.0322,0.9082,0.0408,0.987,0.7929,0.3611,SVC,0.8548696837337231,0.8542194426775892,0.8596592354331725,0.8569721049884984,0.8562831041334262,0.8540287384243374,0.8549124518016279,0.8545619744611311,0.8550194202594579
bank,previous,3074.0,0.3478,0.009,0.0,23.0,0.5636,0.0,1.6389,5.1159,39.7224,0.0,0.0,0.0366,0.6101,0.0307,0.8981,0.039,0.9843,0.8401,0.3239,DecisionTree,0.8682552532069598,0.8596682382454238,0.8669940722620149,0.8722872921720919,0.8656457008459835,0.8616498274416537,0.8698916283390696,0.8698227546439432,0.867525829025265
bank,previous,3074.0,0.3478,0.009,0.0,23.0,0.5636,0.0,1.6389,5.1159,39.7224,0.0,0.0,0.0366,0.6101,0.0307,0.8981,0.039,0.9843,0.8401,0.3239,LogisticRegression,0.8560440718874358,0.8573559749776746,0.8559464011871363,0.856756676974752,0.8565154893626091,0.8569485389832621,0.8562429453313445,0.8561989519762438,0.8564935435708099
bank,previous,3074.0,0.3478,0.009,0.0,23.0,0.5636,0.0,1.6389,5.1159,39.7224,0.0,0.0,0.0366,0.6101,0.0307,0.8981,0.039,0.9843,0.8401,0.3239,KNN,0.8581856972947483,0.8629358878188342,0.86095010924456,0.8578204689113194,0.858640825147078,0.862993813923791,0.8564558225825112,0.8598318363425935,0.8612352827604768
bank,previous,3074.0,0.3478,0.009,0.0,23.0,0.5636,0.0,1.6389,5.1159,39.7224,0.0,0.0,0.0366,0.6101,0.0307,0.8981,0.039,0.9843,0.8401,0.3239,RandomForest,0.8708275068603739,0.8727518079570561,0.8706424557899453,0.871464054111277,0.8678191999674268,0.8727114372461648,0.8727547517780152,0.8653128856041366,0.872118886758243
bank,previous,3074.0,0.3478,0.009,0.0,23.0,0.5636,0.0,1.6389,5.1159,39.7224,0.0,0.0,0.0366,0.6101,0.0307,0.8981,0.039,0.9843,0.8401,0.3239,AdaBoost,0.8651158681106481,0.8651666753610242,0.8625240305134318,0.8622727541924726,0.8663941458357837,0.8667903929748878,0.865777023838684,0.8653638666749681,0.8651146895375326
bank,previous,3074.0,0.3478,0.009,0.0,23.0,0.5636,0.0,1.6389,5.1159,39.7224,0.0,0.0,0.0366,0.6101,0.0307,0.8981,0.039,0.9843,0.8401,0.3239,SVC,0.8548243916232385,0.8554833313846688,0.857594545788062,0.857437348976156,0.8568124051976406,0.8551031389345352,0.8540125211448402,0.8535916512282256,0.8561809777600939
bank,previous,3074.0,0.3107,0.0071,0.0,17.0,0.5092,0.0,1.4845,4.3074,23.8401,0.0,0.0,0.0263,0.6306,0.0392,0.9108,0.0496,0.9875,0.7899,0.4726,DecisionTree,0.8682530129641914,0.8673862734096982,0.8742610792484382,0.8730767539985,0.8728925216744352,0.8654792590529186,0.8678925789919577,0.8661098062531831,0.8622052480304031
bank,previous,3074.0,0.3107,0.0071,0.0,17.0,0.5092,0.0,1.4845,4.3074,23.8401,0.0,0.0,0.0263,0.6306,0.0392,0.9108,0.0496,0.9875,0.7899,0.4726,LogisticRegression,0.8562899415512927,0.8569314378691695,0.8566827621473584,0.8573342139958359,0.8575840183555272,0.8564957490479397,0.8558373631467239,0.8562899415512927,0.8571646431724993
bank,previous,3074.0,0.3107,0.0071,0.0,17.0,0.5092,0.0,1.4845,4.3074,23.8401,0.0,0.0,0.0263,0.6306,0.0392,0.9108,0.0496,0.9875,0.7899,0.4726,KNN,0.8550754255327655,0.8607994726329883,0.8607159784316152,0.8626330902780579,0.8607268336726924,0.861897973305779,0.8551677957232411,0.8560535554862103,0.8590900156227631
bank,previous,3074.0,0.3107,0.0071,0.0,17.0,0.5092,0.0,1.4845,4.3074,23.8401,0.0,0.0,0.0263,0.6306,0.0392,0.9108,0.0496,0.9875,0.7899,0.4726,RandomForest,0.8600794262228397,0.8585949759385705,0.8602830782128404,0.8605904024724353,0.8677390248286541,0.8599356899669931,0.8629573792165925,0.8603405974654368,0.8559328995360567
bank,previous,3074.0,0.3107,0.0071,0.0,17.0,0.5092,0.0,1.4845,4.3074,23.8401,0.0,0.0,0.0263,0.6306,0.0392,0.9108,0.0496,0.9875,0.7899,0.4726,AdaBoost,0.8651070640303132,0.8648274519518959,0.8671457437242138,0.8662208620356676,0.865054554753769,0.8607397444007284,0.8639283619740662,0.8625301693655809,0.86467815832853
bank,previous,3074.0,0.3107,0.0071,0.0,17.0,0.5092,0.0,1.4845,4.3074,23.8401,0.0,0.0,0.0263,0.6306,0.0392,0.9108,0.0496,0.9875,0.7899,0.4726,SVC,0.8548670555016735,0.8551009921908753,0.8569906790635361,0.8582543115845931,0.8582543115845931,0.8557474847766474,0.8535192382210139,0.8571861120819043,0.8564184347268908
bank,previous,3074.0,0.2482,0.0082,0.0,23.0,0.5604,0.0,1.7024,5.3724,42.6024,0.0,0.0,0.0279,0.6074,0.0283,0.9053,0.0358,0.9862,0.8226,0.29,DecisionTree,0.8686935775558611,0.8694854418109433,0.864651347060944,0.8721323342345833,0.8681843746730706,0.8672123046299697,0.8670003608937089,0.8685515558456257,0.8621520023762794
bank,previous,3074.0,0.2482,0.0082,0.0,23.0,0.5604,0.0,1.7024,5.3724,42.6024,0.0,0.0,0.0279,0.6074,0.0283,0.9053,0.0358,0.9862,0.8226,0.29,LogisticRegression,0.8558325805912665,0.8556326162920252,0.8560248887294634,0.8564522539845383,0.8564522539845383,0.8556326162920252,0.8558325805912665,0.8553650336983467,0.8556290813984757
bank,previous,3074.0,0.2482,0.0082,0.0,23.0,0.5604,0.0,1.7024,5.3724,42.6024,0.0,0.0,0.0279,0.6074,0.0283,0.9053,0.0358,0.9862,0.8226,0.29,KNN,0.8589481807005213,0.8600363907216636,0.8599167548819281,0.8611747496679794,0.8603452616796609,0.8594000577677978,0.8602002481012849,0.859144307709787,0.8603387963136752
bank,previous,3074.0,0.2482,0.0082,0.0,23.0,0.5604,0.0,1.7024,5.3724,42.6024,0.0,0.0,0.0279,0.6074,0.0283,0.9053,0.0358,0.9862,0.8226,0.29,RandomForest,0.8639622800297562,0.864606006532645,0.8624001873409526,0.8667329634471189,0.8666866852091044,0.8663787923611612,0.8670652092475528,0.8611907582317101,0.8658012442334195
bank,previous,3074.0,0.2482,0.0082,0.0,23.0,0.5604,0.0,1.7024,5.3724,42.6024,0.0,0.0,0.0279,0.6074,0.0283,0.9053,0.0358,0.9862,0.8226,0.29,AdaBoost,0.8619305370047786,0.8638262310631633,0.8619321309475855,0.8661801645535279,0.863983489898059,0.864190213770167,0.8637611652434505,0.8644005115476199,0.8596925216688701
bank,previous,3074.0,0.2482,0.0082,0.0,23.0,0.5604,0.0,1.7024,5.3724,42.6024,0.0,0.0,0.0279,0.6074,0.0283,0.9053,0.0358,0.9862,0.8226,0.29,SVC,0.8578695728748255,0.8589167035503483,0.8564262951023628,0.8564229442700257,0.8543482722509155,0.8574686181027861,0.8559968918454581,0.858081998013331,0.8564099020850446
bank,previous,3074.0,0.1978,0.0077,0.0,23.0,0.5401,0.0,1.6186,5.5607,47.4046,0.0,0.0,0.0347,0.6113,0.0377,0.9056,0.0479,0.9861,0.8191,0.2901,DecisionTree,0.8694130942612506,0.8674887945105575,0.8675593542943832,0.86820060555159,0.8683392418211955,0.8700618962227695,0.8720355849286967,0.8683345771142543,0.8704020170508218
bank,previous,3074.0,0.1978,0.0077,0.0,23.0,0.5401,0.0,1.6186,5.5607,47.4046,0.0,0.0,0.0347,0.6113,0.0377,0.9056,0.0479,0.9861,0.8191,0.2901,LogisticRegression,0.8573636710285074,0.8567182979949147,0.8573685738256006,0.8575690883907103,0.856918262294156,0.8565128806327118,0.8573636710285074,0.8571187768592657,0.8573685738256006
bank,previous,3074.0,0.1978,0.0077,0.0,23.0,0.5401,0.0,1.6186,5.5607,47.4046,0.0,0.0,0.0347,0.6113,0.0377,0.9056,0.0479,0.9861,0.8191,0.2901,KNN,0.8598105203545959,0.8597880780238842,0.8603593107826563,0.8587083791178177,0.8604002875449924,0.8593872723283162,0.8612763791477982,0.8608288390726597,0.860421248635655
bank,previous,3074.0,0.1978,0.0077,0.0,23.0,0.5401,0.0,1.6186,5.5607,47.4046,0.0,0.0,0.0347,0.6113,0.0377,0.9056,0.0479,0.9861,0.8191,0.2901,RandomForest,0.8667091030614024,0.8626204088976157,0.8654088338353427,0.8668420111373973,0.8660897260120868,0.8673740432707742,0.8629735244384067,0.8647210807091847,0.8661147746752704
bank,previous,3074.0,0.1978,0.0077,0.0,23.0,0.5401,0.0,1.6186,5.5607,47.4046,0.0,0.0,0.0347,0.6113,0.0377,0.9056,0.0479,0.9861,0.8191,0.2901,AdaBoost,0.8619306349729927,0.8645732394837087,0.866353036483021,0.8631038127498404,0.8621211618571534,0.8655512248718932,0.865564760720805,0.8611625844799916,0.8634218388226528
bank,previous,3074.0,0.1978,0.0077,0.0,23.0,0.5401,0.0,1.6186,5.5607,47.4046,0.0,0.0,0.0347,0.6113,0.0377,0.9056,0.0479,0.9861,0.8191,0.2901,SVC,0.8559346944579296,0.8561793839435741,0.8582841511343731,0.8585146229692321,0.8576822288741573,0.8561743052812275,0.8559729797541415,0.8578294268378284,0.8551703139857767
bank,previous,3074.0,0.1535,0.0069,0.0,23.0,0.5477,0.0,1.6461,5.3034,42.7419,0.0,0.0,0.0293,0.6013,0.0378,0.9051,0.048,0.9863,0.8136,0.3245,DecisionTree,0.8679491576831679,0.865781760099138,0.8697509267069969,0.8705411416362588,0.8667594701288294,0.8625125393077385,0.8663115049123054,0.8686834628502393,0.8709307462886143
bank,previous,3074.0,0.1535,0.0069,0.0,23.0,0.5477,0.0,1.6461,5.3034,42.7419,0.0,0.0,0.0293,0.6013,0.0378,0.9051,0.048,0.9863,0.8136,0.3245,LogisticRegression,0.8560550429317235,0.8564652429669085,0.8573588031242444,0.8569178213714773,0.8564522539845383,0.8559996755799696,0.8558008021360608,0.8560647641025575,0.8564652429669085
bank,previous,3074.0,0.1535,0.0069,0.0,23.0,0.5477,0.0,1.6461,5.3034,42.7419,0.0,0.0,0.0293,0.6013,0.0378,0.9051,0.048,0.9863,0.8136,0.3245,KNN,0.8602089798358411,0.8603067046200253,0.8606680623853818,0.8611430958903313,0.8611430958903313,0.8599415765882756,0.8590940795644455,0.8611830116762983,0.8598578814363398
bank,previous,3074.0,0.1535,0.0069,0.0,23.0,0.5477,0.0,1.6461,5.3034,42.7419,0.0,0.0,0.0293,0.6013,0.0378,0.9051,0.048,0.9863,0.8136,0.3245,RandomForest,0.8729241005716445,0.8718242868463729,0.870531919662496,0.867737193136292,0.8654422568027466,0.8708674514203296,0.8737929403843999,0.8696223699003728,0.8713243179370919
bank,previous,3074.0,0.1535,0.0069,0.0,23.0,0.5477,0.0,1.6461,5.3034,42.7419,0.0,0.0,0.0293,0.6013,0.0378,0.9051,0.048,0.9863,0.8136,0.3245,AdaBoost,0.861778862532014,0.86802129578889,0.862796106286351,0.86485966065571,0.8633148867429126,0.865260668885294,0.8658451371821317,0.863169958055314,0.8661777228221774
bank,previous,3074.0,0.1535,0.0069,0.0,23.0,0.5477,0.0,1.6461,5.3034,42.7419,0.0,0.0,0.0293,0.6013,0.0378,0.9051,0.048,0.9863,0.8136,0.3245,SVC,0.8580803323827906,0.8581020347464133,0.8584612471424582,0.8584783869562344,0.8597426376364654,0.857901618250612,0.8613949150374738,0.857462085771173,0.8580819454822926
bank,previous,3074.0,0.0982,0.0069,0.0,23.0,0.5379,0.0,1.6156,5.4185,44.5708,0.0,0.0,0.0325,0.6083,0.0313,0.9052,0.0397,0.9861,0.8167,0.2904,DecisionTree,0.8687380926994613,0.8628216770916022,0.8678542055247236,0.8716164633507406,0.8682552532069598,0.8671320836581873,0.8687380926994613,0.8696446004643202,0.8663978880891647
bank,previous,3074.0,0.0982,0.0069,0.0,23.0,0.5379,0.0,1.6156,5.4185,44.5708,0.0,0.0,0.0325,0.6083,0.0313,0.9052,0.0397,0.9861,0.8167,0.2904,LogisticRegression,0.8573423509693475,0.8564640047980732,0.8562647284017988,0.8562647284017988,0.8562647284017988,0.8564640047980732,0.8575428655344572,0.8560330951563763,0.8564640047980732
bank,previous,3074.0,0.0982,0.0069,0.0,23.0,0.5379,0.0,1.6156,5.4185,44.5708,0.0,0.0,0.0325,0.6083,0.0313,0.9052,0.0397,0.9861,0.8167,0.2904,KNN,0.860988042876482,0.8621132463273481,0.8624328098336049,0.8622714365119655,0.8635798487421936,0.8618921194174219,0.8611995127225225,0.8610162999592181,0.8616922846179279
bank,previous,3074.0,0.0982,0.0069,0.0,23.0,0.5379,0.0,1.6156,5.4185,44.5708,0.0,0.0,0.0325,0.6083,0.0313,0.9052,0.0397,0.9861,0.8167,0.2904,RandomForest,0.8663715287879659,0.8636669391413035,0.8654869303862567,0.8664107489345912,0.8669571262339795,0.8626268597584035,0.865927172194006,0.8631452085267755,0.8639196664912794
bank,previous,3074.0,0.0982,0.0069,0.0,23.0,0.5379,0.0,1.6156,5.4185,44.5708,0.0,0.0,0.0325,0.6083,0.0313,0.9052,0.0397,0.9861,0.8167,0.2904,AdaBoost,0.8645786930013989,0.8611349974496161,0.8638422192038987,0.8638971409073927,0.8664343395699765,0.8661775006549474,0.8655806395932619,0.8632452742236184,0.8680535798808493
bank,previous,3074.0,0.0982,0.0069,0.0,23.0,0.5379,0.0,1.6156,5.4185,44.5708,0.0,0.0,0.0325,0.6083,0.0313,0.9052,0.0397,0.9861,0.8167,0.2904,SVC,0.8562187064156144,0.8574553161852814,0.8553647377173343,0.8551744290313836,0.8553772130694606,0.8568491842271267,0.8564457300280799,0.8568103434744562,0.8572762917430113
bank,previous,3074.0,0.0488,0.0065,0.0,23.0,0.5308,0.0,1.5956,5.3929,44.5089,0.0,0.0,0.0263,0.6073,0.0377,0.9066,0.0479,0.9865,0.8088,0.2887,DecisionTree,0.8666930876971836,0.866262453946495,0.8676641444998029,0.8694392657490113,0.8700960819098309,0.865083620701443,0.8686882178612105,0.8684562856141371,0.8669265249574538
bank,previous,3074.0,0.0488,0.0065,0.0,23.0,0.5308,0.0,1.5956,5.3929,44.5089,0.0,0.0,0.0263,0.6073,0.0377,0.9066,0.0479,0.9865,0.8088,0.2887,LogisticRegression,0.8571187768592657,0.8566532094723268,0.8560647641025575,0.8564652429669085,0.8564652429669085,0.8566532094723268,0.8571187768592657,0.8573198543853482,0.8564522539845383
bank,previous,3074.0,0.0488,0.0065,0.0,23.0,0.5308,0.0,1.5956,5.3929,44.5089,0.0,0.0,0.0263,0.6073,0.0377,0.9066,0.0479,0.9865,0.8088,0.2887,KNN,0.8607957077267556,0.8607475160024614,0.8618165070414618,0.8620291456179218,0.8620291456179218,0.861161368273419,0.8612049731276272,0.8615522124701923,0.8615967190596997
bank,previous,3074.0,0.0488,0.0065,0.0,23.0,0.5308,0.0,1.5956,5.3929,44.5089,0.0,0.0,0.0263,0.6073,0.0377,0.9066,0.0479,0.9865,0.8088,0.2887,RandomForest,0.8690650325336162,0.8703815270891673,0.8663319063132808,0.8678467647890763,0.868923039591347,0.8666437820404372,0.8687901974184146,0.8690514840695474,0.8685751672272095
bank,previous,3074.0,0.0488,0.0065,0.0,23.0,0.5308,0.0,1.5956,5.3929,44.5089,0.0,0.0,0.0263,0.6073,0.0377,0.9066,0.0479,0.9865,0.8088,0.2887,AdaBoost,0.866634679211383,0.8667372942946141,0.8656324163251226,0.8664069924594147,0.8657911092212449,0.8696254564920524,0.8701666221004443,0.8645790488750814,0.8630298130977035
bank,previous,3074.0,0.0488,0.0065,0.0,23.0,0.5308,0.0,1.5956,5.3929,44.5089,0.0,0.0,0.0263,0.6073,0.0377,0.9066,0.0479,0.9865,0.8088,0.2887,SVC,0.8587026081447794,0.8564138293539315,0.8558317596338681,0.8557850791674018,0.8555874451687743,0.8566239657151324,0.8578880391989611,0.8578431255410405,0.8560012382044123
