name,column_name,n_tuples,missing_perc,uniqueness,min,max,mean,median,std,skewness,kurtosis,mad,iqr,p_min,p_max,k_min,k_max,s_min,s_max,entropy,density,ml_algorithm,impute_standard,impute_mean,impute_median,impute_random,impute_knn,impute_mice,impute_linear_regression,impute_random_forest,impute_cmeans
abalone,'Length',4177.0,0.4937,0.061,0.11,0.8,0.5239,0.54,0.1192,-0.5892,-0.0701,0.08,0.165,0.0,0.0,0.0,0.0,0.0,0.0,4.499,0.0057,DecisionTree,0.1644979433349884,0.16873410234352418,0.16818945249940392,0.16818945249940392,0.16818945249940392,0.1698304009354013,0.17457386284759882,0.16653352852035366,0.1717854737948061
abalone,'Length',4177.0,0.4937,0.061,0.11,0.8,0.5239,0.54,0.1192,-0.5892,-0.0701,0.08,0.165,0.0,0.0,0.0,0.0,0.0,0.0,4.499,0.0057,LogisticRegression,0.17427724408064563,0.15427868786130797,0.17557569112897922,0.17524923439482398,0.17382515022872735,0.17596031874134643,0.17933394562823063,0.15866314375706106,0.17651646733426918
abalone,'Length',4177.0,0.4937,0.061,0.11,0.8,0.5239,0.54,0.1192,-0.5892,-0.0701,0.08,0.165,0.0,0.0,0.0,0.0,0.0,0.0,4.499,0.0057,KNN,0.1689608775860551,0.16265464026627235,0.1678773037315384,0.1648170734898027,0.16469899099504914,0.15922907524735963,0.17435910219610698,0.16714080827282063,0.1614684310624332
abalone,'Length',4177.0,0.4937,0.061,0.11,0.8,0.5239,0.54,0.1192,-0.5892,-0.0701,0.08,0.165,0.0,0.0,0.0,0.0,0.0,0.0,4.499,0.0057,RandomForest,0.1744135902950061,0.1754474212180948,0.17532129290380083,0.17514639000381488,0.17600182683962973,0.17523444576968977,0.18403121074906018,0.17707113227967394,0.17318572103206142
abalone,'Length',4177.0,0.4937,0.061,0.11,0.8,0.5239,0.54,0.1192,-0.5892,-0.0701,0.08,0.165,0.0,0.0,0.0,0.0,0.0,0.0,4.499,0.0057,AdaBoost,0.09304654655812876,0.09302710903270334,0.0965497606737345,0.0965497606737345,0.0965497606737345,0.0965497606737345,0.0965497606737345,0.07284973294042707,0.0965497606737345
abalone,'Length',4177.0,0.4937,0.061,0.11,0.8,0.5239,0.54,0.1192,-0.5892,-0.0701,0.08,0.165,0.0,0.0,0.0,0.0,0.0,0.0,4.499,0.0057,SVC,0.17070347941352487,0.15314887935026264,0.1641960256342636,0.1637100331401995,0.163636221893971,0.16437846922631028,0.1621737762288171,0.16817645782640947,0.16541398981297284
abalone,'Length',4177.0,0.4412,0.0557,0.075,0.815,0.5224,0.54,0.1197,-0.6181,0.0352,0.08,0.165,0.0,0.0,0.0,0.0,0.0,0.0,4.5057,0.0056,DecisionTree,0.16599652932149367,0.16846899004897387,0.16793090409350736,0.1728597762188731,0.17312080387274076,0.1728609112387463,0.16946757276559762,0.16823429020249736,0.17069653103390933
abalone,'Length',4177.0,0.4412,0.0557,0.075,0.815,0.5224,0.54,0.1197,-0.6181,0.0352,0.08,0.165,0.0,0.0,0.0,0.0,0.0,0.0,4.5057,0.0056,LogisticRegression,0.17073284316085352,0.15626982452734767,0.17493107355178816,0.17374788632279825,0.17524979208410385,0.17483426983273145,0.1783709194872129,0.16810359957887547,0.17685071187744475
abalone,'Length',4177.0,0.4412,0.0557,0.075,0.815,0.5224,0.54,0.1197,-0.6181,0.0352,0.08,0.165,0.0,0.0,0.0,0.0,0.0,0.0,4.5057,0.0056,KNN,0.1712682032850096,0.15894824606521069,0.16409744278432228,0.1659359832341471,0.16469582041702627,0.16398552166024374,0.172349655117578,0.16829632645734244,0.16706447686142062
abalone,'Length',4177.0,0.4412,0.0557,0.075,0.815,0.5224,0.54,0.1197,-0.6181,0.0352,0.08,0.165,0.0,0.0,0.0,0.0,0.0,0.0,4.5057,0.0056,RandomForest,0.17733484302661856,0.17734188199344617,0.18396146080175457,0.18442117291326426,0.1843787967565794,0.18420480423840005,0.1873331098646537,0.1813663228073354,0.18339863609948795
abalone,'Length',4177.0,0.4412,0.0557,0.075,0.815,0.5224,0.54,0.1197,-0.6181,0.0352,0.08,0.165,0.0,0.0,0.0,0.0,0.0,0.0,4.5057,0.0056,AdaBoost,0.0862993838152719,0.0812876889026988,0.08512910078029176,0.08512910078029176,0.08512910078029176,0.08512910078029176,0.08512910078029176,0.0862993838152719,0.08512910078029176
abalone,'Length',4177.0,0.4412,0.0557,0.075,0.815,0.5224,0.54,0.1197,-0.6181,0.0352,0.08,0.165,0.0,0.0,0.0,0.0,0.0,0.0,4.5057,0.0056,SVC,0.1669215072441806,0.1557320975551298,0.16237702700340415,0.16300303725152807,0.1629236604531032,0.16332358846170192,0.16272130891873557,0.1628657295945467,0.16242749993504305
abalone,'Length',4177.0,0.4032,0.0521,0.075,0.8,0.5242,0.545,0.1199,-0.708,0.1745,0.075,0.16,0.0,0.0,0.0,0.0,0.0,0.0,4.4952,0.0053,DecisionTree,0.18467176755184458,0.190055926456905,0.1742088002354064,0.17428694054543326,0.1742088002354064,0.17418108144889222,0.17897341655231752,0.18219740176040738,0.1765519049751102
abalone,'Length',4177.0,0.4032,0.0521,0.075,0.8,0.5242,0.545,0.1199,-0.708,0.1745,0.075,0.16,0.0,0.0,0.0,0.0,0.0,0.0,4.4952,0.0053,LogisticRegression,0.17967962883883734,0.1761528448554432,0.18295954075336868,0.1814479177421952,0.1830111759957983,0.18274097973367284,0.18131823633297933,0.17395926026167924,0.18210109492601206
abalone,'Length',4177.0,0.4032,0.0521,0.075,0.8,0.5242,0.545,0.1199,-0.708,0.1745,0.075,0.16,0.0,0.0,0.0,0.0,0.0,0.0,4.4952,0.0053,KNN,0.1659850710047286,0.1633387252420041,0.166494938653936,0.1574432766796623,0.16150340933769522,0.16195548307604507,0.17420613005358734,0.17023785092055538,0.1672561135616674
abalone,'Length',4177.0,0.4032,0.0521,0.075,0.8,0.5242,0.545,0.1199,-0.708,0.1745,0.075,0.16,0.0,0.0,0.0,0.0,0.0,0.0,4.4952,0.0053,RandomForest,0.18598267528464388,0.18126254981060225,0.18546191734626521,0.18418139196079722,0.18592040595835316,0.18649417792124726,0.18981091661272367,0.18359420524808762,0.18626232578818633
abalone,'Length',4177.0,0.4032,0.0521,0.075,0.8,0.5242,0.545,0.1199,-0.708,0.1745,0.075,0.16,0.0,0.0,0.0,0.0,0.0,0.0,4.4952,0.0053,AdaBoost,0.10368237021094151,0.08771803644823879,0.09718825969543364,0.09718825969543364,0.09718825969543364,0.09718825969543364,0.0966313858096561,0.10413581762826808,0.09718825969543364
abalone,'Length',4177.0,0.4032,0.0521,0.075,0.8,0.5242,0.545,0.1199,-0.708,0.1745,0.075,0.16,0.0,0.0,0.0,0.0,0.0,0.0,4.4952,0.0053,SVC,0.1817148249491062,0.16507177734611314,0.1770842622149106,0.17708263520831558,0.17696903587654086,0.1770842622149106,0.1764650489803561,0.180402415824108,0.1770842622149106
abalone,'Length',4177.0,0.3443,0.0475,0.13,0.815,0.524,0.545,0.12,-0.6145,-0.0101,0.08,0.165,0.0,0.0,0.0,0.0,0.0,0.0,4.5078,0.0057,DecisionTree,0.18701862050862234,0.18706060011883904,0.18136788025816086,0.18182828085216857,0.18182828085216857,0.18109091572167862,0.18011479883370235,0.1796382749490643,0.18044038857901668
abalone,'Length',4177.0,0.3443,0.0475,0.13,0.815,0.524,0.545,0.12,-0.6145,-0.0101,0.08,0.165,0.0,0.0,0.0,0.0,0.0,0.0,4.5078,0.0057,LogisticRegression,0.182759533778632,0.18013657144991244,0.19041634871020083,0.19062614041721127,0.1910627585205008,0.19038388128936942,0.1911333924129211,0.1794896192366896,0.19135345814128152
abalone,'Length',4177.0,0.3443,0.0475,0.13,0.815,0.524,0.545,0.12,-0.6145,-0.0101,0.08,0.165,0.0,0.0,0.0,0.0,0.0,0.0,4.5078,0.0057,KNN,0.17320027616386857,0.1694122796863512,0.17961455828964068,0.17561417289884973,0.1778478727353506,0.1804871145144306,0.18235024168318048,0.1708321371109329,0.18156862349912645
abalone,'Length',4177.0,0.3443,0.0475,0.13,0.815,0.524,0.545,0.12,-0.6145,-0.0101,0.08,0.165,0.0,0.0,0.0,0.0,0.0,0.0,4.5078,0.0057,RandomForest,0.18651412553237934,0.18672754930446853,0.1914652081644025,0.191375943540615,0.1912366832910606,0.19140967936708544,0.18865018271437156,0.18354890151366238,0.19118598169473808
abalone,'Length',4177.0,0.3443,0.0475,0.13,0.815,0.524,0.545,0.12,-0.6145,-0.0101,0.08,0.165,0.0,0.0,0.0,0.0,0.0,0.0,4.5078,0.0057,AdaBoost,0.08294771618787738,0.0958532255061682,0.09588150975779151,0.09588150975779151,0.09588150975779151,0.09588150975779151,0.09588150975779151,0.08294771618787738,0.09588150975779151
abalone,'Length',4177.0,0.3443,0.0475,0.13,0.815,0.524,0.545,0.12,-0.6145,-0.0101,0.08,0.165,0.0,0.0,0.0,0.0,0.0,0.0,4.5078,0.0057,SVC,0.1806858783887614,0.17051292718309904,0.17853243221606452,0.1782531508340374,0.17824118238603176,0.17905007330036582,0.17664477541468673,0.17488885017575864,0.17809621951668891
abalone,'Length',4177.0,0.304,0.0458,0.075,0.815,0.5228,0.54,0.1203,-0.6214,0.0357,0.08,0.165,0.0,0.0,0.0,0.0,0.0,0.0,4.515,0.0054,DecisionTree,0.18129298332595162,0.17881964630081074,0.172472752368937,0.17199150913567024,0.17215120305785583,0.17215120305785583,0.17331955720043493,0.17709306009191164,0.17332920116688846
abalone,'Length',4177.0,0.304,0.0458,0.075,0.815,0.5228,0.54,0.1203,-0.6214,0.0357,0.08,0.165,0.0,0.0,0.0,0.0,0.0,0.0,4.515,0.0054,LogisticRegression,0.17465657723279399,0.1633399462588928,0.18226554217064195,0.18225044626016906,0.1823894025694096,0.1824253401388268,0.1826763642039332,0.16892109248291412,0.18201653819441613
abalone,'Length',4177.0,0.304,0.0458,0.075,0.815,0.5228,0.54,0.1203,-0.6214,0.0357,0.08,0.165,0.0,0.0,0.0,0.0,0.0,0.0,4.515,0.0054,KNN,0.1765336775760725,0.1681282898395282,0.17565999817868816,0.17874441030456223,0.17485129425196766,0.17519414463886943,0.17915172449224326,0.1739917696745685,0.1687058933282587
abalone,'Length',4177.0,0.304,0.0458,0.075,0.815,0.5228,0.54,0.1203,-0.6214,0.0357,0.08,0.165,0.0,0.0,0.0,0.0,0.0,0.0,4.515,0.0054,RandomForest,0.18286086994963996,0.17405325370757418,0.17817675619811793,0.1786253421945459,0.17830561126619618,0.17803611111356213,0.18500676948727773,0.18014117067102803,0.17721501086292013
abalone,'Length',4177.0,0.304,0.0458,0.075,0.815,0.5228,0.54,0.1203,-0.6214,0.0357,0.08,0.165,0.0,0.0,0.0,0.0,0.0,0.0,4.515,0.0054,AdaBoost,0.07945418198800182,0.092172837673936,0.0909996514601985,0.0909996514601985,0.0909996514601985,0.09101224599469121,0.0909996514601985,0.07934342529829777,0.0909996514601985
abalone,'Length',4177.0,0.304,0.0458,0.075,0.815,0.5228,0.54,0.1203,-0.6214,0.0357,0.08,0.165,0.0,0.0,0.0,0.0,0.0,0.0,4.515,0.0054,SVC,0.17307674435911588,0.16639948426755805,0.16980160663341504,0.16980160663341504,0.16944684634354648,0.16980160663341504,0.16838355402652175,0.16850137481336835,0.16893037915855166
abalone,'Length',4177.0,0.2531,0.0426,0.075,0.815,0.5236,0.545,0.1214,-0.6306,0.0298,0.08,0.165,0.0,0.0,0.0,0.0,0.0,0.0,4.5203,0.0055,DecisionTree,0.18815050906103992,0.19348462929816573,0.1814104216462108,0.18156839839927758,0.18433843078014692,0.18421410593177795,0.18049463466570254,0.18963577920712882,0.18418045402708016
abalone,'Length',4177.0,0.2531,0.0426,0.075,0.815,0.5236,0.545,0.1214,-0.6306,0.0298,0.08,0.165,0.0,0.0,0.0,0.0,0.0,0.0,4.5203,0.0055,LogisticRegression,0.2008537919579766,0.1940863629105101,0.20122975531731507,0.2019812598522849,0.2012332564525926,0.20199298187660947,0.20084710954116033,0.19229776908864415,0.2007720717212882
abalone,'Length',4177.0,0.2531,0.0426,0.075,0.815,0.5236,0.545,0.1214,-0.6306,0.0298,0.08,0.165,0.0,0.0,0.0,0.0,0.0,0.0,4.5203,0.0055,KNN,0.1850024791630241,0.17654747331907628,0.18277524519061006,0.18306500827102068,0.18362540919053905,0.18026539484684173,0.17650462391318456,0.18134161471656718,0.17688054793159386
abalone,'Length',4177.0,0.2531,0.0426,0.075,0.815,0.5236,0.545,0.1214,-0.6306,0.0298,0.08,0.165,0.0,0.0,0.0,0.0,0.0,0.0,4.5203,0.0055,RandomForest,0.19165859811390376,0.18932753478844674,0.19153833162955167,0.19099416370257294,0.19064865224944091,0.19081897283952243,0.19314745844749132,0.19015739475564578,0.1915858690255232
abalone,'Length',4177.0,0.2531,0.0426,0.075,0.815,0.5236,0.545,0.1214,-0.6306,0.0298,0.08,0.165,0.0,0.0,0.0,0.0,0.0,0.0,4.5203,0.0055,AdaBoost,0.08739661962972631,0.10144522872835242,0.09497058256476502,0.09497058256476502,0.09497058256476502,0.09497058256476502,0.09497058256476502,0.08711086967528409,0.09497058256476502
abalone,'Length',4177.0,0.2531,0.0426,0.075,0.815,0.5236,0.545,0.1214,-0.6306,0.0298,0.08,0.165,0.0,0.0,0.0,0.0,0.0,0.0,4.5203,0.0055,SVC,0.18763275030617568,0.17840409566253518,0.18202424848456136,0.18202424848456136,0.18202424848456136,0.18221419621155496,0.1822076861873898,0.18792581749647258,0.1825885935775199
abalone,'Length',4177.0,0.2078,0.0399,0.075,0.8,0.5222,0.54,0.1213,-0.6119,0.0149,0.08,0.165,0.0,0.0,0.0,0.0,0.0,0.0,4.5249,0.0056,DecisionTree,0.20132040410688729,0.20981752803304357,0.20266527246403174,0.20266527246403174,0.20266527246403174,0.20266527246403174,0.2026967775918641,0.18791555097648052,0.20266527246403174
abalone,'Length',4177.0,0.2078,0.0399,0.075,0.8,0.5222,0.54,0.1213,-0.6119,0.0149,0.08,0.165,0.0,0.0,0.0,0.0,0.0,0.0,4.5249,0.0056,LogisticRegression,0.19852392675801525,0.19994424709617345,0.2068510711117234,0.2065869925963913,0.20645328095481777,0.20722675167328908,0.20721207749178,0.19699921839402357,0.2063180676771766
abalone,'Length',4177.0,0.2078,0.0399,0.075,0.8,0.5222,0.54,0.1213,-0.6119,0.0149,0.08,0.165,0.0,0.0,0.0,0.0,0.0,0.0,4.5249,0.0056,KNN,0.191496436352239,0.19012484033581273,0.1914071015802303,0.1889225517544635,0.19086008448729275,0.19039474177377547,0.19868177324786415,0.18065559444704188,0.194660351895712
abalone,'Length',4177.0,0.2078,0.0399,0.075,0.8,0.5222,0.54,0.1213,-0.6119,0.0149,0.08,0.165,0.0,0.0,0.0,0.0,0.0,0.0,4.5249,0.0056,RandomForest,0.2055165228771293,0.20218942599253803,0.2060364980383212,0.20658604102173095,0.2065521844504783,0.20642050097779036,0.21046023055677493,0.20219985652429626,0.20619481194536832
abalone,'Length',4177.0,0.2078,0.0399,0.075,0.8,0.5222,0.54,0.1213,-0.6119,0.0149,0.08,0.165,0.0,0.0,0.0,0.0,0.0,0.0,4.5249,0.0056,AdaBoost,0.0921597377430996,0.10316178563832322,0.09863387204610743,0.09863387204610743,0.09863387204610743,0.09863387204610743,0.09863387204610743,0.0921597377430996,0.09863387204610743
abalone,'Length',4177.0,0.2078,0.0399,0.075,0.8,0.5222,0.54,0.1213,-0.6119,0.0149,0.08,0.165,0.0,0.0,0.0,0.0,0.0,0.0,4.5249,0.0056,SVC,0.19768139930783524,0.19632016942768865,0.19876229669238157,0.19912125314667517,0.19876229669238157,0.19889773555042412,0.1988420433600335,0.19682059350349332,0.19867867378370643
abalone,'Length',4177.0,0.1365,0.0366,0.075,0.8,0.5229,0.54,0.1203,-0.643,0.0647,0.08,0.165,0.0,0.0,0.0,0.0,0.0,0.0,4.5109,0.0056,DecisionTree,0.19860126823979213,0.20031709503239742,0.20005802523056815,0.20005802523056815,0.20005802523056815,0.20005802523056815,0.1931442972313605,0.19545713654012978,0.20005802523056815
abalone,'Length',4177.0,0.1365,0.0366,0.075,0.8,0.5229,0.54,0.1203,-0.643,0.0647,0.08,0.165,0.0,0.0,0.0,0.0,0.0,0.0,4.5109,0.0056,LogisticRegression,0.20419851499763253,0.2016793878434207,0.2043591119146414,0.20433507090907765,0.20370588500671433,0.20563563877069393,0.20451441892238192,0.2040211888573807,0.20419785571375873
abalone,'Length',4177.0,0.1365,0.0366,0.075,0.8,0.5229,0.54,0.1203,-0.643,0.0647,0.08,0.165,0.0,0.0,0.0,0.0,0.0,0.0,4.5109,0.0056,KNN,0.1812362528624394,0.18015533177054366,0.18632039424842015,0.1852883225925596,0.18298502913006606,0.18677364903799984,0.1865762524530075,0.18751234680718395,0.18284253988178084
abalone,'Length',4177.0,0.1365,0.0366,0.075,0.8,0.5229,0.54,0.1203,-0.643,0.0647,0.08,0.165,0.0,0.0,0.0,0.0,0.0,0.0,4.5109,0.0056,RandomForest,0.20205110362353979,0.20412575332028396,0.2033671282946019,0.2037065465518043,0.2035832663001103,0.2035288801032332,0.20319393521437423,0.20166283790183695,0.20101778479772772
abalone,'Length',4177.0,0.1365,0.0366,0.075,0.8,0.5229,0.54,0.1203,-0.643,0.0647,0.08,0.165,0.0,0.0,0.0,0.0,0.0,0.0,4.5109,0.0056,AdaBoost,0.10641915007355812,0.10093107067072807,0.10085361871865389,0.10085361871865389,0.10085361871865389,0.10077055120137585,0.10085361871865389,0.1049794614885449,0.10085361871865389
abalone,'Length',4177.0,0.1365,0.0366,0.075,0.8,0.5229,0.54,0.1203,-0.643,0.0647,0.08,0.165,0.0,0.0,0.0,0.0,0.0,0.0,4.5109,0.0056,SVC,0.19324711914681542,0.1918159346104318,0.19354274862069326,0.19339976171899803,0.19354274862069326,0.19347760614091852,0.19178131505590462,0.18954657919813755,0.19390394469613007
abalone,'Length',4177.0,0.0994,0.0351,0.11,0.815,0.5243,0.545,0.1206,-0.62,0.0067,0.08,0.165,0.0,0.0,0.0,0.0,0.0,0.0,4.5163,0.0056,DecisionTree,0.2092478196655581,0.20378358583655504,0.20825748988522697,0.20841312910514453,0.20841312910514453,0.20841312910514453,0.205930138192044,0.20935821952164954,0.20607847843445065
abalone,'Length',4177.0,0.0994,0.0351,0.11,0.815,0.5243,0.545,0.1206,-0.62,0.0067,0.08,0.165,0.0,0.0,0.0,0.0,0.0,0.0,4.5163,0.0056,LogisticRegression,0.21273490043356091,0.20545633138285735,0.21340015179643096,0.2129771186425401,0.21382809444894713,0.21407025791581058,0.21279609919463494,0.21030955463935203,0.21341331069338731
abalone,'Length',4177.0,0.0994,0.0351,0.11,0.815,0.5243,0.545,0.1206,-0.62,0.0067,0.08,0.165,0.0,0.0,0.0,0.0,0.0,0.0,4.5163,0.0056,KNN,0.1853815478579789,0.186210795843899,0.18634114272201935,0.1846479961768346,0.1824527063980826,0.18399875946958177,0.18694076774392765,0.18273536518885325,0.185696521272509
abalone,'Length',4177.0,0.0994,0.0351,0.11,0.815,0.5243,0.545,0.1206,-0.62,0.0067,0.08,0.165,0.0,0.0,0.0,0.0,0.0,0.0,4.5163,0.0056,RandomForest,0.2163007908841995,0.2095575007128352,0.21135914304591596,0.21151045513734384,0.21135040011500017,0.211539506739521,0.21330803140512078,0.21575421678443593,0.21180991352041567
abalone,'Length',4177.0,0.0994,0.0351,0.11,0.815,0.5243,0.545,0.1206,-0.62,0.0067,0.08,0.165,0.0,0.0,0.0,0.0,0.0,0.0,4.5163,0.0056,AdaBoost,0.13850263852890787,0.11224856960927763,0.0995798439233904,0.0995798439233904,0.0995798439233904,0.0995798439233904,0.10123368464058533,0.12481125890125402,0.0995798439233904
abalone,'Length',4177.0,0.0994,0.0351,0.11,0.815,0.5243,0.545,0.1206,-0.62,0.0067,0.08,0.165,0.0,0.0,0.0,0.0,0.0,0.0,4.5163,0.0056,SVC,0.204522607564553,0.19892190201327667,0.20225887463456477,0.20225887463456477,0.20225887463456477,0.2022319440523738,0.20154670794796528,0.20511664314911576,0.20246745171676217
abalone,'Length',4177.0,0.0529,0.0339,0.075,0.815,0.5239,0.545,0.1202,-0.6403,0.0704,0.08,0.165,0.0,0.0,0.0,0.0,0.0,0.0,4.5166,0.0052,DecisionTree,0.20777672979901887,0.20345448779918276,0.20843499767097215,0.20843499767097215,0.20843499767097215,0.20843499767097215,0.20671421677082927,0.2065174972304849,0.20586180077970376
abalone,'Length',4177.0,0.0529,0.0339,0.075,0.815,0.5239,0.545,0.1202,-0.6403,0.0704,0.08,0.165,0.0,0.0,0.0,0.0,0.0,0.0,4.5166,0.0052,LogisticRegression,0.21817570972194159,0.21978296464607425,0.2161137453030705,0.21792774631658934,0.21741464064689747,0.21729778767680222,0.21967966950082285,0.21622818412835004,0.21941184562442567
abalone,'Length',4177.0,0.0529,0.0339,0.075,0.815,0.5239,0.545,0.1202,-0.6403,0.0704,0.08,0.165,0.0,0.0,0.0,0.0,0.0,0.0,4.5166,0.0052,KNN,0.18991968315479268,0.19393738186845472,0.19445072842393848,0.19441906043971036,0.19505816569923579,0.19422774245525323,0.1890221496019548,0.18919227087697,0.1928452041410857
abalone,'Length',4177.0,0.0529,0.0339,0.075,0.815,0.5239,0.545,0.1202,-0.6403,0.0704,0.08,0.165,0.0,0.0,0.0,0.0,0.0,0.0,4.5166,0.0052,RandomForest,0.21272182431953382,0.2109724657019154,0.20600159238986276,0.20672014827438745,0.20693467330035512,0.20635079228161085,0.2123030745058755,0.21143200047345634,0.20608335458188903
abalone,'Length',4177.0,0.0529,0.0339,0.075,0.815,0.5239,0.545,0.1202,-0.6403,0.0704,0.08,0.165,0.0,0.0,0.0,0.0,0.0,0.0,4.5166,0.0052,AdaBoost,0.10635039814775217,0.10638538902102218,0.10511716136829374,0.10511716136829374,0.10511716136829374,0.10511716136829374,0.10511716136829374,0.10204342675423181,0.10511716136829374
abalone,'Length',4177.0,0.0529,0.0339,0.075,0.815,0.5239,0.545,0.1202,-0.6403,0.0704,0.08,0.165,0.0,0.0,0.0,0.0,0.0,0.0,4.5166,0.0052,SVC,0.20776066188412345,0.2082459914539668,0.2093313110890968,0.2093313110890968,0.2093313110890968,0.20910238171551884,0.21020786305038322,0.20840122471767608,0.2093313110890968
BachChoralHarmony,V2,5665.0,0.4962,0.0627,1.0,207.0,52.4513,47.0,36.5738,0.9287,0.8643,25.0,49.0,0.0669,0.0669,0.0448,0.0448,0.0595,0.0595,4.8413,0.0029,DecisionTree,0.4406626745444292,0.43008990683585835,0.4342431679768433,0.4295867356561561,0.4326161060086001,0.4351842694452558,0.43618057531858234,0.43121481206819,0.4334153991394466
BachChoralHarmony,V2,5665.0,0.4962,0.0627,1.0,207.0,52.4513,47.0,36.5738,0.9287,0.8643,25.0,49.0,0.0669,0.0669,0.0448,0.0448,0.0595,0.0595,4.8413,0.0029,LogisticRegression,0.5092396476757847,0.5059084765536646,0.50876650156068,0.5095966897002059,0.5099865328229105,0.5104791036615126,0.5088126935570453,0.5054486804895417,0.5098887532194094
BachChoralHarmony,V2,5665.0,0.4962,0.0627,1.0,207.0,52.4513,47.0,36.5738,0.9287,0.8643,25.0,49.0,0.0669,0.0669,0.0448,0.0448,0.0595,0.0595,4.8413,0.0029,KNN,0.4643362260395558,0.46008158113403075,0.4606624640131559,0.4646422670224867,0.4633916336642711,0.4644565805119336,0.46236127309651054,0.45892025332886055,0.4625197600208305
BachChoralHarmony,V2,5665.0,0.4962,0.0627,1.0,207.0,52.4513,47.0,36.5738,0.9287,0.8643,25.0,49.0,0.0669,0.0669,0.0448,0.0448,0.0595,0.0595,4.8413,0.0029,RandomForest,0.47552580893000296,0.4703080854136038,0.472481897411995,0.4765610768783801,0.47434248723643435,0.47606832593465703,0.4719381242103481,0.46983341393067907,0.4763172277693948
BachChoralHarmony,V2,5665.0,0.4962,0.0627,1.0,207.0,52.4513,47.0,36.5738,0.9287,0.8643,25.0,49.0,0.0669,0.0669,0.0448,0.0448,0.0595,0.0595,4.8413,0.0029,AdaBoost,0.059866763602381766,0.05763751875158565,0.059866763602381766,0.059866763602381766,0.059866763602381766,0.059866763602381766,0.059866763602381766,0.059866763602381766,0.059866763602381766
BachChoralHarmony,V2,5665.0,0.4962,0.0627,1.0,207.0,52.4513,47.0,36.5738,0.9287,0.8643,25.0,49.0,0.0669,0.0669,0.0448,0.0448,0.0595,0.0595,4.8413,0.0029,SVC,0.5054164411754817,0.500435668075976,0.5068527986623221,0.5079924075584298,0.5070178096497785,0.5081967454920289,0.5067253334232936,0.5020713141669003,0.507827300728306
BachChoralHarmony,V2,5665.0,0.453,0.0616,1.0,207.0,52.4966,48.0,36.882,0.9973,1.1065,25.0,49.0,0.083,0.083,0.0528,0.0528,0.0704,0.0704,4.8496,0.0026,DecisionTree,0.4390628459220832,0.4374626381410635,0.4406908437577624,0.43704675836210305,0.44159987917600807,0.44373914236425754,0.4370585452921451,0.4279666500265093,0.43820665882803467
BachChoralHarmony,V2,5665.0,0.453,0.0616,1.0,207.0,52.4966,48.0,36.882,0.9973,1.1065,25.0,49.0,0.083,0.083,0.0528,0.0528,0.0704,0.0704,4.8496,0.0026,LogisticRegression,0.5104552118858946,0.5072054423165953,0.5107866455679699,0.5096940842034471,0.5105484076235512,0.5110593211838672,0.5104135290784113,0.5081927393902513,0.5100667081974104
BachChoralHarmony,V2,5665.0,0.453,0.0616,1.0,207.0,52.4966,48.0,36.882,0.9973,1.1065,25.0,49.0,0.083,0.083,0.0528,0.0528,0.0704,0.0704,4.8496,0.0026,KNN,0.46229413959665433,0.45905898429556563,0.46239931007859425,0.46126934898033023,0.4634672080678444,0.4599604048645376,0.46236045512845125,0.4605566760715822,0.46238829493608036
BachChoralHarmony,V2,5665.0,0.453,0.0616,1.0,207.0,52.4966,48.0,36.882,0.9973,1.1065,25.0,49.0,0.083,0.083,0.0528,0.0528,0.0704,0.0704,4.8496,0.0026,RandomForest,0.4729763417040167,0.4746724838113824,0.478493097723796,0.47464049917127815,0.47475639586079255,0.4727847204268096,0.4752501961175203,0.471077318744688,0.47497717579525217
BachChoralHarmony,V2,5665.0,0.453,0.0616,1.0,207.0,52.4966,48.0,36.882,0.9973,1.1065,25.0,49.0,0.083,0.083,0.0528,0.0528,0.0704,0.0704,4.8496,0.0026,AdaBoost,0.059866763602381766,0.05768258303140119,0.059866763602381766,0.059866763602381766,0.059866763602381766,0.059866763602381766,0.059866763602381766,0.059866763602381766,0.059866763602381766
BachChoralHarmony,V2,5665.0,0.453,0.0616,1.0,207.0,52.4966,48.0,36.882,0.9973,1.1065,25.0,49.0,0.083,0.083,0.0528,0.0528,0.0704,0.0704,4.8496,0.0026,SVC,0.5078063371604223,0.5008455790903927,0.5066242888524656,0.5067065990397194,0.5061145693485867,0.5053640245087222,0.5059293126002009,0.5006128630320742,0.5055923371890009
BachChoralHarmony,V2,5665.0,0.4053,0.0579,1.0,207.0,53.7709,48.0,37.5963,0.9258,0.855,26.0,52.0,0.0744,0.0744,0.0504,0.0504,0.0672,0.0672,4.8774,0.0025,DecisionTree,0.4413076835026666,0.436433718300246,0.4416637487581767,0.44410382871635606,0.4397945539296095,0.4452209737942195,0.43870952948531844,0.44043551979874657,0.4464989973645508
BachChoralHarmony,V2,5665.0,0.4053,0.0579,1.0,207.0,53.7709,48.0,37.5963,0.9258,0.855,26.0,52.0,0.0744,0.0744,0.0504,0.0504,0.0672,0.0672,4.8774,0.0025,LogisticRegression,0.5096347154749737,0.5117645430702878,0.5093390636392877,0.5104729969418494,0.5116904231184924,0.5110422366903895,0.5095992552415454,0.5101944851019872,0.5101138681973394
BachChoralHarmony,V2,5665.0,0.4053,0.0579,1.0,207.0,53.7709,48.0,37.5963,0.9258,0.855,26.0,52.0,0.0744,0.0744,0.0504,0.0504,0.0672,0.0672,4.8774,0.0025,KNN,0.4646059950206955,0.4612947609500856,0.4645004236932662,0.46408233707243446,0.4629418076785233,0.46424831932050903,0.4682774444288464,0.4634052577773498,0.46357816878997093
BachChoralHarmony,V2,5665.0,0.4053,0.0579,1.0,207.0,53.7709,48.0,37.5963,0.9258,0.855,26.0,52.0,0.0744,0.0744,0.0504,0.0504,0.0672,0.0672,4.8774,0.0025,RandomForest,0.4753457564716331,0.4756518726261707,0.4772829580447798,0.4758183782523574,0.47797472136749375,0.47735454945754424,0.4742580144226194,0.4748748201701116,0.4761862034045571
BachChoralHarmony,V2,5665.0,0.4053,0.0579,1.0,207.0,53.7709,48.0,37.5963,0.9258,0.855,26.0,52.0,0.0744,0.0744,0.0504,0.0504,0.0672,0.0672,4.8774,0.0025,AdaBoost,0.059866763602381766,0.059866763602381766,0.059866763602381766,0.059866763602381766,0.059866763602381766,0.059866763602381766,0.059866763602381766,0.059866763602381766,0.059866763602381766
BachChoralHarmony,V2,5665.0,0.4053,0.0579,1.0,207.0,53.7709,48.0,37.5963,0.9258,0.855,26.0,52.0,0.0744,0.0744,0.0504,0.0504,0.0672,0.0672,4.8774,0.0025,SVC,0.511262795656835,0.5061037335482654,0.5073636787747128,0.5080502629388612,0.5083078589097774,0.5083096403075351,0.5111125652968733,0.5051050502511003,0.508030652156134
BachChoralHarmony,V2,5665.0,0.3587,0.052,1.0,207.0,53.1902,48.0,36.8152,0.9004,0.7664,25.0,50.0,0.0789,0.0789,0.0534,0.0534,0.071,0.071,4.8643,0.0027,DecisionTree,0.4482446147267214,0.4388236361916904,0.43864096292423443,0.4446937356743803,0.44414505128787424,0.4452476782840923,0.44011009857430694,0.4334719915459298,0.4495328570438149
BachChoralHarmony,V2,5665.0,0.3587,0.052,1.0,207.0,53.1902,48.0,36.8152,0.9004,0.7664,25.0,50.0,0.0789,0.0789,0.0534,0.0534,0.071,0.071,4.8643,0.0027,LogisticRegression,0.5098300779421905,0.506676427766207,0.5084256817733996,0.5109133761950162,0.5112726309068383,0.5108187267565503,0.5114902483143007,0.5066060794933964,0.5108150032472325
BachChoralHarmony,V2,5665.0,0.3587,0.052,1.0,207.0,53.1902,48.0,36.8152,0.9004,0.7664,25.0,50.0,0.0789,0.0789,0.0534,0.0534,0.071,0.071,4.8643,0.0027,KNN,0.46539970340990816,0.46554884535847924,0.4631340633890743,0.4678345715943608,0.46911673789878167,0.46762514849187004,0.46836014755375804,0.4675751388764971,0.4663980087449309
BachChoralHarmony,V2,5665.0,0.3587,0.052,1.0,207.0,53.1902,48.0,36.8152,0.9004,0.7664,25.0,50.0,0.0789,0.0789,0.0534,0.0534,0.071,0.071,4.8643,0.0027,RandomForest,0.47931855027266185,0.4769947384795607,0.48091052131992296,0.4819054092936246,0.47955372467228685,0.4830572089203174,0.4743498292615953,0.47806961961810956,0.4772778763482671
BachChoralHarmony,V2,5665.0,0.3587,0.052,1.0,207.0,53.1902,48.0,36.8152,0.9004,0.7664,25.0,50.0,0.0789,0.0789,0.0534,0.0534,0.071,0.071,4.8643,0.0027,AdaBoost,0.059866763602381766,0.05753741031915004,0.059866763602381766,0.059866763602381766,0.059866763602381766,0.059866763602381766,0.059866763602381766,0.059866763602381766,0.059866763602381766
BachChoralHarmony,V2,5665.0,0.3587,0.052,1.0,207.0,53.1902,48.0,36.8152,0.9004,0.7664,25.0,50.0,0.0789,0.0789,0.0534,0.0534,0.071,0.071,4.8643,0.0027,SVC,0.5105843872681147,0.50627432024029,0.5075691624657537,0.5078480116317589,0.5086474610619179,0.5081519319646955,0.5090718263460241,0.5062774239769715,0.5085971395823315
BachChoralHarmony,V2,5665.0,0.2999,0.0514,1.0,207.0,53.6646,48.0,37.5765,0.9698,1.0104,25.0,51.0,0.0748,0.0748,0.0555,0.0555,0.0738,0.0738,4.8814,0.0023,DecisionTree,0.4471825899051536,0.4370028161695672,0.4438606616143309,0.4382732711615787,0.44287868722896634,0.4411292843193386,0.43950154391408014,0.4375024200032338,0.4406183403782289
BachChoralHarmony,V2,5665.0,0.2999,0.0514,1.0,207.0,53.6646,48.0,37.5765,0.9698,1.0104,25.0,51.0,0.0748,0.0748,0.0555,0.0555,0.0738,0.0738,4.8814,0.0023,LogisticRegression,0.5084119002597535,0.5063390329942269,0.510538757118119,0.5092910564766603,0.5096572232135554,0.5104434942192947,0.5105158854068683,0.5064030835096107,0.510091286834977
BachChoralHarmony,V2,5665.0,0.2999,0.0514,1.0,207.0,53.6646,48.0,37.5765,0.9698,1.0104,25.0,51.0,0.0748,0.0748,0.0555,0.0555,0.0738,0.0738,4.8814,0.0023,KNN,0.46713355778802435,0.46347777335332724,0.46811361984670574,0.46805078055943466,0.467742679930491,0.46617123291601575,0.4668929603812911,0.4619660324182397,0.46621583954981016
BachChoralHarmony,V2,5665.0,0.2999,0.0514,1.0,207.0,53.6646,48.0,37.5765,0.9698,1.0104,25.0,51.0,0.0748,0.0748,0.0555,0.0555,0.0738,0.0738,4.8814,0.0023,RandomForest,0.4768148930035594,0.47866862710923597,0.4813256624722632,0.481138779188012,0.4777365448819855,0.48064902806543197,0.4820106447255343,0.4768131683279374,0.4806253885510008
BachChoralHarmony,V2,5665.0,0.2999,0.0514,1.0,207.0,53.6646,48.0,37.5765,0.9698,1.0104,25.0,51.0,0.0748,0.0748,0.0555,0.0555,0.0738,0.0738,4.8814,0.0023,AdaBoost,0.059866763602381766,0.05758252922578104,0.059866763602381766,0.059866763602381766,0.059866763602381766,0.059866763602381766,0.059866763602381766,0.059866763602381766,0.059866763602381766
BachChoralHarmony,V2,5665.0,0.2999,0.0514,1.0,207.0,53.6646,48.0,37.5765,0.9698,1.0104,25.0,51.0,0.0748,0.0748,0.0555,0.0555,0.0738,0.0738,4.8814,0.0023,SVC,0.5089625284066172,0.5066621730350523,0.5096050811416948,0.5096108153276674,0.5095376226133809,0.5085915855656273,0.5092503489707078,0.506853982325227,0.5095466455190324
BachChoralHarmony,V2,5665.0,0.2404,0.0467,1.0,207.0,53.944,48.0,37.4532,0.9425,0.8985,25.0,51.0,0.0751,0.0751,0.0534,0.0534,0.071,0.071,4.8855,0.0023,DecisionTree,0.43600752452881264,0.4357140531698204,0.4354301399308115,0.4336450682143039,0.4344199521721478,0.43508108829801984,0.4335878450804691,0.4359581377131476,0.4390893137022921
BachChoralHarmony,V2,5665.0,0.2404,0.0467,1.0,207.0,53.944,48.0,37.4532,0.9425,0.8985,25.0,51.0,0.0751,0.0751,0.0534,0.0534,0.071,0.071,4.8855,0.0023,LogisticRegression,0.5106719304111943,0.5066501154436096,0.5122809150746744,0.5113459738939761,0.511353031227196,0.5100152421168427,0.5107765760919893,0.5058543847747222,0.5110699099315364
BachChoralHarmony,V2,5665.0,0.2404,0.0467,1.0,207.0,53.944,48.0,37.4532,0.9425,0.8985,25.0,51.0,0.0751,0.0751,0.0534,0.0534,0.071,0.071,4.8855,0.0023,KNN,0.4656268324833974,0.46719257882107457,0.4612856354895007,0.46302830412169915,0.46233091633418844,0.46276910810260297,0.4670231408058388,0.46707480754981456,0.4634703997767935
BachChoralHarmony,V2,5665.0,0.2404,0.0467,1.0,207.0,53.944,48.0,37.4532,0.9425,0.8985,25.0,51.0,0.0751,0.0751,0.0534,0.0534,0.071,0.071,4.8855,0.0023,RandomForest,0.4785551612395267,0.4815897083780327,0.4768558905033079,0.48500967308296533,0.4795908976294366,0.47757450389315487,0.47716854229174144,0.48056261166157277,0.47847254885020396
BachChoralHarmony,V2,5665.0,0.2404,0.0467,1.0,207.0,53.944,48.0,37.4532,0.9425,0.8985,25.0,51.0,0.0751,0.0751,0.0534,0.0534,0.071,0.071,4.8855,0.0023,AdaBoost,0.059866763602381766,0.057632857658765406,0.059866763602381766,0.059866763602381766,0.059866763602381766,0.059866763602381766,0.059866763602381766,0.059866763602381766,0.059866763602381766
BachChoralHarmony,V2,5665.0,0.2404,0.0467,1.0,207.0,53.944,48.0,37.4532,0.9425,0.8985,25.0,51.0,0.0751,0.0751,0.0534,0.0534,0.071,0.071,4.8855,0.0023,SVC,0.5074984427781942,0.5066722653979683,0.5074929291005592,0.5078762488319167,0.5079713357449949,0.507401793103782,0.5080976997295135,0.506908082273367,0.5071290868060678
BachChoralHarmony,V2,5665.0,0.2076,0.045,1.0,207.0,53.4228,47.0,37.3526,0.9437,0.8653,25.0,51.0,0.0709,0.0709,0.0485,0.0485,0.0646,0.0646,4.8808,0.0024,DecisionTree,0.4402556650485132,0.4393087358760298,0.4382806827836885,0.4367551157962045,0.43579700505819235,0.4401321820643533,0.4378958211276568,0.4398920563137004,0.4426599586962225
BachChoralHarmony,V2,5665.0,0.2076,0.045,1.0,207.0,53.4228,47.0,37.3526,0.9437,0.8653,25.0,51.0,0.0709,0.0709,0.0485,0.0485,0.0646,0.0646,4.8808,0.0024,LogisticRegression,0.5133199134675908,0.5072540274015183,0.5110207174799204,0.5115141951171862,0.5105026859532265,0.5110963238447591,0.5118954110084185,0.5075038326110326,0.510854249991125
BachChoralHarmony,V2,5665.0,0.2076,0.045,1.0,207.0,53.4228,47.0,37.3526,0.9437,0.8653,25.0,51.0,0.0709,0.0709,0.0485,0.0485,0.0646,0.0646,4.8808,0.0024,KNN,0.4658614742826147,0.46606730372153604,0.4624691235202979,0.46335069914379207,0.4647454532450675,0.4639330625276344,0.46550642790096247,0.4661568287279627,0.4638742751853455
BachChoralHarmony,V2,5665.0,0.2076,0.045,1.0,207.0,53.4228,47.0,37.3526,0.9437,0.8653,25.0,51.0,0.0709,0.0709,0.0485,0.0485,0.0646,0.0646,4.8808,0.0024,RandomForest,0.4775695390938817,0.4807848442490713,0.47559325609622616,0.48021012228625787,0.4767158233849143,0.4820951705786805,0.47796168499695746,0.4807585185084239,0.47825810335964536
BachChoralHarmony,V2,5665.0,0.2076,0.045,1.0,207.0,53.4228,47.0,37.3526,0.9437,0.8653,25.0,51.0,0.0709,0.0709,0.0485,0.0485,0.0646,0.0646,4.8808,0.0024,AdaBoost,0.059866763602381766,0.059866763602381766,0.059866763602381766,0.059866763602381766,0.059866763602381766,0.059866763602381766,0.059866763602381766,0.059866763602381766,0.059866763602381766
BachChoralHarmony,V2,5665.0,0.2076,0.045,1.0,207.0,53.4228,47.0,37.3526,0.9437,0.8653,25.0,51.0,0.0709,0.0709,0.0485,0.0485,0.0646,0.0646,4.8808,0.0024,SVC,0.5082824241560377,0.5043841864038625,0.5068565115765415,0.5075643298255328,0.5072688977653829,0.508244678687098,0.5074573502502777,0.5057952428958781,0.508136082300479
BachChoralHarmony,V2,5665.0,0.1529,0.0421,1.0,206.0,53.5966,48.0,37.1911,0.9153,0.8206,25.0,51.0,0.0682,0.0682,0.0473,0.0473,0.0631,0.0631,4.8812,0.0023,DecisionTree,0.4449483418708122,0.4401399404637694,0.4426250423397804,0.44086103002249033,0.44721344973171695,0.444423916499905,0.44019069107015707,0.4442521322838946,0.446784882325329
BachChoralHarmony,V2,5665.0,0.1529,0.0421,1.0,206.0,53.5966,48.0,37.1911,0.9153,0.8206,25.0,51.0,0.0682,0.0682,0.0473,0.0473,0.0631,0.0631,4.8812,0.0023,LogisticRegression,0.5123725913461148,0.5085588160877395,0.5124390725099883,0.5127736452714995,0.5126265758707268,0.5122984490200095,0.5114571848262878,0.5097313432483892,0.5127933437097014
BachChoralHarmony,V2,5665.0,0.1529,0.0421,1.0,206.0,53.5966,48.0,37.1911,0.9153,0.8206,25.0,51.0,0.0682,0.0682,0.0473,0.0473,0.0631,0.0631,4.8812,0.0023,KNN,0.46794547436417,0.4652244075870082,0.46687451444031536,0.46827361681148577,0.46789825495238413,0.4656068908139431,0.4675083817239779,0.4642449797966441,0.46717601792676394
BachChoralHarmony,V2,5665.0,0.1529,0.0421,1.0,206.0,53.5966,48.0,37.1911,0.9153,0.8206,25.0,51.0,0.0682,0.0682,0.0473,0.0473,0.0631,0.0631,4.8812,0.0023,RandomForest,0.48688977995287075,0.48135933585572804,0.4861348658727911,0.4824173152649354,0.4845791726054685,0.48483057349056297,0.4862700589391878,0.48142351740132355,0.4836322249265278
BachChoralHarmony,V2,5665.0,0.1529,0.0421,1.0,206.0,53.5966,48.0,37.1911,0.9153,0.8206,25.0,51.0,0.0682,0.0682,0.0473,0.0473,0.0631,0.0631,4.8812,0.0023,AdaBoost,0.059866763602381766,0.059866763602381766,0.059866763602381766,0.059866763602381766,0.059866763602381766,0.059866763602381766,0.059866763602381766,0.059866763602381766,0.059866763602381766
BachChoralHarmony,V2,5665.0,0.1529,0.0421,1.0,206.0,53.5966,48.0,37.1911,0.9153,0.8206,25.0,51.0,0.0682,0.0682,0.0473,0.0473,0.0631,0.0631,4.8812,0.0023,SVC,0.5107886874322323,0.507483020255772,0.5109074267181507,0.5101589353218628,0.5106614046519247,0.511059135135938,0.5114560129938515,0.508061008195619,0.510634610022572
BachChoralHarmony,V2,5665.0,0.1004,0.0398,1.0,207.0,53.2688,48.0,37.0094,0.9275,0.8668,25.0,51.0,0.0736,0.0736,0.0506,0.0506,0.0675,0.0675,4.8773,0.0023,DecisionTree,0.4506418367082868,0.4461646012085112,0.4479781111829253,0.447627331482555,0.44960747632506887,0.4476087074335422,0.44938078696880146,0.44395930434878794,0.44678319901001873
BachChoralHarmony,V2,5665.0,0.1004,0.0398,1.0,207.0,53.2688,48.0,37.0094,0.9275,0.8668,25.0,51.0,0.0736,0.0736,0.0506,0.0506,0.0675,0.0675,4.8773,0.0023,LogisticRegression,0.5087470569432488,0.5080934675443425,0.5091452559133924,0.510628793355361,0.5105868250108784,0.5101413965187198,0.5095638573641685,0.5085230109675537,0.5098666225917249
BachChoralHarmony,V2,5665.0,0.1004,0.0398,1.0,207.0,53.2688,48.0,37.0094,0.9275,0.8668,25.0,51.0,0.0736,0.0736,0.0506,0.0506,0.0675,0.0675,4.8773,0.0023,KNN,0.46954114974880706,0.46961066032402726,0.4676787051257607,0.4688354081812499,0.4699043934325986,0.46904071084676674,0.46828959151340654,0.4703911234916075,0.46898147945232077
BachChoralHarmony,V2,5665.0,0.1004,0.0398,1.0,207.0,53.2688,48.0,37.0094,0.9275,0.8668,25.0,51.0,0.0736,0.0736,0.0506,0.0506,0.0675,0.0675,4.8773,0.0023,RandomForest,0.48170267036955955,0.48154736270872583,0.4823899661735251,0.47998511803769417,0.48430180050537636,0.48342355869939363,0.4875663010729121,0.48126349634505017,0.4836765065061146
BachChoralHarmony,V2,5665.0,0.1004,0.0398,1.0,207.0,53.2688,48.0,37.0094,0.9275,0.8668,25.0,51.0,0.0736,0.0736,0.0506,0.0506,0.0675,0.0675,4.8773,0.0023,AdaBoost,0.059866763602381766,0.059866763602381766,0.059866763602381766,0.059866763602381766,0.059866763602381766,0.059866763602381766,0.059866763602381766,0.059866763602381766,0.059866763602381766
BachChoralHarmony,V2,5665.0,0.1004,0.0398,1.0,207.0,53.2688,48.0,37.0094,0.9275,0.8668,25.0,51.0,0.0736,0.0736,0.0506,0.0506,0.0675,0.0675,4.8773,0.0023,SVC,0.5099669529184337,0.5096161398723875,0.5104227809465509,0.5106449971145988,0.5106200377473661,0.5108266607042196,0.5100575003239178,0.5096025897453311,0.5110558644702838
BachChoralHarmony,V2,5665.0,0.0523,0.0382,1.0,206.0,53.3656,48.0,37.2545,0.9259,0.8216,25.0,51.0,0.0753,0.0753,0.0517,0.0517,0.0688,0.0688,4.8831,0.0023,DecisionTree,0.44424097498506654,0.4479092584574269,0.45008968981561726,0.44468068922832044,0.44536825537466185,0.4423324983983254,0.44408854795870745,0.44977210955506053,0.44405449251424367
BachChoralHarmony,V2,5665.0,0.0523,0.0382,1.0,206.0,53.3656,48.0,37.2545,0.9259,0.8216,25.0,51.0,0.0753,0.0753,0.0517,0.0517,0.0688,0.0688,4.8831,0.0023,LogisticRegression,0.5140461279114668,0.5121890378092396,0.5136444609209438,0.513754377384718,0.5137311092906778,0.5142866374344922,0.5146015976313767,0.5124309399535051,0.5143139027836504
BachChoralHarmony,V2,5665.0,0.0523,0.0382,1.0,206.0,53.3656,48.0,37.2545,0.9259,0.8216,25.0,51.0,0.0753,0.0753,0.0517,0.0517,0.0688,0.0688,4.8831,0.0023,KNN,0.467785935012815,0.468802883949233,0.466523702764693,0.4668960720548442,0.4665304452528242,0.46552400230732216,0.46772662839721085,0.4691441828694387,0.4665975970771563
BachChoralHarmony,V2,5665.0,0.0523,0.0382,1.0,206.0,53.3656,48.0,37.2545,0.9259,0.8216,25.0,51.0,0.0753,0.0753,0.0517,0.0517,0.0688,0.0688,4.8831,0.0023,RandomForest,0.48477027964812236,0.48316769131155246,0.4808560878952558,0.4859223009750955,0.4835898760066728,0.4844557991634677,0.48344934882208423,0.4889616063261611,0.4846403365561587
BachChoralHarmony,V2,5665.0,0.0523,0.0382,1.0,206.0,53.3656,48.0,37.2545,0.9259,0.8216,25.0,51.0,0.0753,0.0753,0.0517,0.0517,0.0688,0.0688,4.8831,0.0023,AdaBoost,0.059866763602381766,0.059866763602381766,0.059866763602381766,0.059866763602381766,0.059866763602381766,0.059866763602381766,0.059866763602381766,0.059866763602381766,0.059866763602381766
BachChoralHarmony,V2,5665.0,0.0523,0.0382,1.0,206.0,53.3656,48.0,37.2545,0.9259,0.8216,25.0,51.0,0.0753,0.0753,0.0517,0.0517,0.0688,0.0688,4.8831,0.0023,SVC,0.51161787839744,0.5119807517209866,0.5096580363538971,0.5098926515775879,0.5099778307617189,0.5102454492594242,0.5103840975011794,0.5117760472726063,0.5099434948149303
BachChoralHarmony,V16,5665.0,0.4976,0.0018,1.0,5.0,3.1539,3.0,1.1188,0.3494,-0.9611,1.0,2.0,0.0764,0.0764,0.051,0.051,0.0681,0.0681,1.418,1.5846,DecisionTree,0.4719618853342259,0.4622881456361457,0.4618044196913713,0.4552543131842811,0.4549181598718875,0.4592069532868373,0.45095329625676484,0.44520305602189825,0.45793910887656863
BachChoralHarmony,V16,5665.0,0.4976,0.0018,1.0,5.0,3.1539,3.0,1.1188,0.3494,-0.9611,1.0,2.0,0.0764,0.0764,0.051,0.051,0.0681,0.0681,1.418,1.5846,LogisticRegression,0.5108166323889451,0.5094851654727381,0.5110218226521916,0.510024730404004,0.5098099924453021,0.5099709021977381,0.5104177127291482,0.5104574767726611,0.5109910035601457
BachChoralHarmony,V16,5665.0,0.4976,0.0018,1.0,5.0,3.1539,3.0,1.1188,0.3494,-0.9611,1.0,2.0,0.0764,0.0764,0.051,0.051,0.0681,0.0681,1.418,1.5846,KNN,0.4700158807675235,0.46463213063485476,0.4703122917724901,0.4691920337016115,0.4680742851964041,0.4689176128802392,0.47082521888286005,0.4680221204143467,0.46921960791695183
BachChoralHarmony,V16,5665.0,0.4976,0.0018,1.0,5.0,3.1539,3.0,1.1188,0.3494,-0.9611,1.0,2.0,0.0764,0.0764,0.051,0.051,0.0681,0.0681,1.418,1.5846,RandomForest,0.5009585473368396,0.504233337868376,0.5040501078925702,0.5021363088361255,0.4996637840602379,0.5032257045746021,0.49649415530762075,0.48866213514708945,0.5022471866969807
BachChoralHarmony,V16,5665.0,0.4976,0.0018,1.0,5.0,3.1539,3.0,1.1188,0.3494,-0.9611,1.0,2.0,0.0764,0.0764,0.051,0.051,0.0681,0.0681,1.418,1.5846,AdaBoost,0.059866763602381766,0.059866763602381766,0.059866763602381766,0.059866763602381766,0.059866763602381766,0.059866763602381766,0.059866763602381766,0.059866763602381766,0.059866763602381766
BachChoralHarmony,V16,5665.0,0.4976,0.0018,1.0,5.0,3.1539,3.0,1.1188,0.3494,-0.9611,1.0,2.0,0.0764,0.0764,0.051,0.051,0.0681,0.0681,1.418,1.5846,SVC,0.5064167808182531,0.5085233160392033,0.5083941917880328,0.5055447932670808,0.5063990056825206,0.5055386451975511,0.5082170332901883,0.5073519539739796,0.5063274535720261
BachChoralHarmony,V16,5665.0,0.4561,0.0016,1.0,5.0,3.1529,3.0,1.1148,0.3486,-0.9615,1.0,2.0,0.0876,0.0876,0.0555,0.0555,0.0744,0.0744,1.4173,1.344,DecisionTree,0.4702019442687877,0.46214766119118034,0.45660385266814196,0.45631628022454584,0.45648214670977666,0.45426435354916384,0.4565319904687811,0.45441263802257414,0.45512781601199537
BachChoralHarmony,V16,5665.0,0.4561,0.0016,1.0,5.0,3.1529,3.0,1.1148,0.3486,-0.9615,1.0,2.0,0.0876,0.0876,0.0555,0.0555,0.0744,0.0744,1.4173,1.344,LogisticRegression,0.5114443860982462,0.5124181368570985,0.5143679720870677,0.5115906172398872,0.5123108861698303,0.5111132957144,0.5135120133485782,0.5110367077076422,0.510847941221071
BachChoralHarmony,V16,5665.0,0.4561,0.0016,1.0,5.0,3.1529,3.0,1.1148,0.3486,-0.9615,1.0,2.0,0.0876,0.0876,0.0555,0.0555,0.0744,0.0744,1.4173,1.344,KNN,0.47160213803105266,0.46983452827427385,0.47238923604537175,0.4733179469584277,0.46995748416851196,0.47111646617489145,0.471093082511709,0.4682219262888006,0.4698579641318416
BachChoralHarmony,V16,5665.0,0.4561,0.0016,1.0,5.0,3.1529,3.0,1.1148,0.3486,-0.9615,1.0,2.0,0.0876,0.0876,0.0555,0.0555,0.0744,0.0744,1.4173,1.344,RandomForest,0.499321308212212,0.5020391942976093,0.508591307188952,0.49780875053400553,0.49796899140711465,0.5004234627342952,0.49960520804667596,0.4974009683362164,0.5001747917927046
BachChoralHarmony,V16,5665.0,0.4561,0.0016,1.0,5.0,3.1529,3.0,1.1148,0.3486,-0.9615,1.0,2.0,0.0876,0.0876,0.0555,0.0555,0.0744,0.0744,1.4173,1.344,AdaBoost,0.059866763602381766,0.059866763602381766,0.059866763602381766,0.059866763602381766,0.059866763602381766,0.059866763602381766,0.059866763602381766,0.059866763602381766,0.059866763602381766
BachChoralHarmony,V16,5665.0,0.4561,0.0016,1.0,5.0,3.1529,3.0,1.1148,0.3486,-0.9615,1.0,2.0,0.0876,0.0876,0.0555,0.0555,0.0744,0.0744,1.4173,1.344,SVC,0.511616212308674,0.5115985789460311,0.5111778670123801,0.5120922315683497,0.5114732980624713,0.5113826924461646,0.5112218302079455,0.5094445471886311,0.5114892886390934
BachChoralHarmony,V16,5665.0,0.3968,0.0015,1.0,5.0,3.1276,3.0,1.1037,0.3983,-0.9156,1.0,2.0,0.083,0.083,0.0548,0.0548,0.0729,0.0729,1.4031,3.8689,DecisionTree,0.468232211488421,0.4620621202813129,0.4512725280199255,0.45907378952789685,0.45491370633245376,0.4567368181146846,0.45921084113330335,0.4455743980972402,0.4609837928474414
BachChoralHarmony,V16,5665.0,0.3968,0.0015,1.0,5.0,3.1276,3.0,1.1037,0.3983,-0.9156,1.0,2.0,0.083,0.083,0.0548,0.0548,0.0729,0.0729,1.4031,3.8689,LogisticRegression,0.508781776005593,0.5105132716341683,0.5103335187972374,0.5089908177923673,0.5083277445137708,0.5076856171913243,0.5093369692644013,0.5095800569999108,0.5087552292645836
BachChoralHarmony,V16,5665.0,0.3968,0.0015,1.0,5.0,3.1276,3.0,1.1037,0.3983,-0.9156,1.0,2.0,0.083,0.083,0.0548,0.0548,0.0729,0.0729,1.4031,3.8689,KNN,0.46967651554216683,0.47191517012005507,0.4677647257880352,0.46898541104939473,0.4675106755236841,0.4677690352794289,0.4693286700755294,0.47036683034106935,0.4672913811627956
BachChoralHarmony,V16,5665.0,0.3968,0.0015,1.0,5.0,3.1276,3.0,1.1037,0.3983,-0.9156,1.0,2.0,0.083,0.083,0.0548,0.0548,0.0729,0.0729,1.4031,3.8689,RandomForest,0.4975344515406657,0.4975940892716058,0.5011559465258973,0.49409843212679316,0.4962937866047905,0.49416055893329064,0.49695198054520795,0.49475977616828426,0.49602033997002415
BachChoralHarmony,V16,5665.0,0.3968,0.0015,1.0,5.0,3.1276,3.0,1.1037,0.3983,-0.9156,1.0,2.0,0.083,0.083,0.0548,0.0548,0.0729,0.0729,1.4031,3.8689,AdaBoost,0.059866763602381766,0.059866763602381766,0.059866763602381766,0.059866763602381766,0.059866763602381766,0.059866763602381766,0.059866763602381766,0.059866763602381766,0.059866763602381766
BachChoralHarmony,V16,5665.0,0.3968,0.0015,1.0,5.0,3.1276,3.0,1.1037,0.3983,-0.9156,1.0,2.0,0.083,0.083,0.0548,0.0548,0.0729,0.0729,1.4031,3.8689,SVC,0.5076788148345799,0.5081404631372692,0.5053629989556235,0.5069017079142608,0.50706878668141,0.5071227486331662,0.5066318609794588,0.5082954972542042,0.508736384532885
BachChoralHarmony,V16,5665.0,0.3474,0.0014,1.0,5.0,3.1352,3.0,1.1031,0.3865,-0.9242,1.0,2.0,0.0836,0.0836,0.0586,0.0586,0.078,0.078,1.4051,1.5054,DecisionTree,0.45535796718785393,0.4546655674581032,0.4496929744034308,0.44741858301537135,0.4480664128613854,0.4472829550891473,0.4477913089410661,0.44213353830182456,0.44118327506168686
BachChoralHarmony,V16,5665.0,0.3474,0.0014,1.0,5.0,3.1352,3.0,1.1031,0.3865,-0.9242,1.0,2.0,0.0836,0.0836,0.0586,0.0586,0.078,0.078,1.4051,1.5054,LogisticRegression,0.5104406421540436,0.5090843261877553,0.5118449346174357,0.5105018035754938,0.5111383085724565,0.5112817050698383,0.5109814286440539,0.5103155631999116,0.5111855292186689
BachChoralHarmony,V16,5665.0,0.3474,0.0014,1.0,5.0,3.1352,3.0,1.1031,0.3865,-0.9242,1.0,2.0,0.0836,0.0836,0.0586,0.0586,0.078,0.078,1.4051,1.5054,KNN,0.46761921298237535,0.4684380740159087,0.4669154721280278,0.46879237783675953,0.46808169849423753,0.4687344735799357,0.46761096760043075,0.4650101216147464,0.4682563644441837
BachChoralHarmony,V16,5665.0,0.3474,0.0014,1.0,5.0,3.1352,3.0,1.1031,0.3865,-0.9242,1.0,2.0,0.0836,0.0836,0.0586,0.0586,0.078,0.078,1.4051,1.5054,RandomForest,0.48982458610160934,0.493026121943426,0.4940606727940653,0.4910574430134577,0.49318616842871604,0.4906852805666817,0.4888120750061971,0.4891105693239506,0.4884070976071672
BachChoralHarmony,V16,5665.0,0.3474,0.0014,1.0,5.0,3.1352,3.0,1.1031,0.3865,-0.9242,1.0,2.0,0.0836,0.0836,0.0586,0.0586,0.078,0.078,1.4051,1.5054,AdaBoost,0.059866763602381766,0.059866763602381766,0.059866763602381766,0.059866763602381766,0.059866763602381766,0.059866763602381766,0.059866763602381766,0.059866763602381766,0.059866763602381766
BachChoralHarmony,V16,5665.0,0.3474,0.0014,1.0,5.0,3.1352,3.0,1.1031,0.3865,-0.9242,1.0,2.0,0.0836,0.0836,0.0586,0.0586,0.078,0.078,1.4051,1.5054,SVC,0.5071427925722125,0.5074305029661127,0.5067351291504746,0.5069665249533114,0.5074789298180467,0.5067520824656152,0.5065871237994358,0.5074276054969068,0.5074198328005732
BachChoralHarmony,V16,5665.0,0.301,0.0013,1.0,5.0,3.1465,3.0,1.1004,0.3826,-0.9425,1.0,2.0,0.0613,0.0613,0.0432,0.0432,0.0577,0.0577,1.402,3.8086,DecisionTree,0.453384464295243,0.4507074960273086,0.4445677110069848,0.4462796035434949,0.4462181740611971,0.4504607497005966,0.4437887661581057,0.44568510838145386,0.4532668825331215
BachChoralHarmony,V16,5665.0,0.301,0.0013,1.0,5.0,3.1465,3.0,1.1004,0.3826,-0.9425,1.0,2.0,0.0613,0.0613,0.0432,0.0432,0.0577,0.0577,1.402,3.8086,LogisticRegression,0.5148531030986452,0.5115323092187753,0.5149193488471296,0.5123792600728068,0.5136109758419275,0.5134670734105695,0.5137239329819052,0.5113325611141106,0.5136551778254318
BachChoralHarmony,V16,5665.0,0.301,0.0013,1.0,5.0,3.1465,3.0,1.1004,0.3826,-0.9425,1.0,2.0,0.0613,0.0613,0.0432,0.0432,0.0577,0.0577,1.402,3.8086,KNN,0.4709795413242619,0.4691563998475335,0.46907297905580136,0.47079811959113416,0.46727120448300696,0.467060662285633,0.47233756659098025,0.46741538475774086,0.46914191182430404
BachChoralHarmony,V16,5665.0,0.301,0.0013,1.0,5.0,3.1465,3.0,1.1004,0.3826,-0.9425,1.0,2.0,0.0613,0.0613,0.0432,0.0432,0.0577,0.0577,1.402,3.8086,RandomForest,0.4904003627330667,0.49723864109625093,0.49724195980631725,0.4844965906930664,0.49125607928638837,0.4911243413860218,0.48806988343245855,0.4915196790718128,0.48825790158260746
BachChoralHarmony,V16,5665.0,0.301,0.0013,1.0,5.0,3.1465,3.0,1.1004,0.3826,-0.9425,1.0,2.0,0.0613,0.0613,0.0432,0.0432,0.0577,0.0577,1.402,3.8086,AdaBoost,0.059866763602381766,0.059866763602381766,0.059866763602381766,0.059866763602381766,0.059866763602381766,0.059866763602381766,0.059866763602381766,0.059866763602381766,0.059866763602381766
BachChoralHarmony,V16,5665.0,0.301,0.0013,1.0,5.0,3.1465,3.0,1.1004,0.3826,-0.9425,1.0,2.0,0.0613,0.0613,0.0432,0.0432,0.0577,0.0577,1.402,3.8086,SVC,0.5074005199056164,0.51032292939124,0.5071550754267741,0.5082707816679561,0.5090299704666481,0.5084794938691823,0.507803630377886,0.5071111650731818,0.507966018413555
BachChoralHarmony,V16,5665.0,0.2561,0.0012,1.0,5.0,3.1381,3.0,1.1153,0.3666,-0.9446,1.0,2.0,0.0909,0.0909,0.0657,0.0657,0.0876,0.0876,1.4153,3.6972,DecisionTree,0.4521473931954165,0.4509608313627627,0.4526074492666016,0.4462337529902539,0.4506610331716271,0.4492623466409169,0.4483679107563047,0.45018590941451814,0.45101241254043656
BachChoralHarmony,V16,5665.0,0.2561,0.0012,1.0,5.0,3.1381,3.0,1.1153,0.3666,-0.9446,1.0,2.0,0.0909,0.0909,0.0657,0.0657,0.0876,0.0876,1.4153,3.6972,LogisticRegression,0.5083129757138695,0.5071309292240291,0.5079373106290944,0.5094567785199957,0.5074896273497412,0.5078515831125381,0.5082857032538293,0.5078327450276781,0.5086444592917071
BachChoralHarmony,V16,5665.0,0.2561,0.0012,1.0,5.0,3.1381,3.0,1.1153,0.3666,-0.9446,1.0,2.0,0.0909,0.0909,0.0657,0.0657,0.0876,0.0876,1.4153,3.6972,KNN,0.46974039834878806,0.4725760884278661,0.47359177494776694,0.4718125729649457,0.4700419128529718,0.4706201137456341,0.4712610092002193,0.46794162834420183,0.47204903336256127
BachChoralHarmony,V16,5665.0,0.2561,0.0012,1.0,5.0,3.1381,3.0,1.1153,0.3666,-0.9446,1.0,2.0,0.0909,0.0909,0.0657,0.0657,0.0876,0.0876,1.4153,3.6972,RandomForest,0.4851004113610766,0.4877571123227359,0.49238407549407875,0.48576468673423934,0.48528040962870655,0.48919885032412763,0.48645652583908894,0.4877617705294451,0.48636747885893994
BachChoralHarmony,V16,5665.0,0.2561,0.0012,1.0,5.0,3.1381,3.0,1.1153,0.3666,-0.9446,1.0,2.0,0.0909,0.0909,0.0657,0.0657,0.0876,0.0876,1.4153,3.6972,AdaBoost,0.059866763602381766,0.059866763602381766,0.059866763602381766,0.059866763602381766,0.059866763602381766,0.059866763602381766,0.059866763602381766,0.059866763602381766,0.059866763602381766
BachChoralHarmony,V16,5665.0,0.2561,0.0012,1.0,5.0,3.1381,3.0,1.1153,0.3666,-0.9446,1.0,2.0,0.0909,0.0909,0.0657,0.0657,0.0876,0.0876,1.4153,3.6972,SVC,0.506890059113293,0.5056040207814619,0.5069251980850741,0.505620452325162,0.505742106451644,0.50583730997939,0.5062883912933249,0.5052691596332419,0.5056988968008722
BachChoralHarmony,V16,5665.0,0.2069,0.0011,1.0,5.0,3.1367,3.0,1.1094,0.3741,-0.9276,1.0,2.0,0.0854,0.0854,0.0563,0.0563,0.0752,0.0752,1.4114,3.8215,DecisionTree,0.45264133833537784,0.45183295925575806,0.44959114995337107,0.4475019373637079,0.44623051455364265,0.4405484240012837,0.4445848487031438,0.43937796113960137,0.4464606120305562
BachChoralHarmony,V16,5665.0,0.2069,0.0011,1.0,5.0,3.1367,3.0,1.1094,0.3741,-0.9276,1.0,2.0,0.0854,0.0854,0.0563,0.0563,0.0752,0.0752,1.4114,3.8215,LogisticRegression,0.5080864788044072,0.5092376518195149,0.5091181075846346,0.5081083821096632,0.5079700741861088,0.5085720205659352,0.5073275739678453,0.5083807742321326,0.5076508532542268
BachChoralHarmony,V16,5665.0,0.2069,0.0011,1.0,5.0,3.1367,3.0,1.1094,0.3741,-0.9276,1.0,2.0,0.0854,0.0854,0.0563,0.0563,0.0752,0.0752,1.4114,3.8215,KNN,0.46279217089661207,0.4638370514829429,0.46157897784134416,0.4619695057900176,0.4606289455558361,0.4611750693531882,0.4637665630403284,0.46169499890676946,0.46207193357514237
BachChoralHarmony,V16,5665.0,0.2069,0.0011,1.0,5.0,3.1367,3.0,1.1094,0.3741,-0.9276,1.0,2.0,0.0854,0.0854,0.0563,0.0563,0.0752,0.0752,1.4114,3.8215,RandomForest,0.48410054474124825,0.4814335460792933,0.4894093397597607,0.4848213281544228,0.4816054978252251,0.48359725098935435,0.4900883502024602,0.48449624072253106,0.484308886995998
BachChoralHarmony,V16,5665.0,0.2069,0.0011,1.0,5.0,3.1367,3.0,1.1094,0.3741,-0.9276,1.0,2.0,0.0854,0.0854,0.0563,0.0563,0.0752,0.0752,1.4114,3.8215,AdaBoost,0.059866763602381766,0.059866763602381766,0.059866763602381766,0.059866763602381766,0.059866763602381766,0.059866763602381766,0.059866763602381766,0.059866763602381766,0.059866763602381766
BachChoralHarmony,V16,5665.0,0.2069,0.0011,1.0,5.0,3.1367,3.0,1.1094,0.3741,-0.9276,1.0,2.0,0.0854,0.0854,0.0563,0.0563,0.0752,0.0752,1.4114,3.8215,SVC,0.5064460748009411,0.5068831941157051,0.506483366306428,0.5064420471185903,0.5063107962109232,0.5059485107591704,0.5063633604265942,0.5067465390700803,0.5071333133302174
BachChoralHarmony,V16,5665.0,0.138,0.001,1.0,5.0,3.1417,3.0,1.1107,0.3795,-0.9483,1.0,2.0,0.0778,0.0778,0.0527,0.0527,0.0701,0.0701,1.4078,3.7493,DecisionTree,0.4533049775113083,0.4486906794431666,0.4434790895895549,0.4470105305878665,0.44996551963933484,0.44952599632214996,0.44520299123058527,0.4509358091658428,0.44597816340268226
BachChoralHarmony,V16,5665.0,0.138,0.001,1.0,5.0,3.1417,3.0,1.1107,0.3795,-0.9483,1.0,2.0,0.0778,0.0778,0.0527,0.0527,0.0701,0.0701,1.4078,3.7493,LogisticRegression,0.5127069561019173,0.5114722090437548,0.5113522350491481,0.5109715940190328,0.5116325721128522,0.5109719508440493,0.5121528553698617,0.5125925061616556,0.5104934096595946
BachChoralHarmony,V16,5665.0,0.138,0.001,1.0,5.0,3.1417,3.0,1.1107,0.3795,-0.9483,1.0,2.0,0.0778,0.0778,0.0527,0.0527,0.0701,0.0701,1.4078,3.7493,KNN,0.46678841688386985,0.4723414717710487,0.4714620594850471,0.4686064530006896,0.4690726305869334,0.4691554875261812,0.4691109463104127,0.4673012977576018,0.4683449663106256
BachChoralHarmony,V16,5665.0,0.138,0.001,1.0,5.0,3.1417,3.0,1.1107,0.3795,-0.9483,1.0,2.0,0.0778,0.0778,0.0527,0.0527,0.0701,0.0701,1.4078,3.7493,RandomForest,0.48959430103889434,0.48907764036995127,0.4921404773319877,0.4918682221943663,0.48999167114492603,0.48707286325508614,0.4867731582329583,0.4862171036546125,0.48528561128141956
BachChoralHarmony,V16,5665.0,0.138,0.001,1.0,5.0,3.1417,3.0,1.1107,0.3795,-0.9483,1.0,2.0,0.0778,0.0778,0.0527,0.0527,0.0701,0.0701,1.4078,3.7493,AdaBoost,0.059866763602381766,0.059866763602381766,0.059866763602381766,0.059866763602381766,0.059866763602381766,0.059866763602381766,0.059866763602381766,0.059866763602381766,0.059866763602381766
BachChoralHarmony,V16,5665.0,0.138,0.001,1.0,5.0,3.1417,3.0,1.1107,0.3795,-0.9483,1.0,2.0,0.0778,0.0778,0.0527,0.0527,0.0701,0.0701,1.4078,3.7493,SVC,0.5091382291115439,0.5084633050057273,0.5096706328080208,0.5089653766236085,0.509932079994564,0.5096870796876849,0.5084488834840495,0.5082221483022987,0.5090802976033488
BachChoralHarmony,V16,5665.0,0.0959,0.001,1.0,5.0,3.1351,3.0,1.1068,0.3736,-0.9245,1.0,2.0,0.076,0.076,0.0518,0.0518,0.0689,0.0689,1.4112,3.7988,DecisionTree,0.4505423206053894,0.44701565676334154,0.44660990548189167,0.445190827030933,0.447379486086989,0.4482421167186444,0.44328709769281616,0.44448324140221457,0.4491207123412019
BachChoralHarmony,V16,5665.0,0.0959,0.001,1.0,5.0,3.1351,3.0,1.1068,0.3736,-0.9245,1.0,2.0,0.076,0.076,0.0518,0.0518,0.0689,0.0689,1.4112,3.7988,LogisticRegression,0.5109526301384855,0.5102845234099197,0.5113339221888007,0.5106780032339473,0.5107670296744293,0.5106248961355312,0.5119777601316395,0.5105076080397726,0.5107700941795261
BachChoralHarmony,V16,5665.0,0.0959,0.001,1.0,5.0,3.1351,3.0,1.1068,0.3736,-0.9245,1.0,2.0,0.076,0.076,0.0518,0.0518,0.0689,0.0689,1.4112,3.7988,KNN,0.4661837249365784,0.46885973074954357,0.468318969393124,0.46769338276019434,0.46643398361652744,0.4666690010300597,0.4666774742055005,0.4667833789944773,0.4663048053367681
BachChoralHarmony,V16,5665.0,0.0959,0.001,1.0,5.0,3.1351,3.0,1.1068,0.3736,-0.9245,1.0,2.0,0.076,0.076,0.0518,0.0518,0.0689,0.0689,1.4112,3.7988,RandomForest,0.4882842463701507,0.4849727805479663,0.4930759099850968,0.48824046544948246,0.4903024722758716,0.4922749806284561,0.4908086897469958,0.48481316779038014,0.4862515292396671
BachChoralHarmony,V16,5665.0,0.0959,0.001,1.0,5.0,3.1351,3.0,1.1068,0.3736,-0.9245,1.0,2.0,0.076,0.076,0.0518,0.0518,0.0689,0.0689,1.4112,3.7988,AdaBoost,0.059866763602381766,0.059866763602381766,0.059866763602381766,0.059866763602381766,0.059866763602381766,0.059866763602381766,0.059866763602381766,0.059866763602381766,0.059866763602381766
BachChoralHarmony,V16,5665.0,0.0959,0.001,1.0,5.0,3.1351,3.0,1.1068,0.3736,-0.9245,1.0,2.0,0.076,0.076,0.0518,0.0518,0.0689,0.0689,1.4112,3.7988,SVC,0.509632933013008,0.5103159577783442,0.5101778854064162,0.5093544279386899,0.5095838551736802,0.5094467331331616,0.5100152063808736,0.5105184795284692,0.5100921455475698
BachChoralHarmony,V16,5665.0,0.0473,0.0009,1.0,5.0,3.1393,3.0,1.1138,0.3713,-0.9485,1.0,2.0,0.0733,0.0733,0.0497,0.0497,0.0662,0.0662,1.4126,3.8072,DecisionTree,0.4501552464782843,0.44316327377147247,0.44591672641402025,0.44660880567016265,0.4409650489001166,0.44606288553993806,0.44914602566747214,0.4451734898205295,0.44231611132303406
BachChoralHarmony,V16,5665.0,0.0473,0.0009,1.0,5.0,3.1393,3.0,1.1138,0.3713,-0.9485,1.0,2.0,0.0733,0.0733,0.0497,0.0497,0.0662,0.0662,1.4126,3.8072,LogisticRegression,0.5104370842739125,0.5114839485239541,0.5110252599186795,0.50999117581604,0.5108718064500091,0.5114352797753865,0.5114222900023513,0.5105610635636694,0.5110696932166787
BachChoralHarmony,V16,5665.0,0.0473,0.0009,1.0,5.0,3.1393,3.0,1.1138,0.3713,-0.9485,1.0,2.0,0.0733,0.0733,0.0497,0.0497,0.0662,0.0662,1.4126,3.8072,KNN,0.4662544944854954,0.4668552582520398,0.4664517085048199,0.4673269005235053,0.46633533456407195,0.46728496277075593,0.46666574356917045,0.46806802624978017,0.4667100332252516
BachChoralHarmony,V16,5665.0,0.0473,0.0009,1.0,5.0,3.1393,3.0,1.1138,0.3713,-0.9485,1.0,2.0,0.0733,0.0733,0.0497,0.0497,0.0662,0.0662,1.4126,3.8072,RandomForest,0.48428507637700746,0.4838681015196251,0.4828020141201457,0.48156137808297605,0.4857222199913163,0.48272701989093464,0.48340299881262333,0.4820061883820019,0.4851796556786695
BachChoralHarmony,V16,5665.0,0.0473,0.0009,1.0,5.0,3.1393,3.0,1.1138,0.3713,-0.9485,1.0,2.0,0.0733,0.0733,0.0497,0.0497,0.0662,0.0662,1.4126,3.8072,AdaBoost,0.059866763602381766,0.059866763602381766,0.059866763602381766,0.059866763602381766,0.059866763602381766,0.059866763602381766,0.059866763602381766,0.059866763602381766,0.059866763602381766
BachChoralHarmony,V16,5665.0,0.0473,0.0009,1.0,5.0,3.1393,3.0,1.1138,0.3713,-0.9485,1.0,2.0,0.0733,0.0733,0.0497,0.0497,0.0662,0.0662,1.4126,3.8072,SVC,0.5092132145446849,0.5081916705502209,0.5102391725669038,0.51022830925128,0.5097999148526846,0.5097861399013901,0.5102760290252479,0.5096640803142022,0.5102978339779579
bank,duration,3074.0,0.5039,0.3823,4.0,2087.0,263.0649,181.0,264.5068,2.7139,10.0902,94.0,220.0,0.0014,0.0018,0.0223,0.0242,0.0282,0.031,6.112,0.0002,DecisionTree,0.8437162115645293,0.8389262495155849,0.8419685256599103,0.8463005995815628,0.8454555838655726,0.8440685207580152,0.838554628263543,0.8389025893394524,0.8390531291968751
bank,duration,3074.0,0.5039,0.3823,4.0,2087.0,263.0649,181.0,264.5068,2.7139,10.0902,94.0,220.0,0.0014,0.0018,0.0223,0.0242,0.0282,0.031,6.112,0.0002,LogisticRegression,0.8434504846560079,0.8338248986061969,0.8390441259562463,0.841527604625371,0.8421062624895592,0.8418690197810113,0.8422609144580686,0.835256202393453,0.8381865770256989
bank,duration,3074.0,0.5039,0.3823,4.0,2087.0,263.0649,181.0,264.5068,2.7139,10.0902,94.0,220.0,0.0014,0.0018,0.0223,0.0242,0.0282,0.031,6.112,0.0002,KNN,0.8444544940571335,0.8425764032652056,0.8439147362272486,0.8446922433316604,0.8457814976028546,0.8450948111098431,0.8431733629202698,0.8421694548251782,0.8444246603952865
bank,duration,3074.0,0.5039,0.3823,4.0,2087.0,263.0649,181.0,264.5068,2.7139,10.0902,94.0,220.0,0.0014,0.0018,0.0223,0.0242,0.0282,0.031,6.112,0.0002,RandomForest,0.845452815677242,0.845463677479848,0.8434667484346443,0.8462188416512588,0.8460226204910082,0.8464419437871031,0.8326734065095097,0.8258509820696852,0.8446940014816479
bank,duration,3074.0,0.5039,0.3823,4.0,2087.0,263.0649,181.0,264.5068,2.7139,10.0902,94.0,220.0,0.0014,0.0018,0.0223,0.0242,0.0282,0.031,6.112,0.0002,AdaBoost,0.8504713791842774,0.8466274120546564,0.8423035503784475,0.8495665241906375,0.8497430508474613,0.8472282448374295,0.849209649405956,0.8422423895823877,0.8456962588498881
bank,duration,3074.0,0.5039,0.3823,4.0,2087.0,263.0649,181.0,264.5068,2.7139,10.0902,94.0,220.0,0.0014,0.0018,0.0223,0.0242,0.0282,0.031,6.112,0.0002,SVC,0.8401566555972784,0.839917414911193,0.8385111038955967,0.8388031693328212,0.8402512140697667,0.8387972886542151,0.8385534227972075,0.8386001577180999,0.8379618565714315
bank,duration,3074.0,0.4463,0.3649,4.0,2456.0,267.4706,184.0,264.0361,2.6164,10.0533,96.0,223.75,0.0416,0.0441,0.0477,0.0509,0.0611,0.0646,6.1718,0.0002,DecisionTree,0.8462183856525267,0.8465444152256848,0.8592833525605299,0.8472395111180736,0.8486350705916954,0.8551121093488331,0.8489538082255289,0.8437882400894182,0.8572405442394814
bank,duration,3074.0,0.4463,0.3649,4.0,2456.0,267.4706,184.0,264.0361,2.6164,10.0533,96.0,223.75,0.0416,0.0441,0.0477,0.0509,0.0611,0.0646,6.1718,0.0002,LogisticRegression,0.841774918342223,0.8383379690251549,0.8424578124819555,0.8434091678783355,0.8415542642458316,0.8407531532502281,0.8421277313864959,0.8391879583677178,0.8402002907060839
bank,duration,3074.0,0.4463,0.3649,4.0,2456.0,267.4706,184.0,264.0361,2.6164,10.0533,96.0,223.75,0.0416,0.0441,0.0477,0.0509,0.0611,0.0646,6.1718,0.0002,KNN,0.8525082444316722,0.848640090206879,0.8512831919880788,0.8518591790282213,0.850934309929358,0.8516111527027357,0.8492733242568261,0.8469622163233497,0.8531119094231214
bank,duration,3074.0,0.4463,0.3649,4.0,2456.0,267.4706,184.0,264.0361,2.6164,10.0533,96.0,223.75,0.0416,0.0441,0.0477,0.0509,0.0611,0.0646,6.1718,0.0002,RandomForest,0.856150050248788,0.858360204691106,0.8587267214079757,0.8556060546782656,0.852767827074117,0.8552977584159756,0.8439367220497207,0.8465461256704291,0.8601124315750834
bank,duration,3074.0,0.4463,0.3649,4.0,2456.0,267.4706,184.0,264.0361,2.6164,10.0533,96.0,223.75,0.0416,0.0441,0.0477,0.0509,0.0611,0.0646,6.1718,0.0002,AdaBoost,0.8466380242948203,0.8478112283388026,0.8519258870527304,0.8469225310571817,0.849009186033509,0.8442918629773773,0.8466106828373547,0.8460847783228848,0.846370016261966
bank,duration,3074.0,0.4463,0.3649,4.0,2456.0,267.4706,184.0,264.0361,2.6164,10.0533,96.0,223.75,0.0416,0.0441,0.0477,0.0509,0.0611,0.0646,6.1718,0.0002,SVC,0.8418640135658936,0.8465244299344344,0.8436440851400944,0.8407721197666509,0.8423774674698967,0.8390634248348019,0.8407151244136887,0.8435725499812965,0.8427483394631696
bank,duration,3074.0,0.3891,0.344,4.0,3025.0,267.5687,183.0,274.8788,3.2447,17.1624,95.5,223.75,0.0021,0.0232,0.0305,0.0342,0.0389,0.0437,6.1832,0.0002,DecisionTree,0.8495836323381432,0.8517500508966455,0.8573868142933447,0.8473838514768454,0.8581050324726224,0.8462642683923065,0.8457763074400215,0.8549274472741689,0.8561632650730081
bank,duration,3074.0,0.3891,0.344,4.0,3025.0,267.5687,183.0,274.8788,3.2447,17.1624,95.5,223.75,0.0021,0.0232,0.0305,0.0342,0.0389,0.0437,6.1832,0.0002,LogisticRegression,0.8492966620570659,0.8491743144833466,0.8479610485755336,0.8500129279849493,0.8483315055495331,0.8500254794027103,0.8503169994332097,0.8494489064128385,0.8488426248402308
bank,duration,3074.0,0.3891,0.344,4.0,3025.0,267.5687,183.0,274.8788,3.2447,17.1624,95.5,223.75,0.0021,0.0232,0.0305,0.0342,0.0389,0.0437,6.1832,0.0002,KNN,0.8516241207886773,0.847063026932316,0.8544801168141894,0.852301812079404,0.8525842690995298,0.8549819140536387,0.8494397069683681,0.84884320327275,0.8516057850217537
bank,duration,3074.0,0.3891,0.344,4.0,3025.0,267.5687,183.0,274.8788,3.2447,17.1624,95.5,223.75,0.0021,0.0232,0.0305,0.0342,0.0389,0.0437,6.1832,0.0002,RandomForest,0.8607759964818267,0.8631820702862522,0.8613104216547192,0.8576412160961118,0.8561937017994864,0.8591767964616737,0.8497752158127422,0.8490240537846284,0.862339394641541
bank,duration,3074.0,0.3891,0.344,4.0,3025.0,267.5687,183.0,274.8788,3.2447,17.1624,95.5,223.75,0.0021,0.0232,0.0305,0.0342,0.0389,0.0437,6.1832,0.0002,AdaBoost,0.8564067222854415,0.8549717054272561,0.8583134814609453,0.8593901697374994,0.8587623551090793,0.8544013121909154,0.8576074144893016,0.854932921346554,0.857350415007593
bank,duration,3074.0,0.3891,0.344,4.0,3025.0,267.5687,183.0,274.8788,3.2447,17.1624,95.5,223.75,0.0021,0.0232,0.0305,0.0342,0.0389,0.0437,6.1832,0.0002,SVC,0.8498668453445997,0.8511569767994174,0.8490732552925091,0.8498744092172955,0.8497340923261796,0.8513228818188467,0.8506111386926198,0.8520435421110197,0.8509885066906757
bank,duration,3074.0,0.3614,0.3357,4.0,3025.0,267.2028,187.0,269.6237,3.078,15.793,97.0,221.0,0.0223,0.0465,0.0402,0.0437,0.0513,0.0555,6.2098,0.0002,DecisionTree,0.8516765429531729,0.8543557287698108,0.8443341185646007,0.8522227324580726,0.8539256247365089,0.8466401220516401,0.8520948924614606,0.8572766083710884,0.8518685534836592
bank,duration,3074.0,0.3614,0.3357,4.0,3025.0,267.2028,187.0,269.6237,3.078,15.793,97.0,221.0,0.0223,0.0465,0.0402,0.0437,0.0513,0.0555,6.2098,0.0002,LogisticRegression,0.8431898321707565,0.8358744875364547,0.8397326230262636,0.8416661908974901,0.8433880737515109,0.8417134736160473,0.8418274608300307,0.8380383000735065,0.8404114500572453
bank,duration,3074.0,0.3614,0.3357,4.0,3025.0,267.2028,187.0,269.6237,3.078,15.793,97.0,221.0,0.0223,0.0465,0.0402,0.0437,0.0513,0.0555,6.2098,0.0002,KNN,0.8499415743109999,0.8454611639061016,0.8493419541847631,0.8515119532348226,0.849291249287765,0.8512879424217819,0.8478955917093884,0.8447747763928319,0.8478507838453794
bank,duration,3074.0,0.3614,0.3357,4.0,3025.0,267.2028,187.0,269.6237,3.078,15.793,97.0,221.0,0.0223,0.0465,0.0402,0.0437,0.0513,0.0555,6.2098,0.0002,RandomForest,0.8539799714645799,0.8494851621300736,0.8504742442860612,0.8515365212221181,0.8490825609217603,0.8554082325795787,0.8401022223523986,0.8421167226830113,0.8475400197507289
bank,duration,3074.0,0.3614,0.3357,4.0,3025.0,267.2028,187.0,269.6237,3.078,15.793,97.0,221.0,0.0223,0.0465,0.0402,0.0437,0.0513,0.0555,6.2098,0.0002,AdaBoost,0.8501807605537179,0.848144670758623,0.8490359241362504,0.8507469889507404,0.8505117743052062,0.8525993183901069,0.8475644198935464,0.8436006944688558,0.8489841444015944
bank,duration,3074.0,0.3614,0.3357,4.0,3025.0,267.2028,187.0,269.6237,3.078,15.793,97.0,221.0,0.0223,0.0465,0.0402,0.0437,0.0513,0.0555,6.2098,0.0002,SVC,0.8406025931853505,0.8416636835764706,0.8431808958157085,0.8413061255669874,0.8406682485849201,0.8411431538198747,0.8394540913995829,0.8427522714750533,0.8394508973586787
bank,duration,3074.0,0.3019,0.3113,4.0,2456.0,260.3481,182.0,252.2441,2.6898,10.9775,94.5,221.0,0.0055,0.032,0.0357,0.04,0.0455,0.0509,6.2101,0.0002,DecisionTree,0.8506368790405685,0.8476170519995934,0.8628769895119368,0.8448723478943818,0.8528029394812571,0.848448313129224,0.8513392294208929,0.8495095030549906,0.8493831230988369
bank,duration,3074.0,0.3019,0.3113,4.0,2456.0,260.3481,182.0,252.2441,2.6898,10.9775,94.5,221.0,0.0055,0.032,0.0357,0.04,0.0455,0.0509,6.2101,0.0002,LogisticRegression,0.8434612215053148,0.8476237040946122,0.8470000617616827,0.8428908442319996,0.8432675509075422,0.8448904944059547,0.845382721148118,0.8496057423210777,0.844120220402861
bank,duration,3074.0,0.3019,0.3113,4.0,2456.0,260.3481,182.0,252.2441,2.6898,10.9775,94.5,221.0,0.0055,0.032,0.0357,0.04,0.0455,0.0509,6.2101,0.0002,KNN,0.8534535166009998,0.8525222137076948,0.8516359943464437,0.8557875159776184,0.8548445130180603,0.8538869682182854,0.8506920557568272,0.852595710907416,0.8498962161096681
bank,duration,3074.0,0.3019,0.3113,4.0,2456.0,260.3481,182.0,252.2441,2.6898,10.9775,94.5,221.0,0.0055,0.032,0.0357,0.04,0.0455,0.0509,6.2101,0.0002,RandomForest,0.8555467905562004,0.8536290241901827,0.8494332716312726,0.8554565159762575,0.8549878116225625,0.854190986025221,0.8455728202883599,0.8435068139385329,0.8491280743167002
bank,duration,3074.0,0.3019,0.3113,4.0,2456.0,260.3481,182.0,252.2441,2.6898,10.9775,94.5,221.0,0.0055,0.032,0.0357,0.04,0.0455,0.0509,6.2101,0.0002,AdaBoost,0.8545623646796185,0.8517046518182545,0.8562659903460261,0.8549362851936391,0.8551504536089474,0.8558666015569115,0.8507995994244176,0.8489254582563355,0.8569450926760023
bank,duration,3074.0,0.3019,0.3113,4.0,2456.0,260.3481,182.0,252.2441,2.6898,10.9775,94.5,221.0,0.0055,0.032,0.0357,0.04,0.0455,0.0509,6.2101,0.0002,SVC,0.8435631820536518,0.8474405081081751,0.8431639726041069,0.8446261705493334,0.8445730873911619,0.843309518680043,0.842827307942619,0.8473183983828978,0.8436222328275249
bank,duration,3074.0,0.2427,0.3011,4.0,3025.0,269.4068,187.5,271.981,3.0531,15.2726,97.5,225.0,0.0029,0.0234,0.0223,0.0263,0.0285,0.0332,6.2462,0.0001,DecisionTree,0.8514510374732802,0.8567105332270029,0.8619613243822635,0.8510451912860674,0.8559006509041994,0.8525520703838667,0.851335288942764,0.8556707445663199,0.8673551319948887
bank,duration,3074.0,0.2427,0.3011,4.0,3025.0,269.4068,187.5,271.981,3.0531,15.2726,97.5,225.0,0.0029,0.0234,0.0223,0.0263,0.0285,0.0332,6.2462,0.0001,LogisticRegression,0.8460449285631801,0.8463085959873036,0.8455682365767736,0.845984246436898,0.846026703792176,0.8458413315569051,0.846989181091269,0.8468062943038475,0.845892030889499
bank,duration,3074.0,0.2427,0.3011,4.0,3025.0,269.4068,187.5,271.981,3.0531,15.2726,97.5,225.0,0.0029,0.0234,0.0223,0.0263,0.0285,0.0332,6.2462,0.0001,KNN,0.8527900799947399,0.8524909297931825,0.8507276861007144,0.8523954012491397,0.8525811094555212,0.8536172806900879,0.8528617670824343,0.850837052657718,0.8514447714978539
bank,duration,3074.0,0.2427,0.3011,4.0,3025.0,269.4068,187.5,271.981,3.0531,15.2726,97.5,225.0,0.0029,0.0234,0.0223,0.0263,0.0285,0.0332,6.2462,0.0001,RandomForest,0.8649223433022539,0.8649868113930327,0.8595806747708082,0.863226328293409,0.8630477487509478,0.862209649723537,0.8546155966993526,0.8504391810148291,0.8636171131503683
bank,duration,3074.0,0.2427,0.3011,4.0,3025.0,269.4068,187.5,271.981,3.0531,15.2726,97.5,225.0,0.0029,0.0234,0.0223,0.0263,0.0285,0.0332,6.2462,0.0001,AdaBoost,0.8653447993633708,0.8583705935196564,0.8592517167097622,0.8605022763204857,0.8595108441280809,0.8582496923302874,0.867617570871828,0.856082177209194,0.858658755430059
bank,duration,3074.0,0.2427,0.3011,4.0,3025.0,269.4068,187.5,271.981,3.0531,15.2726,97.5,225.0,0.0029,0.0234,0.0223,0.0263,0.0285,0.0332,6.2462,0.0001,SVC,0.8427909181338601,0.8470473455910695,0.844144524162761,0.8431980775534897,0.8432721151600083,0.8429887928841389,0.8440378370663458,0.8450216779686385,0.8432933529483969
bank,duration,3074.0,0.1919,0.2874,5.0,3025.0,268.3068,185.0,270.5475,3.0381,15.2832,97.0,227.0,0.0151,0.0323,0.0289,0.0333,0.0367,0.0421,6.2545,0.0001,DecisionTree,0.8586595323843427,0.8567908672439164,0.8589178730177636,0.8554573503059443,0.8589911543844988,0.8613904421046319,0.860399853930139,0.8557850023211366,0.8553795645450478
bank,duration,3074.0,0.1919,0.2874,5.0,3025.0,268.3068,185.0,270.5475,3.0381,15.2832,97.0,227.0,0.0151,0.0323,0.0289,0.0333,0.0367,0.0421,6.2545,0.0001,LogisticRegression,0.8500706195882766,0.847874915022926,0.8461772744628147,0.8507384102802359,0.8495701337629556,0.8507721034199286,0.8502844904092159,0.8487055491205465,0.8514831955816569
bank,duration,3074.0,0.1919,0.2874,5.0,3025.0,268.3068,185.0,270.5475,3.0381,15.2832,97.0,227.0,0.0151,0.0323,0.0289,0.0333,0.0367,0.0421,6.2545,0.0001,KNN,0.8533797603437714,0.8502879375046268,0.8551892598374004,0.8529614060722779,0.8535863946151079,0.8546805701527642,0.85236929631347,0.8468192185076108,0.8538826277647504
bank,duration,3074.0,0.1919,0.2874,5.0,3025.0,268.3068,185.0,270.5475,3.0381,15.2832,97.0,227.0,0.0151,0.0323,0.0289,0.0333,0.0367,0.0421,6.2545,0.0001,RandomForest,0.8572837035262303,0.8631681561274724,0.8589917788854012,0.8577332670512738,0.8560369814673172,0.8575329292743119,0.8491893538787922,0.8515651092394789,0.8573427564555857
bank,duration,3074.0,0.1919,0.2874,5.0,3025.0,268.3068,185.0,270.5475,3.0381,15.2832,97.0,227.0,0.0151,0.0323,0.0289,0.0333,0.0367,0.0421,6.2545,0.0001,AdaBoost,0.8571882854738093,0.8584463551090907,0.8596166502810716,0.8553767384373021,0.8580478787291075,0.8570203552873115,0.8578655888899,0.8549049025842363,0.8548244806552532
bank,duration,3074.0,0.1919,0.2874,5.0,3025.0,268.3068,185.0,270.5475,3.0381,15.2832,97.0,227.0,0.0151,0.0323,0.0289,0.0333,0.0367,0.0421,6.2545,0.0001,SVC,0.8468186909168766,0.8429789692229059,0.8484371659344196,0.8452385751679946,0.8474271666004353,0.8472772328687246,0.8466158035751491,0.8451487709407233,0.8464680324927198
bank,duration,3074.0,0.1526,0.2795,4.0,2769.0,267.3743,187.0,261.5836,2.7114,11.2232,97.0,226.0,0.0098,0.0369,0.0277,0.0332,0.0353,0.0421,6.2666,0.0001,DecisionTree,0.8652756339182408,0.8599853821706495,0.8590060268124359,0.8657827992648006,0.8661702356419683,0.8642067607917805,0.8652756339182408,0.8610075411024994,0.8659919388814756
bank,duration,3074.0,0.1526,0.2795,4.0,2769.0,267.3743,187.0,261.5836,2.7114,11.2232,97.0,226.0,0.0098,0.0369,0.0277,0.0332,0.0353,0.0421,6.2666,0.0001,LogisticRegression,0.8545170699505397,0.8502719994922835,0.8527735711541443,0.8553924604289925,0.8544180842189528,0.853872983830584,0.8545093734806295,0.8517535880452757,0.85312245434356
bank,duration,3074.0,0.1526,0.2795,4.0,2769.0,267.3743,187.0,261.5836,2.7114,11.2232,97.0,226.0,0.0098,0.0369,0.0277,0.0332,0.0353,0.0421,6.2666,0.0001,KNN,0.8584558418323169,0.8554403294230284,0.859948438894115,0.8593041941821439,0.8582132520876768,0.8566330254236559,0.8560139815112651,0.8569700034880369,0.8596809996938848
bank,duration,3074.0,0.1526,0.2795,4.0,2769.0,267.3743,187.0,261.5836,2.7114,11.2232,97.0,226.0,0.0098,0.0369,0.0277,0.0332,0.0353,0.0421,6.2666,0.0001,RandomForest,0.860419018609389,0.8608098425301363,0.8649959970117909,0.8604883835238747,0.8611847280603343,0.8624993103234265,0.8552857596793537,0.8556361116218489,0.8607599324174697
bank,duration,3074.0,0.1526,0.2795,4.0,2769.0,267.3743,187.0,261.5836,2.7114,11.2232,97.0,226.0,0.0098,0.0369,0.0277,0.0332,0.0353,0.0421,6.2666,0.0001,AdaBoost,0.8607533193134025,0.8590092859227394,0.859283923160298,0.8636099828908688,0.8630439443937838,0.8592795179689781,0.8609505342326986,0.8611244523264501,0.8619369819731656
bank,duration,3074.0,0.1526,0.2795,4.0,2769.0,267.3743,187.0,261.5836,2.7114,11.2232,97.0,226.0,0.0098,0.0369,0.0277,0.0332,0.0353,0.0421,6.2666,0.0001,SVC,0.8492068563363797,0.8462423520504025,0.8497576997459517,0.8488259099246638,0.8492471172359465,0.8481956589533219,0.8490107047517895,0.8467039546090929,0.8476600087294961
bank,duration,3074.0,0.0979,0.2723,4.0,3025.0,270.6004,187.0,273.0895,2.9609,14.1906,98.0,227.0,0.0117,0.036,0.0322,0.0372,0.0411,0.0471,6.2861,0.0001,DecisionTree,0.8582353523455524,0.8565888867015456,0.8598381455472919,0.855571095342037,0.8547857993245705,0.8555974273704734,0.8577584629550936,0.8567910631811564,0.8612831146067301
bank,duration,3074.0,0.0979,0.2723,4.0,3025.0,270.6004,187.0,273.0895,2.9609,14.1906,98.0,227.0,0.0117,0.036,0.0322,0.0372,0.0411,0.0471,6.2861,0.0001,LogisticRegression,0.8537589009644196,0.8534283448242844,0.8518746556496906,0.8538311621397036,0.8531596790502632,0.8538180444950826,0.8532923361744541,0.8541529497327851,0.8540311264389449
bank,duration,3074.0,0.0979,0.2723,4.0,3025.0,270.6004,187.0,273.0895,2.9609,14.1906,98.0,227.0,0.0117,0.036,0.0322,0.0372,0.0411,0.0471,6.2861,0.0001,KNN,0.8579517485835909,0.8596391925604949,0.8572931170945464,0.8575121856439344,0.8570794256036812,0.8565973180975837,0.8563257603980087,0.8595974869931396,0.857706552825906
bank,duration,3074.0,0.0979,0.2723,4.0,3025.0,270.6004,187.0,273.0895,2.9609,14.1906,98.0,227.0,0.0117,0.036,0.0322,0.0372,0.0411,0.0471,6.2861,0.0001,RandomForest,0.8623113354486814,0.8612547517608018,0.8627445868932565,0.8606130557326181,0.8627952140409889,0.8601474468702341,0.8578814551276721,0.8576575459102104,0.8619149452754709
bank,duration,3074.0,0.0979,0.2723,4.0,3025.0,270.6004,187.0,273.0895,2.9609,14.1906,98.0,227.0,0.0117,0.036,0.0322,0.0372,0.0411,0.0471,6.2861,0.0001,AdaBoost,0.8614892664658458,0.859839733233237,0.8578406445043072,0.8598978354895302,0.8630392661019295,0.8609626303672071,0.8595089293171195,0.85776769231355,0.8575809448214908
bank,duration,3074.0,0.0979,0.2723,4.0,3025.0,270.6004,187.0,273.0895,2.9609,14.1906,98.0,227.0,0.0117,0.036,0.0322,0.0372,0.0411,0.0471,6.2861,0.0001,SVC,0.8517169959900946,0.8491266534811545,0.8530038339354746,0.8521185927741978,0.8519078574218052,0.8519168878080643,0.8519001756237863,0.849985421365785,0.8519303174294547
bank,duration,3074.0,0.0569,0.2635,4.0,3025.0,269.4936,186.0,271.5046,2.9559,14.1169,97.0,226.0,0.0019,0.027,0.0288,0.0334,0.0368,0.0423,6.2943,0.0001,DecisionTree,0.8743580640113665,0.8722089113911684,0.8771464965109189,0.8736030534269467,0.8700538272988303,0.8747185430075862,0.8738096022421116,0.8743015175298584,0.8722065011500987
bank,duration,3074.0,0.0569,0.2635,4.0,3025.0,269.4936,186.0,271.5046,2.9559,14.1169,97.0,226.0,0.0019,0.027,0.0288,0.0334,0.0368,0.0423,6.2943,0.0001,LogisticRegression,0.858518890549064,0.857204205462756,0.859389223026881,0.8576104911847406,0.8576104911847406,0.8580669301800066,0.8582645661421884,0.8585441966500478,0.8587236076559199
bank,duration,3074.0,0.0569,0.2635,4.0,3025.0,269.4936,186.0,271.5046,2.9559,14.1169,97.0,226.0,0.0019,0.027,0.0288,0.0334,0.0368,0.0423,6.2943,0.0001,KNN,0.8637011147389818,0.8591895442929813,0.8635606872484136,0.8637011147389818,0.864148334908726,0.8645413852806976,0.8641256944548461,0.8598782204937565,0.8617831919730738
bank,duration,3074.0,0.0569,0.2635,4.0,3025.0,269.4936,186.0,271.5046,2.9559,14.1169,97.0,226.0,0.0019,0.027,0.0288,0.0334,0.0368,0.0423,6.2943,0.0001,RandomForest,0.8682838398295389,0.8651443320921781,0.8711135025802219,0.8678614464061531,0.8682189736729762,0.8711805992312458,0.8696156682309201,0.8649241564647474,0.8682389394458244
bank,duration,3074.0,0.0569,0.2635,4.0,3025.0,269.4936,186.0,271.5046,2.9559,14.1169,97.0,226.0,0.0019,0.027,0.0288,0.0334,0.0368,0.0423,6.2943,0.0001,AdaBoost,0.8629598320928623,0.8613687371038017,0.8656081804891511,0.8638060812308698,0.8627844567762111,0.8634343143771859,0.8623144554167358,0.8622164691695585,0.8638342904370819
bank,duration,3074.0,0.0569,0.2635,4.0,3025.0,269.4936,186.0,271.5046,2.9559,14.1169,97.0,226.0,0.0019,0.027,0.0288,0.0334,0.0368,0.0423,6.2943,0.0001,SVC,0.8566133451410377,0.8547810115512927,0.8551609029592347,0.8566133451410377,0.8557574005322525,0.8557965683641566,0.8562055482991985,0.8558197318351106,0.8543462592919925
bank,pdays,3074.0,0.4954,0.1193,-1.0,804.0,39.9742,-1.0,98.0888,2.6169,7.2116,0.0,0.0,0.0137,0.6206,0.0474,0.899,0.0608,0.9847,1.4304,0.0026,DecisionTree,0.8689171748106712,0.8623224637339533,0.8680099461500138,0.8649858352818038,0.8723644088294925,0.871010773496147,0.8667056961004544,0.8683020756289754,0.8704230264373889
bank,pdays,3074.0,0.4954,0.1193,-1.0,804.0,39.9742,-1.0,98.0888,2.6169,7.2116,0.0,0.0,0.0137,0.6206,0.0474,0.899,0.0608,0.9847,1.4304,0.0026,LogisticRegression,0.8568339710466504,0.8568339710466504,0.8560601224399338,0.8564789818574764,0.8571908532831409,0.8561176243642811,0.8570754375209437,0.857079995951649,0.8561176243642811
bank,pdays,3074.0,0.4954,0.1193,-1.0,804.0,39.9742,-1.0,98.0888,2.6169,7.2116,0.0,0.0,0.0137,0.6206,0.0474,0.899,0.0608,0.9847,1.4304,0.0026,KNN,0.8627994221522746,0.8604188385824821,0.8608002333602626,0.8593539992972065,0.8612139863225896,0.8642084149978864,0.862284693817792,0.8612280942298007,0.8629940187549701
bank,pdays,3074.0,0.4954,0.1193,-1.0,804.0,39.9742,-1.0,98.0888,2.6169,7.2116,0.0,0.0,0.0137,0.6206,0.0474,0.899,0.0608,0.9847,1.4304,0.0026,RandomForest,0.8635483652092244,0.8658659939865201,0.8589184404440124,0.8634862884583293,0.8643313041298452,0.8661521937527221,0.8655012211348622,0.8651725117883312,0.8603314367693162
bank,pdays,3074.0,0.4954,0.1193,-1.0,804.0,39.9742,-1.0,98.0888,2.6169,7.2116,0.0,0.0,0.0137,0.6206,0.0474,0.899,0.0608,0.9847,1.4304,0.0026,AdaBoost,0.8626787445977105,0.862359049564337,0.8672943809779372,0.8613264836589942,0.8630954384872325,0.8648623884672276,0.8629323314285015,0.8617594005231644,0.8628285545766446
bank,pdays,3074.0,0.4954,0.1193,-1.0,804.0,39.9742,-1.0,98.0888,2.6169,7.2116,0.0,0.0,0.0137,0.6206,0.0474,0.899,0.0608,0.9847,1.4304,0.0026,SVC,0.8607653594560738,0.8601227777998743,0.8585374288941663,0.8579023654321465,0.8593449218247361,0.8576748200039538,0.8590350517998625,0.8577817125622744,0.8566239277364843
bank,pdays,3074.0,0.445,0.1108,-1.0,687.0,40.9959,-1.0,99.9222,2.495,5.8222,0.0,0.0,0.0314,0.6096,0.0477,0.9009,0.061,0.985,1.4273,0.0025,DecisionTree,0.8684531130547424,0.86583714843427,0.8684078294087092,0.8710583858367189,0.8636325501983171,0.8714332812256749,0.867480334245567,0.8684531130547424,0.8698495267167389
bank,pdays,3074.0,0.445,0.1108,-1.0,687.0,40.9959,-1.0,99.9222,2.495,5.8222,0.0,0.0,0.0314,0.6096,0.0477,0.9009,0.061,0.985,1.4273,0.0025,LogisticRegression,0.856322740686796,0.856322740686796,0.8569422246492938,0.8569467241138551,0.8560322981546409,0.8560763091451682,0.8571190365667718,0.8559195975447924,0.8558701483427029
bank,pdays,3074.0,0.445,0.1108,-1.0,687.0,40.9959,-1.0,99.9222,2.495,5.8222,0.0,0.0,0.0314,0.6096,0.0477,0.9009,0.061,0.985,1.4273,0.0025,KNN,0.8573354346045321,0.8605347291618329,0.8614833649894823,0.8629603648888652,0.8626832485644257,0.8605758570429141,0.8583153982478553,0.8611710961683026,0.8612030606403588
bank,pdays,3074.0,0.445,0.1108,-1.0,687.0,40.9959,-1.0,99.9222,2.495,5.8222,0.0,0.0,0.0314,0.6096,0.0477,0.9009,0.061,0.985,1.4273,0.0025,RandomForest,0.8591776745757316,0.8591899825482388,0.8599614407889006,0.864505773304224,0.8634924051769739,0.8600445250257853,0.8608981762706828,0.8651324459584092,0.8640344456748257
bank,pdays,3074.0,0.445,0.1108,-1.0,687.0,40.9959,-1.0,99.9222,2.495,5.8222,0.0,0.0,0.0314,0.6096,0.0477,0.9009,0.061,0.985,1.4273,0.0025,AdaBoost,0.8635579434091742,0.8656749751835809,0.8635942066556637,0.8685838444451675,0.8672266120490795,0.8607361694515756,0.8687839260286514,0.8619882635512265,0.863242222143658
bank,pdays,3074.0,0.445,0.1108,-1.0,687.0,40.9959,-1.0,99.9222,2.495,5.8222,0.0,0.0,0.0314,0.6096,0.0477,0.9009,0.061,0.985,1.4273,0.0025,SVC,0.8570533418574731,0.8597507529883067,0.8526532603528546,0.8564786679596228,0.8545939363609355,0.8566256558059744,0.8564351316018745,0.8576727345330142,0.8555768991652879
bank,pdays,3074.0,0.4063,0.1058,-1.0,871.0,39.6268,-1.0,101.4636,2.9234,10.0077,0.0,0.0,0.0161,0.6048,0.0285,0.9047,0.0364,0.9861,1.3782,0.0024,DecisionTree,0.8703132461199701,0.869639818707491,0.870563203920418,0.8689160159449149,0.8695514561709955,0.8673203429419167,0.8707210781595147,0.8682794160773739,0.8671477641524454
bank,pdays,3074.0,0.4063,0.1058,-1.0,871.0,39.6268,-1.0,101.4636,2.9234,10.0077,0.0,0.0,0.0161,0.6048,0.0285,0.9047,0.0364,0.9861,1.3782,0.0024,LogisticRegression,0.8562772312735727,0.8556461400324269,0.8575695173620819,0.8548817981881113,0.8548817981881113,0.855137960572093,0.8563038399398517,0.8556437263543566,0.855137960572093
bank,pdays,3074.0,0.4063,0.1058,-1.0,871.0,39.6268,-1.0,101.4636,2.9234,10.0077,0.0,0.0,0.0161,0.6048,0.0285,0.9047,0.0364,0.9861,1.3782,0.0024,KNN,0.8582978945546549,0.8599323800833162,0.8608392733524438,0.8623047334431029,0.861453464191484,0.859797392104037,0.8599577812641965,0.8621099698190301,0.8608198422877196
bank,pdays,3074.0,0.4063,0.1058,-1.0,871.0,39.6268,-1.0,101.4636,2.9234,10.0077,0.0,0.0,0.0161,0.6048,0.0285,0.9047,0.0364,0.9861,1.3782,0.0024,RandomForest,0.8619067214864329,0.8662969766552253,0.862074849949201,0.8676420661365418,0.8670458510614535,0.8643236485124319,0.8663894204739436,0.8626017826322072,0.8613459150544717
bank,pdays,3074.0,0.4063,0.1058,-1.0,871.0,39.6268,-1.0,101.4636,2.9234,10.0077,0.0,0.0,0.0161,0.6048,0.0285,0.9047,0.0364,0.9861,1.3782,0.0024,AdaBoost,0.8639409482178684,0.864245740105191,0.8639397858589036,0.8651644660971124,0.8636246190680585,0.863889810731092,0.8630639212399016,0.8643674728553078,0.8642634844827756
bank,pdays,3074.0,0.4063,0.1058,-1.0,871.0,39.6268,-1.0,101.4636,2.9234,10.0077,0.0,0.0,0.0161,0.6048,0.0285,0.9047,0.0364,0.9861,1.3782,0.0024,SVC,0.8586848381503583,0.8567783847444839,0.8548115535742559,0.8560326774709,0.8556166010786673,0.8556182446641043,0.8566168377293603,0.8540892434639447,0.8549985279036055
bank,pdays,3074.0,0.3523,0.0999,-1.0,687.0,40.6118,-1.0,99.5451,2.5251,6.0871,0.0,0.0,0.0111,0.6042,0.0331,0.9012,0.0423,0.9851,1.4237,0.0023,DecisionTree,0.8686271502063858,0.8670751258987527,0.8723353595456153,0.8674587540805272,0.8668076253696249,0.8751444792959426,0.8691803596792604,0.8709093273043074,0.8679084616490561
bank,pdays,3074.0,0.3523,0.0999,-1.0,687.0,40.6118,-1.0,99.5451,2.5251,6.0871,0.0,0.0,0.0111,0.6042,0.0331,0.9012,0.0423,0.9851,1.4237,0.0023,LogisticRegression,0.8558602192294558,0.8556154450124939,0.8560593110395959,0.8557788737098966,0.8566645193631829,0.8564645412103455,0.8549993533064765,0.8556558115622418,0.8568704009206476
bank,pdays,3074.0,0.3523,0.0999,-1.0,687.0,40.6118,-1.0,99.5451,2.5251,6.0871,0.0,0.0,0.0111,0.6042,0.0331,0.9012,0.0423,0.9851,1.4237,0.0023,KNN,0.8604321098743065,0.8583835755609166,0.8629507693708516,0.8595308817555158,0.8617556674500192,0.8582362187651309,0.8601517299078064,0.8602212619337244,0.8589818501017503
bank,pdays,3074.0,0.3523,0.0999,-1.0,687.0,40.6118,-1.0,99.5451,2.5251,6.0871,0.0,0.0,0.0111,0.6042,0.0331,0.9012,0.0423,0.9851,1.4237,0.0023,RandomForest,0.8667940932470303,0.8653409115275894,0.8638585312313573,0.8657012451365758,0.8679725522780412,0.8658634764356172,0.8668576153131589,0.8697307899905339,0.8662490219924601
bank,pdays,3074.0,0.3523,0.0999,-1.0,687.0,40.6118,-1.0,99.5451,2.5251,6.0871,0.0,0.0,0.0111,0.6042,0.0331,0.9012,0.0423,0.9851,1.4237,0.0023,AdaBoost,0.8674172216442388,0.8675058700977791,0.8641096634146848,0.8717356588387764,0.8731612392258556,0.8676017048695057,0.8708258185159269,0.8675929738070053,0.8663291428042089
bank,pdays,3074.0,0.3523,0.0999,-1.0,687.0,40.6118,-1.0,99.5451,2.5251,6.0871,0.0,0.0,0.0111,0.6042,0.0331,0.9012,0.0423,0.9851,1.4237,0.0023,SVC,0.8618278801757696,0.8593422384167629,0.8577005027021819,0.8597622040581856,0.8611850185540083,0.8605780620034384,0.8585122082450383,0.859725987058822,0.8605737840166303
bank,pdays,3074.0,0.3016,0.0955,-1.0,871.0,38.7974,-1.0,98.2066,2.7454,8.3217,0.0,0.0,0.0055,0.6142,0.0304,0.9067,0.0386,0.9866,1.3794,0.0022,DecisionTree,0.8662715814469386,0.8702076013637551,0.8661604038842131,0.866625509201239,0.8699075651654968,0.8666076457000091,0.8658567233727907,0.8652590226457816,0.868089725358116
bank,pdays,3074.0,0.3016,0.0955,-1.0,871.0,38.7974,-1.0,98.2066,2.7454,8.3217,0.0,0.0,0.0055,0.6142,0.0304,0.9067,0.0386,0.9866,1.3794,0.0022,LogisticRegression,0.8567740585054162,0.8571968228288603,0.8552717228448994,0.854709071896459,0.8551054959615387,0.8571707162680592,0.8576510803249433,0.8571968228288603,0.8564957490479397
bank,pdays,3074.0,0.3016,0.0955,-1.0,871.0,38.7974,-1.0,98.2066,2.7454,8.3217,0.0,0.0,0.0055,0.6142,0.0304,0.9067,0.0386,0.9866,1.3794,0.0022,KNN,0.8617306607957883,0.8609936280477863,0.8588839581938226,0.8588405466799875,0.8572026568413126,0.8614807593635777,0.8614473041480999,0.8644257011363414,0.8629515796454585
bank,pdays,3074.0,0.3016,0.0955,-1.0,871.0,38.7974,-1.0,98.2066,2.7454,8.3217,0.0,0.0,0.0055,0.6142,0.0304,0.9067,0.0386,0.9866,1.3794,0.0022,RandomForest,0.8644650237458082,0.8658305729503338,0.8599341775960878,0.8629416595749205,0.8674791054322124,0.8633574399659021,0.8637106452002232,0.8668709477591547,0.864749306754544
bank,pdays,3074.0,0.3016,0.0955,-1.0,871.0,38.7974,-1.0,98.2066,2.7454,8.3217,0.0,0.0,0.0055,0.6142,0.0304,0.9067,0.0386,0.9866,1.3794,0.0022,AdaBoost,0.863542775895505,0.865223692025851,0.8638574142820166,0.8604812735977188,0.8621444224343149,0.8607098885332664,0.8646231292781864,0.8688211140961072,0.8646263305391518
bank,pdays,3074.0,0.3016,0.0955,-1.0,871.0,38.7974,-1.0,98.2066,2.7454,8.3217,0.0,0.0,0.0055,0.6142,0.0304,0.9067,0.0386,0.9866,1.3794,0.0022,SVC,0.8614385861393685,0.8624611798820506,0.8562200627798837,0.8568331760010308,0.8574282241476293,0.8607910666868365,0.8605916442168063,0.8610047901699555,0.8580970020857027
bank,pdays,3074.0,0.2502,0.0937,-1.0,871.0,39.0829,-1.0,99.613,2.828,9.0857,0.0,0.0,0.0009,0.5876,0.0326,0.9034,0.0418,0.9859,1.3991,0.002,DecisionTree,0.8715238775783571,0.871735708378639,0.8667039837169257,0.8710931568028222,0.8710743751728106,0.869780749515912,0.8671083786372584,0.8728656322190886,0.8700497383348378
bank,pdays,3074.0,0.2502,0.0937,-1.0,871.0,39.0829,-1.0,99.613,2.828,9.0857,0.0,0.0,0.0009,0.5876,0.0326,0.9034,0.0418,0.9859,1.3991,0.002,LogisticRegression,0.8561193878080376,0.8558666999306588,0.856057209929713,0.8567676907205681,0.8567676907205681,0.8559160738446824,0.8559201114117634,0.8557150748114672,0.8563226609645772
bank,pdays,3074.0,0.2502,0.0937,-1.0,871.0,39.0829,-1.0,99.613,2.828,9.0857,0.0,0.0,0.0009,0.5876,0.0326,0.9034,0.0418,0.9859,1.3991,0.002,KNN,0.8642293645826753,0.8604976207543583,0.8625272564841623,0.8634340650999194,0.862657007525419,0.8612716539805063,0.85946437633347,0.8621826454622599,0.8631938128903089
bank,pdays,3074.0,0.2502,0.0937,-1.0,871.0,39.0829,-1.0,99.613,2.828,9.0857,0.0,0.0,0.0009,0.5876,0.0326,0.9034,0.0418,0.9859,1.3991,0.002,RandomForest,0.8651280355029354,0.8649142591878519,0.8628368627662613,0.8670834533943401,0.8709981768627797,0.864235279707537,0.8677606607362063,0.8644300455834015,0.8619537028991725
bank,pdays,3074.0,0.2502,0.0937,-1.0,871.0,39.0829,-1.0,99.613,2.828,9.0857,0.0,0.0,0.0009,0.5876,0.0326,0.9034,0.0418,0.9859,1.3991,0.002,AdaBoost,0.86780308902428,0.8686198453764643,0.8639935099674967,0.8695975052769634,0.8660586694421983,0.865786917335318,0.8675392493911882,0.8669253563255971,0.8671134238744593
bank,pdays,3074.0,0.2502,0.0937,-1.0,871.0,39.0829,-1.0,99.613,2.828,9.0857,0.0,0.0,0.0009,0.5876,0.0326,0.9034,0.0418,0.9859,1.3991,0.002,SVC,0.8582884907772694,0.8579137086596653,0.8576525200822711,0.8570406293943629,0.8577014605434552,0.8587308114846599,0.8570321782190524,0.8570417846399894,0.8589335720783675
bank,pdays,3074.0,0.1994,0.0914,-1.0,871.0,38.5278,-1.0,97.2667,2.7307,8.2242,0.0,0.0,0.0134,0.6077,0.032,0.9035,0.0407,0.986,1.3982,0.0018,DecisionTree,0.866652474881183,0.8657590602208391,0.8623811945965859,0.8672992873016633,0.8666078889661232,0.8696342040633699,0.8662383119980399,0.8631316878200566,0.870010054221591
bank,pdays,3074.0,0.1994,0.0914,-1.0,871.0,38.5278,-1.0,97.2667,2.7307,8.2242,0.0,0.0,0.0134,0.6077,0.032,0.9035,0.0407,0.986,1.3982,0.0018,LogisticRegression,0.856093453481246,0.8558899542884553,0.8566825899281497,0.8566888170769903,0.8562263677521489,0.8562647284017988,0.8547675411275573,0.8551922003861725,0.8564652429669085
bank,pdays,3074.0,0.1994,0.0914,-1.0,871.0,38.5278,-1.0,97.2667,2.7307,8.2242,0.0,0.0,0.0134,0.6077,0.032,0.9035,0.0407,0.986,1.3982,0.0018,KNN,0.8556305425026501,0.8567263512995927,0.8633522512026409,0.8628802932244122,0.86184344112741,0.8613088697268507,0.8592259495734815,0.8585422160763891,0.8613000471170316
bank,pdays,3074.0,0.1994,0.0914,-1.0,871.0,38.5278,-1.0,97.2667,2.7307,8.2242,0.0,0.0,0.0134,0.6077,0.032,0.9035,0.0407,0.986,1.3982,0.0018,RandomForest,0.8727462327791269,0.87240567722816,0.8717864578459807,0.8727816938521276,0.8667483379002123,0.8707934647103996,0.869131528646646,0.8736633837139623,0.8677237448121083
bank,pdays,3074.0,0.1994,0.0914,-1.0,871.0,38.5278,-1.0,97.2667,2.7307,8.2242,0.0,0.0,0.0134,0.6077,0.032,0.9035,0.0407,0.986,1.3982,0.0018,AdaBoost,0.8659597142639166,0.8628753031936178,0.8643589026196958,0.8623130829571172,0.8675027855800642,0.8641501097395247,0.8627483599377244,0.8633487391304079,0.8631842282901648
bank,pdays,3074.0,0.1994,0.0914,-1.0,871.0,38.5278,-1.0,97.2667,2.7307,8.2242,0.0,0.0,0.0134,0.6077,0.032,0.9035,0.0407,0.986,1.3982,0.0018,SVC,0.8568480968505399,0.8550124736612837,0.8591219531346473,0.8576824163778528,0.8589057570760866,0.8576501471729772,0.8556036914345779,0.8558322060963042,0.8578738325252364
bank,pdays,3074.0,0.1519,0.0894,-1.0,687.0,38.4599,-1.0,96.2427,2.6207,6.6713,0.0,0.0,0.0006,0.6138,0.0222,0.9057,0.0284,0.9863,1.4224,0.0017,DecisionTree,0.8686572553120531,0.8694871379528396,0.8679344392618653,0.8682363532108841,0.8678215627381777,0.8704348976228872,0.8707056571031294,0.8655153743211519,0.8678255083418633
bank,pdays,3074.0,0.1519,0.0894,-1.0,687.0,38.4599,-1.0,96.2427,2.6207,6.6713,0.0,0.0,0.0006,0.6138,0.0222,0.9057,0.0284,0.9863,1.4224,0.0017,LogisticRegression,0.8558515006781771,0.8563116499644309,0.8558593467403546,0.8567248776880526,0.8567248776880526,0.8560520152432868,0.8560593110395959,0.8565194603258497,0.8560520152432868
bank,pdays,3074.0,0.1519,0.0894,-1.0,687.0,38.4599,-1.0,96.2427,2.6207,6.6713,0.0,0.0,0.0006,0.6138,0.0222,0.9057,0.0284,0.9863,1.4224,0.0017,KNN,0.8584743977821446,0.8597228192402887,0.860795673703663,0.8603866343369971,0.859935072121872,0.8596969036348545,0.8618285899021639,0.861240187655075,0.8601558941320647
bank,pdays,3074.0,0.1519,0.0894,-1.0,687.0,38.4599,-1.0,96.2427,2.6207,6.6713,0.0,0.0,0.0006,0.6138,0.0222,0.9057,0.0284,0.9863,1.4224,0.0017,RandomForest,0.8658706624543785,0.8658997033817433,0.8672247021473065,0.8639886560442602,0.8646716033381995,0.8618548001662888,0.8645635684798677,0.8636169338868104,0.865459018539953
bank,pdays,3074.0,0.1519,0.0894,-1.0,687.0,38.4599,-1.0,96.2427,2.6207,6.6713,0.0,0.0,0.0006,0.6138,0.0222,0.9057,0.0284,0.9863,1.4224,0.0017,AdaBoost,0.8646236128055276,0.8624813100317095,0.8680163449716203,0.8666635811335835,0.8652200191690289,0.8678512857269878,0.8670633826812939,0.8617107787025097,0.8650265695252674
bank,pdays,3074.0,0.1519,0.0894,-1.0,687.0,38.4599,-1.0,96.2427,2.6207,6.6713,0.0,0.0,0.0006,0.6138,0.0222,0.9057,0.0284,0.9863,1.4224,0.0017,SVC,0.8570960214326406,0.8568678097563986,0.859747190790081,0.8580905489430563,0.8566513133018776,0.8568829048634489,0.8572557775190568,0.8572805345648061,0.85686563931114
bank,pdays,3074.0,0.0927,0.0878,-1.0,871.0,38.939,-1.0,98.6445,2.7507,8.2565,0.0,0.0,0.0076,0.6047,0.0252,0.9069,0.0321,0.9866,1.4131,0.0015,DecisionTree,0.8696906927506487,0.868797673337423,0.8676307085218496,0.8661826455521037,0.8677834860311755,0.8696019403168294,0.8699584482489353,0.8694168757755738,0.869506142273629
bank,pdays,3074.0,0.0927,0.0878,-1.0,871.0,38.939,-1.0,98.6445,2.7507,8.2565,0.0,0.0,0.0076,0.6047,0.0252,0.9069,0.0321,0.9866,1.4131,0.0015,LogisticRegression,0.8562759145605747,0.85648207536304,0.8564652429669085,0.8569231143030146,0.8569231143030146,0.8571404612642558,0.8568893316421,0.8562759145605747,0.8571404612642558
bank,pdays,3074.0,0.0927,0.0878,-1.0,871.0,38.939,-1.0,98.6445,2.7507,8.2565,0.0,0.0,0.0076,0.6047,0.0252,0.9069,0.0321,0.9866,1.4131,0.0015,KNN,0.859946626533491,0.8601345739424059,0.8622424908579525,0.8630187873294523,0.8624519286902033,0.8618872054538499,0.860738342463174,0.8614364325480739,0.8619634025614138
bank,pdays,3074.0,0.0927,0.0878,-1.0,871.0,38.939,-1.0,98.6445,2.7507,8.2565,0.0,0.0,0.0076,0.6047,0.0252,0.9069,0.0321,0.9866,1.4131,0.0015,RandomForest,0.8631666574681003,0.8673308322184929,0.8636029966630687,0.8677376958465473,0.8689110507003062,0.8653419884755202,0.8648100951227091,0.8656740750611112,0.8641211982224707
bank,pdays,3074.0,0.0927,0.0878,-1.0,871.0,38.939,-1.0,98.6445,2.7507,8.2565,0.0,0.0,0.0076,0.6047,0.0252,0.9069,0.0321,0.9866,1.4131,0.0015,AdaBoost,0.8631793017099376,0.8678030523256673,0.8596765213043247,0.8619033795090351,0.8639596706593242,0.8609512346324073,0.8603206549730853,0.8655632138702386,0.8597176354028563
bank,pdays,3074.0,0.0927,0.0878,-1.0,871.0,38.939,-1.0,98.6445,2.7507,8.2565,0.0,0.0,0.0076,0.6047,0.0252,0.9069,0.0321,0.9866,1.4131,0.0015,SVC,0.8556037122891176,0.855190849406481,0.8560144312696788,0.8572752811113793,0.8566486488990608,0.8539312236885951,0.8549414313986052,0.854574197267844,0.8549646361294245
bank,pdays,3074.0,0.0511,0.086,-1.0,871.0,39.1587,-1.0,99.0245,2.7629,8.4024,0.0,0.0,0.007,0.5993,0.0289,0.9052,0.0368,0.9862,1.4238,0.0015,DecisionTree,0.8659909786368429,0.8657837478608009,0.8619312589030019,0.8612254963154347,0.860018793881212,0.8675531922429178,0.8677107558521694,0.8667684561790073,0.8660346857698475
bank,pdays,3074.0,0.0511,0.086,-1.0,871.0,39.1587,-1.0,99.0245,2.7629,8.4024,0.0,0.0,0.007,0.5993,0.0289,0.9052,0.0368,0.9862,1.4238,0.0015,LogisticRegression,0.855368251373163,0.855368251373163,0.8558008021360608,0.8558008021360608,0.8558008021360608,0.8560549788259262,0.8551693779292542,0.8553734368809859,0.8562598256047056
bank,pdays,3074.0,0.0511,0.086,-1.0,871.0,39.1587,-1.0,99.0245,2.7629,8.4024,0.0,0.0,0.007,0.5993,0.0289,0.9052,0.0368,0.9862,1.4238,0.0015,KNN,0.8588837712538099,0.8593111809358392,0.8614258816277774,0.8622293682163001,0.8628539024973215,0.8600468789252042,0.8589369744994397,0.8599273532638346,0.8611430055206128
bank,pdays,3074.0,0.0511,0.086,-1.0,871.0,39.1587,-1.0,99.0245,2.7629,8.4024,0.0,0.0,0.007,0.5993,0.0289,0.9052,0.0368,0.9862,1.4238,0.0015,RandomForest,0.8666976129608083,0.8673197012517028,0.864588563121996,0.8670269651935714,0.8655485743393617,0.8663388880993148,0.8652893961444191,0.8657793119495708,0.8678854792026505
bank,pdays,3074.0,0.0511,0.086,-1.0,871.0,39.1587,-1.0,99.0245,2.7629,8.4024,0.0,0.0,0.007,0.5993,0.0289,0.9052,0.0368,0.9862,1.4238,0.0015,AdaBoost,0.8647638919406007,0.8651408238923382,0.8639620817533255,0.8647830151350011,0.8648432421036233,0.8630224810083942,0.8646222667516622,0.8655938047523611,0.8641917781954108
bank,pdays,3074.0,0.0511,0.086,-1.0,871.0,39.1587,-1.0,99.0245,2.7629,8.4024,0.0,0.0,0.007,0.5993,0.0289,0.9052,0.0368,0.9862,1.4238,0.0015,SVC,0.8566199242650838,0.8568366469066913,0.8557922600602789,0.8570678401980732,0.8570458013729267,0.8574574331108862,0.8568230928437572,0.8570303431372612,0.8574753648010124
bank,previous,3074.0,0.4889,0.0115,0.0,23.0,0.5538,0.0,1.685,5.8924,52.2784,0.0,0.0,0.0003,0.5987,0.0405,0.9043,0.0517,0.9857,0.8234,0.3231,DecisionTree,0.8680958960789295,0.8718080459054809,0.8719141380861524,0.8699667621663771,0.8705356208961681,0.8631395512742192,0.8689384385299479,0.8672323272651768,0.8706030025960443
bank,previous,3074.0,0.4889,0.0115,0.0,23.0,0.5538,0.0,1.685,5.8924,52.2784,0.0,0.0,0.0003,0.5987,0.0405,0.9043,0.0517,0.9857,0.8234,0.3231,LogisticRegression,0.8566813517593144,0.8558563808872398,0.8578491937308148,0.8585768022629499,0.8585596372894825,0.8558563808872398,0.8566825899281497,0.8550456984421371,0.8567130035552988
bank,previous,3074.0,0.4889,0.0115,0.0,23.0,0.5538,0.0,1.685,5.8924,52.2784,0.0,0.0,0.0003,0.5987,0.0405,0.9043,0.0517,0.9857,0.8234,0.3231,KNN,0.8575527849533229,0.8610954105162199,0.8611056346522583,0.8592572008241639,0.8608155160797188,0.8619291828128712,0.8573607863139394,0.8572511230943594,0.8601953859065539
bank,previous,3074.0,0.4889,0.0115,0.0,23.0,0.5538,0.0,1.685,5.8924,52.2784,0.0,0.0,0.0003,0.5987,0.0405,0.9043,0.0517,0.9857,0.8234,0.3231,RandomForest,0.8696318457108636,0.8702184271861844,0.8701743076612146,0.8696705090781551,0.8693622671215722,0.8710706642681698,0.8677368354763121,0.8632038083136568,0.8704424809731088
bank,previous,3074.0,0.4889,0.0115,0.0,23.0,0.5538,0.0,1.685,5.8924,52.2784,0.0,0.0,0.0003,0.5987,0.0405,0.9043,0.0517,0.9857,0.8234,0.3231,AdaBoost,0.8631141733772771,0.8680671536643532,0.8635412122842854,0.8635576230394933,0.8633698715931044,0.8647659045618998,0.8634506013364827,0.8639950693554337,0.8644143588771729
bank,previous,3074.0,0.4889,0.0115,0.0,23.0,0.5538,0.0,1.685,5.8924,52.2784,0.0,0.0,0.0003,0.5987,0.0405,0.9043,0.0517,0.9857,0.8234,0.3231,SVC,0.8550059049101553,0.8568262920652762,0.8599159972870815,0.8615885260036829,0.8572346980175912,0.8564054259524254,0.8556410267639174,0.8547776804763861,0.8555343493717797
bank,previous,3074.0,0.4535,0.0095,0.0,23.0,0.5411,0.0,1.6164,5.3262,42.9476,0.0,0.0,0.0295,0.6013,0.0339,0.9037,0.0432,0.9857,0.8189,0.4127,DecisionTree,0.8680870448028732,0.866500631285537,0.8633601167282319,0.8696134522274525,0.869053684134298,0.8673149475768533,0.8693310528746527,0.8672673869142262,0.8676219510467558
bank,previous,3074.0,0.4535,0.0095,0.0,23.0,0.5411,0.0,1.6164,5.3262,42.9476,0.0,0.0,0.0295,0.6013,0.0339,0.9037,0.0432,0.9857,0.8189,0.4127,LogisticRegression,0.8553650336983467,0.8553686543255286,0.8568755775407731,0.8565830513815518,0.856454336028418,0.8551007614220248,0.8548972622292341,0.8551651551327377,0.8553363807719209
bank,previous,3074.0,0.4535,0.0095,0.0,23.0,0.5411,0.0,1.6164,5.3262,42.9476,0.0,0.0,0.0295,0.6013,0.0339,0.9037,0.0432,0.9857,0.8189,0.4127,KNN,0.8589125967930343,0.861443795983699,0.8631039847129006,0.8611714165314347,0.8609733466596843,0.8623155932121125,0.8574162650315751,0.8573413879683554,0.8618883082334646
bank,previous,3074.0,0.4535,0.0095,0.0,23.0,0.5411,0.0,1.6164,5.3262,42.9476,0.0,0.0,0.0295,0.6013,0.0339,0.9037,0.0432,0.9857,0.8189,0.4127,RandomForest,0.8692287100911192,0.8693224214634273,0.8665329500807395,0.8689948770380783,0.8685554133822047,0.8688605249683654,0.8673200807947653,0.8667405307042579,0.8666523837382076
bank,previous,3074.0,0.4535,0.0095,0.0,23.0,0.5411,0.0,1.6164,5.3262,42.9476,0.0,0.0,0.0295,0.6013,0.0339,0.9037,0.0432,0.9857,0.8189,0.4127,AdaBoost,0.8643527699837289,0.8636345393530591,0.8588721934513925,0.8603339812150597,0.8622762698403672,0.8632324839695484,0.8621990476961641,0.8634427759628159,0.8644666104127207
bank,previous,3074.0,0.4535,0.0095,0.0,23.0,0.5411,0.0,1.6164,5.3262,42.9476,0.0,0.0,0.0295,0.6013,0.0339,0.9037,0.0432,0.9857,0.8189,0.4127,SVC,0.855183811070038,0.8593387512325206,0.8615539686871936,0.8576755763203829,0.8584987673736126,0.8587307041464368,0.8586930130211423,0.8557740110442046,0.8572418880612696
bank,previous,3074.0,0.3923,0.0091,0.0,23.0,0.5343,0.0,1.6319,5.3729,42.7349,0.0,0.0,0.0238,0.5842,0.0161,0.9051,0.0206,0.9863,0.8035,0.3639,DecisionTree,0.8702556839032329,0.8684780178127123,0.8661121657571602,0.869459426985078,0.8693189425918839,0.8687362443673317,0.871795802756345,0.8692220554740402,0.8692052827279565
bank,previous,3074.0,0.3923,0.0091,0.0,23.0,0.5343,0.0,1.6319,5.3729,42.7349,0.0,0.0,0.0238,0.5842,0.0161,0.9051,0.0206,0.9863,0.8035,0.3639,LogisticRegression,0.8555591993042304,0.8569412085705257,0.8585859324300388,0.8579279054513285,0.8579271254261347,0.8566914116041908,0.8551049418081476,0.8547027058078964,0.8569178213714773
bank,previous,3074.0,0.3923,0.0091,0.0,23.0,0.5343,0.0,1.6319,5.3729,42.7349,0.0,0.0,0.0238,0.5842,0.0161,0.9051,0.0206,0.9863,0.8035,0.3639,KNN,0.8605558038656618,0.8582587902224167,0.8599279661562155,0.8568630721240966,0.8566500313824542,0.859724885994362,0.8594397608543223,0.8576950969030382,0.8592796456231563
bank,previous,3074.0,0.3923,0.0091,0.0,23.0,0.5343,0.0,1.6319,5.3729,42.7349,0.0,0.0,0.0238,0.5842,0.0161,0.9051,0.0206,0.9863,0.8035,0.3639,RandomForest,0.8689749914424022,0.8705454319276913,0.8716715426913815,0.8671837694171043,0.8660607437154355,0.8682046773406016,0.866502938288759,0.8698693335417051,0.8719373837731195
bank,previous,3074.0,0.3923,0.0091,0.0,23.0,0.5343,0.0,1.6319,5.3729,42.7349,0.0,0.0,0.0238,0.5842,0.0161,0.9051,0.0206,0.9863,0.8035,0.3639,AdaBoost,0.8656387548956654,0.8615300863961919,0.8670749128692282,0.8692494968387293,0.8657900673070154,0.8706145173164093,0.8644459464244105,0.8613995370004791,0.8644336421350949
bank,previous,3074.0,0.3923,0.0091,0.0,23.0,0.5343,0.0,1.6319,5.3729,42.7349,0.0,0.0,0.0238,0.5842,0.0161,0.9051,0.0206,0.9863,0.8035,0.3639,SVC,0.8556864642914445,0.8557357269823118,0.8607646846447318,0.8574239505233889,0.8588617821469879,0.8557652785386447,0.8552874769146124,0.8559095591702842,0.859094006465482
bank,previous,3074.0,0.3517,0.008,0.0,23.0,0.5319,0.0,1.6237,5.6816,49.7304,0.0,0.0,0.0342,0.6031,0.0439,0.9091,0.0559,0.9869,0.8065,0.4133,DecisionTree,0.8660564762205412,0.8677480054151585,0.8702165123731035,0.8700253359472633,0.8682552532069598,0.8621193036446088,0.8685716931343708,0.8657374406075661,0.8681602294896489
bank,previous,3074.0,0.3517,0.008,0.0,23.0,0.5319,0.0,1.6237,5.6816,49.7304,0.0,0.0,0.0342,0.6031,0.0439,0.9091,0.0559,0.9869,0.8065,0.4133,LogisticRegression,0.8562536192226999,0.8562536192226999,0.8562329737219853,0.8562329737219853,0.8556289956648435,0.8562536192226999,0.8562536192226999,0.8564584660014792,0.8562536192226999
bank,previous,3074.0,0.3517,0.008,0.0,23.0,0.5319,0.0,1.6237,5.6816,49.7304,0.0,0.0,0.0342,0.6031,0.0439,0.9091,0.0559,0.9869,0.8065,0.4133,KNN,0.8600870078226566,0.8609541611408631,0.8618274740225441,0.8607322630120653,0.8609986605402155,0.8598516236731498,0.8619510912229518,0.859312760378922,0.8598862144081084
bank,previous,3074.0,0.3517,0.008,0.0,23.0,0.5319,0.0,1.6237,5.6816,49.7304,0.0,0.0,0.0342,0.6031,0.0439,0.9091,0.0559,0.9869,0.8065,0.4133,RandomForest,0.8697506572140221,0.8695021287815645,0.8736771439618244,0.8656326647179811,0.8654822066302321,0.8707842866817215,0.8710194462101584,0.8678631546216193,0.8688629774705656
bank,previous,3074.0,0.3517,0.008,0.0,23.0,0.5319,0.0,1.6237,5.6816,49.7304,0.0,0.0,0.0342,0.6031,0.0439,0.9091,0.0559,0.9869,0.8065,0.4133,AdaBoost,0.8617924330087527,0.8631871351984871,0.8613387958645375,0.861737396124179,0.8650494055034894,0.8647070080635355,0.8679778749511543,0.8619953005943386,0.866959128147641
bank,previous,3074.0,0.3517,0.008,0.0,23.0,0.5319,0.0,1.6237,5.6816,49.7304,0.0,0.0,0.0342,0.6031,0.0439,0.9091,0.0559,0.9869,0.8065,0.4133,SVC,0.8597882338426004,0.857894050430319,0.8578621087422816,0.8582798178577546,0.8561844529599192,0.8568411012205447,0.8603948371116255,0.8593499915077595,0.8542842230357064
bank,previous,3074.0,0.2977,0.0083,0.0,23.0,0.5683,0.0,1.6825,5.2799,42.3893,0.0,0.0,0.039,0.5958,0.0362,0.9016,0.0459,0.9852,0.8356,0.3241,DecisionTree,0.8682552532069598,0.8667750091684658,0.8677613479536619,0.8681771884704089,0.8682690949090651,0.8644203475741317,0.8682533367156557,0.8679483780447347,0.8711387296823216
bank,previous,3074.0,0.2977,0.0083,0.0,23.0,0.5683,0.0,1.6825,5.2799,42.3893,0.0,0.0,0.039,0.5958,0.0362,0.9016,0.0459,0.9852,0.8356,0.3241,LogisticRegression,0.8569631613890749,0.8569185468509082,0.8569178213714773,0.8569217393220471,0.8575805479800136,0.8569185468509082,0.8567623842842443,0.8558476111317752,0.8560521390840226
bank,previous,3074.0,0.2977,0.0083,0.0,23.0,0.5683,0.0,1.6825,5.2799,42.3893,0.0,0.0,0.039,0.5958,0.0362,0.9016,0.0459,0.9852,0.8356,0.3241,KNN,0.8559396648320798,0.8592305959447109,0.8587494924183857,0.8585612113692911,0.859308035649064,0.8602857493700532,0.8567920375857291,0.8568904282014369,0.8602589079768174
bank,previous,3074.0,0.2977,0.0083,0.0,23.0,0.5683,0.0,1.6825,5.2799,42.3893,0.0,0.0,0.039,0.5958,0.0362,0.9016,0.0459,0.9852,0.8356,0.3241,RandomForest,0.8669558753151243,0.8661553799197468,0.8676911729882034,0.8619055725247681,0.8689795107134197,0.8627562966672638,0.864809118332281,0.8665912219450616,0.8686727907074675
bank,previous,3074.0,0.2977,0.0083,0.0,23.0,0.5683,0.0,1.6825,5.2799,42.3893,0.0,0.0,0.039,0.5958,0.0362,0.9016,0.0459,0.9852,0.8356,0.3241,AdaBoost,0.8619496178438935,0.8626446432847298,0.8655460942620157,0.863598086833206,0.8629778838275374,0.8671827862334006,0.8641864513273297,0.8646277628046954,0.865523011810714
bank,previous,3074.0,0.2977,0.0083,0.0,23.0,0.5683,0.0,1.6825,5.2799,42.3893,0.0,0.0,0.039,0.5958,0.0362,0.9016,0.0459,0.9852,0.8356,0.3241,SVC,0.8557316444650452,0.8578403316638058,0.8576942867249381,0.857041148314455,0.8593286368553937,0.8578410715363533,0.8547189239065994,0.8551282378158571,0.8566302065032305
bank,previous,3074.0,0.2534,0.0074,0.0,23.0,0.5264,0.0,1.5599,5.4382,47.2087,0.0,0.0,0.0031,0.6119,0.0191,0.9069,0.0241,0.9863,0.813,0.3649,DecisionTree,0.8684503318027061,0.8699451193033646,0.8716058763592747,0.8689840710136998,0.8686140306894279,0.870110944561244,0.8698995401720735,0.86905001628755,0.8682185118348714
bank,previous,3074.0,0.2534,0.0074,0.0,23.0,0.5264,0.0,1.5599,5.4382,47.2087,0.0,0.0,0.0031,0.6119,0.0191,0.9069,0.0241,0.9863,0.813,0.3649,LogisticRegression,0.856563042063653,0.8581207080878327,0.858115564795507,0.8568008245635341,0.8579101474333041,0.8576589587782982,0.8570243256593413,0.8570381561982214,0.8566532094723268
bank,previous,3074.0,0.2534,0.0074,0.0,23.0,0.5264,0.0,1.5599,5.4382,47.2087,0.0,0.0,0.0031,0.6119,0.0191,0.9069,0.0241,0.9863,0.813,0.3649,KNN,0.8604766191458701,0.8629422497486557,0.8636909085240471,0.862379301952982,0.8628601490818617,0.8633805566985232,0.8587791637209774,0.8604483376868306,0.8610143005407285
bank,previous,3074.0,0.2534,0.0074,0.0,23.0,0.5264,0.0,1.5599,5.4382,47.2087,0.0,0.0,0.0031,0.6119,0.0191,0.9069,0.0241,0.9863,0.813,0.3649,RandomForest,0.8647833972564182,0.864741281163045,0.8644056348973563,0.8669078311159077,0.8645128173693417,0.8634127385143479,0.8609384497745493,0.8669726760104808,0.8648216163296144
bank,previous,3074.0,0.2534,0.0074,0.0,23.0,0.5264,0.0,1.5599,5.4382,47.2087,0.0,0.0,0.0031,0.6119,0.0191,0.9069,0.0241,0.9863,0.813,0.3649,AdaBoost,0.864615089842381,0.8655592900191527,0.8612882731678259,0.8659930451433565,0.8656216455369306,0.8663985235089422,0.8638250571377439,0.8648495681319955,0.8686597296001879
bank,previous,3074.0,0.2534,0.0074,0.0,23.0,0.5264,0.0,1.5599,5.4382,47.2087,0.0,0.0,0.0031,0.6119,0.0191,0.9069,0.0241,0.9863,0.813,0.3649,SVC,0.8586983974878767,0.859092294271718,0.8596881556916905,0.8597203665164312,0.8599495445748907,0.8573763814566363,0.8582841073478151,0.8597378241443739,0.8576070471116439
bank,previous,3074.0,0.1952,0.0065,0.0,18.0,0.523,0.0,1.5148,4.4944,27.6683,0.0,0.0,0.0438,0.615,0.0428,0.9043,0.0543,0.9861,0.8029,0.4089,DecisionTree,0.8685113176746107,0.8686403556373882,0.8712455730002275,0.8701735900375497,0.8681860936890692,0.8685548280079405,0.8697755208748695,0.8688428189311151,0.8682228214902996
bank,previous,3074.0,0.1952,0.0065,0.0,18.0,0.523,0.0,1.5148,4.4944,27.6683,0.0,0.0,0.0438,0.615,0.0428,0.9043,0.0543,0.9861,0.8029,0.4089,LogisticRegression,0.8558008021360608,0.8559996755799696,0.8549658787364633,0.8553743756683542,0.8560330951563763,0.8559996755799696,0.855358243816442,0.8557946611701323,0.8553686543255286
bank,previous,3074.0,0.1952,0.0065,0.0,18.0,0.523,0.0,1.5148,4.4944,27.6683,0.0,0.0,0.0438,0.615,0.0428,0.9043,0.0543,0.9861,0.8029,0.4089,KNN,0.8636523725327628,0.861645428116844,0.8614322563265778,0.8607899251792925,0.8605712641621831,0.8635779654681863,0.8612082832672544,0.8620512283036794,0.8603645099753044
bank,previous,3074.0,0.1952,0.0065,0.0,18.0,0.523,0.0,1.5148,4.4944,27.6683,0.0,0.0,0.0438,0.615,0.0428,0.9043,0.0543,0.9861,0.8029,0.4089,RandomForest,0.8614918911765101,0.8660899897603187,0.8662471898542389,0.8662781147856558,0.8675495835597937,0.8629077915616736,0.8641816615832167,0.8660212082363825,0.8630878097718231
bank,previous,3074.0,0.1952,0.0065,0.0,18.0,0.523,0.0,1.5148,4.4944,27.6683,0.0,0.0,0.0438,0.615,0.0428,0.9043,0.0543,0.9861,0.8029,0.4089,AdaBoost,0.8676419538748574,0.865310259574968,0.87028178656156,0.8617795764779956,0.864942218385414,0.8631667919817415,0.8657894722320789,0.8651739821561076,0.860606448366235
bank,previous,3074.0,0.1952,0.0065,0.0,18.0,0.523,0.0,1.5148,4.4944,27.6683,0.0,0.0,0.0438,0.615,0.0428,0.9043,0.0543,0.9861,0.8029,0.4089,SVC,0.856184189983904,0.8550273143660213,0.852887428191346,0.8529373145160266,0.8520687935667244,0.8558286636976292,0.8554077836652266,0.855992228088463,0.8568435407889025
bank,previous,3074.0,0.1535,0.0061,0.0,17.0,0.5211,0.0,1.4975,4.2687,23.449,0.0,0.0,0.0222,0.6193,0.0362,0.9068,0.0459,0.9865,0.8078,0.4138,DecisionTree,0.8682552532069598,0.8661472087972641,0.8681045544294379,0.8709371826355614,0.8682552532069598,0.8671315921349563,0.8687891081416838,0.8706443581939641,0.8692088977607041
bank,previous,3074.0,0.1535,0.0061,0.0,17.0,0.5211,0.0,1.4975,4.2687,23.449,0.0,0.0,0.0222,0.6193,0.0362,0.9068,0.0459,0.9865,0.8078,0.4138,LogisticRegression,0.8565372503444476,0.8565372503444476,0.8578954391728507,0.8579100037000394,0.8578954391728507,0.8560846719398788,0.8570011766101856,0.8570011766101856,0.8569415411505592
bank,previous,3074.0,0.1535,0.0061,0.0,17.0,0.5211,0.0,1.4975,4.2687,23.449,0.0,0.0,0.0222,0.6193,0.0362,0.9068,0.0459,0.9865,0.8078,0.4138,KNN,0.8565551152703589,0.8600807730633072,0.8600739364647826,0.8605445756332968,0.8596689816487092,0.8599260267325206,0.8567702507464313,0.8575771678617629,0.8609993764713963
bank,previous,3074.0,0.1535,0.0061,0.0,17.0,0.5211,0.0,1.4975,4.2687,23.449,0.0,0.0,0.0222,0.6193,0.0362,0.9068,0.0459,0.9865,0.8078,0.4138,RandomForest,0.865857621081309,0.8704574090908681,0.867496431763706,0.8691340182392017,0.8646673885723347,0.8682275338331089,0.8681488119676364,0.8664608776186755,0.8697851375586274
bank,previous,3074.0,0.1535,0.0061,0.0,17.0,0.5211,0.0,1.4975,4.2687,23.449,0.0,0.0,0.0222,0.6193,0.0362,0.9068,0.0459,0.9865,0.8078,0.4138,AdaBoost,0.8642326413299667,0.8650621528291632,0.8629342769418392,0.8655471698835169,0.8660498632385261,0.859817700537546,0.863398010633754,0.8655667908698643,0.8653394419500897
bank,previous,3074.0,0.1535,0.0061,0.0,17.0,0.5211,0.0,1.4975,4.2687,23.449,0.0,0.0,0.0222,0.6193,0.0362,0.9068,0.0459,0.9865,0.8078,0.4138,SVC,0.8547093933040244,0.8538993629840225,0.8554144114806608,0.8570669906610783,0.8570586977881346,0.8564034422907305,0.8536369079507866,0.8554200650533637,0.8568489555043414
bank,previous,3074.0,0.1057,0.0065,0.0,23.0,0.5271,0.0,1.581,5.3516,44.0761,0.0,0.0,0.0039,0.6031,0.0195,0.9067,0.0247,0.9865,0.8077,0.3247,DecisionTree,0.8681834750174581,0.8647747438759023,0.8699485387137564,0.8709805092438545,0.8677202407556776,0.8675114939203369,0.8688032068966497,0.8697552739550678,0.8673463657379862
bank,previous,3074.0,0.1057,0.0065,0.0,23.0,0.5271,0.0,1.581,5.3516,44.0761,0.0,0.0,0.0039,0.6031,0.0195,0.9067,0.0247,0.9865,0.8077,0.3247,LogisticRegression,0.8564676318783268,0.8561990973720462,0.857109547112721,0.8580401335384309,0.8575767702336659,0.8561990973720462,0.8564676318783268,0.8564640047980732,0.8575767702336659
bank,previous,3074.0,0.1057,0.0065,0.0,23.0,0.5271,0.0,1.581,5.3516,44.0761,0.0,0.0,0.0039,0.6031,0.0195,0.9067,0.0247,0.9865,0.8077,0.3247,KNN,0.8580307287897087,0.8585070041427367,0.8604974514898449,0.8590907332693243,0.8594999980220913,0.8597739706436452,0.8575792317768481,0.8580413426706122,0.8599062728327144
bank,previous,3074.0,0.1057,0.0065,0.0,23.0,0.5271,0.0,1.581,5.3516,44.0761,0.0,0.0,0.0039,0.6031,0.0195,0.9067,0.0247,0.9865,0.8077,0.3247,RandomForest,0.8662841940813006,0.8641625516744097,0.8631456770215666,0.8641600578129096,0.8665110464923218,0.8697634692379377,0.8648398679839211,0.8667049630169112,0.8653091827393742
bank,previous,3074.0,0.1057,0.0065,0.0,23.0,0.5271,0.0,1.581,5.3516,44.0761,0.0,0.0,0.0039,0.6031,0.0195,0.9067,0.0247,0.9865,0.8077,0.3247,AdaBoost,0.8654281934451434,0.8622224274777102,0.8644750784869553,0.8644911227422871,0.8625100987529565,0.8654944655011206,0.8638380487319514,0.8628157434517336,0.8666867042504625
bank,previous,3074.0,0.1057,0.0065,0.0,23.0,0.5271,0.0,1.581,5.3516,44.0761,0.0,0.0,0.0039,0.6031,0.0195,0.9067,0.0247,0.9865,0.8077,0.3247,SVC,0.8574704542175722,0.8579027208634191,0.8595221000026675,0.8566410006007734,0.8576590608623886,0.8580921921751244,0.8576815990892156,0.8587165296587639,0.8572474377046665
bank,previous,3074.0,0.0553,0.0065,0.0,23.0,0.5272,0.0,1.5874,5.4431,45.5266,0.0,0.0,0.0324,0.6135,0.0345,0.9087,0.0437,0.987,0.8037,0.2905,DecisionTree,0.8684679064540846,0.8663562604736679,0.8669883722831871,0.8669685365711172,0.8682552532069598,0.8694194431054872,0.8674119629584165,0.8675664691761888,0.8678585921928883
bank,previous,3074.0,0.0553,0.0065,0.0,23.0,0.5272,0.0,1.5874,5.4431,45.5266,0.0,0.0,0.0324,0.6135,0.0345,0.9087,0.0437,0.987,0.8037,0.2905,LogisticRegression,0.8575672593158513,0.8575672593158513,0.8573003365187227,0.8573003365187227,0.8573003365187227,0.8575672593158513,0.8580322507590555,0.8573658923849745,0.8575672593158513
bank,previous,3074.0,0.0553,0.0065,0.0,23.0,0.5272,0.0,1.5874,5.4431,45.5266,0.0,0.0,0.0324,0.6135,0.0345,0.9087,0.0437,0.987,0.8037,0.2905,KNN,0.8594813127080047,0.8604736132096484,0.8592704247733582,0.8594696436836562,0.8592778248779851,0.8609019338818097,0.8594717016370563,0.8588175269974979,0.8606771594975542
bank,previous,3074.0,0.0553,0.0065,0.0,23.0,0.5272,0.0,1.5874,5.4431,45.5266,0.0,0.0,0.0324,0.6135,0.0345,0.9087,0.0437,0.987,0.8037,0.2905,RandomForest,0.8637945583065912,0.8627028639602731,0.8634460720797785,0.8639558688547015,0.8655281015151806,0.8612459333336786,0.8631560097537594,0.8633654080760336,0.8633981568231304
bank,previous,3074.0,0.0553,0.0065,0.0,23.0,0.5272,0.0,1.5874,5.4431,45.5266,0.0,0.0,0.0324,0.6135,0.0345,0.9087,0.0437,0.987,0.8037,0.2905,AdaBoost,0.8635356431676567,0.862679892630969,0.8689916356858052,0.8617759967334304,0.8653471697754027,0.8659770227085359,0.8615775419872298,0.8631589282200887,0.8693287303540174
bank,previous,3074.0,0.0553,0.0065,0.0,23.0,0.5272,0.0,1.5874,5.4431,45.5266,0.0,0.0,0.0324,0.6135,0.0345,0.9087,0.0437,0.987,0.8037,0.2905,SVC,0.8580230823884197,0.857206750259352,0.855507089182322,0.8568045367071468,0.857421207026014,0.8571979049930529,0.858038012372955,0.8568199745045818,0.8574345316845864
