name,column_name,n_tuples,missing_perc,uniqueness,min,max,mean,median,std,skewness,kurtosis,mad,iqr,p_min,p_max,k_min,k_max,s_min,s_max,entropy,density,ml_algorithm,impute_standard,impute_mean,impute_median,impute_random,impute_knn,impute_mice,impute_linear_regression,impute_random_forest,impute_cmeans
abalone,'Length',4177.0,0.4903,0.0597,0.075,0.8,0.526,0.55,0.1199,-0.6902,0.0996,0.075,0.16,0.0,0.0,0.0,0.0,0.0,0.0,4.4903,0.0059,DecisionTree,0.15441756729151354,0.14976592460014745,0.15323503490235652,0.1536796540168922,0.15290911495609075,0.15335373407062647,0.16578263446227412,0.16783715255986512,0.1590329094825046
abalone,'Length',4177.0,0.4903,0.0597,0.075,0.8,0.526,0.55,0.1199,-0.6902,0.0996,0.075,0.16,0.0,0.0,0.0,0.0,0.0,0.0,4.4903,0.0059,LogisticRegression,0.16506371286180682,0.14419481937565704,0.1654459387049167,0.1647412510142099,0.163365597772893,0.1650129092991784,0.1673026337635789,0.16487216252058995,0.1660045484437503
abalone,'Length',4177.0,0.4903,0.0597,0.075,0.8,0.526,0.55,0.1199,-0.6902,0.0996,0.075,0.16,0.0,0.0,0.0,0.0,0.0,0.0,4.4903,0.0059,KNN,0.15989202398541016,0.1574216937854139,0.16146384519883894,0.15995102603218866,0.16314822127679446,0.14808695653166246,0.1709910016263839,0.1627997214449187,0.15453073256659577
abalone,'Length',4177.0,0.4903,0.0597,0.075,0.8,0.526,0.55,0.1199,-0.6902,0.0996,0.075,0.16,0.0,0.0,0.0,0.0,0.0,0.0,4.4903,0.0059,RandomForest,0.1757041647851101,0.1635630062143525,0.170972743399728,0.17064681157143644,0.17077977862551091,0.17150824697401798,0.18399050565943098,0.17759055404679852,0.17094774396602974
abalone,'Length',4177.0,0.4903,0.0597,0.075,0.8,0.526,0.55,0.1199,-0.6902,0.0996,0.075,0.16,0.0,0.0,0.0,0.0,0.0,0.0,4.4903,0.0059,AdaBoost,0.09011105051257079,0.08922863655331453,0.08459959005100497,0.08459959005100497,0.08459959005100497,0.08459959005100497,0.08459959005100497,0.09011105051257079,0.08459959005100497
abalone,'Length',4177.0,0.4903,0.0597,0.075,0.8,0.526,0.55,0.1199,-0.6902,0.0996,0.075,0.16,0.0,0.0,0.0,0.0,0.0,0.0,4.4903,0.0059,SVC,0.16705276810860392,0.14689881503909621,0.1613002640989278,0.16128587355822147,0.1613002640989278,0.16121381229237955,0.16351300922411877,0.16585213199803367,0.16135158044194123
abalone,'Length',4177.0,0.446,0.0557,0.11,0.815,0.5249,0.545,0.1191,-0.6571,0.0901,0.075,0.16,0.0,0.0,0.0,0.0,0.0,0.0,4.4978,0.005,DecisionTree,0.1927232715093438,0.17732535834318885,0.17052696059904643,0.1648669190246692,0.1648669190246692,0.16133067160972955,0.1714126949301546,0.17347307516457944,0.17379365335076413
abalone,'Length',4177.0,0.446,0.0557,0.11,0.815,0.5249,0.545,0.1191,-0.6571,0.0901,0.075,0.16,0.0,0.0,0.0,0.0,0.0,0.0,4.4978,0.005,LogisticRegression,0.17386832107213168,0.15093944482971405,0.1793012693086806,0.18039547928151128,0.1795990482569023,0.1807108681013868,0.17906354175159545,0.1741664181484217,0.1791868621517067
abalone,'Length',4177.0,0.446,0.0557,0.11,0.815,0.5249,0.545,0.1191,-0.6571,0.0901,0.075,0.16,0.0,0.0,0.0,0.0,0.0,0.0,4.4978,0.005,KNN,0.17314563734058402,0.17155329216460732,0.17354861976365413,0.16725629916247428,0.16858350236952302,0.174460316215317,0.18358906825510202,0.17387942080132052,0.16632691640129893
abalone,'Length',4177.0,0.446,0.0557,0.11,0.815,0.5249,0.545,0.1191,-0.6571,0.0901,0.075,0.16,0.0,0.0,0.0,0.0,0.0,0.0,4.4978,0.005,RandomForest,0.18671599345979084,0.1830980739560187,0.18611071707311233,0.1856339400668997,0.18636019284440936,0.18524541841685999,0.18104560238827874,0.17820325762763164,0.18515268748580507
abalone,'Length',4177.0,0.446,0.0557,0.11,0.815,0.5249,0.545,0.1191,-0.6571,0.0901,0.075,0.16,0.0,0.0,0.0,0.0,0.0,0.0,4.4978,0.005,AdaBoost,0.08216523656975108,0.09099711996671211,0.09925009412328971,0.0994550455385895,0.0994550455385895,0.09950648330376519,0.09779877938313324,0.08216523656975108,0.09925009412328971
abalone,'Length',4177.0,0.446,0.0557,0.11,0.815,0.5249,0.545,0.1191,-0.6571,0.0901,0.075,0.16,0.0,0.0,0.0,0.0,0.0,0.0,4.4978,0.005,SVC,0.16039891261840222,0.16149176072953378,0.15987080436441647,0.16049455658609674,0.15988132155482745,0.1597880673070166,0.15983771084328885,0.16450739908774875,0.15858851857427822
abalone,'Length',4177.0,0.3936,0.0521,0.11,0.815,0.5259,0.545,0.1204,-0.6607,0.1327,0.08,0.16,0.0,0.0,0.0,0.0,0.0,0.0,4.5115,0.0049,DecisionTree,0.17586102601797132,0.17952853086870751,0.17449897724096902,0.1747859377552023,0.1749059493052319,0.1749059493052319,0.17496159957725588,0.16899715312619054,0.17613251754972908
abalone,'Length',4177.0,0.3936,0.0521,0.11,0.815,0.5259,0.545,0.1204,-0.6607,0.1327,0.08,0.16,0.0,0.0,0.0,0.0,0.0,0.0,4.5115,0.0049,LogisticRegression,0.18162596330648953,0.16547090393685882,0.1804545160981264,0.18125347041257242,0.18119410414715043,0.18065215275161864,0.18103917214095117,0.17331427308051617,0.17767662276340054
abalone,'Length',4177.0,0.3936,0.0521,0.11,0.815,0.5259,0.545,0.1204,-0.6607,0.1327,0.08,0.16,0.0,0.0,0.0,0.0,0.0,0.0,4.5115,0.0049,KNN,0.16273574505504856,0.1651097456529707,0.16540218064784798,0.1635012751881198,0.1593231656554889,0.15775457324510966,0.17886682733518755,0.1642686587078426,0.17125745383464352
abalone,'Length',4177.0,0.3936,0.0521,0.11,0.815,0.5259,0.545,0.1204,-0.6607,0.1327,0.08,0.16,0.0,0.0,0.0,0.0,0.0,0.0,4.5115,0.0049,RandomForest,0.17849615802423183,0.1785738247317731,0.17547394257112997,0.17426181986151637,0.1746591754798751,0.17479971251194662,0.17767972911571628,0.17837401844769807,0.1752444164145914
abalone,'Length',4177.0,0.3936,0.0521,0.11,0.815,0.5259,0.545,0.1204,-0.6607,0.1327,0.08,0.16,0.0,0.0,0.0,0.0,0.0,0.0,4.5115,0.0049,AdaBoost,0.09524430431936927,0.09326133998150872,0.08829014152705919,0.08829014152705919,0.08829014152705919,0.08829014152705919,0.08829014152705919,0.09494653089140193,0.08829014152705919
abalone,'Length',4177.0,0.3936,0.0521,0.11,0.815,0.5259,0.545,0.1204,-0.6607,0.1327,0.08,0.16,0.0,0.0,0.0,0.0,0.0,0.0,4.5115,0.0049,SVC,0.17798296112142487,0.1687559067730291,0.16412088635882016,0.16430252380171384,0.16471129182973765,0.16400837312741345,0.1659059808948517,0.172032906769319,0.1645726153751643
abalone,'Length',4177.0,0.3574,0.0488,0.13,0.815,0.5216,0.54,0.1201,-0.5988,0.0073,0.08,0.165,0.0,0.0,0.0,0.0,0.0,0.0,4.5103,0.0056,DecisionTree,0.17049949838984257,0.1799903946322914,0.17827325770612681,0.17827325770612681,0.17827325770612681,0.1804258731659532,0.1725461627950465,0.17498323871454835,0.1803016731993638
abalone,'Length',4177.0,0.3574,0.0488,0.13,0.815,0.5216,0.54,0.1201,-0.5988,0.0073,0.08,0.165,0.0,0.0,0.0,0.0,0.0,0.0,4.5103,0.0056,LogisticRegression,0.18688977244100194,0.16297872521680734,0.1794499687390933,0.17930822090083962,0.17929740839962366,0.18054066457322268,0.17993097693865773,0.1880812485547401,0.1815508578357423
abalone,'Length',4177.0,0.3574,0.0488,0.13,0.815,0.5216,0.54,0.1201,-0.5988,0.0073,0.08,0.165,0.0,0.0,0.0,0.0,0.0,0.0,4.5103,0.0056,KNN,0.167582167289949,0.17533096183769775,0.1722729690189288,0.1718612863155605,0.17194902116268673,0.1744949292377153,0.17881898687861492,0.17509091025055687,0.1770414048739409
abalone,'Length',4177.0,0.3574,0.0488,0.13,0.815,0.5216,0.54,0.1201,-0.5988,0.0073,0.08,0.165,0.0,0.0,0.0,0.0,0.0,0.0,4.5103,0.0056,RandomForest,0.17787192655587092,0.17300998246714938,0.17212355300033155,0.1726177232775534,0.17262657973647993,0.17493541681742222,0.1748266914588381,0.1806719812873071,0.17611480368640264
abalone,'Length',4177.0,0.3574,0.0488,0.13,0.815,0.5216,0.54,0.1201,-0.5988,0.0073,0.08,0.165,0.0,0.0,0.0,0.0,0.0,0.0,4.5103,0.0056,AdaBoost,0.08716066583701261,0.09916186371242919,0.10076120625065837,0.10076120625065837,0.10076120625065837,0.10324389094165795,0.10622870660615207,0.08716066583701261,0.10267748203978266
abalone,'Length',4177.0,0.3574,0.0488,0.13,0.815,0.5216,0.54,0.1201,-0.5988,0.0073,0.08,0.165,0.0,0.0,0.0,0.0,0.0,0.0,4.5103,0.0056,SVC,0.17787512317024884,0.1638662092514203,0.16965231784249318,0.17086708353651153,0.17204131966409808,0.1687138767989081,0.17071394229340436,0.1746181949132542,0.16901382896422412
abalone,'Length',4177.0,0.2935,0.0447,0.11,0.815,0.5229,0.54,0.1204,-0.6182,0.0079,0.08,0.165,0.0,0.0,0.0,0.0,0.0,0.0,4.5147,0.0055,DecisionTree,0.18341882035013338,0.19535199817845192,0.18931292950901252,0.18931292950901252,0.18931292950901252,0.18931292950901252,0.18838711217387388,0.18845033694590305,0.18959547677167765
abalone,'Length',4177.0,0.2935,0.0447,0.11,0.815,0.5229,0.54,0.1204,-0.6182,0.0079,0.08,0.165,0.0,0.0,0.0,0.0,0.0,0.0,4.5147,0.0055,LogisticRegression,0.19649879014638866,0.1837325624775307,0.19331584864745144,0.1955114468112995,0.19353719503376804,0.19321010041349146,0.19565309259793978,0.1941856543043972,0.1961129844960669
abalone,'Length',4177.0,0.2935,0.0447,0.11,0.815,0.5229,0.54,0.1204,-0.6182,0.0079,0.08,0.165,0.0,0.0,0.0,0.0,0.0,0.0,4.5147,0.0055,KNN,0.17089752360535693,0.17891436710082242,0.1767161155772336,0.17933535029839265,0.17781818357710583,0.1773783990272536,0.17944830196179018,0.17103581073652208,0.18035618590350105
abalone,'Length',4177.0,0.2935,0.0447,0.11,0.815,0.5229,0.54,0.1204,-0.6182,0.0079,0.08,0.165,0.0,0.0,0.0,0.0,0.0,0.0,4.5147,0.0055,RandomForest,0.19635205327767863,0.19340966298447865,0.19605953442094615,0.19552148780204553,0.1956803752921655,0.19499332926053847,0.1966561706690042,0.19222009413568708,0.1946028952063656
abalone,'Length',4177.0,0.2935,0.0447,0.11,0.815,0.5229,0.54,0.1204,-0.6182,0.0079,0.08,0.165,0.0,0.0,0.0,0.0,0.0,0.0,4.5147,0.0055,AdaBoost,0.08031244238690456,0.09925212092062971,0.09041266616318017,0.09041266616318017,0.09041266616318017,0.09041266616318017,0.09041266616318017,0.08031244238690456,0.09041266616318017
abalone,'Length',4177.0,0.2935,0.0447,0.11,0.815,0.5229,0.54,0.1204,-0.6182,0.0079,0.08,0.165,0.0,0.0,0.0,0.0,0.0,0.0,4.5147,0.0055,SVC,0.18497801020651108,0.182826125528116,0.18450313215325564,0.18445808261435181,0.18461607818143527,0.18450313215325564,0.18443819727330613,0.18345341722253672,0.18342252776472734
abalone,'Length',4177.0,0.2466,0.0416,0.075,0.8,0.5252,0.545,0.1193,-0.6516,0.0598,0.08,0.165,0.0,0.0,0.0,0.0,0.0,0.0,4.5034,0.0056,DecisionTree,0.20514394540731226,0.19951268113871679,0.1875452136613115,0.18877258351581572,0.18960619679268886,0.18877258351581572,0.19350577527437535,0.1991918738091151,0.1875452136613115
abalone,'Length',4177.0,0.2466,0.0416,0.075,0.8,0.5252,0.545,0.1193,-0.6516,0.0598,0.08,0.165,0.0,0.0,0.0,0.0,0.0,0.0,4.5034,0.0056,LogisticRegression,0.19162690570547725,0.1901083379867589,0.2036482690427125,0.204787009160373,0.20390183559168285,0.20367102281252458,0.20409899742299004,0.19510469580503825,0.20357750440084493
abalone,'Length',4177.0,0.2466,0.0416,0.075,0.8,0.5252,0.545,0.1193,-0.6516,0.0598,0.08,0.165,0.0,0.0,0.0,0.0,0.0,0.0,4.5034,0.0056,KNN,0.18511072931567307,0.18351621135444446,0.18263751706862877,0.18124144316557958,0.18175317799280222,0.17906444864063498,0.19040211412349725,0.19383461149725584,0.1825726824730061
abalone,'Length',4177.0,0.2466,0.0416,0.075,0.8,0.5252,0.545,0.1193,-0.6516,0.0598,0.08,0.165,0.0,0.0,0.0,0.0,0.0,0.0,4.5034,0.0056,RandomForest,0.2077169674398042,0.1963449418222285,0.20552155636920802,0.20588598563797247,0.20652226607026694,0.20535373053151446,0.20888475482625152,0.19754862374127405,0.2046768760831402
abalone,'Length',4177.0,0.2466,0.0416,0.075,0.8,0.5252,0.545,0.1193,-0.6516,0.0598,0.08,0.165,0.0,0.0,0.0,0.0,0.0,0.0,4.5034,0.0056,AdaBoost,0.08777291704958219,0.09475325138709285,0.09270676659868371,0.09270676659868371,0.09270676659868371,0.09270676659868371,0.09270676659868371,0.08777291704958219,0.09270676659868371
abalone,'Length',4177.0,0.2466,0.0416,0.075,0.8,0.5252,0.545,0.1193,-0.6516,0.0598,0.08,0.165,0.0,0.0,0.0,0.0,0.0,0.0,4.5034,0.0056,SVC,0.18894425768465442,0.17905298454020463,0.19064893544075845,0.19064893544075845,0.19064893544075845,0.1908102402305243,0.19051146960602888,0.19181727171131469,0.19105350092959197
abalone,'Length',4177.0,0.1913,0.0394,0.075,0.815,0.5243,0.545,0.1211,-0.6474,0.0651,0.08,0.165,0.0,0.0,0.0,0.0,0.0,0.0,4.5167,0.0055,DecisionTree,0.20597740588733857,0.19622277623592654,0.19980244942417263,0.20052326682685986,0.19994576710801645,0.20052326682685986,0.20193182014373756,0.19295010876406915,0.20377052556431738
abalone,'Length',4177.0,0.1913,0.0394,0.075,0.815,0.5243,0.545,0.1211,-0.6474,0.0651,0.08,0.165,0.0,0.0,0.0,0.0,0.0,0.0,4.5167,0.0055,LogisticRegression,0.2089587729908032,0.19997821095053928,0.20708766603469467,0.20722666787452398,0.20764278024920335,0.2077549428247678,0.20880240086987933,0.20940290041291415,0.20901940085046106
abalone,'Length',4177.0,0.1913,0.0394,0.075,0.815,0.5243,0.545,0.1211,-0.6474,0.0651,0.08,0.165,0.0,0.0,0.0,0.0,0.0,0.0,4.5167,0.0055,KNN,0.184148963196681,0.19035254504518792,0.18187159202070266,0.1880741720689592,0.18306239592815957,0.1861335108961009,0.18992545508450512,0.17982457365208268,0.18866112818679592
abalone,'Length',4177.0,0.1913,0.0394,0.075,0.815,0.5243,0.545,0.1211,-0.6474,0.0651,0.08,0.165,0.0,0.0,0.0,0.0,0.0,0.0,4.5167,0.0055,RandomForest,0.20532149924384574,0.19907144798999302,0.19855462100729315,0.19845087303191927,0.19899049370784094,0.19795815890970023,0.20442081134510326,0.19858155855602044,0.1977035151962154
abalone,'Length',4177.0,0.1913,0.0394,0.075,0.815,0.5243,0.545,0.1211,-0.6474,0.0651,0.08,0.165,0.0,0.0,0.0,0.0,0.0,0.0,4.5167,0.0055,AdaBoost,0.11747219417753156,0.09901424801854442,0.09954704281241031,0.09819721311992687,0.09954704281241031,0.09819721311992687,0.09946400333297889,0.10327004703671305,0.09977759679273672
abalone,'Length',4177.0,0.1913,0.0394,0.075,0.815,0.5243,0.545,0.1211,-0.6474,0.0651,0.08,0.165,0.0,0.0,0.0,0.0,0.0,0.0,4.5167,0.0055,SVC,0.19884186506015428,0.1926165744376867,0.19646326825113858,0.19630092867080884,0.19654310548407436,0.19697151985368014,0.19616037963233224,0.20105507862663868,0.1965675688205214
abalone,'Length',4177.0,0.1532,0.0379,0.075,0.815,0.5242,0.545,0.121,-0.6463,0.0429,0.08,0.165,0.0,0.0,0.0,0.0,0.0,0.0,4.5181,0.0052,DecisionTree,0.20159077275501688,0.2009472682664358,0.20387172964707814,0.20370162262282487,0.20387172964707814,0.20387172964707814,0.20197575332328654,0.2031375577388925,0.20387172964707814
abalone,'Length',4177.0,0.1532,0.0379,0.075,0.815,0.5242,0.545,0.121,-0.6463,0.0429,0.08,0.165,0.0,0.0,0.0,0.0,0.0,0.0,4.5181,0.0052,LogisticRegression,0.20751382520717854,0.2060728180589329,0.20491149744288492,0.20626365410256198,0.2064899510679755,0.2060240185501609,0.20780873797661248,0.20475726869774571,0.20603220258357935
abalone,'Length',4177.0,0.1532,0.0379,0.075,0.815,0.5242,0.545,0.121,-0.6463,0.0429,0.08,0.165,0.0,0.0,0.0,0.0,0.0,0.0,4.5181,0.0052,KNN,0.1857480089516805,0.18175365093088333,0.18511937260750813,0.18716713818912328,0.18068886102168705,0.18621571885999963,0.18865821325721088,0.17647504093142202,0.17873111752717477
abalone,'Length',4177.0,0.1532,0.0379,0.075,0.815,0.5242,0.545,0.121,-0.6463,0.0429,0.08,0.165,0.0,0.0,0.0,0.0,0.0,0.0,4.5181,0.0052,RandomForest,0.21041237309410488,0.2058402329506402,0.211836744366047,0.21219779346328982,0.21135052292971918,0.21203096378919106,0.20718179062211647,0.2088956163524368,0.21156988151909573
abalone,'Length',4177.0,0.1532,0.0379,0.075,0.815,0.5242,0.545,0.121,-0.6463,0.0429,0.08,0.165,0.0,0.0,0.0,0.0,0.0,0.0,4.5181,0.0052,AdaBoost,0.10096812156618652,0.0997231894521908,0.0996825089285547,0.0996825089285547,0.0996825089285547,0.09976557644583273,0.0996825089285547,0.10088645058750867,0.0996825089285547
abalone,'Length',4177.0,0.1532,0.0379,0.075,0.815,0.5242,0.545,0.121,-0.6463,0.0429,0.08,0.165,0.0,0.0,0.0,0.0,0.0,0.0,4.5181,0.0052,SVC,0.20129324354750644,0.19404178033494004,0.19578918131751646,0.19578918131751646,0.19578918131751646,0.19643213230841214,0.19549573637207915,0.2009017170596646,0.19546900548163934
abalone,'Length',4177.0,0.0977,0.0356,0.075,0.815,0.5234,0.545,0.1202,-0.6268,0.0449,0.08,0.165,0.0,0.0,0.0,0.0,0.0,0.0,4.5183,0.0054,DecisionTree,0.2021943066825835,0.20195527135614375,0.19132211559959922,0.19130828157449042,0.19132211559959922,0.18825530991283468,0.19066324648283747,0.2032334608103335,0.19048917871405374
abalone,'Length',4177.0,0.0977,0.0356,0.075,0.815,0.5234,0.545,0.1202,-0.6268,0.0449,0.08,0.165,0.0,0.0,0.0,0.0,0.0,0.0,4.5183,0.0054,LogisticRegression,0.2102257745924303,0.21478633597120386,0.21331834028188412,0.213853483852291,0.2142168531899313,0.21462251507370567,0.21417620094556986,0.20821689510704147,0.213754271372748
abalone,'Length',4177.0,0.0977,0.0356,0.075,0.815,0.5234,0.545,0.1202,-0.6268,0.0449,0.08,0.165,0.0,0.0,0.0,0.0,0.0,0.0,4.5183,0.0054,KNN,0.1879855182621092,0.18700182211871824,0.18646050717350582,0.18562436969215923,0.18455099093681132,0.19145352963543089,0.1890238701004687,0.1824912265293542,0.1880512045132002
abalone,'Length',4177.0,0.0977,0.0356,0.075,0.815,0.5234,0.545,0.1202,-0.6268,0.0449,0.08,0.165,0.0,0.0,0.0,0.0,0.0,0.0,4.5183,0.0054,RandomForest,0.21494574253480675,0.2102221569275083,0.21260400810814484,0.21191606682712746,0.21345273655394603,0.2129324171223825,0.21578573962366662,0.21726204537032273,0.21109576748413178
abalone,'Length',4177.0,0.0977,0.0356,0.075,0.815,0.5234,0.545,0.1202,-0.6268,0.0449,0.08,0.165,0.0,0.0,0.0,0.0,0.0,0.0,4.5183,0.0054,AdaBoost,0.09866421759971364,0.10539887554570038,0.09835651628349514,0.09835651628349514,0.09835651628349514,0.09835651628349514,0.09835651628349514,0.09881695249414026,0.09835651628349514
abalone,'Length',4177.0,0.0977,0.0356,0.075,0.815,0.5234,0.545,0.1202,-0.6268,0.0449,0.08,0.165,0.0,0.0,0.0,0.0,0.0,0.0,4.5183,0.0054,SVC,0.20260357426706352,0.20588847748282468,0.20753729082567327,0.20732173007517113,0.2075462042559923,0.20760389533047557,0.20543399371369275,0.2019429117230419,0.20640583056690873
abalone,'Length',4177.0,0.0488,0.0337,0.075,0.815,0.5237,0.545,0.1205,-0.6396,0.068,0.08,0.165,0.0,0.0,0.0,0.0,0.0,0.0,4.5187,0.0054,DecisionTree,0.2076133573676037,0.2036762178887293,0.21009691362604932,0.21009691362604932,0.21009691362604932,0.2107968646938916,0.21122032076491276,0.2042864078028936,0.2107968646938916
abalone,'Length',4177.0,0.0488,0.0337,0.075,0.815,0.5237,0.545,0.1205,-0.6396,0.068,0.08,0.165,0.0,0.0,0.0,0.0,0.0,0.0,4.5187,0.0054,LogisticRegression,0.2169163981386464,0.21790996101992244,0.21795744601170589,0.21875579603971296,0.21786231454970514,0.21823073150572378,0.21843314729161695,0.21650867537294308,0.21882827056729054
abalone,'Length',4177.0,0.0488,0.0337,0.075,0.815,0.5237,0.545,0.1205,-0.6396,0.068,0.08,0.165,0.0,0.0,0.0,0.0,0.0,0.0,4.5187,0.0054,KNN,0.1873388786474967,0.19093696119257297,0.19028576188269994,0.19222090221431082,0.19127070987285327,0.18836661489866613,0.18832998453252592,0.1906595630255862,0.18986387837926683
abalone,'Length',4177.0,0.0488,0.0337,0.075,0.815,0.5237,0.545,0.1205,-0.6396,0.068,0.08,0.165,0.0,0.0,0.0,0.0,0.0,0.0,4.5187,0.0054,RandomForest,0.21885959417785578,0.21849180574944158,0.21674834342068422,0.2170601724073023,0.21704945255631353,0.21794030569768677,0.21593932735662372,0.2189303144641595,0.21666546615279855
abalone,'Length',4177.0,0.0488,0.0337,0.075,0.815,0.5237,0.545,0.1205,-0.6396,0.068,0.08,0.165,0.0,0.0,0.0,0.0,0.0,0.0,4.5187,0.0054,AdaBoost,0.11097614586836016,0.0980340780914108,0.09810857982900248,0.09810857982900248,0.09810857982900248,0.09810857982900248,0.09810857982900248,0.11613097326023081,0.09810857982900248
abalone,'Length',4177.0,0.0488,0.0337,0.075,0.815,0.5237,0.545,0.1205,-0.6396,0.068,0.08,0.165,0.0,0.0,0.0,0.0,0.0,0.0,4.5187,0.0054,SVC,0.2091674731332838,0.21051950123858287,0.209855605969734,0.209855605969734,0.209855605969734,0.20971388845304476,0.20971388845304476,0.2082699620906907,0.21102257948996261
BachChoralHarmony,V2,5665.0,0.5063,0.0669,1.0,207.0,54.3586,49.0,37.3355,0.8906,0.7277,25.0,51.0,0.0835,0.0835,0.0571,0.0571,0.0762,0.0762,4.8727,0.0027,DecisionTree,0.43904748192835197,0.43786410225635314,0.43852923916561304,0.4395808262324142,0.43564451646302094,0.43677547801229333,0.43635406275248295,0.4319415231294804,0.4344360746896474
BachChoralHarmony,V2,5665.0,0.5063,0.0669,1.0,207.0,54.3586,49.0,37.3355,0.8906,0.7277,25.0,51.0,0.0835,0.0835,0.0571,0.0571,0.0762,0.0762,4.8727,0.0027,LogisticRegression,0.5077977584666594,0.5061504176975162,0.5080911957232601,0.5089757689404204,0.5093091379174577,0.5090714978825243,0.5064157032681982,0.5070493626742812,0.5083424085816441
BachChoralHarmony,V2,5665.0,0.5063,0.0669,1.0,207.0,54.3586,49.0,37.3355,0.8906,0.7277,25.0,51.0,0.0835,0.0835,0.0571,0.0571,0.0762,0.0762,4.8727,0.0027,KNN,0.4597640772118363,0.45448256322517755,0.458704817642975,0.4574695941167708,0.4562796411698994,0.45488938088090025,0.45851488224861464,0.4557309907601396,0.4556217739941491
BachChoralHarmony,V2,5665.0,0.5063,0.0669,1.0,207.0,54.3586,49.0,37.3355,0.8906,0.7277,25.0,51.0,0.0835,0.0835,0.0571,0.0571,0.0762,0.0762,4.8727,0.0027,RandomForest,0.47436630744729225,0.4748516203579296,0.47702331751428756,0.4769212114359368,0.4759450337168142,0.4756025243173756,0.47512410340317224,0.4683976214726034,0.47417217543357515
BachChoralHarmony,V2,5665.0,0.5063,0.0669,1.0,207.0,54.3586,49.0,37.3355,0.8906,0.7277,25.0,51.0,0.0835,0.0835,0.0571,0.0571,0.0762,0.0762,4.8727,0.0027,AdaBoost,0.059866763602381766,0.059866763602381766,0.059866763602381766,0.059866763602381766,0.059866763602381766,0.059866763602381766,0.059866763602381766,0.059866763602381766,0.059866763602381766
BachChoralHarmony,V2,5665.0,0.5063,0.0669,1.0,207.0,54.3586,49.0,37.3355,0.8906,0.7277,25.0,51.0,0.0835,0.0835,0.0571,0.0571,0.0762,0.0762,4.8727,0.0027,SVC,0.5048127499109879,0.5029672634523321,0.5055475134393264,0.5051848362410978,0.5059331159880014,0.5066599325508647,0.5025624319976043,0.5029973631714952,0.5071151407024648
BachChoralHarmony,V2,5665.0,0.4558,0.062,1.0,207.0,53.0383,47.0,37.1226,0.9954,1.0485,24.0,50.0,0.0482,0.0482,0.0329,0.0329,0.0437,0.0437,4.8613,0.0026,DecisionTree,0.4387287609659185,0.4308407884899362,0.4372454159177517,0.44198641653908466,0.44161023610037636,0.43677961882718586,0.440081587094829,0.43949782314370855,0.43877929997128495
BachChoralHarmony,V2,5665.0,0.4558,0.062,1.0,207.0,53.0383,47.0,37.1226,0.9954,1.0485,24.0,50.0,0.0482,0.0482,0.0329,0.0329,0.0437,0.0437,4.8613,0.0026,LogisticRegression,0.5125952068436394,0.5099833795427051,0.5125478036178742,0.5129306624215438,0.5114091021619235,0.5130046437056156,0.5121086478598473,0.5113703160090581,0.5140522127299924
BachChoralHarmony,V2,5665.0,0.4558,0.062,1.0,207.0,53.0383,47.0,37.1226,0.9954,1.0485,24.0,50.0,0.0482,0.0482,0.0329,0.0329,0.0437,0.0437,4.8613,0.0026,KNN,0.46271035333939137,0.457091810296134,0.4590665513478439,0.4615863450236256,0.45923215390127253,0.46105652883892223,0.4657492709163606,0.4587497797003187,0.4606991260764352
BachChoralHarmony,V2,5665.0,0.4558,0.062,1.0,207.0,53.0383,47.0,37.1226,0.9954,1.0485,24.0,50.0,0.0482,0.0482,0.0329,0.0329,0.0437,0.0437,4.8613,0.0026,RandomForest,0.4764233497305316,0.47667583631524413,0.4790850398244113,0.4790913914965188,0.4791855768515106,0.481053272947366,0.47931312615650334,0.4811472021976738,0.4792552324271748
BachChoralHarmony,V2,5665.0,0.4558,0.062,1.0,207.0,53.0383,47.0,37.1226,0.9954,1.0485,24.0,50.0,0.0482,0.0482,0.0329,0.0329,0.0437,0.0437,4.8613,0.0026,AdaBoost,0.059866763602381766,0.057435836128415775,0.059866763602381766,0.059866763602381766,0.059866763602381766,0.059866763602381766,0.059866763602381766,0.059866763602381766,0.059866763602381766
BachChoralHarmony,V2,5665.0,0.4558,0.062,1.0,207.0,53.0383,47.0,37.1226,0.9954,1.0485,24.0,50.0,0.0482,0.0482,0.0329,0.0329,0.0437,0.0437,4.8613,0.0026,SVC,0.509209003424192,0.5066618374849594,0.5058217106573473,0.5073372080690275,0.5072977760945115,0.5082547676833882,0.5075296639130686,0.506716425639495,0.5078153850061119
BachChoralHarmony,V2,5665.0,0.3984,0.056,1.0,206.0,53.6156,48.0,36.9779,0.9029,0.8123,25.0,50.0,0.0696,0.0696,0.0392,0.0392,0.0524,0.0524,4.8683,0.0026,DecisionTree,0.4372434109429805,0.4339320259026179,0.4356842815821943,0.43736941275649566,0.4409411916419586,0.43733994687335564,0.4314383134360873,0.4298893538371339,0.4379778462728971
BachChoralHarmony,V2,5665.0,0.3984,0.056,1.0,206.0,53.6156,48.0,36.9779,0.9029,0.8123,25.0,50.0,0.0696,0.0696,0.0392,0.0392,0.0524,0.0524,4.8683,0.0026,LogisticRegression,0.5091841142983446,0.5076897916465135,0.5113654869277154,0.512238054034501,0.5112856834118715,0.510655773352373,0.5091858562125838,0.5063727933528388,0.5116559071259337
BachChoralHarmony,V2,5665.0,0.3984,0.056,1.0,206.0,53.6156,48.0,36.9779,0.9029,0.8123,25.0,50.0,0.0696,0.0696,0.0392,0.0392,0.0524,0.0524,4.8683,0.0026,KNN,0.4669826120067505,0.46391791882180866,0.46650997219389345,0.46743560516100074,0.4669507915691653,0.46805082022615957,0.4677908571815962,0.4600464935894669,0.4678597694281078
BachChoralHarmony,V2,5665.0,0.3984,0.056,1.0,206.0,53.6156,48.0,36.9779,0.9029,0.8123,25.0,50.0,0.0696,0.0696,0.0392,0.0392,0.0524,0.0524,4.8683,0.0026,RandomForest,0.4773314657253355,0.4706852149581286,0.4818977584392203,0.4769152509659504,0.48063925536720414,0.47650048189676764,0.46823041201685,0.47326183104130326,0.47826509787603744
BachChoralHarmony,V2,5665.0,0.3984,0.056,1.0,206.0,53.6156,48.0,36.9779,0.9029,0.8123,25.0,50.0,0.0696,0.0696,0.0392,0.0392,0.0524,0.0524,4.8683,0.0026,AdaBoost,0.059866763602381766,0.057632857658765406,0.059866763602381766,0.059866763602381766,0.059866763602381766,0.059866763602381766,0.059866763602381766,0.059866763602381766,0.059866763602381766
BachChoralHarmony,V2,5665.0,0.3984,0.056,1.0,206.0,53.6156,48.0,36.9779,0.9029,0.8123,25.0,50.0,0.0696,0.0696,0.0392,0.0392,0.0524,0.0524,4.8683,0.0026,SVC,0.5078770174805967,0.50536171775841,0.508882682304256,0.5084432637198808,0.5085688192038815,0.5076018937921363,0.5092835821579846,0.50453153881701,0.5076656398988648
BachChoralHarmony,V2,5665.0,0.3682,0.0539,1.0,205.0,53.6206,48.0,37.2326,0.9324,0.8671,25.0,50.0,0.0634,0.0634,0.0424,0.0424,0.0566,0.0566,4.8717,0.0024,DecisionTree,0.43984537481138175,0.43854401497193174,0.4411213034631378,0.4384019565024276,0.43882168601679344,0.44103713466366806,0.4369116827192127,0.4361518315102755,0.43737405230507764
BachChoralHarmony,V2,5665.0,0.3682,0.0539,1.0,205.0,53.6206,48.0,37.2326,0.9324,0.8671,25.0,50.0,0.0634,0.0634,0.0424,0.0424,0.0566,0.0566,4.8717,0.0024,LogisticRegression,0.5095827811426067,0.5052129261789932,0.5099581994239548,0.5091892853783346,0.5095318211985798,0.510246988707788,0.5106262586409679,0.5050837909411429,0.5098558771134011
BachChoralHarmony,V2,5665.0,0.3682,0.0539,1.0,205.0,53.6206,48.0,37.2326,0.9324,0.8671,25.0,50.0,0.0634,0.0634,0.0424,0.0424,0.0566,0.0566,4.8717,0.0024,KNN,0.4642564859111858,0.4655132731349717,0.46098074839068515,0.46321488990035375,0.46490668341222663,0.46558731258612485,0.46603491673963787,0.4643873243091876,0.46433037964837265
BachChoralHarmony,V2,5665.0,0.3682,0.0539,1.0,205.0,53.6206,48.0,37.2326,0.9324,0.8671,25.0,50.0,0.0634,0.0634,0.0424,0.0424,0.0566,0.0566,4.8717,0.0024,RandomForest,0.47803586423629024,0.4774982777967307,0.47943841680053145,0.4785111230188124,0.47851380151735895,0.4784355271854549,0.47987534217457817,0.4774420390299804,0.4766090947826942
BachChoralHarmony,V2,5665.0,0.3682,0.0539,1.0,205.0,53.6206,48.0,37.2326,0.9324,0.8671,25.0,50.0,0.0634,0.0634,0.0424,0.0424,0.0566,0.0566,4.8717,0.0024,AdaBoost,0.059866763602381766,0.057435836128415775,0.059866763602381766,0.059866763602381766,0.059866763602381766,0.059866763602381766,0.059866763602381766,0.059866763602381766,0.059866763602381766
BachChoralHarmony,V2,5665.0,0.3682,0.0539,1.0,205.0,53.6206,48.0,37.2326,0.9324,0.8671,25.0,50.0,0.0634,0.0634,0.0424,0.0424,0.0566,0.0566,4.8717,0.0024,SVC,0.5096313950834779,0.505089121742399,0.5064949080058689,0.5091974638852197,0.5095116220275162,0.5089089271281404,0.5102822094369273,0.5071163732297437,0.5092346126603724
BachChoralHarmony,V2,5665.0,0.2939,0.05,1.0,207.0,53.8698,48.0,37.8944,0.9465,0.827,25.0,52.0,0.0753,0.0753,0.0508,0.0508,0.0676,0.0676,4.8894,0.0024,DecisionTree,0.4458967260939614,0.43503414202850227,0.4409918005510784,0.45024146600831083,0.4453135463043937,0.44723726396990454,0.4400513323913995,0.43341263401309615,0.44921403522219194
BachChoralHarmony,V2,5665.0,0.2939,0.05,1.0,207.0,53.8698,48.0,37.8944,0.9465,0.827,25.0,52.0,0.0753,0.0753,0.0508,0.0508,0.0676,0.0676,4.8894,0.0024,LogisticRegression,0.5112620486455923,0.5111272308626815,0.511318500430102,0.5109721053912812,0.5116896758127225,0.5131336001691893,0.511008470177766,0.5112638543210198,0.5122411631712
BachChoralHarmony,V2,5665.0,0.2939,0.05,1.0,207.0,53.8698,48.0,37.8944,0.9465,0.827,25.0,52.0,0.0753,0.0753,0.0508,0.0508,0.0676,0.0676,4.8894,0.0024,KNN,0.46645170137988934,0.4628447328744833,0.46384878765354665,0.4625108655594966,0.46304445487858276,0.46134363210826207,0.46579684552398715,0.4638078229857645,0.46407669291645615
BachChoralHarmony,V2,5665.0,0.2939,0.05,1.0,207.0,53.8698,48.0,37.8944,0.9465,0.827,25.0,52.0,0.0753,0.0753,0.0508,0.0508,0.0676,0.0676,4.8894,0.0024,RandomForest,0.48128402595663516,0.4795390132849024,0.47839445494726035,0.4795272409698123,0.48011969495539186,0.4814649796630932,0.4757228073345076,0.4765253613541277,0.4808481297294663
BachChoralHarmony,V2,5665.0,0.2939,0.05,1.0,207.0,53.8698,48.0,37.8944,0.9465,0.827,25.0,52.0,0.0753,0.0753,0.0508,0.0508,0.0676,0.0676,4.8894,0.0024,AdaBoost,0.059866763602381766,0.059866763602381766,0.059866763602381766,0.059866763602381766,0.059866763602381766,0.059866763602381766,0.059866763602381766,0.059866763602381766,0.059866763602381766
BachChoralHarmony,V2,5665.0,0.2939,0.05,1.0,207.0,53.8698,48.0,37.8944,0.9465,0.827,25.0,52.0,0.0753,0.0753,0.0508,0.0508,0.0676,0.0676,4.8894,0.0024,SVC,0.5100272670332459,0.5065316937455784,0.5080012148327304,0.5087225952156338,0.5073812652314931,0.508542583657995,0.5079599572711393,0.5061171910236333,0.508531337563094
BachChoralHarmony,V2,5665.0,0.2625,0.0476,1.0,206.0,53.2805,47.0,37.2221,0.9571,0.9141,24.0,50.0,0.0796,0.0796,0.051,0.051,0.0679,0.0679,4.8761,0.0024,DecisionTree,0.4466607021494491,0.43863709862150385,0.4441165198442273,0.4467721768636594,0.4472096642808756,0.4423005354596413,0.44414873201309535,0.43650205563889233,0.4444413902217916
BachChoralHarmony,V2,5665.0,0.2625,0.0476,1.0,206.0,53.2805,47.0,37.2221,0.9571,0.9141,24.0,50.0,0.0796,0.0796,0.051,0.051,0.0679,0.0679,4.8761,0.0024,LogisticRegression,0.5136085111079495,0.5091715594677108,0.5109151373421136,0.5137884678820633,0.5123336398797272,0.5137907254522992,0.5132038041505118,0.50878952996197,0.5126976942986364
BachChoralHarmony,V2,5665.0,0.2625,0.0476,1.0,206.0,53.2805,47.0,37.2221,0.9571,0.9141,24.0,50.0,0.0796,0.0796,0.051,0.051,0.0679,0.0679,4.8761,0.0024,KNN,0.4694109000038586,0.4652128645514096,0.4676363734617279,0.4671751447239007,0.4669745145423418,0.4670312505839672,0.467500847936159,0.4657392828913812,0.4670205758902194
BachChoralHarmony,V2,5665.0,0.2625,0.0476,1.0,206.0,53.2805,47.0,37.2221,0.9571,0.9141,24.0,50.0,0.0796,0.0796,0.051,0.051,0.0679,0.0679,4.8761,0.0024,RandomForest,0.4830375184305418,0.4794658592618931,0.48385969584308813,0.4807823419724749,0.48142629908310197,0.48527735865483923,0.47991125414937874,0.4813586983968402,0.48116801736130715
BachChoralHarmony,V2,5665.0,0.2625,0.0476,1.0,206.0,53.2805,47.0,37.2221,0.9571,0.9141,24.0,50.0,0.0796,0.0796,0.051,0.051,0.0679,0.0679,4.8761,0.0024,AdaBoost,0.059866763602381766,0.05734963338945905,0.059866763602381766,0.059866763602381766,0.059866763602381766,0.059866763602381766,0.059866763602381766,0.059866763602381766,0.059866763602381766
BachChoralHarmony,V2,5665.0,0.2625,0.0476,1.0,206.0,53.2805,47.0,37.2221,0.9571,0.9141,24.0,50.0,0.0796,0.0796,0.051,0.051,0.0679,0.0679,4.8761,0.0024,SVC,0.5099669730612615,0.5072426915497759,0.5086032962851406,0.5089947288739953,0.509672248836345,0.5098166136142447,0.5125565616383315,0.5069749050835654,0.5093061971608908
BachChoralHarmony,V2,5665.0,0.1965,0.0437,1.0,207.0,53.3319,48.0,37.2814,0.9079,0.7813,25.0,51.0,0.079,0.079,0.0545,0.0545,0.0726,0.0726,4.8795,0.0024,DecisionTree,0.4417636307276039,0.4419981184260208,0.4432789548275321,0.44021940970137374,0.43925070235298624,0.43797988130941606,0.4424319781196671,0.4437613646561537,0.4406125465281618
BachChoralHarmony,V2,5665.0,0.1965,0.0437,1.0,207.0,53.3319,48.0,37.2814,0.9079,0.7813,25.0,51.0,0.079,0.079,0.0545,0.0545,0.0726,0.0726,4.8795,0.0024,LogisticRegression,0.5118692487347279,0.5097057600360784,0.5117179378424038,0.5137369544190148,0.5116712635343391,0.5128698602337363,0.5117514054579331,0.5102776707079729,0.5127485878717655
BachChoralHarmony,V2,5665.0,0.1965,0.0437,1.0,207.0,53.3319,48.0,37.2814,0.9079,0.7813,25.0,51.0,0.079,0.079,0.0545,0.0545,0.0726,0.0726,4.8795,0.0024,KNN,0.4693164874854242,0.46883756864934345,0.4680346490492193,0.46946891459289,0.46943985202394506,0.4691668182337988,0.46920052876344653,0.46888561903209325,0.4688906572085666
BachChoralHarmony,V2,5665.0,0.1965,0.0437,1.0,207.0,53.3319,48.0,37.2814,0.9079,0.7813,25.0,51.0,0.079,0.079,0.0545,0.0545,0.0726,0.0726,4.8795,0.0024,RandomForest,0.4802290490207725,0.4762360035204011,0.476944752209952,0.4817803801394189,0.47946765051926926,0.4796308208713475,0.4766967106069526,0.47746173964641747,0.47738792041683703
BachChoralHarmony,V2,5665.0,0.1965,0.0437,1.0,207.0,53.3319,48.0,37.2814,0.9079,0.7813,25.0,51.0,0.079,0.079,0.0545,0.0545,0.0726,0.0726,4.8795,0.0024,AdaBoost,0.059866763602381766,0.059866763602381766,0.059866763602381766,0.059866763602381766,0.059866763602381766,0.059866763602381766,0.059866763602381766,0.059866763602381766,0.059866763602381766
BachChoralHarmony,V2,5665.0,0.1965,0.0437,1.0,207.0,53.3319,48.0,37.2814,0.9079,0.7813,25.0,51.0,0.079,0.079,0.0545,0.0545,0.0726,0.0726,4.8795,0.0024,SVC,0.5093910605418588,0.5057100839328146,0.5091205865259281,0.5098460296563203,0.5108543028685997,0.5105282613283808,0.5101406820896004,0.5067185749808943,0.5104262085391542
BachChoralHarmony,V2,5665.0,0.141,0.0409,1.0,207.0,52.7861,47.0,36.7365,0.9381,0.9273,25.0,50.0,0.074,0.074,0.0489,0.0489,0.0651,0.0651,4.8668,0.0024,DecisionTree,0.4478446114330048,0.4450205394854024,0.44677300797527797,0.43818036258126725,0.4405728237553425,0.4422086263663838,0.44147165202559396,0.44273891508373553,0.4419494347000041
BachChoralHarmony,V2,5665.0,0.141,0.0409,1.0,207.0,52.7861,47.0,36.7365,0.9381,0.9273,25.0,50.0,0.074,0.074,0.0489,0.0489,0.0651,0.0651,4.8668,0.0024,LogisticRegression,0.5122837428487146,0.5111387567334296,0.5121174905813578,0.5126179014764546,0.5119509819200098,0.5115708945434567,0.5129607493804812,0.5116144399085603,0.5116522388808655
BachChoralHarmony,V2,5665.0,0.141,0.0409,1.0,207.0,52.7861,47.0,36.7365,0.9381,0.9273,25.0,50.0,0.074,0.074,0.0489,0.0489,0.0651,0.0651,4.8668,0.0024,KNN,0.47028375447142334,0.46490094772802326,0.4678122809215687,0.4687756527831411,0.4689283275977319,0.4694151246011883,0.46917145121207093,0.4653401594027137,0.46984895466546894
BachChoralHarmony,V2,5665.0,0.141,0.0409,1.0,207.0,52.7861,47.0,36.7365,0.9381,0.9273,25.0,50.0,0.074,0.074,0.0489,0.0489,0.0651,0.0651,4.8668,0.0024,RandomForest,0.4841847024812905,0.487456655009316,0.48348955891718215,0.48328457795238045,0.4831857262901,0.48794863009569556,0.4827535031556706,0.4837808003343621,0.48455865864557857
BachChoralHarmony,V2,5665.0,0.141,0.0409,1.0,207.0,52.7861,47.0,36.7365,0.9381,0.9273,25.0,50.0,0.074,0.074,0.0489,0.0489,0.0651,0.0651,4.8668,0.0024,AdaBoost,0.059866763602381766,0.059866763602381766,0.059866763602381766,0.059866763602381766,0.059866763602381766,0.059866763602381766,0.059866763602381766,0.059866763602381766,0.059866763602381766
BachChoralHarmony,V2,5665.0,0.141,0.0409,1.0,207.0,52.7861,47.0,36.7365,0.9381,0.9273,25.0,50.0,0.074,0.074,0.0489,0.0489,0.0651,0.0651,4.8668,0.0024,SVC,0.5107798271670865,0.5104826275984414,0.5102969106856164,0.5103490780437412,0.5109390745418678,0.5108815615972102,0.5118880470151366,0.5111850873384864,0.5109875756544422
BachChoralHarmony,V2,5665.0,0.1008,0.0399,1.0,207.0,53.3088,48.0,37.2743,0.928,0.8238,25.0,51.0,0.0795,0.0795,0.0542,0.0542,0.0723,0.0723,4.8801,0.0023,DecisionTree,0.4399825811617371,0.4415651202030785,0.4370811178838046,0.4416907921040775,0.4421358996537927,0.4416687875837853,0.439207971434001,0.4399846078739895,0.44018434425488623
BachChoralHarmony,V2,5665.0,0.1008,0.0399,1.0,207.0,53.3088,48.0,37.2743,0.928,0.8238,25.0,51.0,0.0795,0.0795,0.0542,0.0542,0.0723,0.0723,4.8801,0.0023,LogisticRegression,0.5097957504795111,0.5097106477679276,0.5096549337257055,0.51025029596375,0.5098676989284266,0.5098512032381588,0.5094300253167456,0.5095723346026447,0.5105246472755094
BachChoralHarmony,V2,5665.0,0.1008,0.0399,1.0,207.0,53.3088,48.0,37.2743,0.928,0.8238,25.0,51.0,0.0795,0.0795,0.0542,0.0542,0.0723,0.0723,4.8801,0.0023,KNN,0.46998151528011634,0.4688368901489686,0.46880102893465675,0.46749016475513716,0.46813416404520986,0.47027323978617,0.4705103133304587,0.46963884225158725,0.46930588538872686
BachChoralHarmony,V2,5665.0,0.1008,0.0399,1.0,207.0,53.3088,48.0,37.2743,0.928,0.8238,25.0,51.0,0.0795,0.0795,0.0542,0.0542,0.0723,0.0723,4.8801,0.0023,RandomForest,0.4821891117048248,0.4782037986943579,0.4812808314379695,0.4849766145663218,0.48564607453100644,0.48141385427431205,0.48522611159985723,0.48126990632915245,0.4835262915728113
BachChoralHarmony,V2,5665.0,0.1008,0.0399,1.0,207.0,53.3088,48.0,37.2743,0.928,0.8238,25.0,51.0,0.0795,0.0795,0.0542,0.0542,0.0723,0.0723,4.8801,0.0023,AdaBoost,0.059866763602381766,0.059866763602381766,0.059866763602381766,0.059866763602381766,0.059866763602381766,0.059866763602381766,0.059866763602381766,0.059866763602381766,0.059866763602381766
BachChoralHarmony,V2,5665.0,0.1008,0.0399,1.0,207.0,53.3088,48.0,37.2743,0.928,0.8238,25.0,51.0,0.0795,0.0795,0.0542,0.0542,0.0723,0.0723,4.8801,0.0023,SVC,0.5089616688181314,0.5087253809830883,0.5090963969692167,0.5090613912865648,0.5089439246096528,0.5089645077982633,0.5088066729895184,0.5084444408471098,0.508198375592027
BachChoralHarmony,V2,5665.0,0.0503,0.0383,1.0,207.0,53.5664,48.0,37.2582,0.9227,0.8295,25.0,51.0,0.0775,0.0775,0.0535,0.0535,0.0712,0.0712,4.885,0.0023,DecisionTree,0.44391079862339233,0.4450533115223904,0.44652802797054514,0.44328336112694117,0.44616499134861115,0.444170444524634,0.4463424018620402,0.44508183080055164,0.4408034175813857
BachChoralHarmony,V2,5665.0,0.0503,0.0383,1.0,207.0,53.5664,48.0,37.2582,0.9227,0.8295,25.0,51.0,0.0775,0.0775,0.0535,0.0535,0.0712,0.0712,4.885,0.0023,LogisticRegression,0.5132945705705565,0.5133763052858727,0.5117003918274535,0.5122766969055312,0.5133449227343941,0.5133763786311761,0.5142000175195087,0.5142445901879229,0.5131765869111322
BachChoralHarmony,V2,5665.0,0.0503,0.0383,1.0,207.0,53.5664,48.0,37.2582,0.9227,0.8295,25.0,51.0,0.0775,0.0775,0.0535,0.0535,0.0712,0.0712,4.885,0.0023,KNN,0.4703586947352899,0.46597328271430505,0.4686463715497663,0.4701714455824159,0.470153452883479,0.4696939846539306,0.4694142747474883,0.4667349104418041,0.46930010471867895
BachChoralHarmony,V2,5665.0,0.0503,0.0383,1.0,207.0,53.5664,48.0,37.2582,0.9227,0.8295,25.0,51.0,0.0775,0.0775,0.0535,0.0535,0.0712,0.0712,4.885,0.0023,RandomForest,0.4837905346330523,0.4851714494844227,0.48611516099435415,0.4847778489510966,0.4832686955875961,0.48531809779230234,0.481351561807042,0.4844366739380493,0.483067410558234
BachChoralHarmony,V2,5665.0,0.0503,0.0383,1.0,207.0,53.5664,48.0,37.2582,0.9227,0.8295,25.0,51.0,0.0775,0.0775,0.0535,0.0535,0.0712,0.0712,4.885,0.0023,AdaBoost,0.059866763602381766,0.059866763602381766,0.059866763602381766,0.059866763602381766,0.059866763602381766,0.059866763602381766,0.059866763602381766,0.059866763602381766,0.059866763602381766
BachChoralHarmony,V2,5665.0,0.0503,0.0383,1.0,207.0,53.5664,48.0,37.2582,0.9227,0.8295,25.0,51.0,0.0775,0.0775,0.0535,0.0535,0.0712,0.0712,4.885,0.0023,SVC,0.5098774309418348,0.5091074378251031,0.5097148184900813,0.5105734052298693,0.5106072700985471,0.5102881830780724,0.5103000844886929,0.5091906439748743,0.5102742908854399
BachChoralHarmony,V16,5665.0,0.4891,0.0017,1.0,5.0,3.1583,3.0,1.1205,0.3432,-0.9813,1.0,2.0,0.0636,0.0636,0.0453,0.0453,0.0604,0.0604,1.4191,4.042,DecisionTree,0.4708548475336648,0.4589158497102185,0.45671980766165143,0.4527118782046496,0.45169412234878453,0.4575521969387864,0.4490541842873841,0.44809931620458215,0.45595102327946735
BachChoralHarmony,V16,5665.0,0.4891,0.0017,1.0,5.0,3.1583,3.0,1.1205,0.3432,-0.9813,1.0,2.0,0.0636,0.0636,0.0453,0.0453,0.0604,0.0604,1.4191,4.042,LogisticRegression,0.5077706564111183,0.5108842099936858,0.5116163746434047,0.5089358914753145,0.5084716050721023,0.5076561517555039,0.5075365212711904,0.5060401827479577,0.5084915124185778
BachChoralHarmony,V16,5665.0,0.4891,0.0017,1.0,5.0,3.1583,3.0,1.1205,0.3432,-0.9813,1.0,2.0,0.0636,0.0636,0.0453,0.0453,0.0604,0.0604,1.4191,4.042,KNN,0.47080026420798926,0.47412117224682465,0.4683410647276598,0.4712555652722267,0.4684333597091388,0.4702031440911436,0.468223092622175,0.46894751465418777,0.47169056163626416
BachChoralHarmony,V16,5665.0,0.4891,0.0017,1.0,5.0,3.1583,3.0,1.1205,0.3432,-0.9813,1.0,2.0,0.0636,0.0636,0.0453,0.0453,0.0604,0.0604,1.4191,4.042,RandomForest,0.49543009909810126,0.5021505033978215,0.5016485412670466,0.49929522810088384,0.4930541212408043,0.49610682704558734,0.4897722325850563,0.4922764248670787,0.4999997532241135
BachChoralHarmony,V16,5665.0,0.4891,0.0017,1.0,5.0,3.1583,3.0,1.1205,0.3432,-0.9813,1.0,2.0,0.0636,0.0636,0.0453,0.0453,0.0604,0.0604,1.4191,4.042,AdaBoost,0.059866763602381766,0.059866763602381766,0.059866763602381766,0.059866763602381766,0.059866763602381766,0.059866763602381766,0.059866763602381766,0.059866763602381766,0.059866763602381766
BachChoralHarmony,V16,5665.0,0.4891,0.0017,1.0,5.0,3.1583,3.0,1.1205,0.3432,-0.9813,1.0,2.0,0.0636,0.0636,0.0453,0.0453,0.0604,0.0604,1.4191,4.042,SVC,0.5071554833831305,0.509274778808178,0.5065565194446013,0.5077780586343286,0.5091850789463376,0.508433022078018,0.5074070703373831,0.5064431666983437,0.5089539511256617
BachChoralHarmony,V16,5665.0,0.45,0.0016,1.0,5.0,3.1287,3.0,1.0981,0.3853,-0.8996,1.0,2.0,0.0633,0.0633,0.0437,0.0437,0.0581,0.0581,1.406,1.5325,DecisionTree,0.4645266027163228,0.4666957078827581,0.45689743712534275,0.4593940677286633,0.46369846514118457,0.45712254961380716,0.45589023430193953,0.4462320224291566,0.45391880727174866
BachChoralHarmony,V16,5665.0,0.45,0.0016,1.0,5.0,3.1287,3.0,1.0981,0.3853,-0.8996,1.0,2.0,0.0633,0.0633,0.0437,0.0437,0.0581,0.0581,1.406,1.5325,LogisticRegression,0.5136346221988274,0.5127200906427732,0.5135874714621071,0.514730262590981,0.5133736535192954,0.5143888460111344,0.515159355216613,0.5142945333896779,0.5147874440672917
BachChoralHarmony,V16,5665.0,0.45,0.0016,1.0,5.0,3.1287,3.0,1.0981,0.3853,-0.8996,1.0,2.0,0.0633,0.0633,0.0437,0.0437,0.0581,0.0581,1.406,1.5325,KNN,0.46674704171722947,0.46947968526078837,0.4620779006844549,0.4639828924308968,0.4655162427687348,0.4659001040454475,0.46632258610640864,0.46416262169485745,0.4663314664623838
BachChoralHarmony,V16,5665.0,0.45,0.0016,1.0,5.0,3.1287,3.0,1.0981,0.3853,-0.8996,1.0,2.0,0.0633,0.0633,0.0437,0.0437,0.0581,0.0581,1.406,1.5325,RandomForest,0.5056647512297877,0.5037497494175962,0.5007461707622263,0.5059130542661966,0.5005128364542468,0.5024536068728556,0.49762298963033147,0.4950623135058312,0.49852691706055047
BachChoralHarmony,V16,5665.0,0.45,0.0016,1.0,5.0,3.1287,3.0,1.0981,0.3853,-0.8996,1.0,2.0,0.0633,0.0633,0.0437,0.0437,0.0581,0.0581,1.406,1.5325,AdaBoost,0.059866763602381766,0.059866763602381766,0.059866763602381766,0.059866763602381766,0.059866763602381766,0.059866763602381766,0.059866763602381766,0.059866763602381766,0.059866763602381766
BachChoralHarmony,V16,5665.0,0.45,0.0016,1.0,5.0,3.1287,3.0,1.0981,0.3853,-0.8996,1.0,2.0,0.0633,0.0633,0.0437,0.0437,0.0581,0.0581,1.406,1.5325,SVC,0.5059188466825413,0.5102656309419307,0.5065373660197536,0.5064484686815556,0.5071344671971532,0.5065890702461394,0.5056941567957157,0.5068169712860163,0.5064102337634606
BachChoralHarmony,V16,5665.0,0.3961,0.0015,1.0,5.0,3.1222,3.0,1.1087,0.3909,-0.922,1.0,2.0,0.0683,0.0683,0.0461,0.0461,0.0614,0.0614,1.4088,3.7395,DecisionTree,0.46631780498974185,0.4551534864563465,0.4497407251902651,0.4535900752612766,0.45281931143236526,0.4612032325531925,0.4551344482043266,0.44307767573333356,0.45806169589458495
BachChoralHarmony,V16,5665.0,0.3961,0.0015,1.0,5.0,3.1222,3.0,1.1087,0.3909,-0.922,1.0,2.0,0.0683,0.0683,0.0461,0.0461,0.0614,0.0614,1.4088,3.7395,LogisticRegression,0.5094871305732189,0.5076199500265935,0.5115070083807343,0.5098034506241167,0.5105483875873725,0.5102059899062239,0.5106226797492333,0.510264466595676,0.5096690598562037
BachChoralHarmony,V16,5665.0,0.3961,0.0015,1.0,5.0,3.1222,3.0,1.1087,0.3909,-0.922,1.0,2.0,0.0683,0.0683,0.0461,0.0461,0.0614,0.0614,1.4088,3.7395,KNN,0.46872089231218345,0.46541163315733547,0.4689864932329395,0.47254835493622344,0.46969063042281023,0.4703575454102733,0.4689229477591726,0.46639823377475703,0.47029469503543886
BachChoralHarmony,V16,5665.0,0.3961,0.0015,1.0,5.0,3.1222,3.0,1.1087,0.3909,-0.922,1.0,2.0,0.0683,0.0683,0.0461,0.0461,0.0614,0.0614,1.4088,3.7395,RandomForest,0.49931148345058973,0.4969054591139139,0.4991521857525085,0.4971530462716673,0.49605965982180156,0.4977319684423125,0.49797200098231387,0.49281401790574114,0.4980643278441367
BachChoralHarmony,V16,5665.0,0.3961,0.0015,1.0,5.0,3.1222,3.0,1.1087,0.3909,-0.922,1.0,2.0,0.0683,0.0683,0.0461,0.0461,0.0614,0.0614,1.4088,3.7395,AdaBoost,0.059866763602381766,0.059866763602381766,0.059866763602381766,0.059866763602381766,0.059866763602381766,0.059866763602381766,0.059866763602381766,0.059866763602381766,0.059866763602381766
BachChoralHarmony,V16,5665.0,0.3961,0.0015,1.0,5.0,3.1222,3.0,1.1087,0.3909,-0.922,1.0,2.0,0.0683,0.0683,0.0461,0.0461,0.0614,0.0614,1.4088,3.7395,SVC,0.5083736408965843,0.506264347639934,0.508113914119431,0.5068287852808295,0.5065689833473144,0.5068961046718409,0.5069532144938982,0.5075189930213221,0.5076559992084548
BachChoralHarmony,V16,5665.0,0.3612,0.0014,1.0,5.0,3.1172,3.0,1.1062,0.396,-0.9051,1.0,2.0,0.1004,0.1004,0.0648,0.0648,0.0862,0.0862,1.4079,1.6139,DecisionTree,0.4677484602331011,0.4630876744296683,0.460102782177466,0.4532330291861941,0.4522950463296027,0.4678891556710732,0.45758876547325517,0.4423565659080346,0.45738342801423465
BachChoralHarmony,V16,5665.0,0.3612,0.0014,1.0,5.0,3.1172,3.0,1.1062,0.396,-0.9051,1.0,2.0,0.1004,0.1004,0.0648,0.0648,0.0862,0.0862,1.4079,1.6139,LogisticRegression,0.5118960043089527,0.5094131361140395,0.511344033165442,0.5099230002251642,0.509787059984416,0.5105967924098167,0.5127765447279795,0.5109482171379374,0.5111813217817669
BachChoralHarmony,V16,5665.0,0.3612,0.0014,1.0,5.0,3.1172,3.0,1.1062,0.396,-0.9051,1.0,2.0,0.1004,0.1004,0.0648,0.0648,0.0862,0.0862,1.4079,1.6139,KNN,0.4716953781230286,0.4669549531333125,0.47326333330122605,0.47206473106727614,0.47188026614992407,0.4720799332089063,0.46987457676064465,0.4704048162064852,0.47235774228521615
BachChoralHarmony,V16,5665.0,0.3612,0.0014,1.0,5.0,3.1172,3.0,1.1062,0.396,-0.9051,1.0,2.0,0.1004,0.1004,0.0648,0.0648,0.0862,0.0862,1.4079,1.6139,RandomForest,0.4955872625574008,0.4978770530691896,0.4977553842688406,0.4955938393598653,0.4966553067870479,0.4969488118124415,0.4952702719615172,0.4882729307767104,0.4991411473717409
BachChoralHarmony,V16,5665.0,0.3612,0.0014,1.0,5.0,3.1172,3.0,1.1062,0.396,-0.9051,1.0,2.0,0.1004,0.1004,0.0648,0.0648,0.0862,0.0862,1.4079,1.6139,AdaBoost,0.059866763602381766,0.059866763602381766,0.059866763602381766,0.059866763602381766,0.059866763602381766,0.059866763602381766,0.059866763602381766,0.059866763602381766,0.059866763602381766
BachChoralHarmony,V16,5665.0,0.3612,0.0014,1.0,5.0,3.1172,3.0,1.1062,0.396,-0.9051,1.0,2.0,0.1004,0.1004,0.0648,0.0648,0.0862,0.0862,1.4079,1.6139,SVC,0.5059110809163113,0.5063071702578299,0.507547554966276,0.5058904018140881,0.5052965172082098,0.5045004373476665,0.5054049717746372,0.5070192588695729,0.5043684520197296
BachChoralHarmony,V16,5665.0,0.2981,0.0013,1.0,5.0,3.1348,3.0,1.1173,0.3788,-0.9492,1.0,2.0,0.0715,0.0715,0.0507,0.0507,0.0679,0.0679,1.4121,1.642,DecisionTree,0.46341329822218114,0.45664723540731395,0.4537214603339317,0.4536088177315708,0.45095700018802776,0.4513938835626895,0.450777662541163,0.44349470424555576,0.4516030325081325
BachChoralHarmony,V16,5665.0,0.2981,0.0013,1.0,5.0,3.1348,3.0,1.1173,0.3788,-0.9492,1.0,2.0,0.0715,0.0715,0.0507,0.0507,0.0679,0.0679,1.4121,1.642,LogisticRegression,0.514587024358444,0.5119900428009015,0.5133341218466965,0.5133428929514322,0.5136606792636403,0.5145202333831703,0.5133112119650347,0.513831628636631,0.5138079763293175
BachChoralHarmony,V16,5665.0,0.2981,0.0013,1.0,5.0,3.1348,3.0,1.1173,0.3788,-0.9492,1.0,2.0,0.0715,0.0715,0.0507,0.0507,0.0679,0.0679,1.4121,1.642,KNN,0.46649853708382916,0.46240036474181984,0.4659019626565861,0.4656102278523956,0.46757045302000294,0.4676102788409038,0.46546730556316845,0.465042579785095,0.46599938283151815
BachChoralHarmony,V16,5665.0,0.2981,0.0013,1.0,5.0,3.1348,3.0,1.1173,0.3788,-0.9492,1.0,2.0,0.0715,0.0715,0.0507,0.0507,0.0679,0.0679,1.4121,1.642,RandomForest,0.49227919191669667,0.49271509907893035,0.49998037198646084,0.49715612150156596,0.49294681373710675,0.49060222016973387,0.49657302465219666,0.4942677768176862,0.4973060686142175
BachChoralHarmony,V16,5665.0,0.2981,0.0013,1.0,5.0,3.1348,3.0,1.1173,0.3788,-0.9492,1.0,2.0,0.0715,0.0715,0.0507,0.0507,0.0679,0.0679,1.4121,1.642,AdaBoost,0.059866763602381766,0.059866763602381766,0.059866763602381766,0.059866763602381766,0.059866763602381766,0.059866763602381766,0.059866763602381766,0.059866763602381766,0.059866763602381766
BachChoralHarmony,V16,5665.0,0.2981,0.0013,1.0,5.0,3.1348,3.0,1.1173,0.3788,-0.9492,1.0,2.0,0.0715,0.0715,0.0507,0.0507,0.0679,0.0679,1.4121,1.642,SVC,0.5054621330597826,0.5058517921422531,0.5067253513964879,0.5055360733408139,0.5044555372203969,0.5045172721977907,0.50628922632531,0.5057900726950311,0.5046093708128851
BachChoralHarmony,V16,5665.0,0.2545,0.0012,1.0,5.0,3.135,3.0,1.1072,0.384,-0.923,1.0,2.0,0.0789,0.0789,0.0557,0.0557,0.0744,0.0744,1.4075,1.6211,DecisionTree,0.4559005564432204,0.45702351753439324,0.44897857932274826,0.4482681744746443,0.4478234808249139,0.45316063731199463,0.44864780378117997,0.4459658089512112,0.45149217132125286
BachChoralHarmony,V16,5665.0,0.2545,0.0012,1.0,5.0,3.135,3.0,1.1072,0.384,-0.923,1.0,2.0,0.0789,0.0789,0.0557,0.0557,0.0744,0.0744,1.4075,1.6211,LogisticRegression,0.5106296543517398,0.5118109174315465,0.5109599204608256,0.5104743247122423,0.5105887693167674,0.5116585825499069,0.510157460245252,0.5119195850771571,0.5110556275987055
BachChoralHarmony,V16,5665.0,0.2545,0.0012,1.0,5.0,3.135,3.0,1.1072,0.384,-0.923,1.0,2.0,0.0789,0.0789,0.0557,0.0557,0.0744,0.0744,1.4075,1.6211,KNN,0.4691644790704999,0.46936919474000716,0.470160948848838,0.47230639070559266,0.4721394049836663,0.4712208710047577,0.4695326717972232,0.4669461325830764,0.4720608060324608
BachChoralHarmony,V16,5665.0,0.2545,0.0012,1.0,5.0,3.135,3.0,1.1072,0.384,-0.923,1.0,2.0,0.0789,0.0789,0.0557,0.0557,0.0744,0.0744,1.4075,1.6211,RandomForest,0.4917716264467995,0.49201561483251627,0.49487214255614564,0.48874222594832856,0.49308301819927447,0.4907943581041948,0.48844571925882363,0.4863794464398796,0.4906424076583217
BachChoralHarmony,V16,5665.0,0.2545,0.0012,1.0,5.0,3.135,3.0,1.1072,0.384,-0.923,1.0,2.0,0.0789,0.0789,0.0557,0.0557,0.0744,0.0744,1.4075,1.6211,AdaBoost,0.059866763602381766,0.059866763602381766,0.059866763602381766,0.059866763602381766,0.059866763602381766,0.059866763602381766,0.059866763602381766,0.059866763602381766,0.059866763602381766
BachChoralHarmony,V16,5665.0,0.2545,0.0012,1.0,5.0,3.135,3.0,1.1072,0.384,-0.923,1.0,2.0,0.0789,0.0789,0.0557,0.0557,0.0744,0.0744,1.4075,1.6211,SVC,0.5097936780058545,0.5096575217478936,0.5101287505535645,0.5098770985871651,0.510290658648016,0.5103611264039614,0.5101231055319869,0.5087321721517499,0.5098735778007236
BachChoralHarmony,V16,5665.0,0.1896,0.0011,1.0,5.0,3.1387,3.0,1.11,0.3705,-0.9363,1.0,2.0,0.068,0.068,0.0487,0.0487,0.0649,0.0649,1.4121,3.817,DecisionTree,0.44642393088784416,0.4461371069040943,0.445815542579426,0.43250783604156967,0.444675178066332,0.4441627208431601,0.44536632869315956,0.43313818898226997,0.4477841536253877
BachChoralHarmony,V16,5665.0,0.1896,0.0011,1.0,5.0,3.1387,3.0,1.11,0.3705,-0.9363,1.0,2.0,0.068,0.068,0.0487,0.0487,0.0649,0.0649,1.4121,3.817,LogisticRegression,0.5122978358238327,0.5133505655615069,0.514211224375839,0.5125716202439679,0.5136280572288923,0.5129262314249498,0.5137923782263287,0.5135450513852642,0.5129492149435438
BachChoralHarmony,V16,5665.0,0.1896,0.0011,1.0,5.0,3.1387,3.0,1.11,0.3705,-0.9363,1.0,2.0,0.068,0.068,0.0487,0.0487,0.0649,0.0649,1.4121,3.817,KNN,0.4687514665463558,0.46444983341229173,0.46951699932212904,0.4679869100996079,0.4681429477063887,0.46868569532493864,0.4670692621074522,0.4666263492934108,0.4676342353104319
BachChoralHarmony,V16,5665.0,0.1896,0.0011,1.0,5.0,3.1387,3.0,1.11,0.3705,-0.9363,1.0,2.0,0.068,0.068,0.0487,0.0487,0.0649,0.0649,1.4121,3.817,RandomForest,0.48306890077196074,0.4869302970654855,0.48853679219040896,0.48120355323052894,0.4865478884561964,0.48326731496587566,0.4866031145826435,0.47990085399191973,0.48306954864246077
BachChoralHarmony,V16,5665.0,0.1896,0.0011,1.0,5.0,3.1387,3.0,1.11,0.3705,-0.9363,1.0,2.0,0.068,0.068,0.0487,0.0487,0.0649,0.0649,1.4121,3.817,AdaBoost,0.059866763602381766,0.059866763602381766,0.059866763602381766,0.059866763602381766,0.059866763602381766,0.059866763602381766,0.059866763602381766,0.059866763602381766,0.059866763602381766
BachChoralHarmony,V16,5665.0,0.1896,0.0011,1.0,5.0,3.1387,3.0,1.11,0.3705,-0.9363,1.0,2.0,0.068,0.068,0.0487,0.0487,0.0649,0.0649,1.4121,3.817,SVC,0.5084458552752333,0.5088673511827888,0.5086319703613466,0.5082184144161765,0.5085583404315122,0.5076843557979155,0.5080613982705273,0.5083613115050113,0.5083666331203277
BachChoralHarmony,V16,5665.0,0.1495,0.001,1.0,5.0,3.137,3.0,1.1062,0.392,-0.9297,1.0,2.0,0.0691,0.0691,0.0475,0.0475,0.0634,0.0634,1.4034,1.6668,DecisionTree,0.45152474335854076,0.4469290719020076,0.44943491585329814,0.45288670417660654,0.4496711521865785,0.451342527752159,0.44692512335609375,0.4471641788647469,0.45163961329988744
BachChoralHarmony,V16,5665.0,0.1495,0.001,1.0,5.0,3.137,3.0,1.1062,0.392,-0.9297,1.0,2.0,0.0691,0.0691,0.0475,0.0475,0.0634,0.0634,1.4034,1.6668,LogisticRegression,0.5098878885241329,0.5141621185050786,0.5106451346593277,0.5097619204966466,0.5097215245972517,0.5102175646314767,0.5103161973980888,0.5091660559232082,0.5098795021939385
BachChoralHarmony,V16,5665.0,0.1495,0.001,1.0,5.0,3.137,3.0,1.1062,0.392,-0.9297,1.0,2.0,0.0691,0.0691,0.0475,0.0475,0.0634,0.0634,1.4034,1.6668,KNN,0.46940926713866066,0.4680752203804827,0.4697840594418482,0.46877840875934357,0.46897024368292906,0.4685738930742428,0.46894528389569246,0.46776291324155517,0.46884417353699465
BachChoralHarmony,V16,5665.0,0.1495,0.001,1.0,5.0,3.137,3.0,1.1062,0.392,-0.9297,1.0,2.0,0.0691,0.0691,0.0475,0.0475,0.0634,0.0634,1.4034,1.6668,RandomForest,0.4905412808251233,0.4890714142161776,0.4908909154828889,0.48844519187523305,0.48859505228198946,0.4881049488900651,0.4876049530049276,0.48420948937208896,0.48630137851074784
BachChoralHarmony,V16,5665.0,0.1495,0.001,1.0,5.0,3.137,3.0,1.1062,0.392,-0.9297,1.0,2.0,0.0691,0.0691,0.0475,0.0475,0.0634,0.0634,1.4034,1.6668,AdaBoost,0.059866763602381766,0.059866763602381766,0.059866763602381766,0.059866763602381766,0.059866763602381766,0.059866763602381766,0.059866763602381766,0.059866763602381766,0.059866763602381766
BachChoralHarmony,V16,5665.0,0.1495,0.001,1.0,5.0,3.137,3.0,1.1062,0.392,-0.9297,1.0,2.0,0.0691,0.0691,0.0475,0.0475,0.0634,0.0634,1.4034,1.6668,SVC,0.5086842661820558,0.5086762994072056,0.5084826395629135,0.5087842143079059,0.5084114659685879,0.5088826068170362,0.5074804129576523,0.5084931727362384,0.5081256963465388
BachChoralHarmony,V16,5665.0,0.1041,0.001,1.0,5.0,3.1346,3.0,1.1097,0.3809,-0.9287,1.0,2.0,0.0766,0.0766,0.0528,0.0528,0.0704,0.0704,1.4094,3.8194,DecisionTree,0.4464223144604546,0.4450131639049509,0.4464830656598838,0.44579339033025145,0.44227632756084917,0.44573108905013625,0.4430165365964597,0.4409899475961604,0.44895186007654886
BachChoralHarmony,V16,5665.0,0.1041,0.001,1.0,5.0,3.1346,3.0,1.1097,0.3809,-0.9287,1.0,2.0,0.0766,0.0766,0.0528,0.0528,0.0704,0.0704,1.4094,3.8194,LogisticRegression,0.5112912105909077,0.5118597651353278,0.5104724502051323,0.510199856326042,0.5100370476982587,0.510782540163095,0.5102578684786304,0.5104297449936689,0.5104170248391
BachChoralHarmony,V16,5665.0,0.1041,0.001,1.0,5.0,3.1346,3.0,1.1097,0.3809,-0.9287,1.0,2.0,0.0766,0.0766,0.0528,0.0528,0.0704,0.0704,1.4094,3.8194,KNN,0.4678252952217238,0.4686726228263225,0.46994455185754375,0.4679830110341273,0.4689538986781093,0.469130112281651,0.46587647040283714,0.4674680855412593,0.46862920613457815
BachChoralHarmony,V16,5665.0,0.1041,0.001,1.0,5.0,3.1346,3.0,1.1097,0.3809,-0.9287,1.0,2.0,0.0766,0.0766,0.0528,0.0528,0.0704,0.0704,1.4094,3.8194,RandomForest,0.4885418656933639,0.48786881839953117,0.4892432384006504,0.48533693920183535,0.48375017678638965,0.4836509555399828,0.48277572945026753,0.4850628717030427,0.4821285812842335
BachChoralHarmony,V16,5665.0,0.1041,0.001,1.0,5.0,3.1346,3.0,1.1097,0.3809,-0.9287,1.0,2.0,0.0766,0.0766,0.0528,0.0528,0.0704,0.0704,1.4094,3.8194,AdaBoost,0.059866763602381766,0.059866763602381766,0.059866763602381766,0.059866763602381766,0.059866763602381766,0.059866763602381766,0.059866763602381766,0.059866763602381766,0.059866763602381766
BachChoralHarmony,V16,5665.0,0.1041,0.001,1.0,5.0,3.1346,3.0,1.1097,0.3809,-0.9287,1.0,2.0,0.0766,0.0766,0.0528,0.0528,0.0704,0.0704,1.4094,3.8194,SVC,0.5097996820196445,0.5089839499192836,0.5097413304441646,0.5090006185638015,0.5094789224922593,0.5101797419492075,0.5087699209169664,0.5091302753177833,0.5102697408209764
BachChoralHarmony,V16,5665.0,0.0473,0.0009,1.0,5.0,3.1354,3.0,1.1069,0.3786,-0.93,1.0,2.0,0.0731,0.0731,0.0491,0.0491,0.0653,0.0653,1.4091,3.8179,DecisionTree,0.4538746262495187,0.44006352157522927,0.4491698682820485,0.45173042861793733,0.44963357589012015,0.44946780069962694,0.44668552212329016,0.4471788322557898,0.4488095336748146
BachChoralHarmony,V16,5665.0,0.0473,0.0009,1.0,5.0,3.1354,3.0,1.1069,0.3786,-0.93,1.0,2.0,0.0731,0.0731,0.0491,0.0491,0.0653,0.0653,1.4091,3.8179,LogisticRegression,0.5116612834445695,0.5111542415814249,0.5122028538195517,0.5132347353942569,0.5125580790838425,0.5113496564830867,0.5124819047136189,0.512421767925281,0.5127529314039435
BachChoralHarmony,V16,5665.0,0.0473,0.0009,1.0,5.0,3.1354,3.0,1.1069,0.3786,-0.93,1.0,2.0,0.0731,0.0731,0.0491,0.0491,0.0653,0.0653,1.4091,3.8179,KNN,0.4667527202104229,0.46627570641012617,0.465860588278844,0.46593368530692597,0.465938390142253,0.4663886286221986,0.4671512604516921,0.466719716715532,0.466512253213531
BachChoralHarmony,V16,5665.0,0.0473,0.0009,1.0,5.0,3.1354,3.0,1.1069,0.3786,-0.93,1.0,2.0,0.0731,0.0731,0.0491,0.0491,0.0653,0.0653,1.4091,3.8179,RandomForest,0.48731591483493736,0.4841692372622437,0.48642014836824315,0.4875489797246185,0.48848547453271396,0.485043568265351,0.4856638595441308,0.4860487694632465,0.490207545449291
BachChoralHarmony,V16,5665.0,0.0473,0.0009,1.0,5.0,3.1354,3.0,1.1069,0.3786,-0.93,1.0,2.0,0.0731,0.0731,0.0491,0.0491,0.0653,0.0653,1.4091,3.8179,AdaBoost,0.059866763602381766,0.059866763602381766,0.059866763602381766,0.059866763602381766,0.059866763602381766,0.059866763602381766,0.059866763602381766,0.059866763602381766,0.059866763602381766
BachChoralHarmony,V16,5665.0,0.0473,0.0009,1.0,5.0,3.1354,3.0,1.1069,0.3786,-0.93,1.0,2.0,0.0731,0.0731,0.0491,0.0491,0.0653,0.0653,1.4091,3.8179,SVC,0.5087734988313024,0.5076882820720131,0.5094383074810913,0.5089666179747316,0.5087159479601864,0.5088370493411654,0.5082700307492248,0.5089547941612016,0.5087043026261951
bank,duration,3074.0,0.5101,0.3958,4.0,2456.0,269.0797,183.0,269.104,2.5672,9.483,98.0,231.0,0.0019,0.0346,0.0129,0.0172,0.0162,0.0218,6.1553,0.0002,DecisionTree,0.8511433538042024,0.8483842088681879,0.8554850205466131,0.848663407010599,0.85314003290784,0.8523255779584644,0.8506857036438659,0.8454044516437473,0.8484823709107462
bank,duration,3074.0,0.5101,0.3958,4.0,2456.0,269.0797,183.0,269.104,2.5672,9.483,98.0,231.0,0.0019,0.0346,0.0129,0.0172,0.0162,0.0218,6.1553,0.0002,LogisticRegression,0.8355766269766056,0.8329381461743384,0.8325346392630281,0.8371771284439322,0.8358791982497449,0.8367137183339189,0.8350779567275941,0.8340051203401507,0.8344925776937271
bank,duration,3074.0,0.5101,0.3958,4.0,2456.0,269.0797,183.0,269.104,2.5672,9.483,98.0,231.0,0.0019,0.0346,0.0129,0.0172,0.0162,0.0218,6.1553,0.0002,KNN,0.8533562659367531,0.8491847348961785,0.8522078592560028,0.8522548920823629,0.8516220730858803,0.8490499800666904,0.8509015474345385,0.8467118113937216,0.8510787885996114
bank,duration,3074.0,0.5101,0.3958,4.0,2456.0,269.0797,183.0,269.104,2.5672,9.483,98.0,231.0,0.0019,0.0346,0.0129,0.0172,0.0162,0.0218,6.1553,0.0002,RandomForest,0.8510389127933744,0.8537346724347008,0.8504206604895777,0.8539431448756628,0.8520016945059664,0.8464426491886635,0.8375483121658922,0.8397498626500896,0.8516705240396079
bank,duration,3074.0,0.5101,0.3958,4.0,2456.0,269.0797,183.0,269.104,2.5672,9.483,98.0,231.0,0.0019,0.0346,0.0129,0.0172,0.0162,0.0218,6.1553,0.0002,AdaBoost,0.844896189539279,0.843135230608489,0.8404149347019251,0.8448854269909826,0.8477748153390181,0.8451456090543502,0.8443620239340136,0.8336956082870252,0.8460614542142602
bank,duration,3074.0,0.5101,0.3958,4.0,2456.0,269.0797,183.0,269.104,2.5672,9.483,98.0,231.0,0.0019,0.0346,0.0129,0.0172,0.0162,0.0218,6.1553,0.0002,SVC,0.8402305911487775,0.8409252987180333,0.8435720768234836,0.8404957846727006,0.8397874228586728,0.8392006372928767,0.8391405924702069,0.8399225272263361,0.8389311740269988
bank,duration,3074.0,0.4545,0.3715,4.0,2769.0,272.5945,190.0,271.0918,2.7854,12.185,102.0,233.0,0.0125,0.0139,0.0176,0.0225,0.0228,0.0287,6.1769,0.0002,DecisionTree,0.8444270912234958,0.8445307401879886,0.8507869237741521,0.8480734216151968,0.853826678376017,0.8525890317692084,0.8407713553059697,0.8453827067995268,0.8516202204049996
bank,duration,3074.0,0.4545,0.3715,4.0,2769.0,272.5945,190.0,271.0918,2.7854,12.185,102.0,233.0,0.0125,0.0139,0.0176,0.0225,0.0228,0.0287,6.1769,0.0002,LogisticRegression,0.8428586335346574,0.841311298031607,0.8395468898833336,0.8411322814885351,0.8401551505075542,0.840278395318962,0.842016518981529,0.8416102474943559,0.8395101545616623
bank,duration,3074.0,0.4545,0.3715,4.0,2769.0,272.5945,190.0,271.0918,2.7854,12.185,102.0,233.0,0.0125,0.0139,0.0176,0.0225,0.0228,0.0287,6.1769,0.0002,KNN,0.842466665856427,0.8406554705607586,0.8435124551564586,0.8429560286672961,0.8430225833626459,0.8404611487468232,0.8448345345294708,0.8394259578573982,0.8414511132339323
bank,duration,3074.0,0.4545,0.3715,4.0,2769.0,272.5945,190.0,271.0918,2.7854,12.185,102.0,233.0,0.0125,0.0139,0.0176,0.0225,0.0228,0.0287,6.1769,0.0002,RandomForest,0.8529714242826102,0.8512885070671261,0.8540200362830617,0.8545650026115121,0.8530983309348011,0.8524122124981114,0.8428444151029233,0.84119501190851,0.8511962369926945
bank,duration,3074.0,0.4545,0.3715,4.0,2769.0,272.5945,190.0,271.0918,2.7854,12.185,102.0,233.0,0.0125,0.0139,0.0176,0.0225,0.0228,0.0287,6.1769,0.0002,AdaBoost,0.8547395794947645,0.8534560547948022,0.855095645108291,0.8544823249088,0.851142740655153,0.8540612040225373,0.8559358095533894,0.8464557717577708,0.8559267800407457
bank,duration,3074.0,0.4545,0.3715,4.0,2769.0,272.5945,190.0,271.0918,2.7854,12.185,102.0,233.0,0.0125,0.0139,0.0176,0.0225,0.0228,0.0287,6.1769,0.0002,SVC,0.8414673256576358,0.8439913548706836,0.8461584708465555,0.8422158729019725,0.8426289405814026,0.8423968373578764,0.8402873249230678,0.8420619375362622,0.8424277764027186
bank,duration,3074.0,0.3982,0.3432,4.0,3025.0,264.2497,186.0,266.5227,3.2744,18.185,96.0,220.5,0.0028,0.0218,0.0278,0.0345,0.0355,0.0438,6.1746,0.0002,DecisionTree,0.8579630364687436,0.849419154269898,0.8565433957262126,0.8594555244367015,0.8565590074796267,0.8667339887765757,0.8607382899330229,0.8507414231964133,0.8551077136063406
bank,duration,3074.0,0.3982,0.3432,4.0,3025.0,264.2497,186.0,266.5227,3.2744,18.185,96.0,220.5,0.0028,0.0218,0.0278,0.0345,0.0355,0.0438,6.1746,0.0002,LogisticRegression,0.8454857076269182,0.837327748476164,0.8447937504584544,0.8464530649926731,0.8445526792653006,0.8459774162814646,0.8440343469238434,0.8389005853521946,0.8424883175373756
bank,duration,3074.0,0.3982,0.3432,4.0,3025.0,264.2497,186.0,266.5227,3.2744,18.185,96.0,220.5,0.0028,0.0218,0.0278,0.0345,0.0355,0.0438,6.1746,0.0002,KNN,0.8556040175314518,0.8464038831335012,0.8563546630707989,0.856310568933061,0.8560899694264165,0.8549948175566728,0.8540647032523061,0.8485743665532935,0.8560647584555809
bank,duration,3074.0,0.3982,0.3432,4.0,3025.0,264.2497,186.0,266.5227,3.2744,18.185,96.0,220.5,0.0028,0.0218,0.0278,0.0345,0.0355,0.0438,6.1746,0.0002,RandomForest,0.8561001920166136,0.8573686425805102,0.8583237024803455,0.8553240522717955,0.8559758411284261,0.8595028806494002,0.8489057084937524,0.8404524652668501,0.8575218262124158
bank,duration,3074.0,0.3982,0.3432,4.0,3025.0,264.2497,186.0,266.5227,3.2744,18.185,96.0,220.5,0.0028,0.0218,0.0278,0.0345,0.0355,0.0438,6.1746,0.0002,AdaBoost,0.8541525398124369,0.8555509209115552,0.8553714846016572,0.8550729022343567,0.8534790239877853,0.8554708460156655,0.8578718236613532,0.8496494725698756,0.8499331751235919
bank,duration,3074.0,0.3982,0.3432,4.0,3025.0,264.2497,186.0,266.5227,3.2744,18.185,96.0,220.5,0.0028,0.0218,0.0278,0.0345,0.0355,0.0438,6.1746,0.0002,SVC,0.8493762772141418,0.8439818129857881,0.8477517249365321,0.848237810980528,0.8489786140436262,0.8496391503405765,0.8476615648816612,0.8430848460855395,0.849521785202116
bank,duration,3074.0,0.3377,0.3222,4.0,3025.0,268.5079,185.0,277.6403,3.2201,16.5608,96.0,219.0,0.0078,0.023,0.0361,0.0425,0.0461,0.0537,6.2084,0.0002,DecisionTree,0.8598217351325546,0.8507693154793454,0.8548778577374605,0.866376420060309,0.86222588051176,0.8583940571027142,0.8604547171607846,0.8516286400745228,0.8561189005993258
bank,duration,3074.0,0.3377,0.3222,4.0,3025.0,268.5079,185.0,277.6403,3.2201,16.5608,96.0,219.0,0.0078,0.023,0.0361,0.0425,0.0461,0.0537,6.2084,0.0002,LogisticRegression,0.8493212957535068,0.8458351373887139,0.8481088529638227,0.849861870977147,0.8488470952649548,0.8494699514000321,0.849103020104544,0.8479912038546698,0.8476476948100471
bank,duration,3074.0,0.3377,0.3222,4.0,3025.0,268.5079,185.0,277.6403,3.2201,16.5608,96.0,219.0,0.0078,0.023,0.0361,0.0425,0.0461,0.0537,6.2084,0.0002,KNN,0.8555031686385235,0.8515884996664469,0.8547447350703656,0.8544253295265721,0.8555013002640042,0.854908653625141,0.8544572060683701,0.8528063053270121,0.8546397496767489
bank,duration,3074.0,0.3377,0.3222,4.0,3025.0,268.5079,185.0,277.6403,3.2201,16.5608,96.0,219.0,0.0078,0.023,0.0361,0.0425,0.0461,0.0537,6.2084,0.0002,RandomForest,0.8604324550049176,0.862312711795306,0.8644666383011987,0.8610986597986188,0.8632902667180019,0.8624800074540337,0.8516734874604256,0.8511839891502191,0.8632390458785373
bank,duration,3074.0,0.3377,0.3222,4.0,3025.0,268.5079,185.0,277.6403,3.2201,16.5608,96.0,219.0,0.0078,0.023,0.0361,0.0425,0.0461,0.0537,6.2084,0.0002,AdaBoost,0.8551213044078252,0.8527044274473007,0.8551947737984515,0.8571196498480215,0.8515591046254387,0.8532490962677094,0.8530405335699367,0.8504211740516594,0.8542202970586084
bank,duration,3074.0,0.3377,0.3222,4.0,3025.0,268.5079,185.0,277.6403,3.2201,16.5608,96.0,219.0,0.0078,0.023,0.0361,0.0425,0.0461,0.0537,6.2084,0.0002,SVC,0.8480183889106216,0.8500179545487986,0.8516389436287518,0.8474500511400141,0.8508124311415862,0.8478984633724023,0.8472052858144045,0.8497885568338656,0.8484004976694248
bank,duration,3074.0,0.3025,0.3176,4.0,3025.0,267.9911,188.5,270.2717,3.0506,14.7826,96.5,216.25,0.0031,0.0259,0.04,0.0467,0.0513,0.0591,6.2278,0.0001,DecisionTree,0.8589715412866403,0.8597628635539656,0.864634540060695,0.8577415588037378,0.8598155112110425,0.8646821567199106,0.8590679780675777,0.8605584116334432,0.8606872898064675
bank,duration,3074.0,0.3025,0.3176,4.0,3025.0,267.9911,188.5,270.2717,3.0506,14.7826,96.5,216.25,0.0031,0.0259,0.04,0.0467,0.0513,0.0591,6.2278,0.0001,LogisticRegression,0.8511166669816699,0.8474766861579606,0.8524853020335676,0.8511052590566057,0.8507331224833694,0.850821737067377,0.8501424679691485,0.8518318109910032,0.8502570367477773
bank,duration,3074.0,0.3025,0.3176,4.0,3025.0,267.9911,188.5,270.2717,3.0506,14.7826,96.5,216.25,0.0031,0.0259,0.04,0.0467,0.0513,0.0591,6.2278,0.0001,KNN,0.8543913881667129,0.8543234278863238,0.8557732613099522,0.8532936610537627,0.8517910585927876,0.8539048145187574,0.8488136441820616,0.8559033127448955,0.8543508752458396
bank,duration,3074.0,0.3025,0.3176,4.0,3025.0,267.9911,188.5,270.2717,3.0506,14.7826,96.5,216.25,0.0031,0.0259,0.04,0.0467,0.0513,0.0591,6.2278,0.0001,RandomForest,0.851730685528359,0.8564046616993524,0.8593546298601573,0.8561617098661547,0.8516908130710152,0.8531010069194016,0.8428329881574163,0.8448075824284076,0.854758467622144
bank,duration,3074.0,0.3025,0.3176,4.0,3025.0,267.9911,188.5,270.2717,3.0506,14.7826,96.5,216.25,0.0031,0.0259,0.04,0.0467,0.0513,0.0591,6.2278,0.0001,AdaBoost,0.8554922977806378,0.8566828660042878,0.8568599837256584,0.85656103212347,0.8557019481705808,0.8529952832998147,0.8529412190541158,0.8489564541924091,0.8562646270298107
bank,duration,3074.0,0.3025,0.3176,4.0,3025.0,267.9911,188.5,270.2717,3.0506,14.7826,96.5,216.25,0.0031,0.0259,0.04,0.0467,0.0513,0.0591,6.2278,0.0001,SVC,0.8450023959394561,0.8492045799285801,0.8485227541979614,0.8450076073736825,0.846022318033103,0.8437517753660345,0.8430541221340102,0.849851141228751,0.845808761341881
bank,duration,3074.0,0.2443,0.3013,5.0,3025.0,265.7934,185.0,266.1158,2.9838,14.9316,97.0,226.5,0.0008,0.0244,0.0332,0.0384,0.0423,0.0486,6.2378,0.0001,DecisionTree,0.85851968222847,0.8579372774128289,0.8665600220641727,0.8592087046298891,0.863478469077428,0.8535300979697352,0.8593068184879483,0.8583695216385293,0.8588354093016723
bank,duration,3074.0,0.2443,0.3013,5.0,3025.0,265.7934,185.0,266.1158,2.9838,14.9316,97.0,226.5,0.0008,0.0244,0.0332,0.0384,0.0423,0.0486,6.2378,0.0001,LogisticRegression,0.8452335684955249,0.845191345970246,0.845774557328958,0.8447233816130566,0.8449248926885724,0.8451345690445451,0.8452961803241305,0.8450885165909013,0.8451145846725275
bank,duration,3074.0,0.2443,0.3013,5.0,3025.0,265.7934,185.0,266.1158,2.9838,14.9316,97.0,226.5,0.0008,0.0244,0.0332,0.0384,0.0423,0.0486,6.2378,0.0001,KNN,0.8518094505149924,0.8509817263971319,0.8547184470930365,0.8524399893006402,0.8531653618063159,0.8523982329242399,0.8500945931190267,0.8526268569249972,0.852260995311221
bank,duration,3074.0,0.2443,0.3013,5.0,3025.0,265.7934,185.0,266.1158,2.9838,14.9316,97.0,226.5,0.0008,0.0244,0.0332,0.0384,0.0423,0.0486,6.2378,0.0001,RandomForest,0.856732587578255,0.8598840788276173,0.8618364911378678,0.8560689700572617,0.8591295805822381,0.8585352409628144,0.8475208509674862,0.8515675639757578,0.8611505664382095
bank,duration,3074.0,0.2443,0.3013,5.0,3025.0,265.7934,185.0,266.1158,2.9838,14.9316,97.0,226.5,0.0008,0.0244,0.0332,0.0384,0.0423,0.0486,6.2378,0.0001,AdaBoost,0.8587570089442973,0.8582365037305544,0.8544888977357884,0.852843657954129,0.8552296857849399,0.8590127619403587,0.8604841174200859,0.853565872375875,0.8600118795445157
bank,duration,3074.0,0.2443,0.3013,5.0,3025.0,265.7934,185.0,266.1158,2.9838,14.9316,97.0,226.5,0.0008,0.0244,0.0332,0.0384,0.0423,0.0486,6.2378,0.0001,SVC,0.8459666123016116,0.8467216357500458,0.8475245693975502,0.8464081018004997,0.8467206045802227,0.8454751323511664,0.8455315573723428,0.8464237992884391,0.8439153219726586
bank,duration,3074.0,0.202,0.2919,4.0,3025.0,272.3392,189.0,276.2524,3.001,14.4461,98.0,225.0,0.005,0.0218,0.0239,0.0301,0.0305,0.038,6.2653,0.0001,DecisionTree,0.857964246236482,0.857840238010883,0.8628781978477993,0.8617795572146357,0.8622166046681723,0.8601221053425544,0.8610780886292158,0.858278054228569,0.8568823481000364
bank,duration,3074.0,0.202,0.2919,4.0,3025.0,272.3392,189.0,276.2524,3.001,14.4461,98.0,225.0,0.005,0.0218,0.0239,0.0301,0.0305,0.038,6.2653,0.0001,LogisticRegression,0.8494531446525474,0.8467967721235843,0.8495730508021004,0.8493595478013038,0.8509609589158521,0.8489713469606032,0.8490491384490843,0.8491839823958331,0.8492603065538774
bank,duration,3074.0,0.202,0.2919,4.0,3025.0,272.3392,189.0,276.2524,3.001,14.4461,98.0,225.0,0.005,0.0218,0.0239,0.0301,0.0305,0.038,6.2653,0.0001,KNN,0.861096837499026,0.8561145880326276,0.857508008705943,0.8613475838786843,0.8608309409285454,0.8604585079758518,0.8591572835323364,0.8551667502406943,0.8592199680172251
bank,duration,3074.0,0.202,0.2919,4.0,3025.0,272.3392,189.0,276.2524,3.001,14.4461,98.0,225.0,0.005,0.0218,0.0239,0.0301,0.0305,0.038,6.2653,0.0001,RandomForest,0.8606944547669911,0.8611758169140495,0.8609495090816979,0.8592503616155842,0.8569760745153838,0.8580176548562667,0.8524792650407551,0.8527055135357604,0.8579934905078412
bank,duration,3074.0,0.202,0.2919,4.0,3025.0,272.3392,189.0,276.2524,3.001,14.4461,98.0,225.0,0.005,0.0218,0.0239,0.0301,0.0305,0.038,6.2653,0.0001,AdaBoost,0.8537119215264656,0.8519500625092649,0.8559783985990967,0.8506821090975661,0.8547092074072252,0.8555187991684292,0.852025252739246,0.8516948777500711,0.8588886698271728
bank,duration,3074.0,0.202,0.2919,4.0,3025.0,272.3392,189.0,276.2524,3.001,14.4461,98.0,225.0,0.005,0.0218,0.0239,0.0301,0.0305,0.038,6.2653,0.0001,SVC,0.8469702964403354,0.8441418596797098,0.8470455879817366,0.84713351144293,0.8484246865950464,0.8467369872493568,0.8467554208584617,0.8448743777307688,0.8453178995305156
bank,duration,3074.0,0.1448,0.2788,4.0,3025.0,270.0852,186.0,271.8123,2.9716,14.5047,98.0,226.0,0.0066,0.0202,0.0276,0.0315,0.0353,0.0401,6.278,0.0001,DecisionTree,0.8683240079395649,0.8656792807127772,0.862139095680546,0.8685168413780083,0.8676263225005678,0.8697145565445815,0.8683300394182627,0.8664964001527373,0.8691953834688277
bank,duration,3074.0,0.1448,0.2788,4.0,3025.0,270.0852,186.0,271.8123,2.9716,14.5047,98.0,226.0,0.0066,0.0202,0.0276,0.0315,0.0353,0.0401,6.278,0.0001,LogisticRegression,0.8570401762130133,0.85561942417159,0.855933354136188,0.8567957991104498,0.8563746561061176,0.8570477765409994,0.8556299090214894,0.8551937392237328,0.8563295095445701
bank,duration,3074.0,0.1448,0.2788,4.0,3025.0,270.0852,186.0,271.8123,2.9716,14.5047,98.0,226.0,0.0066,0.0202,0.0276,0.0315,0.0353,0.0401,6.278,0.0001,KNN,0.8559295529223595,0.8563745649005369,0.8569212370038426,0.8559286502258769,0.8557092665607396,0.8546721394207029,0.8571409354101909,0.8560032575133912,0.8557804665681006
bank,duration,3074.0,0.1448,0.2788,4.0,3025.0,270.0852,186.0,271.8123,2.9716,14.5047,98.0,226.0,0.0066,0.0202,0.0276,0.0315,0.0353,0.0401,6.278,0.0001,RandomForest,0.8587895936626926,0.8580908957788528,0.8600188344625577,0.8564557067763718,0.8558320473940603,0.8593167145224709,0.856659320820082,0.8545941373405657,0.8582580956885993
bank,duration,3074.0,0.1448,0.2788,4.0,3025.0,270.0852,186.0,271.8123,2.9716,14.5047,98.0,226.0,0.0066,0.0202,0.0276,0.0315,0.0353,0.0401,6.278,0.0001,AdaBoost,0.8651681380140024,0.8663558251180997,0.8645566026148471,0.8634617879738768,0.8648350628100694,0.8644250604888447,0.86605876327553,0.8632661167664122,0.8648604794818682
bank,duration,3074.0,0.1448,0.2788,4.0,3025.0,270.0852,186.0,271.8123,2.9716,14.5047,98.0,226.0,0.0066,0.0202,0.0276,0.0315,0.0353,0.0401,6.278,0.0001,SVC,0.8514893845029751,0.8502419811726696,0.8499936423965804,0.8520997171384674,0.8516421750679485,0.8520855318561352,0.8510756072957606,0.8521772469239449,0.8511812803350388
bank,duration,3074.0,0.0943,0.2712,4.0,3025.0,269.4799,186.0,271.9806,2.9651,14.1695,97.0,226.0,0.0097,0.03,0.0308,0.0361,0.0393,0.0457,6.2845,0.0001,DecisionTree,0.8675225432671845,0.8673001834129536,0.8694555825600551,0.8679364647820165,0.8682497751717507,0.8672371631024101,0.8674345469899958,0.868356950426813,0.8668210872626627
bank,duration,3074.0,0.0943,0.2712,4.0,3025.0,269.4799,186.0,271.9806,2.9651,14.1695,97.0,226.0,0.0097,0.03,0.0308,0.0361,0.0393,0.0457,6.2845,0.0001,LogisticRegression,0.8541442614814952,0.8535088925755664,0.8544158197796033,0.8539470713671591,0.8534870485403817,0.8534870485403817,0.8541536934534032,0.853297519145648,0.8539548200094944
bank,duration,3074.0,0.0943,0.2712,4.0,3025.0,269.4799,186.0,271.9806,2.9651,14.1695,97.0,226.0,0.0097,0.03,0.0308,0.0361,0.0393,0.0457,6.2845,0.0001,KNN,0.8596099870317668,0.8583215667551612,0.8598011842973208,0.8598085375111612,0.8602345461151437,0.8600460321859545,0.8600405749909676,0.8583215667551612,0.8597971993481832
bank,duration,3074.0,0.0943,0.2712,4.0,3025.0,269.4799,186.0,271.9806,2.9651,14.1695,97.0,226.0,0.0097,0.03,0.0308,0.0361,0.0393,0.0457,6.2845,0.0001,RandomForest,0.8666186067210901,0.8651315675043775,0.8662497705064974,0.8657364184076496,0.8668608082220217,0.8646590129472134,0.8593025650446949,0.8661116096743474,0.8664320926826208
bank,duration,3074.0,0.0943,0.2712,4.0,3025.0,269.4799,186.0,271.9806,2.9651,14.1695,97.0,226.0,0.0097,0.03,0.0308,0.0361,0.0393,0.0457,6.2845,0.0001,AdaBoost,0.8626016192766276,0.8610897963491816,0.8595546589546111,0.8626511295700877,0.8605418183968221,0.8636805570012689,0.8631997994294429,0.8572402794953926,0.8624679298080615
bank,duration,3074.0,0.0943,0.2712,4.0,3025.0,269.4799,186.0,271.9806,2.9651,14.1695,97.0,226.0,0.0097,0.03,0.0308,0.0361,0.0393,0.0457,6.2845,0.0001,SVC,0.8501799068859065,0.8532990437862263,0.8512377220114349,0.8501799068859065,0.8502055148627166,0.8499859985401766,0.8512595469607591,0.8539337117841419,0.8497125720126848
bank,duration,3074.0,0.0524,0.2602,4.0,3025.0,267.3484,186.0,265.9925,2.9446,14.4349,97.0,225.0,0.0006,0.0078,0.0231,0.0269,0.0294,0.0342,6.291,0.0001,DecisionTree,0.8644758025813876,0.8594052246352686,0.8606274905355933,0.8600850689151851,0.8612601769854993,0.8626317406039372,0.8636256947778661,0.8597557730475063,0.8633065680542851
bank,duration,3074.0,0.0524,0.2602,4.0,3025.0,267.3484,186.0,265.9925,2.9446,14.4349,97.0,225.0,0.0006,0.0078,0.0231,0.0269,0.0294,0.0342,6.291,0.0001,LogisticRegression,0.856692614558046,0.8540128716483344,0.854637983671336,0.856692614558046,0.8562235162180829,0.8560556893796318,0.856692614558046,0.8546194402991586,0.8560253800810398
bank,duration,3074.0,0.0524,0.2602,4.0,3025.0,267.3484,186.0,265.9925,2.9446,14.4349,97.0,225.0,0.0006,0.0078,0.0231,0.0269,0.0294,0.0342,6.291,0.0001,KNN,0.8609741104782436,0.8573723990576695,0.8605540864863014,0.8609741104782436,0.8609741104782436,0.8616132456503919,0.8609494600175324,0.8575820940926527,0.8609807434012853
bank,duration,3074.0,0.0524,0.2602,4.0,3025.0,267.3484,186.0,265.9925,2.9446,14.4349,97.0,225.0,0.0006,0.0078,0.0231,0.0269,0.0294,0.0342,6.291,0.0001,RandomForest,0.8637931859583659,0.8658397856835,0.8656700290085307,0.8654444302858845,0.8624669873548645,0.8637713552957822,0.8621347952592768,0.8652248983588406,0.8638761885833013
bank,duration,3074.0,0.0524,0.2602,4.0,3025.0,267.3484,186.0,265.9925,2.9446,14.4349,97.0,225.0,0.0006,0.0078,0.0231,0.0269,0.0294,0.0342,6.291,0.0001,AdaBoost,0.8634512221856914,0.8609205097701702,0.8586442162901335,0.8623402254693503,0.8641070074008573,0.8638524708141374,0.8660822778117008,0.8587963512413663,0.8631684978295466
bank,duration,3074.0,0.0524,0.2602,4.0,3025.0,267.3484,186.0,265.9925,2.9446,14.4349,97.0,225.0,0.0006,0.0078,0.0231,0.0269,0.0294,0.0342,6.291,0.0001,SVC,0.8561959130480192,0.853223402731617,0.8547336584710842,0.8559799838889348,0.8563988444534681,0.855766216366086,0.855772868444042,0.8538734686008158,0.8561923021020919
bank,pdays,3074.0,0.4993,0.1105,-1.0,871.0,39.1196,-1.0,101.5267,2.87,9.4335,0.0,0.0,0.0145,0.6248,0.018,0.9091,0.0233,0.9874,1.3205,0.0031,DecisionTree,0.8672142093455715,0.8614195101076254,0.8637965478499768,0.8707357487584257,0.8667932909383343,0.8727974960708302,0.862950337712215,0.868948021297993,0.8724345143322889
bank,pdays,3074.0,0.4993,0.1105,-1.0,871.0,39.1196,-1.0,101.5267,2.87,9.4335,0.0,0.0,0.0145,0.6248,0.018,0.9091,0.0233,0.9874,1.3205,0.0031,LogisticRegression,0.8576096648194128,0.8567427934595226,0.8573873614872283,0.8571779815963304,0.8581170877766192,0.8560471790121484,0.8566975359872238,0.8560442052187076,0.8573784115804098
bank,pdays,3074.0,0.4993,0.1105,-1.0,871.0,39.1196,-1.0,101.5267,2.87,9.4335,0.0,0.0,0.0145,0.6248,0.018,0.9091,0.0233,0.9874,1.3205,0.0031,KNN,0.861218740278013,0.8593343381567465,0.8636183253234692,0.8609938814546837,0.8639015407497039,0.8596154144175924,0.8600043723866874,0.8600342819675295,0.8613350707755685
bank,pdays,3074.0,0.4993,0.1105,-1.0,871.0,39.1196,-1.0,101.5267,2.87,9.4335,0.0,0.0,0.0145,0.6248,0.018,0.9091,0.0233,0.9874,1.3205,0.0031,RandomForest,0.8564289067623182,0.8584784571632939,0.8551603787720581,0.8544322001683562,0.8603901989660683,0.8579176814761793,0.8598178172692762,0.8595451170685213,0.8584709097200268
bank,pdays,3074.0,0.4993,0.1105,-1.0,871.0,39.1196,-1.0,101.5267,2.87,9.4335,0.0,0.0,0.0145,0.6248,0.018,0.9091,0.0233,0.9874,1.3205,0.0031,AdaBoost,0.8665996966096963,0.859885090777962,0.8662706554618818,0.8630424155825244,0.8650031403507025,0.8570180353300225,0.8629761694432957,0.862329156219286,0.8605468334032342
bank,pdays,3074.0,0.4993,0.1105,-1.0,871.0,39.1196,-1.0,101.5267,2.87,9.4335,0.0,0.0,0.0145,0.6248,0.018,0.9091,0.0233,0.9874,1.3205,0.0031,SVC,0.858675086252647,0.8578698306751696,0.8553257589465104,0.85686861220018,0.8568783089391826,0.8564033353148327,0.8576805379907416,0.8572766353669139,0.8570289060228918
bank,pdays,3074.0,0.4658,0.1066,-1.0,804.0,37.5365,-1.0,94.8723,2.7566,8.1283,0.0,0.0,0.0103,0.6125,0.0181,0.9026,0.0233,0.9855,1.383,0.0029,DecisionTree,0.8698061128816622,0.8714204001209492,0.8659670241288364,0.8680033845602568,0.8696225716358277,0.867559478409387,0.8687386888701731,0.8687049079210101,0.8655028581258327
bank,pdays,3074.0,0.4658,0.1066,-1.0,804.0,37.5365,-1.0,94.8723,2.7566,8.1283,0.0,0.0,0.0103,0.6125,0.0181,0.9026,0.0233,0.9855,1.383,0.0029,LogisticRegression,0.8563249803288702,0.8563203868412528,0.8571404612642558,0.85672157491424,0.8568893316421,0.856322740686796,0.8561193878080376,0.8567810210850074,0.8567810210850074
bank,pdays,3074.0,0.4658,0.1066,-1.0,804.0,37.5365,-1.0,94.8723,2.7566,8.1283,0.0,0.0,0.0103,0.6125,0.0181,0.9026,0.0233,0.9855,1.383,0.0029,KNN,0.8573653546365383,0.8595013876675031,0.8604379544937978,0.8614028172686774,0.8618508500876333,0.8592569124896214,0.8567125661062264,0.8601356392356355,0.8598901763362067
bank,pdays,3074.0,0.4658,0.1066,-1.0,804.0,37.5365,-1.0,94.8723,2.7566,8.1283,0.0,0.0,0.0103,0.6125,0.0181,0.9026,0.0233,0.9855,1.383,0.0029,RandomForest,0.861490430703775,0.8612174735101659,0.862961956982949,0.8649948337140153,0.8635594291117946,0.8607521040029386,0.8633677823373964,0.8602728728049871,0.8591839191161861
bank,pdays,3074.0,0.4658,0.1066,-1.0,804.0,37.5365,-1.0,94.8723,2.7566,8.1283,0.0,0.0,0.0103,0.6125,0.0181,0.9026,0.0233,0.9855,1.383,0.0029,AdaBoost,0.8686726475999109,0.8693804398692735,0.8630525446004554,0.8663947573975239,0.869321298792212,0.8656085328641336,0.8666989826112373,0.8606774985122149,0.8604663954240935
bank,pdays,3074.0,0.4658,0.1066,-1.0,804.0,37.5365,-1.0,94.8723,2.7566,8.1283,0.0,0.0,0.0103,0.6125,0.0181,0.9026,0.0233,0.9855,1.383,0.0029,SVC,0.8570545070831361,0.8595234205489413,0.8558392748439912,0.8601669788032008,0.8585388484800012,0.8581236441937118,0.857660203047732,0.8556439155464277,0.8573028764291019
bank,pdays,3074.0,0.404,0.0988,-1.0,871.0,38.6365,-1.0,98.0778,2.7257,7.9964,0.0,0.0,0.0113,0.6071,0.0291,0.913,0.0371,0.9879,1.3586,0.0028,DecisionTree,0.8675202684629975,0.8665983280882429,0.8621406406467801,0.8658345904437885,0.8688728595558078,0.8679295106413473,0.8683585580473879,0.863973424127626,0.8625888757782147
bank,pdays,3074.0,0.404,0.0988,-1.0,871.0,38.6365,-1.0,98.0778,2.7257,7.9964,0.0,0.0,0.0113,0.6071,0.0291,0.913,0.0371,0.9879,1.3586,0.0028,LogisticRegression,0.8563146135470703,0.8559025144657714,0.8564250809681591,0.8568784722639226,0.8562262075242503,0.8569883426621021,0.8565219373608516,0.8552424008802763,0.8567724848831764
bank,pdays,3074.0,0.404,0.0988,-1.0,871.0,38.6365,-1.0,98.0778,2.7257,7.9964,0.0,0.0,0.0113,0.6071,0.0291,0.913,0.0371,0.9879,1.3586,0.0028,KNN,0.8611399415611823,0.861339994944075,0.8618612243984031,0.8616156950474634,0.8612931475128814,0.8587128370587428,0.859424675930337,0.8607095751022021,0.8589641960541223
bank,pdays,3074.0,0.404,0.0988,-1.0,871.0,38.6365,-1.0,98.0778,2.7257,7.9964,0.0,0.0,0.0113,0.6071,0.0291,0.913,0.0371,0.9879,1.3586,0.0028,RandomForest,0.8616419962253599,0.8612511251913487,0.8632163715234017,0.864369710386392,0.8628402982460779,0.8643460637455194,0.8634903319483315,0.8665673416072076,0.8598719305438165
bank,pdays,3074.0,0.404,0.0988,-1.0,871.0,38.6365,-1.0,98.0778,2.7257,7.9964,0.0,0.0,0.0113,0.6071,0.0291,0.913,0.0371,0.9879,1.3586,0.0028,AdaBoost,0.8598961416768436,0.8625935409921315,0.8642844488719555,0.8654705560695166,0.8648671829445894,0.864184364011779,0.8640161438481031,0.8621558998074045,0.8666202668500904
bank,pdays,3074.0,0.404,0.0988,-1.0,871.0,38.6365,-1.0,98.0778,2.7257,7.9964,0.0,0.0,0.0113,0.6071,0.0291,0.913,0.0371,0.9879,1.3586,0.0028,SVC,0.8565677632417998,0.8555018864009077,0.8603905046033218,0.8587204194355501,0.8579086943497738,0.8589249964270891,0.8563783800646434,0.8580590308572087,0.8599838941414986
bank,pdays,3074.0,0.352,0.0969,-1.0,683.0,38.744,-1.0,95.7123,2.4929,5.4942,0.0,0.0,0.0001,0.611,0.0231,0.9044,0.0296,0.9859,1.397,0.0024,DecisionTree,0.8708603193655742,0.8690628010335335,0.8641557477588819,0.865166403012351,0.8711659566319964,0.8717638557958639,0.8673229548483433,0.868915155299786,0.8695547518863842
bank,pdays,3074.0,0.352,0.0969,-1.0,683.0,38.744,-1.0,95.7123,2.4929,5.4942,0.0,0.0,0.0001,0.611,0.0231,0.9044,0.0296,0.9859,1.397,0.0024,LogisticRegression,0.8556530599923193,0.8552409609110204,0.8560570110010083,0.8571774560926214,0.8569683484392698,0.8552409609110204,0.8554419599442356,0.8565196977187775,0.8557042536328376
bank,pdays,3074.0,0.352,0.0969,-1.0,683.0,38.744,-1.0,95.7123,2.4929,5.4942,0.0,0.0,0.0001,0.611,0.0231,0.9044,0.0296,0.9859,1.397,0.0024,KNN,0.8584400666562776,0.8611740104087917,0.8629306705213167,0.8608866233737076,0.8623318750933942,0.8591666336281072,0.8596432175770575,0.8617286315273204,0.8600169795298438
bank,pdays,3074.0,0.352,0.0969,-1.0,683.0,38.744,-1.0,95.7123,2.4929,5.4942,0.0,0.0,0.0001,0.611,0.0231,0.9044,0.0296,0.9859,1.397,0.0024,RandomForest,0.8630482412471141,0.8666564774518055,0.8644745807915601,0.8637423426291678,0.8645375569552621,0.8671962186240512,0.8678355676331491,0.872851097466019,0.8667499409895295
bank,pdays,3074.0,0.352,0.0969,-1.0,683.0,38.744,-1.0,95.7123,2.4929,5.4942,0.0,0.0,0.0001,0.611,0.0231,0.9044,0.0296,0.9859,1.397,0.0024,AdaBoost,0.8625218680441736,0.8555935991680695,0.8656059630983284,0.8718673297968106,0.8646916577597141,0.8608232621318987,0.8623950648639307,0.859927035555607,0.8678623092625033
bank,pdays,3074.0,0.352,0.0969,-1.0,683.0,38.744,-1.0,95.7123,2.4929,5.4942,0.0,0.0,0.0001,0.611,0.0231,0.9044,0.0296,0.9859,1.397,0.0024,SVC,0.8584648105420625,0.8597436584771745,0.8587012359489391,0.8585075600164505,0.8582942079451328,0.8583025670971007,0.8585042271406959,0.863262973332459,0.8582766832687678
bank,pdays,3074.0,0.297,0.0986,-1.0,871.0,39.1536,-1.0,98.6035,2.812,9.1269,0.0,0.0,0.015,0.6114,0.0358,0.905,0.0456,0.986,1.4203,0.002,DecisionTree,0.8664434886841894,0.8662890931855408,0.8649561417626482,0.8681696154868564,0.8673887870436141,0.8685432305167518,0.8683740165912759,0.865498235929132,0.8693859567184751
bank,pdays,3074.0,0.297,0.0986,-1.0,871.0,39.1536,-1.0,98.6035,2.812,9.1269,0.0,0.0,0.015,0.6114,0.0358,0.905,0.0456,0.986,1.4203,0.002,LogisticRegression,0.8558685451188298,0.8571607634641818,0.8563415682481222,0.8567675750927259,0.8567675750927259,0.856758032229969,0.8554248059306064,0.8556781079389009,0.8576285694382373
bank,pdays,3074.0,0.297,0.0986,-1.0,871.0,39.1536,-1.0,98.6035,2.812,9.1269,0.0,0.0,0.015,0.6114,0.0358,0.905,0.0456,0.986,1.4203,0.002,KNN,0.8633745603571559,0.8626627387881103,0.8630902957609853,0.8624288305818465,0.8614006130090995,0.861593155105782,0.8623591533055477,0.865834075962864,0.8617908584107433
bank,pdays,3074.0,0.297,0.0986,-1.0,871.0,39.1536,-1.0,98.6035,2.812,9.1269,0.0,0.0,0.015,0.6114,0.0358,0.905,0.0456,0.986,1.4203,0.002,RandomForest,0.8585602221208778,0.8604246559424553,0.8637603856287497,0.862054301666519,0.8663459060112007,0.8597118334083735,0.8616540228041557,0.8618825363124012,0.8625082845485998
bank,pdays,3074.0,0.297,0.0986,-1.0,871.0,39.1536,-1.0,98.6035,2.812,9.1269,0.0,0.0,0.015,0.6114,0.0358,0.905,0.0456,0.986,1.4203,0.002,AdaBoost,0.8644506060546265,0.8634100284504265,0.8691251087439837,0.8648134476481609,0.8660022877494156,0.8622040634743899,0.866835645041472,0.8640487337643933,0.8621227355161596
bank,pdays,3074.0,0.297,0.0986,-1.0,871.0,39.1536,-1.0,98.6035,2.812,9.1269,0.0,0.0,0.015,0.6114,0.0358,0.905,0.0456,0.986,1.4203,0.002,SVC,0.8576618307977869,0.8585128957942076,0.8572653036867501,0.858505382150527,0.8576800883591439,0.8574585979976573,0.8578581125141601,0.8574649505322124,0.8576518248459752
bank,pdays,3074.0,0.2453,0.0927,-1.0,541.0,36.7582,-1.0,93.186,2.5105,5.261,0.0,0.0,0.0023,0.6145,0.024,0.9086,0.0305,0.9871,1.3681,0.002,DecisionTree,0.8684839523869982,0.8656095337775604,0.86382726820397,0.8675429745744634,0.8670105114848126,0.8737612457764758,0.867874119361799,0.8712902904382986,0.8727827250887279
bank,pdays,3074.0,0.2453,0.0927,-1.0,541.0,36.7582,-1.0,93.186,2.5105,5.261,0.0,0.0,0.0023,0.6145,0.024,0.9086,0.0305,0.9871,1.3681,0.002,LogisticRegression,0.8576338950878873,0.8567680889596968,0.8565152089268181,0.8583738677936454,0.8578744167525817,0.8572313799933999,0.8558815345897106,0.8572508766732376,0.8581031680787282
bank,pdays,3074.0,0.2453,0.0927,-1.0,541.0,36.7582,-1.0,93.186,2.5105,5.261,0.0,0.0,0.0023,0.6145,0.024,0.9086,0.0305,0.9871,1.3681,0.002,KNN,0.8573212820501224,0.855971509574765,0.86094772890041,0.8620404963582743,0.8619773481526344,0.858684188017287,0.8574230973205367,0.8568699722278579,0.8622242612238936
bank,pdays,3074.0,0.2453,0.0927,-1.0,541.0,36.7582,-1.0,93.186,2.5105,5.261,0.0,0.0,0.0023,0.6145,0.024,0.9086,0.0305,0.9871,1.3681,0.002,RandomForest,0.8675783216486477,0.8663936388676557,0.8649793486749423,0.8696287629076185,0.8676503339084054,0.8658617287554621,0.8665216579651536,0.8653714163908706,0.8692034769155574
bank,pdays,3074.0,0.2453,0.0927,-1.0,541.0,36.7582,-1.0,93.186,2.5105,5.261,0.0,0.0,0.0023,0.6145,0.024,0.9086,0.0305,0.9871,1.3681,0.002,AdaBoost,0.8653946867134397,0.860983424957052,0.8628104227130152,0.861003737708588,0.8652359828076706,0.8625543768798125,0.860484748785188,0.8677264048992254,0.8657751754958285
bank,pdays,3074.0,0.2453,0.0927,-1.0,541.0,36.7582,-1.0,93.186,2.5105,5.261,0.0,0.0,0.0023,0.6145,0.024,0.9086,0.0305,0.9871,1.3681,0.002,SVC,0.8576199268551356,0.8563561702468547,0.858464845445285,0.8588893766528645,0.8572420041962421,0.8553337428920436,0.8553075444524945,0.8546854825251384,0.8563963795556913
bank,pdays,3074.0,0.2004,0.0911,-1.0,871.0,39.5492,-1.0,98.8745,2.6385,7.2327,0.0,0.0,0.006,0.6017,0.0352,0.9062,0.0448,0.9863,1.4075,0.0018,DecisionTree,0.8701974477996385,0.8684147700579467,0.8683758804000257,0.8681383238802662,0.8660085813925871,0.8731710749675561,0.8660705909915062,0.8707216336513913,0.8747744998577601
bank,pdays,3074.0,0.2004,0.0911,-1.0,871.0,39.5492,-1.0,98.8745,2.6385,7.2327,0.0,0.0,0.006,0.6017,0.0352,0.9062,0.0448,0.9863,1.4075,0.0018,LogisticRegression,0.8560636569626402,0.8562692494834727,0.8571717603195929,0.8573795706810117,0.8573795706810117,0.8567108013070213,0.8563577875251949,0.8558666999306588,0.85762780107573
bank,pdays,3074.0,0.2004,0.0911,-1.0,871.0,39.5492,-1.0,98.8745,2.6385,7.2327,0.0,0.0,0.006,0.6017,0.0352,0.9062,0.0448,0.9863,1.4075,0.0018,KNN,0.8596343586069843,0.8608732651052552,0.8627483058528673,0.8630750206496659,0.8635465623631636,0.8637621939694228,0.8625543804810301,0.8631964191101205,0.8631345625157124
bank,pdays,3074.0,0.2004,0.0911,-1.0,871.0,39.5492,-1.0,98.8745,2.6385,7.2327,0.0,0.0,0.006,0.6017,0.0352,0.9062,0.0448,0.9863,1.4075,0.0018,RandomForest,0.8708460460312586,0.8762440546808287,0.8724405421758689,0.8734992420095837,0.8688725879381898,0.8699375360392436,0.8667819527769572,0.8688959605416183,0.8703208816901453
bank,pdays,3074.0,0.2004,0.0911,-1.0,871.0,39.5492,-1.0,98.8745,2.6385,7.2327,0.0,0.0,0.006,0.6017,0.0352,0.9062,0.0448,0.9863,1.4075,0.0018,AdaBoost,0.8659509196208801,0.8656308015041488,0.8662087652950106,0.8680037627375149,0.8682537813586533,0.86410160141643,0.869146963241286,0.8657674355736134,0.8662073593307343
bank,pdays,3074.0,0.2004,0.0911,-1.0,871.0,39.5492,-1.0,98.8745,2.6385,7.2327,0.0,0.0,0.006,0.6017,0.0352,0.9062,0.0448,0.9863,1.4075,0.0018,SVC,0.8570578318320383,0.855399366133699,0.8564332523144847,0.8562201347477923,0.8568323328172404,0.8593276165432688,0.8560246134589525,0.8551916790190545,0.8591177264472022
bank,pdays,3074.0,0.1441,0.0901,-1.0,871.0,39.1532,-1.0,97.0733,2.6221,7.0712,0.0,0.0,0.0066,0.6111,0.0295,0.9047,0.0377,0.9859,1.4364,0.0016,DecisionTree,0.8708985481829467,0.8713917655422796,0.8703441752412642,0.8685928710931324,0.8674745705365448,0.8667846644159665,0.8684647762201763,0.869541048670814,0.8685732988403214
bank,pdays,3074.0,0.1441,0.0901,-1.0,871.0,39.1532,-1.0,97.0733,2.6221,7.0712,0.0,0.0,0.0066,0.6111,0.0295,0.9047,0.0377,0.9859,1.4364,0.0016,LogisticRegression,0.856475410285938,0.8565109263607052,0.8562574326054897,0.8564652429669085,0.8562647284017988,0.8567187367221241,0.8565109263607052,0.8569336906841494,0.8564640047980732
bank,pdays,3074.0,0.1441,0.0901,-1.0,871.0,39.1532,-1.0,97.0733,2.6221,7.0712,0.0,0.0,0.0066,0.6111,0.0295,0.9047,0.0377,0.9859,1.4364,0.0016,KNN,0.8619891308212233,0.8636695883609944,0.8647528046037791,0.8626120962471004,0.8630182882248696,0.8615746755193427,0.863211638441341,0.8647262577510016,0.8641250133547935
bank,pdays,3074.0,0.1441,0.0901,-1.0,871.0,39.1532,-1.0,97.0733,2.6221,7.0712,0.0,0.0,0.0066,0.6111,0.0295,0.9047,0.0377,0.9859,1.4364,0.0016,RandomForest,0.8670594626951166,0.8666161323155753,0.8642005049917468,0.8677287517926128,0.8660651148538188,0.8677693429069049,0.8640203080179567,0.8650140582750797,0.8631071310297106
bank,pdays,3074.0,0.1441,0.0901,-1.0,871.0,39.1532,-1.0,97.0733,2.6221,7.0712,0.0,0.0,0.0066,0.6111,0.0295,0.9047,0.0377,0.9859,1.4364,0.0016,AdaBoost,0.8684171382868174,0.8675767680665317,0.8666763434773961,0.8678950936281171,0.8619505871297227,0.8655277851516694,0.865014659268562,0.8682495502099965,0.8643515242737895
bank,pdays,3074.0,0.1441,0.0901,-1.0,871.0,39.1532,-1.0,97.0733,2.6221,7.0712,0.0,0.0,0.0066,0.6111,0.0295,0.9047,0.0377,0.9859,1.4364,0.0016,SVC,0.8595068844745213,0.8603545730634181,0.8576435398480997,0.8589209930181397,0.8588969406034106,0.8582983082057636,0.8597579652673599,0.860133898206226,0.8572273570802912
bank,pdays,3074.0,0.0979,0.0862,-1.0,871.0,38.8045,-1.0,98.6455,2.7873,8.6484,0.0,0.0,0.0163,0.6041,0.0347,0.9079,0.0443,0.9868,1.4046,0.0016,DecisionTree,0.8663800576222047,0.8653150834417282,0.8653249961399061,0.8683765074315812,0.8665600025107748,0.8673902079031048,0.8683244991402778,0.8673402772364978,0.8694122306773961
bank,pdays,3074.0,0.0979,0.0862,-1.0,871.0,38.8045,-1.0,98.6455,2.7873,8.6484,0.0,0.0,0.0163,0.6041,0.0347,0.9079,0.0443,0.9868,1.4046,0.0016,LogisticRegression,0.8562598256047056,0.8562598256047056,0.8569231143030146,0.8562647284017988,0.8562647284017988,0.8558515006781771,0.8562598256047056,0.8562598256047056,0.8558008021360608
bank,pdays,3074.0,0.0979,0.0862,-1.0,871.0,38.8045,-1.0,98.6455,2.7873,8.6484,0.0,0.0,0.0163,0.6041,0.0347,0.9079,0.0443,0.9868,1.4046,0.0016,KNN,0.8605619188586809,0.8607529204063858,0.8626407013266042,0.8620118325285664,0.8613383654849347,0.8632589667973288,0.8605187544379749,0.8620036112093646,0.8628215623555486
bank,pdays,3074.0,0.0979,0.0862,-1.0,871.0,38.8045,-1.0,98.6455,2.7873,8.6484,0.0,0.0,0.0163,0.6041,0.0347,0.9079,0.0443,0.9868,1.4046,0.0016,RandomForest,0.8693928736643983,0.8693267260474647,0.8674415287062854,0.8708671481539633,0.867208358692704,0.8690982158301183,0.86963227875094,0.8696475676726237,0.8665821235007409
bank,pdays,3074.0,0.0979,0.0862,-1.0,871.0,38.8045,-1.0,98.6455,2.7873,8.6484,0.0,0.0,0.0163,0.6041,0.0347,0.9079,0.0443,0.9868,1.4046,0.0016,AdaBoost,0.8640477652095229,0.8607267814550771,0.864326909524726,0.8659771404237764,0.8652406908579053,0.860316208380732,0.8626027205983565,0.8624440940544373,0.8623842322608483
bank,pdays,3074.0,0.0979,0.0862,-1.0,871.0,38.8045,-1.0,98.6455,2.7873,8.6484,0.0,0.0,0.0163,0.6041,0.0347,0.9079,0.0443,0.9868,1.4046,0.0016,SVC,0.857256024822412,0.8553404567601697,0.8572314416577655,0.8562233655543401,0.8558070438927501,0.856662203037763,0.8574653543569941,0.8564020248392246,0.8562450482474248
bank,pdays,3074.0,0.0553,0.0857,-1.0,871.0,39.2441,-1.0,98.9738,2.7537,8.3665,0.0,0.0,0.0071,0.6159,0.0268,0.9068,0.0343,0.9865,1.4244,0.0015,DecisionTree,0.8611847133843653,0.8607787293014113,0.8618392398907073,0.8635600240956506,0.8624894259357342,0.8660001479414228,0.8672194021447084,0.8620522745551007,0.866946922273347
bank,pdays,3074.0,0.0553,0.0857,-1.0,871.0,39.2441,-1.0,98.9738,2.7537,8.3665,0.0,0.0,0.0071,0.6159,0.0268,0.9068,0.0343,0.9865,1.4244,0.0015,LogisticRegression,0.8564856700261857,0.8564856700261857,0.8560086883438004,0.8569178213714773,0.8573795706810117,0.8560255207399319,0.8564856700261857,0.855875310111953,0.8558032709815975
bank,pdays,3074.0,0.0553,0.0857,-1.0,871.0,39.2441,-1.0,98.9738,2.7537,8.3665,0.0,0.0,0.0071,0.6159,0.0268,0.9068,0.0343,0.9865,1.4244,0.0015,KNN,0.8622729830137077,0.8624675480313262,0.8620661400059594,0.861617582011621,0.8624887895899009,0.8629176643357379,0.8624603042318925,0.8628636503188002,0.8628916917728373
bank,pdays,3074.0,0.0553,0.0857,-1.0,871.0,39.2441,-1.0,98.9738,2.7537,8.3665,0.0,0.0,0.0071,0.6159,0.0268,0.9068,0.0343,0.9865,1.4244,0.0015,RandomForest,0.8627978877472133,0.8612150878334577,0.8667189760603803,0.8648951645824403,0.8660811557737605,0.8635881852159747,0.8650243432780054,0.8661331988491152,0.8673688549636003
bank,pdays,3074.0,0.0553,0.0857,-1.0,871.0,39.2441,-1.0,98.9738,2.7537,8.3665,0.0,0.0,0.0071,0.6159,0.0268,0.9068,0.0343,0.9865,1.4244,0.0015,AdaBoost,0.8649627922286873,0.865177979876809,0.8622136886090855,0.8648332604913855,0.8645381108976224,0.8649743492911962,0.8647720259609474,0.8641845945370706,0.8662695339382432
bank,pdays,3074.0,0.0553,0.0857,-1.0,871.0,39.2441,-1.0,98.9738,2.7537,8.3665,0.0,0.0,0.0071,0.6159,0.0268,0.9068,0.0343,0.9865,1.4244,0.0015,SVC,0.856854998876748,0.8553618309191757,0.8562467418793026,0.8564335220596533,0.8566496953041426,0.8576821098596766,0.8553758272480695,0.8549548788903294,0.857261243746826
bank,previous,3074.0,0.502,0.0078,0.0,14.0,0.4918,0.0,1.4121,4.0206,19.7303,0.0,0.0,0.0228,0.6459,0.0357,0.9103,0.0451,0.9876,0.7717,0.746,DecisionTree,0.8692692061223724,0.8660093419196156,0.8724370806912003,0.8684655052844152,0.8663183703612626,0.8731200202034003,0.8701022388684658,0.8687601953239001,0.8681382906439279
bank,previous,3074.0,0.502,0.0078,0.0,14.0,0.4918,0.0,1.4121,4.0206,19.7303,0.0,0.0,0.0228,0.6459,0.0357,0.9103,0.0451,0.9876,0.7717,0.746,LogisticRegression,0.8559945397357412,0.8555267682666285,0.8554250498221395,0.8560912645501625,0.8567601198388831,0.8561934131796499,0.8567144541560114,0.8552604991524055,0.8557962021268352
bank,previous,3074.0,0.502,0.0078,0.0,14.0,0.4918,0.0,1.4121,4.0206,19.7303,0.0,0.0,0.0228,0.6459,0.0357,0.9103,0.0451,0.9876,0.7717,0.746,KNN,0.8545548875737689,0.8600292198735691,0.8616876471535773,0.8610495051430708,0.8612428020853274,0.8585493827641811,0.8548442985674489,0.8580172645555121,0.8585909783151093
bank,previous,3074.0,0.502,0.0078,0.0,14.0,0.4918,0.0,1.4121,4.0206,19.7303,0.0,0.0,0.0228,0.6459,0.0357,0.9103,0.0451,0.9876,0.7717,0.746,RandomForest,0.8680243788421551,0.8674220244654811,0.8693487309985982,0.8681642792433808,0.8702008339899361,0.8715123731696457,0.8731080673138428,0.8674630209140279,0.875626525697997
bank,previous,3074.0,0.502,0.0078,0.0,14.0,0.4918,0.0,1.4121,4.0206,19.7303,0.0,0.0,0.0228,0.6459,0.0357,0.9103,0.0451,0.9876,0.7717,0.746,AdaBoost,0.8633885914044923,0.8606801107749886,0.8686527430502724,0.8615601864467965,0.8638712604269448,0.8675956214299574,0.8660301217838285,0.8652057965646489,0.8676077748761764
bank,previous,3074.0,0.502,0.0078,0.0,14.0,0.4918,0.0,1.4121,4.0206,19.7303,0.0,0.0,0.0228,0.6459,0.0357,0.9103,0.0451,0.9876,0.7717,0.746,SVC,0.8592840544202356,0.8622061811713065,0.8586982999123723,0.857035420864179,0.8597474259731984,0.8619679230578172,0.8595130387561507,0.8605374142519544,0.8601664614729829
bank,previous,3074.0,0.432,0.0092,0.0,22.0,0.5412,0.0,1.5798,5.1364,39.7765,0.0,0.0,0.0122,0.628,0.0248,0.9078,0.0313,0.9864,0.824,0.4128,DecisionTree,0.8694856430818833,0.862574212713278,0.8728326632802171,0.8688529890119175,0.8685483368340611,0.8614077335408239,0.8662275514134684,0.8711579973991748,0.8705178209918691
bank,previous,3074.0,0.432,0.0092,0.0,22.0,0.5412,0.0,1.5798,5.1364,39.7765,0.0,0.0,0.0122,0.628,0.0248,0.9078,0.0313,0.9864,0.824,0.4128,LogisticRegression,0.856437032673717,0.8562365181086072,0.856921790400547,0.8585151464745723,0.8582357434249595,0.8562365181086072,0.8568987819832513,0.8558289599640847,0.8571217546997882
bank,previous,3074.0,0.432,0.0092,0.0,22.0,0.5412,0.0,1.5798,5.1364,39.7765,0.0,0.0,0.0122,0.628,0.0248,0.9078,0.0313,0.9864,0.824,0.4128,KNN,0.8600147149492937,0.8596686394699029,0.858843611244029,0.8586271692977342,0.8571747733012707,0.8594396892873617,0.8559149625010105,0.8593687966935921,0.8572999150057863
bank,previous,3074.0,0.432,0.0092,0.0,22.0,0.5412,0.0,1.5798,5.1364,39.7765,0.0,0.0,0.0122,0.628,0.0248,0.9078,0.0313,0.9864,0.824,0.4128,RandomForest,0.8643917449292903,0.8650716224407811,0.8651058503891246,0.8620120870410066,0.8687413990730681,0.8638499319343103,0.8640100105854863,0.8655829588068511,0.866747866482737
bank,previous,3074.0,0.432,0.0092,0.0,22.0,0.5412,0.0,1.5798,5.1364,39.7765,0.0,0.0,0.0122,0.628,0.0248,0.9078,0.0313,0.9864,0.824,0.4128,AdaBoost,0.8600266312474281,0.8678841625180566,0.8637335252850622,0.8574870939647321,0.8647957578621039,0.8649929097122897,0.8634137281999421,0.8622505315564047,0.8674375360365402
bank,previous,3074.0,0.432,0.0092,0.0,22.0,0.5412,0.0,1.5798,5.1364,39.7765,0.0,0.0,0.0122,0.628,0.0248,0.9078,0.0313,0.9864,0.824,0.4128,SVC,0.8557628849142932,0.8562335946161951,0.8551357119480976,0.8545122795879581,0.8549425400530686,0.8564374418763985,0.857257561967587,0.8584591321374837,0.8563870914149788
bank,previous,3074.0,0.4092,0.0083,0.0,23.0,0.5452,0.0,1.5992,4.9465,37.6829,0.0,0.0,0.0036,0.5947,0.0212,0.9029,0.0271,0.9856,0.8213,0.4686,DecisionTree,0.8692409698444631,0.8660486889418765,0.869934163295929,0.8697088209211108,0.8661084178772855,0.8699947005583358,0.8712134281481185,0.8692661324955031,0.8669602422254246
bank,previous,3074.0,0.4092,0.0083,0.0,23.0,0.5452,0.0,1.5992,4.9465,37.6829,0.0,0.0,0.0036,0.5947,0.0212,0.9029,0.0271,0.9856,0.8213,0.4686,LogisticRegression,0.8575882699622541,0.8566837009347267,0.8565589014536875,0.8548060326791134,0.8556565458407196,0.8558017409234291,0.856482273084611,0.8553985095511337,0.8564575469160757
bank,previous,3074.0,0.4092,0.0083,0.0,23.0,0.5452,0.0,1.5992,4.9465,37.6829,0.0,0.0,0.0036,0.5947,0.0212,0.9029,0.0271,0.9856,0.8213,0.4686,KNN,0.8587977360492407,0.8616655434626618,0.8605157399004849,0.8598331870122519,0.8603937305413597,0.8625381155782945,0.8573123323101179,0.859527702218069,0.8622718867400886
bank,previous,3074.0,0.4092,0.0083,0.0,23.0,0.5452,0.0,1.5992,4.9465,37.6829,0.0,0.0,0.0036,0.5947,0.0212,0.9029,0.0271,0.9856,0.8213,0.4686,RandomForest,0.8714228521427084,0.8716777941693294,0.8714511795826787,0.8712894256633094,0.8707472924891296,0.869036873096793,0.8743149122598614,0.8750895064563395,0.8656857817959717
bank,previous,3074.0,0.4092,0.0083,0.0,23.0,0.5452,0.0,1.5992,4.9465,37.6829,0.0,0.0,0.0036,0.5947,0.0212,0.9029,0.0271,0.9856,0.8213,0.4686,AdaBoost,0.8630094858520851,0.8688055515433776,0.8669141808942581,0.8668851439964906,0.8617010171275177,0.8687695042259767,0.863183317114833,0.866305214945598,0.8684510480798115
bank,previous,3074.0,0.4092,0.0083,0.0,23.0,0.5452,0.0,1.5992,4.9465,37.6829,0.0,0.0,0.0036,0.5947,0.0212,0.9029,0.0271,0.9856,0.8213,0.4686,SVC,0.8567965920700272,0.8574276559620724,0.8563552198231883,0.8542282353275766,0.8546633009948089,0.8553107453463888,0.8561813380143186,0.8582982749272327,0.8580683478909773
bank,previous,3074.0,0.3422,0.0079,0.0,22.0,0.5287,0.0,1.534,5.0976,40.2405,0.0,0.0,0.0398,0.6283,0.0343,0.9059,0.0435,0.986,0.8197,0.4134,DecisionTree,0.8682572490334317,0.8675428226471905,0.8714998458195509,0.8697579212990924,0.8658445873436112,0.8676926144019868,0.8701042815861944,0.8663037145145033,0.8675385735756211
bank,previous,3074.0,0.3422,0.0079,0.0,22.0,0.5287,0.0,1.534,5.0976,40.2405,0.0,0.0,0.0398,0.6283,0.0343,0.9059,0.0435,0.986,0.8197,0.4134,LogisticRegression,0.8560000785323352,0.8560000785323352,0.8566645193631829,0.8571035210037714,0.8575690883907103,0.856454336028418,0.8560000785323352,0.8560000785323352,0.8560000785323352
bank,previous,3074.0,0.3422,0.0079,0.0,22.0,0.5287,0.0,1.534,5.0976,40.2405,0.0,0.0,0.0398,0.6283,0.0343,0.9059,0.0435,0.986,0.8197,0.4134,KNN,0.8597570025074924,0.858397160544028,0.8603341272418931,0.8580473662185277,0.8577714722026766,0.8597325184403618,0.8608251626007442,0.8601241564391984,0.8607812690076097
bank,previous,3074.0,0.3422,0.0079,0.0,22.0,0.5287,0.0,1.534,5.0976,40.2405,0.0,0.0,0.0398,0.6283,0.0343,0.9059,0.0435,0.986,0.8197,0.4134,RandomForest,0.8618910895297992,0.8642199684047511,0.8644562634244579,0.8640694490847772,0.866853090835457,0.8640754414814942,0.8637343875525811,0.8663866936621051,0.864843402588954
bank,previous,3074.0,0.3422,0.0079,0.0,22.0,0.5287,0.0,1.534,5.0976,40.2405,0.0,0.0,0.0398,0.6283,0.0343,0.9059,0.0435,0.986,0.8197,0.4134,AdaBoost,0.8641840736189166,0.8617642732561397,0.8640982116151605,0.8680693887433304,0.8663861164516721,0.8633969943782709,0.8611295736410902,0.862305223614461,0.8638281587498866
bank,previous,3074.0,0.3422,0.0079,0.0,22.0,0.5287,0.0,1.534,5.0976,40.2405,0.0,0.0,0.0398,0.6283,0.0343,0.9059,0.0435,0.986,0.8197,0.4134,SVC,0.860979263362915,0.8576604437639225,0.8576445132107027,0.8572254321989129,0.8580760776800114,0.858292432979628,0.8601530266076015,0.8595155337393193,0.8588368170087798
bank,previous,3074.0,0.297,0.0074,0.0,22.0,0.5174,0.0,1.5574,4.9918,36.5821,0.0,0.0,0.025,0.6099,0.0386,0.9124,0.049,0.9879,0.7898,0.4132,DecisionTree,0.8659238551426364,0.8660531753888523,0.8641161738486486,0.8708556850721618,0.8692963165544756,0.8633329891006327,0.8667112072977332,0.8704305052663638,0.8596240029295534
bank,previous,3074.0,0.297,0.0074,0.0,22.0,0.5174,0.0,1.5574,4.9918,36.5821,0.0,0.0,0.025,0.6099,0.0386,0.9124,0.049,0.9879,0.7898,0.4132,LogisticRegression,0.8565140190483574,0.8557942582177667,0.857165090787458,0.8571751781424737,0.8569178213714773,0.8557942582177667,0.856517182375702,0.8556024645271547,0.8564652429669085
bank,previous,3074.0,0.297,0.0074,0.0,22.0,0.5174,0.0,1.5574,4.9918,36.5821,0.0,0.0,0.025,0.6099,0.0386,0.9124,0.049,0.9879,0.7898,0.4132,KNN,0.859726264319067,0.8606519855247934,0.860988825876664,0.8590255886002001,0.858627465453311,0.8606200809990968,0.8595163779780746,0.859769363399289,0.857114817304665
bank,previous,3074.0,0.297,0.0074,0.0,22.0,0.5174,0.0,1.5574,4.9918,36.5821,0.0,0.0,0.025,0.6099,0.0386,0.9124,0.049,0.9879,0.7898,0.4132,RandomForest,0.86341375308602,0.8645149539591698,0.8650121451734087,0.8651877929022499,0.8674262087767014,0.8650004825761022,0.8637500161107325,0.8706612061129657,0.8661950337768938
bank,previous,3074.0,0.297,0.0074,0.0,22.0,0.5174,0.0,1.5574,4.9918,36.5821,0.0,0.0,0.025,0.6099,0.0386,0.9124,0.049,0.9879,0.7898,0.4132,AdaBoost,0.8651417212258627,0.8682575894908625,0.8652305086084869,0.8667136633889003,0.8650305825842475,0.8627680658430009,0.8631311002078086,0.8618903794636082,0.86497123365975
bank,previous,3074.0,0.297,0.0074,0.0,22.0,0.5174,0.0,1.5574,4.9918,36.5821,0.0,0.0,0.025,0.6099,0.0386,0.9124,0.049,0.9879,0.7898,0.4132,SVC,0.8553400959732744,0.8568228771216264,0.8605616050592774,0.8554034351805465,0.8580844222155961,0.8561776882989256,0.8547174328479513,0.8557881192311453,0.8572303151628827
bank,previous,3074.0,0.2518,0.0074,0.0,22.0,0.513,0.0,1.5411,5.2432,41.0655,0.0,0.0,0.0224,0.619,0.0296,0.909,0.0375,0.9869,0.799,0.3649,DecisionTree,0.8694856430818833,0.8656592743861942,0.8670904343993507,0.8703325758380972,0.8679665611328488,0.870131944997943,0.8705124312374617,0.8691041079219008,0.8679390390221875
bank,previous,3074.0,0.2518,0.0074,0.0,22.0,0.513,0.0,1.5411,5.2432,41.0655,0.0,0.0,0.0224,0.619,0.0296,0.909,0.0375,0.9869,0.799,0.3649,LogisticRegression,0.8551651551327377,0.8551651551327377,0.8562586734721669,0.8557856090715169,0.8562533805406296,0.8553686543255286,0.8551651551327377,0.855789692956962,0.8551651551327377
bank,previous,3074.0,0.2518,0.0074,0.0,22.0,0.513,0.0,1.5411,5.2432,41.0655,0.0,0.0,0.0224,0.619,0.0296,0.909,0.0375,0.9869,0.799,0.3649,KNN,0.856577075386946,0.8580219270969973,0.8591292077597034,0.8590162174880083,0.860587975485701,0.8581356074915502,0.8582715704887789,0.857334888562735,0.8597209452063215
bank,previous,3074.0,0.2518,0.0074,0.0,22.0,0.513,0.0,1.5411,5.2432,41.0655,0.0,0.0,0.0224,0.619,0.0296,0.909,0.0375,0.9869,0.799,0.3649,RandomForest,0.8677469274277174,0.8688924177147835,0.8665128379137378,0.8662736246534494,0.8662599391120633,0.8669965426443639,0.8701588912678873,0.873860055850213,0.8692788871033037
bank,previous,3074.0,0.2518,0.0074,0.0,22.0,0.513,0.0,1.5411,5.2432,41.0655,0.0,0.0,0.0224,0.619,0.0296,0.909,0.0375,0.9869,0.799,0.3649,AdaBoost,0.8667591912141682,0.8659781828486564,0.8680377240322943,0.8655945720878931,0.8637972620151423,0.8646943314533445,0.8647880774988966,0.8664631273032991,0.8665384569252339
bank,previous,3074.0,0.2518,0.0074,0.0,22.0,0.513,0.0,1.5411,5.2432,41.0655,0.0,0.0,0.0224,0.619,0.0296,0.909,0.0375,0.9869,0.799,0.3649,SVC,0.8607942951582654,0.8607841523254383,0.8607296469637989,0.8590996222620579,0.8611289294732714,0.8624212974242933,0.8601844680951749,0.8597485457014096,0.8583163598974265
bank,previous,3074.0,0.2017,0.0073,0.0,23.0,0.5595,0.0,1.6606,5.343,43.1549,0.0,0.0,0.016,0.6021,0.0247,0.903,0.0314,0.9854,0.8353,0.3244,DecisionTree,0.8683392418211955,0.8666088157386181,0.8692287710178729,0.8653187419561118,0.8679362318695685,0.8677366230942563,0.8689461846862743,0.8691232868109408,0.8670567996978336
bank,previous,3074.0,0.2017,0.0073,0.0,23.0,0.5595,0.0,1.6606,5.343,43.1549,0.0,0.0,0.016,0.6021,0.0247,0.903,0.0314,0.9854,0.8353,0.3244,LogisticRegression,0.8553905379950786,0.8556303195673112,0.8554298050022013,0.8562647284017988,0.8556333041949922,0.8549658787364633,0.8553905379950786,0.8558544642608166,0.8554298050022013
bank,previous,3074.0,0.2017,0.0073,0.0,23.0,0.5595,0.0,1.6606,5.343,43.1549,0.0,0.0,0.016,0.6021,0.0247,0.903,0.0314,0.9854,0.8353,0.3244,KNN,0.8573208697211774,0.8608131238373525,0.8615846667997799,0.8611347825674597,0.8618734580794751,0.8588908119821845,0.858395944236666,0.8596842634640506,0.8592638754922727
bank,previous,3074.0,0.2017,0.0073,0.0,23.0,0.5595,0.0,1.6606,5.343,43.1549,0.0,0.0,0.016,0.6021,0.0247,0.903,0.0314,0.9854,0.8353,0.3244,RandomForest,0.8603226422701636,0.8641659770969375,0.8609274573411476,0.8622199852153875,0.8698457740119875,0.8590393378405359,0.8568019767138141,0.8612475373522406,0.8627703265857931
bank,previous,3074.0,0.2017,0.0073,0.0,23.0,0.5595,0.0,1.6606,5.343,43.1549,0.0,0.0,0.016,0.6021,0.0247,0.903,0.0314,0.9854,0.8353,0.3244,AdaBoost,0.8632049294885917,0.8619906015997758,0.8627620497252065,0.862863679708899,0.8641697949927806,0.8599840764775926,0.8607675359714102,0.8620356707781738,0.8602902369024239
bank,previous,3074.0,0.2017,0.0073,0.0,23.0,0.5595,0.0,1.6606,5.343,43.1549,0.0,0.0,0.016,0.6021,0.0247,0.903,0.0314,0.9854,0.8353,0.3244,SVC,0.85458400634287,0.8562275448644014,0.8580949017987294,0.8574400069343164,0.8587156962829724,0.8551848333476954,0.854981089716033,0.855428602550443,0.8560162733880705
bank,previous,3074.0,0.1383,0.0072,0.0,23.0,0.5617,0.0,1.6598,5.2205,41.3319,0.0,0.0,0.0315,0.6054,0.0404,0.9024,0.0513,0.9854,0.8335,0.2883,DecisionTree,0.866513743428988,0.8679889168956025,0.8678580805063818,0.8693334870861569,0.8682552532069598,0.8680685004370354,0.8691830741397012,0.8665611389339258,0.8645756138273863
bank,previous,3074.0,0.1383,0.0072,0.0,23.0,0.5617,0.0,1.6598,5.2205,41.3319,0.0,0.0,0.0315,0.6054,0.0404,0.9024,0.0513,0.9854,0.8335,0.2883,LogisticRegression,0.8567100110100585,0.8564522539845383,0.8558008021360608,0.8562533805406296,0.8558008021360608,0.8564522539845383,0.8567100110100585,0.8564652429669085,0.8564522539845383
bank,previous,3074.0,0.1383,0.0072,0.0,23.0,0.5617,0.0,1.6598,5.2205,41.3319,0.0,0.0,0.0315,0.6054,0.0404,0.9024,0.0513,0.9854,0.8335,0.2883,KNN,0.8611361625834661,0.8615931345145448,0.8633357803794184,0.8626877596196616,0.8628949903957035,0.8609426147255188,0.862215312176562,0.8604717429702946,0.8605632356413814
bank,previous,3074.0,0.1383,0.0072,0.0,23.0,0.5617,0.0,1.6598,5.2205,41.3319,0.0,0.0,0.0315,0.6054,0.0404,0.9024,0.0513,0.9854,0.8335,0.2883,RandomForest,0.86428088066303,0.8617688638369143,0.8656471611322104,0.86123720054498,0.8670359852815867,0.8634272054989026,0.8648808648146057,0.8686253635214508,0.8634319566296189
bank,previous,3074.0,0.1383,0.0072,0.0,23.0,0.5617,0.0,1.6598,5.2205,41.3319,0.0,0.0,0.0315,0.6054,0.0404,0.9024,0.0513,0.9854,0.8335,0.2883,AdaBoost,0.8657277514601308,0.8614489032480854,0.8611461596413432,0.8640319220419347,0.8668800700684591,0.8658519595299755,0.866218266687681,0.8676557829010921,0.8655501971404704
bank,previous,3074.0,0.1383,0.0072,0.0,23.0,0.5617,0.0,1.6598,5.2205,41.3319,0.0,0.0,0.0315,0.6054,0.0404,0.9024,0.0513,0.9854,0.8335,0.2883,SVC,0.8574455837245077,0.8572152677556277,0.8555815121634259,0.8564041745908736,0.857230965456979,0.8563719844360771,0.8574431090057357,0.8566266145948331,0.8555671954643784
bank,previous,3074.0,0.1074,0.0069,0.0,23.0,0.5456,0.0,1.6349,5.3409,43.0806,0.0,0.0,0.0355,0.6091,0.0426,0.9056,0.054,0.9862,0.8188,0.2904,DecisionTree,0.8684594579947242,0.8671583221649584,0.8662876691279922,0.8708194811341846,0.8685248840801444,0.8697210948944911,0.8701421531118385,0.8688315153786168,0.8685433878283972
bank,previous,3074.0,0.1074,0.0069,0.0,23.0,0.5456,0.0,1.6349,5.3409,43.0806,0.0,0.0,0.0355,0.6091,0.0426,0.9056,0.054,0.9862,0.8188,0.2904,LogisticRegression,0.8560086883438004,0.8564640047980732,0.8558081737786907,0.8562640404988319,0.8564652429669085,0.8564640047980732,0.8560086883438004,0.8558081737786907,0.8560330951563763
bank,previous,3074.0,0.1074,0.0069,0.0,23.0,0.5456,0.0,1.6349,5.3409,43.0806,0.0,0.0,0.0355,0.6091,0.0426,0.9056,0.054,0.9862,0.8188,0.2904,KNN,0.8584050856646845,0.8607864123755333,0.8626543237967905,0.8618404157321273,0.861420343877715,0.8605681696292343,0.8586332834946008,0.8592718244651868,0.8615860537865094
bank,previous,3074.0,0.1074,0.0069,0.0,23.0,0.5456,0.0,1.6349,5.3409,43.0806,0.0,0.0,0.0355,0.6091,0.0426,0.9056,0.054,0.9862,0.8188,0.2904,RandomForest,0.8619756654403743,0.8623751854370528,0.863166764821901,0.8644126545746209,0.868370879890946,0.8615802542120375,0.863553789024315,0.8621882393463045,0.8621644828691097
bank,previous,3074.0,0.1074,0.0069,0.0,23.0,0.5456,0.0,1.6349,5.3409,43.0806,0.0,0.0,0.0355,0.6091,0.0426,0.9056,0.054,0.9862,0.8188,0.2904,AdaBoost,0.862415113475568,0.8640255925857245,0.8609359124800238,0.8631748670599018,0.8643776461242909,0.8631614467195321,0.8621902545099402,0.8619738641002177,0.8582837350705459
bank,previous,3074.0,0.1074,0.0069,0.0,23.0,0.5456,0.0,1.6349,5.3409,43.0806,0.0,0.0,0.0355,0.6091,0.0426,0.9056,0.054,0.9862,0.8188,0.2904,SVC,0.8547820126631831,0.8576685511474583,0.8555935121273237,0.8564324002530708,0.8580753618090781,0.8584858814251013,0.8568485383674121,0.8539500235134516,0.8562120009097239
bank,previous,3074.0,0.054,0.0062,0.0,23.0,0.5416,0.0,1.5755,4.91,36.202,0.0,0.0,0.0341,0.6075,0.0376,0.9034,0.0477,0.9856,0.8238,0.3248,DecisionTree,0.8676720396301484,0.8647276519631623,0.8661616926247292,0.8700061196723651,0.8687380926994613,0.8685784061588149,0.8701679672122209,0.8692517884552018,0.8687385321327434
bank,previous,3074.0,0.054,0.0062,0.0,23.0,0.5416,0.0,1.5755,4.91,36.202,0.0,0.0,0.0341,0.6075,0.0376,0.9034,0.0477,0.9856,0.8238,0.3248,LogisticRegression,0.8567124040092744,0.8567124040092744,0.8569178213714773,0.8569178213714773,0.8569178213714773,0.8567124040092744,0.8567124040092744,0.8569178213714773,0.8569178213714773
bank,previous,3074.0,0.054,0.0062,0.0,23.0,0.5416,0.0,1.5755,4.91,36.202,0.0,0.0,0.0341,0.6075,0.0376,0.9034,0.0477,0.9856,0.8238,0.3248,KNN,0.8592768499133462,0.8611337843083892,0.8626826214321663,0.8613983200095213,0.8618136574528318,0.8609339109777459,0.8590631081876902,0.8618136574528318,0.8611922883547061
bank,previous,3074.0,0.054,0.0062,0.0,23.0,0.5416,0.0,1.5755,4.91,36.202,0.0,0.0,0.0341,0.6075,0.0376,0.9034,0.0477,0.9856,0.8238,0.3248,RandomForest,0.8616659810920162,0.8620696933322635,0.8654757946902303,0.8624657035753763,0.8672926640760679,0.8624486268374443,0.8633160180791501,0.8622698832325494,0.861642776474851
bank,previous,3074.0,0.054,0.0062,0.0,23.0,0.5416,0.0,1.5755,4.91,36.202,0.0,0.0,0.0341,0.6075,0.0376,0.9034,0.0477,0.9856,0.8238,0.3248,AdaBoost,0.865244623894303,0.8656322603439054,0.8633311556642508,0.8658336276288682,0.8652253017780988,0.8618354128755656,0.8602663184929883,0.8623080293918925,0.8632394018952804
bank,previous,3074.0,0.054,0.0062,0.0,23.0,0.5416,0.0,1.5755,4.91,36.202,0.0,0.0,0.0341,0.6075,0.0376,0.9034,0.0477,0.9856,0.8238,0.3248,SVC,0.8562374291817423,0.8570501594552536,0.8578683255828818,0.8570529080257272,0.8574620759548998,0.8566424549655713,0.8566506973682391,0.8570322805420928,0.8572551968498324
