name,column_name,n_tuples,missing_perc,uniqueness,min,max,mean,median,std,skewness,kurtosis,mad,iqr,p_min,p_max,k_min,k_max,s_min,s_max,entropy,density,ml_algorithm,impute_standard,impute_mean,impute_median,impute_random,impute_knn,impute_mice,impute_linear_regression,impute_random_forest,impute_cmeans
mv,x4,40768.0,0.4994,0.9769,-7.4999,2.4997,-4.3886,-5.717,3.0207,0.9674,-0.6046,1.052,4.9009,0.0127,0.7033,0.0097,0.5041,0.0146,0.6678,9.8913,0.0,DecisionTree,0.9521224825122712,0.9466335793912947,0.9520025659535857,0.952082036162997,0.9520823933352702,0.9521224825122712,0.9518418098360918,0.9519673961835644,0.9521224825122712
mv,x4,40768.0,0.4994,0.9769,-7.4999,2.4997,-4.3886,-5.717,3.0207,0.9674,-0.6046,1.052,4.9009,0.0127,0.7033,0.0097,0.5041,0.0146,0.6678,9.8913,0.0,LogisticRegression,0.949144093879347,0.9482038507188315,0.9494494355739702,0.9496748663105987,0.9496545054475144,0.9493702197169385,0.9496540048392828,0.9486935900142572,0.9496128075648005
mv,x4,40768.0,0.4994,0.9769,-7.4999,2.4997,-4.3886,-5.717,3.0207,0.9674,-0.6046,1.052,4.9009,0.0127,0.7033,0.0097,0.5041,0.0146,0.6678,9.8913,0.0,KNN,0.9486464522406541,0.9468374480978641,0.946477144183241,0.9474229352552126,0.9470016882128125,0.9477812752065528,0.9487280730251497,0.9485746894343761,0.9472697363816305
mv,x4,40768.0,0.4994,0.9769,-7.4999,2.4997,-4.3886,-5.717,3.0207,0.9674,-0.6046,1.052,4.9009,0.0127,0.7033,0.0097,0.5041,0.0146,0.6678,9.8913,0.0,RandomForest,0.9522363858896248,0.9514551313101197,0.9517258003257156,0.9510625379847959,0.9510123763932785,0.9512838795030409,0.9511480655822145,0.9518017199826118,0.951261742574008
mv,x4,40768.0,0.4994,0.9769,-7.4999,2.4997,-4.3886,-5.717,3.0207,0.9674,-0.6046,1.052,4.9009,0.0127,0.7033,0.0097,0.5041,0.0146,0.6678,9.8913,0.0,AdaBoost,0.9520302393067988,0.9490796722104368,0.9520741343731296,0.9522257892178065,0.9521518675665036,0.9521358800345502,0.952277982598765,0.9516630952567551,0.9518512504339907
mv,x4,40768.0,0.4994,0.9769,-7.4999,2.4997,-4.3886,-5.717,3.0207,0.9674,-0.6046,1.052,4.9009,0.0127,0.7033,0.0097,0.5041,0.0146,0.6678,9.8913,0.0,SVC,0.9139829463099352,0.9078710217999562,0.9263420301867257,0.9272234254285068,0.9274090811914995,0.9189603136226565,0.9146874256505713,0.9119720489065568,0.9269226119251033
mv,x4,40768.0,0.4522,0.9764,-7.4995,2.4997,-4.3962,-5.73,3.0211,0.9737,-0.5912,1.039,4.889,0.0061,0.7011,0.0031,0.4997,0.0046,0.6623,9.9807,0.0,DecisionTree,0.9529088008710702,0.9473066242071211,0.9528282472087768,0.9529088008710702,0.9529088008710702,0.9527030676204136,0.952848123975766,0.9528555320984649,0.9529293635484255
mv,x4,40768.0,0.4522,0.9764,-7.4995,2.4997,-4.3962,-5.73,3.0211,0.9737,-0.5912,1.039,4.889,0.0061,0.7011,0.0031,0.4997,0.0046,0.6623,9.9807,0.0,LogisticRegression,0.9492844713605186,0.9477336931503968,0.9493591892163538,0.9497104944869614,0.9496264493014333,0.9494282997524373,0.9496307107470945,0.9486746122678202,0.9497307109183004
mv,x4,40768.0,0.4522,0.9764,-7.4995,2.4997,-4.3962,-5.73,3.0211,0.9737,-0.5912,1.039,4.889,0.0061,0.7011,0.0031,0.4997,0.0046,0.6623,9.9807,0.0,KNN,0.9498447957706019,0.9480409969389886,0.9487530951012526,0.9493615380185549,0.9495608434132329,0.9499182869156569,0.9496821226616348,0.9491757255055493,0.9491940042509825
mv,x4,40768.0,0.4522,0.9764,-7.4995,2.4997,-4.3962,-5.73,3.0211,0.9737,-0.5912,1.039,4.889,0.0061,0.7011,0.0031,0.4997,0.0046,0.6623,9.9807,0.0,RandomForest,0.9532530789569127,0.9517995134009268,0.952992792535895,0.953417469435228,0.9528282247776159,0.953462151993459,0.9534041185174889,0.9532879401457948,0.9535985762557623
mv,x4,40768.0,0.4522,0.9764,-7.4995,2.4997,-4.3962,-5.73,3.0211,0.9737,-0.5912,1.039,4.889,0.0061,0.7011,0.0031,0.4997,0.0046,0.6623,9.9807,0.0,AdaBoost,0.952661938004565,0.9498373771831142,0.9524427185710266,0.9529894772856455,0.952423360911948,0.9528169802710261,0.9524975687423931,0.95276576315551,0.9529288694299749
mv,x4,40768.0,0.4522,0.9764,-7.4995,2.4997,-4.3962,-5.73,3.0211,0.9737,-0.5912,1.039,4.889,0.0061,0.7011,0.0031,0.4997,0.0046,0.6623,9.9807,0.0,SVC,0.9152179273076552,0.9091225626321431,0.9278038798903387,0.926907845313882,0.9271741981078611,0.9195176947810707,0.9169058865600648,0.9125660813255823,0.9268698741836526
mv,x4,40768.0,0.4009,0.9731,-7.4999,2.4997,-4.3857,-5.7273,3.0329,0.9641,-0.6124,1.0561,4.9222,0.0068,0.7026,0.0056,0.5012,0.0085,0.6644,10.0655,0.0,DecisionTree,0.952785440319958,0.9487559088839941,0.9528886202216583,0.9527456969263124,0.952785440319958,0.9527442968212552,0.9530968063459294,0.952668459343347,0.952785440319958
mv,x4,40768.0,0.4009,0.9731,-7.4999,2.4997,-4.3857,-5.7273,3.0329,0.9641,-0.6124,1.0561,4.9222,0.0068,0.7026,0.0056,0.5012,0.0085,0.6644,10.0655,0.0,LogisticRegression,0.9501035628747184,0.9485087191273972,0.9505477902946632,0.9505464572925831,0.9506287230460668,0.9500021964808149,0.9505948204846586,0.9495130969380512,0.9504852749439261
mv,x4,40768.0,0.4009,0.9731,-7.4999,2.4997,-4.3857,-5.7273,3.0329,0.9641,-0.6124,1.0561,4.9222,0.0068,0.7026,0.0056,0.5012,0.0085,0.6644,10.0655,0.0,KNN,0.9497517132479294,0.9480140352424675,0.9500692398039596,0.9494159970757622,0.9494349346509285,0.9500355374803767,0.9497930524478068,0.9488108211274358,0.9494735788176153
mv,x4,40768.0,0.4009,0.9731,-7.4999,2.4997,-4.3857,-5.7273,3.0329,0.9641,-0.6124,1.0561,4.9222,0.0068,0.7026,0.0056,0.5012,0.0085,0.6644,10.0655,0.0,RandomForest,0.9535040984729406,0.9525033478877983,0.9525332504613829,0.9529282049618214,0.9534152835283726,0.9529816850727447,0.9534096410522126,0.953018892384292,0.9530844241562972
mv,x4,40768.0,0.4009,0.9731,-7.4999,2.4997,-4.3857,-5.7273,3.0329,0.9641,-0.6124,1.0561,4.9222,0.0068,0.7026,0.0056,0.5012,0.0085,0.6644,10.0655,0.0,AdaBoost,0.9534176959978831,0.9504922052803498,0.9532360087012102,0.9533403520734673,0.9533002238092798,0.9533182707914889,0.9535459020940968,0.9531568456067327,0.9533403055809238
mv,x4,40768.0,0.4009,0.9731,-7.4999,2.4997,-4.3857,-5.7273,3.0329,0.9641,-0.6124,1.0561,4.9222,0.0068,0.7026,0.0056,0.5012,0.0085,0.6644,10.0655,0.0,SVC,0.9158351646970555,0.908948853943153,0.9249237593016515,0.9245251750083454,0.9247025181406933,0.9186486804663805,0.9174229290283131,0.9144099420681748,0.924528453485505
mv,x4,40768.0,0.3485,0.9698,-7.4999,2.4997,-4.4004,-5.7295,3.0246,0.9738,-0.5895,1.0536,4.8924,0.0052,0.7013,0.0048,0.4994,0.0073,0.6624,10.1448,0.0,DecisionTree,0.953754595999446,0.9490349310749997,0.9537346881359378,0.9537343586520978,0.9537340425469164,0.953754595999446,0.9537589007818905,0.9537360114304703,0.9537957158884991
mv,x4,40768.0,0.3485,0.9698,-7.4999,2.4997,-4.4004,-5.7295,3.0246,0.9738,-0.5895,1.0536,4.8924,0.0052,0.7013,0.0048,0.4994,0.0073,0.6624,10.1448,0.0,LogisticRegression,0.9506187690534067,0.9489371381861655,0.9506794112214358,0.9508194793388293,0.950901730036595,0.9506196204210849,0.9508827484217877,0.9504153706910764,0.9509844252072546
mv,x4,40768.0,0.3485,0.9698,-7.4999,2.4997,-4.4004,-5.7295,3.0246,0.9738,-0.5895,1.0536,4.8924,0.0052,0.7013,0.0048,0.4994,0.0073,0.6624,10.1448,0.0,KNN,0.9513266611237371,0.9493509934727553,0.9498093402322665,0.9511549582000033,0.9507457088267369,0.9516185790817879,0.9509637770366988,0.9509168486926095,0.9507844179950276
mv,x4,40768.0,0.3485,0.9698,-7.4999,2.4997,-4.4004,-5.7295,3.0246,0.9738,-0.5895,1.0536,4.8924,0.0052,0.7013,0.0048,0.4994,0.0073,0.6624,10.1448,0.0,RandomForest,0.9544783968335131,0.9540044497251399,0.9541331151670978,0.9546008202834478,0.9544323363218816,0.9536706731187239,0.9543918199775154,0.9545491567132798,0.9541662518048202
mv,x4,40768.0,0.3485,0.9698,-7.4999,2.4997,-4.4004,-5.7295,3.0246,0.9738,-0.5895,1.0536,4.8924,0.0052,0.7013,0.0048,0.4994,0.0073,0.6624,10.1448,0.0,AdaBoost,0.9542149618059204,0.9515778053603191,0.9539526998369496,0.9537714866507755,0.9543635694360411,0.9539974192086851,0.9543638194505639,0.9539076927100361,0.9543945565604454
mv,x4,40768.0,0.3485,0.9698,-7.4999,2.4997,-4.4004,-5.7295,3.0246,0.9738,-0.5895,1.0536,4.8924,0.0052,0.7013,0.0048,0.4994,0.0073,0.6624,10.1448,0.0,SVC,0.9185565972515293,0.9107979653293974,0.9243486538477952,0.9243867459363226,0.9243712541198207,0.9190154602643085,0.9183201343289691,0.9161388810958244,0.9240979333486408
mv,x4,40768.0,0.2927,0.9682,-7.4998,2.4997,-4.4072,-5.7294,3.0181,0.9842,-0.5643,1.0392,4.8525,0.0062,0.7016,0.0046,0.4986,0.0069,0.6614,10.2249,0.0,DecisionTree,0.9542853259684557,0.9495207872224265,0.9542047240728739,0.9542853259684557,0.9542256322117251,0.9542853259684557,0.9541867853826368,0.9543100847809675,0.9542853259684557
mv,x4,40768.0,0.2927,0.9682,-7.4998,2.4997,-4.4072,-5.7294,3.0181,0.9842,-0.5643,1.0392,4.8525,0.0062,0.7016,0.0046,0.4986,0.0069,0.6614,10.2249,0.0,LogisticRegression,0.9508192636823524,0.949352056378892,0.9510811727299995,0.951040308296573,0.9511251568943528,0.9506776214815891,0.9511040470522741,0.9504737675191381,0.9510824981487078
mv,x4,40768.0,0.2927,0.9682,-7.4998,2.4997,-4.4072,-5.7294,3.0181,0.9842,-0.5643,1.0392,4.8525,0.0062,0.7016,0.0046,0.4986,0.0069,0.6614,10.2249,0.0,KNN,0.951396408284819,0.9500017444698028,0.9510401213151687,0.9513801572818289,0.951096073358688,0.9515418512753856,0.9512589151416635,0.9515931237866445,0.9510324796777326
mv,x4,40768.0,0.2927,0.9682,-7.4998,2.4997,-4.4072,-5.7294,3.0181,0.9842,-0.5643,1.0392,4.8525,0.0062,0.7016,0.0046,0.4986,0.0069,0.6614,10.2249,0.0,RandomForest,0.9548197892456795,0.9529483641074555,0.9544725094363958,0.9546145521452905,0.954411336571349,0.9544307213455997,0.9546992589228029,0.9546562452746076,0.9542489627393382
mv,x4,40768.0,0.2927,0.9682,-7.4998,2.4997,-4.4072,-5.7294,3.0181,0.9842,-0.5643,1.0392,4.8525,0.0062,0.7016,0.0046,0.4986,0.0069,0.6614,10.2249,0.0,AdaBoost,0.954247127308403,0.9506775101295046,0.9535994142242714,0.953703524276779,0.9543521208135743,0.954264890008629,0.9540512349731792,0.9541412648103492,0.9540207737829726
mv,x4,40768.0,0.2927,0.9682,-7.4998,2.4997,-4.4072,-5.7294,3.0181,0.9842,-0.5643,1.0392,4.8525,0.0062,0.7016,0.0046,0.4986,0.0069,0.6614,10.2249,0.0,SVC,0.9188070008776689,0.9109021956129629,0.9231995507416586,0.9227697939685537,0.9229976417578574,0.9185472004122182,0.9189704732432362,0.9172662396126942,0.9227690611087445
mv,x4,40768.0,0.2481,0.9681,-7.4999,2.4981,-4.4026,-5.7301,3.0179,0.9761,-0.5843,1.0448,4.8778,0.0076,0.6998,0.0055,0.4981,0.0083,0.6609,10.2857,0.0,DecisionTree,0.9545344780458032,0.9519627030295708,0.9545961296848884,0.9544940091323855,0.9545351342322026,0.9545139368243716,0.9541992898925497,0.9544953051085806,0.9544940180031165
mv,x4,40768.0,0.2481,0.9681,-7.4999,2.4981,-4.4026,-5.7301,3.0179,0.9761,-0.5843,1.0448,4.8778,0.0076,0.6998,0.0055,0.4981,0.0083,0.6609,10.2857,0.0,LogisticRegression,0.9509231022200029,0.949796866991523,0.9512454793359826,0.9512235517728193,0.9511851190120908,0.950758181088129,0.9511463301713401,0.951042946340125,0.9512243804378329
mv,x4,40768.0,0.2481,0.9681,-7.4999,2.4981,-4.4026,-5.7301,3.0179,0.9761,-0.5843,1.0448,4.8778,0.0076,0.6998,0.0055,0.4981,0.0083,0.6609,10.2857,0.0,KNN,0.9522929092344107,0.9506306065521566,0.9519137805028577,0.9508657256049828,0.9510085528109757,0.9522531291202657,0.9523526554720412,0.9522350508557058,0.9509264768401698
mv,x4,40768.0,0.2481,0.9681,-7.4999,2.4981,-4.4026,-5.7301,3.0179,0.9761,-0.5843,1.0448,4.8778,0.0076,0.6998,0.0055,0.4981,0.0083,0.6609,10.2857,0.0,RandomForest,0.9555885942806208,0.9546807212108195,0.9545764824005526,0.9552893576725794,0.955337456899999,0.9548312816981813,0.9557178184460856,0.9559611743443519,0.9552720034284552
mv,x4,40768.0,0.2481,0.9681,-7.4999,2.4981,-4.4026,-5.7301,3.0179,0.9761,-0.5843,1.0448,4.8778,0.0076,0.6998,0.0055,0.4981,0.0083,0.6609,10.2857,0.0,AdaBoost,0.9546010400712293,0.9539568583681356,0.9543688898259581,0.9544483764081584,0.9545629935564925,0.954601542701057,0.9549031476174471,0.9545259941388069,0.9544174662164291
mv,x4,40768.0,0.2481,0.9681,-7.4999,2.4981,-4.4026,-5.7301,3.0179,0.9761,-0.5843,1.0448,4.8778,0.0076,0.6998,0.0055,0.4981,0.0083,0.6609,10.2857,0.0,SVC,0.9204314128760596,0.9127021017030619,0.9222106558273658,0.922058434255811,0.9220136291021103,0.9193093399514931,0.9207969044859325,0.9198515194278659,0.9219484780904722
mv,x4,40768.0,0.1989,0.9659,-7.4999,2.4997,-4.4014,-5.7346,3.0218,0.976,-0.5833,1.0417,4.8704,0.0051,0.7016,0.0048,0.5,0.0073,0.6629,10.3459,0.0,DecisionTree,0.9550878317446297,0.9531678553145599,0.954805941525087,0.9552129510731215,0.9549870148494849,0.9550878317446297,0.9550878317446297,0.9551106147712446,0.9544657020316007
mv,x4,40768.0,0.1989,0.9659,-7.4999,2.4997,-4.4014,-5.7346,3.0218,0.976,-0.5833,1.0417,4.8704,0.0051,0.7016,0.0048,0.5,0.0073,0.6629,10.3459,0.0,LogisticRegression,0.952041896268394,0.951307990580309,0.9517924523451989,0.9521827794798006,0.9519970775517353,0.9520241406477297,0.952040631560064,0.9515512023114389,0.9522249020704125
mv,x4,40768.0,0.1989,0.9659,-7.4999,2.4997,-4.4014,-5.7346,3.0218,0.976,-0.5833,1.0417,4.8704,0.0051,0.7016,0.0048,0.5,0.0073,0.6629,10.3459,0.0,KNN,0.9538577167654895,0.9527833409273789,0.9534055463599583,0.9532351208696367,0.953290737113308,0.9538147235232026,0.953800189425874,0.9533367607685191,0.953230717163984
mv,x4,40768.0,0.1989,0.9659,-7.4999,2.4997,-4.4014,-5.7346,3.0218,0.976,-0.5833,1.0417,4.8704,0.0051,0.7016,0.0048,0.5,0.0073,0.6629,10.3459,0.0,RandomForest,0.9566686139024974,0.9567111704220224,0.955893235091321,0.9557671443011199,0.9559097190293206,0.95620700981977,0.9569409595853915,0.9562884613563356,0.9557522407934003
mv,x4,40768.0,0.1989,0.9659,-7.4999,2.4997,-4.4014,-5.7346,3.0218,0.976,-0.5833,1.0417,4.8704,0.0051,0.7016,0.0048,0.5,0.0073,0.6629,10.3459,0.0,AdaBoost,0.9554994398617839,0.9547348242819357,0.9543773319080355,0.9551182272836093,0.9551473389133892,0.9551482853571704,0.9554228297047022,0.9552259656169675,0.9552211246861645
mv,x4,40768.0,0.1989,0.9659,-7.4999,2.4997,-4.4014,-5.7346,3.0218,0.976,-0.5833,1.0417,4.8704,0.0051,0.7016,0.0048,0.5,0.0073,0.6629,10.3459,0.0,SVC,0.92069308629314,0.914466202805529,0.9212839328102318,0.9212825548113162,0.9214302356425995,0.9188145148916559,0.9210471791214762,0.9210040849629597,0.9210642750396465
mv,x4,40768.0,0.1499,0.9628,-7.4999,2.4997,-4.3918,-5.7226,3.0226,0.9695,-0.5946,1.0565,4.8833,0.0073,0.7007,0.0055,0.5001,0.0082,0.6631,10.4007,0.0,DecisionTree,0.9558121188855512,0.953649878152141,0.9557716689872253,0.9557124654704285,0.9557333378588236,0.9558121188855512,0.9558121188855512,0.9557131266374048,0.9555724214580346
mv,x4,40768.0,0.1499,0.9628,-7.4999,2.4997,-4.3918,-5.7226,3.0226,0.9695,-0.5946,1.0565,4.8833,0.0073,0.7007,0.0055,0.5001,0.0082,0.6631,10.4007,0.0,LogisticRegression,0.9531716081108055,0.9517197684674386,0.9531476524924349,0.9530257648996551,0.953065419670473,0.9530310240949419,0.9531707793960363,0.9529268061555458,0.9530451683142567
mv,x4,40768.0,0.1499,0.9628,-7.4999,2.4997,-4.3918,-5.7226,3.0226,0.9695,-0.5946,1.0565,4.8833,0.0073,0.7007,0.0055,0.5001,0.0082,0.6631,10.4007,0.0,KNN,0.9547235342996123,0.9533372935575325,0.9542115043532706,0.9547937105777994,0.9548318715950814,0.9546216016933158,0.9545786986401197,0.9547457405660972,0.9544862651422429
mv,x4,40768.0,0.1499,0.9628,-7.4999,2.4997,-4.3918,-5.7226,3.0226,0.9695,-0.5946,1.0565,4.8833,0.0073,0.7007,0.0055,0.5001,0.0082,0.6631,10.4007,0.0,RandomForest,0.9574152897102748,0.9559552298708811,0.9574835628750858,0.9572392277753481,0.95730216110255,0.9569945230737308,0.9580160965300607,0.957641864216644,0.9571199537431317
mv,x4,40768.0,0.1499,0.9628,-7.4999,2.4997,-4.3918,-5.7226,3.0226,0.9695,-0.5946,1.0565,4.8833,0.0073,0.7007,0.0055,0.5001,0.0082,0.6631,10.4007,0.0,AdaBoost,0.9562466924834001,0.9546733290680959,0.9555787219100527,0.9557526755054582,0.9562719569423249,0.9556779866602989,0.9561325812144699,0.9562647408880376,0.9557232710260569
mv,x4,40768.0,0.1499,0.9628,-7.4999,2.4997,-4.3918,-5.7226,3.0226,0.9695,-0.5946,1.0565,4.8833,0.0073,0.7007,0.0055,0.5001,0.0082,0.6631,10.4007,0.0,SVC,0.920824274611918,0.914444830447704,0.9203387433582274,0.9202221739136431,0.9202048678864498,0.9182037437871076,0.920814151753092,0.9201430412072018,0.9199996700041659
mv,x4,40768.0,0.1014,0.9605,-7.4999,2.4997,-4.3959,-5.7284,3.0232,0.9753,-0.586,1.0448,4.8757,0.0053,0.7022,0.0048,0.5009,0.0072,0.6642,10.453,0.0,DecisionTree,0.9560379298179612,0.9552243365157881,0.9560176979482303,0.9560379298179612,0.9560379298179612,0.9560376352248559,0.9560379298179612,0.9560590482121328,0.9560382242162326
mv,x4,40768.0,0.1014,0.9605,-7.4999,2.4997,-4.3959,-5.7284,3.0232,0.9753,-0.586,1.0448,4.8757,0.0053,0.7022,0.0048,0.5009,0.0072,0.6642,10.453,0.0,LogisticRegression,0.9530073108049409,0.9520893221259098,0.9531676239880451,0.9532293005498482,0.9533115530401062,0.9528642876244967,0.9529051754181039,0.952945302851882,0.9532090524191142
mv,x4,40768.0,0.1014,0.9605,-7.4999,2.4997,-4.3959,-5.7284,3.0232,0.9753,-0.586,1.0448,4.8757,0.0053,0.7022,0.0048,0.5009,0.0072,0.6642,10.453,0.0,KNN,0.9551629040565608,0.9547212320467674,0.954755326123485,0.9551684770703388,0.95484280761136,0.9551026156182152,0.9550022627329903,0.9553528863102412,0.9550452583707336
mv,x4,40768.0,0.1014,0.9605,-7.4999,2.4997,-4.3959,-5.7284,3.0232,0.9753,-0.586,1.0448,4.8757,0.0053,0.7022,0.0048,0.5009,0.0072,0.6642,10.453,0.0,RandomForest,0.9580470498609273,0.9570858014576042,0.9575507780189566,0.9575658045923056,0.9578302974439544,0.9584082515688023,0.9580557811828136,0.958243941802639,0.9575418304810992
mv,x4,40768.0,0.1014,0.9605,-7.4999,2.4997,-4.3959,-5.7284,3.0232,0.9753,-0.586,1.0448,4.8757,0.0053,0.7022,0.0048,0.5009,0.0072,0.6642,10.453,0.0,AdaBoost,0.956220409030796,0.9563207292032445,0.9567181579086774,0.9563195881338631,0.9567972357303387,0.9566745326419546,0.9564646617407063,0.956768709951857,0.9565950818210539
mv,x4,40768.0,0.1014,0.9605,-7.4999,2.4997,-4.3959,-5.7284,3.0232,0.9753,-0.586,1.0448,4.8757,0.0053,0.7022,0.0048,0.5009,0.0072,0.6642,10.453,0.0,SVC,0.9208066905411667,0.9156121022839027,0.919648294976023,0.9195789877655243,0.9195595855550569,0.9186338252083672,0.9203823727628992,0.9201425574327213,0.9192800097265031
mv,x4,40768.0,0.0478,0.9591,-7.4999,2.4997,-4.3974,-5.7284,3.0222,0.9745,-0.5863,1.0473,4.8797,0.0076,0.7008,0.0057,0.4991,0.0085,0.6618,10.5091,0.0,DecisionTree,0.9571056256715699,0.9562659992044544,0.9569501270859966,0.9569067750550037,0.9571671765471433,0.9571056256715699,0.9568865516936849,0.956523934443043,0.9569671656698733
mv,x4,40768.0,0.0478,0.9591,-7.4999,2.4997,-4.3974,-5.7284,3.0222,0.9745,-0.5863,1.0473,4.8797,0.0076,0.7008,0.0057,0.4991,0.0085,0.6618,10.5091,0.0,LogisticRegression,0.9531268478511082,0.9530694427116868,0.9528384271670989,0.9529413841082185,0.9529000660238933,0.9532701921482374,0.9530855252170729,0.9531082428542398,0.952859128870744
mv,x4,40768.0,0.0478,0.9591,-7.4999,2.4997,-4.3974,-5.7284,3.0222,0.9745,-0.5863,1.0473,4.8797,0.0076,0.7008,0.0057,0.4991,0.0085,0.6618,10.5091,0.0,KNN,0.9551784789143138,0.9547281600591914,0.9554075581166752,0.9549611665611906,0.9549623375322331,0.9546942353606177,0.9551575915353874,0.9549168501508034,0.9550642636412104
mv,x4,40768.0,0.0478,0.9591,-7.4999,2.4997,-4.3974,-5.7284,3.0222,0.9745,-0.5863,1.0473,4.8797,0.0076,0.7008,0.0057,0.4991,0.0085,0.6618,10.5091,0.0,RandomForest,0.9588403056131697,0.9577276204384124,0.9587582280314247,0.9588374636296514,0.9587776110955655,0.9587178502622895,0.959266186312405,0.9586601406437188,0.9589192901703616
mv,x4,40768.0,0.0478,0.9591,-7.4999,2.4997,-4.3974,-5.7284,3.0222,0.9745,-0.5863,1.0473,4.8797,0.0076,0.7008,0.0057,0.4991,0.0085,0.6618,10.5091,0.0,AdaBoost,0.9573158772205219,0.9576133530448407,0.9572954148414359,0.9572425382364,0.9576410922478418,0.9571132756770767,0.9573563492893323,0.9571727766209933,0.9573431603997654
mv,x4,40768.0,0.0478,0.9591,-7.4999,2.4997,-4.3974,-5.7284,3.0222,0.9745,-0.5863,1.0473,4.8797,0.0076,0.7008,0.0057,0.4991,0.0085,0.6618,10.5091,0.0,SVC,0.9199108844998218,0.917120345730225,0.919053773066201,0.9193567359176686,0.9194615107459827,0.9188474494456068,0.9198087065193715,0.9196990911260707,0.9194622210946601
mv,x5,40768.0,0.502,0.9953,-0.9998,0.9999,0.001,0.0082,0.5753,-0.01,-1.1989,0.4966,0.9963,0.0042,0.0082,0.0047,0.0058,0.007,0.0087,9.9119,0.0,DecisionTree,0.9575823378512587,0.9575823378512587,0.9575986508357122,0.9575986508357122,0.9575986508357122,0.9575986508357122,0.9575823378512587,0.9575823378512587,0.9575986508357122
mv,x5,40768.0,0.502,0.9953,-0.9998,0.9999,0.001,0.0082,0.5753,-0.01,-1.1989,0.4966,0.9963,0.0042,0.0082,0.0047,0.0058,0.007,0.0087,9.9119,0.0,LogisticRegression,0.9537398595626072,0.9538014463361129,0.9537811958641108,0.9539047373395129,0.9538225131112065,0.9539047373395129,0.9537831774732879,0.9538637822620325,0.9538228854317548
mv,x5,40768.0,0.502,0.9953,-0.9998,0.9999,0.001,0.0082,0.5753,-0.01,-1.1989,0.4966,0.9963,0.0042,0.0082,0.0047,0.0058,0.007,0.0087,9.9119,0.0,KNN,0.9566656360900357,0.9566118985952485,0.955836756425796,0.9566984708975489,0.9564720474929757,0.9566160891928238,0.956758787945186,0.9549747902506152,0.9568217826392511
mv,x5,40768.0,0.502,0.9953,-0.9998,0.9999,0.001,0.0082,0.5753,-0.01,-1.1989,0.4966,0.9963,0.0042,0.0082,0.0047,0.0058,0.007,0.0087,9.9119,0.0,RandomForest,0.9594153252667295,0.9598832236021855,0.9598233980833185,0.959413073974446,0.9594152706759105,0.9596086980026473,0.9591690996960991,0.9592975602312874,0.9597585171130295
mv,x5,40768.0,0.502,0.9953,-0.9998,0.9999,0.001,0.0082,0.5753,-0.01,-1.1989,0.4966,0.9963,0.0042,0.0082,0.0047,0.0058,0.007,0.0087,9.9119,0.0,AdaBoost,0.9582154542608338,0.9584752177830189,0.9582034612052223,0.9580514710437916,0.958230380666848,0.9581284635899757,0.9583247008076553,0.9583317163101508,0.9581149515137604
mv,x5,40768.0,0.502,0.9953,-0.9998,0.9999,0.001,0.0082,0.5753,-0.01,-1.1989,0.4966,0.9963,0.0042,0.0082,0.0047,0.0058,0.007,0.0087,9.9119,0.0,SVC,0.9180550067324225,0.9192954849610977,0.9192993703924578,0.919316164802729,0.9193972416187055,0.9192544667186726,0.9175016709262207,0.9181182481215817,0.9194575684119971
mv,x5,40768.0,0.4543,0.9949,-0.9999,1.0,-0.001,0.0015,0.5757,-0.0012,-1.1955,0.4981,0.9962,0.0066,0.0125,0.0046,0.0086,0.0069,0.0129,10.003,0.0,DecisionTree,0.9575823378512587,0.9576191649996149,0.957578406371396,0.957578406371396,0.957578406371396,0.9576605310705701,0.9575183000930836,0.9575823378512587,0.9574129208946166
mv,x5,40768.0,0.4543,0.9949,-0.9999,1.0,-0.001,0.0015,0.5757,-0.0012,-1.1955,0.4981,0.9962,0.0066,0.0125,0.0046,0.0086,0.0069,0.0129,10.003,0.0,LogisticRegression,0.9536603543129663,0.9535785693403345,0.9536600157110413,0.9536810893835561,0.9536397532898271,0.9536604303154931,0.9537624193008813,0.9535984165154059,0.9536190920964009
mv,x5,40768.0,0.4543,0.9949,-0.9999,1.0,-0.001,0.0015,0.5757,-0.0012,-1.1955,0.4981,0.9962,0.0066,0.0125,0.0046,0.0086,0.0069,0.0129,10.003,0.0,KNN,0.9556752188338201,0.9557352506885237,0.9552262489155938,0.9557794973315831,0.9555507335107369,0.9556573932337092,0.9559450925216286,0.9557619261037095,0.9557205726256206
mv,x5,40768.0,0.4543,0.9949,-0.9999,1.0,-0.001,0.0015,0.5757,-0.0012,-1.1955,0.4981,0.9962,0.0066,0.0125,0.0046,0.0086,0.0069,0.0129,10.003,0.0,RandomForest,0.9593183978470332,0.9598755434157917,0.9593333691514736,0.9595264726676099,0.9598302115932832,0.9601316381339502,0.959613698322956,0.9595981451399556,0.9596893888277171
mv,x5,40768.0,0.4543,0.9949,-0.9999,1.0,-0.001,0.0015,0.5757,-0.0012,-1.1955,0.4981,0.9962,0.0066,0.0125,0.0046,0.0086,0.0069,0.0129,10.003,0.0,AdaBoost,0.9580060697151476,0.9573854840277639,0.9577113638945556,0.9577913536875924,0.9572417919628118,0.9574597755794375,0.9579336558955074,0.9579090756617337,0.9577708181064339
mv,x5,40768.0,0.4543,0.9949,-0.9999,1.0,-0.001,0.0015,0.5757,-0.0012,-1.1955,0.4981,0.9962,0.0066,0.0125,0.0046,0.0086,0.0069,0.0129,10.003,0.0,SVC,0.9189604468149282,0.9191312514717704,0.9193984479432967,0.9192116879038151,0.919295667032687,0.9192734185799377,0.9176089432473422,0.9186424922848144,0.9192942490456874
mv,x5,40768.0,0.4046,0.9941,-0.9999,0.9999,0.0001,0.0014,0.5779,0.0018,-1.197,0.5004,1.0004,0.007,0.0074,0.0051,0.0061,0.0076,0.0091,10.0889,0.0,DecisionTree,0.9575823378512587,0.9575823378512587,0.9575786994742685,0.9575786994742685,0.9575786994742685,0.9575786994742685,0.9575786994742685,0.9575823378512587,0.9575786994742685
mv,x5,40768.0,0.4046,0.9941,-0.9999,0.9999,0.0001,0.0014,0.5779,0.0018,-1.197,0.5004,1.0004,0.007,0.0074,0.0051,0.0061,0.0076,0.0091,10.0889,0.0,LogisticRegression,0.9535976447392159,0.9536187161061226,0.9536798637628006,0.9536389497501027,0.9536389497501027,0.9536187048834014,0.9536191054498808,0.953577400596022,0.9537207759896742
mv,x5,40768.0,0.4046,0.9941,-0.9999,0.9999,0.0001,0.0014,0.5779,0.0018,-1.197,0.5004,1.0004,0.007,0.0074,0.0051,0.0061,0.0076,0.0091,10.0889,0.0,KNN,0.956448933607516,0.9563291948470697,0.9564318695475378,0.9569657729378004,0.9569278142213737,0.9571100162299231,0.9566198280600512,0.9566786940515635,0.9566365993070639
mv,x5,40768.0,0.4046,0.9941,-0.9999,0.9999,0.0001,0.0014,0.5779,0.0018,-1.197,0.5004,1.0004,0.007,0.0074,0.0051,0.0061,0.0076,0.0091,10.0889,0.0,RandomForest,0.9595026676037465,0.9595134091095585,0.9596611687679557,0.9597537463696657,0.9594951913359706,0.959425550206978,0.9593502482481346,0.9594601991171166,0.959529182490455
mv,x5,40768.0,0.4046,0.9941,-0.9999,0.9999,0.0001,0.0014,0.5779,0.0018,-1.197,0.5004,1.0004,0.007,0.0074,0.0051,0.0061,0.0076,0.0091,10.0889,0.0,AdaBoost,0.9578109308506124,0.9580029895967317,0.9578375032116495,0.9577962604419907,0.9577757257429453,0.957795972358826,0.957735206226337,0.9579585741228231,0.9577962604419907
mv,x5,40768.0,0.4046,0.9941,-0.9999,0.9999,0.0001,0.0014,0.5779,0.0018,-1.197,0.5004,1.0004,0.007,0.0074,0.0051,0.0061,0.0076,0.0091,10.0889,0.0,SVC,0.9191914832911003,0.9198023122710025,0.9192257306376939,0.9192659550987243,0.9192867446451363,0.91936645846064,0.9170070933402391,0.9189372998790476,0.9196076993983344
mv,x5,40768.0,0.3477,0.9934,-0.9999,1.0,-0.006,-0.0056,0.5782,0.0115,-1.1998,0.5003,1.0002,0.0058,0.0066,0.0037,0.0067,0.0056,0.01,10.1793,0.0,DecisionTree,0.9575823378512587,0.9575823378512587,0.9575823378512587,0.9576191649996149,0.9576191649996149,0.9576191649996149,0.9575823378512587,0.9575823378512587,0.9576191649996149
mv,x5,40768.0,0.3477,0.9934,-0.9999,1.0,-0.006,-0.0056,0.5782,0.0115,-1.1998,0.5003,1.0002,0.0058,0.0066,0.0037,0.0067,0.0056,0.01,10.1793,0.0,LogisticRegression,0.9536171036237496,0.9536372953681762,0.9536989205768706,0.9536993334684378,0.9537195959780396,0.9536993334684378,0.9536587585907115,0.9535559220284708,0.9537402357515015
mv,x5,40768.0,0.3477,0.9934,-0.9999,1.0,-0.006,-0.0056,0.5782,0.0115,-1.1998,0.5003,1.0002,0.0058,0.0066,0.0037,0.0067,0.0056,0.01,10.1793,0.0,KNN,0.9564965407579493,0.9563567283258821,0.9559761259343763,0.9566059512586389,0.9566263261948006,0.9566272941777858,0.9566223082956234,0.9546893522178318,0.9563187873013494
mv,x5,40768.0,0.3477,0.9934,-0.9999,1.0,-0.006,-0.0056,0.5782,0.0115,-1.1998,0.5003,1.0002,0.0058,0.0066,0.0037,0.0067,0.0056,0.01,10.1793,0.0,RandomForest,0.95957795065791,0.9600227114796578,0.9596360910790411,0.9598751117597385,0.9594115692858272,0.9597723472714303,0.9595164581382911,0.959232789110073,0.9598951676549891
mv,x5,40768.0,0.3477,0.9934,-0.9999,1.0,-0.006,-0.0056,0.5782,0.0115,-1.1998,0.5003,1.0002,0.0058,0.0066,0.0037,0.0067,0.0056,0.01,10.1793,0.0,AdaBoost,0.9582542545831096,0.9579719437622471,0.9585869719529035,0.9582542545831096,0.9582724057635976,0.9583351533539152,0.9581754169044533,0.9575876539767191,0.9582542545831096
mv,x5,40768.0,0.3477,0.9934,-0.9999,1.0,-0.006,-0.0056,0.5782,0.0115,-1.1998,0.5003,1.0002,0.0058,0.0066,0.0037,0.0067,0.0056,0.01,10.1793,0.0,SVC,0.918878572478782,0.9192182650033498,0.9191107200790365,0.9190857837037786,0.9190857782997404,0.9191869895908512,0.9176692918026382,0.9185116595967974,0.9191669765518667
mv,x5,40768.0,0.3059,0.9935,-0.9999,0.9999,-0.0041,0.0009,0.5776,0.0018,-1.2015,0.4996,0.9977,0.0053,0.0056,0.0026,0.0037,0.0039,0.0055,10.2415,0.0,DecisionTree,0.9575823378512587,0.9575823378512587,0.9575786994742685,0.9575786994742685,0.9575786994742685,0.9575786994742685,0.9575786994742685,0.9575823378512587,0.9575786994742685
mv,x5,40768.0,0.3059,0.9935,-0.9999,0.9999,-0.0041,0.0009,0.5776,0.0018,-1.2015,0.4996,0.9977,0.0053,0.0056,0.0026,0.0037,0.0039,0.0055,10.2415,0.0,LogisticRegression,0.9536384872291919,0.9535360086960478,0.9535980341545385,0.9535988079430952,0.9535988079430952,0.9535777651695977,0.9535372660757707,0.953535625372939,0.9535777651695977
mv,x5,40768.0,0.3059,0.9935,-0.9999,0.9999,-0.0041,0.0009,0.5776,0.0018,-1.2015,0.4996,0.9977,0.0053,0.0056,0.0026,0.0037,0.0039,0.0055,10.2415,0.0,KNN,0.9559678785348833,0.9558469346479478,0.9562023577916884,0.9566696739740244,0.9569968600349514,0.9568749744740785,0.9557252675952117,0.9560739532389001,0.9565848231282441
mv,x5,40768.0,0.3059,0.9935,-0.9999,0.9999,-0.0041,0.0009,0.5776,0.0018,-1.2015,0.4996,0.9977,0.0053,0.0056,0.0026,0.0037,0.0039,0.0055,10.2415,0.0,RandomForest,0.9593118805134917,0.9593311680264452,0.9595807971578094,0.9593506001561309,0.9594970989778449,0.9594109611250113,0.9598404869700066,0.9593762886722256,0.9594314670170996
mv,x5,40768.0,0.3059,0.9935,-0.9999,0.9999,-0.0041,0.0009,0.5776,0.0018,-1.2015,0.4996,0.9977,0.0053,0.0056,0.0026,0.0037,0.0039,0.0055,10.2415,0.0,AdaBoost,0.9583700601913631,0.95811150848092,0.9576761790099644,0.9578738179463837,0.957854314277384,0.9577837562762122,0.9576655804377122,0.9586875998632689,0.9577369423955082
mv,x5,40768.0,0.3059,0.9935,-0.9999,0.9999,-0.0041,0.0009,0.5776,0.0018,-1.2015,0.4996,0.9977,0.0053,0.0056,0.0026,0.0037,0.0039,0.0055,10.2415,0.0,SVC,0.9193209959609772,0.9196649554833739,0.9197087610773209,0.9197848563320121,0.9198257650085697,0.9197855569061948,0.9178739073873007,0.9190423212307158,0.9195379258453817
mv,x5,40768.0,0.2476,0.9932,-0.9999,1.0,-0.0039,0.0013,0.5768,0.0022,-1.2012,0.4992,0.9981,0.0074,0.008,0.0049,0.0071,0.0073,0.0106,10.3216,0.0,DecisionTree,0.9575823378512587,0.9575823378512587,0.9576191649996149,0.9576191649996149,0.9576191649996149,0.9576191649996149,0.9576191649996149,0.9575823378512587,0.9576191649996149
mv,x5,40768.0,0.2476,0.9932,-0.9999,1.0,-0.0039,0.0013,0.5768,0.0022,-1.2012,0.4992,0.9981,0.0074,0.008,0.0049,0.0071,0.0073,0.0106,10.3216,0.0,LogisticRegression,0.9537200355436124,0.9537803675159364,0.9536989166382828,0.9538006125530405,0.9538006125530405,0.9537803675159364,0.9536786724562674,0.9535567070457988,0.953759702493336
mv,x5,40768.0,0.2476,0.9932,-0.9999,1.0,-0.0039,0.0013,0.5768,0.0022,-1.2012,0.4992,0.9981,0.0074,0.008,0.0049,0.0071,0.0073,0.0106,10.3216,0.0,KNN,0.9554299392124104,0.955611249547324,0.9559046038716058,0.9556181002848458,0.9557825615197773,0.955739570420489,0.9555123146854042,0.9551291778271366,0.9553117698650077
mv,x5,40768.0,0.2476,0.9932,-0.9999,1.0,-0.0039,0.0013,0.5768,0.0022,-1.2012,0.4992,0.9981,0.0074,0.008,0.0049,0.0071,0.0073,0.0106,10.3216,0.0,RandomForest,0.9594748569115574,0.9595918699459228,0.9596197813390519,0.9595550319477456,0.9596533832558234,0.9597349669391249,0.9593707318752773,0.9596799351455855,0.9595529391419411
mv,x5,40768.0,0.2476,0.9932,-0.9999,1.0,-0.0039,0.0013,0.5768,0.0022,-1.2012,0.4992,0.9981,0.0074,0.008,0.0049,0.0071,0.0073,0.0106,10.3216,0.0,AdaBoost,0.9581934898353777,0.9577245845568733,0.9580133973192777,0.9577869761845678,0.9577869761845678,0.9577869761845678,0.9579520805602424,0.9582628040238863,0.9577869761845678
mv,x5,40768.0,0.2476,0.9932,-0.9999,1.0,-0.0039,0.0013,0.5768,0.0022,-1.2012,0.4992,0.9981,0.0074,0.008,0.0049,0.0071,0.0073,0.0106,10.3216,0.0,SVC,0.919306646878437,0.9190516143566009,0.9187848178162862,0.9189047059756759,0.9188443889476234,0.9188838906636012,0.9180290729111324,0.9193156265160034,0.918845767504732
mv,x5,40768.0,0.2018,0.9929,-0.9999,1.0,-0.0007,0.005,0.576,-0.0036,-1.1941,0.4973,0.9943,0.013,0.0143,0.0087,0.0097,0.0131,0.0145,10.3804,0.0,DecisionTree,0.9575823378512587,0.9575823378512587,0.9576191649996149,0.9576191649996149,0.9576191649996149,0.9576191649996149,0.957578704314447,0.9575823378512587,0.9576191649996149
mv,x5,40768.0,0.2018,0.9929,-0.9999,1.0,-0.0007,0.005,0.576,-0.0036,-1.1941,0.4973,0.9943,0.013,0.0143,0.0087,0.0097,0.0131,0.0145,10.3804,0.0,LogisticRegression,0.9539029638285632,0.9538616438761673,0.9539637460303445,0.9539025524788207,0.9539025652906209,0.9539232183939319,0.9539840700481241,0.9539641334983527,0.9538616662634001
mv,x5,40768.0,0.2018,0.9929,-0.9999,1.0,-0.0007,0.005,0.576,-0.0036,-1.1941,0.4973,0.9943,0.013,0.0143,0.0087,0.0097,0.0131,0.0145,10.3804,0.0,KNN,0.9562287086669353,0.9553529650822623,0.9563714426150913,0.955757054005906,0.9557988729842051,0.9556557843516653,0.9558784896848658,0.9555375847462284,0.9558011156790778
mv,x5,40768.0,0.2018,0.9929,-0.9999,1.0,-0.0007,0.005,0.576,-0.0036,-1.1941,0.4973,0.9943,0.013,0.0143,0.0087,0.0097,0.0131,0.0145,10.3804,0.0,RandomForest,0.9594358894305346,0.9599866091568602,0.9596977971004457,0.9601017428255539,0.959680188091373,0.9596505785552569,0.9595791120517956,0.9596406498618045,0.9598370128719402
mv,x5,40768.0,0.2018,0.9929,-0.9999,1.0,-0.0007,0.005,0.576,-0.0036,-1.1941,0.4973,0.9943,0.013,0.0143,0.0087,0.0097,0.0131,0.0145,10.3804,0.0,AdaBoost,0.9588637824663814,0.9585565035955778,0.9584389935085396,0.9583450795810119,0.9583624343936168,0.9586419941147881,0.9582981405106101,0.9584249307445035,0.958770831621657
mv,x5,40768.0,0.2018,0.9929,-0.9999,1.0,-0.0007,0.005,0.576,-0.0036,-1.1941,0.4973,0.9943,0.013,0.0143,0.0087,0.0097,0.0131,0.0145,10.3804,0.0,SVC,0.9189118260778317,0.9189518266126895,0.918895614615363,0.9189580231967646,0.9189372056386512,0.9189573106232626,0.9183888615115877,0.9190155900289999,0.9191819372199936
mv,x5,40768.0,0.1522,0.9922,-0.9999,1.0,-0.0026,0.0029,0.5768,-0.0021,-1.1977,0.4986,0.9972,0.0046,0.0066,0.0028,0.0056,0.0042,0.0084,10.4397,0.0,DecisionTree,0.9575823378512587,0.9575823378512587,0.9576191649996149,0.9576191649996149,0.9576191649996149,0.9576191649996149,0.9576191649996149,0.9575823378512587,0.9576191649996149
mv,x5,40768.0,0.1522,0.9922,-0.9999,1.0,-0.0026,0.0029,0.5768,-0.0021,-1.1977,0.4986,0.9972,0.0046,0.0066,0.0028,0.0056,0.0042,0.0084,10.4397,0.0,LogisticRegression,0.9539236877668165,0.9538625617819436,0.9538216398818999,0.9538009786884736,0.9538009786884736,0.9537803129449391,0.953739466758523,0.9537993228242619,0.9537195396322267
mv,x5,40768.0,0.1522,0.9922,-0.9999,1.0,-0.0026,0.0029,0.5768,-0.0021,-1.1977,0.4986,0.9972,0.0046,0.0066,0.0028,0.0056,0.0042,0.0084,10.4397,0.0,KNN,0.9558972367107684,0.9559052549603362,0.9559400553139255,0.956149243046165,0.9559861481883916,0.9562106800603912,0.9557778844261882,0.9556102043111389,0.9560069636364621
mv,x5,40768.0,0.1522,0.9922,-0.9999,1.0,-0.0026,0.0029,0.5768,-0.0021,-1.1977,0.4986,0.9972,0.0046,0.0066,0.0028,0.0056,0.0042,0.0084,10.4397,0.0,RandomForest,0.9599676223111611,0.9595932560235357,0.9595364571378416,0.9593931647889573,0.9593731343620637,0.959247282358348,0.9591459639521573,0.9593543516702936,0.9594713682799194
mv,x5,40768.0,0.1522,0.9922,-0.9999,1.0,-0.0026,0.0029,0.5768,-0.0021,-1.1977,0.4986,0.9972,0.0046,0.0066,0.0028,0.0056,0.0042,0.0084,10.4397,0.0,AdaBoost,0.9588037327153123,0.9585192601503307,0.9581805130769604,0.9583227680349297,0.9580923376118877,0.9583659202378813,0.9579363021690994,0.9587555224770605,0.9580256135389862
mv,x5,40768.0,0.1522,0.9922,-0.9999,1.0,-0.0026,0.0029,0.5768,-0.0021,-1.1977,0.4986,0.9972,0.0046,0.0066,0.0028,0.0056,0.0042,0.0084,10.4397,0.0,SVC,0.919001785890607,0.9186021222353162,0.9186215832615674,0.9185383485565088,0.918536933601334,0.9184974310207946,0.9182611704302708,0.9188113364515171,0.9185619982833837
mv,x5,40768.0,0.1019,0.9917,-0.9999,1.0,-0.0035,-0.0008,0.5772,0.0037,-1.198,0.4994,0.9978,0.0054,0.0058,0.0034,0.0045,0.0051,0.0068,10.4966,0.0,DecisionTree,0.9575823378512587,0.9575823378512587,0.9575989439385847,0.9575989439385847,0.9575989439385847,0.9575989439385847,0.9576191649996149,0.9575823378512587,0.9575989439385847
mv,x5,40768.0,0.1019,0.9917,-0.9999,1.0,-0.0035,-0.0008,0.5772,0.0037,-1.198,0.4994,0.9978,0.0054,0.0058,0.0034,0.0045,0.0051,0.0068,10.4966,0.0,LogisticRegression,0.9535141778150212,0.9534943466044776,0.9534943466044776,0.9534740807742254,0.9534740807742254,0.9534740807742254,0.9535761983063615,0.9535356572745723,0.9534745043331438
mv,x5,40768.0,0.1019,0.9917,-0.9999,1.0,-0.0035,-0.0008,0.5772,0.0037,-1.198,0.4994,0.9978,0.0054,0.0058,0.0034,0.0045,0.0051,0.0068,10.4966,0.0,KNN,0.9566337562863925,0.955977838954166,0.9566397468121467,0.9563710162831381,0.9565958357356069,0.9564327681265112,0.9561843470679531,0.9560649841374111,0.9564534441487674
mv,x5,40768.0,0.1019,0.9917,-0.9999,1.0,-0.0035,-0.0008,0.5772,0.0037,-1.198,0.4994,0.9978,0.0054,0.0058,0.0034,0.0045,0.0051,0.0068,10.4966,0.0,RandomForest,0.9594128973585809,0.9594129452746432,0.95945113164423,0.959594273148627,0.9595351143125949,0.9596161010308746,0.9592304746674669,0.959511864487889,0.9594952460955102
mv,x5,40768.0,0.1019,0.9917,-0.9999,1.0,-0.0035,-0.0008,0.5772,0.0037,-1.198,0.4994,0.9978,0.0054,0.0058,0.0034,0.0045,0.0051,0.0068,10.4966,0.0,AdaBoost,0.9577905364221354,0.9581068806767792,0.9582905852595208,0.9578249322343408,0.9580953407975346,0.9578836156139612,0.9584486547609701,0.9582280592534876,0.9577642125565725
mv,x5,40768.0,0.1019,0.9917,-0.9999,1.0,-0.0035,-0.0008,0.5772,0.0037,-1.198,0.4994,0.9978,0.0054,0.0058,0.0034,0.0045,0.0051,0.0068,10.4966,0.0,SVC,0.9186901546779436,0.9184857201825827,0.9186400488114874,0.9186184881498287,0.9185775523012607,0.9185983586237016,0.9183881383416412,0.9188114527429736,0.9187018648987845
mv,x5,40768.0,0.0489,0.9913,-0.9999,1.0,-0.0009,0.0041,0.5772,-0.0034,-1.1992,0.4988,0.9984,0.0062,0.0068,0.0039,0.0055,0.0059,0.0083,10.5535,0.0,DecisionTree,0.9576191649996149,0.9576191649996149,0.9576191649996149,0.9576191649996149,0.9576191649996149,0.9576191649996149,0.9576191649996149,0.9576191649996149,0.9576191649996149
mv,x5,40768.0,0.0489,0.9913,-0.9999,1.0,-0.0009,0.0041,0.5772,-0.0034,-1.1992,0.4988,0.9984,0.0062,0.0068,0.0039,0.0055,0.0059,0.0083,10.5535,0.0,LogisticRegression,0.9536174836582174,0.953597233810219,0.9535765717719172,0.9535769727835265,0.9535769727835265,0.9535769727835265,0.9535769891142576,0.9535566965942979,0.9535769891142576
mv,x5,40768.0,0.0489,0.9913,-0.9999,1.0,-0.0009,0.0041,0.5772,-0.0034,-1.1992,0.4988,0.9984,0.0062,0.0068,0.0039,0.0055,0.0059,0.0083,10.5535,0.0,KNN,0.9560837421716509,0.9561030174605314,0.9561626327352126,0.9566962470433986,0.9567570837066807,0.9565939213634866,0.9557732197868576,0.9560627919454396,0.9564919271881813
mv,x5,40768.0,0.0489,0.9913,-0.9999,1.0,-0.0009,0.0041,0.5772,-0.0034,-1.1992,0.4988,0.9984,0.0062,0.0068,0.0039,0.0055,0.0059,0.0083,10.5535,0.0,RandomForest,0.9593760194443457,0.9598640599532366,0.9593552174881317,0.9592733534373363,0.9593742663801916,0.9595802981857642,0.9595365811015556,0.9594373433542709,0.9594959701787479
mv,x5,40768.0,0.0489,0.9913,-0.9999,1.0,-0.0009,0.0041,0.5772,-0.0034,-1.1992,0.4988,0.9984,0.0062,0.0068,0.0039,0.0055,0.0059,0.0083,10.5535,0.0,AdaBoost,0.9585598670270621,0.9580985978794162,0.9580985978794162,0.9579965590365146,0.9579965590365146,0.9579965590365146,0.9580790459240602,0.9585370789858638,0.9579923245774966
mv,x5,40768.0,0.0489,0.9913,-0.9999,1.0,-0.0009,0.0041,0.5772,-0.0034,-1.1992,0.4988,0.9984,0.0062,0.0068,0.0039,0.0055,0.0059,0.0083,10.5535,0.0,SVC,0.9187318915795614,0.918726070306636,0.9188143625883113,0.9188968661477657,0.9188351445986225,0.9188767807070158,0.9187066975126942,0.9187074249267987,0.918814341213836
mv,x6,40768.0,0.4999,0.9885,-37.3515,12.114,-10.9938,-9.1421,10.8405,-0.3193,-0.9606,8.5543,18.3341,0.0135,0.7057,0.0091,0.5052,0.0137,0.6691,9.9068,0.0,DecisionTree,0.89444276133906,0.8603235330668221,0.8882908389458769,0.8910285470644616,0.8914599426372688,0.8919364424326414,0.8943822035375878,0.8758401584090044,0.8912370442740679
mv,x6,40768.0,0.4999,0.9885,-37.3515,12.114,-10.9938,-9.1421,10.8405,-0.3193,-0.9606,8.5543,18.3341,0.0135,0.7057,0.0091,0.5052,0.0137,0.6691,9.9068,0.0,LogisticRegression,0.8816085546475863,0.8284605494304657,0.8794580077422351,0.8793928649503557,0.8801443865553064,0.8795340875732272,0.8801452889165161,0.8637659023986732,0.8799316010637099
mv,x6,40768.0,0.4999,0.9885,-37.3515,12.114,-10.9938,-9.1421,10.8405,-0.3193,-0.9606,8.5543,18.3341,0.0135,0.7057,0.0091,0.5052,0.0137,0.6691,9.9068,0.0,KNN,0.8850186709919228,0.8620112420091253,0.8858175095128347,0.884358744699708,0.8857050241598691,0.886178435389267,0.8845428676741529,0.8689079062121281,0.885953974640671
mv,x6,40768.0,0.4999,0.9885,-37.3515,12.114,-10.9938,-9.1421,10.8405,-0.3193,-0.9606,8.5543,18.3341,0.0135,0.7057,0.0091,0.5052,0.0137,0.6691,9.9068,0.0,RandomForest,0.8957947164464996,0.8775813947651419,0.8942601310440209,0.8948470314006904,0.8954738477436321,0.8945945096792043,0.8952880157213663,0.8770069133964554,0.8952958907818319
mv,x6,40768.0,0.4999,0.9885,-37.3515,12.114,-10.9938,-9.1421,10.8405,-0.3193,-0.9606,8.5543,18.3341,0.0135,0.7057,0.0091,0.5052,0.0137,0.6691,9.9068,0.0,AdaBoost,0.8899681156739133,0.8782896691635881,0.8934132428970525,0.8945197549988508,0.8942411867517259,0.8955508712127289,0.888326051955277,0.87480911289559,0.8953464226072135
mv,x6,40768.0,0.4999,0.9885,-37.3515,12.114,-10.9938,-9.1421,10.8405,-0.3193,-0.9606,8.5543,18.3341,0.0135,0.7057,0.0091,0.5052,0.0137,0.6691,9.9068,0.0,SVC,0.8439823820013951,0.8289844296420754,0.8554034931204824,0.8590440983877968,0.8594328467056956,0.8583239342240975,0.851946046499689,0.8404606653524144,0.8584540246346715
mv,x6,40768.0,0.4476,0.9861,-37.3515,12.3802,-11.1206,-9.3697,10.8099,-0.3022,-0.9575,8.5928,18.341,0.0036,0.7019,0.002,0.4963,0.0029,0.6588,10.0027,0.0,DecisionTree,0.8976098695457255,0.8635425457471111,0.8960249531218613,0.8960322740410936,0.8963942560822792,0.8966553790216841,0.8976098695457255,0.8833112054341928,0.8964218684201166
mv,x6,40768.0,0.4476,0.9861,-37.3515,12.3802,-11.1206,-9.3697,10.8099,-0.3022,-0.9575,8.5928,18.341,0.0036,0.7019,0.002,0.4963,0.0029,0.6588,10.0027,0.0,LogisticRegression,0.8861605839116434,0.83464173077865,0.8841744837565395,0.8840725071899818,0.8843178923921945,0.8839436275721546,0.884597198337151,0.8699708122313915,0.8836514220085435
mv,x6,40768.0,0.4476,0.9861,-37.3515,12.3802,-11.1206,-9.3697,10.8099,-0.3022,-0.9575,8.5928,18.341,0.0036,0.7019,0.002,0.4963,0.0029,0.6588,10.0027,0.0,KNN,0.8921236828612715,0.8657162422996425,0.8924954100113126,0.8914677691019609,0.8917684468224929,0.891123830134809,0.8911045590454286,0.8795303973725048,0.8912238975732135
mv,x6,40768.0,0.4476,0.9861,-37.3515,12.3802,-11.1206,-9.3697,10.8099,-0.3022,-0.9575,8.5928,18.341,0.0036,0.7019,0.002,0.4963,0.0029,0.6588,10.0027,0.0,RandomForest,0.8994469738113879,0.8785146528986715,0.8992198059409267,0.8999964219679226,0.9011867651588082,0.8995315651388975,0.8988095296415182,0.8855737489731597,0.8994727843959625
mv,x6,40768.0,0.4476,0.9861,-37.3515,12.3802,-11.1206,-9.3697,10.8099,-0.3022,-0.9575,8.5928,18.341,0.0036,0.7019,0.002,0.4963,0.0029,0.6588,10.0027,0.0,AdaBoost,0.8921759416169295,0.8794952293490403,0.8982890299566738,0.8992021003338289,0.8980923545739116,0.8995933241197971,0.8923861126040498,0.882645825806128,0.899566210673522
mv,x6,40768.0,0.4476,0.9861,-37.3515,12.3802,-11.1206,-9.3697,10.8099,-0.3022,-0.9575,8.5928,18.341,0.0036,0.7019,0.002,0.4963,0.0029,0.6588,10.0027,0.0,SVC,0.8497821370872507,0.829537326992115,0.8589961810162733,0.8612535676774145,0.8615244166475944,0.8608790473015389,0.8526976690381162,0.8471212603618189,0.8612538365739864
mv,x6,40768.0,0.4037,0.9857,-37.3515,12.0442,-11.0355,-9.3054,10.8181,-0.3154,-0.9537,8.5584,18.304,0.0013,0.7038,0.0007,0.5008,0.001,0.6638,10.0786,0.0,DecisionTree,0.9074430414568316,0.8698658836628521,0.9056181014185081,0.9034777043132187,0.9039014537014658,0.9046494069924335,0.898518884617284,0.8887202971867953,0.9050072621271591
mv,x6,40768.0,0.4037,0.9857,-37.3515,12.0442,-11.0355,-9.3054,10.8181,-0.3154,-0.9537,8.5584,18.304,0.0013,0.7038,0.0007,0.5008,0.001,0.6638,10.0786,0.0,LogisticRegression,0.8931382097550348,0.8431441506580235,0.8922882806653119,0.8917943845114791,0.8919840000836378,0.8918336033051797,0.8922531318388031,0.8751993900897813,0.8919391710154053
mv,x6,40768.0,0.4037,0.9857,-37.3515,12.0442,-11.0355,-9.3054,10.8181,-0.3154,-0.9537,8.5584,18.304,0.0013,0.7038,0.0007,0.5008,0.001,0.6638,10.0786,0.0,KNN,0.9012321050435477,0.8734231589050462,0.9028333585664181,0.9013273562236995,0.9027198883763994,0.9020515344991806,0.8998230187885349,0.8823076668781573,0.9019271199696194
mv,x6,40768.0,0.4037,0.9857,-37.3515,12.0442,-11.0355,-9.3054,10.8181,-0.3154,-0.9537,8.5584,18.304,0.0013,0.7038,0.0007,0.5008,0.001,0.6638,10.0786,0.0,RandomForest,0.909034157780064,0.8825215502336436,0.9084549870906746,0.9087239608339022,0.9091939944517561,0.9086106380514767,0.9086379138263425,0.8898131399921179,0.9088926302390115
mv,x6,40768.0,0.4037,0.9857,-37.3515,12.0442,-11.0355,-9.3054,10.8181,-0.3154,-0.9537,8.5584,18.304,0.0013,0.7038,0.0007,0.5008,0.001,0.6638,10.0786,0.0,AdaBoost,0.8993446238859794,0.8848354142020283,0.9077607750526022,0.9081599479783286,0.9083328993106111,0.9087335417881445,0.9004056678063901,0.8864469148500872,0.9088852140389762
mv,x6,40768.0,0.4037,0.9857,-37.3515,12.0442,-11.0355,-9.3054,10.8181,-0.3154,-0.9537,8.5584,18.304,0.0013,0.7038,0.0007,0.5008,0.001,0.6638,10.0786,0.0,SVC,0.8558081472141436,0.832462811857195,0.8651165040912964,0.8675607540957991,0.8683382813896818,0.8676331906429997,0.8580787215217143,0.851561837199319,0.867398206610286
mv,x6,40768.0,0.3527,0.9855,-37.3515,12.114,-10.9758,-9.1406,10.8082,-0.3195,-0.9382,8.4684,18.1514,0.0103,0.7012,0.0062,0.4991,0.0092,0.6621,10.1605,0.0,DecisionTree,0.9038734128575274,0.8768110854336736,0.908020385658909,0.9086289260676123,0.9085492826532593,0.9091518575110936,0.9006486374637459,0.895918068507725,0.9102972595119365
mv,x6,40768.0,0.3527,0.9855,-37.3515,12.114,-10.9758,-9.1406,10.8082,-0.3195,-0.9382,8.4684,18.1514,0.0103,0.7012,0.0062,0.4991,0.0092,0.6621,10.1605,0.0,LogisticRegression,0.897856804580746,0.8484212498877217,0.897216491823373,0.8976223718801927,0.8978685019850078,0.8975510372296465,0.8978235182415528,0.8822993557310532,0.8976124278712581
mv,x6,40768.0,0.3527,0.9855,-37.3515,12.114,-10.9758,-9.1406,10.8082,-0.3195,-0.9382,8.4684,18.1514,0.0103,0.7012,0.0062,0.4991,0.0092,0.6621,10.1605,0.0,KNN,0.9031523389764087,0.8766623330153809,0.906679389730256,0.904808968846743,0.9048251231370489,0.9051606460713799,0.9049600031520976,0.892473158401918,0.9049148191944133
mv,x6,40768.0,0.3527,0.9855,-37.3515,12.114,-10.9758,-9.1406,10.8082,-0.3195,-0.9382,8.4684,18.1514,0.0103,0.7012,0.0062,0.4991,0.0092,0.6621,10.1605,0.0,RandomForest,0.9132630184962661,0.8886721142272977,0.9128946894746668,0.914026848683693,0.9143152553347829,0.9138605504606957,0.9133552277924211,0.8978569706504148,0.9139629192085985
mv,x6,40768.0,0.3527,0.9855,-37.3515,12.114,-10.9758,-9.1406,10.8082,-0.3195,-0.9382,8.4684,18.1514,0.0103,0.7012,0.0062,0.4991,0.0092,0.6621,10.1605,0.0,AdaBoost,0.9045281857419969,0.8894686087576772,0.9103199922968919,0.9124673403696884,0.9123336218726326,0.9126052771982062,0.9054207772380964,0.8937129743820325,0.9121761219934232
mv,x6,40768.0,0.3527,0.9855,-37.3515,12.114,-10.9758,-9.1406,10.8082,-0.3195,-0.9382,8.4684,18.1514,0.0103,0.7012,0.0062,0.4991,0.0092,0.6621,10.1605,0.0,SVC,0.8639499390054228,0.838185875122727,0.8713149734095568,0.8733373106250348,0.8733551344273734,0.8730888600412657,0.8661191292360428,0.8607142891231923,0.8731973950911759
mv,x6,40768.0,0.3012,0.9841,-37.2849,12.3802,-11.0289,-9.239,10.8043,-0.3178,-0.9509,8.5159,18.2009,0.007,0.7019,0.0044,0.5007,0.0066,0.664,10.2351,0.0,DecisionTree,0.9100287222154981,0.8850318541099609,0.9182078160330849,0.9137141702707937,0.9135663426579488,0.9149427172137751,0.9099947915812545,0.901344047240362,0.9157681729067976
mv,x6,40768.0,0.3012,0.9841,-37.2849,12.3802,-11.0289,-9.239,10.8043,-0.3178,-0.9509,8.5159,18.2009,0.007,0.7019,0.0044,0.5007,0.0066,0.664,10.2351,0.0,LogisticRegression,0.90406816048782,0.8575968974215566,0.9053375320658834,0.9054377320644968,0.9054843430869444,0.9056260432290831,0.9030176531441001,0.8879712619043504,0.9053503582984221
mv,x6,40768.0,0.3012,0.9841,-37.2849,12.3802,-11.0289,-9.239,10.8043,-0.3178,-0.9509,8.5159,18.2009,0.007,0.7019,0.0044,0.5007,0.0066,0.664,10.2351,0.0,KNN,0.9136899479069146,0.8883815488128515,0.9164184676085241,0.9151124905020879,0.9158866291982217,0.9156032903105418,0.913152928667857,0.9022205259838711,0.9152396985011481
mv,x6,40768.0,0.3012,0.9841,-37.2849,12.3802,-11.0289,-9.239,10.8043,-0.3178,-0.9509,8.5159,18.2009,0.007,0.7019,0.0044,0.5007,0.0066,0.664,10.2351,0.0,RandomForest,0.9199874768493819,0.8943861703620489,0.9203355031951517,0.9207632228522695,0.9210597204342978,0.9211845507907649,0.9202977259652022,0.9070004277591178,0.9208178967066085
mv,x6,40768.0,0.3012,0.9841,-37.2849,12.3802,-11.0289,-9.239,10.8043,-0.3178,-0.9509,8.5159,18.2009,0.007,0.7019,0.0044,0.5007,0.0066,0.664,10.2351,0.0,AdaBoost,0.9102260404464502,0.8952572573395638,0.9183410184594649,0.9204860175892832,0.9196181733202431,0.9205481057903921,0.9108701816521785,0.9016768508942089,0.9203245708803061
mv,x6,40768.0,0.3012,0.9841,-37.2849,12.3802,-11.0289,-9.239,10.8043,-0.3178,-0.9509,8.5159,18.2009,0.007,0.7019,0.0044,0.5007,0.0066,0.664,10.2351,0.0,SVC,0.8702078404301092,0.8465135832632532,0.8785398989459926,0.8793085273529706,0.879778880124565,0.879245185446992,0.872455523339827,0.8689343662438733,0.8798136861669575
mv,x6,40768.0,0.2527,0.9837,-37.3515,12.0442,-11.0712,-9.2955,10.8189,-0.3135,-0.9544,8.5711,18.3271,0.0095,0.7022,0.0054,0.4999,0.0082,0.663,10.3014,0.0,DecisionTree,0.9150171999167875,0.8901761219481014,0.92225519601704,0.920482628877721,0.9200288528987489,0.9202461932446747,0.9091863223535197,0.9102862602755445,0.9192642354448033
mv,x6,40768.0,0.2527,0.9837,-37.3515,12.0442,-11.0712,-9.2955,10.8189,-0.3135,-0.9544,8.5711,18.3271,0.0095,0.7022,0.0054,0.4999,0.0082,0.663,10.3014,0.0,LogisticRegression,0.9090215012216709,0.8671711890749856,0.9118177555184184,0.9118188739643984,0.9119679075131429,0.9120211105610406,0.9083224043598593,0.894685570809709,0.911290237999609
mv,x6,40768.0,0.2527,0.9837,-37.3515,12.0442,-11.0712,-9.2955,10.8189,-0.3135,-0.9544,8.5711,18.3271,0.0095,0.7022,0.0054,0.4999,0.0082,0.663,10.3014,0.0,KNN,0.9188074168892151,0.8955638133385443,0.9218386788898181,0.9204418546353559,0.9199485440857413,0.9201448315774722,0.9178432897446205,0.9078841436891856,0.920370059656219
mv,x6,40768.0,0.2527,0.9837,-37.3515,12.0442,-11.0712,-9.2955,10.8189,-0.3135,-0.9544,8.5711,18.3271,0.0095,0.7022,0.0054,0.4999,0.0082,0.663,10.3014,0.0,RandomForest,0.92516002117909,0.9014045060280229,0.9269401181309631,0.9271441718921725,0.9273375339081384,0.926653106748525,0.9255260717588383,0.9134761255690739,0.9264927043642042
mv,x6,40768.0,0.2527,0.9837,-37.3515,12.0442,-11.0712,-9.2955,10.8189,-0.3135,-0.9544,8.5711,18.3271,0.0095,0.7022,0.0054,0.4999,0.0082,0.663,10.3014,0.0,AdaBoost,0.9168741479324942,0.9006469897469068,0.9237376554599583,0.9262592602522619,0.9251241963331567,0.9245817046790461,0.921263625314552,0.9100910400284326,0.9254418274908173
mv,x6,40768.0,0.2527,0.9837,-37.3515,12.0442,-11.0712,-9.2955,10.8189,-0.3135,-0.9544,8.5711,18.3271,0.0095,0.7022,0.0054,0.4999,0.0082,0.663,10.3014,0.0,SVC,0.8779707657377814,0.8572297503828185,0.8848382886437832,0.8861888327653562,0.885929303983738,0.8857859422055593,0.8794181073413871,0.8747896530409743,0.8863583895538961
mv,x6,40768.0,0.1996,0.9816,-37.3515,12.3802,-11.0378,-9.1944,10.8144,-0.3259,-0.9424,8.4858,18.2114,0.0057,0.7003,0.0037,0.4998,0.0055,0.6625,10.3674,0.0,DecisionTree,0.924700550360017,0.900052285957817,0.9318040171489622,0.9328036701814953,0.932211391056396,0.9330349245095025,0.9188759743758752,0.9170190759059934,0.9335624017395623
mv,x6,40768.0,0.1996,0.9816,-37.3515,12.3802,-11.0378,-9.1944,10.8144,-0.3259,-0.9424,8.4858,18.2114,0.0057,0.7003,0.0037,0.4998,0.0055,0.6625,10.3674,0.0,LogisticRegression,0.9179594809531548,0.8794794285623546,0.9202017313783248,0.9207611692190203,0.920399335342797,0.9204200776823519,0.9159767835712518,0.9023759364051904,0.920796428218031
mv,x6,40768.0,0.1996,0.9816,-37.3515,12.3802,-11.0378,-9.1944,10.8144,-0.3259,-0.9424,8.4858,18.2114,0.0057,0.7003,0.0037,0.4998,0.0055,0.6625,10.3674,0.0,KNN,0.9288077414047229,0.9038745895692839,0.9313765210088332,0.9311233932036014,0.9307156410035354,0.9310041172901936,0.9285574414929623,0.9189952920655566,0.9308385523933853
mv,x6,40768.0,0.1996,0.9816,-37.3515,12.3802,-11.0378,-9.1944,10.8144,-0.3259,-0.9424,8.4858,18.2114,0.0057,0.7003,0.0037,0.4998,0.0055,0.6625,10.3674,0.0,RandomForest,0.9341299349781231,0.9103513852208336,0.9348748600151158,0.935025184504994,0.9352657250947203,0.9354094802488787,0.9337394454723493,0.9242536506855796,0.9353910481180706
mv,x6,40768.0,0.1996,0.9816,-37.3515,12.3802,-11.0378,-9.1944,10.8144,-0.3259,-0.9424,8.4858,18.2114,0.0057,0.7003,0.0037,0.4998,0.0055,0.6625,10.3674,0.0,AdaBoost,0.927998245593707,0.9066873207607673,0.932405957408086,0.9334212664615654,0.9337588880979396,0.9335654838188583,0.9300893990534889,0.9189935950912929,0.933546202839686
mv,x6,40768.0,0.1996,0.9816,-37.3515,12.3802,-11.0378,-9.1944,10.8144,-0.3259,-0.9424,8.4858,18.2114,0.0057,0.7003,0.0037,0.4998,0.0055,0.6625,10.3674,0.0,SVC,0.8878420372801283,0.8674450178692794,0.892922135605,0.8932768716590178,0.8933772661342334,0.8930133311920551,0.888503939446335,0.8840984672419555,0.8927410521678314
mv,x6,40768.0,0.1462,0.9802,-37.3515,12.3802,-11.0261,-9.2837,10.7835,-0.316,-0.9441,8.5282,18.1782,0.0058,0.702,0.0036,0.4992,0.0054,0.6621,10.4299,0.0,DecisionTree,0.9288583193663029,0.9095280801906649,0.9390141668026729,0.937723284093755,0.9375276938938891,0.9373563324810915,0.9284590220560609,0.92535997304699,0.937460454499353
mv,x6,40768.0,0.1462,0.9802,-37.3515,12.3802,-11.0261,-9.2837,10.7835,-0.316,-0.9441,8.5282,18.1782,0.0058,0.702,0.0036,0.4992,0.0054,0.6621,10.4299,0.0,LogisticRegression,0.9204060400134926,0.8948566154904158,0.9257759985109444,0.9259555023996592,0.9261821631026823,0.9259529012036573,0.9162700156738676,0.9068367935260001,0.9258918421955918
mv,x6,40768.0,0.1462,0.9802,-37.3515,12.3802,-11.0261,-9.2837,10.7835,-0.316,-0.9441,8.5282,18.1782,0.0058,0.702,0.0036,0.4992,0.0054,0.6621,10.4299,0.0,KNN,0.9333754336510567,0.9125434316854786,0.9361184273093486,0.9355535945323235,0.9353276664658015,0.935702755072283,0.933163327829327,0.926337984427591,0.9356000388192722
mv,x6,40768.0,0.1462,0.9802,-37.3515,12.3802,-11.0261,-9.2837,10.7835,-0.316,-0.9441,8.5282,18.1782,0.0058,0.702,0.0036,0.4992,0.0054,0.6621,10.4299,0.0,RandomForest,0.9392844451575622,0.9197358610112059,0.9398339474455504,0.9403700358649494,0.9401420369515658,0.939732748928648,0.9391033847623902,0.931490561238001,0.9403658052848899
mv,x6,40768.0,0.1462,0.9802,-37.3515,12.3802,-11.0261,-9.2837,10.7835,-0.316,-0.9441,8.5282,18.1782,0.0058,0.702,0.0036,0.4992,0.0054,0.6621,10.4299,0.0,AdaBoost,0.9334167830822054,0.9128482155330376,0.9381418021106377,0.9392442169143861,0.9386617620710223,0.9390194168352304,0.934657418128539,0.9274667315586204,0.9392073795045475
mv,x6,40768.0,0.1462,0.9802,-37.3515,12.3802,-11.0261,-9.2837,10.7835,-0.316,-0.9441,8.5282,18.1782,0.0058,0.702,0.0036,0.4992,0.0054,0.6621,10.4299,0.0,SVC,0.8939157106632113,0.8800585046306447,0.8979327126052264,0.8980366963397253,0.8977982205677744,0.8978970848443424,0.8950147418335878,0.891697700981376,0.8977401035978303
mv,x6,40768.0,0.0997,0.9794,-37.3515,12.114,-11.0356,-9.2123,10.8072,-0.3207,-0.9495,8.4945,18.2303,0.0082,0.7005,0.0054,0.4988,0.0081,0.6616,10.4817,0.0,DecisionTree,0.9385763661982908,0.9291369367590427,0.9452978489489917,0.945346199846904,0.9452140336562112,0.9454782707406965,0.9375867794733275,0.9346632407788978,0.9454784174435433
mv,x6,40768.0,0.0997,0.9794,-37.3515,12.114,-11.0356,-9.2123,10.8072,-0.3207,-0.9495,8.4945,18.2303,0.0082,0.7005,0.0054,0.4988,0.0081,0.6616,10.4817,0.0,LogisticRegression,0.9181580076891612,0.9123707824521721,0.9351823673394933,0.9351973609084913,0.9350947361455106,0.9351517677870056,0.9177477805827039,0.9164858378926728,0.9350456706647394
mv,x6,40768.0,0.0997,0.9794,-37.3515,12.114,-11.0356,-9.2123,10.8072,-0.3207,-0.9495,8.4945,18.2303,0.0082,0.7005,0.0054,0.4988,0.0081,0.6616,10.4817,0.0,KNN,0.9420312497366179,0.9240097318552432,0.9438853060409078,0.9439630508628487,0.9438358161701896,0.943940070636357,0.9426365896098025,0.9351433429424316,0.9439831211165843
mv,x6,40768.0,0.0997,0.9794,-37.3515,12.114,-11.0356,-9.2123,10.8072,-0.3207,-0.9495,8.4945,18.2303,0.0082,0.7005,0.0054,0.4988,0.0081,0.6616,10.4817,0.0,RandomForest,0.9460397482226437,0.930262457721821,0.9464810379727112,0.9468907434516668,0.9474742405254029,0.9473763861853428,0.9459579395100449,0.939900065203819,0.9469731357400017
mv,x6,40768.0,0.0997,0.9794,-37.3515,12.114,-11.0356,-9.2123,10.8072,-0.3207,-0.9495,8.4945,18.2303,0.0082,0.7005,0.0054,0.4988,0.0081,0.6616,10.4817,0.0,AdaBoost,0.9415411651762398,0.9245669844398691,0.9453946014109654,0.9452627717366296,0.94510095006867,0.9457911466458502,0.9418194385969584,0.9358615034215381,0.9459902686976567
mv,x6,40768.0,0.0997,0.9794,-37.3515,12.114,-11.0356,-9.2123,10.8072,-0.3207,-0.9495,8.4945,18.2303,0.0082,0.7005,0.0054,0.4988,0.0081,0.6616,10.4817,0.0,SVC,0.9027649028586241,0.8922051173163253,0.904774519869675,0.9047986748511405,0.9049190097470249,0.9047959622914699,0.9031983722392771,0.900433761948835,0.9048588890048499
mv,x6,40768.0,0.0517,0.9782,-37.3515,12.3802,-11.049,-9.2207,10.804,-0.3225,-0.9488,8.5012,18.2498,0.0058,0.7004,0.0035,0.4992,0.0052,0.6621,10.5321,0.0,DecisionTree,0.9500457107489576,0.9360741520168157,0.9505840570046935,0.9505876952222608,0.9504247942962241,0.9507319576677068,0.9499238335863575,0.9488748275808486,0.950282916153914
mv,x6,40768.0,0.0517,0.9782,-37.3515,12.3802,-11.049,-9.2207,10.804,-0.3225,-0.9488,8.5012,18.2498,0.0058,0.7004,0.0035,0.4992,0.0052,0.6621,10.5321,0.0,LogisticRegression,0.9277828669997987,0.9322911336689863,0.9428170384706842,0.942610878465453,0.9425891621427763,0.942669940989778,0.9262538549465796,0.9283008271376838,0.9425855692192431
mv,x6,40768.0,0.0517,0.9782,-37.3515,12.3802,-11.049,-9.2207,10.804,-0.3225,-0.9488,8.5012,18.2498,0.0058,0.7004,0.0035,0.4992,0.0052,0.6621,10.5321,0.0,KNN,0.9481666760564551,0.9358739874578563,0.949601253526102,0.9497030408185043,0.9494134536338902,0.9496828160097179,0.9480640592218064,0.9455249954507177,0.9496839254675818
mv,x6,40768.0,0.0517,0.9782,-37.3515,12.3802,-11.049,-9.2207,10.804,-0.3225,-0.9488,8.5012,18.2498,0.0058,0.7004,0.0035,0.4992,0.0052,0.6621,10.5321,0.0,RandomForest,0.9525744851217729,0.9403205289643688,0.9527102057975041,0.9526082260362008,0.9525598958462377,0.9523239731997208,0.9525139177296316,0.9500782572738264,0.9526279938769476
mv,x6,40768.0,0.0517,0.9782,-37.3515,12.3802,-11.049,-9.2207,10.804,-0.3225,-0.9488,8.5012,18.2498,0.0058,0.7004,0.0035,0.4992,0.0052,0.6621,10.5321,0.0,AdaBoost,0.9489486092229396,0.9362258607502923,0.9507325844538622,0.9509459941625689,0.9511762394168837,0.9508120525272243,0.9485887746447985,0.9476789209120742,0.9509722428914821
mv,x6,40768.0,0.0517,0.9782,-37.3515,12.3802,-11.049,-9.2207,10.804,-0.3225,-0.9488,8.5012,18.2498,0.0058,0.7004,0.0035,0.4992,0.0052,0.6621,10.5321,0.0,SVC,0.9096058542530565,0.9038748179426928,0.9108672870627466,0.9109503654609139,0.9109302796822214,0.910890139738681,0.9096846810309548,0.9087742686586,0.9110749624445114
stars,L,240.0,0.4958,0.9174,0.0001,849420.0,108354.7633,0.0088,190979.0229,2.1473,4.411,0.0087,197999.9992,0.5752,0.6975,0.6953,0.7019,0.8783,0.8829,4.6769,0.0007,DecisionTree,0.985954246370913,0.982490320975984,0.985954246370913,0.985954246370913,0.985954246370913,0.985954246370913,1.0,1.0,0.985954246370913
stars,L,240.0,0.4958,0.9174,0.0001,849420.0,108354.7633,0.0088,190979.0229,2.1473,4.411,0.0087,197999.9992,0.5752,0.6975,0.6953,0.7019,0.8783,0.8829,4.6769,0.0007,LogisticRegression,0.975466581770272,0.9756699014493981,0.9717429642319994,0.9681585646664551,0.9647420185221217,0.9722059760544692,0.9722059760544692,0.9756699014493981,0.9756699014493981
stars,L,240.0,0.4958,0.9174,0.0001,849420.0,108354.7633,0.0088,190979.0229,2.1473,4.411,0.0087,197999.9992,0.5752,0.6975,0.6953,0.7019,0.8783,0.8829,4.6769,0.0007,KNN,0.9266365053334084,0.9160476012951856,0.9397968452651488,0.9264380038066055,0.9334673247942599,0.9194796059125351,0.9197257664909199,0.9160476012951856,0.9160476012951856
stars,L,240.0,0.4958,0.9174,0.0001,849420.0,108354.7633,0.0088,190979.0229,2.1473,4.411,0.0087,197999.9992,0.5752,0.6975,0.6953,0.7019,0.8783,0.8829,4.6769,0.0007,RandomForest,1.0,1.0,1.0,0.9965109427609428,0.9965109427609428,1.0,1.0,0.9859733245149912,1.0
stars,L,240.0,0.4958,0.9174,0.0001,849420.0,108354.7633,0.0088,190979.0229,2.1473,4.411,0.0087,197999.9992,0.5752,0.6975,0.6953,0.7019,0.8783,0.8829,4.6769,0.0007,AdaBoost,0.5197766027249723,0.5197766027249723,0.5197766027249723,0.5197766027249723,0.5197766027249723,0.5197766027249723,0.5197766027249723,0.5197766027249723,0.5197766027249723
stars,L,240.0,0.4958,0.9174,0.0001,849420.0,108354.7633,0.0088,190979.0229,2.1473,4.411,0.0087,197999.9992,0.5752,0.6975,0.6953,0.7019,0.8783,0.8829,4.6769,0.0007,SVC,0.9514510763175984,0.9514510763175984,0.9369112967483535,0.9403278428926869,0.9369112967483535,0.9403278428926869,0.9369112967483535,0.9514510763175984,0.9514510763175984
stars,L,240.0,0.3875,0.9116,0.0001,849420.0,114555.7983,0.039,190736.6631,2.0258,4.0282,0.0389,199999.999,0.5489,0.7009,0.6884,0.7243,0.8774,0.8982,4.8643,0.0005,DecisionTree,0.985954246370913,0.985954246370913,0.985954246370913,0.985954246370913,0.982490320975984,0.985954246370913,1.0,1.0,0.985954246370913
stars,L,240.0,0.3875,0.9116,0.0001,849420.0,114555.7983,0.039,190736.6631,2.0258,4.0282,0.0389,199999.999,0.5489,0.7009,0.6884,0.7243,0.8774,0.8982,4.8643,0.0005,LogisticRegression,0.9718007758146896,0.9615320621547488,0.9716578607461606,0.9716578607461606,0.9787933862786404,0.9684584047620951,0.9580515431052333,0.9615320621547488,0.9615320621547488
stars,L,240.0,0.3875,0.9116,0.0001,849420.0,114555.7983,0.039,190736.6631,2.0258,4.0282,0.0389,199999.999,0.5489,0.7009,0.6884,0.7243,0.8774,0.8982,4.8643,0.0005,KNN,0.9152970869172103,0.9006273813166866,0.9262082239341543,0.9299234573668206,0.9191554507175879,0.9191377424378312,0.9191377424378312,0.9006273813166866,0.9006273813166866
stars,L,240.0,0.3875,0.9116,0.0001,849420.0,114555.7983,0.039,190736.6631,2.0258,4.0282,0.0389,199999.999,0.5489,0.7009,0.6884,0.7243,0.8774,0.8982,4.8643,0.0005,RandomForest,0.9965316400939316,1.0,1.0,1.0,1.0,1.0,0.978968253968254,0.993073927101705,1.0
stars,L,240.0,0.3875,0.9116,0.0001,849420.0,114555.7983,0.039,190736.6631,2.0258,4.0282,0.0389,199999.999,0.5489,0.7009,0.6884,0.7243,0.8774,0.8982,4.8643,0.0005,AdaBoost,0.5197766027249723,0.5197766027249723,0.5197766027249723,0.5197766027249723,0.5197766027249723,0.5197766027249723,0.5197766027249723,0.5197766027249723,0.5197766027249723
stars,L,240.0,0.3875,0.9116,0.0001,849420.0,114555.7983,0.039,190736.6631,2.0258,4.0282,0.0389,199999.999,0.5489,0.7009,0.6884,0.7243,0.8774,0.8982,4.8643,0.0005,SVC,0.933324577723156,0.9370917692305041,0.9403278428926869,0.9403278428926869,0.9403278428926869,0.9369112967483535,0.9369112967483535,0.9370917692305041,0.9370917692305041
stars,L,240.0,0.4208,0.9281,0.0001,849420.0,109759.4767,0.013,185324.6902,2.0279,4.1301,0.0129,199999.9992,0.5816,0.7051,0.6827,0.687,0.8722,0.8794,4.831,0.0004,DecisionTree,0.985954246370913,0.985954246370913,0.985954246370913,0.985954246370913,0.982490320975984,0.985954246370913,1.0,1.0,0.985954246370913
stars,L,240.0,0.4208,0.9281,0.0001,849420.0,109759.4767,0.013,185324.6902,2.0279,4.1301,0.0129,199999.9992,0.5816,0.7051,0.6827,0.687,0.8722,0.8794,4.831,0.0004,LogisticRegression,0.9720026563753431,0.9722059760544692,0.9722164063419043,0.9681161203968222,0.9684192487761308,0.9722059760544692,0.9721706053696928,0.9722059760544692,0.9722059760544692
stars,L,240.0,0.4208,0.9281,0.0001,849420.0,109759.4767,0.013,185324.6902,2.0279,4.1301,0.0129,199999.9992,0.5816,0.7051,0.6827,0.687,0.8722,0.8794,4.831,0.0004,KNN,0.9182614889477044,0.9108077852440007,0.9369742990083978,0.94026890379902,0.9262157686626719,0.9222150003150089,0.9295434434767854,0.9108077852440007,0.9147647336453937
stars,L,240.0,0.4208,0.9281,0.0001,849420.0,109759.4767,0.013,185324.6902,2.0279,4.1301,0.0129,199999.9992,0.5816,0.7051,0.6827,0.687,0.8722,0.8794,4.831,0.0004,RandomForest,0.9965277777777778,0.9965109427609428,0.9860555112528797,1.0,0.9965277777777778,1.0,0.9930323440142261,0.9930323440142261,1.0
stars,L,240.0,0.4208,0.9281,0.0001,849420.0,109759.4767,0.013,185324.6902,2.0279,4.1301,0.0129,199999.9992,0.5816,0.7051,0.6827,0.687,0.8722,0.8794,4.831,0.0004,AdaBoost,0.5197766027249723,0.5197766027249723,0.5197766027249723,0.5197766027249723,0.5197766027249723,0.5197766027249723,0.5197766027249723,0.5197766027249723,0.5197766027249723
stars,L,240.0,0.4208,0.9281,0.0001,849420.0,109759.4767,0.013,185324.6902,2.0279,4.1301,0.0129,199999.9992,0.5816,0.7051,0.6827,0.687,0.8722,0.8794,4.831,0.0004,SVC,0.9477509403063419,0.9444751105621673,0.9403278428926869,0.9436036726368614,0.9369112967483535,0.940187126492528,0.940187126492528,0.9444751105621673,0.9444751105621673
stars,L,240.0,0.3708,0.894,0.0001,849420.0,114746.6167,0.013,193107.4882,2.0151,3.8651,0.0129,198099.9992,0.5362,0.7132,0.6893,0.7046,0.8748,0.8862,4.8635,0.0006,DecisionTree,0.985954246370913,0.985954246370913,0.985954246370913,0.985954246370913,0.985954246370913,0.985954246370913,1.0,1.0,0.985954246370913
stars,L,240.0,0.3708,0.894,0.0001,849420.0,114746.6167,0.013,193107.4882,2.0151,3.8651,0.0129,198099.9992,0.5362,0.7132,0.6893,0.7046,0.8748,0.8862,4.8635,0.0006,LogisticRegression,0.9754616510843378,0.9722059760544692,0.9754365192402096,0.9716990553576811,0.9751983514373865,0.9789255764792667,0.9756699014493981,0.9722059760544692,0.9722059760544692
stars,L,240.0,0.3708,0.894,0.0001,849420.0,114746.6167,0.013,193107.4882,2.0151,3.8651,0.0129,198099.9992,0.5362,0.7132,0.6893,0.7046,0.8748,0.8862,4.8635,0.0006,KNN,0.9226412641973627,0.9188652048657479,0.9404423459082549,0.9225209892686587,0.933043493927319,0.9300313799532839,0.9333486801639665,0.9188652048657479,0.9188652048657479
stars,L,240.0,0.3708,0.894,0.0001,849420.0,114746.6167,0.013,193107.4882,2.0151,3.8651,0.0129,198099.9992,0.5362,0.7132,0.6893,0.7046,0.8748,0.8862,4.8635,0.0006,RandomForest,1.0,1.0,1.0,1.0,1.0,1.0,0.9895562594758501,0.9965316400939316,1.0
stars,L,240.0,0.3708,0.894,0.0001,849420.0,114746.6167,0.013,193107.4882,2.0151,3.8651,0.0129,198099.9992,0.5362,0.7132,0.6893,0.7046,0.8748,0.8862,4.8635,0.0006,AdaBoost,0.5197766027249723,0.5197766027249723,0.5197766027249723,0.5197766027249723,0.5197766027249723,0.5197766027249723,0.5197766027249723,0.5197766027249723,0.5197766027249723
stars,L,240.0,0.3708,0.894,0.0001,849420.0,114746.6167,0.013,193107.4882,2.0151,3.8651,0.0129,198099.9992,0.5362,0.7132,0.6893,0.7046,0.8748,0.8862,4.8635,0.0006,SVC,0.940187126492528,0.940187126492528,0.9369112967483535,0.9369112967483535,0.9369112967483535,0.9369112967483535,0.9369112967483535,0.940187126492528,0.940187126492528
stars,L,240.0,0.3292,0.9193,0.0001,849420.0,104951.4369,0.013,180217.1806,2.1342,4.7142,0.0129,187999.9991,0.5749,0.6959,0.7085,0.719,0.8876,0.8991,4.9662,0.0004,DecisionTree,0.985954246370913,0.985954246370913,0.985954246370913,0.985954246370913,0.982490320975984,0.985954246370913,1.0,1.0,0.985954246370913
stars,L,240.0,0.3292,0.9193,0.0001,849420.0,104951.4369,0.013,180217.1806,2.1342,4.7142,0.0129,187999.9991,0.5749,0.6959,0.7085,0.719,0.8876,0.8991,4.9662,0.0004,LogisticRegression,0.9754616510843378,0.9653362030556639,0.9716990553576811,0.9716990553576811,0.9751881125967383,0.9752234832815148,0.9685528191755058,0.9653362030556639,0.9653362030556639
stars,L,240.0,0.3292,0.9193,0.0001,849420.0,104951.4369,0.013,180217.1806,2.1342,4.7142,0.0129,187999.9991,0.5749,0.6959,0.7085,0.719,0.8876,0.8991,4.9662,0.0004,KNN,0.9187802649723789,0.918608681553669,0.9369765093820736,0.9335242484615731,0.926324870640157,0.9223545764633571,0.9263649012722929,0.918608681553669,0.9223545764633571
stars,L,240.0,0.3292,0.9193,0.0001,849420.0,104951.4369,0.013,180217.1806,2.1342,4.7142,0.0129,187999.9991,0.5749,0.6959,0.7085,0.719,0.8876,0.8991,4.9662,0.0004,RandomForest,1.0,1.0,1.0,0.9965277777777778,0.9930364774114774,1.0,0.9930555555555556,0.9965160867938646,1.0
stars,L,240.0,0.3292,0.9193,0.0001,849420.0,104951.4369,0.013,180217.1806,2.1342,4.7142,0.0129,187999.9991,0.5749,0.6959,0.7085,0.719,0.8876,0.8991,4.9662,0.0004,AdaBoost,0.5197766027249723,0.5197766027249723,0.5197766027249723,0.5197766027249723,0.5197766027249723,0.5197766027249723,0.5197766027249723,0.5197766027249723,0.5197766027249723
stars,L,240.0,0.3292,0.9193,0.0001,849420.0,104951.4369,0.013,180217.1806,2.1342,4.7142,0.0129,187999.9991,0.5749,0.6959,0.7085,0.719,0.8876,0.8991,4.9662,0.0004,SVC,0.9436132281159731,0.940187126492528,0.9514163999371262,0.9403278428926869,0.9403278428926869,0.9369112967483535,0.9444751105621673,0.940187126492528,0.940187126492528
stars,L,240.0,0.2333,0.8967,0.0001,834042.0,111896.049,0.0705,183675.4875,1.9357,3.6563,0.0704,199999.9992,0.5433,0.7114,0.6937,0.7009,0.8824,0.8874,5.0614,0.0004,DecisionTree,0.985954246370913,0.979026336318003,0.985954246370913,0.985954246370913,0.985954246370913,0.985954246370913,1.0,1.0,0.985954246370913
stars,L,240.0,0.2333,0.8967,0.0001,834042.0,111896.049,0.0705,183675.4875,1.9357,3.6563,0.0704,199999.9992,0.5433,0.7114,0.6937,0.7009,0.8824,0.8874,5.0614,0.0004,LogisticRegression,0.9789255764792667,0.9789255764792667,0.9717241872018093,0.9717241872018093,0.9682654058398021,0.9786962678069309,0.9752234832815148,0.9789255764792667,0.9789255764792667
stars,L,240.0,0.2333,0.8967,0.0001,834042.0,111896.049,0.0705,183675.4875,1.9357,3.6563,0.0704,199999.9992,0.5433,0.7114,0.6937,0.7009,0.8824,0.8874,5.0614,0.0004,KNN,0.9224809376146224,0.9119590530020691,0.9332996087972782,0.9296940374139291,0.9404423459082549,0.9225304523700194,0.9332996087972782,0.9119590530020691,0.9119590530020691
stars,L,240.0,0.2333,0.8967,0.0001,834042.0,111896.049,0.0705,183675.4875,1.9357,3.6563,0.0704,199999.9992,0.5433,0.7114,0.6937,0.7009,0.8824,0.8874,5.0614,0.0004,RandomForest,0.9965316400939316,1.0,1.0,0.9965277777777778,1.0,1.0,1.0,0.9930323440142261,1.0
stars,L,240.0,0.2333,0.8967,0.0001,834042.0,111896.049,0.0705,183675.4875,1.9357,3.6563,0.0704,199999.9992,0.5433,0.7114,0.6937,0.7009,0.8824,0.8874,5.0614,0.0004,AdaBoost,0.5197766027249723,0.5197766027249723,0.5197766027249723,0.5197766027249723,0.5197766027249723,0.5197766027249723,0.5197766027249723,0.5197766027249723,0.5197766027249723
stars,L,240.0,0.2333,0.8967,0.0001,834042.0,111896.049,0.0705,183675.4875,1.9357,3.6563,0.0704,199999.9992,0.5433,0.7114,0.6937,0.7009,0.8824,0.8874,5.0614,0.0004,SVC,0.9436036726368614,0.9436036726368614,0.9369112967483535,0.940187126492528,0.9369112967483535,0.9436036726368614,0.9436036726368614,0.9436036726368614,0.9436036726368614
stars,L,240.0,0.1958,0.886,0.0001,834042.0,101316.8183,0.0085,179459.557,2.1347,4.5091,0.0084,187999.9992,0.508,0.6902,0.6974,0.7001,0.8839,0.8859,5.0948,0.0004,DecisionTree,0.985954246370913,0.985954246370913,0.985954246370913,0.985954246370913,0.982490320975984,0.985954246370913,1.0,1.0,0.985954246370913
stars,L,240.0,0.1958,0.886,0.0001,834042.0,101316.8183,0.0085,179459.557,2.1347,4.5091,0.0084,187999.9992,0.508,0.6902,0.6974,0.7001,0.8839,0.8859,5.0948,0.0004,LogisticRegression,0.9754616510843378,0.9722059760544692,0.9751881125967383,0.9682655979768553,0.9716990553576811,0.9786874086764438,0.9754262803995614,0.9722059760544692,0.9722059760544692
stars,L,240.0,0.1958,0.886,0.0001,834042.0,101316.8183,0.0085,179459.557,2.1347,4.5091,0.0084,187999.9992,0.508,0.6902,0.6974,0.7001,0.8839,0.8859,5.0948,0.0004,KNN,0.9332996087972782,0.9332996087972782,0.9368145166901479,0.9332996087972782,0.9369964706837952,0.9332996087972782,0.9332996087972782,0.9332996087972782,0.9332996087972782
stars,L,240.0,0.1958,0.886,0.0001,834042.0,101316.8183,0.0085,179459.557,2.1347,4.5091,0.0084,187999.9992,0.508,0.6902,0.6974,0.7001,0.8839,0.8859,5.0948,0.0004,RandomForest,1.0,1.0,1.0,0.9965109427609428,1.0,1.0,0.9930555555555556,0.9965316400939316,1.0
stars,L,240.0,0.1958,0.886,0.0001,834042.0,101316.8183,0.0085,179459.557,2.1347,4.5091,0.0084,187999.9992,0.508,0.6902,0.6974,0.7001,0.8839,0.8859,5.0948,0.0004,AdaBoost,0.5197766027249723,0.5197766027249723,0.5197766027249723,0.5197766027249723,0.5197766027249723,0.5197766027249723,0.5197766027249723,0.5197766027249723,0.5197766027249723
stars,L,240.0,0.1958,0.886,0.0001,834042.0,101316.8183,0.0085,179459.557,2.1347,4.5091,0.0084,187999.9992,0.508,0.6902,0.6974,0.7001,0.8839,0.8859,5.0948,0.0004,SVC,0.9436036726368614,0.9436036726368614,0.9403278428926869,0.9403278428926869,0.9403278428926869,0.9403278428926869,0.9436036726368614,0.9436036726368614,0.9436036726368614
stars,L,240.0,0.1333,0.8846,0.0001,813000.0,102058.3626,0.119,161749.552,1.9116,4.0105,0.1189,198049.9991,0.5182,0.7072,0.6951,0.7035,0.8846,0.8908,5.1605,0.0003,DecisionTree,0.985954246370913,0.985954246370913,0.985954246370913,0.985954246370913,0.982490320975984,0.985954246370913,1.0,1.0,0.985954246370913
stars,L,240.0,0.1333,0.8846,0.0001,813000.0,102058.3626,0.119,161749.552,1.9116,4.0105,0.1189,198049.9991,0.5182,0.7072,0.6951,0.7035,0.8846,0.8908,5.1605,0.0003,LogisticRegression,0.9752234832815148,0.9752234832815148,0.9786874086764438,0.9752286273144366,0.9752286273144366,0.9786874086764438,0.9786874086764438,0.9752234832815148,0.9752234832815148
stars,L,240.0,0.1333,0.8846,0.0001,813000.0,102058.3626,0.119,161749.552,1.9116,4.0105,0.1189,198049.9991,0.5182,0.7072,0.6951,0.7035,0.8846,0.8908,5.1605,0.0003,KNN,0.9333707142995338,0.9330688169674367,0.9402644724088842,0.936784050400103,0.936784050400103,0.936784050400103,0.936784050400103,0.9330688169674367,0.9330688169674367
stars,L,240.0,0.1333,0.8846,0.0001,813000.0,102058.3626,0.119,161749.552,1.9116,4.0105,0.1189,198049.9991,0.5182,0.7072,0.6951,0.7035,0.8846,0.8908,5.1605,0.0003,RandomForest,1.0,1.0,1.0,1.0,1.0,0.9965109427609428,0.9965316400939316,1.0,1.0
stars,L,240.0,0.1333,0.8846,0.0001,813000.0,102058.3626,0.119,161749.552,1.9116,4.0105,0.1189,198049.9991,0.5182,0.7072,0.6951,0.7035,0.8846,0.8908,5.1605,0.0003,AdaBoost,0.5197766027249723,0.5197766027249723,0.5197766027249723,0.5197766027249723,0.5197766027249723,0.5197766027249723,0.5197766027249723,0.5197766027249723,0.5197766027249723
stars,L,240.0,0.1333,0.8846,0.0001,813000.0,102058.3626,0.119,161749.552,1.9116,4.0105,0.1189,198049.9991,0.5182,0.7072,0.6951,0.7035,0.8846,0.8908,5.1605,0.0003,SVC,0.9479520336028694,0.9514510763175984,0.9369112967483535,0.9444751105621673,0.9444751105621673,0.944215510322021,0.944215510322021,0.9514510763175984,0.9514510763175984
stars,L,240.0,0.1458,0.878,0.0001,849420.0,110173.5049,0.085,183450.0412,2.048,4.2602,0.0849,199999.9991,0.5096,0.6826,0.687,0.7016,0.8785,0.8865,5.1366,0.0004,DecisionTree,0.985954246370913,0.985954246370913,0.985954246370913,0.985954246370913,0.982490320975984,0.985954246370913,1.0,1.0,0.985954246370913
stars,L,240.0,0.1458,0.878,0.0001,849420.0,110173.5049,0.085,183450.0412,2.048,4.2602,0.0849,199999.9991,0.5096,0.6826,0.687,0.7016,0.8785,0.8865,5.1366,0.0004,LogisticRegression,0.9789344356097539,0.9722059760544692,0.9611050692945875,0.957374745002669,0.9611050692945875,0.9645385266754133,0.9647766944782362,0.9722059760544692,0.9722059760544692
stars,L,240.0,0.1458,0.878,0.0001,849420.0,110173.5049,0.085,183450.0412,2.048,4.2602,0.0849,199999.9991,0.5096,0.6826,0.687,0.7016,0.8785,0.8865,5.1366,0.0004,KNN,0.915597600687092,0.9083562707091528,0.9188284812658057,0.9188284812658057,0.9188284812658057,0.9154682160520923,0.9261926165160966,0.9083562707091528,0.9116921567204774
stars,L,240.0,0.1458,0.878,0.0001,849420.0,110173.5049,0.085,183450.0412,2.048,4.2602,0.0849,199999.9991,0.5096,0.6826,0.687,0.7016,0.8785,0.8865,5.1366,0.0004,RandomForest,0.9965316400939316,0.9930594178717094,0.9965109427609428,0.9965109427609428,0.9965109427609428,0.9965109427609428,0.9965109427609428,0.9894494090533672,0.9965316400939316
stars,L,240.0,0.1458,0.878,0.0001,849420.0,110173.5049,0.085,183450.0412,2.048,4.2602,0.0849,199999.9991,0.5096,0.6826,0.687,0.7016,0.8785,0.8865,5.1366,0.0004,AdaBoost,0.5197766027249723,0.5197766027249723,0.5197766027249723,0.5197766027249723,0.5197766027249723,0.5197766027249723,0.5197766027249723,0.5197766027249723,0.5197766027249723
stars,L,240.0,0.1458,0.878,0.0001,849420.0,110173.5049,0.085,183450.0412,2.048,4.2602,0.0849,199999.9991,0.5096,0.6826,0.687,0.7016,0.8785,0.8865,5.1366,0.0004,SVC,0.940187126492528,0.9370917692305041,0.940187126492528,0.940187126492528,0.940187126492528,0.940187126492528,0.9369112967483535,0.9370917692305041,0.9370917692305041
stars,L,240.0,0.0375,0.8701,0.0001,849420.0,109814.748,0.357,181413.9361,2.0154,4.1232,0.3569,199999.9991,0.5254,0.6909,0.7088,0.7097,0.8931,0.8931,5.247,0.0003,DecisionTree,0.9790098019264686,0.982490320975984,0.982490320975984,0.9790098019264686,0.982490320975984,0.9790098019264686,1.0,1.0,0.9790098019264686
stars,L,240.0,0.0375,0.8701,0.0001,849420.0,109814.748,0.357,181413.9361,2.0154,4.1232,0.3569,199999.9991,0.5254,0.6909,0.7088,0.7097,0.8931,0.8931,5.247,0.0003,LogisticRegression,0.9786874086764438,0.971937223160504,0.9786874086764438,0.9786874086764438,0.9786874086764438,0.9786874086764438,0.9786874086764438,0.971937223160504,0.971937223160504
stars,L,240.0,0.0375,0.8701,0.0001,849420.0,109814.748,0.357,181413.9361,2.0154,4.1232,0.3569,199999.9991,0.5254,0.6909,0.7088,0.7097,0.8931,0.8931,5.247,0.0003,KNN,0.9296773437842968,0.933122008687295,0.933122008687295,0.933122008687295,0.933122008687295,0.933122008687295,0.9259792715763183,0.933122008687295,0.933122008687295
stars,L,240.0,0.0375,0.8701,0.0001,849420.0,109814.748,0.357,181413.9361,2.0154,4.1232,0.3569,199999.9991,0.5254,0.6909,0.7088,0.7097,0.8931,0.8931,5.247,0.0003,RandomForest,0.9965109427609428,1.0,1.0,1.0,1.0,1.0,1.0,1.0,1.0
stars,L,240.0,0.0375,0.8701,0.0001,849420.0,109814.748,0.357,181413.9361,2.0154,4.1232,0.3569,199999.9991,0.5254,0.6909,0.7088,0.7097,0.8931,0.8931,5.247,0.0003,AdaBoost,0.5197766027249723,0.5197766027249723,0.5197766027249723,0.5197766027249723,0.5197766027249723,0.5197766027249723,0.5197766027249723,0.5197766027249723,0.5197766027249723
stars,L,240.0,0.0375,0.8701,0.0001,849420.0,109814.748,0.357,181413.9361,2.0154,4.1232,0.3569,199999.9991,0.5254,0.6909,0.7088,0.7097,0.8931,0.8931,5.247,0.0003,SVC,0.9369112967483535,0.9369112967483535,0.9369112967483535,0.9369112967483535,0.9369112967483535,0.9369112967483535,0.940187126492528,0.9369112967483535,0.9369112967483535
stars,R,240.0,0.4667,0.9062,0.0088,1948.5,183.1778,0.501,461.9689,2.3805,3.9737,0.4912,31.1568,0.5558,0.5715,0.6869,0.7282,0.8583,0.9019,4.7221,0.0007,DecisionTree,1.0,1.0,0.9859652452746709,1.0,1.0,1.0,1.0,1.0,0.9930555555555556
stars,R,240.0,0.4667,0.9062,0.0088,1948.5,183.1778,0.501,461.9689,2.3805,3.9737,0.4912,31.1568,0.5558,0.5715,0.6869,0.7282,0.8583,0.9019,4.7221,0.0007,LogisticRegression,0.9521539649633346,0.9409260340962643,0.9752159121014989,0.9786874086764438,0.9786874086764438,0.941121120124212,0.9375964202641995,0.9450334491622633,0.937518459077203
stars,R,240.0,0.4667,0.9062,0.0088,1948.5,183.1778,0.501,461.9689,2.3805,3.9737,0.4912,31.1568,0.5558,0.5715,0.6869,0.7282,0.8583,0.9019,4.7221,0.0007,KNN,0.8831577464134567,0.8866454327248414,0.9335959894390535,0.9370639135966329,0.9370639135966329,0.8825950966625381,0.878544277410106,0.8787671590491035,0.8687786883430315
stars,R,240.0,0.4667,0.9062,0.0088,1948.5,183.1778,0.501,461.9689,2.3805,3.9737,0.4912,31.1568,0.5558,0.5715,0.6869,0.7282,0.8583,0.9019,4.7221,0.0007,RandomForest,0.9895721506530686,0.982783313204509,1.0,1.0,1.0,0.9826277062086242,0.9752951238154604,0.9827263488853918,0.982783313204509
stars,R,240.0,0.4667,0.9062,0.0088,1948.5,183.1778,0.501,461.9689,2.3805,3.9737,0.4912,31.1568,0.5558,0.5715,0.6869,0.7282,0.8583,0.9019,4.7221,0.0007,AdaBoost,0.3548616179123842,0.3548616179123842,0.3548616179123842,0.3548616179123842,0.3548616179123842,0.3548616179123842,0.3548616179123842,0.3548616179123842,0.3548616179123842
stars,R,240.0,0.4667,0.9062,0.0088,1948.5,183.1778,0.501,461.9689,2.3805,3.9737,0.4912,31.1568,0.5558,0.5715,0.6869,0.7282,0.8583,0.9019,4.7221,0.0007,SVC,0.8818957542163046,0.8890637999291838,0.936856346317742,0.9403278428926869,0.9403278428926869,0.8957618802027455,0.9026187874974546,0.8714715241026143,0.8927398958196222
stars,R,240.0,0.3875,0.932,0.0084,1948.5,294.6507,1.12,562.0018,1.568,0.7106,1.1112,69.8945,0.5816,0.6461,0.6813,0.6878,0.8667,0.8784,4.8961,0.0004,DecisionTree,1.0,1.0,0.9720100189980708,0.9930555555555556,0.9965160867938646,1.0,1.0,1.0,0.9965700360604012
stars,R,240.0,0.3875,0.932,0.0084,1948.5,294.6507,1.12,562.0018,1.568,0.7106,1.1112,69.8945,0.5816,0.6461,0.6813,0.6878,0.8667,0.8784,4.8961,0.0004,LogisticRegression,0.9336587812403221,0.9405462644351533,0.951641206743089,0.9650205782208203,0.965353565086374,0.9438550783610271,0.9580373917927121,0.9478166509833782,0.9405462644351533
stars,R,240.0,0.3875,0.932,0.0084,1948.5,294.6507,1.12,562.0018,1.568,0.7106,1.1112,69.8945,0.5816,0.6461,0.6813,0.6878,0.8667,0.8784,4.8961,0.0004,KNN,0.8910165644206918,0.8935592830413088,0.8980397744351145,0.9296561721611136,0.9224082231058446,0.9193455663308717,0.9193455663308717,0.894934419879977,0.8939161051605832
stars,R,240.0,0.3875,0.932,0.0084,1948.5,294.6507,1.12,562.0018,1.568,0.7106,1.1112,69.8945,0.5816,0.6461,0.6813,0.6878,0.8667,0.8784,4.8961,0.0004,RandomForest,1.0,0.996516595097513,0.9896060754992849,1.0,0.996516595097513,0.9930594178717094,0.9895601217920039,0.9930627444214402,0.9930482351914446
stars,R,240.0,0.3875,0.932,0.0084,1948.5,294.6507,1.12,562.0018,1.568,0.7106,1.1112,69.8945,0.5816,0.6461,0.6813,0.6878,0.8667,0.8784,4.8961,0.0004,AdaBoost,0.3548616179123842,0.3548616179123842,0.3548616179123842,0.35286656796150756,0.3548616179123842,0.3548616179123842,0.3548616179123842,0.3548616179123842,0.3548616179123842
stars,R,240.0,0.3875,0.932,0.0084,1948.5,294.6507,1.12,562.0018,1.568,0.7106,1.1112,69.8945,0.5816,0.6461,0.6813,0.6878,0.8667,0.8784,4.8961,0.0004,SVC,0.9131727248088666,0.9022753043972669,0.9095133840935061,0.9334852516556417,0.9334431943300286,0.9018785519116986,0.9193880171887632,0.895114342692097,0.8921273505093164
stars,R,240.0,0.3917,0.9589,0.0084,1948.5,268.3248,1.048,552.9392,1.7635,1.3505,1.0387,44.1395,0.5061,0.6261,0.7094,0.7167,0.8894,0.8924,4.9266,0.0002,DecisionTree,1.0,1.0,0.9930250875414524,1.0,1.0,1.0,1.0,1.0,1.0
stars,R,240.0,0.3917,0.9589,0.0084,1948.5,268.3248,1.048,552.9392,1.7635,1.3505,1.0387,44.1395,0.5061,0.6261,0.7094,0.7167,0.8894,0.8924,4.9266,0.0002,LogisticRegression,0.9443424347068315,0.9374009180592946,0.9752452489842841,0.9786874086764438,0.9752452489842841,0.9401722290755123,0.944385645418445,0.9478827389664539,0.9305690659827262
stars,R,240.0,0.3917,0.9589,0.0084,1948.5,268.3248,1.048,552.9392,1.7635,1.3505,1.0387,44.1395,0.5061,0.6261,0.7094,0.7167,0.8894,0.8924,4.9266,0.0002,KNN,0.8878117927484871,0.8842969718523732,0.9259792715763183,0.9259792715763183,0.9259792715763183,0.8951164177662868,0.8877798654201037,0.88711454993579,0.8809757158137259
stars,R,240.0,0.3917,0.9589,0.0084,1948.5,268.3248,1.048,552.9392,1.7635,1.3505,1.0387,44.1395,0.5061,0.6261,0.7094,0.7167,0.8894,0.8924,4.9266,0.0002,RandomForest,0.9930894804017719,0.9897280966088782,0.996496269409155,0.996573898376555,0.996573898376555,0.9965578403078403,0.9931541982323232,0.9930916567329611,0.9930894804017719
stars,R,240.0,0.3917,0.9589,0.0084,1948.5,268.3248,1.048,552.9392,1.7635,1.3505,1.0387,44.1395,0.5061,0.6261,0.7094,0.7167,0.8894,0.8924,4.9266,0.0002,AdaBoost,0.3548616179123842,0.3548616179123842,0.3548616179123842,0.3548616179123842,0.3548616179123842,0.3548616179123842,0.3548616179123842,0.3548616179123842,0.3548616179123842
stars,R,240.0,0.3917,0.9589,0.0084,1948.5,268.3248,1.048,552.9392,1.7635,1.3505,1.0387,44.1395,0.5061,0.6261,0.7094,0.7167,0.8894,0.8924,4.9266,0.0002,SVC,0.8912635423516218,0.891923174581265,0.9514163999371262,0.9546922296813009,0.9546922296813009,0.9166023001443535,0.9063988715455551,0.8875308089141605,0.899061690861044
stars,R,240.0,0.325,0.9506,0.0088,1783.0,255.2937,0.95,531.6859,1.8093,1.4911,0.9407,65.8902,0.5373,0.6071,0.6945,0.7053,0.8784,0.8844,5.0159,0.0002,DecisionTree,1.0,1.0,0.9893902475042826,0.9929012345679012,1.0,1.0,1.0,1.0,1.0
stars,R,240.0,0.325,0.9506,0.0088,1783.0,255.2937,0.95,531.6859,1.8093,1.4911,0.9407,65.8902,0.5373,0.6071,0.6945,0.7053,0.8784,0.8844,5.0159,0.0002,LogisticRegression,0.9613387141965233,0.9476456721180255,0.9752452489842841,0.9752452489842841,0.9786874086764438,0.9650322692047335,0.9613387141965233,0.961450265241615,0.9244011146768102
stars,R,240.0,0.325,0.9506,0.0088,1783.0,255.2937,0.95,531.6859,1.8093,1.4911,0.9407,65.8902,0.5373,0.6071,0.6945,0.7053,0.8784,0.8844,5.0159,0.0002,KNN,0.9015075331118312,0.8978930341443837,0.9226433855649937,0.9226433855649937,0.9259792715763183,0.9155175382108811,0.9014843610007968,0.9159717469859218,0.8764143958917836
stars,R,240.0,0.325,0.9506,0.0088,1783.0,255.2937,0.95,531.6859,1.8093,1.4911,0.9407,65.8902,0.5373,0.6071,0.6945,0.7053,0.8784,0.8844,5.0159,0.0002,RandomForest,0.9895746310219995,0.9894297379929564,0.996496269409155,0.9929012345679012,0.9929012345679012,0.9930167907141592,0.9896715567654769,0.9965578403078403,0.9794417245280187
stars,R,240.0,0.325,0.9506,0.0088,1783.0,255.2937,0.95,531.6859,1.8093,1.4911,0.9407,65.8902,0.5373,0.6071,0.6945,0.7053,0.8784,0.8844,5.0159,0.0002,AdaBoost,0.3548616179123842,0.3548616179123842,0.3548616179123842,0.3548616179123842,0.3548616179123842,0.3548616179123842,0.3548616179123842,0.3548616179123842,0.3548616179123842
stars,R,240.0,0.325,0.9506,0.0088,1783.0,255.2937,0.95,531.6859,1.8093,1.4911,0.9407,65.8902,0.5373,0.6071,0.6945,0.7053,0.8784,0.8844,5.0159,0.0002,SVC,0.9232754405806741,0.9164183984433616,0.9512756835369675,0.9479998537927928,0.9512756835369675,0.9343290818936945,0.9163840882015291,0.8946037685198998,0.9066207775298578
stars,R,240.0,0.3,0.9464,0.0084,1948.5,229.734,0.7625,514.0067,2.024,2.4023,0.7526,35.8925,0.5101,0.5923,0.7032,0.7132,0.8742,0.8954,5.0466,0.0002,DecisionTree,1.0,1.0,0.978847325967424,1.0,0.989110644257703,1.0,1.0,1.0,1.0
stars,R,240.0,0.3,0.9464,0.0084,1948.5,229.734,0.7625,514.0067,2.024,2.4023,0.7526,35.8925,0.5101,0.5923,0.7032,0.7132,0.8742,0.8954,5.0466,0.0002,LogisticRegression,0.9336047858293147,0.9474196383808957,0.9786874086764438,0.9786874086764438,0.9786874086764438,0.9507373587663761,0.9577888552802138,0.9440502469705583,0.948113013920248
stars,R,240.0,0.3,0.9464,0.0084,1948.5,229.734,0.7625,514.0067,2.024,2.4023,0.7526,35.8925,0.5101,0.5923,0.7032,0.7132,0.8742,0.8954,5.0466,0.0002,KNN,0.8900131607975043,0.905420012398082,0.9298404637756331,0.9333870130118376,0.9298404637756331,0.8979014404350656,0.9087379895009877,0.8898299964823956,0.893446422671858
stars,R,240.0,0.3,0.9464,0.0084,1948.5,229.734,0.7625,514.0067,2.024,2.4023,0.7526,35.8925,0.5101,0.5923,0.7032,0.7132,0.8742,0.8954,5.0466,0.0002,RandomForest,0.9896702850261878,0.9861111111111112,1.0,1.0,0.9965109427609428,0.9824907019415029,0.9930744354053533,0.9637457290474533,0.9792456715765895
stars,R,240.0,0.3,0.9464,0.0084,1948.5,229.734,0.7625,514.0067,2.024,2.4023,0.7526,35.8925,0.5101,0.5923,0.7032,0.7132,0.8742,0.8954,5.0466,0.0002,AdaBoost,0.3548616179123842,0.3548616179123842,0.3548616179123842,0.3548616179123842,0.3548616179123842,0.3457683706246925,0.3548616179123842,0.3548616179123842,0.3548616179123842
stars,R,240.0,0.3,0.9464,0.0084,1948.5,229.734,0.7625,514.0067,2.024,2.4023,0.7526,35.8925,0.5101,0.5923,0.7032,0.7132,0.8742,0.8954,5.0466,0.0002,SVC,0.9091656153727802,0.9195366870044219,0.9369112967483535,0.9369112967483535,0.9369112967483535,0.909576469104827,0.9195366870044219,0.8627792785045378,0.85674504183692
stars,R,240.0,0.1875,0.9128,0.0084,1948.5,230.1683,0.795,502.2185,1.9541,2.0814,0.7858,50.894,0.5231,0.6098,0.6945,0.6947,0.8676,0.8837,5.1441,0.0003,DecisionTree,1.0,1.0,0.9758394056910197,0.9931149036675602,0.9756996935210787,1.0,1.0,1.0,1.0
stars,R,240.0,0.1875,0.9128,0.0084,1948.5,230.1683,0.795,502.2185,1.9541,2.0814,0.7858,50.894,0.5231,0.6098,0.6945,0.6947,0.8676,0.8837,5.1441,0.0003,LogisticRegression,0.9449895695154048,0.9274930963198741,0.9720119202121622,0.9786874086764438,0.9752452489842841,0.9302704530977014,0.9345592752386032,0.9449946843208669,0.9415937310276722
stars,R,240.0,0.1875,0.9128,0.0084,1948.5,230.1683,0.795,502.2185,1.9541,2.0814,0.7858,50.894,0.5231,0.6098,0.6945,0.6947,0.8676,0.8837,5.1441,0.0003,KNN,0.9008031067779277,0.8862966719123614,0.9297593868476617,0.9222032122447035,0.9297347972397387,0.8861800654723945,0.8975538965234702,0.8752346514526306,0.8646723906782379
stars,R,240.0,0.1875,0.9128,0.0084,1948.5,230.1683,0.795,502.2185,1.9541,2.0814,0.7858,50.894,0.5231,0.6098,0.6945,0.6947,0.8676,0.8837,5.1441,0.0003,RandomForest,0.9792193658177858,0.9791619683513455,1.0,1.0,1.0,0.9791735999284309,0.9687405439625298,0.9585711985206122,0.9654035375488326
stars,R,240.0,0.1875,0.9128,0.0084,1948.5,230.1683,0.795,502.2185,1.9541,2.0814,0.7858,50.894,0.5231,0.6098,0.6945,0.6947,0.8676,0.8837,5.1441,0.0003,AdaBoost,0.3548616179123842,0.3548616179123842,0.3548616179123842,0.3548616179123842,0.42573043734021865,0.3548616179123842,0.3548616179123842,0.3548616179123842,0.3548616179123842
stars,R,240.0,0.1875,0.9128,0.0084,1948.5,230.1683,0.795,502.2185,1.9541,2.0814,0.7858,50.894,0.5231,0.6098,0.6945,0.6947,0.8676,0.8837,5.1441,0.0003,SVC,0.9017896311600307,0.8992463794806451,0.9401321760619166,0.9403278428926869,0.940187126492528,0.8991087891417596,0.9161685610126231,0.8942889453310557,0.8831753943624323
stars,R,240.0,0.1875,0.9128,0.0084,1948.5,243.8922,0.795,518.1152,1.8756,1.8003,0.7857,51.4,0.528,0.6142,0.6835,0.6912,0.8594,0.8819,5.1414,0.0003,DecisionTree,1.0,1.0,0.9860441087722791,1.0,0.9828167149073582,1.0,1.0,1.0,0.9930555555555556
stars,R,240.0,0.1875,0.9128,0.0084,1948.5,243.8922,0.795,518.1152,1.8756,1.8003,0.7857,51.4,0.528,0.6142,0.6835,0.6912,0.8594,0.8819,5.1414,0.0003,LogisticRegression,0.9413112522032256,0.9515428911810835,0.9786874086764438,0.9786874086764438,0.9786874086764438,0.9474507573733728,0.955026804387219,0.9448261315178049,0.9482592143591003
stars,R,240.0,0.1875,0.9128,0.0084,1948.5,243.8922,0.795,518.1152,1.8756,1.8003,0.7857,51.4,0.528,0.6142,0.6835,0.6912,0.8594,0.8819,5.1414,0.0003,KNN,0.8690692009777081,0.8976685134162086,0.9259792715763183,0.9259792715763183,0.9259792715763183,0.9012236564414602,0.9054018863513673,0.8755930105699503,0.8939294783284892
stars,R,240.0,0.1875,0.9128,0.0084,1948.5,243.8922,0.795,518.1152,1.8756,1.8003,0.7857,51.4,0.528,0.6142,0.6835,0.6912,0.8594,0.8819,5.1414,0.0003,RandomForest,0.9793307995544244,0.9828068840928004,1.0,1.0,1.0,0.9930482351914446,0.9862024334237678,0.9793908277840372,0.9828068840928004
stars,R,240.0,0.1875,0.9128,0.0084,1948.5,243.8922,0.795,518.1152,1.8756,1.8003,0.7857,51.4,0.528,0.6142,0.6835,0.6912,0.8594,0.8819,5.1414,0.0003,AdaBoost,0.3548616179123842,0.3548616179123842,0.46095391499603455,0.3548616179123842,0.3548616179123842,0.3548616179123842,0.3548616179123842,0.3548616179123842,0.3548616179123842
stars,R,240.0,0.1875,0.9128,0.0084,1948.5,243.8922,0.795,518.1152,1.8756,1.8003,0.7857,51.4,0.528,0.6142,0.6835,0.6912,0.8594,0.8819,5.1414,0.0003,SVC,0.9068152244784602,0.9096175773231376,0.940187126492528,0.9369112967483535,0.9369112967483535,0.9127868171904349,0.9096175773231376,0.9096175773231376,0.9096175773231376
stars,R,240.0,0.1583,0.901,0.0084,1783.0,250.353,0.6475,525.0873,1.8122,1.4969,0.6381,45.6505,0.5228,0.6233,0.6841,0.7082,0.8625,0.8934,5.1606,0.0003,DecisionTree,1.0,1.0,0.9824562988040296,1.0,0.982504595733996,1.0,0.9965277777777778,1.0,1.0
stars,R,240.0,0.1583,0.901,0.0084,1783.0,250.353,0.6475,525.0873,1.8122,1.4969,0.6381,45.6505,0.5228,0.6233,0.6841,0.7082,0.8625,0.8934,5.1606,0.0003,LogisticRegression,0.9615113150872182,0.9581742509858666,0.9786874086764438,0.9716926068570806,0.9786874086764438,0.9682841828699922,0.9683693846865448,0.9717546552159125,0.9515450095775304
stars,R,240.0,0.1583,0.901,0.0084,1783.0,250.353,0.6475,525.0873,1.8122,1.4969,0.6381,45.6505,0.5228,0.6233,0.6841,0.7082,0.8625,0.8934,5.1606,0.0003,KNN,0.9057475036691118,0.9050247663158338,0.9262941792157874,0.9296561721611136,0.9296561721611136,0.922672809046537,0.9226485295979155,0.9158462475178556,0.8835938978363023
stars,R,240.0,0.1583,0.901,0.0084,1783.0,250.353,0.6475,525.0873,1.8122,1.4969,0.6381,45.6505,0.5228,0.6233,0.6841,0.7082,0.8625,0.8934,5.1606,0.0003,RandomForest,0.9965578403078403,1.0,1.0,0.9965277777777778,1.0,0.9930555555555556,0.9965277777777778,0.9895019876637524,1.0
stars,R,240.0,0.1583,0.901,0.0084,1783.0,250.353,0.6475,525.0873,1.8122,1.4969,0.6381,45.6505,0.5228,0.6233,0.6841,0.7082,0.8625,0.8934,5.1606,0.0003,AdaBoost,0.3548616179123842,0.3548616179123842,0.4905200487916258,0.3548616179123842,0.3548616179123842,0.351389395690162,0.3548616179123842,0.3548616179123842,0.3548616179123842
stars,R,240.0,0.1583,0.901,0.0084,1783.0,250.353,0.6475,525.0873,1.8122,1.4969,0.6381,45.6505,0.5228,0.6233,0.6841,0.7082,0.8625,0.8934,5.1606,0.0003,SVC,0.9367610813998163,0.9231928096835087,0.9369112967483535,0.9369112967483535,0.9369112967483535,0.9302483838354406,0.9266609121018335,0.9293795539095931,0.9132152781861425
stars,R,240.0,0.1,0.912,0.0087,1948.5,218.7947,0.6725,498.8207,2.0855,2.6327,0.6629,39.6521,0.519,0.6,0.6863,0.7056,0.8599,0.8902,5.2485,0.0002,DecisionTree,1.0,0.9965058479532164,1.0,1.0,1.0,1.0,0.9965700360604012,1.0,1.0
stars,R,240.0,0.1,0.912,0.0087,1948.5,218.7947,0.6725,498.8207,2.0855,2.6327,0.6629,39.6521,0.519,0.6,0.6863,0.7056,0.8599,0.8902,5.2485,0.0002,LogisticRegression,0.954681726858262,0.9548520403494541,0.9786874086764438,0.9786874086764438,0.9786874086764438,0.957987269052693,0.9655223522822207,0.9375024267096517,0.9343768005826232
stars,R,240.0,0.1,0.912,0.0087,1948.5,218.7947,0.6725,498.8207,2.0855,2.6327,0.6629,39.6521,0.519,0.6,0.6863,0.7056,0.8599,0.8902,5.2485,0.0002,KNN,0.8907141046615173,0.9116519809145853,0.9259792715763183,0.9259792715763183,0.9259792715763183,0.9116519809145853,0.908345102607707,0.8907524692083516,0.8942652990848226
stars,R,240.0,0.1,0.912,0.0087,1948.5,218.7947,0.6725,498.8207,2.0855,2.6327,0.6629,39.6521,0.519,0.6,0.6863,0.7056,0.8599,0.8902,5.2485,0.0002,RandomForest,0.9930482351914446,0.9930482351914446,1.0,1.0,1.0,0.9895871956494872,0.9895871956494872,0.9789756539249274,0.9895871956494872
stars,R,240.0,0.1,0.912,0.0087,1948.5,218.7947,0.6725,498.8207,2.0855,2.6327,0.6629,39.6521,0.519,0.6,0.6863,0.7056,0.8599,0.8902,5.2485,0.0002,AdaBoost,0.44805857102313046,0.3548616179123842,0.44805857102313046,0.3548616179123842,0.44805857102313046,0.3548616179123842,0.44559713678085694,0.3548616179123842,0.3548616179123842
stars,R,240.0,0.1,0.912,0.0087,1948.5,218.7947,0.6725,498.8207,2.0855,2.6327,0.6629,39.6521,0.519,0.6,0.6863,0.7056,0.8599,0.8902,5.2485,0.0002,SVC,0.9051603318951743,0.9093102025025671,0.940187126492528,0.940187126492528,0.940187126492528,0.9265902677081842,0.9409337243891022,0.9050080651804077,0.9050080651804077
stars,R,240.0,0.05,0.8991,0.0084,1948.5,241.3683,0.83,517.0884,1.8881,1.8169,0.8206,45.1472,0.5464,0.6101,0.6928,0.701,0.869,0.8878,5.2803,0.0002,DecisionTree,0.9964860066833752,0.9792087573496742,0.982490320975984,0.996536074605071,0.9790180987537618,1.0,0.9965700360604012,0.9895833333333334,0.9929177689594356
stars,R,240.0,0.05,0.8991,0.0084,1948.5,241.3683,0.83,517.0884,1.8881,1.8169,0.8206,45.1472,0.5464,0.6101,0.6928,0.701,0.869,0.8878,5.2803,0.0002,LogisticRegression,0.9786874086764438,0.9684658865610676,0.9786874086764438,0.9786874086764438,0.9786874086764438,0.9754317336465752,0.9786874086764438,0.9786874086764438,0.9719798798776924
stars,R,240.0,0.05,0.8991,0.0084,1948.5,241.3683,0.83,517.0884,1.8881,1.8169,0.8206,45.1472,0.5464,0.6101,0.6928,0.701,0.869,0.8878,5.2803,0.0002,KNN,0.9259792715763183,0.922199725337533,0.9259792715763183,0.9259792715763183,0.9259792715763183,0.9259792715763183,0.9259792715763183,0.9259792715763183,0.9259792715763183
stars,R,240.0,0.05,0.8991,0.0084,1948.5,241.3683,0.83,517.0884,1.8881,1.8169,0.8206,45.1472,0.5464,0.6101,0.6928,0.701,0.869,0.8878,5.2803,0.0002,RandomForest,1.0,0.9965316400939316,1.0,1.0,1.0,1.0,1.0,0.9965007039202946,0.9965316400939316
stars,R,240.0,0.05,0.8991,0.0084,1948.5,241.3683,0.83,517.0884,1.8881,1.8169,0.8206,45.1472,0.5464,0.6101,0.6928,0.701,0.869,0.8878,5.2803,0.0002,AdaBoost,0.3548616179123842,0.35333040153578005,0.5197766027249723,0.3548616179123842,0.5127858619842315,0.35333040153578005,0.35333040153578005,0.3548616179123842,0.35333040153578005
stars,R,240.0,0.05,0.8991,0.0084,1948.5,241.3683,0.83,517.0884,1.8881,1.8169,0.8206,45.1472,0.5464,0.6101,0.6928,0.701,0.869,0.8878,5.2803,0.0002,SVC,0.9403278428926869,0.9336412442016315,0.9403278428926869,0.9403278428926869,0.9403278428926869,0.9336203140939356,0.9436036726368614,0.940187126492528,0.9336412442016315
stars,A_M,240.0,0.5292,0.9646,-11.75,19.94,5.4945,11.19,10.8137,-0.2976,-1.6073,6.37,20.725,0.6581,0.6835,0.6409,0.6777,0.8123,0.8651,4.6783,0.0003,DecisionTree,0.9618611612628537,0.9618611612628537,0.961556380350484,0.9512202124836533,0.9547869598117437,0.9720968658506468,0.9584335795787853,0.9584335795787853,0.9618611612628537
stars,A_M,240.0,0.5292,0.9646,-11.75,19.94,5.4945,11.19,10.8137,-0.2976,-1.6073,6.37,20.725,0.6581,0.6835,0.6409,0.6777,0.8123,0.8651,4.6783,0.0003,LogisticRegression,0.8151767296376398,0.810908779870768,0.937493207936315,0.943942650713484,0.9407829858120732,0.8627742375823699,0.857052905889446,0.79554050367895,0.7165503263121231
stars,A_M,240.0,0.5292,0.9646,-11.75,19.94,5.4945,11.19,10.8137,-0.2976,-1.6073,6.37,20.725,0.6581,0.6835,0.6409,0.6777,0.8123,0.8651,4.6783,0.0003,KNN,0.9069262088177424,0.9294451081024997,0.912424883733479,0.9051928472463495,0.8847081431640257,0.9109564380746874,0.8414636094840753,0.8364596411184805,0.9257618444174085
stars,A_M,240.0,0.5292,0.9646,-11.75,19.94,5.4945,11.19,10.8137,-0.2976,-1.6073,6.37,20.725,0.6581,0.6835,0.6409,0.6777,0.8123,0.8651,4.6783,0.0003,RandomForest,0.9790244752782563,0.9689410388086346,0.9825450762146669,0.9543832786227704,0.9514854965315618,0.9826074102391152,0.9722673675785987,0.9719630083763031,0.972409398714703
stars,A_M,240.0,0.5292,0.9646,-11.75,19.94,5.4945,11.19,10.8137,-0.2976,-1.6073,6.37,20.725,0.6581,0.6835,0.6409,0.6777,0.8123,0.8651,4.6783,0.0003,AdaBoost,0.391465057751732,0.391465057751732,0.4840191241795718,0.4657527445600912,0.3744304903015635,0.391465057751732,0.391465057751732,0.391465057751732,0.391465057751732
stars,A_M,240.0,0.5292,0.9646,-11.75,19.94,5.4945,11.19,10.8137,-0.2976,-1.6073,6.37,20.725,0.6581,0.6835,0.6409,0.6777,0.8123,0.8651,4.6783,0.0003,SVC,0.8352139353009324,0.8191323931366149,0.9128721489805418,0.9233542016500946,0.9162332213498198,0.8680911934428711,0.8680911934428711,0.7953311080515506,0.6958531463635351
stars,A_M,240.0,0.4583,0.9923,-11.92,20.06,3.9583,5.04,10.593,-0.0728,-1.6486,10.85,19.84,0.6269,0.6899,0.7002,0.7098,0.8768,0.8855,4.8569,0.0,DecisionTree,0.9653067423938568,0.9653067423938568,0.9860277419410616,0.9756418497628654,0.9687783308122321,0.9653067423938568,0.9618791607097884,0.9618791607097884,0.9653067423938568
stars,A_M,240.0,0.4583,0.9923,-11.92,20.06,3.9583,5.04,10.593,-0.0728,-1.6486,10.85,19.84,0.6269,0.6899,0.7002,0.7098,0.8768,0.8855,4.8569,0.0,LogisticRegression,0.8068771608976196,0.7709550737255325,0.9649194115160213,0.9614038427226749,0.9718191200786155,0.8393608539247334,0.8261146451361456,0.7777564427714916,0.7243756266082648
stars,A_M,240.0,0.4583,0.9923,-11.92,20.06,3.9583,5.04,10.593,-0.0728,-1.6486,10.85,19.84,0.6269,0.6899,0.7002,0.7098,0.8768,0.8855,4.8569,0.0,KNN,0.9017122667621743,0.9156017983906766,0.915774597696435,0.91911098297849,0.9156663180754918,0.8979614446902738,0.8384041423366652,0.8282861506369605,0.9125254176937891
stars,A_M,240.0,0.4583,0.9923,-11.92,20.06,3.9583,5.04,10.593,-0.0728,-1.6486,10.85,19.84,0.6269,0.6899,0.7002,0.7098,0.8768,0.8855,4.8569,0.0,RandomForest,0.9687891067090334,0.9653130221706574,0.996573898376555,0.9792087469955723,0.9896693225365572,0.9688155138097159,0.9757357274846671,0.9722574666151018,0.9757357274846671
stars,A_M,240.0,0.4583,0.9923,-11.92,20.06,3.9583,5.04,10.593,-0.0728,-1.6486,10.85,19.84,0.6269,0.6899,0.7002,0.7098,0.8768,0.8855,4.8569,0.0,AdaBoost,0.391465057751732,0.391465057751732,0.39804160141267464,0.5433054579943244,0.5433054579943244,0.391465057751732,0.391465057751732,0.391465057751732,0.391465057751732
stars,A_M,240.0,0.4583,0.9923,-11.92,20.06,3.9583,5.04,10.593,-0.0728,-1.6486,10.85,19.84,0.6269,0.6899,0.7002,0.7098,0.8768,0.8855,4.8569,0.0,SVC,0.7889122187236828,0.7221749436530744,0.9402006903831699,0.9334321443081863,0.9402006903831699,0.8548426424666064,0.8344236999733886,0.7701875818703909,0.6964763875268867
stars,A_M,240.0,0.4,0.9653,-11.75,19.94,4.0515,4.905,10.4803,-0.0478,-1.6418,9.878,20.0378,0.6152,0.6771,0.7082,0.7092,0.8763,0.8934,4.918,0.0002,DecisionTree,0.9618030118030119,0.9618030118030119,0.9617161607353681,0.9582699740943955,0.97217537198995,0.9618030118030119,0.9583801258443064,0.9583754301189434,0.9618030118030119
stars,A_M,240.0,0.4,0.9653,-11.75,19.94,4.0515,4.905,10.4803,-0.0478,-1.6418,9.878,20.0378,0.6152,0.6771,0.7082,0.7092,0.8763,0.8934,4.918,0.0002,LogisticRegression,0.7835745648519771,0.7896352205366806,0.9752234832815148,0.9614742120710718,0.9683007772576161,0.850249016536239,0.8184962692307068,0.758384035303587,0.7863571019348821
stars,A_M,240.0,0.4,0.9653,-11.75,19.94,4.0515,4.905,10.4803,-0.0478,-1.6418,9.878,20.0378,0.6152,0.6771,0.7082,0.7092,0.8763,0.8934,4.918,0.0002,KNN,0.9052078985121339,0.9092903187417393,0.9296561721611136,0.9088776245379053,0.9161255729290194,0.905333118580344,0.8441205410057864,0.8337587526002254,0.8977850320201896
stars,A_M,240.0,0.4,0.9653,-11.75,19.94,4.0515,4.905,10.4803,-0.0478,-1.6418,9.878,20.0378,0.6152,0.6771,0.7082,0.7092,0.8763,0.8934,4.918,0.0002,RandomForest,0.9686814910762529,0.9722441206439995,1.0,0.9723263823412278,0.9861509797155578,0.9720548928396401,0.9721763250332072,0.9684894755306587,0.968676893565299
stars,A_M,240.0,0.4,0.9653,-11.75,19.94,4.0515,4.905,10.4803,-0.0478,-1.6418,9.878,20.0378,0.6152,0.6771,0.7082,0.7092,0.8763,0.8934,4.918,0.0002,AdaBoost,0.391465057751732,0.391465057751732,0.5460392395594602,0.5358035349716669,0.5391675568050119,0.391465057751732,0.391465057751732,0.391465057751732,0.391465057751732
stars,A_M,240.0,0.4,0.9653,-11.75,19.94,4.0515,4.905,10.4803,-0.0478,-1.6418,9.878,20.0378,0.6152,0.6771,0.7082,0.7092,0.8763,0.8934,4.918,0.0002,SVC,0.7710192395327495,0.7710192395327495,0.9368231046591831,0.9267587258917331,0.9335608388056503,0.8640548808455115,0.8388421248503396,0.756907248385379,0.7538118911233551
stars,A_M,240.0,0.3583,0.9545,-11.36,20.02,3.9761,4.73,10.3887,-0.0346,-1.6605,10.385,19.263,0.5798,0.6924,0.6981,0.7113,0.8833,0.8865,4.9705,0.0002,DecisionTree,0.9618030118030119,0.9618030118030119,0.9790094278452122,0.9722001989621204,0.9686682668656104,0.9618030118030119,0.9582938708212854,0.9549298489879403,0.9618611612628537
stars,A_M,240.0,0.3583,0.9545,-11.36,20.02,3.9761,4.73,10.3887,-0.0346,-1.6605,10.385,19.263,0.5798,0.6924,0.6981,0.7113,0.8833,0.8865,4.9705,0.0002,LogisticRegression,0.7553354301024829,0.7659177407626993,0.9682107750667442,0.9719716746609771,0.9578699819582818,0.8732605571644682,0.8712053056556026,0.753790966631703,0.7374198094900901
stars,A_M,240.0,0.3583,0.9545,-11.36,20.02,3.9761,4.73,10.3887,-0.0346,-1.6605,10.385,19.263,0.5798,0.6924,0.6981,0.7113,0.8833,0.8865,4.9705,0.0002,KNN,0.8904607810025753,0.9128583363469066,0.9157021693973345,0.912166428029673,0.9017308811394559,0.8979991733112351,0.8506787679409962,0.8303460062182799,0.8842202616579021
stars,A_M,240.0,0.3583,0.9545,-11.36,20.02,3.9761,4.73,10.3887,-0.0346,-1.6605,10.385,19.263,0.5798,0.6924,0.6981,0.7113,0.8833,0.8865,4.9705,0.0002,RandomForest,0.9689418020506249,0.9688670459389914,0.9895504402477837,0.982628904860787,0.9823256749037999,0.9722019331979488,0.9582755349969362,0.9790874308938685,0.9791103713541005
stars,A_M,240.0,0.3583,0.9545,-11.36,20.02,3.9761,4.73,10.3887,-0.0346,-1.6605,10.385,19.263,0.5798,0.6924,0.6981,0.7113,0.8833,0.8865,4.9705,0.0002,AdaBoost,0.391465057751732,0.391465057751732,0.4315810588623211,0.391465057751732,0.391465057751732,0.391465057751732,0.391465057751732,0.391465057751732,0.391465057751732
stars,A_M,240.0,0.3583,0.9545,-11.36,20.02,3.9761,4.73,10.3887,-0.0346,-1.6605,10.385,19.263,0.5798,0.6924,0.6981,0.7113,0.8833,0.8865,4.9705,0.0002,SVC,0.7810363086255505,0.7808138691398259,0.940142540923328,0.9368667111791535,0.9365147704929012,0.8827507423754247,0.8827507423754247,0.7731534790066097,0.6994426759021537
stars,A_M,240.0,0.2792,0.9653,-11.92,20.06,4.5064,10.18,10.2898,-0.1572,-1.6437,7.21,19.62,0.6003,0.7049,0.6773,0.7034,0.855,0.889,5.1022,0.0001,DecisionTree,0.9583574306720087,0.9583574306720087,0.9684618907802498,0.972173489856797,0.972123506941866,0.9618030118030119,0.9514576267657181,0.9549298489879403,0.9618611612628537
stars,A_M,240.0,0.2792,0.9653,-11.92,20.06,4.5064,10.18,10.2898,-0.1572,-1.6437,7.21,19.62,0.6003,0.7049,0.6773,0.7034,0.855,0.889,5.1022,0.0001,LogisticRegression,0.7400913083284641,0.7190569017965972,0.968378406225016,0.968378406225016,0.968378406225016,0.8671984098872894,0.8098223099989172,0.7085846868751485,0.7086763811469793
stars,A_M,240.0,0.2792,0.9653,-11.92,20.06,4.5064,10.18,10.2898,-0.1572,-1.6437,7.21,19.62,0.6003,0.7049,0.6773,0.7034,0.855,0.889,5.1022,0.0001,KNN,0.9079968435262379,0.9118980721094295,0.9156741314410444,0.9156741314410444,0.9156741314410444,0.9081649093178517,0.8723170808380222,0.8615271320590379,0.9162424277710522
stars,A_M,240.0,0.2792,0.9653,-11.92,20.06,4.5064,10.18,10.2898,-0.1572,-1.6437,7.21,19.62,0.6003,0.7049,0.6773,0.7034,0.855,0.889,5.1022,0.0001,RandomForest,0.9619137537408183,0.9792206513264731,0.9896876033919524,0.9792550455480672,0.9827160850900246,0.9756338540494603,0.9757564248176559,0.9548965412260522,0.9757484291042509
stars,A_M,240.0,0.2792,0.9653,-11.92,20.06,4.5064,10.18,10.2898,-0.1572,-1.6437,7.21,19.62,0.6003,0.7049,0.6773,0.7034,0.855,0.889,5.1022,0.0001,AdaBoost,0.391465057751732,0.391465057751732,0.3928174296084242,0.39061760397109857,0.3928174296084242,0.391465057751732,0.3899820093940142,0.391465057751732,0.391465057751732
stars,A_M,240.0,0.2792,0.9653,-11.92,20.06,4.5064,10.18,10.2898,-0.1572,-1.6437,7.21,19.62,0.6003,0.7049,0.6773,0.7034,0.855,0.889,5.1022,0.0001,SVC,0.7197013986795294,0.7162413517819826,0.9231986426063398,0.9301563145640118,0.916449590057983,0.8654749612731426,0.7660425764278709,0.7125849965631272,0.6923921068215777
stars,A_M,240.0,0.2875,0.9766,-11.75,20.06,4.1289,6.228,10.5432,-0.0636,-1.6832,10.628,20.2375,0.5953,0.683,0.6935,0.7095,0.8806,0.8829,5.1062,0.0001,DecisionTree,0.9653067423938568,0.9653067423938568,0.9513020198322385,0.9615641220811744,0.9651493005773102,0.9653067423938568,0.9618791607097884,0.9618791607097884,0.9653067423938568
stars,A_M,240.0,0.2875,0.9766,-11.75,20.06,4.1289,6.228,10.5432,-0.0636,-1.6832,10.628,20.2375,0.5953,0.683,0.6935,0.7095,0.8806,0.8829,5.1062,0.0001,LogisticRegression,0.7886909084108261,0.7735866869663199,0.947611049419081,0.9647881216889216,0.9442951227216578,0.8588933991055079,0.8653950414336313,0.7546881230804691,0.7604290474925732
stars,A_M,240.0,0.2875,0.9766,-11.75,20.06,4.1289,6.228,10.5432,-0.0636,-1.6832,10.628,20.2375,0.5953,0.683,0.6935,0.7095,0.8806,0.8829,5.1062,0.0001,KNN,0.8972700229593705,0.9298471498417749,0.8985231519116323,0.9121919917572548,0.8951719218249212,0.9081330655892901,0.8296454211848322,0.870817505382239,0.8821636057410289
stars,A_M,240.0,0.2875,0.9766,-11.75,20.06,4.1289,6.228,10.5432,-0.0636,-1.6832,10.628,20.2375,0.5953,0.683,0.6935,0.7095,0.8806,0.8829,5.1062,0.0001,RandomForest,0.9860964674781725,0.9826433234000285,0.9722799207287638,0.9860016835016836,0.9791649916763348,0.9826281075721041,0.9860964674781725,0.9721302193329877,0.9790605721546309
stars,A_M,240.0,0.2875,0.9766,-11.75,20.06,4.1289,6.228,10.5432,-0.0636,-1.6832,10.628,20.2375,0.5953,0.683,0.6935,0.7095,0.8806,0.8829,5.1062,0.0001,AdaBoost,0.391465057751732,0.391465057751732,0.40547705062968875,0.4152000584327057,0.41404589124760344,0.391465057751732,0.391465057751732,0.391465057751732,0.391465057751732
stars,A_M,240.0,0.2875,0.9766,-11.75,20.06,4.1289,6.228,10.5432,-0.0636,-1.6832,10.628,20.2375,0.5953,0.683,0.6935,0.7095,0.8806,0.8829,5.1062,0.0001,SVC,0.8002184714211642,0.7986987073370408,0.898352947368949,0.9231565797836001,0.9023938569782791,0.8599654698542665,0.8598532203570055,0.7870315513230122,0.7027556325670966
stars,A_M,240.0,0.2208,0.9626,-11.92,20.02,5.0705,10.69,10.3433,-0.2325,-1.5874,6.76,20.085,0.605,0.7019,0.6894,0.7174,0.8566,0.8939,5.1764,0.0001,DecisionTree,0.9653067423938568,0.9653067423938568,0.9753820314960415,0.9719181061011126,0.97897817898196,0.9618611612628537,0.9652431825431335,0.9550685518120652,0.9653067423938568
stars,A_M,240.0,0.2208,0.9626,-11.92,20.02,5.0705,10.69,10.3433,-0.2325,-1.5874,6.76,20.085,0.605,0.7019,0.6894,0.7174,0.8566,0.8939,5.1764,0.0001,LogisticRegression,0.8149435451597445,0.7563138627977362,0.9682142233123666,0.9786874086764438,0.9612960835817268,0.8961526526151229,0.9157967678111402,0.7632733685956605,0.7458861457191858
stars,A_M,240.0,0.2208,0.9626,-11.92,20.02,5.0705,10.69,10.3433,-0.2325,-1.5874,6.76,20.085,0.605,0.7019,0.6894,0.7174,0.8566,0.8939,5.1764,0.0001,KNN,0.8758490915568873,0.9054531215480709,0.9156110929326712,0.9156110929326712,0.9192389221507783,0.875918727592541,0.8588795567976015,0.8860502421111651,0.8657999160811438
stars,A_M,240.0,0.2208,0.9626,-11.92,20.02,5.0705,10.69,10.3433,-0.2325,-1.5874,6.76,20.085,0.605,0.7019,0.6894,0.7174,0.8566,0.8939,5.1764,0.0001,RandomForest,0.9755561153721879,0.9721106959263512,0.9894277851251285,0.9824694943364285,0.9825156149352057,0.9825209196774786,0.9751417593941063,0.9826074102391152,0.9895877678444729
stars,A_M,240.0,0.2208,0.9626,-11.92,20.02,5.0705,10.69,10.3433,-0.2325,-1.5874,6.76,20.085,0.605,0.7019,0.6894,0.7174,0.8566,0.8939,5.1764,0.0001,AdaBoost,0.391465057751732,0.391465057751732,0.5431232686949006,0.5431232686949006,0.44151796780464203,0.391465057751732,0.391465057751732,0.391465057751732,0.391465057751732
stars,A_M,240.0,0.2208,0.9626,-11.92,20.02,5.0705,10.69,10.3433,-0.2325,-1.5874,6.76,20.085,0.605,0.7019,0.6894,0.7174,0.8566,0.8939,5.1764,0.0001,SVC,0.840988418356792,0.7867606503440442,0.9369112967483535,0.940187126492528,0.9263707048179907,0.8884913784378231,0.9022358934236671,0.7788343082894127,0.702575160084946
stars,A_M,240.0,0.1917,0.9588,-11.75,20.06,4.1554,4.905,10.4471,-0.0676,-1.648,9.925,19.6925,0.5913,0.6898,0.7191,0.7201,0.8869,0.897,5.2107,0.0001,DecisionTree,0.9653067423938568,0.9653067423938568,0.9684497461950441,0.9616039146088415,0.9719181061011126,0.9618611612628537,0.9652431825431335,0.9618791607097884,0.9618030118030119
stars,A_M,240.0,0.1917,0.9588,-11.75,20.06,4.1554,4.905,10.4471,-0.0676,-1.648,9.925,19.6925,0.5913,0.6898,0.7191,0.7201,0.8869,0.897,5.2107,0.0001,LogisticRegression,0.8089012703233487,0.7628752947587696,0.9578321581867979,0.9647502979174376,0.9612960835817268,0.9014677608465119,0.9130201335625431,0.7577774604513969,0.7251107984305813
stars,A_M,240.0,0.1917,0.9588,-11.75,20.06,4.1554,4.905,10.4471,-0.0676,-1.648,9.925,19.6925,0.5913,0.6898,0.7191,0.7201,0.8869,0.897,5.2107,0.0001,KNN,0.8922338120562754,0.89586095201379,0.9192879935174666,0.9156110929326712,0.9229158227355736,0.8846796856936978,0.8855405952936142,0.8889614120857289,0.881512693312083
stars,A_M,240.0,0.1917,0.9588,-11.75,20.06,4.1554,4.905,10.4471,-0.0676,-1.648,9.925,19.6925,0.5913,0.6898,0.7191,0.7201,0.8869,0.897,5.2107,0.0001,RandomForest,0.9861614993295316,0.9792018390571627,0.9894277851251285,0.9859687904161338,0.9894277851251285,0.9895877678444729,0.9759122523864213,0.9826701989632312,0.9930555555555556
stars,A_M,240.0,0.1917,0.9588,-11.75,20.06,4.1554,4.905,10.4471,-0.0676,-1.648,9.925,19.6925,0.5913,0.6898,0.7191,0.7201,0.8869,0.897,5.2107,0.0001,AdaBoost,0.391465057751732,0.391465057751732,0.46839064022097654,0.46839064022097654,0.46839064022097654,0.391465057751732,0.391465057751732,0.391465057751732,0.391465057751732
stars,A_M,240.0,0.1917,0.9588,-11.75,20.06,4.1554,4.905,10.4471,-0.0676,-1.648,9.925,19.6925,0.5913,0.6898,0.7191,0.7201,0.8869,0.897,5.2107,0.0001,SVC,0.837147286198836,0.7779236400720606,0.9263707048179907,0.9369112967483535,0.9263707048179907,0.88335195350095,0.906455486157301,0.7707223078219578,0.6996051579190374
stars,A_M,240.0,0.125,0.9619,-11.92,20.06,4.4571,10.15,10.5382,-0.1497,-1.6267,7.72,19.913,0.6189,0.6944,0.6936,0.699,0.8656,0.887,5.2943,0.0001,DecisionTree,0.9755837003030235,0.9755837003030235,0.9583703325594981,0.9719598930178994,0.9651380901782234,0.9721381191720204,0.9721197749080945,0.9721197749080945,0.9824359035499136
stars,A_M,240.0,0.125,0.9619,-11.92,20.06,4.4571,10.15,10.5382,-0.1497,-1.6267,7.72,19.913,0.6189,0.6944,0.6936,0.699,0.8656,0.887,5.2943,0.0001,LogisticRegression,0.9203320476002279,0.8993015603219272,0.9648383883920015,0.9716990553576811,0.9683421189828465,0.9475778318811195,0.9407278283559604,0.9031249828383623,0.8550803795528847
stars,A_M,240.0,0.125,0.9619,-11.92,20.06,4.4571,10.15,10.5382,-0.1497,-1.6267,7.72,19.913,0.6189,0.6944,0.6936,0.699,0.8656,0.887,5.2943,0.0001,KNN,0.9027542857771615,0.9023572447143596,0.9159334888511266,0.922565935475749,0.9193290745896665,0.88815182234332,0.8988197676339447,0.8921559651091815,0.8920337724396289
stars,A_M,240.0,0.125,0.9619,-11.92,20.06,4.4571,10.15,10.5382,-0.1497,-1.6267,7.72,19.913,0.6189,0.6944,0.6936,0.699,0.8656,0.887,5.2943,0.0001,RandomForest,0.9616581605123271,0.9687171800115622,0.9861509797155578,0.9894933038602379,0.9896547103064027,0.9721897386111987,0.9791036796482703,0.9756116415410756,0.9791490625061532
stars,A_M,240.0,0.125,0.9619,-11.92,20.06,4.4571,10.15,10.5382,-0.1497,-1.6267,7.72,19.913,0.6189,0.6944,0.6936,0.699,0.8656,0.887,5.2943,0.0001,AdaBoost,0.391465057751732,0.391465057751732,0.5705264461268698,0.5088615024510775,0.5054144025754462,0.391465057751732,0.391465057751732,0.391465057751732,0.391465057751732
stars,A_M,240.0,0.125,0.9619,-11.92,20.06,4.4571,10.15,10.5382,-0.1497,-1.6267,7.72,19.913,0.6189,0.6944,0.6936,0.699,0.8656,0.887,5.2943,0.0001,SVC,0.9057485766435236,0.9058859191063364,0.9196212015288987,0.9298384941838593,0.9298384941838593,0.9227801123819286,0.9303439261957424,0.9093990121838579,0.6994798028229221
stars,A_M,240.0,0.0458,0.9476,-11.92,20.06,3.9377,4.78,10.5438,-0.0386,-1.659,10.47,19.937,0.6044,0.6869,0.7075,0.7171,0.8873,0.8925,5.3588,0.0001,DecisionTree,0.9825566794316795,0.9825566794316795,0.9789719781549846,0.9789719781549846,0.9789719781549846,0.9791110983006763,0.9685649418651829,0.9721002954005364,0.9895011238761239
stars,A_M,240.0,0.0458,0.9476,-11.92,20.06,3.9377,4.78,10.5438,-0.0386,-1.659,10.47,19.937,0.6044,0.6869,0.7075,0.7171,0.8873,0.8925,5.3588,0.0001,LogisticRegression,0.94062157563579,0.9238366457683609,0.9751690658554444,0.9786874086764438,0.9786874086764438,0.958118547859738,0.95456531163768,0.9444308392225059,0.9338909161825828
stars,A_M,240.0,0.0458,0.9476,-11.92,20.06,3.9377,4.78,10.5438,-0.0386,-1.659,10.47,19.937,0.6044,0.6869,0.7075,0.7171,0.8873,0.8925,5.3588,0.0001,KNN,0.9161824862471071,0.9158882394311212,0.922565935475749,0.922565935475749,0.922565935475749,0.9055423033686849,0.9161824862471071,0.9191243962270934,0.9158882394311212
stars,A_M,240.0,0.0458,0.9476,-11.92,20.06,3.9377,4.78,10.5438,-0.0386,-1.659,10.47,19.937,0.6044,0.6869,0.7075,0.7171,0.8873,0.8925,5.3588,0.0001,RandomForest,0.9930555555555556,0.9930555555555556,0.9964816571790006,0.9964816571790006,0.9964816571790006,0.9896294539321105,0.9895833333333334,0.9895833333333334,0.9930555555555556
stars,A_M,240.0,0.0458,0.9476,-11.92,20.06,3.9377,4.78,10.5438,-0.0386,-1.659,10.47,19.937,0.6044,0.6869,0.7075,0.7171,0.8873,0.8925,5.3588,0.0001,AdaBoost,0.391465057751732,0.391465057751732,0.5837165981984191,0.517643110439169,0.517643110439169,0.391465057751732,0.391465057751732,0.44503648632316056,0.391465057751732
stars,A_M,240.0,0.0458,0.9476,-11.92,20.06,3.9377,4.78,10.5438,-0.0386,-1.659,10.47,19.937,0.6044,0.6869,0.7075,0.7171,0.8873,0.8925,5.3588,0.0001,SVC,0.9092877820201155,0.9127333631511186,0.9334075661575085,0.940187126492528,0.940187126492528,0.9263906964004822,0.9059858399768705,0.9128785766723916,0.9092877820201155
visualizing_soil,northing,8641.0,0.503,0.8745,-0.01,3.805,1.9025,1.798,1.1031,0.0378,-1.244,0.9321,1.9006,0.0182,0.0265,0.0046,0.0301,0.0031,0.0419,8.1139,0.0,DecisionTree,0.8856078136384808,0.8753513304626355,0.8884489886416629,0.8879415922357605,0.886120379516675,0.8893705811810866,0.8436890805555415,0.8681576248054308,0.8856411006117147
visualizing_soil,northing,8641.0,0.503,0.8745,-0.01,3.805,1.9025,1.798,1.1031,0.0378,-1.244,0.9321,1.9006,0.0182,0.0265,0.0046,0.0301,0.0031,0.0419,8.1139,0.0,LogisticRegression,0.8206977163028067,0.7862573182015863,0.8765992267777095,0.878327968682372,0.8796726789180975,0.8191938116469066,0.8181415413672588,0.8074973534283307,0.8677769073930974
visualizing_soil,northing,8641.0,0.503,0.8745,-0.01,3.805,1.9025,1.798,1.1031,0.0378,-1.244,0.9321,1.9006,0.0182,0.0265,0.0046,0.0301,0.0031,0.0419,8.1139,0.0,KNN,0.8863066086082994,0.8847698431497528,0.8718416356559663,0.878359927103244,0.8762445510139539,0.8869911075658493,0.8848017855957226,0.8630737684197871,0.8829319405340504
visualizing_soil,northing,8641.0,0.503,0.8745,-0.01,3.805,1.9025,1.798,1.1031,0.0378,-1.244,0.9321,1.9006,0.0182,0.0265,0.0046,0.0301,0.0031,0.0419,8.1139,0.0,RandomForest,0.8895828633140233,0.884695238028743,0.8889509637760434,0.8886176327187976,0.8866919346645183,0.8899682194887315,0.8600452062919722,0.8595399356511084,0.8868875296441281
visualizing_soil,northing,8641.0,0.503,0.8745,-0.01,3.805,1.9025,1.798,1.1031,0.0378,-1.244,0.9321,1.9006,0.0182,0.0265,0.0046,0.0301,0.0031,0.0419,8.1139,0.0,AdaBoost,0.8837125303322547,0.8696944592785,0.8837208505267561,0.8860841649307073,0.8842617639104884,0.8877903913780143,0.8641186739658635,0.8641737324397651,0.8845807802312561
visualizing_soil,northing,8641.0,0.503,0.8745,-0.01,3.805,1.9025,1.798,1.1031,0.0378,-1.244,0.9321,1.9006,0.0182,0.0265,0.0046,0.0301,0.0031,0.0419,8.1139,0.0,SVC,0.8698892476126934,0.8792031723353417,0.885275886526311,0.8891043469504221,0.8880765283718589,0.8703849668754815,0.8674845866782805,0.8617495956619908,0.8802119655700282
visualizing_soil,northing,8641.0,0.4458,0.8693,-0.004,3.805,1.892,1.718,1.1005,0.0337,-1.2561,0.9548,1.9244,0.0092,0.0156,0.0069,0.0191,0.0011,0.0256,8.2073,0.0,DecisionTree,0.8792714968851886,0.8869344953719436,0.8992459028243429,0.9054508468703126,0.9062271623091086,0.9069528463521963,0.8641935279173704,0.8840790553585024,0.900633627845408
visualizing_soil,northing,8641.0,0.4458,0.8693,-0.004,3.805,1.892,1.718,1.1005,0.0337,-1.2561,0.9548,1.9244,0.0092,0.0156,0.0069,0.0191,0.0011,0.0256,8.2073,0.0,LogisticRegression,0.8374178977558971,0.8029378373364512,0.8934089153982516,0.899771943277154,0.8926940190985738,0.8376072632565807,0.8346327482668712,0.8301940829193084,0.8924411126060396
visualizing_soil,northing,8641.0,0.4458,0.8693,-0.004,3.805,1.892,1.718,1.1005,0.0337,-1.2561,0.9548,1.9244,0.0092,0.0156,0.0069,0.0191,0.0011,0.0256,8.2073,0.0,KNN,0.9011253574188522,0.9020415904154377,0.8926614414052865,0.9034074916638012,0.9032171831271356,0.9015089715478037,0.8998097352607888,0.8794970663109302,0.9016276842439145
visualizing_soil,northing,8641.0,0.4458,0.8693,-0.004,3.805,1.892,1.718,1.1005,0.0337,-1.2561,0.9548,1.9244,0.0092,0.0156,0.0069,0.0191,0.0011,0.0256,8.2073,0.0,RandomForest,0.9072800244534821,0.9027873347014774,0.9020751955843218,0.9075703249925919,0.9069964704507891,0.9073775437443361,0.8715838254237326,0.868925630664676,0.9038557785112682
visualizing_soil,northing,8641.0,0.4458,0.8693,-0.004,3.805,1.892,1.718,1.1005,0.0337,-1.2561,0.9548,1.9244,0.0092,0.0156,0.0069,0.0191,0.0011,0.0256,8.2073,0.0,AdaBoost,0.9036982141379,0.8873971766402681,0.8986418584573637,0.9075640846490073,0.9025636791035692,0.90588595380574,0.8745111516076272,0.8808060802056739,0.9007381315920676
visualizing_soil,northing,8641.0,0.4458,0.8693,-0.004,3.805,1.892,1.718,1.1005,0.0337,-1.2561,0.9548,1.9244,0.0092,0.0156,0.0069,0.0191,0.0011,0.0256,8.2073,0.0,SVC,0.8896615598060027,0.8955309287136328,0.8972238813394284,0.9074950839567961,0.9045785066100678,0.8900550251250117,0.8847304297918351,0.8779460674338736,0.8999495977247496
visualizing_soil,northing,8641.0,0.3968,0.8599,-0.004,3.806,1.9054,1.8192,1.1119,0.0199,-1.2746,0.9813,1.9292,0.0131,0.0194,0.0046,0.0227,0.0025,0.031,8.2775,0.0,DecisionTree,0.880548141053442,0.8999368211608506,0.9124249105424833,0.9169963916218078,0.9178591084891561,0.9162909585079912,0.8708938462057474,0.8925530385234781,0.9189795377327208
visualizing_soil,northing,8641.0,0.3968,0.8599,-0.004,3.806,1.9054,1.8192,1.1119,0.0199,-1.2746,0.9813,1.9292,0.0131,0.0194,0.0046,0.0227,0.0025,0.031,8.2775,0.0,LogisticRegression,0.8552620109281914,0.8235732542816343,0.9016993281254314,0.9062295077669842,0.9061669940287163,0.8551669370356516,0.8391244885358631,0.8504234878542989,0.9068540079723922
visualizing_soil,northing,8641.0,0.3968,0.8599,-0.004,3.806,1.9054,1.8192,1.1119,0.0199,-1.2746,0.9813,1.9292,0.0131,0.0194,0.0046,0.0227,0.0025,0.031,8.2775,0.0,KNN,0.9148676814717323,0.91380193145153,0.9055457419292574,0.9155671456412896,0.915297952153909,0.9152483364882552,0.9107240643653016,0.8947273622921486,0.9124454529151851
visualizing_soil,northing,8641.0,0.3968,0.8599,-0.004,3.806,1.9054,1.8192,1.1119,0.0199,-1.2746,0.9813,1.9292,0.0131,0.0194,0.0046,0.0227,0.0025,0.031,8.2775,0.0,RandomForest,0.9200776317665825,0.9126576606408465,0.9130894803786851,0.9200759416600097,0.9200771525148614,0.9169040030610209,0.8773687166724735,0.8825639376179152,0.919353028984359
visualizing_soil,northing,8641.0,0.3968,0.8599,-0.004,3.806,1.9054,1.8192,1.1119,0.0199,-1.2746,0.9813,1.9292,0.0131,0.0194,0.0046,0.0227,0.0025,0.031,8.2775,0.0,AdaBoost,0.9169764623177713,0.8993640595747922,0.912327693801934,0.9168758910832908,0.9169976036774313,0.9144750019750095,0.8799949944254195,0.8940181560887148,0.919168656634856
visualizing_soil,northing,8641.0,0.3968,0.8599,-0.004,3.806,1.9054,1.8192,1.1119,0.0199,-1.2746,0.9813,1.9292,0.0131,0.0194,0.0046,0.0227,0.0025,0.031,8.2775,0.0,SVC,0.901897615390983,0.9076387998106283,0.9074281649102544,0.9182760568493247,0.9139234648905213,0.8994143843915696,0.8926736112978194,0.8901603531956782,0.9144292916351034
visualizing_soil,northing,8641.0,0.3557,0.8545,-0.01,3.806,1.913,1.8213,1.1025,0.006,-1.2553,0.9533,1.9066,0.0201,0.0213,0.0012,0.0265,0.0072,0.0371,8.3257,0.0,DecisionTree,0.8879024809239769,0.8999764401587198,0.9184346586951818,0.9193746256880098,0.9195887561481548,0.9097836319654745,0.8822946601637114,0.8894914622233208,0.914527702816329
visualizing_soil,northing,8641.0,0.3557,0.8545,-0.01,3.806,1.913,1.8213,1.1025,0.006,-1.2553,0.9533,1.9066,0.0201,0.0213,0.0012,0.0265,0.0072,0.0371,8.3257,0.0,LogisticRegression,0.861330359010417,0.8206851980281274,0.9083376392821585,0.9047911442665871,0.9018941380358365,0.8604722459988029,0.8390699100066011,0.855782378167105,0.8960287239200828
visualizing_soil,northing,8641.0,0.3557,0.8545,-0.01,3.806,1.913,1.8213,1.1025,0.006,-1.2553,0.9533,1.9066,0.0201,0.0213,0.0012,0.0265,0.0072,0.0371,8.3257,0.0,KNN,0.9102416217082695,0.905528628792468,0.9049745587225646,0.9134436994213652,0.9128863793915857,0.9092691349569932,0.9077244723224412,0.901291722224336,0.9107991907599763
visualizing_soil,northing,8641.0,0.3557,0.8545,-0.01,3.806,1.913,1.8213,1.1025,0.006,-1.2553,0.9533,1.9066,0.0201,0.0213,0.0012,0.0265,0.0072,0.0371,8.3257,0.0,RandomForest,0.9182521066006679,0.9088472605028048,0.9177655148957695,0.9191945272954822,0.9180598619984195,0.9146873499858114,0.8843849963997119,0.8888353029266989,0.9154451922962584
visualizing_soil,northing,8641.0,0.3557,0.8545,-0.01,3.806,1.913,1.8213,1.1025,0.006,-1.2553,0.9533,1.9066,0.0201,0.0213,0.0012,0.0265,0.0072,0.0371,8.3257,0.0,AdaBoost,0.9146309427190988,0.8981458990427355,0.9125911494273424,0.9154045119205741,0.918155489886201,0.9123144825702918,0.8845545996830304,0.8953676801628108,0.9145585069473533
visualizing_soil,northing,8641.0,0.3557,0.8545,-0.01,3.806,1.913,1.8213,1.1025,0.006,-1.2553,0.9533,1.9066,0.0201,0.0213,0.0012,0.0265,0.0072,0.0371,8.3257,0.0,SVC,0.897362286034669,0.9053253328740896,0.9150565648908959,0.9161320658250137,0.9176576672263659,0.8955402993923565,0.8965718330297099,0.8942067581753841,0.9117582036073343
visualizing_soil,northing,8641.0,0.2963,0.8497,-0.01,3.806,1.9085,1.8178,1.1041,0.016,-1.2681,0.9688,1.907,0.0103,0.0164,0.0091,0.0238,0.0045,0.0331,8.4127,0.0,DecisionTree,0.9052638075938109,0.9204588037613284,0.9312789060497475,0.9359388298185514,0.9317121958040782,0.9314703791905748,0.8936258590238129,0.9040689609709794,0.9314091154770305
visualizing_soil,northing,8641.0,0.2963,0.8497,-0.01,3.806,1.9085,1.8178,1.1041,0.016,-1.2681,0.9688,1.907,0.0103,0.0164,0.0091,0.0238,0.0045,0.0331,8.4127,0.0,LogisticRegression,0.874270721704573,0.8443456564970897,0.9214250077140003,0.9219779224487977,0.9231656327034339,0.8737917309597625,0.8597779029181313,0.8695869910556404,0.9125173354912604
visualizing_soil,northing,8641.0,0.2963,0.8497,-0.01,3.806,1.9085,1.8178,1.1041,0.016,-1.2681,0.9688,1.907,0.0103,0.0164,0.0091,0.0238,0.0045,0.0331,8.4127,0.0,KNN,0.9315928072892957,0.93303306867453,0.9296191314976886,0.9314999706893106,0.9325616721803287,0.9312946794502432,0.930043085957035,0.918351207460776,0.9321552404808
visualizing_soil,northing,8641.0,0.2963,0.8497,-0.01,3.806,1.9085,1.8178,1.1041,0.016,-1.2681,0.9688,1.907,0.0103,0.0164,0.0091,0.0238,0.0045,0.0331,8.4127,0.0,RandomForest,0.92824290258542,0.9211431537313899,0.9321686758969729,0.9361348675434285,0.9327698311028088,0.9244715778315304,0.8990746746663933,0.9085161311356748,0.9316975008793006
visualizing_soil,northing,8641.0,0.2963,0.8497,-0.01,3.806,1.9085,1.8178,1.1041,0.016,-1.2681,0.9688,1.907,0.0103,0.0164,0.0091,0.0238,0.0045,0.0331,8.4127,0.0,AdaBoost,0.9333212666838591,0.9173919079978561,0.9292434480533168,0.9355544636460599,0.9318070401886837,0.9306117276301127,0.9081347497618948,0.9130203641643923,0.9317789190169965
visualizing_soil,northing,8641.0,0.2963,0.8497,-0.01,3.806,1.9085,1.8178,1.1041,0.016,-1.2681,0.9688,1.907,0.0103,0.0164,0.0091,0.0238,0.0045,0.0331,8.4127,0.0,SVC,0.9037222794942971,0.9220836105555732,0.9288608763525641,0.9334115787388174,0.9303431418019029,0.9035274096444559,0.9078569111283604,0.9054564321064967,0.9275237533046342
visualizing_soil,northing,8641.0,0.2488,0.8378,-0.01,3.806,1.9004,1.8088,1.1065,0.0241,-1.254,0.9626,1.9076,0.0014,0.0229,0.0021,0.0145,0.0072,0.0187,8.4437,0.0,DecisionTree,0.9241582825433269,0.9347364870246716,0.945497055000403,0.9487165197550909,0.946094058763126,0.9432883058459548,0.9085022756361028,0.9238266412120194,0.9463902759014398
visualizing_soil,northing,8641.0,0.2488,0.8378,-0.01,3.806,1.9004,1.8088,1.1065,0.0241,-1.254,0.9626,1.9076,0.0014,0.0229,0.0021,0.0145,0.0072,0.0187,8.4437,0.0,LogisticRegression,0.8971854061806837,0.8680841399144279,0.9335886661249264,0.9335362589679247,0.9305815948694744,0.8934323635404623,0.8754810229230118,0.8949625650951891,0.9265185873436056
visualizing_soil,northing,8641.0,0.2488,0.8378,-0.01,3.806,1.9004,1.8088,1.1065,0.0241,-1.254,0.9626,1.9076,0.0014,0.0229,0.0021,0.0145,0.0072,0.0187,8.4437,0.0,KNN,0.9374526928916953,0.9359015494702374,0.9426574035154239,0.9385055181312835,0.9403415799687566,0.9375473771592321,0.935631126781596,0.9263196328725178,0.9348304795749606
visualizing_soil,northing,8641.0,0.2488,0.8378,-0.01,3.806,1.9004,1.8088,1.1065,0.0241,-1.254,0.9626,1.9076,0.0014,0.0229,0.0021,0.0145,0.0072,0.0187,8.4437,0.0,RandomForest,0.9319827893240058,0.9349360776347065,0.9477136054321125,0.9493904614664969,0.9480393941279528,0.9326645858541549,0.9096226466897973,0.9261347697590039,0.9460174109337025
visualizing_soil,northing,8641.0,0.2488,0.8378,-0.01,3.806,1.9004,1.8088,1.1065,0.0241,-1.254,0.9626,1.9076,0.0014,0.0229,0.0021,0.0145,0.0072,0.0187,8.4437,0.0,AdaBoost,0.9457840847886553,0.9255294545876525,0.947426753941935,0.9502498142349364,0.9485151872427192,0.9415530511517902,0.9107135352129342,0.9274357650419058,0.9450544450641474
visualizing_soil,northing,8641.0,0.2488,0.8378,-0.01,3.806,1.9004,1.8088,1.1065,0.0241,-1.254,0.9626,1.9076,0.0014,0.0229,0.0021,0.0145,0.0072,0.0187,8.4437,0.0,SVC,0.918726293117017,0.9334062889287423,0.9434419656679018,0.9422124357195965,0.9410746555952885,0.9182443662113826,0.9209316535957843,0.9207440109653138,0.9420427298990423
visualizing_soil,northing,8641.0,0.1971,0.8318,-0.01,3.805,1.898,1.7868,1.1124,0.0308,-1.2753,0.9722,1.9732,0.0069,0.0168,0.0054,0.0168,0.0019,0.0229,8.5046,0.0,DecisionTree,0.9422900831377304,0.9471549731225284,0.9581951328989052,0.9595697974098532,0.9577481277902642,0.9452750724281855,0.9167555358677715,0.9398809375817222,0.9567570150216729
visualizing_soil,northing,8641.0,0.1971,0.8318,-0.01,3.805,1.898,1.7868,1.1124,0.0308,-1.2753,0.9722,1.9732,0.0069,0.0168,0.0054,0.0168,0.0019,0.0229,8.5046,0.0,LogisticRegression,0.9165899355582247,0.9000956734773634,0.9435254160288744,0.9431740881568972,0.9423281986667009,0.9141768375690067,0.8835516362723153,0.9179829816886759,0.9477033520643059
visualizing_soil,northing,8641.0,0.1971,0.8318,-0.01,3.805,1.898,1.7868,1.1124,0.0308,-1.2753,0.9722,1.9732,0.0069,0.0168,0.0054,0.0168,0.0019,0.0229,8.5046,0.0,KNN,0.9501712161639134,0.9484404619212148,0.9518137923299492,0.950569948106541,0.9502738772246477,0.9499743104407803,0.9438969349658001,0.9408633949904043,0.9512186036044623
visualizing_soil,northing,8641.0,0.1971,0.8318,-0.01,3.805,1.898,1.7868,1.1124,0.0308,-1.2753,0.9722,1.9732,0.0069,0.0168,0.0054,0.0168,0.0019,0.0229,8.5046,0.0,RandomForest,0.9463326793025786,0.9462434468824912,0.9593550388630069,0.9577512308591791,0.9560221511464789,0.9472949896324998,0.9175134112826391,0.9412287674837823,0.9576196581004293
visualizing_soil,northing,8641.0,0.1971,0.8318,-0.01,3.805,1.898,1.7868,1.1124,0.0308,-1.2753,0.9722,1.9732,0.0069,0.0168,0.0054,0.0168,0.0019,0.0229,8.5046,0.0,AdaBoost,0.9551328789122375,0.9364157461011564,0.9586810140009507,0.9568829263873156,0.9566874332283727,0.9568651838598389,0.9206042443995005,0.9410849054837832,0.9567551394280768
visualizing_soil,northing,8641.0,0.1971,0.8318,-0.01,3.805,1.898,1.7868,1.1124,0.0308,-1.2753,0.9722,1.9732,0.0069,0.0168,0.0054,0.0168,0.0019,0.0229,8.5046,0.0,SVC,0.9382515333275138,0.944094420323949,0.951822432145958,0.9538704091255464,0.9524388300732793,0.9366180307788637,0.9269650110492219,0.9349625320567818,0.953092986598708
visualizing_soil,northing,8641.0,0.1511,0.8289,-0.004,3.806,1.8988,1.8088,1.1075,0.0249,-1.2646,0.9744,1.9496,0.0126,0.0139,0.0076,0.0225,0.0015,0.0309,8.5497,0.0,DecisionTree,0.9559489306464852,0.9606154076840412,0.9614636258217198,0.9662002113973807,0.9651449011681883,0.9561413481664318,0.9436094877639281,0.9551641818472181,0.96464849077907
visualizing_soil,northing,8641.0,0.1511,0.8289,-0.004,3.806,1.8988,1.8088,1.1075,0.0249,-1.2646,0.9744,1.9496,0.0126,0.0139,0.0076,0.0225,0.0015,0.0309,8.5497,0.0,LogisticRegression,0.9289461208350203,0.921012037238558,0.9492438968647775,0.953975398437604,0.9512792870965427,0.927688728522176,0.9119499070264702,0.9331978231428618,0.9503999748146625
visualizing_soil,northing,8641.0,0.1511,0.8289,-0.004,3.806,1.8988,1.8088,1.1075,0.0249,-1.2646,0.9744,1.9496,0.0126,0.0139,0.0076,0.0225,0.0015,0.0309,8.5497,0.0,KNN,0.9611537306325071,0.9576677963263446,0.9557685817728376,0.9610662309723565,0.958844261518343,0.9599956173506085,0.9546558094459188,0.9552113666802653,0.9627794278994162
visualizing_soil,northing,8641.0,0.1511,0.8289,-0.004,3.806,1.8988,1.8088,1.1075,0.0249,-1.2646,0.9744,1.9496,0.0126,0.0139,0.0076,0.0225,0.0015,0.0309,8.5497,0.0,RandomForest,0.9576791520784604,0.9607147577628206,0.9622420728618233,0.9667790465855497,0.9661059450427818,0.9576791520784604,0.9386320489423008,0.9575681331485787,0.9658120803161357
visualizing_soil,northing,8641.0,0.1511,0.8289,-0.004,3.806,1.8988,1.8088,1.1075,0.0249,-1.2646,0.9744,1.9496,0.0126,0.0139,0.0076,0.0225,0.0015,0.0309,8.5497,0.0,AdaBoost,0.9639804610333305,0.9528151076655917,0.9619516764423296,0.9665795675953599,0.9651391733462134,0.9629166399531994,0.9373108156005509,0.9566841964854857,0.9648428121843982
visualizing_soil,northing,8641.0,0.1511,0.8289,-0.004,3.806,1.8988,1.8088,1.1075,0.0249,-1.2646,0.9744,1.9496,0.0126,0.0139,0.0076,0.0225,0.0015,0.0309,8.5497,0.0,SVC,0.9475723504721552,0.9506112187984123,0.9540415388215624,0.9643520848038938,0.9622365382248581,0.9474768254748479,0.9346181778339387,0.9485160107853513,0.9607811688113685
visualizing_soil,northing,8641.0,0.1025,0.8219,-0.01,3.806,1.9042,1.8147,1.1092,0.0182,-1.2669,0.9733,1.942,0.0065,0.0166,0.0044,0.0178,0.003,0.0235,8.5873,0.0,DecisionTree,0.969789483206509,0.9749194302976656,0.9792845307921483,0.979582749062924,0.978906589409628,0.9699817316575576,0.961785403413395,0.9677509591898531,0.9804352747975534
visualizing_soil,northing,8641.0,0.1025,0.8219,-0.01,3.806,1.9042,1.8147,1.1092,0.0182,-1.2669,0.9733,1.942,0.0065,0.0166,0.0044,0.0178,0.003,0.0235,8.5873,0.0,LogisticRegression,0.9460404034661238,0.950389454882269,0.971146868464303,0.9697101390078288,0.9676834508783074,0.9440063981584443,0.9381955861884594,0.9500404207496496,0.9730793072219737
visualizing_soil,northing,8641.0,0.1025,0.8219,-0.01,3.806,1.9042,1.8147,1.1092,0.0182,-1.2669,0.9733,1.942,0.0065,0.0166,0.0044,0.0178,0.003,0.0235,8.5873,0.0,KNN,0.9722457416813233,0.9724251201737054,0.9759074376360515,0.9740724317283909,0.9739798210014807,0.9727265420401304,0.9677015975053489,0.9663835431391925,0.9751233402636781
visualizing_soil,northing,8641.0,0.1025,0.8219,-0.01,3.806,1.9042,1.8147,1.1092,0.0182,-1.2669,0.9733,1.942,0.0065,0.0166,0.0044,0.0178,0.003,0.0235,8.5873,0.0,RandomForest,0.9711352446255399,0.9754048771015853,0.9811185055635875,0.980641963806252,0.9801617809695876,0.9710391906697498,0.9609038672920986,0.9687125175642541,0.9810152383777954
visualizing_soil,northing,8641.0,0.1025,0.8219,-0.01,3.806,1.9042,1.8147,1.1092,0.0182,-1.2669,0.9733,1.942,0.0065,0.0166,0.0044,0.0178,0.003,0.0235,8.5873,0.0,AdaBoost,0.9776521843255169,0.9666987535497007,0.9807334281756255,0.981122181414748,0.9797764751866169,0.9782309998890022,0.9573324880136771,0.9676561450445322,0.9801490686989702
visualizing_soil,northing,8641.0,0.1025,0.8219,-0.01,3.806,1.9042,1.8147,1.1092,0.0182,-1.2669,0.9733,1.942,0.0065,0.0166,0.0044,0.0178,0.003,0.0235,8.5873,0.0,SVC,0.9612135607434188,0.9663405969115759,0.9766772681979002,0.9753332443419219,0.9736033596232148,0.9608289050720289,0.9510982530286429,0.9604319388755825,0.9765790270043871
visualizing_soil,northing,8641.0,0.0435,0.8167,-0.01,3.806,1.9007,1.8121,1.106,0.0224,-1.2615,0.9712,1.9295,0.0061,0.0152,0.0056,0.0173,0.0016,0.0231,8.6448,0.0,DecisionTree,0.9855562659761437,0.986306700967434,0.9903614376607479,0.9880508559972293,0.9898800600591091,0.9856466982693604,0.9818531539815107,0.984395024132923,0.9893971096141129
visualizing_soil,northing,8641.0,0.0435,0.8167,-0.01,3.806,1.9007,1.8121,1.106,0.0224,-1.2615,0.9712,1.9295,0.0061,0.0152,0.0056,0.0173,0.0016,0.0231,8.6448,0.0,LogisticRegression,0.9687542150259065,0.9773246598456183,0.9853400418972116,0.9869847945839072,0.9865031108931739,0.968367090602742,0.9651839326002948,0.9754099441469872,0.9874645056603184
visualizing_soil,northing,8641.0,0.0435,0.8167,-0.01,3.806,1.9007,1.8121,1.106,0.0224,-1.2615,0.9712,1.9295,0.0061,0.0152,0.0056,0.0173,0.0016,0.0231,8.6448,0.0,KNN,0.9841976048152715,0.9837997397661529,0.9868886129889735,0.9871809401277364,0.986699918671807,0.983908653277506,0.9806135115926234,0.9816925248372458,0.9873695892988945
visualizing_soil,northing,8641.0,0.0435,0.8167,-0.01,3.806,1.9007,1.8121,1.106,0.0224,-1.2615,0.9712,1.9295,0.0061,0.0152,0.0056,0.0173,0.0016,0.0231,8.6448,0.0,RandomForest,0.9860374879731435,0.9879462337711352,0.9908434567390422,0.9903638418635192,0.9897869905974589,0.9860374879731435,0.9805064722989356,0.9849730457642205,0.9907463870144732
visualizing_soil,northing,8641.0,0.0435,0.8167,-0.01,3.806,1.9007,1.8121,1.106,0.0224,-1.2615,0.9712,1.9295,0.0061,0.0152,0.0056,0.0173,0.0016,0.0231,8.6448,0.0,AdaBoost,0.9879520248052337,0.9832146532039473,0.990361585560212,0.9902673983176911,0.989497951566193,0.989878600907794,0.9817571784900272,0.9843943065148144,0.9905535735437794
visualizing_soil,northing,8641.0,0.0435,0.8167,-0.01,3.806,1.9007,1.8121,1.106,0.0224,-1.2615,0.9712,1.9295,0.0061,0.0152,0.0056,0.0173,0.0016,0.0231,8.6448,0.0,SVC,0.9788076260603432,0.9788830542000173,0.9870795458060394,0.9893971629231902,0.9890110907526888,0.978327665089313,0.970865729491219,0.9763967142024558,0.988334517965485
visualizing_soil,easting,8641.0,0.5002,0.8224,-0.003,1.5522,0.7339,0.728,0.4253,0.182,-1.0905,0.3654,0.723,0.0117,0.3426,0.0184,0.2405,0.0252,0.3866,8.0855,0.0,DecisionTree,0.999903583372388,0.999903583372388,0.999903583372388,0.999903583372388,0.999903583372388,0.999903583372388,0.999903583372388,0.999903583372388,0.999903583372388
visualizing_soil,easting,8641.0,0.5002,0.8224,-0.003,1.5522,0.7339,0.728,0.4253,0.182,-1.0905,0.3654,0.723,0.0117,0.3426,0.0184,0.2405,0.0252,0.3866,8.0855,0.0,LogisticRegression,0.9948869608826882,0.9980712501949568,0.997974843581647,0.998264346177025,0.9979750721818744,0.9957557693058365,0.9983607194109144,0.99527348849095,0.9981678425370437
visualizing_soil,easting,8641.0,0.5002,0.8224,-0.003,1.5522,0.7339,0.728,0.4253,0.182,-1.0905,0.3654,0.723,0.0117,0.3426,0.0184,0.2405,0.0252,0.3866,8.0855,0.0,KNN,0.9927689223851953,0.9939253267585042,0.9940213632831446,0.9926709584744351,0.9933466294016726,0.9933473728177145,0.9924798599037248,0.9888131376914957,0.9925754898389192
visualizing_soil,easting,8641.0,0.5002,0.8224,-0.003,1.5522,0.7339,0.728,0.4253,0.182,-1.0905,0.3654,0.723,0.0117,0.3426,0.0184,0.2405,0.0252,0.3866,8.0855,0.0,RandomForest,1.0,1.0,1.0,1.0,1.0,1.0,1.0,1.0,1.0
visualizing_soil,easting,8641.0,0.5002,0.8224,-0.003,1.5522,0.7339,0.728,0.4253,0.182,-1.0905,0.3654,0.723,0.0117,0.3426,0.0184,0.2405,0.0252,0.3866,8.0855,0.0,AdaBoost,0.999903583372388,0.999903583372388,0.999903583372388,0.999903583372388,0.999903583372388,0.999903583372388,0.999903583372388,0.999903583372388,0.999903583372388
visualizing_soil,easting,8641.0,0.5002,0.8224,-0.003,1.5522,0.7339,0.728,0.4253,0.182,-1.0905,0.3654,0.723,0.0117,0.3426,0.0184,0.2405,0.0252,0.3866,8.0855,0.0,SVC,0.9975894006960399,0.997493071006313,0.9985535585019775,0.9981681198826904,0.9981681901758692,0.9975897213272501,0.9979754576942911,0.9965284195954249,0.9981681556373293
visualizing_soil,easting,8641.0,0.4585,0.8089,-0.003,1.56,0.7405,0.7372,0.4333,0.1859,-1.1137,0.3752,0.7439,0.0005,0.3575,0.0129,0.2491,0.0164,0.3995,8.1448,0.0,DecisionTree,0.999903583372388,0.999903583372388,0.999903583372388,0.999903583372388,0.999903583372388,0.999903583372388,0.999903583372388,0.999903583372388,0.999903583372388
visualizing_soil,easting,8641.0,0.4585,0.8089,-0.003,1.56,0.7405,0.7372,0.4333,0.1859,-1.1137,0.3752,0.7439,0.0005,0.3575,0.0129,0.2491,0.0164,0.3995,8.1448,0.0,LogisticRegression,0.9960453239185131,0.9983606490083133,0.9981678759977208,0.9982643138805979,0.9984571878759134,0.9961419569018756,0.9965281056915958,0.9972996980566825,0.9974927966113359
visualizing_soil,easting,8641.0,0.4585,0.8089,-0.003,1.56,0.7405,0.7372,0.4333,0.1859,-1.1137,0.3752,0.7439,0.0005,0.3575,0.0129,0.2491,0.0164,0.3995,8.1448,0.0,KNN,0.9946013404106677,0.9946009351581305,0.993443908796537,0.9942148291263982,0.993829578148357,0.9945048842819907,0.9943119435306605,0.9906463601186521,0.9937328575988883
visualizing_soil,easting,8641.0,0.4585,0.8089,-0.003,1.56,0.7405,0.7372,0.4333,0.1859,-1.1137,0.3752,0.7439,0.0005,0.3575,0.0129,0.2491,0.0164,0.3995,8.1448,0.0,RandomForest,1.0,1.0,1.0,1.0,1.0,1.0,1.0,1.0,1.0
visualizing_soil,easting,8641.0,0.4585,0.8089,-0.003,1.56,0.7405,0.7372,0.4333,0.1859,-1.1137,0.3752,0.7439,0.0005,0.3575,0.0129,0.2491,0.0164,0.3995,8.1448,0.0,AdaBoost,0.999903583372388,0.999903583372388,0.999903583372388,0.999903583372388,0.999903583372388,0.999903583372388,0.999903583372388,0.999903583372388,0.999903583372388
visualizing_soil,easting,8641.0,0.4585,0.8089,-0.003,1.56,0.7405,0.7372,0.4333,0.1859,-1.1137,0.3752,0.7439,0.0005,0.3575,0.0129,0.2491,0.0164,0.3995,8.1448,0.0,SVC,0.9979755763521302,0.9985538943189172,0.9996143246030027,0.9982647883897466,0.9983611592887706,0.9977827147952059,0.9978791376313993,0.997493149624967,0.9983610693889975
visualizing_soil,easting,8641.0,0.3941,0.7867,-0.004,1.56,0.7407,0.7364,0.4279,0.1816,-1.0989,0.3737,0.7427,0.0039,0.3585,0.0154,0.2474,0.0202,0.3964,8.2209,0.0,DecisionTree,0.999903583372388,0.999903583372388,0.999903583372388,0.999903583372388,0.999903583372388,0.999903583372388,0.999903583372388,0.999903583372388,0.999903583372388
visualizing_soil,easting,8641.0,0.3941,0.7867,-0.004,1.56,0.7407,0.7364,0.4279,0.1816,-1.0989,0.3737,0.7427,0.0039,0.3585,0.0154,0.2474,0.0202,0.3964,8.2209,0.0,LogisticRegression,0.9964313742628746,0.9989392969542054,0.9985536036472972,0.9983607925196378,0.9983607925196378,0.996238623301511,0.9961422149967942,0.9972033638661353,0.9982643414966493
visualizing_soil,easting,8641.0,0.3941,0.7867,-0.004,1.56,0.7407,0.7364,0.4279,0.1816,-1.0989,0.3737,0.7427,0.0039,0.3585,0.0154,0.2474,0.0202,0.3964,8.2209,0.0,KNN,0.9949859526737235,0.9947930061742799,0.995275374017917,0.9947932468850726,0.9941178736628918,0.9943110230514169,0.9944074990135525,0.9922860364970095,0.9938284824804696
visualizing_soil,easting,8641.0,0.3941,0.7867,-0.004,1.56,0.7407,0.7364,0.4279,0.1816,-1.0989,0.3737,0.7427,0.0039,0.3585,0.0154,0.2474,0.0202,0.3964,8.2209,0.0,RandomForest,1.0,1.0,1.0,1.0,1.0,1.0,1.0,1.0,1.0
visualizing_soil,easting,8641.0,0.3941,0.7867,-0.004,1.56,0.7407,0.7364,0.4279,0.1816,-1.0989,0.3737,0.7427,0.0039,0.3585,0.0154,0.2474,0.0202,0.3964,8.2209,0.0,AdaBoost,0.999903583372388,0.999903583372388,0.999903583372388,0.999903583372388,0.999903583372388,0.999903583372388,0.999903583372388,0.999903583372388,0.999903583372388
visualizing_soil,easting,8641.0,0.3941,0.7867,-0.004,1.56,0.7407,0.7364,0.4279,0.1816,-1.0989,0.3737,0.7427,0.0039,0.3585,0.0154,0.2474,0.0202,0.3964,8.2209,0.0,SVC,0.9991322854268689,0.9990358828330941,0.999807158743487,0.9990359119646697,0.9989395080765783,0.9983611333968061,0.9983611333968061,0.9984573405848015,0.9988430839772042
visualizing_soil,easting,8641.0,0.3517,0.789,-0.003,1.56,0.7342,0.7189,0.43,0.2007,-1.1068,0.3637,0.7383,0.0161,0.3649,0.0252,0.2487,0.0345,0.3984,8.2953,0.0,DecisionTree,0.999903583372388,0.999903583372388,0.999903583372388,0.999903583372388,0.999903583372388,0.999903583372388,0.999903583372388,0.999903583372388,0.999903583372388
visualizing_soil,easting,8641.0,0.3517,0.789,-0.003,1.56,0.7342,0.7189,0.43,0.2007,-1.1068,0.3637,0.7383,0.0161,0.3649,0.0252,0.2487,0.0345,0.3984,8.2953,0.0,LogisticRegression,0.9971064142891982,0.9988428426564622,0.9984570895432296,0.9981679456645058,0.9983607837991186,0.9974927616876117,0.9984573390743691,0.9967208860275832,0.9987464332349771
visualizing_soil,easting,8641.0,0.3517,0.789,-0.003,1.56,0.7342,0.7189,0.43,0.2007,-1.1068,0.3637,0.7383,0.0161,0.3649,0.0252,0.2487,0.0345,0.3984,8.2953,0.0,KNN,0.995372092201608,0.9952756421628511,0.9957575631406959,0.9955646561988607,0.9957577764834954,0.9951794280526445,0.9950827795208392,0.9928646235724101,0.9946973491238087
visualizing_soil,easting,8641.0,0.3517,0.789,-0.003,1.56,0.7342,0.7189,0.43,0.2007,-1.1068,0.3637,0.7383,0.0161,0.3649,0.0252,0.2487,0.0345,0.3984,8.2953,0.0,RandomForest,1.0,1.0,1.0,1.0,1.0,1.0,1.0,1.0,1.0
visualizing_soil,easting,8641.0,0.3517,0.789,-0.003,1.56,0.7342,0.7189,0.43,0.2007,-1.1068,0.3637,0.7383,0.0161,0.3649,0.0252,0.2487,0.0345,0.3984,8.2953,0.0,AdaBoost,0.999903583372388,0.999903583372388,0.999903583372388,0.999903583372388,0.999903583372388,0.999903583372388,0.999903583372388,0.999903583372388,0.999903583372388
visualizing_soil,easting,8641.0,0.3517,0.789,-0.003,1.56,0.7342,0.7189,0.43,0.2007,-1.1068,0.3637,0.7383,0.0161,0.3649,0.0252,0.2487,0.0345,0.3984,8.2953,0.0,SVC,0.9978785610908337,0.9983607418005057,0.9996143253357469,0.998553661508155,0.9982644565629781,0.9980715249487511,0.9983608952741463,0.9978785351781665,0.9983608822467887
visualizing_soil,easting,8641.0,0.3037,0.766,-0.002,1.554,0.7385,0.7209,0.4299,0.1948,-1.1009,0.3605,0.7364,0.0104,0.348,0.0198,0.2406,0.0266,0.3886,8.3224,0.0,DecisionTree,0.999903583372388,0.999903583372388,0.999903583372388,0.999903583372388,0.999903583372388,0.999903583372388,0.999903583372388,0.999903583372388,0.999903583372388
visualizing_soil,easting,8641.0,0.3037,0.766,-0.002,1.554,0.7385,0.7209,0.4299,0.1948,-1.1009,0.3605,0.7364,0.0104,0.348,0.0198,0.2406,0.0266,0.3886,8.3224,0.0,LogisticRegression,0.996720514896022,0.9984570742254465,0.9984570954970343,0.9981678424115619,0.9983607374434754,0.9972998217999431,0.9985536558722086,0.9967211021179382,0.999035779542822
visualizing_soil,easting,8641.0,0.3037,0.766,-0.002,1.554,0.7385,0.7209,0.4299,0.1948,-1.1009,0.3605,0.7364,0.0104,0.348,0.0198,0.2406,0.0266,0.3886,8.3224,0.0,KNN,0.9937320782202501,0.9946001515376468,0.9945031908153202,0.9946964665301563,0.9947932164386281,0.9940216654058323,0.9940216531359247,0.990454105229212,0.9937323748915554
visualizing_soil,easting,8641.0,0.3037,0.766,-0.002,1.554,0.7385,0.7209,0.4299,0.1948,-1.1009,0.3605,0.7364,0.0104,0.348,0.0198,0.2406,0.0266,0.3886,8.3224,0.0,RandomForest,1.0,1.0,1.0,1.0,1.0,1.0,1.0,0.9999035897568042,1.0
visualizing_soil,easting,8641.0,0.3037,0.766,-0.002,1.554,0.7385,0.7209,0.4299,0.1948,-1.1009,0.3605,0.7364,0.0104,0.348,0.0198,0.2406,0.0266,0.3886,8.3224,0.0,AdaBoost,0.999903583372388,0.999903583372388,0.999903583372388,0.999903583372388,0.999903583372388,0.999903583372388,0.999903583372388,0.999903583372388,0.999903583372388
visualizing_soil,easting,8641.0,0.3037,0.766,-0.002,1.554,0.7385,0.7209,0.4299,0.1948,-1.1009,0.3605,0.7364,0.0104,0.348,0.0198,0.2406,0.0266,0.3886,8.3224,0.0,SVC,0.9987465561351659,0.9985536857832381,0.9989393379571838,0.9990358630488025,0.9990358630488025,0.9986502011815616,0.998843021229393,0.9983608241970705,0.9988430536030234
visualizing_soil,easting,8641.0,0.2495,0.754,-0.004,1.56,0.744,0.7453,0.4317,0.1667,-1.1186,0.3821,0.7487,0.0049,0.3527,0.0155,0.2493,0.0198,0.3975,8.3768,0.0,DecisionTree,0.999903583372388,0.999903583372388,0.999903583372388,0.999903583372388,0.999903583372388,0.999903583372388,0.999903583372388,0.999903583372388,0.999903583372388
visualizing_soil,easting,8641.0,0.2495,0.754,-0.004,1.56,0.744,0.7453,0.4317,0.1667,-1.1186,0.3821,0.7487,0.0049,0.3527,0.0155,0.2493,0.0198,0.3975,8.3768,0.0,LogisticRegression,0.9973959317223762,0.998457083460237,0.9990357139639671,0.9984571056147441,0.9984571056147441,0.997781877412783,0.9985536755072788,0.997685457950101,0.9984571056147441
visualizing_soil,easting,8641.0,0.2495,0.754,-0.004,1.56,0.744,0.7453,0.4317,0.1667,-1.1186,0.3821,0.7487,0.0049,0.3527,0.0155,0.2493,0.0198,0.3975,8.3768,0.0,KNN,0.9936364079083766,0.9944076210609459,0.9943120093010951,0.9942147710445506,0.9939257639025639,0.9939257771446313,0.9941186169061638,0.9934434235466086,0.9938293428771048
visualizing_soil,easting,8641.0,0.2495,0.754,-0.004,1.56,0.744,0.7453,0.4317,0.1667,-1.1186,0.3821,0.7487,0.0049,0.3527,0.0155,0.2493,0.0198,0.3975,8.3768,0.0,RandomForest,1.0,1.0,1.0,1.0,1.0,1.0,1.0,1.0,1.0
visualizing_soil,easting,8641.0,0.2495,0.754,-0.004,1.56,0.744,0.7453,0.4317,0.1667,-1.1186,0.3821,0.7487,0.0049,0.3527,0.0155,0.2493,0.0198,0.3975,8.3768,0.0,AdaBoost,0.999903583372388,0.999903583372388,0.999903583372388,0.999903583372388,0.999903583372388,0.999903583372388,0.999903583372388,0.999903583372388,0.999903583372388
visualizing_soil,easting,8641.0,0.2495,0.754,-0.004,1.56,0.744,0.7453,0.4317,0.1667,-1.1186,0.3821,0.7487,0.0049,0.3527,0.0155,0.2493,0.0198,0.3975,8.3768,0.0,SVC,0.9985536721657794,0.9980714647446,0.9983606837738662,0.99836083649939,0.9984572923539721,0.9983609128656976,0.9986501310391064,0.9981679621260908,0.9987465268379742
visualizing_soil,easting,8641.0,0.1987,0.7464,-0.004,1.554,0.7359,0.7243,0.4278,0.1921,-1.0839,0.3629,0.7301,0.0064,0.3587,0.0181,0.2478,0.0241,0.398,8.4302,0.0,DecisionTree,0.999903583372388,0.999903583372388,0.999903583372388,0.999903583372388,0.999903583372388,0.999903583372388,0.999903583372388,0.999903583372388,0.999903583372388
visualizing_soil,easting,8641.0,0.1987,0.7464,-0.004,1.554,0.7359,0.7243,0.4278,0.1921,-1.0839,0.3629,0.7301,0.0064,0.3587,0.0181,0.2478,0.0241,0.398,8.4302,0.0,LogisticRegression,0.997589051164466,0.9987464451941962,0.9986500317175317,0.9985536219143599,0.9987464629042823,0.9981677324926155,0.9984571612519267,0.997782006094708,0.9989392901312428
visualizing_soil,easting,8641.0,0.1987,0.7464,-0.004,1.554,0.7359,0.7243,0.4278,0.1921,-1.0839,0.3629,0.7301,0.0064,0.3587,0.0181,0.2478,0.0241,0.398,8.4302,0.0,KNN,0.9947935738218239,0.9948895854685491,0.9955649654051615,0.9945043067688705,0.9942149435190146,0.994600651148005,0.9951791870081721,0.9930581867798166,0.9940227314184706
visualizing_soil,easting,8641.0,0.1987,0.7464,-0.004,1.554,0.7359,0.7243,0.4278,0.1921,-1.0839,0.3629,0.7301,0.0064,0.3587,0.0181,0.2478,0.0241,0.398,8.4302,0.0,RandomForest,1.0,1.0,1.0,1.0,1.0,1.0,1.0,1.0,1.0
visualizing_soil,easting,8641.0,0.1987,0.7464,-0.004,1.554,0.7359,0.7243,0.4278,0.1921,-1.0839,0.3629,0.7301,0.0064,0.3587,0.0181,0.2478,0.0241,0.398,8.4302,0.0,AdaBoost,0.999903583372388,0.999903583372388,0.999903583372388,0.999903583372388,0.999903583372388,0.999903583372388,0.999903583372388,0.999903583372388,0.999903583372388
visualizing_soil,easting,8641.0,0.1987,0.7464,-0.004,1.554,0.7359,0.7243,0.4278,0.1921,-1.0839,0.3629,0.7301,0.0064,0.3587,0.0181,0.2478,0.0241,0.398,8.4302,0.0,SVC,0.9990357855854382,0.9985537060913425,0.998264218154488,0.9986502027250748,0.9987466002580618,0.9987466342088158,0.9987466284221955,0.998553697390753,0.9987466342088158
visualizing_soil,easting,8641.0,0.1478,0.7295,-0.004,1.56,0.7362,0.7278,0.4291,0.1918,-1.095,0.3665,0.7367,0.0102,0.3519,0.02,0.2442,0.0273,0.3907,8.4543,0.0,DecisionTree,0.999903583372388,0.999903583372388,0.999903583372388,0.999903583372388,0.999903583372388,0.999903583372388,0.999903583372388,0.999903583372388,0.999903583372388
visualizing_soil,easting,8641.0,0.1478,0.7295,-0.004,1.56,0.7362,0.7278,0.4291,0.1918,-1.095,0.3665,0.7367,0.0102,0.3519,0.02,0.2442,0.0273,0.3907,8.4543,0.0,LogisticRegression,0.9973959635195951,0.9987464228377767,0.9988428727074541,0.9987464228377767,0.9987464228377767,0.9974925288364564,0.9978786827355728,0.9974925889406812,0.9987464228377767
visualizing_soil,easting,8641.0,0.1478,0.7295,-0.004,1.56,0.7362,0.7278,0.4291,0.1918,-1.095,0.3665,0.7367,0.0102,0.3519,0.02,0.2442,0.0273,0.3907,8.4543,0.0,KNN,0.9938288390507561,0.99411793857761,0.9952751463636179,0.9936356177430812,0.9940215901703328,0.9933468917288485,0.9934429518076319,0.9930573875648997,0.9943106096075487
visualizing_soil,easting,8641.0,0.1478,0.7295,-0.004,1.56,0.7362,0.7278,0.4291,0.1918,-1.095,0.3665,0.7367,0.0102,0.3519,0.02,0.2442,0.0273,0.3907,8.4543,0.0,RandomForest,1.0,1.0,1.0,1.0,1.0,1.0,1.0,1.0,1.0
visualizing_soil,easting,8641.0,0.1478,0.7295,-0.004,1.56,0.7362,0.7278,0.4291,0.1918,-1.095,0.3665,0.7367,0.0102,0.3519,0.02,0.2442,0.0273,0.3907,8.4543,0.0,AdaBoost,0.999903583372388,0.999903583372388,0.999903583372388,0.999903583372388,0.999903583372388,0.999903583372388,0.999903583372388,0.999903583372388,0.999903583372388
visualizing_soil,easting,8641.0,0.1478,0.7295,-0.004,1.56,0.7362,0.7278,0.4291,0.1918,-1.095,0.3665,0.7367,0.0102,0.3519,0.02,0.2442,0.0273,0.3907,8.4543,0.0,SVC,0.998939432938442,0.9987466109151321,0.9992286242332242,0.9985538631473269,0.9985538631473269,0.9986502690113165,0.9989394912813985,0.9989394052481431,0.9985538312995992
visualizing_soil,easting,8641.0,0.098,0.7199,-0.004,1.56,0.7371,0.7278,0.4287,0.1906,-1.0942,0.366,0.7352,0.0012,0.3519,0.0142,0.2423,0.0183,0.3894,8.4962,0.0,DecisionTree,0.999903583372388,0.999903583372388,0.999903583372388,0.999903583372388,0.999903583372388,0.999903583372388,0.999903583372388,0.999903583372388,0.999903583372388
visualizing_soil,easting,8641.0,0.098,0.7199,-0.004,1.56,0.7371,0.7278,0.4287,0.1906,-1.0942,0.366,0.7352,0.0012,0.3519,0.0142,0.2423,0.0183,0.3894,8.4962,0.0,LogisticRegression,0.997878380775343,0.9980715679871043,0.9988428727074541,0.9987464411352394,0.9987464228377767,0.9982641941878527,0.998264232919342,0.9976854919340576,0.9982641848503102
visualizing_soil,easting,8641.0,0.098,0.7199,-0.004,1.56,0.7371,0.7278,0.4287,0.1906,-1.0942,0.366,0.7352,0.0012,0.3519,0.0142,0.2423,0.0183,0.3894,8.4962,0.0,KNN,0.9937319986525112,0.9939248870212387,0.9954681259485061,0.9944068417713039,0.9947928361546874,0.9936357178262527,0.9932497169698649,0.9940209359300405,0.9945996901431745
visualizing_soil,easting,8641.0,0.098,0.7199,-0.004,1.56,0.7371,0.7278,0.4287,0.1906,-1.0942,0.366,0.7352,0.0012,0.3519,0.0142,0.2423,0.0183,0.3894,8.4962,0.0,RandomForest,1.0,1.0,1.0,1.0,1.0,1.0,1.0,1.0,1.0
visualizing_soil,easting,8641.0,0.098,0.7199,-0.004,1.56,0.7371,0.7278,0.4287,0.1906,-1.0942,0.366,0.7352,0.0012,0.3519,0.0142,0.2423,0.0183,0.3894,8.4962,0.0,AdaBoost,0.999903583372388,0.999903583372388,0.999903583372388,0.999903583372388,0.999903583372388,0.999903583372388,0.999903583372388,0.999903583372388,0.999903583372388
visualizing_soil,easting,8641.0,0.098,0.7199,-0.004,1.56,0.7371,0.7278,0.4287,0.1906,-1.0942,0.366,0.7352,0.0012,0.3519,0.0142,0.2423,0.0183,0.3894,8.4962,0.0,SVC,0.999517901185327,0.999421478085347,0.9992286108642461,0.9988429225886548,0.9988429445442593,0.9993250651852825,0.9994214917379545,0.9989393047968556,0.9991321725301312
visualizing_soil,easting,8641.0,0.0555,0.7141,-0.004,1.56,0.7376,0.7266,0.4294,0.1905,-1.097,0.3654,0.7369,0.0089,0.3529,0.0196,0.2446,0.0263,0.3924,8.531,0.0,DecisionTree,0.999903583372388,0.999903583372388,0.999903583372388,0.999903583372388,0.999903583372388,0.999903583372388,0.999903583372388,0.999903583372388,0.999903583372388
visualizing_soil,easting,8641.0,0.0555,0.7141,-0.004,1.56,0.7376,0.7266,0.4294,0.1905,-1.097,0.3654,0.7369,0.0089,0.3529,0.0196,0.2446,0.0263,0.3924,8.531,0.0,LogisticRegression,0.998457083460237,0.9981680572733383,0.9987464228377767,0.9987464228377767,0.9988428653493512,0.998360657971015,0.9984571889438274,0.9987464085670146,0.9987464228377767
visualizing_soil,easting,8641.0,0.0555,0.7141,-0.004,1.56,0.7376,0.7266,0.4294,0.1905,-1.097,0.3654,0.7369,0.0089,0.3529,0.0196,0.2446,0.0263,0.3924,8.531,0.0,KNN,0.9952757012353474,0.9953719505605244,0.9951791119485318,0.9947936737109198,0.9947936737109198,0.9953719452746764,0.995564776422101,0.9947936289957442,0.994986501115036
visualizing_soil,easting,8641.0,0.0555,0.7141,-0.004,1.56,0.7376,0.7266,0.4294,0.1905,-1.097,0.3654,0.7369,0.0089,0.3529,0.0196,0.2446,0.0263,0.3924,8.531,0.0,RandomForest,1.0,1.0,1.0,1.0,1.0,1.0,1.0,1.0,1.0
visualizing_soil,easting,8641.0,0.0555,0.7141,-0.004,1.56,0.7376,0.7266,0.4294,0.1905,-1.097,0.3654,0.7369,0.0089,0.3529,0.0196,0.2446,0.0263,0.3924,8.531,0.0,AdaBoost,0.999903583372388,0.999903583372388,0.999903583372388,0.999903583372388,0.999903583372388,0.999903583372388,0.999903583372388,0.999903583372388,0.999903583372388
visualizing_soil,easting,8641.0,0.0555,0.7141,-0.004,1.56,0.7376,0.7266,0.4294,0.1905,-1.097,0.3654,0.7369,0.0089,0.3529,0.0196,0.2446,0.0263,0.3924,8.531,0.0,SVC,0.9990357876724145,0.9988429964077015,0.9989393490129155,0.9987465515617355,0.9986501504173599,0.9987465518289863,0.9988429964077015,0.998939373666734,0.9987465515617355
visualizing_soil,resistivity,8641.0,0.5004,0.7962,0.89,166.01,51.0185,48.3,28.7467,0.5331,-0.0363,19.81,41.25,0.02,0.3542,0.0028,0.2424,0.0049,0.3915,8.064,0.0,DecisionTree,0.999903583372388,0.999903583372388,0.999903583372388,0.999903583372388,0.999903583372388,0.999903583372388,0.999903583372388,0.999903583372388,0.999903583372388
visualizing_soil,resistivity,8641.0,0.5004,0.7962,0.89,166.01,51.0185,48.3,28.7467,0.5331,-0.0363,19.81,41.25,0.02,0.3542,0.0028,0.2424,0.0049,0.3915,8.064,0.0,LogisticRegression,0.9988428727074541,0.9985535623970806,0.9987464228377767,0.9994214510339259,0.9992285995206895,0.9988428727074541,0.9988428727074541,0.9985535623970806,0.9988428727074541
visualizing_soil,resistivity,8641.0,0.5004,0.7962,0.89,166.01,51.0185,48.3,28.7467,0.5331,-0.0363,19.81,41.25,0.02,0.3542,0.0028,0.2424,0.0049,0.3915,8.064,0.0,KNN,0.9936355874973324,0.9946000925636731,0.9964319395863369,0.9934426342887277,0.9939247871080069,0.9942143235049589,0.994214202909337,0.9919958749581073,0.9944069783508429
visualizing_soil,resistivity,8641.0,0.5004,0.7962,0.89,166.01,51.0185,48.3,28.7467,0.5331,-0.0363,19.81,41.25,0.02,0.3542,0.0028,0.2424,0.0049,0.3915,8.064,0.0,RandomForest,1.0,1.0,1.0,1.0,1.0,1.0,1.0,1.0,1.0
visualizing_soil,resistivity,8641.0,0.5004,0.7962,0.89,166.01,51.0185,48.3,28.7467,0.5331,-0.0363,19.81,41.25,0.02,0.3542,0.0028,0.2424,0.0049,0.3915,8.064,0.0,AdaBoost,0.999903583372388,0.999903583372388,0.999903583372388,0.999903583372388,0.999903583372388,0.999903583372388,0.999903583372388,0.999903583372388,0.999903583372388
visualizing_soil,resistivity,8641.0,0.5004,0.7962,0.89,166.01,51.0185,48.3,28.7467,0.5331,-0.0363,19.81,41.25,0.02,0.3542,0.0028,0.2424,0.0049,0.3915,8.064,0.0,SVC,0.9994214886325563,0.9993250498504371,0.9987464280627627,0.9989393098439912,0.9989393098439912,0.9993250712087676,0.9994214969653296,0.9993250498504371,0.9993250714761076
visualizing_soil,resistivity,8641.0,0.4549,0.7862,0.92,165.63,51.2312,47.78,29.3957,0.5828,0.0024,19.83,42.84,0.0218,0.3377,0.0005,0.2363,0.0085,0.3835,8.1363,0.0,DecisionTree,0.999903583372388,0.999903583372388,0.999903583372388,0.999903583372388,0.999903583372388,0.999903583372388,0.999903583372388,0.999903583372388,0.999903583372388
visualizing_soil,resistivity,8641.0,0.4549,0.7862,0.92,165.63,51.2312,47.78,29.3957,0.5828,0.0024,19.83,42.84,0.0218,0.3377,0.0005,0.2363,0.0085,0.3835,8.1363,0.0,LogisticRegression,0.998360696193259,0.9985535623970806,0.9988428727074541,0.9992285995206895,0.9991321825109278,0.9984571527700429,0.9984571527700429,0.9985535623970806,0.9985535623970806
visualizing_soil,resistivity,8641.0,0.4549,0.7862,0.92,165.63,51.2312,47.78,29.3957,0.5828,0.0024,19.83,42.84,0.0218,0.3377,0.0005,0.2363,0.0085,0.3835,8.1363,0.0,KNN,0.9947928299211837,0.9955646127169367,0.9964317580643507,0.9957568874605109,0.9960464575613219,0.9945998925815017,0.9948890423438244,0.9911264358922772,0.9953713378561112
visualizing_soil,resistivity,8641.0,0.4549,0.7862,0.92,165.63,51.2312,47.78,29.3957,0.5828,0.0024,19.83,42.84,0.0218,0.3377,0.0005,0.2363,0.0085,0.3835,8.1363,0.0,RandomForest,1.0,1.0,1.0,1.0,1.0,1.0,0.9999035897568042,0.9999035897568042,0.999903583372388
visualizing_soil,resistivity,8641.0,0.4549,0.7862,0.92,165.63,51.2312,47.78,29.3957,0.5828,0.0024,19.83,42.84,0.0218,0.3377,0.0005,0.2363,0.0085,0.3835,8.1363,0.0,AdaBoost,0.999903583372388,0.999903583372388,0.999903583372388,0.999903583372388,0.999903583372388,0.999903583372388,0.999903583372388,0.999903583372388,0.999903583372388
visualizing_soil,resistivity,8641.0,0.4549,0.7862,0.92,165.63,51.2312,47.78,29.3957,0.5828,0.0024,19.83,42.84,0.0218,0.3377,0.0005,0.2363,0.0085,0.3835,8.1363,0.0,SVC,0.9991322476462451,0.9991321793324078,0.9988428960698672,0.9989393276420819,0.9992286107859114,0.9993250749017686,0.9992286650700338,0.998939365230432,0.9991322476462451
visualizing_soil,resistivity,8641.0,0.399,0.7637,0.89,166.01,50.9496,47.81,28.9931,0.5607,0.0002,19.66,41.96,0.0268,0.3565,0.0023,0.2469,0.015,0.3944,8.1948,0.0,DecisionTree,0.999903583372388,0.999903583372388,0.999903583372388,0.999903583372388,0.999903583372388,0.999903583372388,0.999903583372388,0.999903583372388,0.999903583372388
visualizing_soil,resistivity,8641.0,0.399,0.7637,0.89,166.01,50.9496,47.81,28.9931,0.5607,0.0002,19.66,41.96,0.0268,0.3565,0.0023,0.2469,0.015,0.3944,8.1948,0.0,LogisticRegression,0.9984571056147441,0.9984571200297607,0.9989393157526021,0.9993250169444783,0.9992285995206895,0.9985535150324516,0.9984571056109665,0.9985535298614954,0.9987464216844656
visualizing_soil,resistivity,8641.0,0.399,0.7637,0.89,166.01,50.9496,47.81,28.9931,0.5607,0.0002,19.66,41.96,0.0268,0.3565,0.0023,0.2469,0.015,0.3944,8.1948,0.0,KNN,0.9946972463554252,0.9948900636307432,0.9950830486430935,0.9955650431683899,0.9942146718143478,0.9945042699088302,0.994600633295317,0.9933467275064991,0.9945041127619675
visualizing_soil,resistivity,8641.0,0.399,0.7637,0.89,166.01,50.9496,47.81,28.9931,0.5607,0.0002,19.66,41.96,0.0268,0.3565,0.0023,0.2469,0.015,0.3944,8.1948,0.0,RandomForest,1.0,1.0,1.0,1.0,1.0,1.0,1.0,0.9999035897568042,1.0
visualizing_soil,resistivity,8641.0,0.399,0.7637,0.89,166.01,50.9496,47.81,28.9931,0.5607,0.0002,19.66,41.96,0.0268,0.3565,0.0023,0.2469,0.015,0.3944,8.1948,0.0,AdaBoost,0.999903583372388,0.999903583372388,0.999903583372388,0.999903583372388,0.999903583372388,0.999903583372388,0.999903583372388,0.999903583372388,0.999903583372388
visualizing_soil,resistivity,8641.0,0.399,0.7637,0.89,166.01,50.9496,47.81,28.9931,0.5607,0.0002,19.66,41.96,0.0268,0.3565,0.0023,0.2469,0.015,0.3944,8.1948,0.0,SVC,0.9992286743549389,0.9987465323144202,0.9995178988464406,0.9995178988464406,0.9995178988464406,0.999614344553594,0.9997107485002912,0.998553706624224,0.9996143310765024
visualizing_soil,resistivity,8641.0,0.3445,0.7572,0.89,166.01,50.4254,47.28,28.9956,0.589,0.0502,19.375,40.985,0.025,0.3576,0.002,0.252,0.0132,0.4026,8.2735,0.0,DecisionTree,0.999903583372388,0.999903583372388,0.999903583372388,0.999903583372388,0.999903583372388,0.999903583372388,0.999903583372388,0.999903583372388,0.999903583372388
visualizing_soil,resistivity,8641.0,0.3445,0.7572,0.89,166.01,50.4254,47.28,28.9956,0.589,0.0502,19.375,40.985,0.025,0.3576,0.002,0.252,0.0132,0.4026,8.2735,0.0,LogisticRegression,0.9987464216844656,0.998939296568419,0.9988428727074541,0.9991321825109278,0.9990357399993534,0.9987464216844656,0.9985535623970806,0.998842853523271,0.9989393157526021
visualizing_soil,resistivity,8641.0,0.3445,0.7572,0.89,166.01,50.4254,47.28,28.9956,0.589,0.0502,19.375,40.985,0.025,0.3576,0.002,0.252,0.0132,0.4026,8.2735,0.0,KNN,0.9951789002811182,0.9952752038992991,0.9953713068862637,0.994889691902588,0.9957572021402674,0.9956612783521557,0.9951789966704772,0.9921892177367817,0.9942140408671375
visualizing_soil,resistivity,8641.0,0.3445,0.7572,0.89,166.01,50.4254,47.28,28.9956,0.589,0.0502,19.375,40.985,0.025,0.3576,0.002,0.252,0.0132,0.4026,8.2735,0.0,RandomForest,1.0,0.9998071731585036,1.0,1.0,1.0,1.0,1.0,1.0,1.0
visualizing_soil,resistivity,8641.0,0.3445,0.7572,0.89,166.01,50.4254,47.28,28.9956,0.589,0.0502,19.375,40.985,0.025,0.3576,0.002,0.252,0.0132,0.4026,8.2735,0.0,AdaBoost,0.999903583372388,0.999903583372388,0.999903583372388,0.999903583372388,0.999903583372388,0.999903583372388,0.999903583372388,0.999903583372388,0.999903583372388
visualizing_soil,resistivity,8641.0,0.3445,0.7572,0.89,166.01,50.4254,47.28,28.9956,0.589,0.0502,19.375,40.985,0.025,0.3576,0.002,0.252,0.0132,0.4026,8.2735,0.0,SVC,0.999421464756993,0.999325042459168,0.9993250362434292,0.9993250444296278,0.9992286234364849,0.9992286218439823,0.9990357651002859,0.9988429038677361,0.9989393335280712
visualizing_soil,resistivity,8641.0,0.2985,0.7403,0.89,166.01,50.9889,48.17,28.9705,0.5433,-0.0832,19.86,42.1025,0.0213,0.3562,0.0004,0.2465,0.0096,0.3945,8.3114,0.0,DecisionTree,0.999903583372388,0.999903583372388,0.999903583372388,0.999903583372388,0.999903583372388,0.999903583372388,0.999903583372388,0.999903583372388,0.999903583372388
visualizing_soil,resistivity,8641.0,0.2985,0.7403,0.89,166.01,50.9889,48.17,28.9705,0.5433,-0.0832,19.86,42.1025,0.0213,0.3562,0.0004,0.2465,0.0096,0.3945,8.3114,0.0,LogisticRegression,0.9991321564755415,0.9989393045462595,0.9990357399993534,0.9992285995206895,0.9992285995206895,0.9992285905649891,0.9991321564755415,0.9990357139639671,0.9991321564755415
visualizing_soil,resistivity,8641.0,0.2985,0.7403,0.89,166.01,50.9889,48.17,28.9705,0.5433,-0.0832,19.86,42.1025,0.0213,0.3562,0.0004,0.2465,0.0096,0.3945,8.3114,0.0,KNN,0.9945999176312506,0.9953713335642094,0.9949858047014981,0.9947928726409201,0.9957573943635467,0.9947926822827355,0.9946965120894309,0.9944075148126146,0.9946965452172285
visualizing_soil,resistivity,8641.0,0.2985,0.7403,0.89,166.01,50.9889,48.17,28.9705,0.5433,-0.0832,19.86,42.1025,0.0213,0.3562,0.0004,0.2465,0.0096,0.3945,8.3114,0.0,RandomForest,1.0,1.0,1.0,1.0,1.0,1.0,0.9999035897568042,1.0,1.0
visualizing_soil,resistivity,8641.0,0.2985,0.7403,0.89,166.01,50.9889,48.17,28.9705,0.5433,-0.0832,19.86,42.1025,0.0213,0.3562,0.0004,0.2465,0.0096,0.3945,8.3114,0.0,AdaBoost,0.999903583372388,0.999903583372388,0.999903583372388,0.999903583372388,0.999903583372388,0.999903583372388,0.999903583372388,0.999903583372388,0.999903583372388
visualizing_soil,resistivity,8641.0,0.2985,0.7403,0.89,166.01,50.9889,48.17,28.9705,0.5433,-0.0832,19.86,42.1025,0.0213,0.3562,0.0004,0.2465,0.0096,0.3945,8.3114,0.0,SVC,0.9996143246030027,0.9983609224503169,0.9992286267504571,0.9993250498504371,0.999614323093192,0.9996143246030027,0.9996143246030027,0.9988429367298685,0.999517907179214
visualizing_soil,resistivity,8641.0,0.2465,0.7269,0.92,165.63,51.0796,47.85,28.8168,0.5675,-0.0146,19.31,41.405,0.0178,0.3485,0.006,0.2419,0.0005,0.3882,8.3608,0.0,DecisionTree,0.999903583372388,0.999903583372388,0.999903583372388,0.999903583372388,0.999903583372388,0.999903583372388,0.999903583372388,0.999903583372388,0.999903583372388
visualizing_soil,resistivity,8641.0,0.2465,0.7269,0.92,165.63,51.0796,47.85,28.8168,0.5675,-0.0146,19.31,41.405,0.0178,0.3485,0.006,0.2419,0.0005,0.3882,8.3608,0.0,LogisticRegression,0.9989393157526021,0.9987464376668205,0.9989393157526021,0.9991321825109278,0.9990357399993534,0.9989393157526021,0.9989393157526021,0.9987464376668205,0.9990357399993534
visualizing_soil,resistivity,8641.0,0.2465,0.7269,0.92,165.63,51.0796,47.85,28.8168,0.5675,-0.0146,19.31,41.405,0.0178,0.3485,0.006,0.2419,0.0005,0.3882,8.3608,0.0,KNN,0.9943111100465922,0.994889651046146,0.9950826852696272,0.9947933812116028,0.9947929592276499,0.994311110499748,0.9942146198552256,0.9929606257189717,0.9940220267630667
visualizing_soil,resistivity,8641.0,0.2465,0.7269,0.92,165.63,51.0796,47.85,28.8168,0.5675,-0.0146,19.31,41.405,0.0178,0.3485,0.006,0.2419,0.0005,0.3882,8.3608,0.0,RandomForest,1.0,1.0,1.0,1.0,1.0,1.0,1.0,1.0,1.0
visualizing_soil,resistivity,8641.0,0.2465,0.7269,0.92,165.63,51.0796,47.85,28.8168,0.5675,-0.0146,19.31,41.405,0.0178,0.3485,0.006,0.2419,0.0005,0.3882,8.3608,0.0,AdaBoost,0.999903583372388,0.999903583372388,0.999903583372388,0.999903583372388,0.999903583372388,0.999903583372388,0.999903583372388,0.999903583372388,0.999903583372388
visualizing_soil,resistivity,8641.0,0.2465,0.7269,0.92,165.63,51.0796,47.85,28.8168,0.5675,-0.0146,19.31,41.405,0.0178,0.3485,0.006,0.2419,0.0005,0.3882,8.3608,0.0,SVC,0.9995178988464406,0.9991321670321072,0.999517907179214,0.9995178988464406,0.9996143154740527,0.9997107412306147,0.999807158743487,0.9991321670321072,0.9995178988464406
visualizing_soil,resistivity,8641.0,0.1934,0.7141,0.89,166.01,50.6464,47.67,28.7615,0.5663,0.0046,19.42,40.8675,0.0196,0.3595,0.0015,0.2501,0.0073,0.4003,8.4073,0.0,DecisionTree,0.999903583372388,0.999903583372388,0.999903583372388,0.999903583372388,0.999903583372388,0.999903583372388,0.999903583372388,0.999903583372388,0.999903583372388
visualizing_soil,resistivity,8641.0,0.1934,0.7141,0.89,166.01,50.6464,47.67,28.7615,0.5663,0.0046,19.42,40.8675,0.0196,0.3595,0.0015,0.2501,0.0073,0.4003,8.4073,0.0,LogisticRegression,0.9985535566377326,0.9985535623970806,0.9988428727074541,0.9989393157526021,0.9989393157526021,0.9985535566377326,0.9985535566377326,0.9985535623970806,0.9987464228377767
visualizing_soil,resistivity,8641.0,0.1934,0.7141,0.89,166.01,50.6464,47.67,28.7615,0.5663,0.0046,19.42,40.8675,0.0196,0.3595,0.0015,0.2501,0.0073,0.4003,8.4073,0.0,KNN,0.9946001674276738,0.9950822521838134,0.9949859778116589,0.994118090643369,0.9950819721804174,0.9946966167499358,0.9949858579685609,0.9943107847884267,0.9950822420584391
visualizing_soil,resistivity,8641.0,0.1934,0.7141,0.89,166.01,50.6464,47.67,28.7615,0.5663,0.0046,19.42,40.8675,0.0196,0.3595,0.0015,0.2501,0.0073,0.4003,8.4073,0.0,RandomForest,1.0,1.0,1.0,1.0,1.0,1.0,0.9999035897568042,0.9999035897568042,1.0
visualizing_soil,resistivity,8641.0,0.1934,0.7141,0.89,166.01,50.6464,47.67,28.7615,0.5663,0.0046,19.42,40.8675,0.0196,0.3595,0.0015,0.2501,0.0073,0.4003,8.4073,0.0,AdaBoost,0.999903583372388,0.999903583372388,0.999903583372388,0.999903583372388,0.999903583372388,0.999903583372388,0.999903583372388,0.999903583372388,0.999903583372388
visualizing_soil,resistivity,8641.0,0.1934,0.7141,0.89,166.01,50.6464,47.67,28.7615,0.5663,0.0046,19.42,40.8675,0.0196,0.3595,0.0015,0.2501,0.0073,0.4003,8.4073,0.0,SVC,0.9987464570836762,0.9988428507170115,0.9994214664780492,0.9994214664780492,0.9992286243612152,0.9990357676175188,0.9991321907174988,0.9984570897021395,0.9988428867440111
visualizing_soil,resistivity,8641.0,0.1563,0.6992,0.89,165.63,50.9575,47.91,28.639,0.5442,-0.0498,19.545,41.565,0.0187,0.3535,0.0041,0.241,0.0042,0.3888,8.4271,0.0,DecisionTree,0.999903583372388,0.999903583372388,0.999903583372388,0.999903583372388,0.999903583372388,0.999903583372388,0.999903583372388,0.999903583372388,0.999903583372388
visualizing_soil,resistivity,8641.0,0.1563,0.6992,0.89,165.63,50.9575,47.91,28.639,0.5442,-0.0498,19.545,41.565,0.0187,0.3535,0.0041,0.241,0.0042,0.3888,8.4271,0.0,LogisticRegression,0.9988428727074541,0.9985535623970806,0.9988428727074541,0.9990357582641766,0.9989393157526021,0.9988428727074541,0.9988428727074541,0.9985535623970806,0.9988428727074541
visualizing_soil,resistivity,8641.0,0.1563,0.6992,0.89,165.63,50.9575,47.91,28.639,0.5442,-0.0498,19.545,41.565,0.0187,0.3535,0.0041,0.241,0.0042,0.3888,8.4271,0.0,KNN,0.9940219792288133,0.9952754259573097,0.9948892674616132,0.9951791847875833,0.9948899007513543,0.9939253721937753,0.9948896316745777,0.993925038463851,0.9947932382317128
visualizing_soil,resistivity,8641.0,0.1563,0.6992,0.89,165.63,50.9575,47.91,28.639,0.5442,-0.0498,19.545,41.565,0.0187,0.3535,0.0041,0.241,0.0042,0.3888,8.4271,0.0,RandomForest,1.0,0.999903583372388,1.0,1.0,1.0,1.0,0.9999035897568042,0.999903583372388,1.0
visualizing_soil,resistivity,8641.0,0.1563,0.6992,0.89,165.63,50.9575,47.91,28.639,0.5442,-0.0498,19.545,41.565,0.0187,0.3535,0.0041,0.241,0.0042,0.3888,8.4271,0.0,AdaBoost,0.999903583372388,0.999903583372388,0.999903583372388,0.999903583372388,0.999903583372388,0.999903583372388,0.999903583372388,0.999903583372388,0.999903583372388
visualizing_soil,resistivity,8641.0,0.1563,0.6992,0.89,165.63,50.9575,47.91,28.639,0.5442,-0.0498,19.545,41.565,0.0187,0.3535,0.0041,0.241,0.0042,0.3888,8.4271,0.0,SVC,0.9992286267504571,0.9984571224256635,0.9991321970901221,0.9994214786656501,0.9991321923536243,0.9992286267504571,0.9993250441742458,0.9983607725751217,0.9993250583226718
visualizing_soil,resistivity,8641.0,0.1016,0.6881,0.92,166.01,50.9511,47.89,28.9454,0.5604,-0.0165,19.61,41.785,0.0186,0.3608,0.0029,0.249,0.0059,0.3995,8.4676,0.0,DecisionTree,0.999903583372388,0.999903583372388,0.999903583372388,0.999903583372388,0.999903583372388,0.999903583372388,0.999903583372388,0.999903583372388,0.999903583372388
visualizing_soil,resistivity,8641.0,0.1016,0.6881,0.92,166.01,50.9511,47.89,28.9454,0.5604,-0.0165,19.61,41.785,0.0186,0.3608,0.0029,0.249,0.0059,0.3995,8.4676,0.0,LogisticRegression,0.9987464228377767,0.9988429063348945,0.9988428727074541,0.9988428727074541,0.9988428727074541,0.9988428727074541,0.9987464228377767,0.9987464632897465,0.9988428727074541
visualizing_soil,resistivity,8641.0,0.1016,0.6881,0.92,166.01,50.9511,47.89,28.9454,0.5604,-0.0165,19.61,41.785,0.0186,0.3608,0.0029,0.249,0.0059,0.3995,8.4676,0.0,KNN,0.9954683470904245,0.9950825526335282,0.9962396564964814,0.9954683031048037,0.9952753145127106,0.9950828090216375,0.994889921746748,0.9946967711878774,0.9950827465950993
visualizing_soil,resistivity,8641.0,0.1016,0.6881,0.92,166.01,50.9511,47.89,28.9454,0.5604,-0.0165,19.61,41.785,0.0186,0.3608,0.0029,0.249,0.0059,0.3995,8.4676,0.0,RandomForest,1.0,1.0,1.0,1.0,1.0,1.0,1.0,1.0,1.0
visualizing_soil,resistivity,8641.0,0.1016,0.6881,0.92,166.01,50.9511,47.89,28.9454,0.5604,-0.0165,19.61,41.785,0.0186,0.3608,0.0029,0.249,0.0059,0.3995,8.4676,0.0,AdaBoost,0.999903583372388,0.999903583372388,0.999903583372388,0.999903583372388,0.999903583372388,0.999903583372388,0.999903583372388,0.999903583372388,0.999903583372388
visualizing_soil,resistivity,8641.0,0.1016,0.6881,0.92,166.01,50.9511,47.89,28.9454,0.5604,-0.0165,19.61,41.785,0.0186,0.3608,0.0029,0.249,0.0059,0.3995,8.4676,0.0,SVC,0.9991321926610095,0.9986500680272157,0.9992286242332242,0.9992286243612152,0.9993250583226718,0.9993250583226718,0.9993250583226718,0.9988428867440111,0.9994214814226519
visualizing_soil,resistivity,8641.0,0.0486,0.6744,0.92,166.01,50.8991,47.8,28.818,0.5674,0.0147,19.43,41.17,0.0133,0.3554,0.0074,0.2463,0.0012,0.3949,8.5021,0.0,DecisionTree,0.999903583372388,0.999903583372388,0.999903583372388,0.999903583372388,0.999903583372388,0.999903583372388,0.999903583372388,0.999903583372388,0.999903583372388
visualizing_soil,resistivity,8641.0,0.0486,0.6744,0.92,166.01,50.8991,47.8,28.818,0.5674,0.0147,19.43,41.17,0.0133,0.3554,0.0074,0.2463,0.0012,0.3949,8.5021,0.0,LogisticRegression,0.9987464228377767,0.9984571056147441,0.9987464228377767,0.9987464228377767,0.9987464228377767,0.9987464228377767,0.9987464228377767,0.9984571056147441,0.9987464228377767
visualizing_soil,resistivity,8641.0,0.0486,0.6744,0.92,166.01,50.8991,47.8,28.818,0.5674,0.0147,19.43,41.17,0.0133,0.3554,0.0074,0.2463,0.0012,0.3949,8.5021,0.0,KNN,0.9955648968086005,0.9945044529923073,0.9959506096973556,0.9957578657163944,0.9957578094870806,0.9951794168604403,0.9953722414478959,0.9946969266047353,0.9951792383932521
visualizing_soil,resistivity,8641.0,0.0486,0.6744,0.92,166.01,50.8991,47.8,28.818,0.5674,0.0147,19.43,41.17,0.0133,0.3554,0.0074,0.2463,0.0012,0.3949,8.5021,0.0,RandomForest,1.0,1.0,1.0,1.0,1.0,1.0,1.0,1.0,1.0
visualizing_soil,resistivity,8641.0,0.0486,0.6744,0.92,166.01,50.8991,47.8,28.818,0.5674,0.0147,19.43,41.17,0.0133,0.3554,0.0074,0.2463,0.0012,0.3949,8.5021,0.0,AdaBoost,0.999903583372388,0.999903583372388,0.999903583372388,0.999903583372388,0.999903583372388,0.999903583372388,0.999903583372388,0.999903583372388,0.999903583372388
visualizing_soil,resistivity,8641.0,0.0486,0.6744,0.92,166.01,50.8991,47.8,28.818,0.5674,0.0147,19.43,41.17,0.0133,0.3554,0.0074,0.2463,0.0012,0.3949,8.5021,0.0,SVC,0.9992286048216298,0.9983608304049547,0.9992286242332242,0.9989393335280712,0.9992286242332242,0.9993250222454185,0.9992286048216298,0.9986500399786786,0.9993250473332043
