name,column_name,n_tuples,missing_perc,uniqueness,min,max,mean,median,std,skewness,kurtosis,mad,iqr,p_min,p_max,k_min,k_max,s_min,s_max,entropy,density,ml_algorithm,impute_standard,impute_mean,impute_median,impute_random,impute_knn,impute_mice,impute_linear_regression,impute_random_forest,impute_cmeans
mv,x4,40768.0,0.5037,0.9786,-7.4998,2.4996,-4.3893,-5.7244,3.0224,0.9668,-0.6026,1.049,4.8906,0.0056,0.7001,0.0049,0.5014,0.0074,0.6646,9.8853,0.0,DecisionTree,0.9522299170906159,0.9477344409198751,0.9522107174510428,0.9522299170906159,0.9522097039008566,0.9521681950855128,0.9521334790851808,0.9521133461283576,0.9522104096762152
mv,x4,40768.0,0.5037,0.9786,-7.4998,2.4996,-4.3893,-5.7244,3.0224,0.9668,-0.6026,1.049,4.8906,0.0056,0.7001,0.0049,0.5014,0.0074,0.6646,9.8853,0.0,LogisticRegression,0.9494087858597638,0.9478370347973474,0.9490374591560424,0.9492782556010269,0.9493420843288919,0.9491034799856737,0.9496947572829655,0.9484898888202276,0.9494833539385616
mv,x4,40768.0,0.5037,0.9786,-7.4998,2.4996,-4.3893,-5.7244,3.0224,0.9668,-0.6026,1.049,4.8906,0.0056,0.7001,0.0049,0.5014,0.0074,0.6646,9.8853,0.0,KNN,0.9491561472175818,0.9475068678811788,0.9483079088977168,0.947995724674301,0.9487057097222399,0.9489530396937241,0.9491972478851989,0.9486628883839088,0.9483204687641381
mv,x4,40768.0,0.5037,0.9786,-7.4998,2.4996,-4.3893,-5.7244,3.0224,0.9668,-0.6026,1.049,4.8906,0.0056,0.7001,0.0049,0.5014,0.0074,0.6646,9.8853,0.0,RandomForest,0.9528508160137463,0.9519814029070895,0.9522896207041016,0.9524465230015665,0.9525457477404182,0.9520934004282136,0.953048959368089,0.9531637558389092,0.9531531453432348
mv,x4,40768.0,0.5037,0.9786,-7.4998,2.4996,-4.3893,-5.7244,3.0224,0.9668,-0.6026,1.049,4.8906,0.0056,0.7001,0.0049,0.5014,0.0074,0.6646,9.8853,0.0,AdaBoost,0.9528985209050511,0.9509721337935297,0.9522215284521531,0.9523126026549644,0.9519653313428484,0.9522195304927827,0.9526053631919366,0.9522368514585846,0.9527698678818304
mv,x4,40768.0,0.5037,0.9786,-7.4998,2.4996,-4.3893,-5.7244,3.0224,0.9668,-0.6026,1.049,4.8906,0.0056,0.7001,0.0049,0.5014,0.0074,0.6646,9.8853,0.0,SVC,0.9131745710647645,0.9058337251329819,0.9254042562286272,0.926393555927466,0.9263019967416434,0.9166109339020427,0.9140242547412413,0.9117889089117631,0.925182268910851
mv,x4,40768.0,0.4499,0.9744,-7.4997,2.4996,-4.3987,-5.7253,3.0139,0.9752,-0.5833,1.0443,4.8472,0.0078,0.7013,0.0064,0.4992,0.0097,0.6619,9.9823,0.0,DecisionTree,0.9529700962198344,0.9483934449438273,0.9528713652799834,0.9529498698760086,0.9529512686950994,0.9530105334307862,0.9528696744753253,0.9531170553186018,0.9529094299840701
mv,x4,40768.0,0.4499,0.9744,-7.4997,2.4996,-4.3987,-5.7253,3.0139,0.9752,-0.5833,1.0443,4.8472,0.0078,0.7013,0.0064,0.4992,0.0097,0.6619,9.9823,0.0,LogisticRegression,0.950186633810709,0.9484695766939479,0.9506178453125745,0.950611919009707,0.9508574134152888,0.9497767218688564,0.9504545782786603,0.9497800813593514,0.9506325797177488
mv,x4,40768.0,0.4499,0.9744,-7.4997,2.4996,-4.3987,-5.7253,3.0139,0.9752,-0.5833,1.0443,4.8472,0.0078,0.7013,0.0064,0.4992,0.0097,0.6619,9.9823,0.0,KNN,0.9512786124542181,0.9483768582519383,0.9500529046066355,0.9502972408085284,0.9503360378235444,0.9507501832729356,0.9513589526502519,0.9503072093025027,0.950256566024654
mv,x4,40768.0,0.4499,0.9744,-7.4997,2.4996,-4.3987,-5.7253,3.0139,0.9752,-0.5833,1.0443,4.8472,0.0078,0.7013,0.0064,0.4992,0.0097,0.6619,9.9823,0.0,RandomForest,0.9540281084325984,0.9529466534116888,0.9539072021183995,0.9535607900274206,0.9536585518456955,0.9535080854709403,0.9536067144584284,0.9540193999320139,0.9537011839755282
mv,x4,40768.0,0.4499,0.9744,-7.4997,2.4996,-4.3987,-5.7253,3.0139,0.9752,-0.5833,1.0443,4.8472,0.0078,0.7013,0.0064,0.4992,0.0097,0.6619,9.9823,0.0,AdaBoost,0.9531817009467056,0.9494820451132092,0.9526811609747334,0.953235402169782,0.9528108267720455,0.9528665443727936,0.9529360041531654,0.953094189414396,0.9529432303451566
mv,x4,40768.0,0.4499,0.9744,-7.4997,2.4996,-4.3987,-5.7253,3.0139,0.9752,-0.5833,1.0443,4.8472,0.0078,0.7013,0.0064,0.4992,0.0097,0.6619,9.9823,0.0,SVC,0.9144241949946871,0.9091270829999554,0.9261088430241445,0.9262165954081856,0.9260460067378273,0.9190888018924059,0.9150397411073858,0.9136526589941671,0.9263556197596021
mv,x4,40768.0,0.3985,0.9735,-7.4999,2.4997,-4.4016,-5.7361,3.0201,0.9781,-0.5813,1.0338,4.8616,0.0054,0.7013,0.0019,0.4993,0.0029,0.6623,10.0701,0.0,DecisionTree,0.9536098190445574,0.9493408024601069,0.9535494812271941,0.953670803443389,0.9535491776117012,0.9535275979367354,0.9536148540124797,0.9533080624442135,0.9536098190445574
mv,x4,40768.0,0.3985,0.9735,-7.4999,2.4997,-4.4016,-5.7361,3.0201,0.9781,-0.5813,1.0338,4.8616,0.0054,0.7013,0.0019,0.4993,0.0029,0.6623,10.0701,0.0,LogisticRegression,0.9514536388603012,0.9493442409111642,0.9510226900543155,0.9512255696186751,0.9512048838260245,0.9509796257263248,0.9515946388677067,0.9506750493737341,0.9511846591671438
mv,x4,40768.0,0.3985,0.9735,-7.4999,2.4997,-4.4016,-5.7361,3.0201,0.9781,-0.5813,1.0338,4.8616,0.0054,0.7013,0.0019,0.4993,0.0029,0.6623,10.0701,0.0,KNN,0.9518928163649635,0.9495438126677356,0.9507907158313584,0.9504773554647084,0.9503555935684412,0.9515236370512469,0.9517121009560008,0.9494149295349982,0.9504535391549509
mv,x4,40768.0,0.3985,0.9735,-7.4999,2.4997,-4.4016,-5.7361,3.0201,0.9781,-0.5813,1.0338,4.8616,0.0054,0.7013,0.0019,0.4993,0.0029,0.6623,10.0701,0.0,RandomForest,0.9546872916972238,0.9549775855090001,0.9546955803546694,0.9545381575176883,0.9546443859532407,0.954490222035723,0.9548940531054185,0.9542293808381113,0.954946575402161
mv,x4,40768.0,0.3985,0.9735,-7.4999,2.4997,-4.4016,-5.7361,3.0201,0.9781,-0.5813,1.0338,4.8616,0.0054,0.7013,0.0019,0.4993,0.0029,0.6623,10.0701,0.0,AdaBoost,0.9542279123725451,0.9515418443085266,0.9540467290280817,0.953815340103511,0.9541758624604297,0.9540882255485694,0.9547195250919696,0.9539584857180293,0.9541989597858808
mv,x4,40768.0,0.3985,0.9735,-7.4999,2.4997,-4.4016,-5.7361,3.0201,0.9781,-0.5813,1.0338,4.8616,0.0054,0.7013,0.0019,0.4993,0.0029,0.6623,10.0701,0.0,SVC,0.9152298538728054,0.9089228765056642,0.9251913313713711,0.9256154756382328,0.9259860465147209,0.9174041831027885,0.9162686561983682,0.9144190347163111,0.9257071099217709
mv,x4,40768.0,0.3463,0.9698,-7.4999,2.4997,-4.3968,-5.7319,3.0252,0.9761,-0.5851,1.0379,4.8904,0.0076,0.6996,0.0071,0.4991,0.0106,0.6618,10.1481,0.0,DecisionTree,0.9538534523004921,0.949915347805501,0.9532590333459874,0.9538541325591812,0.9538534523004921,0.9538534523004921,0.9528402811038391,0.9534473929964383,0.9538130074174084
mv,x4,40768.0,0.3463,0.9698,-7.4999,2.4997,-4.3968,-5.7319,3.0252,0.9761,-0.5851,1.0379,4.8904,0.0076,0.6996,0.0071,0.4991,0.0106,0.6618,10.1481,0.0,LogisticRegression,0.9508369895779962,0.9491441270584116,0.9510817585389482,0.9509331768661686,0.9508922858145105,0.9505338606049294,0.9509593295714699,0.95038523998918,0.9508741461122703
mv,x4,40768.0,0.3463,0.9698,-7.4999,2.4997,-4.3968,-5.7319,3.0252,0.9761,-0.5851,1.0379,4.8904,0.0076,0.6996,0.0071,0.4991,0.0106,0.6618,10.1481,0.0,KNN,0.9513364200326362,0.9499480244501571,0.9506752351278805,0.9509255571403596,0.9511871931166437,0.9513999575468196,0.9517474318789467,0.9506875203411409,0.9508420081658454
mv,x4,40768.0,0.3463,0.9698,-7.4999,2.4997,-4.3968,-5.7319,3.0252,0.9761,-0.5851,1.0379,4.8904,0.0076,0.6996,0.0071,0.4991,0.0106,0.6618,10.1481,0.0,RandomForest,0.9545203151630584,0.9538213932015922,0.9542191738291459,0.9542000972442702,0.9541323217623706,0.9544328850342287,0.9543909648217479,0.9545601717362697,0.954097700561283
mv,x4,40768.0,0.3463,0.9698,-7.4999,2.4997,-4.3968,-5.7319,3.0252,0.9761,-0.5851,1.0379,4.8904,0.0076,0.6996,0.0071,0.4991,0.0106,0.6618,10.1481,0.0,AdaBoost,0.9538055665788194,0.9508741589327435,0.9534990735025267,0.9540437895962328,0.9541048324633972,0.9540422251484156,0.9538845995080891,0.9542276831579211,0.9538454027232177
mv,x4,40768.0,0.3463,0.9698,-7.4999,2.4997,-4.3968,-5.7319,3.0252,0.9761,-0.5851,1.0379,4.8904,0.0076,0.6996,0.0071,0.4991,0.0106,0.6618,10.1481,0.0,SVC,0.9171518491871015,0.9099389878515436,0.9231394125958154,0.9234202691485707,0.9239338733140909,0.9188880450321577,0.9185920952814306,0.9154109846503536,0.9234962297962304
mv,x4,40768.0,0.2975,0.9707,-7.4998,2.4997,-4.4025,-5.7287,3.0197,0.9767,-0.5808,1.0465,4.8828,0.0035,0.702,0.0036,0.5003,0.0053,0.6632,10.2214,0.0,DecisionTree,0.9544929538184211,0.9510164555688223,0.9544332502330943,0.9544525119498927,0.9544528401797155,0.9544926274170675,0.9544596408102861,0.954312181133241,0.9545134916776081
mv,x4,40768.0,0.2975,0.9707,-7.4998,2.4997,-4.4025,-5.7287,3.0197,0.9767,-0.5808,1.0465,4.8828,0.0035,0.702,0.0036,0.5003,0.0053,0.6632,10.2214,0.0,LogisticRegression,0.9514155024192649,0.9496575014531475,0.951370476968218,0.9516572165325407,0.9516795752058222,0.9514947427326819,0.9519229964099888,0.9512315040481654,0.9515952390316547
mv,x4,40768.0,0.2975,0.9707,-7.4998,2.4997,-4.4025,-5.7287,3.0197,0.9767,-0.5808,1.0465,4.8828,0.0035,0.702,0.0036,0.5003,0.0053,0.6632,10.2214,0.0,KNN,0.9523705810780786,0.9499744508239117,0.9516690447663345,0.9516304968463455,0.9519966605030423,0.9516818135931409,0.9523100743185489,0.9510998717687523,0.9515711183041243
mv,x4,40768.0,0.2975,0.9707,-7.4998,2.4997,-4.4025,-5.7287,3.0197,0.9767,-0.5808,1.0465,4.8828,0.0035,0.702,0.0036,0.5003,0.0053,0.6632,10.2214,0.0,RandomForest,0.9557680006996714,0.9546388958522388,0.9552277991535496,0.9557011642677241,0.9555190986323809,0.9555517479347607,0.9554167453655596,0.955684631307001,0.9552406058201539
mv,x4,40768.0,0.2975,0.9707,-7.4998,2.4997,-4.4025,-5.7287,3.0197,0.9767,-0.5808,1.0465,4.8828,0.0035,0.702,0.0036,0.5003,0.0053,0.6632,10.2214,0.0,AdaBoost,0.9546642529647531,0.9523117844687965,0.9542962914434623,0.9546454194838033,0.9549057331092168,0.9543242516657551,0.9546120249177852,0.9541533985558852,0.9546579356916213
mv,x4,40768.0,0.2975,0.9707,-7.4998,2.4997,-4.4025,-5.7287,3.0197,0.9767,-0.5808,1.0465,4.8828,0.0035,0.702,0.0036,0.5003,0.0053,0.6632,10.2214,0.0,SVC,0.9185333603789396,0.910837987866053,0.9224339012907382,0.9227611716504851,0.9227377617880961,0.9191633592774512,0.9187464487376789,0.9177208980779076,0.9227265408874213
mv,x4,40768.0,0.252,0.9674,-7.4999,2.4997,-4.4026,-5.7351,3.0249,0.9771,-0.5823,1.0413,4.872,0.007,0.7003,0.0052,0.4988,0.0077,0.6619,10.2795,0.0,DecisionTree,0.9547844930140321,0.9518465766605857,0.9547101963552305,0.9547847990442373,0.9547844930140321,0.9547841659618072,0.9547247522212216,0.9549538217969414,0.9547844930140321
mv,x4,40768.0,0.252,0.9674,-7.4999,2.4997,-4.4026,-5.7351,3.0249,0.9771,-0.5823,1.0413,4.872,0.007,0.7003,0.0052,0.4988,0.0077,0.6619,10.2795,0.0,LogisticRegression,0.9514509922608115,0.9497918988467517,0.9517790215095531,0.9516753648444991,0.951717119227373,0.9511013068397083,0.9515531224353192,0.9510231459930993,0.9517162716334131
mv,x4,40768.0,0.252,0.9674,-7.4999,2.4997,-4.4026,-5.7351,3.0249,0.9771,-0.5823,1.0413,4.872,0.007,0.7003,0.0052,0.4988,0.0077,0.6619,10.2795,0.0,KNN,0.9535774175415341,0.9515832137144036,0.953575302703947,0.9531566744752239,0.9531958634617164,0.9533164473989887,0.9535787784873099,0.9532042779627288,0.9530145104107769
mv,x4,40768.0,0.252,0.9674,-7.4999,2.4997,-4.4026,-5.7351,3.0249,0.9771,-0.5823,1.0413,4.872,0.007,0.7003,0.0052,0.4988,0.0077,0.6619,10.2795,0.0,RandomForest,0.9563125950712787,0.9549389273813083,0.9559263172342574,0.9561672370051689,0.9557574001981497,0.9553368296119884,0.956264945784805,0.9566343947778109,0.9558004266622497
mv,x4,40768.0,0.252,0.9674,-7.4999,2.4997,-4.4026,-5.7351,3.0249,0.9771,-0.5823,1.0413,4.872,0.007,0.7003,0.0052,0.4988,0.0077,0.6619,10.2795,0.0,AdaBoost,0.9555109198534297,0.9529303043901713,0.9552287706924186,0.9554676106093325,0.9550752955983508,0.9551174865730973,0.9556323819796144,0.9554035121405662,0.9552482227390531
mv,x4,40768.0,0.252,0.9674,-7.4999,2.4997,-4.4026,-5.7351,3.0249,0.9771,-0.5823,1.0413,4.872,0.007,0.7003,0.0052,0.4988,0.0077,0.6619,10.2795,0.0,SVC,0.9194333067068938,0.9121134191814562,0.9221076070656917,0.9219713988010168,0.9221752275592232,0.9185201327885528,0.9192746626283317,0.9183429232227496,0.9219351348344865
mv,x4,40768.0,0.1987,0.9644,-7.4998,2.4997,-4.3859,-5.7335,3.0327,0.965,-0.609,1.053,4.9178,0.0032,0.7028,0.001,0.5027,0.0014,0.6664,10.3442,0.0,DecisionTree,0.9557670238763105,0.9521741878913235,0.9556263893163544,0.9557670238763105,0.9556876235709674,0.9556845804601142,0.9557488551682087,0.955850431385783,0.9557265417343317
mv,x4,40768.0,0.1987,0.9644,-7.4998,2.4997,-4.3859,-5.7335,3.0327,0.965,-0.609,1.053,4.9178,0.0032,0.7028,0.001,0.5027,0.0014,0.6664,10.3442,0.0,LogisticRegression,0.9516144320376956,0.949939507861514,0.952025836144059,0.9520432396783127,0.9520858410127602,0.9512078279773327,0.9516148985155435,0.9509631418242717,0.9520238081088842
mv,x4,40768.0,0.1987,0.9644,-7.4998,2.4997,-4.3859,-5.7335,3.0327,0.965,-0.609,1.053,4.9178,0.0032,0.7028,0.001,0.5027,0.0014,0.6664,10.3442,0.0,KNN,0.9534731311351434,0.951197735428638,0.9533185516366816,0.9533004750021484,0.9529898586218031,0.9535732234181513,0.9534542775843298,0.9531908161248628,0.9532795944212293
mv,x4,40768.0,0.1987,0.9644,-7.4998,2.4997,-4.3859,-5.7335,3.0327,0.965,-0.609,1.053,4.9178,0.0032,0.7028,0.001,0.5027,0.0014,0.6664,10.3442,0.0,RandomForest,0.9565935029534722,0.9554836005321856,0.9564030971573776,0.9569293833050906,0.9565824749190238,0.9559730100967999,0.9565850451292158,0.9568397701754554,0.9565863972559051
mv,x4,40768.0,0.1987,0.9644,-7.4998,2.4997,-4.3859,-5.7335,3.0327,0.965,-0.609,1.053,4.9178,0.0032,0.7028,0.001,0.5027,0.0014,0.6664,10.3442,0.0,AdaBoost,0.9559770759276585,0.9543169561652496,0.9557146930924744,0.9558754405146727,0.9559766955310259,0.9557126714336273,0.9554605900890925,0.955853045917086,0.9559996094360488
mv,x4,40768.0,0.1987,0.9644,-7.4998,2.4997,-4.3859,-5.7335,3.0327,0.965,-0.609,1.053,4.9178,0.0032,0.7028,0.001,0.5027,0.0014,0.6664,10.3442,0.0,SVC,0.9212101751035816,0.9143937242350344,0.9205165707427738,0.9207255103704732,0.9208899284743343,0.9192395355550713,0.9217404686170461,0.9204097541266303,0.9206242327018237
mv,x4,40768.0,0.1507,0.9636,-7.4998,2.4997,-4.392,-5.7291,3.0266,0.971,-0.5952,1.0476,4.8942,0.0052,0.701,0.0042,0.4996,0.0063,0.6627,10.4011,0.0,DecisionTree,0.9560144583524204,0.9536954535483675,0.9559754896680619,0.9560144583524204,0.9560760695312471,0.9560144583524204,0.9560144583524204,0.9558127551478315,0.9560144583524204
mv,x4,40768.0,0.1507,0.9636,-7.4998,2.4997,-4.392,-5.7291,3.0266,0.971,-0.5952,1.0476,4.8942,0.0052,0.701,0.0042,0.4996,0.0063,0.6627,10.4011,0.0,LogisticRegression,0.9523138724106972,0.9512086657697041,0.952536655304351,0.9525135196906832,0.952494491360413,0.9520101323005299,0.9524154893126832,0.9520452622138007,0.9525560945426793
mv,x4,40768.0,0.1507,0.9636,-7.4998,2.4997,-4.392,-5.7291,3.0266,0.971,-0.5952,1.0476,4.8942,0.0052,0.701,0.0042,0.4996,0.0063,0.6627,10.4011,0.0,KNN,0.9540845322293221,0.9533814223008683,0.9541042288436199,0.95394380387948,0.9540682548446906,0.9537763719304838,0.954284748894494,0.954306433769927,0.9542503619660028
mv,x4,40768.0,0.1507,0.9636,-7.4998,2.4997,-4.392,-5.7291,3.0266,0.971,-0.5952,1.0476,4.8942,0.0052,0.701,0.0042,0.4996,0.0063,0.6627,10.4011,0.0,RandomForest,0.9574531785689379,0.956188989898454,0.9572975165000022,0.9570716389354338,0.9573382892427524,0.9572989663040173,0.9575225084416248,0.9572885765476563,0.9573416486065294
mv,x4,40768.0,0.1507,0.9636,-7.4998,2.4997,-4.392,-5.7291,3.0266,0.971,-0.5952,1.0476,4.8942,0.0052,0.701,0.0042,0.4996,0.0063,0.6627,10.4011,0.0,AdaBoost,0.9564785947280479,0.9551745315732404,0.9559566439398193,0.9560936439471984,0.956262163883457,0.95628605417223,0.9561469143823342,0.9561408566036977,0.9564273906536893
mv,x4,40768.0,0.1507,0.9636,-7.4998,2.4997,-4.392,-5.7291,3.0266,0.971,-0.5952,1.0476,4.8942,0.0052,0.701,0.0042,0.4996,0.0063,0.6627,10.4011,0.0,SVC,0.9213094073242407,0.9156826190201263,0.9199329701968707,0.9205974525010789,0.9206404373251925,0.9193059180386807,0.9213059980901624,0.9206972989485777,0.9204531642539339
mv,x4,40768.0,0.1016,0.9614,-7.4999,2.4997,-4.3934,-5.7285,3.0263,0.9732,-0.5911,1.0476,4.8896,0.0075,0.7015,0.0057,0.5011,0.0085,0.6644,10.4541,0.0,DecisionTree,0.9562431710336173,0.9547519863083624,0.9559670316406049,0.9559622602713065,0.9559624400055718,0.9562431710336173,0.9562431710336173,0.9552905740980033,0.956101507231689
mv,x4,40768.0,0.1016,0.9614,-7.4999,2.4997,-4.3934,-5.7285,3.0263,0.9732,-0.5911,1.0476,4.8896,0.0075,0.7015,0.0057,0.5011,0.0085,0.6644,10.4541,0.0,LogisticRegression,0.9529049785440171,0.9520497488764822,0.952700175079024,0.9529453512878483,0.9530064941182106,0.952864894633027,0.9528425404401816,0.9528063515009837,0.952966004909376
mv,x4,40768.0,0.1016,0.9614,-7.4999,2.4997,-4.3934,-5.7285,3.0263,0.9732,-0.5911,1.0476,4.8896,0.0075,0.7015,0.0057,0.5011,0.0085,0.6644,10.4541,0.0,KNN,0.9556536339514577,0.9548836397202087,0.9549996452701537,0.9547192806303392,0.9547363550337642,0.9554520239245453,0.955572249019466,0.9555133537798882,0.9547196801444873
mv,x4,40768.0,0.1016,0.9614,-7.4999,2.4997,-4.3934,-5.7285,3.0263,0.9732,-0.5911,1.0476,4.8896,0.0075,0.7015,0.0057,0.5011,0.0085,0.6644,10.4541,0.0,RandomForest,0.957924546264079,0.957776866549329,0.9579824013147047,0.9583223318147348,0.9579753570436511,0.957958244917182,0.958608644283915,0.958392426758748,0.9581965129025839
mv,x4,40768.0,0.1016,0.9614,-7.4999,2.4997,-4.3934,-5.7285,3.0263,0.9732,-0.5911,1.0476,4.8896,0.0075,0.7015,0.0057,0.5011,0.0085,0.6644,10.4541,0.0,AdaBoost,0.9567804303685761,0.9565197483778917,0.956316813881654,0.9567453338670528,0.9564439642664931,0.9569275775304718,0.9572044973951807,0.9573636397254406,0.9569945167696458
mv,x4,40768.0,0.1016,0.9614,-7.4999,2.4997,-4.3934,-5.7285,3.0263,0.9732,-0.5911,1.0476,4.8896,0.0075,0.7015,0.0057,0.5011,0.0085,0.6644,10.4541,0.0,SVC,0.9207196548324347,0.9157086904314737,0.919927193107803,0.9197641215416269,0.9198841715666817,0.9188414872890605,0.9205238770087032,0.9204395373404134,0.9196039234508889
mv,x4,40768.0,0.0494,0.959,-7.4999,2.4997,-4.3989,-5.7312,3.0221,0.9747,-0.5861,1.0466,4.8788,0.0048,0.7012,0.0044,0.4993,0.0066,0.6624,10.5073,0.0,DecisionTree,0.957229288400848,0.9563358424256105,0.9568270611064844,0.9570687107164825,0.957229288400848,0.957229288400848,0.957229288400848,0.9571888117235212,0.9571685779288011
mv,x4,40768.0,0.0494,0.959,-7.4999,2.4997,-4.3989,-5.7312,3.0221,0.9747,-0.5861,1.0466,4.8788,0.0048,0.7012,0.0044,0.4993,0.0066,0.6624,10.5073,0.0,LogisticRegression,0.9538037471893196,0.9533346678753779,0.9535785234577501,0.9536810293397009,0.9537016957360455,0.9535987900737337,0.9537835100890135,0.9534339175431983,0.9536814301109898
mv,x4,40768.0,0.0494,0.959,-7.4999,2.4997,-4.3989,-5.7312,3.0221,0.9747,-0.5861,1.0466,4.8788,0.0048,0.7012,0.0044,0.4993,0.0066,0.6624,10.5073,0.0,KNN,0.9560602603217967,0.955109794323252,0.9561872663854363,0.9558606053332457,0.956047355641307,0.9555922355274962,0.9559596462236719,0.9559005076898578,0.9560068767568631
mv,x4,40768.0,0.0494,0.959,-7.4999,2.4997,-4.3989,-5.7312,3.0221,0.9747,-0.5861,1.0466,4.8788,0.0048,0.7012,0.0044,0.4993,0.0066,0.6624,10.5073,0.0,RandomForest,0.9591699146861505,0.9581333649117808,0.958758191939179,0.9589422424748615,0.9591439136803315,0.9592907809772916,0.9596952274398137,0.9592481272337433,0.9593284436461501
mv,x4,40768.0,0.0494,0.959,-7.4999,2.4997,-4.3989,-5.7312,3.0221,0.9747,-0.5861,1.0466,4.8788,0.0048,0.7012,0.0044,0.4993,0.0066,0.6624,10.5073,0.0,AdaBoost,0.9580057824083021,0.9576865093556103,0.9577496324837924,0.9574824233582799,0.9573237822419954,0.9577543783103084,0.9578263641958793,0.9576394211196044,0.9577238272194524
mv,x4,40768.0,0.0494,0.959,-7.4999,2.4997,-4.3989,-5.7312,3.0221,0.9747,-0.5861,1.0466,4.8788,0.0048,0.7012,0.0044,0.4993,0.0066,0.6624,10.5073,0.0,SVC,0.9186859630029536,0.9162921230630223,0.9185158459847145,0.918575378544182,0.918658611960368,0.9178857664616633,0.9187083185646756,0.9184161606484328,0.918693953047589
mv,x5,40768.0,0.5015,0.9949,-0.9999,0.9998,-0.0066,-0.0012,0.5796,0.002,-1.2109,0.5035,1.0084,0.0045,0.0098,0.0031,0.006,0.0046,0.009,9.9123,0.0,DecisionTree,0.9575823378512587,0.9575823378512587,0.9575989439385847,0.9575989439385847,0.9575989439385847,0.9575989439385847,0.9575823378512587,0.9575823378512587,0.9575989439385847
mv,x5,40768.0,0.5015,0.9949,-0.9999,0.9998,-0.0066,-0.0012,0.5796,0.002,-1.2109,0.5035,1.0084,0.0045,0.0098,0.0031,0.006,0.0046,0.009,9.9123,0.0,LogisticRegression,0.953597230297706,0.9536592234407616,0.9536393739623319,0.9535984636232555,0.9536191046308848,0.9535984636232555,0.9536191259460164,0.9536401917249757,0.9537621236062601
mv,x5,40768.0,0.5015,0.9949,-0.9999,0.9998,-0.0066,-0.0012,0.5796,0.002,-1.2109,0.5035,1.0084,0.0045,0.0098,0.0031,0.006,0.0046,0.009,9.9123,0.0,KNN,0.9558583960811708,0.9558595064430808,0.9553291293645388,0.9561520616273876,0.9561696490984807,0.9561328951744071,0.9555141887589923,0.9549482921066428,0.9558250307289549
mv,x5,40768.0,0.5015,0.9949,-0.9999,0.9998,-0.0066,-0.0012,0.5796,0.002,-1.2109,0.5035,1.0084,0.0045,0.0098,0.0031,0.006,0.0046,0.009,9.9123,0.0,RandomForest,0.9594165355566449,0.9595920575175428,0.9594568833246464,0.9592884942146942,0.9592875762087978,0.9594323221871136,0.9593743351946137,0.9591321345688066,0.9593694848803337
mv,x5,40768.0,0.5015,0.9949,-0.9999,0.9998,-0.0066,-0.0012,0.5796,0.002,-1.2109,0.5035,1.0084,0.0045,0.0098,0.0031,0.006,0.0046,0.009,9.9123,0.0,AdaBoost,0.9580836575045926,0.9584298511022846,0.9580893954208168,0.9580743915862191,0.9583870067155396,0.9579829054722457,0.9581177581965965,0.9578857668325463,0.9582267113084985
mv,x5,40768.0,0.5015,0.9949,-0.9999,0.9998,-0.0066,-0.0012,0.5796,0.002,-1.2109,0.5035,1.0084,0.0045,0.0098,0.0031,0.006,0.0046,0.009,9.9123,0.0,SVC,0.9180512167964519,0.9186488684664117,0.9191851652597239,0.919160140370409,0.9192211772507762,0.9190796724954796,0.9172235959652435,0.9178816201758366,0.9193369828184287
mv,x5,40768.0,0.4467,0.9958,-0.9999,1.0,-0.0014,0.0022,0.5773,0.0057,-1.1981,0.498,0.9965,0.0041,0.005,0.0024,0.005,0.0037,0.0076,10.018,0.0,DecisionTree,0.9575823378512587,0.9575823378512587,0.9576191649996149,0.9576191649996149,0.9576191649996149,0.9576191649996149,0.9576191649996149,0.9575823378512587,0.9576191649996149
mv,x5,40768.0,0.4467,0.9958,-0.9999,1.0,-0.0014,0.0022,0.5773,0.0057,-1.1981,0.498,0.9965,0.0041,0.005,0.0024,0.005,0.0037,0.0076,10.018,0.0,LogisticRegression,0.9534347677913433,0.9534347245243809,0.9534958446766848,0.9536595187003747,0.9536595340986952,0.9535574225985833,0.9534962805049564,0.9533124529432948,0.953516934259102
mv,x5,40768.0,0.4467,0.9958,-0.9999,1.0,-0.0014,0.0022,0.5773,0.0057,-1.1981,0.498,0.9965,0.0041,0.005,0.0024,0.005,0.0037,0.0076,10.018,0.0,KNN,0.9561419343782479,0.955629459063806,0.9559606932602176,0.9566770466548935,0.955982287808348,0.9567165114207674,0.9560004561009066,0.9552082280152815,0.9563701858229248
mv,x5,40768.0,0.4467,0.9958,-0.9999,1.0,-0.0014,0.0022,0.5773,0.0057,-1.1981,0.498,0.9965,0.0041,0.005,0.0024,0.005,0.0037,0.0076,10.018,0.0,RandomForest,0.9597633278701954,0.959712065066117,0.9595589581764259,0.9603068397692575,0.9599042296732381,0.9604218029247478,0.9599427870780086,0.959624132448008,0.9600480908821476
mv,x5,40768.0,0.4467,0.9958,-0.9999,1.0,-0.0014,0.0022,0.5773,0.0057,-1.1981,0.498,0.9965,0.0041,0.005,0.0024,0.005,0.0037,0.0076,10.018,0.0,AdaBoost,0.9580366607460025,0.9579219525027264,0.9581461499896258,0.9583428665079856,0.9583704636820861,0.9581142117174841,0.9580078481876407,0.9586959531857118,0.9577298902508007
mv,x5,40768.0,0.4467,0.9958,-0.9999,1.0,-0.0014,0.0022,0.5773,0.0057,-1.1981,0.498,0.9965,0.0041,0.005,0.0024,0.005,0.0037,0.0076,10.018,0.0,SVC,0.9188961703207523,0.9199451526705364,0.919690495398175,0.9201148172194374,0.9199511580911875,0.9199733846461714,0.916171359705516,0.9187408059065764,0.9201585036159683
mv,x5,40768.0,0.3997,0.9942,-0.9998,0.9999,-0.0014,0.0044,0.5777,-0.0037,-1.2016,0.4996,1.0005,0.0088,0.0134,0.0044,0.0083,0.0067,0.0125,10.0972,0.0,DecisionTree,0.9575823378512587,0.9575823378512587,0.9576191649996149,0.9576191649996149,0.9576191649996149,0.9576191649996149,0.9576191649996149,0.9575823378512587,0.9576191649996149
mv,x5,40768.0,0.3997,0.9942,-0.9998,0.9999,-0.0014,0.0044,0.5777,-0.0037,-1.2016,0.4996,1.0005,0.0088,0.0134,0.0044,0.0083,0.0067,0.0125,10.0972,0.0,LogisticRegression,0.9536182961478737,0.9536174611163754,0.9535972174149325,0.9536782484287617,0.9536782484287617,0.9536782484287617,0.953700084633232,0.9536389489628345,0.9537191691303213
mv,x5,40768.0,0.3997,0.9942,-0.9998,0.9999,-0.0014,0.0044,0.5777,-0.0037,-1.2016,0.4996,1.0005,0.0088,0.0134,0.0044,0.0083,0.0067,0.0125,10.0972,0.0,KNN,0.9570044105092231,0.9563319769028097,0.9556642468584998,0.9568227841227638,0.9568597077633796,0.9569054274864057,0.9563487002393193,0.9555361063769264,0.957086084171152
mv,x5,40768.0,0.3997,0.9942,-0.9998,0.9999,-0.0014,0.0044,0.5777,-0.0037,-1.2016,0.4996,1.0005,0.0088,0.0134,0.0044,0.0083,0.0067,0.0125,10.0972,0.0,RandomForest,0.9596826473969786,0.959857295307815,0.9596613298628376,0.9596370832452352,0.9596618623057558,0.9598320666181824,0.9593110864172737,0.9591536031323846,0.9600198606583011
mv,x5,40768.0,0.3997,0.9942,-0.9998,0.9999,-0.0014,0.0044,0.5777,-0.0037,-1.2016,0.4996,1.0005,0.0088,0.0134,0.0044,0.0083,0.0067,0.0125,10.0972,0.0,AdaBoost,0.9579334204499435,0.9580655767730188,0.9578536831097337,0.9579305880582485,0.9578806044343054,0.9578832919015968,0.9577007984947656,0.9580132042120821,0.9580225593389893
mv,x5,40768.0,0.3997,0.9942,-0.9998,0.9999,-0.0014,0.0044,0.5777,-0.0037,-1.2016,0.4996,1.0005,0.0088,0.0134,0.0044,0.0083,0.0067,0.0125,10.0972,0.0,SVC,0.9192904150316341,0.9195558787347058,0.919823891169782,0.919553254295685,0.9195546706082418,0.9195123801288597,0.917907137575277,0.9189906974759979,0.9195158297522434
mv,x5,40768.0,0.3474,0.9939,-0.9999,1.0,-0.0017,0.0054,0.578,-0.0012,-1.2013,0.5002,1.0025,0.0121,0.013,0.0083,0.0096,0.0124,0.0144,10.1804,0.0,DecisionTree,0.9575823378512587,0.9575823378512587,0.9576191649996149,0.9576191649996149,0.9576191649996149,0.9576191649996149,0.9575823378512587,0.9575823378512587,0.9576191649996149
mv,x5,40768.0,0.3474,0.9939,-0.9999,1.0,-0.0017,0.0054,0.578,-0.0012,-1.2013,0.5002,1.0025,0.0121,0.013,0.0083,0.0096,0.0124,0.0144,10.1804,0.0,LogisticRegression,0.9536360763323568,0.9537386073848924,0.9537596699531139,0.9538208105847468,0.9538410729481663,0.9538208105847468,0.9536774337139384,0.9535769812577011,0.9538617448407907
mv,x5,40768.0,0.3474,0.9939,-0.9999,1.0,-0.0017,0.0054,0.578,-0.0012,-1.2013,0.5002,1.0025,0.0121,0.013,0.0083,0.0096,0.0124,0.0144,10.1804,0.0,KNN,0.9553305912079019,0.9551851083778111,0.9559647208039129,0.955598637829902,0.9556589811736216,0.9556600256688355,0.9555167938966921,0.9552892651527929,0.9555163586429954
mv,x5,40768.0,0.3474,0.9939,-0.9999,1.0,-0.0017,0.0054,0.578,-0.0012,-1.2013,0.5002,1.0025,0.0121,0.013,0.0083,0.0096,0.0124,0.0144,10.1804,0.0,RandomForest,0.9594539029383027,0.9595957302812591,0.9595788064545846,0.9594509045243724,0.9594543128904373,0.9599188049057221,0.959392434423264,0.9592569880325492,0.9595749333556036
mv,x5,40768.0,0.3474,0.9939,-0.9999,1.0,-0.0017,0.0054,0.578,-0.0012,-1.2013,0.5002,1.0025,0.0121,0.013,0.0083,0.0096,0.0124,0.0144,10.1804,0.0,AdaBoost,0.9578789558648146,0.9579393149663706,0.9581169749704433,0.9579589733300395,0.9581590080329525,0.9579589733300395,0.9578991918297923,0.9577884487366203,0.9579589733300395
mv,x5,40768.0,0.3474,0.9939,-0.9999,1.0,-0.0017,0.0054,0.578,-0.0012,-1.2013,0.5002,1.0025,0.0121,0.013,0.0083,0.0096,0.0124,0.0144,10.1804,0.0,SVC,0.9185910483144596,0.919146472972568,0.9188092568243088,0.9187903846106469,0.9188299354681887,0.9188105014787298,0.9172472417949269,0.9186175446702535,0.9188722349231078
mv,x5,40768.0,0.3044,0.9933,-0.9999,1.0,-0.0025,0.0025,0.5768,-0.0016,-1.1965,0.4992,0.999,0.0057,0.0084,0.0036,0.0076,0.0054,0.0114,10.2434,0.0,DecisionTree,0.9575823378512587,0.9575823378512587,0.9576191649996149,0.9576191649996149,0.9576191649996149,0.9576191649996149,0.9575823378512587,0.9575823378512587,0.9576191649996149
mv,x5,40768.0,0.3044,0.9933,-0.9999,1.0,-0.0025,0.0025,0.5768,-0.0016,-1.1965,0.4992,0.999,0.0057,0.0084,0.0036,0.0076,0.0054,0.0114,10.2434,0.0,LogisticRegression,0.9534533721188334,0.9535141525814085,0.9535972108695998,0.953576152141568,0.953576152141568,0.953576152141568,0.9535765533092453,0.9534946949548663,0.953555056126327
mv,x5,40768.0,0.3044,0.9933,-0.9999,1.0,-0.0025,0.0025,0.5768,-0.0016,-1.1965,0.4992,0.999,0.0057,0.0084,0.0036,0.0076,0.0054,0.0114,10.2434,0.0,KNN,0.956862912754568,0.9570037159222792,0.9565931426001589,0.9572829651380896,0.957365388043142,0.9573028279114131,0.9567976699287489,0.9562471086122114,0.9573883194583501
mv,x5,40768.0,0.3044,0.9933,-0.9999,1.0,-0.0025,0.0025,0.5768,-0.0016,-1.1965,0.4992,0.999,0.0057,0.0084,0.0036,0.0076,0.0054,0.0114,10.2434,0.0,RandomForest,0.9598611725502741,0.9597994828306529,0.960190525968291,0.9596183119388174,0.9596379997586525,0.9595759085828122,0.9591911574350844,0.959658721327444,0.9594925076643745
mv,x5,40768.0,0.3044,0.9933,-0.9999,1.0,-0.0025,0.0025,0.5768,-0.0016,-1.1965,0.4992,0.999,0.0057,0.0084,0.0036,0.0076,0.0054,0.0114,10.2434,0.0,AdaBoost,0.9588910393242519,0.9590080028484205,0.9583529511207904,0.9585941987042936,0.9585941987042936,0.9583499248690266,0.958202933516606,0.9582047848716188,0.9583332197790599
mv,x5,40768.0,0.3044,0.9933,-0.9999,1.0,-0.0025,0.0025,0.5768,-0.0016,-1.1965,0.4992,0.999,0.0057,0.0084,0.0036,0.0076,0.0054,0.0114,10.2434,0.0,SVC,0.9193507578500919,0.9192037798977694,0.9189011568759646,0.9188954543170712,0.9188566777473287,0.9189988135245448,0.9173941331050757,0.9189521938548133,0.9190216575799995
mv,x5,40768.0,0.2474,0.9933,-0.9999,0.9999,-0.0003,0.0052,0.5788,-0.0065,-1.2057,0.5025,1.005,0.0039,0.005,0.0033,0.0035,0.005,0.0052,10.3222,0.0,DecisionTree,0.9575823378512587,0.9575823378512587,0.9575786994742685,0.9575786994742685,0.9575786994742685,0.9575786994742685,0.9576191649996149,0.9575823378512587,0.9575786994742685
mv,x5,40768.0,0.2474,0.9933,-0.9999,0.9999,-0.0003,0.0052,0.5788,-0.0065,-1.2057,0.5025,1.005,0.0039,0.005,0.0033,0.0035,0.005,0.0052,10.3222,0.0,LogisticRegression,0.9536802378967077,0.9536591464756894,0.9536190219636964,0.9536186251875276,0.9536186251875276,0.9536186251875276,0.9537210939152592,0.9535975697842907,0.9536801916833988
mv,x5,40768.0,0.2474,0.9933,-0.9999,0.9999,-0.0003,0.0052,0.5788,-0.0065,-1.2057,0.5025,1.005,0.0039,0.005,0.0033,0.0035,0.005,0.0052,10.3222,0.0,KNN,0.9557569045683291,0.9557818381190737,0.9558400722422796,0.9563952140877078,0.9568877069652362,0.9563530440801358,0.9560090669425737,0.9555497876906054,0.9565191473722832
mv,x5,40768.0,0.2474,0.9933,-0.9999,0.9999,-0.0003,0.0052,0.5788,-0.0065,-1.2057,0.5025,1.005,0.0039,0.005,0.0033,0.0035,0.005,0.0052,10.3222,0.0,RandomForest,0.9592503020187337,0.9596350930947218,0.9594546653965028,0.9596380325045063,0.9596781942200774,0.9594921295498419,0.9597401569629964,0.9595602221295221,0.9597371801280749
mv,x5,40768.0,0.2474,0.9933,-0.9999,0.9999,-0.0003,0.0052,0.5788,-0.0065,-1.2057,0.5025,1.005,0.0039,0.005,0.0033,0.0035,0.005,0.0052,10.3222,0.0,AdaBoost,0.9577699398319709,0.9577566652358488,0.9577898827154526,0.9579454668764598,0.9578306541866,0.9579034379177216,0.9578500138785597,0.957896430039136,0.9578505990972297
mv,x5,40768.0,0.2474,0.9933,-0.9999,0.9999,-0.0003,0.0052,0.5788,-0.0065,-1.2057,0.5025,1.005,0.0039,0.005,0.0033,0.0035,0.005,0.0052,10.3222,0.0,SVC,0.919201804429966,0.91907182410166,0.9186294647276579,0.9187299170919218,0.9186904250522361,0.9187091460460678,0.9179832553229312,0.9187467999111856,0.918509532370983
mv,x5,40768.0,0.2034,0.9924,-0.9999,1.0,-0.0005,0.0044,0.5759,-0.0053,-1.1952,0.4974,0.9945,0.0064,0.0096,0.0051,0.0058,0.0076,0.0087,10.3777,0.0,DecisionTree,0.9575823378512587,0.9575823378512587,0.9575989439385847,0.9575989439385847,0.9575989439385847,0.9575989439385847,0.957578700352826,0.9575823378512587,0.9575989439385847
mv,x5,40768.0,0.2034,0.9924,-0.9999,1.0,-0.0005,0.0044,0.5759,-0.0053,-1.1952,0.4974,0.9945,0.0064,0.0096,0.0051,0.0058,0.0076,0.0087,10.3777,0.0,LogisticRegression,0.9537604439588911,0.9538426634515526,0.9538422494384748,0.9538426621816177,0.9538426621816177,0.9538426621816177,0.9537402122614664,0.9537811481663463,0.9538426621816177
mv,x5,40768.0,0.2034,0.9924,-0.9999,1.0,-0.0005,0.0044,0.5759,-0.0053,-1.1952,0.4974,0.9945,0.0064,0.0096,0.0051,0.0058,0.0076,0.0087,10.3777,0.0,KNN,0.9560662419226955,0.9563563503928773,0.9570498409711389,0.9568439066064633,0.9566397126116551,0.9568051192011008,0.9566594913568924,0.9558621696861356,0.9563335635028646
mv,x5,40768.0,0.2034,0.9924,-0.9999,1.0,-0.0005,0.0044,0.5759,-0.0053,-1.1952,0.4974,0.9945,0.0064,0.0096,0.0051,0.0058,0.0076,0.0087,10.3777,0.0,RandomForest,0.9594136224776963,0.9596805066961173,0.9596570013717796,0.9593927147755598,0.9593335351830866,0.9596141853193734,0.9592893523054601,0.9592929785735599,0.9595731334365963
mv,x5,40768.0,0.2034,0.9924,-0.9999,1.0,-0.0005,0.0044,0.5759,-0.0053,-1.1952,0.4974,0.9945,0.0064,0.0096,0.0051,0.0058,0.0076,0.0087,10.3777,0.0,AdaBoost,0.958781462332903,0.9587019697359881,0.9579984375501247,0.9579389669336132,0.9580002740895475,0.9580199233763037,0.9582278269823818,0.9583064981492406,0.9580002740895475
mv,x5,40768.0,0.2034,0.9924,-0.9999,1.0,-0.0005,0.0044,0.5759,-0.0053,-1.1952,0.4974,0.9945,0.0064,0.0096,0.0051,0.0058,0.0076,0.0087,10.3777,0.0,SVC,0.9188099446128914,0.9188505410332262,0.9189121487771837,0.9188905816653872,0.9189321973815386,0.9188697628181859,0.9181590414166914,0.9189171401932252,0.9188281802064251
mv,x5,40768.0,0.1502,0.9919,-0.9999,1.0,-0.0009,0.0021,0.5765,-0.0009,-1.1951,0.4979,0.9959,0.0069,0.0093,0.0055,0.0061,0.0083,0.0091,10.4417,0.0,DecisionTree,0.9575823378512587,0.9575823378512587,0.9576191649996149,0.9576191649996149,0.9576191649996149,0.9576191649996149,0.9575786971838375,0.9575823378512587,0.9576191649996149
mv,x5,40768.0,0.1502,0.9919,-0.9999,1.0,-0.0009,0.0021,0.5765,-0.0009,-1.1951,0.4979,0.9959,0.0069,0.0093,0.0055,0.0061,0.0083,0.0091,10.4417,0.0,LogisticRegression,0.9536993069663944,0.9537600945740459,0.9538212173795468,0.9537803527975797,0.9537803527975797,0.9537803527975797,0.9537596945315141,0.9537807148280539,0.9538414987349937
mv,x5,40768.0,0.1502,0.9919,-0.9999,1.0,-0.0009,0.0021,0.5765,-0.0009,-1.1951,0.4979,0.9959,0.0069,0.0093,0.0055,0.0061,0.0083,0.0091,10.4417,0.0,KNN,0.9562327409931264,0.9560126239959752,0.955900410845971,0.9564589002186245,0.9567631545793199,0.9566630674032093,0.9564776600890557,0.9556914606844321,0.9566453363448741
mv,x5,40768.0,0.1502,0.9919,-0.9999,1.0,-0.0009,0.0021,0.5765,-0.0009,-1.1951,0.4979,0.9959,0.0069,0.0093,0.0055,0.0061,0.0083,0.0091,10.4417,0.0,RandomForest,0.9598637959323973,0.9595147962179643,0.9595382184859507,0.9600848140516524,0.9595792362782862,0.9594146157575482,0.9594762900075242,0.9594758225091071,0.9595763040639524
mv,x5,40768.0,0.1502,0.9919,-0.9999,1.0,-0.0009,0.0021,0.5765,-0.0009,-1.1951,0.4979,0.9959,0.0069,0.0093,0.0055,0.0061,0.0083,0.0091,10.4417,0.0,AdaBoost,0.9586004866755319,0.9584891150062443,0.9583882559315703,0.9581956994731297,0.9581956994731297,0.9580150000769586,0.9584001406431089,0.9585283057025353,0.9581942796685348
mv,x5,40768.0,0.1502,0.9919,-0.9999,1.0,-0.0009,0.0021,0.5765,-0.0009,-1.1951,0.4979,0.9959,0.0069,0.0093,0.0055,0.0061,0.0083,0.0091,10.4417,0.0,SVC,0.9188983214236417,0.9185848950920346,0.9186256503161444,0.9187054834680273,0.9186846267382056,0.9187262848985067,0.9182014951444487,0.9190383619599598,0.9187047618771351
mv,x5,40768.0,0.0981,0.9915,-0.9999,1.0,-0.0018,0.0024,0.5767,-0.0015,-1.2003,0.4989,0.9977,0.005,0.0057,0.003,0.0044,0.0045,0.0066,10.5007,0.0,DecisionTree,0.9575823378512587,0.9575823378512587,0.9576191649996149,0.9576191649996149,0.9576191649996149,0.9576191649996149,0.9576191649996149,0.9575823378512587,0.9576191649996149
mv,x5,40768.0,0.0981,0.9915,-0.9999,1.0,-0.0018,0.0024,0.5767,-0.0015,-1.2003,0.4989,0.9977,0.005,0.0057,0.003,0.0044,0.0045,0.0066,10.5007,0.0,LogisticRegression,0.9535563071444927,0.9535352417269432,0.9534736196533649,0.9535149635089148,0.9535149635089148,0.9535149635089148,0.9535356397862741,0.9535356397862741,0.9534736196533649
mv,x5,40768.0,0.0981,0.9915,-0.9999,1.0,-0.0018,0.0024,0.5767,-0.0015,-1.2003,0.4989,0.9977,0.005,0.0057,0.003,0.0044,0.0045,0.0066,10.5007,0.0,KNN,0.9557544853716505,0.955511786309734,0.9555334431204707,0.9555735709409018,0.955655587452227,0.9556761858991285,0.9552644905290468,0.9555127564934129,0.9553921271552296
mv,x5,40768.0,0.0981,0.9915,-0.9999,1.0,-0.0018,0.0024,0.5767,-0.0015,-1.2003,0.4989,0.9977,0.005,0.0057,0.003,0.0044,0.0045,0.0066,10.5007,0.0,RandomForest,0.9593740968064726,0.9592861675527219,0.9593127390191738,0.9592507103106891,0.9592508652270779,0.9593699117145962,0.9596341842356906,0.9593115051004044,0.9591269873537291
mv,x5,40768.0,0.0981,0.9915,-0.9999,1.0,-0.0018,0.0024,0.5767,-0.0015,-1.2003,0.4989,0.9977,0.005,0.0057,0.003,0.0044,0.0045,0.0066,10.5007,0.0,AdaBoost,0.9583279730446624,0.9580054383023173,0.9578430642562692,0.9581185679804993,0.9580786748456414,0.9581179936343127,0.9584157271098706,0.9582753020168929,0.9582343940845617
mv,x5,40768.0,0.0981,0.9915,-0.9999,1.0,-0.0018,0.0024,0.5767,-0.0015,-1.2003,0.4989,0.9977,0.005,0.0057,0.003,0.0044,0.0045,0.0066,10.5007,0.0,SVC,0.9184080336140884,0.9181015138192283,0.9181539830887373,0.9181740680894284,0.9181546841639822,0.918193457500623,0.9179616284117175,0.9183002090826112,0.9181532456685011
mv,x5,40768.0,0.051,0.9909,-0.9999,1.0,-0.0018,0.0031,0.5772,-0.0011,-1.1991,0.4991,0.9976,0.0064,0.0067,0.004,0.006,0.006,0.009,10.5507,0.0,DecisionTree,0.9576191649996149,0.9576191649996149,0.9576191649996149,0.9576191649996149,0.9576191649996149,0.9576191649996149,0.9575585031033829,0.9576191649996149,0.9576191649996149
mv,x5,40768.0,0.051,0.9909,-0.9999,1.0,-0.0018,0.0031,0.5772,-0.0011,-1.1991,0.4991,0.9976,0.0064,0.0067,0.004,0.006,0.006,0.009,10.5507,0.0,LogisticRegression,0.9536985522412023,0.953636964701924,0.953576182348045,0.9535555067454184,0.9535555067454184,0.9535555067454184,0.953575787959938,0.9536782907110384,0.9535757680508287
mv,x5,40768.0,0.051,0.9909,-0.9999,1.0,-0.0018,0.0031,0.5772,-0.0011,-1.1991,0.4991,0.9976,0.0064,0.0067,0.004,0.006,0.006,0.009,10.5507,0.0,KNN,0.9558007735625454,0.956644885966603,0.9565404426599229,0.9565568857751784,0.9564751481199861,0.9566598356505525,0.9563340842167775,0.9559444351973841,0.9565183901304879
mv,x5,40768.0,0.051,0.9909,-0.9999,1.0,-0.0018,0.0031,0.5772,-0.0011,-1.1991,0.4991,0.9976,0.0064,0.0067,0.004,0.006,0.006,0.009,10.5507,0.0,RandomForest,0.9594356425639738,0.9596011442409322,0.9594537716893647,0.9595372138258981,0.9590878920661364,0.9591699131936477,0.9596191540008034,0.959335243497362,0.9596152346311839
mv,x5,40768.0,0.051,0.9909,-0.9999,1.0,-0.0018,0.0031,0.5772,-0.0011,-1.1991,0.4991,0.9976,0.0064,0.0067,0.004,0.006,0.006,0.009,10.5507,0.0,AdaBoost,0.9580102869713338,0.9581326750907098,0.9581776840136949,0.9588452414440601,0.9580394762560651,0.9588041171426084,0.9582046505299291,0.9588157132807279,0.9581767276402687
mv,x5,40768.0,0.051,0.9909,-0.9999,1.0,-0.0018,0.0031,0.5772,-0.0011,-1.1991,0.4991,0.9976,0.0064,0.0067,0.004,0.006,0.006,0.009,10.5507,0.0,SVC,0.9185919526937629,0.9189114458227033,0.9188144414017485,0.9189378853300646,0.9189371735442452,0.918997481405078,0.9188504093817864,0.9184849556015465,0.918792892005829
mv,x6,40768.0,0.4987,0.9889,-37.3515,12.3802,-11.0055,-9.1719,10.7827,-0.3261,-0.9462,8.4705,18.1552,0.0058,0.701,0.0036,0.501,0.0054,0.6646,9.9097,0.0,DecisionTree,0.8957343347993839,0.8637803375667281,0.891988382418774,0.8932040219460227,0.8933548512655928,0.8937553111172942,0.895754505649798,0.8773392032925768,0.8934140155440715
mv,x6,40768.0,0.4987,0.9889,-37.3515,12.3802,-11.0055,-9.1719,10.7827,-0.3261,-0.9462,8.4705,18.1552,0.0058,0.701,0.0036,0.501,0.0054,0.6646,9.9097,0.0,LogisticRegression,0.8844387893353457,0.8323703538144207,0.8817646435507506,0.8824720718409376,0.8827441577919687,0.8828593537959059,0.8834804374764508,0.8651501152380927,0.882733066024859
mv,x6,40768.0,0.4987,0.9889,-37.3515,12.3802,-11.0055,-9.1719,10.7827,-0.3261,-0.9462,8.4705,18.1552,0.0058,0.701,0.0036,0.501,0.0054,0.6646,9.9097,0.0,KNN,0.8888938090359624,0.8647037048908037,0.8901085876895358,0.887734592114106,0.8889993003899901,0.8885847633110333,0.8882206248808815,0.8703518614602523,0.8882408206374396
mv,x6,40768.0,0.4987,0.9889,-37.3515,12.3802,-11.0055,-9.1719,10.7827,-0.3261,-0.9462,8.4705,18.1552,0.0058,0.701,0.0036,0.501,0.0054,0.6646,9.9097,0.0,RandomForest,0.8973707108829385,0.8774815383116384,0.8969863911876685,0.8977886578023837,0.898183016699233,0.8974619862442252,0.8968223000616253,0.878140536649947,0.8977242459746488
mv,x6,40768.0,0.4987,0.9889,-37.3515,12.3802,-11.0055,-9.1719,10.7827,-0.3261,-0.9462,8.4705,18.1552,0.0058,0.701,0.0036,0.501,0.0054,0.6646,9.9097,0.0,AdaBoost,0.8918425753221835,0.878418695986913,0.8961838506952972,0.8969253936913216,0.8967770667004427,0.8978082400453373,0.8908293339721889,0.876271136035375,0.8970565292741373
mv,x6,40768.0,0.4987,0.9889,-37.3515,12.3802,-11.0055,-9.1719,10.7827,-0.3261,-0.9462,8.4705,18.1552,0.0058,0.701,0.0036,0.501,0.0054,0.6646,9.9097,0.0,SVC,0.8465419073342514,0.8307167088979163,0.8577128515665116,0.860418288708876,0.8609772199675664,0.8602935518724527,0.8516309878411378,0.8424718691527646,0.860924091899114
mv,x6,40768.0,0.4493,0.9866,-37.3515,12.3802,-10.9985,-9.1528,10.8328,-0.3197,-0.9511,8.5184,18.2026,0.0038,0.7035,0.0024,0.5012,0.0035,0.6647,10.0004,0.0,DecisionTree,0.900534702901421,0.8628868755353067,0.8984720058475291,0.8976176886682229,0.8989821982121345,0.8993189565990516,0.9004538712609955,0.8829584014776394,0.8990478478236437
mv,x6,40768.0,0.4493,0.9866,-37.3515,12.3802,-10.9985,-9.1528,10.8328,-0.3197,-0.9511,8.5184,18.2026,0.0038,0.7035,0.0024,0.5012,0.0035,0.6647,10.0004,0.0,LogisticRegression,0.8878471392740649,0.8358424706633177,0.8856931102665022,0.8858302988546471,0.8863446502605281,0.8861112090192728,0.8865785794707521,0.869228334866501,0.885861721416122
mv,x6,40768.0,0.4493,0.9866,-37.3515,12.3802,-10.9985,-9.1528,10.8328,-0.3197,-0.9511,8.5184,18.2026,0.0038,0.7035,0.0024,0.5012,0.0035,0.6647,10.0004,0.0,KNN,0.893260310944952,0.8689636892234159,0.8937536689040273,0.8937665088764996,0.8927133003998918,0.8926498648496617,0.8927443718463768,0.8774148616663244,0.892814137408327
mv,x6,40768.0,0.4493,0.9866,-37.3515,12.3802,-10.9985,-9.1528,10.8328,-0.3197,-0.9511,8.5184,18.2026,0.0038,0.7035,0.0024,0.5012,0.0035,0.6647,10.0004,0.0,RandomForest,0.9018512963484413,0.8796284475907702,0.9010320840852071,0.9021185637411133,0.9026121685194771,0.9017178400004647,0.9012003751779583,0.8850411223646458,0.9017576902587786
mv,x6,40768.0,0.4493,0.9866,-37.3515,12.3802,-10.9985,-9.1528,10.8328,-0.3197,-0.9511,8.5184,18.2026,0.0038,0.7035,0.0024,0.5012,0.0035,0.6647,10.0004,0.0,AdaBoost,0.8950737547162988,0.8812397158976366,0.900027305257999,0.9016365111109358,0.9001760213619096,0.9018955652044471,0.8941210836166826,0.8815041261556131,0.90157697325444
mv,x6,40768.0,0.4493,0.9866,-37.3515,12.3802,-10.9985,-9.1528,10.8328,-0.3197,-0.9511,8.5184,18.2026,0.0038,0.7035,0.0024,0.5012,0.0035,0.6647,10.0004,0.0,SVC,0.848931229339886,0.829110110964395,0.860903766222471,0.8634192155192366,0.8639324944590694,0.8632168794853352,0.8530271909886331,0.8465036325260218,0.8638497098821868
mv,x6,40768.0,0.4001,0.9862,-37.2637,12.114,-10.9644,-9.0758,10.7734,-0.3318,-0.935,8.4169,18.0977,0.0079,0.6973,0.005,0.496,0.0076,0.6589,10.0854,0.0,DecisionTree,0.9080517444234978,0.871487719020364,0.9059880046899321,0.9059054412078202,0.9052569654497917,0.9064266497455208,0.9080529939653976,0.8917096340074022,0.9063838076923365
mv,x6,40768.0,0.4001,0.9862,-37.2637,12.114,-10.9644,-9.0758,10.7734,-0.3318,-0.935,8.4169,18.0977,0.0079,0.6973,0.005,0.496,0.0076,0.6589,10.0854,0.0,LogisticRegression,0.8938475361000415,0.8427141487980152,0.8936282358734884,0.8943973965618506,0.8940720022947672,0.8946025768128635,0.8926280187692809,0.8775395508828163,0.894185248093599
mv,x6,40768.0,0.4001,0.9862,-37.2637,12.114,-10.9644,-9.0758,10.7734,-0.3318,-0.935,8.4169,18.0977,0.0079,0.6973,0.005,0.496,0.0076,0.6589,10.0854,0.0,KNN,0.9021640684299926,0.8754692363841021,0.9039595038113513,0.9030456415171803,0.9021057742537516,0.9030446144231612,0.9010795450446769,0.8858363056403213,0.9031675435770873
mv,x6,40768.0,0.4001,0.9862,-37.2637,12.114,-10.9644,-9.0758,10.7734,-0.3318,-0.935,8.4169,18.0977,0.0079,0.6973,0.005,0.496,0.0076,0.6589,10.0854,0.0,RandomForest,0.9096139763913524,0.885048811279701,0.9093331716090732,0.9107826872423563,0.9110177773690198,0.9104205660881203,0.9090566796823469,0.89326976596528,0.9102407793834442
mv,x6,40768.0,0.4001,0.9862,-37.2637,12.114,-10.9644,-9.0758,10.7734,-0.3318,-0.935,8.4169,18.0977,0.0079,0.6973,0.005,0.496,0.0076,0.6589,10.0854,0.0,AdaBoost,0.9027383969410963,0.8862850244990558,0.9086334950283799,0.9103734955918824,0.9095686125063576,0.9098230317998256,0.9029055277235228,0.8908103273846963,0.9094506738705312
mv,x6,40768.0,0.4001,0.9862,-37.2637,12.114,-10.9644,-9.0758,10.7734,-0.3318,-0.935,8.4169,18.0977,0.0079,0.6973,0.005,0.496,0.0076,0.6589,10.0854,0.0,SVC,0.8582811403094341,0.8331327634442165,0.8680057591766528,0.8701145573550859,0.8702289138417703,0.8700234875210158,0.8595485687897441,0.8553091074450425,0.8700540108907235
mv,x6,40768.0,0.3496,0.985,-37.3515,12.3802,-10.9807,-9.1287,10.7861,-0.3246,-0.9492,8.4698,18.1534,0.0074,0.6983,0.0043,0.4959,0.0065,0.6584,10.1646,0.0,DecisionTree,0.9064088190820603,0.8789854172202787,0.9101837970616539,0.9084174236582188,0.9136400908636062,0.9118467838128033,0.9028678805225652,0.8949539100630253,0.9133368753543575
mv,x6,40768.0,0.3496,0.985,-37.3515,12.3802,-10.9807,-9.1287,10.7861,-0.3246,-0.9492,8.4698,18.1534,0.0074,0.6983,0.0043,0.4959,0.0065,0.6584,10.1646,0.0,LogisticRegression,0.900134591429096,0.8503011666529038,0.8998970093357787,0.9014783280971116,0.9012497819164038,0.9012918856922492,0.8985161263308581,0.8819475869288672,0.9016246835784629
mv,x6,40768.0,0.3496,0.985,-37.3515,12.3802,-10.9807,-9.1287,10.7861,-0.3246,-0.9492,8.4698,18.1534,0.0074,0.6983,0.0043,0.4959,0.0065,0.6584,10.1646,0.0,KNN,0.9073391666210564,0.8811716378623126,0.9099576218227758,0.908931192443219,0.9099675792202566,0.9096449852333826,0.906643960025577,0.8932209046852965,0.9093813109610223
mv,x6,40768.0,0.3496,0.985,-37.3515,12.3802,-10.9807,-9.1287,10.7861,-0.3246,-0.9492,8.4698,18.1534,0.0074,0.6983,0.0043,0.4959,0.0065,0.6584,10.1646,0.0,RandomForest,0.9144959844223911,0.8896626208675386,0.914884187144864,0.9146353787058636,0.9162837152830974,0.9157196532103475,0.9147653783005233,0.8985593649487033,0.9159183201687592
mv,x6,40768.0,0.3496,0.985,-37.3515,12.3802,-10.9807,-9.1287,10.7861,-0.3246,-0.9492,8.4698,18.1534,0.0074,0.6983,0.0043,0.4959,0.0065,0.6584,10.1646,0.0,AdaBoost,0.9066499740344138,0.8908498581256553,0.914831367468471,0.9157044739669153,0.9152235300320022,0.9147763998510061,0.907494710551835,0.894279002222764,0.9146822390499214
mv,x6,40768.0,0.3496,0.985,-37.3515,12.3802,-10.9807,-9.1287,10.7861,-0.3246,-0.9492,8.4698,18.1534,0.0074,0.6983,0.0043,0.4959,0.0065,0.6584,10.1646,0.0,SVC,0.8641233144286443,0.8375988261337909,0.8737361248745501,0.8753405561180849,0.8756570336625447,0.87539623165324,0.8671956703876527,0.860612588634496,0.8745373474714141
mv,x6,40768.0,0.3004,0.9838,-37.3515,12.3802,-10.9888,-9.1429,10.7927,-0.327,-0.9339,8.445,18.1109,0.0113,0.7011,0.0071,0.5005,0.0106,0.6634,10.2358,0.0,DecisionTree,0.909172744379419,0.8871294303113784,0.9166163528593836,0.9126034194393697,0.9130857720890931,0.9142686743370179,0.9066013783354179,0.9027150343373468,0.9136864446280324
mv,x6,40768.0,0.3004,0.9838,-37.3515,12.3802,-10.9888,-9.1429,10.7927,-0.327,-0.9339,8.445,18.1109,0.0113,0.7011,0.0071,0.5005,0.0106,0.6634,10.2358,0.0,LogisticRegression,0.9028751413225664,0.8580521122892715,0.9043567924677349,0.9040910950769838,0.9040797094169584,0.9040754012547157,0.901682901437364,0.8881765029939913,0.9038417523936146
mv,x6,40768.0,0.3004,0.9838,-37.3515,12.3802,-10.9888,-9.1429,10.7927,-0.327,-0.9339,8.445,18.1109,0.0113,0.7011,0.0071,0.5005,0.0106,0.6634,10.2358,0.0,KNN,0.9135523813552101,0.8870469742777229,0.9157206773675817,0.9140965115920723,0.914991280981317,0.9142183002646889,0.912284576341998,0.9016517725118292,0.9146504508136455
mv,x6,40768.0,0.3004,0.9838,-37.3515,12.3802,-10.9888,-9.1429,10.7927,-0.327,-0.9339,8.445,18.1109,0.0113,0.7011,0.0071,0.5005,0.0106,0.6634,10.2358,0.0,RandomForest,0.9193853436903597,0.8955986150357257,0.9196492247961381,0.9193975216160066,0.9206354433757732,0.9202278898090184,0.9191578468681324,0.906349249699846,0.9204358353423636
mv,x6,40768.0,0.3004,0.9838,-37.3515,12.3802,-10.9888,-9.1429,10.7927,-0.327,-0.9339,8.445,18.1109,0.0113,0.7011,0.0071,0.5005,0.0106,0.6634,10.2358,0.0,AdaBoost,0.9090954028890017,0.8955859113017122,0.9174830819458855,0.9198129293940662,0.9183639758499319,0.9201072198110368,0.9127436004274401,0.902467849950146,0.9197900475972617
mv,x6,40768.0,0.3004,0.9838,-37.3515,12.3802,-10.9888,-9.1429,10.7927,-0.327,-0.9339,8.445,18.1109,0.0113,0.7011,0.0071,0.5005,0.0106,0.6634,10.2358,0.0,SVC,0.8710682152133981,0.8466035287725548,0.878406328578021,0.8795780749503883,0.8798673710290146,0.8794311580905428,0.8727646247941669,0.8682620856030744,0.8797861075916162
mv,x6,40768.0,0.252,0.9814,-37.3515,12.114,-11.0311,-9.1981,10.7985,-0.3232,-0.947,8.4955,18.1854,0.0073,0.7021,0.0045,0.5006,0.0067,0.6638,10.2994,0.0,DecisionTree,0.9159071482830878,0.8934788179980901,0.924845159954387,0.9234939907234536,0.9245455061027845,0.9259619503390726,0.9132304456450512,0.9104471891027114,0.9268995968795053
mv,x6,40768.0,0.252,0.9814,-37.3515,12.114,-11.0311,-9.1981,10.7985,-0.3232,-0.947,8.4955,18.1854,0.0073,0.7021,0.0045,0.5006,0.0067,0.6638,10.2994,0.0,LogisticRegression,0.908236292281287,0.8678703819370343,0.9106828096986708,0.9103589639392586,0.9103063802693758,0.910320954805861,0.9079266588482805,0.8938087588051431,0.9096499057266709
mv,x6,40768.0,0.252,0.9814,-37.3515,12.114,-11.0311,-9.1981,10.7985,-0.3232,-0.947,8.4955,18.1854,0.0073,0.7021,0.0045,0.5006,0.0067,0.6638,10.2994,0.0,KNN,0.9200198821413917,0.8947220478030407,0.9219267448937174,0.9213836979279595,0.9208982006437546,0.9213550363633828,0.9201218304272728,0.9112018940212703,0.9217638898059756
mv,x6,40768.0,0.252,0.9814,-37.3515,12.114,-11.0311,-9.1981,10.7985,-0.3232,-0.947,8.4955,18.1854,0.0073,0.7021,0.0045,0.5006,0.0067,0.6638,10.2994,0.0,RandomForest,0.9266902550226912,0.9014522679062327,0.9265165971112758,0.9278703966212274,0.9274338784634469,0.927540035077512,0.9261226547924394,0.9146617883776293,0.927541410249412
mv,x6,40768.0,0.252,0.9814,-37.3515,12.114,-11.0311,-9.1981,10.7985,-0.3232,-0.947,8.4955,18.1854,0.0073,0.7021,0.0045,0.5006,0.0067,0.6638,10.2994,0.0,AdaBoost,0.9188576128015881,0.9026625698509743,0.9250084651069052,0.9260517159236417,0.9259409903451432,0.9263016472218621,0.921565597407574,0.909625452381934,0.9265509731557944
mv,x6,40768.0,0.252,0.9814,-37.3515,12.114,-11.0311,-9.1981,10.7985,-0.3232,-0.947,8.4955,18.1854,0.0073,0.7021,0.0045,0.5006,0.0067,0.6638,10.2994,0.0,SVC,0.8763607947106901,0.8564481596410378,0.8834157644946828,0.8843161193856137,0.8842167353551927,0.8841754748591785,0.8782757776464232,0.8743571927363407,0.8853568434827221
mv,x6,40768.0,0.1995,0.9815,-37.3515,12.3802,-11.015,-9.1429,10.7905,-0.326,-0.9433,8.4474,18.1551,0.0073,0.6994,0.0039,0.4985,0.0058,0.6612,10.3673,0.0,DecisionTree,0.9211750332028722,0.8983535123786613,0.9299933117141507,0.9302358612145207,0.928913128507232,0.9306272863218752,0.9217500891315014,0.9189765023192668,0.9305864333692518
mv,x6,40768.0,0.1995,0.9815,-37.3515,12.3802,-11.015,-9.1429,10.7905,-0.326,-0.9433,8.4474,18.1551,0.0073,0.6994,0.0039,0.4985,0.0058,0.6612,10.3673,0.0,LogisticRegression,0.9160911160291617,0.8802260065022038,0.9182893692590309,0.9181935416813578,0.9181782005747288,0.9180091465978573,0.9147835806012774,0.8987060691646461,0.9181290023888915
mv,x6,40768.0,0.1995,0.9815,-37.3515,12.3802,-11.015,-9.1429,10.7905,-0.326,-0.9433,8.4474,18.1551,0.0073,0.6994,0.0039,0.4985,0.0058,0.6612,10.3673,0.0,KNN,0.927274930046111,0.9030669516933687,0.9295449331532774,0.928689009802391,0.9283709524365878,0.9282989929135058,0.9276168142013866,0.9163416671715364,0.9282380722197849
mv,x6,40768.0,0.1995,0.9815,-37.3515,12.3802,-11.015,-9.1429,10.7905,-0.326,-0.9433,8.4474,18.1551,0.0073,0.6994,0.0039,0.4985,0.0058,0.6612,10.3673,0.0,RandomForest,0.9325100560647133,0.9112614502496286,0.9326472075140191,0.933223040882629,0.9332358161889109,0.9331030725253033,0.9329002236825892,0.9218258330257282,0.9332843861482225
mv,x6,40768.0,0.1995,0.9815,-37.3515,12.3802,-11.015,-9.1429,10.7905,-0.326,-0.9433,8.4474,18.1551,0.0073,0.6994,0.0039,0.4985,0.0058,0.6612,10.3673,0.0,AdaBoost,0.9265418070564768,0.9071958901313739,0.9317841863348785,0.932439641500777,0.9317760049138832,0.9326129083862752,0.9272245261169926,0.918122195564285,0.9324889571168419
mv,x6,40768.0,0.1995,0.9815,-37.3515,12.3802,-11.015,-9.1429,10.7905,-0.326,-0.9433,8.4474,18.1551,0.0073,0.6994,0.0039,0.4985,0.0058,0.6612,10.3673,0.0,SVC,0.8858903186705926,0.8655997498762542,0.8918760468765041,0.8921434667945718,0.8920189072446515,0.8921786154545066,0.8873075018991308,0.8835248130198394,0.8919411765156919
mv,x6,40768.0,0.1508,0.9801,-37.3515,12.3802,-11.0861,-9.2898,10.8221,-0.3164,-0.9476,8.5171,18.2306,0.0059,0.7015,0.0036,0.4993,0.0055,0.6622,10.4243,0.0,DecisionTree,0.9284554266292542,0.9069272894470557,0.9361121297645886,0.936281731779771,0.9356542809155569,0.9365754677747729,0.9261157245766466,0.9207847607106565,0.9353246685357822
mv,x6,40768.0,0.1508,0.9801,-37.3515,12.3802,-11.0861,-9.2898,10.8221,-0.3164,-0.9476,8.5171,18.2306,0.0059,0.7015,0.0036,0.4993,0.0055,0.6622,10.4243,0.0,LogisticRegression,0.918780388120504,0.8946848072302929,0.9249053644720492,0.925258137655542,0.9251476312475346,0.9252295378715982,0.9144864726344136,0.907542150246941,0.9251014687383069
mv,x6,40768.0,0.1508,0.9801,-37.3515,12.3802,-11.0861,-9.2898,10.8221,-0.3164,-0.9476,8.5171,18.2306,0.0059,0.7015,0.0036,0.4993,0.0055,0.6622,10.4243,0.0,KNN,0.9332409083380853,0.9138490936802264,0.9358694471279473,0.9365395590198391,0.9364528700433262,0.9364798891444743,0.9326540889910528,0.9260058791599586,0.9364794896945323
mv,x6,40768.0,0.1508,0.9801,-37.3515,12.3802,-11.0861,-9.2898,10.8221,-0.3164,-0.9476,8.5171,18.2306,0.0059,0.7015,0.0036,0.4993,0.0055,0.6622,10.4243,0.0,RandomForest,0.9385049010007216,0.9199592422298672,0.9387473077042576,0.9393840628122486,0.9389957128763888,0.9391182576118005,0.9373712099181495,0.9294101749620893,0.9388375576041853
mv,x6,40768.0,0.1508,0.9801,-37.3515,12.3802,-11.0861,-9.2898,10.8221,-0.3164,-0.9476,8.5171,18.2306,0.0059,0.7015,0.0036,0.4993,0.0055,0.6622,10.4243,0.0,AdaBoost,0.9308553905395877,0.9130979568003383,0.9372770770863946,0.9384191442058911,0.9383600073870336,0.9388174249261362,0.9320466317906273,0.9227726414104535,0.9379441079937296
mv,x6,40768.0,0.1508,0.9801,-37.3515,12.3802,-11.0861,-9.2898,10.8221,-0.3164,-0.9476,8.5171,18.2306,0.0059,0.7015,0.0036,0.4993,0.0055,0.6622,10.4243,0.0,SVC,0.8932362323185743,0.8784358990499153,0.8969163448619318,0.8970758742488488,0.8970570069443147,0.8970765074679408,0.8938477326636775,0.8909071842776664,0.8970810385873773
mv,x6,40768.0,0.0988,0.9794,-37.3515,12.3802,-11.0265,-9.171,10.8189,-0.3221,-0.9475,8.5036,18.2611,0.0068,0.7023,0.0043,0.5016,0.0064,0.6648,10.4828,0.0,DecisionTree,0.9404141172311913,0.924533218789065,0.9440167477167632,0.9440207154608671,0.9449022713463556,0.9445778173607488,0.9401745499332946,0.9352465078063705,0.9448390297061725
mv,x6,40768.0,0.0988,0.9794,-37.3515,12.3802,-11.0265,-9.171,10.8189,-0.3221,-0.9475,8.5036,18.2611,0.0068,0.7023,0.0043,0.5016,0.0064,0.6648,10.4828,0.0,LogisticRegression,0.9174918335304207,0.9130566172008925,0.9336588130954065,0.9336973811054745,0.9336535029411768,0.9336909321540177,0.9160044441999917,0.9178542991168305,0.9339607485827012
mv,x6,40768.0,0.0988,0.9794,-37.3515,12.3802,-11.0265,-9.171,10.8189,-0.3221,-0.9475,8.5036,18.2611,0.0068,0.7023,0.0043,0.5016,0.0064,0.6648,10.4828,0.0,KNN,0.9406718873619593,0.9248325337575254,0.9422493880848619,0.9421828123345662,0.9423922047710007,0.9421671206741296,0.9409273213442029,0.9377509711679234,0.9424538567230788
mv,x6,40768.0,0.0988,0.9794,-37.3515,12.3802,-11.0265,-9.171,10.8189,-0.3221,-0.9475,8.5036,18.2611,0.0068,0.7023,0.0043,0.5016,0.0064,0.6648,10.4828,0.0,RandomForest,0.9458488643439069,0.929522588130003,0.9459208406126283,0.9462495693538533,0.9461859531155256,0.9460244791429826,0.9457444145289666,0.9416975940972825,0.9462309378636488
mv,x6,40768.0,0.0988,0.9794,-37.3515,12.3802,-11.0265,-9.171,10.8189,-0.3221,-0.9475,8.5036,18.2611,0.0068,0.7023,0.0043,0.5016,0.0064,0.6648,10.4828,0.0,AdaBoost,0.941209460961563,0.9246645175913251,0.9437537797545553,0.9441724755624278,0.9443712487266677,0.9449025214988507,0.941069466159407,0.9364199569890119,0.9446813124961253
mv,x6,40768.0,0.0988,0.9794,-37.3515,12.3802,-11.0265,-9.171,10.8189,-0.3221,-0.9475,8.5036,18.2611,0.0068,0.7023,0.0043,0.5016,0.0064,0.6648,10.4828,0.0,SVC,0.9020920033972287,0.891955987075532,0.904935680042833,0.9050869165455718,0.9050421864687914,0.904899086514648,0.9025257242327928,0.9009137171788802,0.904823538880553
mv,x6,40768.0,0.0508,0.978,-37.3515,12.3802,-11.04,-9.2332,10.8004,-0.3196,-0.9495,8.5114,18.23,0.0067,0.7007,0.0041,0.4988,0.0062,0.6616,10.5327,0.0,DecisionTree,0.950329943707101,0.9363099101517387,0.9507693965209882,0.9508882686366081,0.9504157847143802,0.9506836058616406,0.9502965617708833,0.9441251256918334,0.9510331433963963
mv,x6,40768.0,0.0508,0.978,-37.3515,12.3802,-11.04,-9.2332,10.8004,-0.3196,-0.9495,8.5114,18.23,0.0067,0.7007,0.0041,0.4988,0.0062,0.6616,10.5327,0.0,LogisticRegression,0.9293309955428853,0.9349288456399021,0.9435775559890853,0.9435766277212029,0.9435540441223047,0.9434908874785408,0.928447041622821,0.9292881129888362,0.9434894169683457
mv,x6,40768.0,0.0508,0.978,-37.3515,12.3802,-11.04,-9.2332,10.8004,-0.3196,-0.9495,8.5114,18.23,0.0067,0.7007,0.0041,0.4988,0.0062,0.6616,10.5327,0.0,KNN,0.9471881009123959,0.9381498624834865,0.9493107033408807,0.9492464008070235,0.9491602499508505,0.9496173161194154,0.9471672542351957,0.9462382923279002,0.9496578181740537
mv,x6,40768.0,0.0508,0.978,-37.3515,12.3802,-11.04,-9.2332,10.8004,-0.3196,-0.9495,8.5114,18.23,0.0067,0.7007,0.0041,0.4988,0.0062,0.6616,10.5327,0.0,RandomForest,0.9523498947275917,0.9428578501717059,0.9530102753560741,0.9527211434212353,0.9526547916536191,0.9529257362791907,0.9521087757522835,0.9506661358628654,0.9529885656215533
mv,x6,40768.0,0.0508,0.978,-37.3515,12.3802,-11.04,-9.2332,10.8004,-0.3196,-0.9495,8.5114,18.23,0.0067,0.7007,0.0041,0.4988,0.0062,0.6616,10.5327,0.0,AdaBoost,0.9498313539424459,0.9386895993716883,0.9504779625160523,0.9512890148975842,0.95108772781693,0.9513814942335572,0.9497468091764328,0.9468856801880771,0.9516374348640231
mv,x6,40768.0,0.0508,0.978,-37.3515,12.3802,-11.04,-9.2332,10.8004,-0.3196,-0.9495,8.5114,18.23,0.0067,0.7007,0.0041,0.4988,0.0062,0.6616,10.5327,0.0,SVC,0.9102011297538625,0.904793044641451,0.9114745965129287,0.911578550697854,0.9115555461355781,0.9114968211080225,0.9104225431319671,0.9088124057847708,0.9115189721762421
stars,L,240.0,0.4958,0.9587,0.0001,849420.0,102242.4221,0.819,162955.8583,2.1029,5.5507,0.8189,198199.9991,0.5792,0.7111,0.6946,0.7065,0.8828,0.8892,4.7342,0.0003,DecisionTree,0.985954246370913,0.985954246370913,0.985954246370913,0.985954246370913,0.9824651891318558,0.985954246370913,1.0,1.0,0.985954246370913
stars,L,240.0,0.4958,0.9587,0.0001,849420.0,102242.4221,0.819,162955.8583,2.1029,5.5507,0.8189,198199.9991,0.5792,0.7111,0.6946,0.7065,0.8828,0.8892,4.7342,0.0003,LogisticRegression,0.9653256600953133,0.9722059760544692,0.9752234832815148,0.9751983514373865,0.9822824435176976,0.9754616510843378,0.9719678082516461,0.9722059760544692,0.9722059760544692
stars,L,240.0,0.4958,0.9587,0.0001,849420.0,102242.4221,0.819,162955.8583,2.1029,5.5507,0.8189,198199.9991,0.5792,0.7111,0.6946,0.7065,0.8828,0.8892,4.7342,0.0003,KNN,0.9265184929304907,0.9300402299081101,0.9406896551833419,0.9370614141892006,0.9259962476912351,0.9294951817510997,0.9405297501228143,0.9300402299081101,0.9300402299081101
stars,L,240.0,0.4958,0.9587,0.0001,849420.0,102242.4221,0.819,162955.8583,2.1029,5.5507,0.8189,198199.9991,0.5792,0.7111,0.6946,0.7065,0.8828,0.8892,4.7342,0.0003,RandomForest,1.0,1.0,1.0,0.9965277777777778,1.0,1.0,1.0,0.9930594178717094,1.0
stars,L,240.0,0.4958,0.9587,0.0001,849420.0,102242.4221,0.819,162955.8583,2.1029,5.5507,0.8189,198199.9991,0.5792,0.7111,0.6946,0.7065,0.8828,0.8892,4.7342,0.0003,AdaBoost,0.5197766027249723,0.5197766027249723,0.5197766027249723,0.5197766027249723,0.5197766027249723,0.5197766027249723,0.5197766027249723,0.5197766027249723,0.5197766027249723
stars,L,240.0,0.4958,0.9587,0.0001,849420.0,102242.4221,0.819,162955.8583,2.1029,5.5507,0.8189,198199.9991,0.5792,0.7111,0.6946,0.7065,0.8828,0.8892,4.7342,0.0003,SVC,0.9341047186682112,0.9546922296813009,0.9546922296813009,0.9514163999371262,0.9514163999371262,0.9478916567065007,0.9478916567065007,0.9546922296813009,0.9546922296813009
stars,L,240.0,0.4542,0.9008,0.0001,849420.0,97922.6618,0.008,168032.8977,2.2691,5.8043,0.0079,192999.9992,0.4756,0.6926,0.7049,0.7108,0.8917,0.8967,4.7296,0.0007,DecisionTree,0.985954246370913,0.985954246370913,0.985954246370913,0.985954246370913,0.982490320975984,0.985954246370913,1.0,1.0,0.985954246370913
stars,L,240.0,0.4542,0.9008,0.0001,849420.0,97922.6618,0.008,168032.8977,2.2691,5.8043,0.0079,192999.9992,0.4756,0.6926,0.7049,0.7108,0.8917,0.8967,4.7296,0.0007,LogisticRegression,0.9754616510843378,0.9754616510843378,0.9786874086764438,0.9752286273144366,0.9752374864449237,0.9722059760544692,0.9756699014493981,0.9754616510843378,0.9754616510843378
stars,L,240.0,0.4542,0.9008,0.0001,849420.0,97922.6618,0.008,168032.8977,2.2691,5.8043,0.0079,192999.9992,0.4756,0.6926,0.7049,0.7108,0.8917,0.8967,4.7296,0.0007,KNN,0.9227492858109803,0.9225439552751898,0.940599901008304,0.9439693507389498,0.9441090855961176,0.9331751171238349,0.9335712321968634,0.9225439552751898,0.9225439552751898
stars,L,240.0,0.4542,0.9008,0.0001,849420.0,97922.6618,0.008,168032.8977,2.2691,5.8043,0.0079,192999.9992,0.4756,0.6926,0.7049,0.7108,0.8917,0.8967,4.7296,0.0007,RandomForest,1.0,0.9894982298474946,0.9930364774114774,0.9965277777777778,1.0,1.0,1.0,0.9930323440142261,0.9894982298474946
stars,L,240.0,0.4542,0.9008,0.0001,849420.0,97922.6618,0.008,168032.8977,2.2691,5.8043,0.0079,192999.9992,0.4756,0.6926,0.7049,0.7108,0.8917,0.8967,4.7296,0.0007,AdaBoost,0.5197766027249723,0.5197766027249723,0.5197766027249723,0.5197766027249723,0.5197766027249723,0.5197766027249723,0.5197766027249723,0.5197766027249723,0.5197766027249723
stars,L,240.0,0.4542,0.9008,0.0001,849420.0,97922.6618,0.008,168032.8977,2.2691,5.8043,0.0079,192999.9992,0.4756,0.6926,0.7049,0.7108,0.8917,0.8967,4.7296,0.0007,SVC,0.9436036726368614,0.9436036726368614,0.9369112967483535,0.9369112967483535,0.9369112967483535,0.9403278428926869,0.9403278428926869,0.9436036726368614,0.9436036726368614
stars,L,240.0,0.3542,0.8839,0.0001,849420.0,98223.6051,0.0122,173280.3194,2.3038,5.7948,0.0121,191499.9992,0.5164,0.6833,0.6895,0.7089,0.8761,0.8932,4.8629,0.0006,DecisionTree,0.985954246370913,0.985954246370913,0.985954246370913,0.985954246370913,0.985954246370913,0.985954246370913,1.0,1.0,0.985954246370913
stars,L,240.0,0.3542,0.8839,0.0001,849420.0,98223.6051,0.0122,173280.3194,2.3038,5.7948,0.0121,191499.9992,0.5164,0.6833,0.6895,0.7089,0.8761,0.8932,4.8629,0.0006,LogisticRegression,0.9720026563753431,0.9754616510843378,0.9613567660680233,0.9577081665897456,0.9682402739956739,0.9647029684091087,0.9720264975710883,0.9754616510843378,0.9754616510843378
stars,L,240.0,0.3542,0.8839,0.0001,849420.0,98223.6051,0.0122,173280.3194,2.3038,5.7948,0.0121,191499.9992,0.5164,0.6833,0.6895,0.7089,0.8761,0.8932,4.8629,0.0006,KNN,0.9259792715763183,0.9149172245379815,0.9441575793409213,0.9151161549799675,0.9223857918724493,0.9225544760689112,0.9150375299013424,0.9149172245379815,0.9149172245379815
stars,L,240.0,0.3542,0.8839,0.0001,849420.0,98223.6051,0.0122,173280.3194,2.3038,5.7948,0.0121,191499.9992,0.5164,0.6833,0.6895,0.7089,0.8761,0.8932,4.8629,0.0006,RandomForest,0.9965316400939316,1.0,1.0,0.9930326818913775,1.0,1.0,0.9930555555555556,0.9930323440142261,1.0
stars,L,240.0,0.3542,0.8839,0.0001,849420.0,98223.6051,0.0122,173280.3194,2.3038,5.7948,0.0121,191499.9992,0.5164,0.6833,0.6895,0.7089,0.8761,0.8932,4.8629,0.0006,AdaBoost,0.5197766027249723,0.5197766027249723,0.5197766027249723,0.5197766027249723,0.5197766027249723,0.5197766027249723,0.5197766027249723,0.5197766027249723,0.5197766027249723
stars,L,240.0,0.3542,0.8839,0.0001,849420.0,98223.6051,0.0122,173280.3194,2.3038,5.7948,0.0121,191499.9992,0.5164,0.6833,0.6895,0.7089,0.8761,0.8932,4.8629,0.0006,SVC,0.9370339561480766,0.9370917692305041,0.9370917692305041,0.940187126492528,0.940187126492528,0.940187126492528,0.940187126492528,0.9370917692305041,0.9370917692305041
stars,L,240.0,0.3583,0.9156,0.0001,849420.0,88940.4972,0.0105,166066.01,2.4126,6.4539,0.0104,151499.9992,0.5284,0.672,0.6982,0.7101,0.882,0.8881,4.9037,0.0004,DecisionTree,0.985954246370913,0.982490320975984,0.979026336318003,0.985954246370913,0.982490320975984,0.985954246370913,1.0,1.0,0.985954246370913
stars,L,240.0,0.3583,0.9156,0.0001,849420.0,88940.4972,0.0105,166066.01,2.4126,6.4539,0.0104,151499.9992,0.5284,0.672,0.6982,0.7101,0.882,0.8881,4.9037,0.0004,LogisticRegression,0.9754616510843378,0.9722059760544692,0.9647501541112902,0.9646997833044479,0.9752286273144366,0.9789255764792667,0.9754365192402096,0.9722059760544692,0.9722059760544692
stars,L,240.0,0.3583,0.9156,0.0001,849420.0,88940.4972,0.0105,166066.01,2.4126,6.4539,0.0104,151499.9992,0.5284,0.672,0.6982,0.7101,0.882,0.8881,4.9037,0.0004,KNN,0.9258876814451722,0.9224703386637944,0.9261693029081155,0.9334814780218255,0.9397452787042053,0.9294876175882119,0.940599901008304,0.9224703386637944,0.9224703386637944
stars,L,240.0,0.3583,0.9156,0.0001,849420.0,88940.4972,0.0105,166066.01,2.4126,6.4539,0.0104,151499.9992,0.5284,0.672,0.6982,0.7101,0.882,0.8881,4.9037,0.0004,RandomForest,1.0,1.0,0.9965109427609428,0.9965109427609428,0.9930364774114774,1.0,0.9965007039202946,0.9965277777777778,1.0
stars,L,240.0,0.3583,0.9156,0.0001,849420.0,88940.4972,0.0105,166066.01,2.4126,6.4539,0.0104,151499.9992,0.5284,0.672,0.6982,0.7101,0.882,0.8881,4.9037,0.0004,AdaBoost,0.5197766027249723,0.5197766027249723,0.5197766027249723,0.5197766027249723,0.5197766027249723,0.5197766027249723,0.5197766027249723,0.5197766027249723,0.5197766027249723
stars,L,240.0,0.3583,0.9156,0.0001,849420.0,88940.4972,0.0105,166066.01,2.4126,6.4539,0.0104,151499.9992,0.5284,0.672,0.6982,0.7101,0.882,0.8881,4.9037,0.0004,SVC,0.9370097884388106,0.9405083153748375,0.9369112967483535,0.9369112967483535,0.9403278428926869,0.9403278428926869,0.9403278428926869,0.9405083153748375,0.9405083153748375
stars,L,240.0,0.2917,0.9,0.0001,849420.0,107691.6255,0.0475,182920.4613,2.1402,4.7378,0.0474,199549.9991,0.5116,0.6849,0.6913,0.7103,0.8813,0.8935,4.991,0.0004,DecisionTree,0.985954246370913,0.985954246370913,0.985954246370913,0.985954246370913,0.982490320975984,0.985954246370913,1.0,1.0,0.985954246370913
stars,L,240.0,0.2917,0.9,0.0001,849420.0,107691.6255,0.0475,182920.4613,2.1402,4.7378,0.0474,199549.9991,0.5116,0.6849,0.6913,0.7103,0.8813,0.8935,4.991,0.0004,LogisticRegression,0.9720026563753431,0.9722059760544692,0.9752234832815148,0.9682655979768553,0.9648068166148481,0.9717429642319994,0.9652261609252484,0.9722059760544692,0.9722059760544692
stars,L,240.0,0.2917,0.9,0.0001,849420.0,107691.6255,0.0475,182920.4613,2.1402,4.7378,0.0474,199549.9991,0.5116,0.6849,0.6913,0.7103,0.8813,0.8935,4.991,0.0004,KNN,0.911752433200773,0.9151970981037713,0.9261469875733,0.9223951666380467,0.9330729373206067,0.9151970981037713,0.9298404637756331,0.9151970981037713,0.9151970981037713
stars,L,240.0,0.2917,0.9,0.0001,849420.0,107691.6255,0.0475,182920.4613,2.1402,4.7378,0.0474,199549.9991,0.5116,0.6849,0.6913,0.7103,0.8813,0.8935,4.991,0.0004,RandomForest,1.0,1.0,1.0,0.9965277777777778,1.0,0.996516595097513,1.0,0.9965007039202946,1.0
stars,L,240.0,0.2917,0.9,0.0001,849420.0,107691.6255,0.0475,182920.4613,2.1402,4.7378,0.0474,199549.9991,0.5116,0.6849,0.6913,0.7103,0.8813,0.8935,4.991,0.0004,AdaBoost,0.5197766027249723,0.5197766027249723,0.5197766027249723,0.5197766027249723,0.5197766027249723,0.5197766027249723,0.5197766027249723,0.5197766027249723,0.5197766027249723
stars,L,240.0,0.2917,0.9,0.0001,849420.0,107691.6255,0.0475,182920.4613,2.1402,4.7378,0.0474,199549.9991,0.5116,0.6849,0.6913,0.7103,0.8813,0.8935,4.991,0.0004,SVC,0.9410369605225092,0.9370917692305041,0.940187126492528,0.940187126492528,0.940187126492528,0.940187126492528,0.940187126492528,0.9370917692305041,0.9370917692305041
stars,L,240.0,0.2333,0.9022,0.0001,849420.0,114141.1758,0.5835,184110.5312,1.9023,3.5496,0.5834,199999.9992,0.4951,0.6942,0.6887,0.7118,0.8786,0.8951,5.0689,0.0004,DecisionTree,0.985954246370913,0.985954246370913,0.985954246370913,0.985954246370913,0.982490320975984,0.985954246370913,1.0,1.0,0.985954246370913
stars,L,240.0,0.2333,0.9022,0.0001,849420.0,114141.1758,0.5835,184110.5312,1.9023,3.5496,0.5834,199999.9992,0.4951,0.6942,0.6887,0.7118,0.8786,0.8951,5.0689,0.0004,LogisticRegression,0.9717644885725201,0.9718477853592482,0.9786874086764438,0.9681585646664551,0.9716990553576811,0.9821601932018599,0.9751983514373865,0.9718477853592482,0.9718477853592482
stars,L,240.0,0.2333,0.9022,0.0001,849420.0,114141.1758,0.5835,184110.5312,1.9023,3.5496,0.5834,199999.9992,0.4951,0.6942,0.6887,0.7118,0.8786,0.8951,5.0689,0.0004,KNN,0.9299927304903999,0.9224425318243008,0.936784050400103,0.936784050400103,0.9440283728860946,0.9333897678786653,0.9333897678786653,0.9224425318243008,0.9262468355807119
stars,L,240.0,0.2333,0.9022,0.0001,849420.0,114141.1758,0.5835,184110.5312,1.9023,3.5496,0.5834,199999.9992,0.4951,0.6942,0.6887,0.7118,0.8786,0.8951,5.0689,0.0004,RandomForest,0.9965316400939316,1.0,1.0,1.0,0.9965277777777778,0.9965109427609428,0.9965109427609428,0.9860933900723482,1.0
stars,L,240.0,0.2333,0.9022,0.0001,849420.0,114141.1758,0.5835,184110.5312,1.9023,3.5496,0.5834,199999.9992,0.4951,0.6942,0.6887,0.7118,0.8786,0.8951,5.0689,0.0004,AdaBoost,0.5197766027249723,0.5197766027249723,0.5197766027249723,0.5197766027249723,0.5197766027249723,0.5197766027249723,0.5197766027249723,0.5197766027249723,0.5197766027249723
stars,L,240.0,0.2333,0.9022,0.0001,849420.0,114141.1758,0.5835,184110.5312,1.9023,3.5496,0.5834,199999.9992,0.4951,0.6942,0.6887,0.7118,0.8786,0.8951,5.0689,0.0004,SVC,0.9369112967483535,0.9370917692305041,0.9403278428926869,0.9403278428926869,0.9403278428926869,0.9369112967483535,0.9369112967483535,0.9370917692305041,0.9370917692305041
stars,L,240.0,0.1667,0.89,0.0001,849420.0,111766.4191,0.0215,185746.4361,2.0274,4.109,0.0214,199999.9992,0.5303,0.7033,0.6903,0.6936,0.8783,0.8831,5.1406,0.0003,DecisionTree,0.985954246370913,0.982490320975984,0.985954246370913,0.985954246370913,0.982490320975984,0.985954246370913,1.0,1.0,0.985954246370913
stars,L,240.0,0.1667,0.89,0.0001,849420.0,111766.4191,0.0215,185746.4361,2.0274,4.109,0.0214,199999.9992,0.5303,0.7033,0.6903,0.6936,0.8783,0.8831,5.1406,0.0003,LogisticRegression,0.9789255764792667,0.9722059760544692,0.9752452489842841,0.9717561917452269,0.9752286273144366,0.9754365192402096,0.9789255764792667,0.9722059760544692,0.9722059760544692
stars,L,240.0,0.1667,0.89,0.0001,849420.0,111766.4191,0.0215,185746.4361,2.0274,4.109,0.0214,199999.9992,0.5303,0.7033,0.6903,0.6936,0.8783,0.8831,5.1406,0.0003,KNN,0.922222614079962,0.9222552938185241,0.936749837905402,0.9259792715763183,0.9259792715763183,0.9259465918377562,0.9259792715763183,0.9222552938185241,0.9222552938185241
stars,L,240.0,0.1667,0.89,0.0001,849420.0,111766.4191,0.0215,185746.4361,2.0274,4.109,0.0214,199999.9992,0.5303,0.7033,0.6903,0.6936,0.8783,0.8831,5.1406,0.0003,RandomForest,1.0,1.0,1.0,1.0,1.0,1.0,1.0,0.9929666119321292,1.0
stars,L,240.0,0.1667,0.89,0.0001,849420.0,111766.4191,0.0215,185746.4361,2.0274,4.109,0.0214,199999.9992,0.5303,0.7033,0.6903,0.6936,0.8783,0.8831,5.1406,0.0003,AdaBoost,0.5197766027249723,0.5197766027249723,0.5197766027249723,0.5197766027249723,0.5197766027249723,0.5197766027249723,0.5197766027249723,0.5197766027249723,0.5197766027249723
stars,L,240.0,0.1667,0.89,0.0001,849420.0,111766.4191,0.0215,185746.4361,2.0274,4.109,0.0214,199999.9992,0.5303,0.7033,0.6903,0.6936,0.8783,0.8831,5.1406,0.0003,SVC,0.940187126492528,0.940187126492528,0.9369112967483535,0.940187126492528,0.940187126492528,0.940187126492528,0.940187126492528,0.940187126492528,0.940187126492528
stars,L,240.0,0.1708,0.8744,0.0001,849420.0,98029.1843,0.0122,171077.339,2.1176,4.6316,0.0121,185999.9992,0.5376,0.7005,0.6966,0.7006,0.8805,0.8857,5.1043,0.0004,DecisionTree,0.985954246370913,0.982490320975984,0.985954246370913,0.985954246370913,0.985954246370913,0.985954246370913,1.0,1.0,0.985954246370913
stars,L,240.0,0.1708,0.8744,0.0001,849420.0,98029.1843,0.0122,171077.339,2.1176,4.6316,0.0121,185999.9992,0.5376,0.7005,0.6966,0.7006,0.8805,0.8857,5.1043,0.0004,LogisticRegression,0.9722059760544692,0.9619648121082194,0.9786874086764438,0.9786874086764438,0.9752286273144366,0.9786874086764438,0.9754317336465752,0.9619648121082194,0.9619648121082194
stars,L,240.0,0.1708,0.8744,0.0001,849420.0,98029.1843,0.0122,171077.339,2.1176,4.6316,0.0121,185999.9992,0.5376,0.7005,0.6966,0.7006,0.8805,0.8857,5.1043,0.0004,KNN,0.9296756998134916,0.9256523312067896,0.9475749221222991,0.936784050400103,0.9440283728860946,0.9332375011638986,0.9368653303820056,0.9256523312067896,0.9256523312067896
stars,L,240.0,0.1708,0.8744,0.0001,849420.0,98029.1843,0.0122,171077.339,2.1176,4.6316,0.0121,185999.9992,0.5376,0.7005,0.6966,0.7006,0.8805,0.8857,5.1043,0.0004,RandomForest,1.0,1.0,1.0,1.0,1.0,1.0,1.0,0.9894673158524238,1.0
stars,L,240.0,0.1708,0.8744,0.0001,849420.0,98029.1843,0.0122,171077.339,2.1176,4.6316,0.0121,185999.9992,0.5376,0.7005,0.6966,0.7006,0.8805,0.8857,5.1043,0.0004,AdaBoost,0.5197766027249723,0.5197766027249723,0.5197766027249723,0.5197766027249723,0.5197766027249723,0.5197766027249723,0.5197766027249723,0.5197766027249723,0.5197766027249723
stars,L,240.0,0.1708,0.8744,0.0001,849420.0,98029.1843,0.0122,171077.339,2.1176,4.6316,0.0121,185999.9992,0.5376,0.7005,0.6966,0.7006,0.8805,0.8857,5.1043,0.0004,SVC,0.9403520106019531,0.9369112967483535,0.9403278428926869,0.9403278428926869,0.9369112967483535,0.9369112967483535,0.9369112967483535,0.9369112967483535,0.9369112967483535
stars,L,240.0,0.0583,0.8628,0.0001,849420.0,106620.9681,0.0475,176096.6673,2.0184,4.2097,0.0474,197999.9991,0.5492,0.706,0.6993,0.7085,0.8877,0.891,5.2124,0.0004,DecisionTree,0.982490320975984,0.982490320975984,0.979026336318003,0.982490320975984,0.982490320975984,0.982490320975984,1.0,1.0,0.982490320975984
stars,L,240.0,0.0583,0.8628,0.0001,849420.0,106620.9681,0.0475,176096.6673,2.0184,4.2097,0.0474,197999.9991,0.5492,0.706,0.6993,0.7085,0.8877,0.891,5.2124,0.0004,LogisticRegression,0.9786874086764438,0.9650723931519765,0.9786874086764438,0.9786874086764438,0.9786874086764438,0.9786874086764438,0.975232747118334,0.9650723931519765,0.9650723931519765
stars,L,240.0,0.0583,0.8628,0.0001,849420.0,106620.9681,0.0475,176096.6673,2.0184,4.2097,0.0474,197999.9991,0.5492,0.706,0.6993,0.7085,0.8877,0.891,5.2124,0.0004,KNN,0.9259792715763183,0.9259792715763183,0.9259792715763183,0.9259792715763183,0.9259792715763183,0.9259792715763183,0.9259792715763183,0.9259792715763183,0.9259792715763183
stars,L,240.0,0.0583,0.8628,0.0001,849420.0,106620.9681,0.0475,176096.6673,2.0184,4.2097,0.0474,197999.9991,0.5492,0.706,0.6993,0.7085,0.8877,0.891,5.2124,0.0004,RandomForest,1.0,1.0,1.0,1.0,1.0,1.0,1.0,0.9930167907141592,1.0
stars,L,240.0,0.0583,0.8628,0.0001,849420.0,106620.9681,0.0475,176096.6673,2.0184,4.2097,0.0474,197999.9991,0.5492,0.706,0.6993,0.7085,0.8877,0.891,5.2124,0.0004,AdaBoost,0.5197766027249723,0.5197766027249723,0.5197766027249723,0.5197766027249723,0.5197766027249723,0.5197766027249723,0.5197766027249723,0.5197766027249723,0.5197766027249723
stars,L,240.0,0.0583,0.8628,0.0001,849420.0,106620.9681,0.0475,176096.6673,2.0184,4.2097,0.0474,197999.9991,0.5492,0.706,0.6993,0.7085,0.8877,0.891,5.2124,0.0004,SVC,0.940187126492528,0.940187126492528,0.940187126492528,0.940187126492528,0.940187126492528,0.940187126492528,0.940187126492528,0.940187126492528,0.940187126492528
stars,L,240.0,0.0667,0.8884,0.0001,849420.0,110633.365,0.61,181800.1608,2.032,4.2076,0.6099,199999.9991,0.5178,0.6856,0.7036,0.7091,0.8901,0.8925,5.2434,0.0003,DecisionTree,0.985954246370913,0.982490320975984,0.985954246370913,0.985954246370913,0.982490320975984,0.985954246370913,1.0,1.0,0.985954246370913
stars,L,240.0,0.0667,0.8884,0.0001,849420.0,110633.365,0.61,181800.1608,2.032,4.2076,0.6099,199999.9991,0.5178,0.6856,0.7036,0.7091,0.8901,0.8925,5.2434,0.0003,LogisticRegression,0.9754616510843378,0.9754616510843378,0.9751881125967383,0.9716990553576811,0.9716990553576811,0.9716990553576811,0.9786874086764438,0.9754616510843378,0.9754616510843378
stars,L,240.0,0.0667,0.8884,0.0001,849420.0,110633.365,0.61,181800.1608,2.032,4.2076,0.6099,199999.9991,0.5178,0.6856,0.7036,0.7091,0.8901,0.8925,5.2434,0.0003,KNN,0.9119589486571477,0.9258831230366311,0.9296071007944253,0.9296071007944253,0.9296071007944253,0.9296071007944253,0.9330729373206067,0.9258831230366311,0.9258831230366311
stars,L,240.0,0.0667,0.8884,0.0001,849420.0,110633.365,0.61,181800.1608,2.032,4.2076,0.6099,199999.9991,0.5178,0.6856,0.7036,0.7091,0.8901,0.8925,5.2434,0.0003,RandomForest,1.0,1.0,1.0,1.0,1.0,1.0,0.9965316400939316,0.9965316400939316,1.0
stars,L,240.0,0.0667,0.8884,0.0001,849420.0,110633.365,0.61,181800.1608,2.032,4.2076,0.6099,199999.9991,0.5178,0.6856,0.7036,0.7091,0.8901,0.8925,5.2434,0.0003,AdaBoost,0.5197766027249723,0.5197766027249723,0.5197766027249723,0.5197766027249723,0.5197766027249723,0.5197766027249723,0.5197766027249723,0.5197766027249723,0.5197766027249723
stars,L,240.0,0.0667,0.8884,0.0001,849420.0,110633.365,0.61,181800.1608,2.032,4.2076,0.6099,199999.9991,0.5178,0.6856,0.7036,0.7091,0.8901,0.8925,5.2434,0.0003,SVC,0.940187126492528,0.940187126492528,0.940187126492528,0.9369112967483535,0.940187126492528,0.940187126492528,0.940187126492528,0.940187126492528,0.940187126492528
stars,R,240.0,0.525,0.9737,0.0084,1679.0,221.4038,0.345,496.4994,1.9996,2.2213,0.3357,38.8955,0.548,0.6464,0.6623,0.6883,0.8306,0.8731,4.6997,0.0002,DecisionTree,1.0,1.0,0.996536074605071,1.0,0.9759820074056071,1.0,1.0,1.0,1.0
stars,R,240.0,0.525,0.9737,0.0084,1679.0,221.4038,0.345,496.4994,1.9996,2.2213,0.3357,38.8955,0.548,0.6464,0.6623,0.6883,0.8306,0.8731,4.6997,0.0002,LogisticRegression,0.9066980712941173,0.9175203921412669,0.9786874086764438,0.9786874086764438,0.9752286273144366,0.9241178267921717,0.9101399085338922,0.913583167626557,0.9175203921412669
stars,R,240.0,0.525,0.9737,0.0084,1679.0,221.4038,0.345,496.4994,1.9996,2.2213,0.3357,38.8955,0.548,0.6464,0.6623,0.6883,0.8306,0.8731,4.6997,0.0002,KNN,0.846147989069609,0.850505719296764,0.9298404637756331,0.9262941792157874,0.9335173643604284,0.833430608472008,0.8577637290826607,0.8476056573956569,0.843445534111579
stars,R,240.0,0.525,0.9737,0.0084,1679.0,221.4038,0.345,496.4994,1.9996,2.2213,0.3357,38.8955,0.548,0.6464,0.6623,0.6883,0.8306,0.8731,4.6997,0.0002,RandomForest,0.9861299909609089,0.9793411535123493,1.0,1.0,1.0,0.9791855465164645,0.9793176328502415,0.9621401834258754,0.9793411535123493
stars,R,240.0,0.525,0.9737,0.0084,1679.0,221.4038,0.345,496.4994,1.9996,2.2213,0.3357,38.8955,0.548,0.6464,0.6623,0.6883,0.8306,0.8731,4.6997,0.0002,AdaBoost,0.3548616179123842,0.3548616179123842,0.5197766027249723,0.3548616179123842,0.3548616179123842,0.3548616179123842,0.3548616179123842,0.3548616179123842,0.3548616179123842
stars,R,240.0,0.525,0.9737,0.0084,1679.0,221.4038,0.345,496.4994,1.9996,2.2213,0.3357,38.8955,0.548,0.6464,0.6623,0.6883,0.8306,0.8731,4.6997,0.0002,SVC,0.8367658855858707,0.843204690617087,0.9546922296813009,0.9403278428926869,0.9546922296813009,0.8724172926367177,0.8545542414910035,0.8423487773692103,0.8516522657297909
stars,R,240.0,0.4917,0.959,0.0088,1779.0,216.8087,0.4705,496.8498,2.1486,2.8771,0.4611,62.6494,0.4631,0.59,0.6639,0.6689,0.8394,0.8673,4.7472,0.0003,DecisionTree,1.0,1.0,0.9930167907141592,1.0,1.0,1.0,1.0,1.0,1.0
stars,R,240.0,0.4917,0.959,0.0088,1779.0,216.8087,0.4705,496.8498,2.1486,2.8771,0.4611,62.6494,0.4631,0.59,0.6639,0.6689,0.8394,0.8673,4.7472,0.0003,LogisticRegression,0.9344783622939907,0.9308402469920396,0.9719706750018349,0.975483416787107,0.9752452489842841,0.9202271763217705,0.9306346675419714,0.9342808844551258,0.926883490055892
stars,R,240.0,0.4917,0.959,0.0088,1779.0,216.8087,0.4705,496.8498,2.1486,2.8771,0.4611,62.6494,0.4631,0.59,0.6639,0.6689,0.8394,0.8673,4.7472,0.0003,KNN,0.8324142811136094,0.8440266958410843,0.9334523684976326,0.9299866872186403,0.9299866872186403,0.8640897054488137,0.8730260918090351,0.8309651392404248,0.8299740333451764
stars,R,240.0,0.4917,0.959,0.0088,1779.0,216.8087,0.4705,496.8498,2.1486,2.8771,0.4611,62.6494,0.4631,0.59,0.6639,0.6689,0.8394,0.8673,4.7472,0.0003,RandomForest,0.982608628064546,0.9791058842242398,0.9930326818913775,1.0,1.0,0.986081556884697,0.9756526733500418,0.9681099090317522,0.9895342418748196
stars,R,240.0,0.4917,0.959,0.0088,1779.0,216.8087,0.4705,496.8498,2.1486,2.8771,0.4611,62.6494,0.4631,0.59,0.6639,0.6689,0.8394,0.8673,4.7472,0.0003,AdaBoost,0.3548616179123842,0.3548616179123842,0.3548616179123842,0.3548616179123842,0.3548616179123842,0.3548616179123842,0.3548616179123842,0.3548616179123842,0.3548616179123842
stars,R,240.0,0.4917,0.959,0.0088,1779.0,216.8087,0.4705,496.8498,2.1486,2.8771,0.4611,62.6494,0.4631,0.59,0.6639,0.6689,0.8394,0.8673,4.7472,0.0003,SVC,0.8521508067992559,0.8826340964197007,0.9367190240742032,0.940187126492528,0.940187126492528,0.8961357586815532,0.892439294250307,0.8282583339141489,0.8465679232362829
stars,R,240.0,0.4125,0.9645,0.0084,1948.5,248.4534,0.67,532.0541,1.8768,1.7803,0.661,45.9013,0.5234,0.6105,0.6879,0.6934,0.8612,0.8839,4.8996,0.0002,DecisionTree,1.0,1.0,0.9896325310238958,1.0,1.0,1.0,1.0,1.0,1.0
stars,R,240.0,0.4125,0.9645,0.0084,1948.5,248.4534,0.67,532.0541,1.8768,1.7803,0.661,45.9013,0.5234,0.6105,0.6879,0.6934,0.8612,0.8839,4.8996,0.0002,LogisticRegression,0.9308255737690218,0.9379743149503829,0.9752452489842841,0.9786874086764438,0.9786874086764438,0.9481558405146673,0.9207479519712773,0.9273653415507604,0.9095600724186615
stars,R,240.0,0.4125,0.9645,0.0084,1948.5,248.4534,0.67,532.0541,1.8768,1.7803,0.661,45.9013,0.5234,0.6105,0.6879,0.6934,0.8612,0.8839,4.8996,0.0002,KNN,0.8611638701419293,0.8615956436488839,0.9259792715763183,0.9259792715763183,0.9259792715763183,0.8724703489520061,0.8796925659967701,0.864522368815215,0.845914863525019
stars,R,240.0,0.4125,0.9645,0.0084,1948.5,248.4534,0.67,532.0541,1.8768,1.7803,0.661,45.9013,0.5234,0.6105,0.6879,0.6934,0.8612,0.8839,4.8996,0.0002,RandomForest,0.9827191600195073,0.9965316400939316,1.0,1.0,1.0,0.9860743440463579,0.9791721578845367,0.9721728981259499,0.9895721506530686
stars,R,240.0,0.4125,0.9645,0.0084,1948.5,248.4534,0.67,532.0541,1.8768,1.7803,0.661,45.9013,0.5234,0.6105,0.6879,0.6934,0.8612,0.8839,4.8996,0.0002,AdaBoost,0.3548616179123842,0.3548616179123842,0.3940820498591093,0.3548616179123842,0.3548616179123842,0.3548616179123842,0.3548616179123842,0.3548616179123842,0.3548616179123842
stars,R,240.0,0.4125,0.9645,0.0084,1948.5,248.4534,0.67,532.0541,1.8768,1.7803,0.661,45.9013,0.5234,0.6105,0.6879,0.6934,0.8612,0.8839,4.8996,0.0002,SVC,0.8739316201541364,0.8633658602651215,0.9514163999371262,0.9514163999371262,0.9514163999371262,0.9033955870031504,0.9027117680815521,0.8704029399195383,0.8756346295862172
stars,R,240.0,0.3333,0.9438,0.0087,1948.5,227.6593,0.8875,518.7542,2.0662,2.5588,0.8781,30.4006,0.5551,0.5912,0.7061,0.7205,0.8764,0.898,4.9939,0.0002,DecisionTree,1.0,1.0,0.9894878050198368,1.0,0.9931933421516755,1.0,1.0,1.0,0.9930555555555556
stars,R,240.0,0.3333,0.9438,0.0087,1948.5,227.6593,0.8875,518.7542,2.0662,2.5588,0.8781,30.4006,0.5551,0.5912,0.7061,0.7205,0.8764,0.898,4.9939,0.0002,LogisticRegression,0.9502851827078491,0.9468511630238294,0.9652780171420522,0.9786874086764438,0.9651025269764113,0.9509208560555107,0.9402841465579039,0.9482684161698401,0.9469043874828263
stars,R,240.0,0.3333,0.9438,0.0087,1948.5,227.6593,0.8875,518.7542,2.0662,2.5588,0.8781,30.4006,0.5551,0.5912,0.7061,0.7205,0.8764,0.898,4.9939,0.0002,KNN,0.8813118478829444,0.8746079616682347,0.9296044689605163,0.9298404637756331,0.9335173643604284,0.9088748432009416,0.9120942957988241,0.8666995292403903,0.8828306701490684
stars,R,240.0,0.3333,0.9438,0.0087,1948.5,227.6593,0.8875,518.7542,2.0662,2.5588,0.8781,30.4006,0.5551,0.5912,0.7061,0.7205,0.8764,0.898,4.9939,0.0002,RandomForest,0.9931541982323232,0.9825062552415699,1.0,1.0,1.0,0.982259125067096,0.9787907651610276,0.9862902889952874,0.9859108895124322
stars,R,240.0,0.3333,0.9438,0.0087,1948.5,227.6593,0.8875,518.7542,2.0662,2.5588,0.8781,30.4006,0.5551,0.5912,0.7061,0.7205,0.8764,0.898,4.9939,0.0002,AdaBoost,0.3548616179123842,0.3548616179123842,0.3548616179123842,0.3548616179123842,0.3548616179123842,0.3548616179123842,0.3548616179123842,0.3548616179123842,0.3548616179123842
stars,R,240.0,0.3333,0.9438,0.0087,1948.5,227.6593,0.8875,518.7542,2.0662,2.5588,0.8781,30.4006,0.5551,0.5912,0.7061,0.7205,0.8764,0.898,4.9939,0.0002,SVC,0.8837627406040184,0.8997551776205098,0.9267364409246673,0.9369112967483535,0.9335361474054622,0.9100035653215558,0.9131320111428796,0.8613422172056724,0.8895103327380276
stars,R,240.0,0.2625,0.9266,0.0084,1948.5,238.6014,0.795,516.4163,1.9347,2.0415,0.7858,41.89,0.5418,0.6125,0.6898,0.7139,0.8629,0.8948,5.0714,0.0003,DecisionTree,1.0,1.0,0.9862077111172188,1.0,0.9897294167567465,0.9964646464646465,1.0,1.0,1.0
stars,R,240.0,0.2625,0.9266,0.0084,1948.5,238.6014,0.795,516.4163,1.9347,2.0415,0.7858,41.89,0.5418,0.6125,0.6898,0.7139,0.8629,0.8948,5.0714,0.0003,LogisticRegression,0.9406541024988987,0.9405089338815078,0.9752286273144366,0.9786874086764438,0.9752708625321104,0.9372896210780166,0.9440713436939177,0.9514059847265026,0.9313414873406523
stars,R,240.0,0.2625,0.9266,0.0084,1948.5,238.6014,0.795,516.4163,1.9347,2.0415,0.7858,41.89,0.5418,0.6125,0.6898,0.7139,0.8629,0.8948,5.0714,0.0003,KNN,0.8761032913894985,0.8909759034090059,0.9259792715763183,0.9259792715763183,0.9259792715763183,0.889185130856739,0.8980338673072475,0.8793756274934497,0.8653635100906738
stars,R,240.0,0.2625,0.9266,0.0084,1948.5,238.6014,0.795,516.4163,1.9347,2.0415,0.7858,41.89,0.5418,0.6125,0.6898,0.7139,0.8629,0.8948,5.0714,0.0003,RandomForest,0.9965578403078403,0.9930916567329611,1.0,1.0,1.0,0.9826029126089513,0.9860868258150867,0.9862157924352217,0.9965578403078403
stars,R,240.0,0.2625,0.9266,0.0084,1948.5,238.6014,0.795,516.4163,1.9347,2.0415,0.7858,41.89,0.5418,0.6125,0.6898,0.7139,0.8629,0.8948,5.0714,0.0003,AdaBoost,0.3548616179123842,0.3548616179123842,0.3940820498591093,0.3548616179123842,0.3548616179123842,0.3548616179123842,0.3548616179123842,0.3548616179123842,0.3548616179123842
stars,R,240.0,0.2625,0.9266,0.0084,1948.5,238.6014,0.795,516.4163,1.9347,2.0415,0.7858,41.89,0.5418,0.6125,0.6898,0.7139,0.8629,0.8948,5.0714,0.0003,SVC,0.8876609506303379,0.895784544513025,0.9436036726368614,0.9403278428926869,0.9403278428926869,0.9200685223219833,0.9202217943679372,0.8762936631239374,0.8725405708402613
stars,R,240.0,0.3167,0.9207,0.0087,1783.0,218.7192,0.888,488.7933,2.0305,2.4054,0.8784,36.642,0.4602,0.5903,0.6939,0.7037,0.8715,0.891,4.9868,0.0003,DecisionTree,1.0,1.0,0.989406781895817,0.9965316400939316,1.0,1.0,1.0,1.0,1.0
stars,R,240.0,0.3167,0.9207,0.0087,1783.0,218.7192,0.888,488.7933,2.0305,2.4054,0.8784,36.642,0.4602,0.5903,0.6939,0.7037,0.8715,0.891,4.9868,0.0003,LogisticRegression,0.9551871945742064,0.9511667825703616,0.9618358574498925,0.9786874086764438,0.9685377201855327,0.9615178788501039,0.954622683618215,0.944890445159923,0.9380814265067032
stars,R,240.0,0.3167,0.9207,0.0087,1783.0,218.7192,0.888,488.7933,2.0305,2.4054,0.8784,36.642,0.4602,0.5903,0.6939,0.7037,0.8715,0.891,4.9868,0.0003,KNN,0.8856885811101892,0.8867450001422312,0.9224617318495396,0.9226433855649937,0.9188638393262083,0.9045431626341194,0.9044936478787222,0.8710701290075156,0.8739260650768399
stars,R,240.0,0.3167,0.9207,0.0087,1783.0,218.7192,0.888,488.7933,2.0305,2.4054,0.8784,36.642,0.4602,0.5903,0.6939,0.7037,0.8715,0.891,4.9868,0.0003,RandomForest,0.9828068840928004,0.9896221335679994,0.9896393548956074,0.996573898376555,0.9896393548956074,0.989681976010101,0.9826341905735677,0.9828068840928004,0.9758238164868184
stars,R,240.0,0.3167,0.9207,0.0087,1783.0,218.7192,0.888,488.7933,2.0305,2.4054,0.8784,36.642,0.4602,0.5903,0.6939,0.7037,0.8715,0.891,4.9868,0.0003,AdaBoost,0.3548616179123842,0.3548616179123842,0.3548616179123842,0.35286656796150756,0.35333040153578005,0.3548616179123842,0.3548616179123842,0.3548616179123842,0.3548616179123842
stars,R,240.0,0.3167,0.9207,0.0087,1783.0,218.7192,0.888,488.7933,2.0305,2.4054,0.8784,36.642,0.4602,0.5903,0.6939,0.7037,0.8715,0.891,4.9868,0.0003,SVC,0.8815120883361524,0.8927305148680902,0.9267364409246673,0.9369112967483535,0.9302045433429922,0.9240300779587308,0.9168238065424676,0.8875783756184733,0.888642996798281
stars,R,240.0,0.2083,0.9211,0.0087,1948.5,224.6496,0.645,502.4906,2.0335,2.4368,0.6352,40.3907,0.4947,0.5989,0.6873,0.6911,0.8583,0.8812,5.1321,0.0003,DecisionTree,1.0,1.0,0.9929897168566759,1.0,1.0,0.9964680406212665,1.0,1.0,1.0
stars,R,240.0,0.2083,0.9211,0.0087,1948.5,224.6496,0.645,502.4906,2.0335,2.4368,0.6352,40.3907,0.4947,0.5989,0.6873,0.6911,0.8583,0.8812,5.1321,0.0003,LogisticRegression,0.9444655150859067,0.9547105406109013,0.9752452489842841,0.9752452489842841,0.9752452489842841,0.9546690317217278,0.9583660353812802,0.930017057888967,0.9194984442588232
stars,R,240.0,0.2083,0.9211,0.0087,1948.5,224.6496,0.645,502.4906,2.0335,2.4368,0.6352,40.3907,0.4947,0.5989,0.6873,0.6911,0.8583,0.8812,5.1321,0.0003,KNN,0.9007217040445682,0.9118006509718465,0.9259792715763183,0.9296717795791712,0.9259792715763183,0.9046723933134838,0.9046723933134838,0.8963997749094207,0.8963949670310495
stars,R,240.0,0.2083,0.9211,0.0087,1948.5,224.6496,0.645,502.4906,2.0335,2.4368,0.6352,40.3907,0.4947,0.5989,0.6873,0.6911,0.8583,0.8812,5.1321,0.0003,RandomForest,0.9965316400939316,0.9931016761543328,1.0,1.0,0.996573898376555,0.9930438645716424,0.9895893719806763,0.9895244522399695,0.9861299909609089
stars,R,240.0,0.2083,0.9211,0.0087,1948.5,224.6496,0.645,502.4906,2.0335,2.4368,0.6352,40.3907,0.4947,0.5989,0.6873,0.6911,0.8583,0.8812,5.1321,0.0003,AdaBoost,0.3548616179123842,0.3548616179123842,0.3548616179123842,0.3548616179123842,0.3548616179123842,0.3548616179123842,0.3548616179123842,0.3548616179123842,0.3548616179123842
stars,R,240.0,0.2083,0.9211,0.0087,1948.5,224.6496,0.645,502.4906,2.0335,2.4368,0.6352,40.3907,0.4947,0.5989,0.6873,0.6911,0.8583,0.8812,5.1321,0.0003,SVC,0.8897500269210527,0.9115400356115283,0.9512756835369675,0.9512756835369675,0.9512756835369675,0.9272647302536583,0.9196885105811162,0.8936811510276154,0.8903742727207371
stars,R,240.0,0.1458,0.922,0.0084,1948.5,228.0936,0.62,507.0673,2.0103,2.3433,0.6103,41.9002,0.5741,0.6112,0.6807,0.7084,0.854,0.8891,5.2097,0.0002,DecisionTree,0.989110644257703,1.0,0.996536074605071,0.9894056415463645,0.9826149467103494,0.9931061106654722,0.996496269409155,1.0,0.9928740014524329
stars,R,240.0,0.1458,0.922,0.0084,1948.5,228.0936,0.62,507.0673,2.0103,2.3433,0.6103,41.9002,0.5741,0.6112,0.6807,0.7084,0.854,0.8891,5.2097,0.0002,LogisticRegression,0.961576316104644,0.9478088688135289,0.9685377201855327,0.9786874086764438,0.9685377201855327,0.9544982496171548,0.957973812120495,0.9540141925535749,0.9206409840740037
stars,R,240.0,0.1458,0.922,0.0084,1948.5,228.0936,0.62,507.0673,2.0103,2.3433,0.6103,41.9002,0.5741,0.6112,0.6807,0.7084,0.854,0.8891,5.2097,0.0002,KNN,0.9016913715005745,0.8808249739068129,0.9260851236906399,0.9259792715763183,0.9258766259223282,0.9082589722777983,0.9014415872487839,0.9152570533783533,0.88419208276144
stars,R,240.0,0.1458,0.922,0.0084,1948.5,228.0936,0.62,507.0673,2.0103,2.3433,0.6103,41.9002,0.5741,0.6112,0.6807,0.7084,0.854,0.8891,5.2097,0.0002,RandomForest,0.9896060754992849,0.9861299909609089,0.9896455595380327,1.0,0.9930654565190523,0.9826749900662946,0.9826788523824482,0.9896082518304741,0.9895721506530686
stars,R,240.0,0.1458,0.922,0.0084,1948.5,228.0936,0.62,507.0673,2.0103,2.3433,0.6103,41.9002,0.5741,0.6112,0.6807,0.7084,0.854,0.8891,5.2097,0.0002,AdaBoost,0.3548616179123842,0.3548616179123842,0.5131051935316098,0.35286656796150756,0.4285362345041366,0.3548616179123842,0.4905200487916258,0.3548616179123842,0.3548616179123842
stars,R,240.0,0.1458,0.922,0.0084,1948.5,228.0936,0.62,507.0673,2.0103,2.3433,0.6103,41.9002,0.5741,0.6112,0.6807,0.7084,0.854,0.8891,5.2097,0.0002,SVC,0.9081566140713566,0.909051662589307,0.9266344728480491,0.9369112967483535,0.9268293940001009,0.912699903357924,0.905837422876784,0.9081566140713566,0.8988739845420166
stars,R,240.0,0.0583,0.9027,0.0084,1948.5,232.5548,0.8705,510.5359,1.9731,2.1775,0.8612,44.14,0.5152,0.6035,0.7046,0.7148,0.8774,0.8964,5.2763,0.0002,DecisionTree,1.0,0.98610419211048,0.9826172655386948,1.0,0.9860472294782936,1.0,0.9896858383262548,0.9727521973170989,0.9758284264032043
stars,R,240.0,0.0583,0.9027,0.0084,1948.5,232.5548,0.8705,510.5359,1.9731,2.1775,0.8612,44.14,0.5152,0.6035,0.7046,0.7148,0.8774,0.8964,5.2763,0.0002,LogisticRegression,0.9551127005392452,0.9549722294128568,0.9752708625321104,0.9786874086764438,0.9786874086764438,0.9716926068570806,0.9584361548077857,0.9550932210316874,0.9549722294128568
stars,R,240.0,0.0583,0.9027,0.0084,1948.5,232.5548,0.8705,510.5359,1.9731,2.1775,0.8612,44.14,0.5152,0.6035,0.7046,0.7148,0.8774,0.8964,5.2763,0.0002,KNN,0.9049459963344275,0.9083107566066211,0.9259792715763183,0.9259792715763183,0.9259792715763183,0.9296561721611136,0.9116543780057982,0.9082896177336044,0.9083107566066211
stars,R,240.0,0.0583,0.9027,0.0084,1948.5,232.5548,0.8705,510.5359,1.9731,2.1775,0.8612,44.14,0.5152,0.6035,0.7046,0.7148,0.8774,0.8964,5.2763,0.0002,RandomForest,0.9931541982323232,0.9897144393672171,0.9965277777777778,0.9965277777777778,0.9965277777777778,1.0,0.9861105474386724,0.9861880419606115,0.9861105474386724
stars,R,240.0,0.0583,0.9027,0.0084,1948.5,232.5548,0.8705,510.5359,1.9731,2.1775,0.8612,44.14,0.5152,0.6035,0.7046,0.7148,0.8774,0.8964,5.2763,0.0002,AdaBoost,0.3487160706012549,0.34888338711200734,0.5331773548903495,0.3548616179123842,0.3548616179123842,0.3548616179123842,0.34888338711200734,0.3487160706012549,0.34888338711200734
stars,R,240.0,0.0583,0.9027,0.0084,1948.5,232.5548,0.8705,510.5359,1.9731,2.1775,0.8612,44.14,0.5152,0.6035,0.7046,0.7148,0.8774,0.8964,5.2763,0.0002,SVC,0.9160954326147192,0.9233951512328109,0.9369112967483535,0.940187126492528,0.9369112967483535,0.9369112967483535,0.9233951512328109,0.9160954326147192,0.9233951512328109
stars,R,240.0,0.0458,0.9039,0.0084,1948.5,248.0929,0.9,525.8168,1.8586,1.7085,0.8908,45.891,0.5227,0.611,0.6974,0.7049,0.8726,0.8891,5.2914,0.0002,DecisionTree,1.0,0.9965316400939316,0.9790180987537618,0.9861111111111112,0.9791605815638323,1.0,0.9964890129363814,0.9930364774114774,0.9895877678444729
stars,R,240.0,0.0458,0.9039,0.0084,1948.5,248.0929,0.9,525.8168,1.8586,1.7085,0.8908,45.891,0.5227,0.611,0.6974,0.7049,0.8726,0.8891,5.2914,0.0002,LogisticRegression,0.9786874086764438,0.9752452489842841,0.9786874086764438,0.9786874086764438,0.9786874086764438,0.9786874086764438,0.9786874086764438,0.9786874086764438,0.9752452489842841
stars,R,240.0,0.0458,0.9039,0.0084,1948.5,248.0929,0.9,525.8168,1.8586,1.7085,0.8908,45.891,0.5227,0.611,0.6974,0.7049,0.8726,0.8891,5.2914,0.0002,KNN,0.9259792715763183,0.9259792715763183,0.9259792715763183,0.9259792715763183,0.9259792715763183,0.9259792715763183,0.9259792715763183,0.9259792715763183,0.9259792715763183
stars,R,240.0,0.0458,0.9039,0.0084,1948.5,248.0929,0.9,525.8168,1.8586,1.7085,0.8908,45.891,0.5227,0.611,0.6974,0.7049,0.8726,0.8891,5.2914,0.0002,RandomForest,1.0,1.0,1.0,1.0,1.0,1.0,0.9965007039202946,1.0,0.9965316400939316
stars,R,240.0,0.0458,0.9039,0.0084,1948.5,248.0929,0.9,525.8168,1.8586,1.7085,0.8908,45.891,0.5227,0.611,0.6974,0.7049,0.8726,0.8891,5.2914,0.0002,AdaBoost,0.3548616179123842,0.35286656796150756,0.5127858619842315,0.3548616179123842,0.4446190285394703,0.3548616179123842,0.3548616179123842,0.3548616179123842,0.35075880820612615
stars,R,240.0,0.0458,0.9039,0.0084,1948.5,248.0929,0.9,525.8168,1.8586,1.7085,0.8908,45.891,0.5227,0.611,0.6974,0.7049,0.8726,0.8891,5.2914,0.0002,SVC,0.9369112967483535,0.940187126492528,0.940187126492528,0.9369112967483535,0.940187126492528,0.940187126492528,0.9369112967483535,0.9369112967483535,0.940187126492528
stars,A_M,240.0,0.5292,0.9469,-11.92,19.45,4.8072,11.34,10.4122,-0.3026,-1.622,5.74,20.02,0.6608,0.6913,0.6601,0.6759,0.8453,0.8518,4.6491,0.0005,DecisionTree,0.9618030118030119,0.9618030118030119,0.968669759265952,0.9755458765315396,0.9789950139987951,0.9618030118030119,0.9583754301189434,0.9583754301189434,0.9618030118030119
stars,A_M,240.0,0.5292,0.9469,-11.92,19.45,4.8072,11.34,10.4122,-0.3026,-1.622,5.74,20.02,0.6608,0.6913,0.6601,0.6759,0.8453,0.8518,4.6491,0.0005,LogisticRegression,0.7123616702469099,0.7478495624082542,0.9612661549247807,0.9717473987431389,0.9612808282765685,0.807884506710838,0.7538935802752943,0.7026699852483903,0.7100793091055542
stars,A_M,240.0,0.5292,0.9469,-11.92,19.45,4.8072,11.34,10.4122,-0.3026,-1.622,5.74,20.02,0.6608,0.6913,0.6601,0.6759,0.8453,0.8518,4.6491,0.0005,KNN,0.8936354009960933,0.919033235451059,0.9089235880641034,0.9191468343003327,0.90847435567986,0.919806598169685,0.8175512193386705,0.8232655754577913,0.9015412051514301
stars,A_M,240.0,0.5292,0.9469,-11.92,19.45,4.8072,11.34,10.4122,-0.3026,-1.622,5.74,20.02,0.6608,0.6913,0.6601,0.6759,0.8453,0.8518,4.6491,0.0005,RandomForest,0.9654199053531646,0.9756195903989872,0.986092032967033,0.9861228020950243,0.9790888917205967,0.968669759265952,0.9755207446874113,0.9686392327936295,0.9654345787049522
stars,A_M,240.0,0.5292,0.9469,-11.92,19.45,4.8072,11.34,10.4122,-0.3026,-1.622,5.74,20.02,0.6608,0.6913,0.6601,0.6759,0.8453,0.8518,4.6491,0.0005,AdaBoost,0.391465057751732,0.391465057751732,0.44151796780464203,0.4138049582020605,0.36994261898899283,0.391465057751732,0.391465057751732,0.391465057751732,0.391465057751732
stars,A_M,240.0,0.5292,0.9469,-11.92,19.45,4.8072,11.34,10.4122,-0.3026,-1.622,5.74,20.02,0.6608,0.6913,0.6601,0.6759,0.8453,0.8518,4.6491,0.0005,SVC,0.7307570526915033,0.7651590577784929,0.9297873559643296,0.9437965433934435,0.933392778229835,0.7228997970031501,0.7064628275142801,0.7223304870344243,0.6923115960679526
stars,A_M,240.0,0.45,0.9621,-11.92,20.02,4.3692,10.565,10.4483,-0.1486,-1.6661,7.705,19.9052,0.606,0.7394,0.664,0.6728,0.8498,0.8708,4.8303,0.0002,DecisionTree,0.9618030118030119,0.9618030118030119,0.9612813912900884,0.9720916621958288,0.9720600392513202,0.9618030118030119,0.9583754301189434,0.9583754301189434,0.9618030118030119
stars,A_M,240.0,0.45,0.9621,-11.92,20.02,4.3692,10.565,10.4483,-0.1486,-1.6661,7.705,19.9052,0.606,0.7394,0.664,0.6728,0.8498,0.8708,4.8303,0.0002,LogisticRegression,0.7491335534722985,0.7581654539954271,0.9683054688375007,0.9511205491464867,0.9649058476253793,0.8213445384548911,0.811880285974148,0.763649853436551,0.751120925668004
stars,A_M,240.0,0.45,0.9621,-11.92,20.02,4.3692,10.565,10.4483,-0.1486,-1.6661,7.705,19.9052,0.606,0.7394,0.664,0.6728,0.8498,0.8708,4.8303,0.0002,KNN,0.8944474830924218,0.9122539732954527,0.9054422482379728,0.8950011144845397,0.9229703460899711,0.8949292301268496,0.8479240627936884,0.8385518002654591,0.8981559721296017
stars,A_M,240.0,0.45,0.9621,-11.92,20.02,4.3692,10.565,10.4483,-0.1486,-1.6661,7.705,19.9052,0.606,0.7394,0.664,0.6728,0.8498,0.8708,4.8303,0.0002,RandomForest,0.958436576067149,0.9757465397992273,0.978956775679023,0.9826250425446332,0.9861287731354782,0.9652224963672582,0.9688512234474933,0.9618407263302036,0.9757654835403623
stars,A_M,240.0,0.45,0.9621,-11.92,20.02,4.3692,10.565,10.4483,-0.1486,-1.6661,7.705,19.9052,0.606,0.7394,0.664,0.6728,0.8498,0.8708,4.8303,0.0002,AdaBoost,0.391465057751732,0.391465057751732,0.45611297574710763,0.391465057751732,0.44503648632316056,0.391465057751732,0.391465057751732,0.391465057751732,0.391465057751732
stars,A_M,240.0,0.45,0.9621,-11.92,20.02,4.3692,10.565,10.4483,-0.1486,-1.6661,7.705,19.9052,0.606,0.7394,0.664,0.6728,0.8498,0.8708,4.8303,0.0002,SVC,0.7482432657630631,0.7197013986795294,0.9233012558450707,0.9230667826599018,0.9369112967483535,0.7941396647557265,0.8047948926926096,0.7469426529436418,0.6923115960679526
stars,A_M,240.0,0.4125,0.9787,-11.92,20.02,4.1354,5.05,10.2932,-0.0758,-1.6078,9.61,19.14,0.6256,0.7069,0.7146,0.748,0.8834,0.9131,4.9193,0.0001,DecisionTree,0.9653067423938568,0.9653067423938568,0.9790219610699156,0.979006916073497,0.9825277706662116,0.9653067423938568,0.9584116897495013,0.9618791607097884,0.9653067423938568
stars,A_M,240.0,0.4125,0.9787,-11.92,20.02,4.1354,5.05,10.2932,-0.0758,-1.6078,9.61,19.14,0.6256,0.7069,0.7146,0.748,0.8834,0.9131,4.9193,0.0001,LogisticRegression,0.7824342722922522,0.7825074981512967,0.9752284139674491,0.9717241872018093,0.9717291178877436,0.8673966422810009,0.8447083784223326,0.762702753691821,0.7272240702086487
stars,A_M,240.0,0.4125,0.9787,-11.92,20.02,4.1354,5.05,10.2932,-0.0758,-1.6078,9.61,19.14,0.6256,0.7069,0.7146,0.748,0.8834,0.9131,4.9193,0.0001,KNN,0.9049636377642243,0.9190749368409036,0.936749837905402,0.9259792715763183,0.9296071007944253,0.8810510742072144,0.8579665895843769,0.8850963044108703,0.9019065024142564
stars,A_M,240.0,0.4125,0.9787,-11.92,20.02,4.1354,5.05,10.2932,-0.0758,-1.6078,9.61,19.14,0.6256,0.7069,0.7146,0.748,0.8834,0.9131,4.9193,0.0001,RandomForest,0.9686188597936279,0.9723510778194573,0.9965277777777778,0.9930387205387206,0.9931016761543328,0.9653297759814684,0.9720971206631932,0.9620641717599817,0.9861287731354782
stars,A_M,240.0,0.4125,0.9787,-11.92,20.02,4.1354,5.05,10.2932,-0.0758,-1.6078,9.61,19.14,0.6256,0.7069,0.7146,0.748,0.8834,0.9131,4.9193,0.0001,AdaBoost,0.391465057751732,0.391465057751732,0.5197766027249723,0.5175839659535312,0.39586854491491874,0.391465057751732,0.391465057751732,0.391465057751732,0.391465057751732
stars,A_M,240.0,0.4125,0.9787,-11.92,20.02,4.1354,5.05,10.2932,-0.0758,-1.6078,9.61,19.14,0.6256,0.7069,0.7146,0.748,0.8834,0.9131,4.9193,0.0001,SVC,0.8230617619192786,0.7683248702830734,0.9470539419695726,0.9539720817002123,0.943626792006615,0.8845361552834392,0.8793889047732855,0.730343534321665,0.702575160084946
stars,A_M,240.0,0.3625,0.9673,-11.75,20.06,4.3443,10.48,10.6851,-0.1335,-1.6631,8.06,19.96,0.6387,0.7149,0.6684,0.6753,0.8496,0.8729,4.9851,0.0002,DecisionTree,0.9618030118030119,0.9618030118030119,0.9652467877602287,0.9755957564463117,0.9687055691222358,0.9651670336363568,0.9546087726426085,0.9583754301189434,0.9618030118030119
stars,A_M,240.0,0.3625,0.9673,-11.75,20.06,4.3443,10.48,10.6851,-0.1335,-1.6631,8.06,19.96,0.6387,0.7149,0.6684,0.6753,0.8496,0.8729,4.9851,0.0002,LogisticRegression,0.791113129427009,0.7678402518664968,0.9613841106477601,0.9577708307032249,0.9547305552997853,0.8629071462551782,0.8246672670247231,0.7635841303481433,0.7713629791392241
stars,A_M,240.0,0.3625,0.9673,-11.75,20.06,4.3443,10.48,10.6851,-0.1335,-1.6631,8.06,19.96,0.6387,0.7149,0.6684,0.6753,0.8496,0.8729,4.9851,0.0002,KNN,0.8805314429247383,0.9157755313238047,0.9123980724274198,0.9262115072581154,0.9158302112762252,0.8834330673614423,0.8071100763919231,0.8171392938375173,0.8847767815246519
stars,A_M,240.0,0.3625,0.9673,-11.75,20.06,4.3443,10.48,10.6851,-0.1335,-1.6631,8.06,19.96,0.6387,0.7149,0.6684,0.6753,0.8496,0.8729,4.9851,0.0002,RandomForest,0.9652860941142191,0.9722341680186818,0.9792921777296777,0.9860804297500204,0.9722907472103379,0.9720617499784167,0.968553639848022,0.9581213397551117,0.9685403656209974
stars,A_M,240.0,0.3625,0.9673,-11.75,20.06,4.3443,10.48,10.6851,-0.1335,-1.6631,8.06,19.96,0.6387,0.7149,0.6684,0.6753,0.8496,0.8729,4.9851,0.0002,AdaBoost,0.391465057751732,0.391465057751732,0.4997100336160645,0.5155095924050971,0.4380920418787161,0.391465057751732,0.391465057751732,0.391465057751732,0.391465057751732
stars,A_M,240.0,0.3625,0.9673,-11.75,20.06,4.3443,10.48,10.6851,-0.1335,-1.6631,8.06,19.96,0.6387,0.7149,0.6684,0.6753,0.8496,0.8729,4.9851,0.0002,SVC,0.7914944788299605,0.7488254607102465,0.9060280992316192,0.9196212015288987,0.9130100645506987,0.8754904474841292,0.8331217948343005,0.7025138725342452,0.7032902386764867
stars,A_M,240.0,0.3333,0.975,-11.75,20.06,3.9711,3.855,10.5594,0.0026,-1.6729,10.0975,20.0712,0.5739,0.7065,0.7176,0.7206,0.8876,0.8996,5.0405,0.0001,DecisionTree,0.9653067423938568,0.9653067423938568,0.9687053934247167,0.9790496071223845,0.975514253587031,0.9618611612628537,0.9549661086184982,0.9550685518120652,0.9653067423938568
stars,A_M,240.0,0.3333,0.975,-11.75,20.06,3.9711,3.855,10.5594,0.0026,-1.6729,10.0975,20.0712,0.5739,0.7065,0.7176,0.7206,0.8876,0.8996,5.0405,0.0001,LogisticRegression,0.8328307420522242,0.8205450957555513,0.9580358652307827,0.9717473987431389,0.9649604684053859,0.8979753776348304,0.898176617896388,0.8049740316875413,0.8175799186583266
stars,A_M,240.0,0.3333,0.975,-11.75,20.06,3.9711,3.855,10.5594,0.0026,-1.6729,10.0975,20.0712,0.5739,0.7065,0.7176,0.7206,0.8876,0.8996,5.0405,0.0001,KNN,0.9112657336104519,0.9156380853034578,0.9190239015203542,0.9225424200388727,0.9225424200388727,0.8904707957271938,0.8442693347405582,0.8607481726266201,0.9124555241121078
stars,A_M,240.0,0.3333,0.975,-11.75,20.06,3.9711,3.855,10.5594,0.0026,-1.6729,10.0975,20.0712,0.5739,0.7065,0.7176,0.7206,0.8876,0.8996,5.0405,0.0001,RandomForest,0.9723146387649004,0.9722192695731968,0.9862101417627984,0.9860987106054157,0.9930870639241783,0.9791901479191001,0.9860964674781725,0.9688356670933911,0.9825531182294139
stars,A_M,240.0,0.3333,0.975,-11.75,20.06,3.9711,3.855,10.5594,0.0026,-1.6729,10.0975,20.0712,0.5739,0.7065,0.7176,0.7206,0.8876,0.8996,5.0405,0.0001,AdaBoost,0.391465057751732,0.391465057751732,0.36994261898899283,0.4180242422315749,0.4180242422315749,0.391465057751732,0.391465057751732,0.391465057751732,0.391465057751732
stars,A_M,240.0,0.3333,0.975,-11.75,20.06,3.9711,3.855,10.5594,0.0026,-1.6729,10.0975,20.0712,0.5739,0.7065,0.7176,0.7206,0.8876,0.8996,5.0405,0.0001,SVC,0.8453577846750036,0.830763463010091,0.9265821693321118,0.940392019151805,0.9197948231379424,0.8968286493571437,0.8935528196129692,0.8512987448437614,0.6889198845993555
stars,A_M,240.0,0.2333,0.9674,-11.92,20.06,4.7389,10.53,10.4144,-0.1725,-1.6168,7.835,19.7043,0.5753,0.7056,0.6816,0.7018,0.8561,0.8863,5.1669,0.0001,DecisionTree,0.9618030118030119,0.9618030118030119,0.9617000104634513,0.9755181274789118,0.9754885732524976,0.9583574306720087,0.951430985674499,0.9512020479455612,0.9618030118030119
stars,A_M,240.0,0.2333,0.9674,-11.92,20.06,4.7389,10.53,10.4144,-0.1725,-1.6168,7.835,19.7043,0.5753,0.7056,0.6816,0.7018,0.8561,0.8863,5.1669,0.0001,LogisticRegression,0.8362616010532677,0.7793097233098739,0.950552876575919,0.9717291178877436,0.9752284139674491,0.9059319322163264,0.8855142317113456,0.7559759373721804,0.7628091763469234
stars,A_M,240.0,0.2333,0.9674,-11.92,20.06,4.7389,10.53,10.4144,-0.1725,-1.6168,7.835,19.7043,0.5753,0.7056,0.6816,0.7018,0.8561,0.8863,5.1669,0.0001,KNN,0.8979071253769811,0.9298918369018344,0.899117716642509,0.922565935475749,0.9262428360605444,0.8985948843840087,0.8574427342628652,0.876567676842884,0.8768135200948797
stars,A_M,240.0,0.2333,0.9674,-11.92,20.06,4.7389,10.53,10.4144,-0.1725,-1.6168,7.835,19.7043,0.5753,0.7056,0.6816,0.7018,0.8561,0.8863,5.1669,0.0001,RandomForest,0.9826559787182702,0.9791798941798942,0.9965410052910053,0.9930226624700059,0.9964816571790006,0.9791794614136301,0.9826330382580382,0.9860648148148148,0.9895965608465609
stars,A_M,240.0,0.2333,0.9674,-11.92,20.06,4.7389,10.53,10.4144,-0.1725,-1.6168,7.835,19.7043,0.5753,0.7056,0.6816,0.7018,0.8561,0.8863,5.1669,0.0001,AdaBoost,0.391465057751732,0.391465057751732,0.391465057751732,0.5472698435706421,0.5462228150463585,0.391465057751732,0.391465057751732,0.391465057751732,0.391465057751732
stars,A_M,240.0,0.2333,0.9674,-11.92,20.06,4.7389,10.53,10.4144,-0.1725,-1.6168,7.835,19.7043,0.5753,0.7056,0.6816,0.7018,0.8561,0.8863,5.1669,0.0001,SVC,0.8078956945944191,0.7795574521311206,0.9294772709554017,0.9436278403461275,0.936853483665926,0.8836953559077243,0.8771020187527523,0.8190252079923737,0.7399299049253855
stars,A_M,240.0,0.1875,0.9846,-11.92,20.06,4.8388,10.48,10.5646,-0.1868,-1.6093,7.61,20.265,0.6192,0.7133,0.6774,0.7149,0.854,0.8957,5.2517,0.0,DecisionTree,0.9790142364376081,0.9790142364376081,0.9686818154092401,0.9721501753153086,0.982490320975984,0.9790142364376081,0.9756697260926497,0.9722436244692046,0.9824549502912076
stars,A_M,240.0,0.1875,0.9846,-11.92,20.06,4.8388,10.48,10.5646,-0.1868,-1.6093,7.61,20.265,0.6192,0.7133,0.6774,0.7149,0.854,0.8957,5.2517,0.0,LogisticRegression,0.9274695169574673,0.9235587202405092,0.9613537656640838,0.964842822903141,0.9683421189828465,0.9407915201526563,0.9446735972292227,0.9064257229950331,0.7953905498566591
stars,A_M,240.0,0.1875,0.9846,-11.92,20.06,4.8388,10.48,10.5646,-0.1868,-1.6093,7.61,20.265,0.6192,0.7133,0.6774,0.7149,0.854,0.8957,5.2517,0.0,KNN,0.9119603042122068,0.9156560371850822,0.9192800032229782,0.9156521740048713,0.9227168547604241,0.8938810543983404,0.9087924982327178,0.9083159178695122,0.9122489701722083
stars,A_M,240.0,0.1875,0.9846,-11.92,20.06,4.8388,10.48,10.5646,-0.1868,-1.6093,7.61,20.265,0.6192,0.7133,0.6774,0.7149,0.854,0.8957,5.2517,0.0,RandomForest,0.9791233209898321,0.9826763720135174,0.9826934308451233,0.9791941347654178,1.0,0.9825061971004955,0.9791202157978474,0.9757025429774573,0.9895877678444729
stars,A_M,240.0,0.1875,0.9846,-11.92,20.06,4.8388,10.48,10.5646,-0.1868,-1.6093,7.61,20.265,0.6192,0.7133,0.6774,0.7149,0.854,0.8957,5.2517,0.0,AdaBoost,0.44151796780464203,0.44151796780464203,0.4864333081071589,0.5142110858849367,0.5197766027249723,0.44151796780464203,0.391465057751732,0.44151796780464203,0.44151796780464203
stars,A_M,240.0,0.1875,0.9846,-11.92,20.06,4.8388,10.48,10.5646,-0.1868,-1.6093,7.61,20.265,0.6192,0.7133,0.6774,0.7149,0.854,0.8957,5.2517,0.0,SVC,0.9228827158191799,0.9092765688796997,0.9298384941838593,0.9264744723505144,0.9265626644396848,0.9297060329868202,0.8989390221434954,0.9092765688796997,0.702575160084946
stars,A_M,240.0,0.1375,0.9469,-11.92,20.06,4.2708,10.12,10.5083,-0.1335,-1.6479,7.7,19.896,0.6383,0.6964,0.6992,0.7041,0.8757,0.8863,5.2565,0.0001,DecisionTree,0.9610243349864493,0.9610243349864493,0.975531088603866,0.982490320975984,0.975531088603866,0.9610243349864493,0.9613342946931517,0.954451754341288,0.9610243349864493
stars,A_M,240.0,0.1375,0.9469,-11.92,20.06,4.2708,10.12,10.5083,-0.1335,-1.6479,7.7,19.896,0.6383,0.6964,0.6992,0.7041,0.8757,0.8863,5.2565,0.0001,LogisticRegression,0.7875679759531274,0.7524638722226442,0.9682507504272856,0.9786874086764438,0.9682507504272856,0.8948867733955453,0.904482793388778,0.7357115116314615,0.6965612225199388
stars,A_M,240.0,0.1375,0.9469,-11.92,20.06,4.2708,10.12,10.5083,-0.1335,-1.6479,7.7,19.896,0.6383,0.6964,0.6992,0.7041,0.8757,0.8863,5.2565,0.0001,KNN,0.9332250200647122,0.9259135987572735,0.9224607530577998,0.9259792715763183,0.9224607530577998,0.91911098297849,0.9296993012204698,0.9222711642497452,0.9225813427543682
stars,A_M,240.0,0.1375,0.9469,-11.92,20.06,4.2708,10.12,10.5083,-0.1335,-1.6479,7.7,19.896,0.6383,0.6964,0.6992,0.7041,0.8757,0.8863,5.2565,0.0001,RandomForest,0.9720856831703821,0.9861082252581397,0.9964814814814815,0.9965410052910053,0.9964814814814815,0.9895877678444729,0.9826703658547274,0.9791254802308038,0.9965592861464005
stars,A_M,240.0,0.1375,0.9469,-11.92,20.06,4.2708,10.12,10.5083,-0.1335,-1.6479,7.7,19.896,0.6383,0.6964,0.6992,0.7041,0.8757,0.8863,5.2565,0.0001,AdaBoost,0.391465057751732,0.391465057751732,0.5010091993405309,0.5501771407487727,0.5010091993405309,0.391465057751732,0.391465057751732,0.391465057751732,0.391465057751732
stars,A_M,240.0,0.1375,0.9469,-11.92,20.06,4.2708,10.12,10.5083,-0.1335,-1.6479,7.7,19.896,0.6383,0.6964,0.6992,0.7041,0.8757,0.8863,5.2565,0.0001,SVC,0.775755267920533,0.7961099785256092,0.933392778229835,0.9369112967483535,0.933392778229835,0.8836008328422462,0.8836077083179114,0.7968228883010191,0.7058509898291205
stars,A_M,240.0,0.0833,0.95,-11.92,20.06,4.2905,5.859,10.4872,-0.098,-1.639,10.26,19.93,0.6083,0.6844,0.6961,0.7163,0.8688,0.8975,5.3219,0.0001,DecisionTree,0.965575887894247,0.965575887894247,0.982490320975984,0.9686065530844506,0.9827240808034298,0.9825135325173135,0.9751039356226224,0.9655575436303211,0.968831240865142
stars,A_M,240.0,0.0833,0.95,-11.92,20.06,4.2905,5.859,10.4872,-0.098,-1.639,10.26,19.93,0.6083,0.6844,0.6961,0.7163,0.8688,0.8975,5.3219,0.0001,LogisticRegression,0.9064114674729316,0.882786759888368,0.9786874086764438,0.9718191200786155,0.9718191200786155,0.9473292796810903,0.9407388364913825,0.8605361786925406,0.851689070687255
stars,A_M,240.0,0.0833,0.95,-11.92,20.06,4.2905,5.859,10.4872,-0.098,-1.639,10.26,19.93,0.6083,0.6844,0.6961,0.7163,0.8688,0.8975,5.3219,0.0001,KNN,0.902027124462355,0.905492887372146,0.9259792715763183,0.91911098297849,0.91911098297849,0.8946863444270668,0.8913684968363604,0.8957616898041949,0.901716828040531
stars,A_M,240.0,0.0833,0.95,-11.92,20.06,4.2905,5.859,10.4872,-0.098,-1.639,10.26,19.93,0.6083,0.6844,0.6961,0.7163,0.8688,0.8975,5.3219,0.0001,RandomForest,0.9896876033919524,0.9861883073122469,1.0,0.9931283172455518,0.9931283172455518,0.9861883073122469,0.9930870639241783,0.9862369585515366,0.9829625368221145
stars,A_M,240.0,0.0833,0.95,-11.92,20.06,4.2905,5.859,10.4872,-0.098,-1.639,10.26,19.93,0.6083,0.6844,0.6961,0.7163,0.8688,0.8975,5.3219,0.0001,AdaBoost,0.391465057751732,0.391465057751732,0.5197766027249723,0.4285188085995747,0.5433054579943244,0.391465057751732,0.391465057751732,0.391465057751732,0.391465057751732
stars,A_M,240.0,0.0833,0.95,-11.92,20.06,4.2905,5.859,10.4872,-0.098,-1.639,10.26,19.93,0.6083,0.6844,0.6961,0.7163,0.8688,0.8975,5.3219,0.0001,SVC,0.9160902013202217,0.9164480156244681,0.9470723731376182,0.9402006903831699,0.9402006903831699,0.9365786274533099,0.9331194824316649,0.9059117523708136,0.7621296882314749
stars,A_M,240.0,0.05,0.9518,-11.92,20.06,4.4011,8.313,10.5589,-0.1238,-1.642,8.967,20.2125,0.6175,0.6927,0.6965,0.702,0.8697,0.8894,5.3602,0.0001,DecisionTree,0.9790496071223845,0.9790496071223845,0.982490320975984,0.982490320975984,0.982490320975984,0.9790496071223845,0.975321603100263,0.9825135325173135,0.9790496071223845
stars,A_M,240.0,0.05,0.9518,-11.92,20.06,4.4011,8.313,10.5589,-0.1238,-1.642,8.967,20.2125,0.6175,0.6927,0.6965,0.702,0.8697,0.8894,5.3602,0.0001,LogisticRegression,0.9513619476653469,0.9652466716846057,0.9716990553576811,0.9786874086764438,0.9716990553576811,0.9648754371458225,0.9649399292907489,0.9582345361844937,0.9509789169193413
stars,A_M,240.0,0.05,0.9518,-11.92,20.06,4.4011,8.313,10.5589,-0.1238,-1.642,8.967,20.2125,0.6175,0.6927,0.6965,0.702,0.8697,0.8894,5.3602,0.0001,KNN,0.9259135987572735,0.9193156946248807,0.9259792715763183,0.9259792715763183,0.9259792715763183,0.9222686923182647,0.9259135987572735,0.9192813554455711,0.9260146422610948
stars,A_M,240.0,0.05,0.9518,-11.92,20.06,4.4011,8.313,10.5589,-0.1238,-1.642,8.967,20.2125,0.6175,0.6927,0.6965,0.702,0.8697,0.8894,5.3602,0.0001,RandomForest,0.9965007039202946,0.9895601217920039,1.0,1.0,1.0,0.9895877678444729,0.9965277777777778,0.9930594178717094,0.9965316400939316
stars,A_M,240.0,0.05,0.9518,-11.92,20.06,4.4011,8.313,10.5589,-0.1238,-1.642,8.967,20.2125,0.6175,0.6927,0.6965,0.702,0.8697,0.8894,5.3602,0.0001,AdaBoost,0.5501771407487727,0.5501771407487727,0.5197766027249723,0.5197766027249723,0.5197766027249723,0.5501771407487727,0.391465057751732,0.5501771407487727,0.5501771407487727
stars,A_M,240.0,0.05,0.9518,-11.92,20.06,4.4011,8.313,10.5589,-0.1238,-1.642,8.967,20.2125,0.6175,0.6927,0.6965,0.702,0.8697,0.8894,5.3602,0.0001,SVC,0.9366885995565011,0.9366885995565011,0.940187126492528,0.9369112967483535,0.9369112967483535,0.9367157932160873,0.9366885995565011,0.9297539764302761,0.929747136645715
visualizing_soil,northing,8641.0,0.5046,0.8762,-0.004,3.8049,1.9062,1.8114,1.1059,0.0196,-1.2547,0.9528,1.9238,0.001,0.0164,0.014,0.0244,0.0124,0.0343,8.1045,0.0,DecisionTree,0.887627562753631,0.8775573282934938,0.882599631597054,0.8926010168620114,0.8898535456945569,0.8957278889240151,0.852290969817613,0.8690120192343508,0.8896374124954489
visualizing_soil,northing,8641.0,0.5046,0.8762,-0.004,3.8049,1.9062,1.8114,1.1059,0.0196,-1.2547,0.9528,1.9238,0.001,0.0164,0.014,0.0244,0.0124,0.0343,8.1045,0.0,LogisticRegression,0.8167380199830975,0.7874871987375072,0.8739207815511264,0.8875946616747221,0.8753670641736278,0.8156110112555369,0.8150382100357643,0.8126370274707806,0.8715756078106142
visualizing_soil,northing,8641.0,0.5046,0.8762,-0.004,3.8049,1.9062,1.8114,1.1059,0.0196,-1.2547,0.9528,1.9238,0.001,0.0164,0.014,0.0244,0.0124,0.0343,8.1045,0.0,KNN,0.886492969713613,0.8865250666766554,0.8759925602698626,0.8859327278963964,0.8887473954086688,0.8863787219143031,0.8862321689550621,0.8659464770793874,0.886109842860652
visualizing_soil,northing,8641.0,0.5046,0.8762,-0.004,3.8049,1.9062,1.8114,1.1059,0.0196,-1.2547,0.9528,1.9238,0.001,0.0164,0.014,0.0244,0.0124,0.0343,8.1045,0.0,RandomForest,0.893228553499273,0.8903492622219937,0.8833147436468922,0.8935187008867673,0.8941744445544648,0.8934188754814985,0.8712990946461918,0.8563675108716353,0.8918917808265516
visualizing_soil,northing,8641.0,0.5046,0.8762,-0.004,3.8049,1.9062,1.8114,1.1059,0.0196,-1.2547,0.9528,1.9238,0.001,0.0164,0.014,0.0244,0.0124,0.0343,8.1045,0.0,AdaBoost,0.8897610888087379,0.8722000783581507,0.8827305014291262,0.8935608729158795,0.8941981795550511,0.8916935986767748,0.866562737062269,0.8646997166522018,0.888408384348153
visualizing_soil,northing,8641.0,0.5046,0.8762,-0.004,3.8049,1.9062,1.8114,1.1059,0.0196,-1.2547,0.9528,1.9238,0.001,0.0164,0.014,0.0244,0.0124,0.0343,8.1045,0.0,SVC,0.8770130243185664,0.8847182593409507,0.8841453306101015,0.8961767292312226,0.8892930886223038,0.8766407386993602,0.8814317558856173,0.8685193596615108,0.8868738196798328
visualizing_soil,northing,8641.0,0.4499,0.8685,-0.004,3.806,1.9251,1.8965,1.1088,-0.004,-1.2625,0.9873,1.9082,0.0071,0.0188,0.0009,0.0183,0.0089,0.0249,8.2073,0.0,DecisionTree,0.8623781899130905,0.8872446047402562,0.8992612498536658,0.9093779469746629,0.9092955585820777,0.9054331108249022,0.865853692111141,0.8847491183308026,0.9016439948115927
visualizing_soil,northing,8641.0,0.4499,0.8685,-0.004,3.806,1.9251,1.8965,1.1088,-0.004,-1.2625,0.9873,1.9082,0.0071,0.0188,0.0009,0.0183,0.0089,0.0249,8.2073,0.0,LogisticRegression,0.8386420968716818,0.8091401151984698,0.8933391331040009,0.8986072443430935,0.8987451183506519,0.8362764451194831,0.8318944160011956,0.8295901336136916,0.8863852821273448
visualizing_soil,northing,8641.0,0.4499,0.8685,-0.004,3.806,1.9251,1.8965,1.1088,-0.004,-1.2625,0.9873,1.9082,0.0071,0.0188,0.0009,0.0183,0.0089,0.0249,8.2073,0.0,KNN,0.8958217860243977,0.8941975081757708,0.8888397806894244,0.8916190196350544,0.8955830510947537,0.8950441738162243,0.8934224922476951,0.879925997680968,0.8949588626500485
visualizing_soil,northing,8641.0,0.4499,0.8685,-0.004,3.806,1.9251,1.8965,1.1088,-0.004,-1.2625,0.9873,1.9082,0.0071,0.0188,0.0009,0.0183,0.0089,0.0249,8.2073,0.0,RandomForest,0.9087233158805195,0.9023299220186491,0.9007999552441606,0.9110352967750666,0.909401042386442,0.9092084754344363,0.8692468404422836,0.8706976351986071,0.9041972375285389
visualizing_soil,northing,8641.0,0.4499,0.8685,-0.004,3.806,1.9251,1.8965,1.1088,-0.004,-1.2625,0.9873,1.9082,0.0071,0.0188,0.0009,0.0183,0.0089,0.0249,8.2073,0.0,AdaBoost,0.9034224923840652,0.8822144164158181,0.8968745429036644,0.9083055186958361,0.9085265718922666,0.9002931488643107,0.8694489640124562,0.8817667369339606,0.9012656179698149
visualizing_soil,northing,8641.0,0.4499,0.8685,-0.004,3.806,1.9251,1.8965,1.1088,-0.004,-1.2625,0.9873,1.9082,0.0071,0.0188,0.0009,0.0183,0.0089,0.0249,8.2073,0.0,SVC,0.8894621394303985,0.895365806732746,0.9009933680461009,0.9046988151110307,0.9039575035314575,0.8885043159205812,0.8859416685078709,0.8746602093443742,0.9022292013955487
visualizing_soil,northing,8641.0,0.4034,0.8543,-0.0038,3.805,1.8854,1.717,1.107,0.0468,-1.2667,0.9652,1.9542,0.0109,0.023,0.0017,0.0196,0.0074,0.0273,8.2535,0.0,DecisionTree,0.8827151850984671,0.8944856828362503,0.9077060391660839,0.9110259830303138,0.9106439092945554,0.9116877551514437,0.8772259561660843,0.8905812186429092,0.9101459483949632
visualizing_soil,northing,8641.0,0.4034,0.8543,-0.0038,3.805,1.8854,1.717,1.107,0.0468,-1.2667,0.9652,1.9542,0.0109,0.023,0.0017,0.0196,0.0074,0.0273,8.2535,0.0,LogisticRegression,0.8479079659879791,0.8177612669595524,0.9011819993889858,0.9019378399764593,0.8967666770254621,0.8477181061924016,0.8432631528010246,0.8422758364737145,0.8866162428886791
visualizing_soil,northing,8641.0,0.4034,0.8543,-0.0038,3.805,1.8854,1.717,1.107,0.0468,-1.2667,0.9652,1.9542,0.0109,0.023,0.0017,0.0196,0.0074,0.0273,8.2535,0.0,KNN,0.9084287094586051,0.9081608333352722,0.8979835580309237,0.9087592591107955,0.9068516580001095,0.9082420958627416,0.9052569455213043,0.8932230686034174,0.9083636875719161
visualizing_soil,northing,8641.0,0.4034,0.8543,-0.0038,3.805,1.8854,1.717,1.107,0.0468,-1.2667,0.9652,1.9542,0.0109,0.023,0.0017,0.0196,0.0074,0.0273,8.2535,0.0,RandomForest,0.9144916143798731,0.9076597105814337,0.9090572887466661,0.9135368676662468,0.9122826849012352,0.9121763158424745,0.8744069694174345,0.8778037062767334,0.9077658989110367
visualizing_soil,northing,8641.0,0.4034,0.8543,-0.0038,3.805,1.8854,1.717,1.107,0.0468,-1.2667,0.9652,1.9542,0.0109,0.023,0.0017,0.0196,0.0074,0.0273,8.2535,0.0,AdaBoost,0.9146665447963889,0.8912493521265032,0.9072374168753811,0.9148677806931975,0.9119989175552012,0.9080066041946938,0.8762051338424142,0.8933368327232293,0.9060961892880006
visualizing_soil,northing,8641.0,0.4034,0.8543,-0.0038,3.805,1.8854,1.717,1.107,0.0468,-1.2667,0.9652,1.9542,0.0109,0.023,0.0017,0.0196,0.0074,0.0273,8.2535,0.0,SVC,0.8976971833785798,0.9019759307526113,0.906583024754092,0.9097317510516552,0.9119839423843802,0.8965535652198333,0.8854277011953327,0.8840067709800524,0.9064062718379602
visualizing_soil,northing,8641.0,0.3497,0.8523,-0.01,3.806,1.8977,1.8093,1.1029,0.0211,-1.2667,0.9795,1.961,0.007,0.0115,0.0082,0.0186,0.0029,0.0241,8.3315,0.0,DecisionTree,0.8944544281219073,0.9087464422095061,0.9225478292654101,0.9266995506712651,0.927668493680204,0.9258654844635817,0.8911616876406752,0.8997082994906885,0.9190026234190616
visualizing_soil,northing,8641.0,0.3497,0.8523,-0.01,3.806,1.8977,1.8093,1.1029,0.0211,-1.2667,0.9795,1.961,0.007,0.0115,0.0082,0.0186,0.0029,0.0241,8.3315,0.0,LogisticRegression,0.8659275882974143,0.8219115768644474,0.9144489232015849,0.9138337926501651,0.908394721665265,0.8659277485041552,0.8445178691606545,0.8652448675697801,0.9056684356436051
visualizing_soil,northing,8641.0,0.3497,0.8523,-0.01,3.806,1.8977,1.8093,1.1029,0.0211,-1.2667,0.9795,1.961,0.007,0.0115,0.0082,0.0186,0.0029,0.0241,8.3315,0.0,KNN,0.926243117960075,0.9212248224770297,0.9203792745241892,0.9256736286546046,0.9244298427041915,0.9261442843696707,0.9232570317891502,0.9099055331288016,0.9235409130715277
visualizing_soil,northing,8641.0,0.3497,0.8523,-0.01,3.806,1.8977,1.8093,1.1029,0.0211,-1.2667,0.9795,1.961,0.007,0.0115,0.0082,0.0186,0.0029,0.0241,8.3315,0.0,RandomForest,0.922291071831858,0.9107298495794329,0.9242692689626577,0.9265133503720879,0.9272904931890265,0.9242137816955553,0.8943007005899739,0.8980140094126531,0.9252521685517294
visualizing_soil,northing,8641.0,0.3497,0.8523,-0.01,3.806,1.8977,1.8093,1.1029,0.0211,-1.2667,0.9795,1.961,0.007,0.0115,0.0082,0.0186,0.0029,0.0241,8.3315,0.0,AdaBoost,0.9233866459566926,0.9030915835575233,0.9230106671889927,0.9263138731368377,0.9266104544894349,0.9288027085113874,0.8969490878481323,0.9053943634750143,0.9222671728105397
visualizing_soil,northing,8641.0,0.3497,0.8523,-0.01,3.806,1.8977,1.8093,1.1029,0.0211,-1.2667,0.9795,1.961,0.007,0.0115,0.0082,0.0186,0.0029,0.0241,8.3315,0.0,SVC,0.9017905780038591,0.9125957535127754,0.9221861660755009,0.9250154324902432,0.9232233159908874,0.9000681143056535,0.901786373098327,0.9048745609356597,0.9187736062024635
visualizing_soil,northing,8641.0,0.3093,0.8487,-0.01,3.806,1.909,1.819,1.1114,0.0089,-1.2709,0.9818,1.9509,0.0054,0.0201,0.0036,0.0101,0.0058,0.0119,8.3954,0.0,DecisionTree,0.9040937013180221,0.9221040639841462,0.925770289090434,0.9329555903562723,0.9334326940793692,0.9363107795750384,0.8888261111132119,0.9057420128543296,0.9312053946352786
visualizing_soil,northing,8641.0,0.3093,0.8487,-0.01,3.806,1.909,1.819,1.1114,0.0089,-1.2709,0.9818,1.9509,0.0054,0.0201,0.0036,0.0101,0.0058,0.0119,8.3954,0.0,LogisticRegression,0.8724374451696643,0.8453989569698079,0.9201407128163489,0.917541220370305,0.9183754877298752,0.8710966416985058,0.8506759654043267,0.8715405966314145,0.9176962739050116
visualizing_soil,northing,8641.0,0.3093,0.8487,-0.01,3.806,1.909,1.819,1.1114,0.0089,-1.2709,0.9818,1.9509,0.0054,0.0201,0.0036,0.0101,0.0058,0.0119,8.3954,0.0,KNN,0.9264537898292147,0.9265477623652557,0.9252466356366786,0.9262642050160996,0.9270490675355284,0.9256798646344573,0.9256805160192891,0.9157343443491432,0.9252872808868633
visualizing_soil,northing,8641.0,0.3093,0.8487,-0.01,3.806,1.909,1.819,1.1114,0.0089,-1.2709,0.9818,1.9509,0.0054,0.0201,0.0036,0.0101,0.0058,0.0119,8.3954,0.0,RandomForest,0.9341147916238904,0.9245513244404111,0.9293657136458703,0.9332465367280957,0.9333401961708832,0.9350758708095004,0.8947917868637958,0.9038869945694852,0.9343707851511502
visualizing_soil,northing,8641.0,0.3093,0.8487,-0.01,3.806,1.909,1.819,1.1114,0.0089,-1.2709,0.9818,1.9509,0.0054,0.0201,0.0036,0.0101,0.0058,0.0119,8.3954,0.0,AdaBoost,0.9302428560966426,0.9156067672074162,0.9285881406431278,0.9349668597523335,0.9317956916177929,0.9349400520339722,0.8993568450842743,0.9105662181608873,0.9349431655414064
visualizing_soil,northing,8641.0,0.3093,0.8487,-0.01,3.806,1.909,1.819,1.1114,0.0089,-1.2709,0.9818,1.9509,0.0054,0.0201,0.0036,0.0101,0.0058,0.0119,8.3954,0.0,SVC,0.9085933192299139,0.9221830376506095,0.9263229317343835,0.9262632831642093,0.9252308451776476,0.9061096634572006,0.9022266315152655,0.9045862874830939,0.9276103112203102
visualizing_soil,northing,8641.0,0.2555,0.8369,-0.004,3.806,1.9103,1.8173,1.1069,0.0136,-1.2675,0.9665,1.9138,0.0162,0.0169,0.006,0.0254,0.0006,0.0348,8.4415,0.0,DecisionTree,0.9212598064583238,0.9301962163292135,0.9409854414465214,0.9397678476768707,0.9389312116303226,0.9363467303075608,0.9038993266174293,0.9171459562457587,0.9399620976458453
visualizing_soil,northing,8641.0,0.2555,0.8369,-0.004,3.806,1.9103,1.8173,1.1069,0.0136,-1.2675,0.9665,1.9138,0.0162,0.0169,0.006,0.0254,0.0006,0.0348,8.4415,0.0,LogisticRegression,0.8925709395041421,0.8588403513592107,0.9274425282319206,0.929122841465798,0.9212128328779737,0.8921865309953217,0.8757701457261116,0.8890754385205533,0.9190446724457946
visualizing_soil,northing,8641.0,0.2555,0.8369,-0.004,3.806,1.9103,1.8173,1.1069,0.0136,-1.2675,0.9665,1.9138,0.0162,0.0169,0.006,0.0254,0.0006,0.0348,8.4415,0.0,KNN,0.9310153066249279,0.9333403717265857,0.9340663922801858,0.9318209190788076,0.9312336363393395,0.9309119994136665,0.931896400493513,0.9232998546600228,0.9326807542819171
visualizing_soil,northing,8641.0,0.2555,0.8369,-0.004,3.806,1.9103,1.8173,1.1069,0.0136,-1.2675,0.9665,1.9138,0.0162,0.0169,0.006,0.0254,0.0006,0.0348,8.4415,0.0,RandomForest,0.9332451463941825,0.9306843539746572,0.9401218486486211,0.9409158302318867,0.9408298049372237,0.930064386005938,0.9068120355730809,0.9216146699117187,0.9408243178828657
visualizing_soil,northing,8641.0,0.2555,0.8369,-0.004,3.806,1.9103,1.8173,1.1069,0.0136,-1.2675,0.9665,1.9138,0.0162,0.0169,0.006,0.0254,0.0006,0.0348,8.4415,0.0,AdaBoost,0.9388295913137114,0.9254717054384862,0.9396453090882877,0.9410943845842216,0.9398543940623326,0.9403659084981991,0.9123436284421118,0.9230743470996512,0.93985825550333
visualizing_soil,northing,8641.0,0.2555,0.8369,-0.004,3.806,1.9103,1.8173,1.1069,0.0136,-1.2675,0.9665,1.9138,0.0162,0.0169,0.006,0.0254,0.0006,0.0348,8.4415,0.0,SVC,0.9190107749858814,0.9275326621344746,0.9350755206990357,0.9373685354678685,0.935895509218753,0.9177567854626401,0.9210344014414283,0.9161314317493763,0.9337902348970151
visualizing_soil,northing,8641.0,0.2009,0.8343,-0.01,3.806,1.9078,1.8168,1.112,0.0132,-1.2772,0.9827,1.9354,0.0127,0.022,0.0004,0.021,0.0107,0.029,8.5028,0.0,DecisionTree,0.937474732233868,0.9481458924283213,0.9524946209328137,0.9535176960375449,0.9539826534891859,0.9412290938553503,0.915532101087481,0.9358217673101121,0.9568716106514221
visualizing_soil,northing,8641.0,0.2009,0.8343,-0.01,3.806,1.9078,1.8168,1.112,0.0132,-1.2772,0.9827,1.9354,0.0127,0.022,0.0004,0.021,0.0107,0.029,8.5028,0.0,LogisticRegression,0.9115991876023313,0.9032432838564652,0.9432467892172499,0.9441406692024762,0.9425209204947078,0.9081265164270411,0.8856106819361369,0.9118224097913803,0.9364031851304246
visualizing_soil,northing,8641.0,0.2009,0.8343,-0.01,3.806,1.9078,1.8168,1.112,0.0132,-1.2772,0.9827,1.9354,0.0127,0.022,0.0004,0.021,0.0107,0.029,8.5028,0.0,KNN,0.9483236970533498,0.9478453168505431,0.9454302367780055,0.9516011226827589,0.9482309738722405,0.947934202622235,0.944473896786794,0.9405746254499747,0.95004173844926
visualizing_soil,northing,8641.0,0.2009,0.8343,-0.01,3.806,1.9078,1.8168,1.112,0.0132,-1.2772,0.9827,1.9354,0.0127,0.022,0.0004,0.021,0.0107,0.029,8.5028,0.0,RandomForest,0.9426758823919179,0.9480657238239104,0.9539591627513644,0.9559154083773693,0.95562848346262,0.9421941504881174,0.9175980000340469,0.9413305288008605,0.9568754345135372
visualizing_soil,northing,8641.0,0.2009,0.8343,-0.01,3.806,1.9078,1.8168,1.112,0.0132,-1.2772,0.9827,1.9354,0.0127,0.022,0.0004,0.021,0.0107,0.029,8.5028,0.0,AdaBoost,0.95521209864185,0.9369061722866833,0.9519206947824966,0.9557157509155885,0.9552418763493334,0.9552242303614815,0.9167711907500602,0.9404383824497875,0.9512645930572187
visualizing_soil,northing,8641.0,0.2009,0.8343,-0.01,3.806,1.9078,1.8168,1.112,0.0132,-1.2772,0.9827,1.9354,0.0127,0.022,0.0004,0.021,0.0107,0.029,8.5028,0.0,SVC,0.9328678904297197,0.9450433563204892,0.9495820492807613,0.9537588341189785,0.9522346321642577,0.9325802152716449,0.9307154351681138,0.9350671522440177,0.9523288305934999
visualizing_soil,northing,8641.0,0.1545,0.8273,-0.01,3.806,1.9068,1.8176,1.1064,0.0149,-1.263,0.9661,1.9228,0.0092,0.0201,0.0015,0.0193,0.008,0.0266,8.5451,0.0,DecisionTree,0.9508530508324515,0.9634270318673637,0.9667710420558648,0.9673529184302881,0.9672632081138017,0.9499257917098533,0.935303931910431,0.9504566875876838,0.9662999403756375
visualizing_soil,northing,8641.0,0.1545,0.8273,-0.01,3.806,1.9068,1.8176,1.1064,0.0149,-1.263,0.9661,1.9228,0.0092,0.0201,0.0015,0.0193,0.008,0.0266,8.5451,0.0,LogisticRegression,0.9234804167118169,0.925792089112681,0.9562741539960902,0.9542598307608141,0.9533074424765345,0.9209665902724322,0.9076758691392265,0.9254606761179653,0.948568887521724
visualizing_soil,northing,8641.0,0.1545,0.8273,-0.01,3.806,1.9068,1.8176,1.1064,0.0149,-1.263,0.9661,1.9228,0.0092,0.0201,0.0015,0.0193,0.008,0.0266,8.5451,0.0,KNN,0.959708866976078,0.9623068058656119,0.9642406467186406,0.9601078551400458,0.9605875920673977,0.9597110350358374,0.9553289572243177,0.9488553918227957,0.9607636686431109
visualizing_soil,northing,8641.0,0.1545,0.8273,-0.01,3.806,1.9068,1.8176,1.1064,0.0149,-1.263,0.9661,1.9228,0.0092,0.0201,0.0015,0.0193,0.008,0.0266,8.5451,0.0,RandomForest,0.9521990705792144,0.9622814067231049,0.9685985662930479,0.9667897996454068,0.9668841034697888,0.9521031204958019,0.9360384691024105,0.9513220742979333,0.9679422654916565
visualizing_soil,northing,8641.0,0.1545,0.8273,-0.01,3.806,1.9068,1.8176,1.1064,0.0149,-1.263,0.9661,1.9228,0.0092,0.0201,0.0015,0.0193,0.008,0.0266,8.5451,0.0,AdaBoost,0.9680234011319835,0.9550465374483829,0.9683094219405389,0.9663056949902,0.9669787107336394,0.9667693846243337,0.9390256965027526,0.9512861552234202,0.9678407157898793
visualizing_soil,northing,8641.0,0.1545,0.8273,-0.01,3.806,1.9068,1.8176,1.1064,0.0149,-1.263,0.9661,1.9228,0.0092,0.0201,0.0015,0.0193,0.008,0.0266,8.5451,0.0,SVC,0.9417063968500641,0.9545943584413612,0.9649230260546199,0.9645459855678227,0.9636825510578338,0.9413226735704765,0.9334701813091382,0.9411987446633145,0.9635913717672562
visualizing_soil,northing,8641.0,0.1013,0.8223,-0.01,3.806,1.9051,1.815,1.1082,0.0186,-1.2668,0.9722,1.9378,0.007,0.0144,0.0063,0.0182,0.0004,0.0246,8.5917,0.0,DecisionTree,0.9659920544881478,0.9746289173107231,0.9800526401548862,0.9773651598286127,0.9759240411782809,0.9664770023144067,0.9627735823422303,0.965446086422515,0.9752507365015086
visualizing_soil,northing,8641.0,0.1013,0.8223,-0.01,3.806,1.9051,1.815,1.1082,0.0186,-1.2668,0.9722,1.9378,0.007,0.0144,0.0063,0.0182,0.0004,0.0246,8.5917,0.0,LogisticRegression,0.9435482290782551,0.949627300934765,0.9711584101989329,0.9651857193774352,0.965186078375731,0.9406437681811821,0.9401019112265898,0.946289242592212,0.9613140039629212
visualizing_soil,northing,8641.0,0.1013,0.8223,-0.01,3.806,1.9051,1.815,1.1082,0.0186,-1.2668,0.9722,1.9378,0.007,0.0144,0.0063,0.0182,0.0004,0.0246,8.5917,0.0,KNN,0.9708920999733623,0.9725231668360061,0.9743606521510304,0.9720517691698594,0.970221204785283,0.9706016584619851,0.970099200295492,0.966666982782526,0.9735885315712098
visualizing_soil,northing,8641.0,0.1013,0.8223,-0.01,3.806,1.9051,1.815,1.1082,0.0186,-1.2668,0.9722,1.9378,0.007,0.0144,0.0063,0.0182,0.0004,0.0246,8.5917,0.0,RandomForest,0.9673873585097916,0.9753082363024066,0.9794789256014526,0.975639379532543,0.9758336191276453,0.9674834233435333,0.9603469166028775,0.966890395815508,0.9768912084271477
visualizing_soil,northing,8641.0,0.1013,0.8223,-0.01,3.806,1.9051,1.815,1.1082,0.0186,-1.2668,0.9722,1.9378,0.007,0.0144,0.0063,0.0182,0.0004,0.0246,8.5917,0.0,AdaBoost,0.9773583666938802,0.9653771311723403,0.9792860129449882,0.9765021321947258,0.9755428051993671,0.9810110826963336,0.9572506484778458,0.967456550842112,0.9770798314990694
visualizing_soil,northing,8641.0,0.1013,0.8223,-0.01,3.806,1.9051,1.815,1.1082,0.0186,-1.2668,0.9722,1.9378,0.007,0.0144,0.0063,0.0182,0.0004,0.0246,8.5917,0.0,SVC,0.9608320747949217,0.9643187294633803,0.9735932287046395,0.9729357412879164,0.9714916828949081,0.9593891737124407,0.9525663776842261,0.9573531710915426,0.9721588932355845
visualizing_soil,northing,8641.0,0.0494,0.8164,-0.01,3.805,1.9053,1.8168,1.1087,0.0126,-1.2693,0.9739,1.9427,0.0103,0.013,0.0082,0.0205,0.0024,0.0276,8.6373,0.0,DecisionTree,0.9860364931634424,0.9845736243026797,0.9874683647760656,0.98940086725544,0.9884368964288728,0.9844793302271314,0.9801145698371778,0.9822729533546949,0.9883421209932408
visualizing_soil,northing,8641.0,0.0494,0.8164,-0.01,3.805,1.9053,1.8168,1.1087,0.0126,-1.2693,0.9739,1.9427,0.0103,0.013,0.0082,0.0205,0.0024,0.0276,8.6373,0.0,LogisticRegression,0.9685570738902578,0.9763592902410481,0.981770419718281,0.9832220626992307,0.9828368363828643,0.9684603682475479,0.9651756727385383,0.9693184361822095,0.980711565720355
visualizing_soil,northing,8641.0,0.0494,0.8164,-0.01,3.805,1.9053,1.8168,1.1087,0.0126,-1.2693,0.9739,1.9427,0.0103,0.013,0.0082,0.0205,0.0024,0.0276,8.6373,0.0,KNN,0.9815914842503631,0.9824556833013735,0.9834197428118219,0.9834221533961502,0.9839042711022081,0.981976368795292,0.9766546982904818,0.979183127669421,0.9843874595886072
visualizing_soil,northing,8641.0,0.0494,0.8164,-0.01,3.805,1.9053,1.8168,1.1087,0.0126,-1.2693,0.9739,1.9427,0.0103,0.013,0.0082,0.0205,0.0024,0.0276,8.6373,0.0,RandomForest,0.9860366516863205,0.9851515062706075,0.9880489289738339,0.9894975106355094,0.9897866401174905,0.9861328377179268,0.9798250262866592,0.9826586206954341,0.9893050561846516
visualizing_soil,northing,8641.0,0.0494,0.8164,-0.01,3.805,1.9053,1.8168,1.1087,0.0126,-1.2693,0.9739,1.9427,0.0103,0.013,0.0082,0.0205,0.0024,0.0276,8.6373,0.0,AdaBoost,0.9875633953127028,0.9808049684005476,0.9878557206279659,0.9888226215823567,0.9891113379956586,0.9894928761407096,0.9792413455091779,0.9830453823186033,0.9889196344738685
visualizing_soil,northing,8641.0,0.0494,0.8164,-0.01,3.805,1.9053,1.8168,1.1087,0.0126,-1.2693,0.9739,1.9427,0.0103,0.013,0.0082,0.0205,0.0024,0.0276,8.6373,0.0,SVC,0.9791922892665472,0.9765700180462462,0.9831278771793317,0.9874699596377658,0.9870854554431825,0.9786149530754009,0.9706599915435967,0.9748507562513018,0.9858306151041281
visualizing_soil,easting,8641.0,0.4911,0.8131,-0.003,1.56,0.7431,0.7303,0.4321,0.1841,-1.0993,0.3684,0.7408,0.0075,0.3618,0.0071,0.2508,0.0084,0.4,8.0944,0.0,DecisionTree,0.999903583372388,0.999903583372388,0.999903583372388,0.999903583372388,0.999903583372388,0.999903583372388,0.999903583372388,0.999903583372388,0.999903583372388
visualizing_soil,easting,8641.0,0.4911,0.8131,-0.003,1.56,0.7431,0.7303,0.4321,0.1841,-1.0993,0.3684,0.7408,0.0075,0.3618,0.0071,0.2508,0.0084,0.4,8.0944,0.0,LogisticRegression,0.9966242314997243,0.9982641600533391,0.9988428898117612,0.9985536924337113,0.9982643766024111,0.9968174635727676,0.9977823120177354,0.9967207774432671,0.9986500239657945
visualizing_soil,easting,8641.0,0.4911,0.8131,-0.003,1.56,0.7431,0.7303,0.4321,0.1841,-1.0993,0.3684,0.7408,0.0075,0.3618,0.0071,0.2508,0.0084,0.4,8.0944,0.0,KNN,0.9939255925449367,0.994407347048371,0.9922869049655638,0.9945044220184297,0.9940223100682635,0.9936364778416592,0.9938292750966731,0.990454460934654,0.992478706558574
visualizing_soil,easting,8641.0,0.4911,0.8131,-0.003,1.56,0.7431,0.7303,0.4321,0.1841,-1.0993,0.3684,0.7408,0.0075,0.3618,0.0071,0.2508,0.0084,0.4,8.0944,0.0,RandomForest,1.0,1.0,1.0,1.0,1.0,1.0,1.0,1.0,1.0
visualizing_soil,easting,8641.0,0.4911,0.8131,-0.003,1.56,0.7431,0.7303,0.4321,0.1841,-1.0993,0.3684,0.7408,0.0075,0.3618,0.0071,0.2508,0.0084,0.4,8.0944,0.0,AdaBoost,0.999903583372388,0.999903583372388,0.999903583372388,0.999903583372388,0.999903583372388,0.999903583372388,0.999903583372388,0.999903583372388,0.999903583372388
visualizing_soil,easting,8641.0,0.4911,0.8131,-0.003,1.56,0.7431,0.7303,0.4321,0.1841,-1.0993,0.3684,0.7408,0.0075,0.3618,0.0071,0.2508,0.0084,0.4,8.0944,0.0,SVC,0.9980715153926032,0.9989395739380313,0.999614325749774,0.9984574708284564,0.9987466540291976,0.9971078254372757,0.9973971509489582,0.9981680037649721,0.9980718165288243
visualizing_soil,easting,8641.0,0.4451,0.8048,-0.004,1.56,0.7316,0.7206,0.4266,0.1976,-1.0806,0.3593,0.7162,0.028,0.3547,0.0306,0.2456,0.0424,0.3924,8.1665,0.0,DecisionTree,0.999903583372388,0.999903583372388,0.999903583372388,0.999903583372388,0.999903583372388,0.999903583372388,0.999903583372388,0.999903583372388,0.999903583372388
visualizing_soil,easting,8641.0,0.4451,0.8048,-0.004,1.56,0.7316,0.7206,0.4266,0.1976,-1.0806,0.3593,0.7162,0.028,0.3547,0.0306,0.2456,0.0424,0.3924,8.1665,0.0,LogisticRegression,0.9960450047567572,0.998457083460237,0.9983606958419721,0.9978786743396224,0.9981679283929833,0.9967209793310304,0.9970103665185979,0.9957563323208484,0.9986500868133306
visualizing_soil,easting,8641.0,0.4451,0.8048,-0.004,1.56,0.7316,0.7206,0.4266,0.1976,-1.0806,0.3593,0.7162,0.028,0.3547,0.0306,0.2456,0.0424,0.3924,8.1665,0.0,KNN,0.9935401562545361,0.9942146691603257,0.9942149332617312,0.9931541393703471,0.9915142061778641,0.9943116018665437,0.9943116200628506,0.9899713173609992,0.9944072312552503
visualizing_soil,easting,8641.0,0.4451,0.8048,-0.004,1.56,0.7316,0.7206,0.4266,0.1976,-1.0806,0.3593,0.7162,0.028,0.3547,0.0306,0.2456,0.0424,0.3924,8.1665,0.0,RandomForest,1.0,1.0,1.0,1.0,1.0,0.9999035897568042,0.9999035897568042,0.9999035897568042,1.0
visualizing_soil,easting,8641.0,0.4451,0.8048,-0.004,1.56,0.7316,0.7206,0.4266,0.1976,-1.0806,0.3593,0.7162,0.028,0.3547,0.0306,0.2456,0.0424,0.3924,8.1665,0.0,AdaBoost,0.999903583372388,0.999903583372388,0.999903583372388,0.999903583372388,0.999903583372388,0.999903583372388,0.999903583372388,0.999903583372388,0.999903583372388
visualizing_soil,easting,8641.0,0.4451,0.8048,-0.004,1.56,0.7316,0.7206,0.4266,0.1976,-1.0806,0.3593,0.7162,0.028,0.3547,0.0306,0.2456,0.0424,0.3924,8.1665,0.0,SVC,0.9986501736377289,0.9984573166081832,0.9989392600802509,0.9987466659477671,0.9988430975199818,0.9983611402266364,0.9984575499994084,0.9972036089748159,0.9986502814563212
visualizing_soil,easting,8641.0,0.4038,0.7999,-0.003,1.56,0.7411,0.7272,0.4287,0.1754,-1.1074,0.3657,0.7427,0.0048,0.3699,0.0087,0.2578,0.0096,0.4119,8.2296,0.0,DecisionTree,0.999903583372388,0.999903583372388,0.999903583372388,0.999903583372388,0.999903583372388,0.999903583372388,0.999903583372388,0.999903583372388,0.999903583372388
visualizing_soil,easting,8641.0,0.4038,0.7999,-0.003,1.56,0.7411,0.7272,0.4287,0.1754,-1.1074,0.3657,0.7427,0.0048,0.3699,0.0087,0.2578,0.0096,0.4119,8.2296,0.0,LogisticRegression,0.997203008525963,0.9988428653493512,0.9987464959981491,0.9979751867572214,0.9978787306794035,0.9972031281586423,0.9964314565054445,0.9972996457243711,0.9984571940202593
visualizing_soil,easting,8641.0,0.4038,0.7999,-0.003,1.56,0.7411,0.7272,0.4287,0.1754,-1.1074,0.3657,0.7427,0.0048,0.3699,0.0087,0.2578,0.0096,0.4119,8.2296,0.0,KNN,0.9939248336691087,0.9946966713442924,0.9939255458455806,0.9947931520249377,0.993828553973178,0.9939249196347024,0.9935395027141911,0.9901652884988701,0.9945036987939263
visualizing_soil,easting,8641.0,0.4038,0.7999,-0.003,1.56,0.7411,0.7272,0.4287,0.1754,-1.1074,0.3657,0.7427,0.0048,0.3699,0.0087,0.2578,0.0096,0.4119,8.2296,0.0,RandomForest,1.0,0.9999035897568042,1.0,1.0,1.0,1.0,1.0,1.0,1.0
visualizing_soil,easting,8641.0,0.4038,0.7999,-0.003,1.56,0.7411,0.7272,0.4287,0.1754,-1.1074,0.3657,0.7427,0.0048,0.3699,0.0087,0.2578,0.0096,0.4119,8.2296,0.0,AdaBoost,0.999903583372388,0.999903583372388,0.999903583372388,0.999903583372388,0.999903583372388,0.999903583372388,0.999903583372388,0.999903583372388,0.999903583372388
visualizing_soil,easting,8641.0,0.4038,0.7999,-0.003,1.56,0.7411,0.7272,0.4287,0.1754,-1.1074,0.3657,0.7427,0.0048,0.3699,0.0087,0.2578,0.0096,0.4119,8.2296,0.0,SVC,0.9982644952082895,0.9978787516599119,0.9997107397208038,0.9979752218091764,0.9978788364097122,0.9978788806598788,0.9977824633251735,0.998168044818773,0.9978789882232967
visualizing_soil,easting,8641.0,0.3481,0.779,-0.004,1.554,0.7393,0.7247,0.429,0.1919,-1.1,0.3644,0.7421,0.0124,0.3595,0.0211,0.2479,0.0288,0.4001,8.2799,0.0,DecisionTree,0.999903583372388,0.999903583372388,0.999903583372388,0.999903583372388,0.999903583372388,0.999903583372388,0.999903583372388,0.999903583372388,0.999903583372388
visualizing_soil,easting,8641.0,0.3481,0.779,-0.004,1.554,0.7393,0.7247,0.429,0.1919,-1.1,0.3644,0.7421,0.0124,0.3595,0.0211,0.2479,0.0288,0.4001,8.2799,0.0,LogisticRegression,0.9965277343017417,0.9986499947909453,0.9983606946074347,0.9983607156440327,0.9982642646210442,0.9970102974388405,0.9978784890272485,0.9969138576161578,0.9983607156440327
visualizing_soil,easting,8641.0,0.3481,0.779,-0.004,1.554,0.7393,0.7247,0.429,0.1919,-1.1,0.3644,0.7421,0.0124,0.3595,0.0211,0.2479,0.0288,0.4001,8.2799,0.0,KNN,0.9924780948307355,0.9923814482598112,0.9946962314797995,0.9928644406827868,0.9934429677258957,0.9916103409145289,0.9919964343809535,0.9904545380921127,0.9922860744331545
visualizing_soil,easting,8641.0,0.3481,0.779,-0.004,1.554,0.7393,0.7247,0.429,0.1919,-1.1,0.3644,0.7421,0.0124,0.3595,0.0211,0.2479,0.0288,0.4001,8.2799,0.0,RandomForest,1.0,1.0,0.999903583372388,1.0,1.0,1.0,1.0,1.0,1.0
visualizing_soil,easting,8641.0,0.3481,0.779,-0.004,1.554,0.7393,0.7247,0.429,0.1919,-1.1,0.3644,0.7421,0.0124,0.3595,0.0211,0.2479,0.0288,0.4001,8.2799,0.0,AdaBoost,0.999903583372388,0.999903583372388,0.999903583372388,0.999903583372388,0.999903583372388,0.999903583372388,0.999903583372388,0.999903583372388,0.999903583372388
visualizing_soil,easting,8641.0,0.3481,0.779,-0.004,1.554,0.7393,0.7247,0.429,0.1919,-1.1,0.3644,0.7421,0.0124,0.3595,0.0211,0.2479,0.0288,0.4001,8.2799,0.0,SVC,0.9990358738283087,0.9986502551984675,0.9991321853750241,0.9988431058373288,0.9984574737895267,0.9979755009576123,0.998264744133778,0.9979751377340074,0.9988431019485471
visualizing_soil,easting,8641.0,0.2937,0.7647,-0.004,1.56,0.7348,0.7184,0.4283,0.2075,-1.0849,0.3584,0.7302,0.0047,0.3614,0.017,0.2486,0.0219,0.3979,8.3337,0.0,DecisionTree,0.999903583372388,0.999903583372388,0.999903583372388,0.999903583372388,0.999903583372388,0.999903583372388,0.999903583372388,0.999903583372388,0.999903583372388
visualizing_soil,easting,8641.0,0.2937,0.7647,-0.004,1.56,0.7348,0.7184,0.4283,0.2075,-1.0849,0.3584,0.7302,0.0047,0.3614,0.017,0.2486,0.0219,0.3979,8.3337,0.0,LogisticRegression,0.9971066060451786,0.9986500021490482,0.9986500134200691,0.99855364465825,0.99855364465825,0.9976854479252063,0.9983607527864675,0.9968174262150065,0.9979749602062604
visualizing_soil,easting,8641.0,0.2937,0.7647,-0.004,1.56,0.7348,0.7184,0.4283,0.2075,-1.0849,0.3584,0.7302,0.0047,0.3614,0.017,0.2486,0.0219,0.3979,8.3337,0.0,KNN,0.9931541276377371,0.9932504802642538,0.9954682928243235,0.992671348185086,0.99276698568759,0.992382951569815,0.9925757787722337,0.9919970674787942,0.9931536290508128
visualizing_soil,easting,8641.0,0.2937,0.7647,-0.004,1.56,0.7348,0.7184,0.4283,0.2075,-1.0849,0.3584,0.7302,0.0047,0.3614,0.017,0.2486,0.0219,0.3979,8.3337,0.0,RandomForest,1.0,1.0,1.0,1.0,1.0,1.0,0.9999035897568042,1.0,1.0
visualizing_soil,easting,8641.0,0.2937,0.7647,-0.004,1.56,0.7348,0.7184,0.4283,0.2075,-1.0849,0.3584,0.7302,0.0047,0.3614,0.017,0.2486,0.0219,0.3979,8.3337,0.0,AdaBoost,0.999903583372388,0.999903583372388,0.999903583372388,0.999903583372388,0.999903583372388,0.999903583372388,0.999903583372388,0.999903583372388,0.999903583372388
visualizing_soil,easting,8641.0,0.2937,0.7647,-0.004,1.56,0.7348,0.7184,0.4283,0.2075,-1.0849,0.3584,0.7302,0.0047,0.3614,0.017,0.2486,0.0219,0.3979,8.3337,0.0,SVC,0.9995179373430361,0.998746538515847,0.9995179015030227,0.9991323155671675,0.9987467042253374,0.998843127061531,0.9992287297180427,0.9986501539775994,0.9992286930183767
visualizing_soil,easting,8641.0,0.247,0.7556,-0.004,1.56,0.7387,0.7283,0.429,0.1903,-1.096,0.3667,0.7372,0.0073,0.3583,0.0173,0.2498,0.0237,0.3998,8.3815,0.0,DecisionTree,0.999903583372388,0.999903583372388,0.999903583372388,0.999903583372388,0.999903583372388,0.999903583372388,0.999903583372388,0.999903583372388,0.999903583372388
visualizing_soil,easting,8641.0,0.247,0.7556,-0.004,1.56,0.7387,0.7283,0.429,0.1903,-1.096,0.3667,0.7372,0.0073,0.3583,0.0173,0.2498,0.0237,0.3998,8.3815,0.0,LogisticRegression,0.9976854718948222,0.9988428727074541,0.998842905801321,0.9983608728910611,0.9983608331521676,0.9978784397308494,0.9984571807595788,0.9973961565910412,0.9987464636987295
visualizing_soil,easting,8641.0,0.247,0.7556,-0.004,1.56,0.7387,0.7283,0.429,0.1903,-1.096,0.3667,0.7372,0.0073,0.3583,0.0173,0.2498,0.0237,0.3998,8.3815,0.0,KNN,0.9941188948557875,0.9950823553393582,0.9947931523173827,0.9942152893040459,0.9941187863693466,0.9943114568935727,0.9944076557317846,0.9923832357968885,0.9944077478122648
visualizing_soil,easting,8641.0,0.247,0.7556,-0.004,1.56,0.7387,0.7283,0.429,0.1903,-1.096,0.3667,0.7372,0.0073,0.3583,0.0173,0.2498,0.0237,0.3998,8.3815,0.0,RandomForest,1.0,1.0,1.0,1.0,1.0,1.0,1.0,1.0,1.0
visualizing_soil,easting,8641.0,0.247,0.7556,-0.004,1.56,0.7387,0.7283,0.429,0.1903,-1.096,0.3667,0.7372,0.0073,0.3583,0.0173,0.2498,0.0237,0.3998,8.3815,0.0,AdaBoost,0.999903583372388,0.999903583372388,0.999903583372388,0.999903583372388,0.999903583372388,0.999903583372388,0.999903583372388,0.999903583372388,0.999903583372388
visualizing_soil,easting,8641.0,0.247,0.7556,-0.004,1.56,0.7387,0.7283,0.429,0.1903,-1.096,0.3667,0.7372,0.0073,0.3583,0.0173,0.2498,0.0237,0.3998,8.3815,0.0,SVC,0.9989394061300885,0.9989394276041517,0.9989393247275546,0.9985538292624416,0.9985538292624416,0.9986502466565653,0.9985538450297674,0.9983608055037008,0.9985538237031604
visualizing_soil,easting,8641.0,0.1929,0.7428,-0.004,1.56,0.7372,0.7268,0.4292,0.1951,-1.0945,0.3653,0.7351,0.0052,0.352,0.0171,0.2435,0.0224,0.3903,8.428,0.0,DecisionTree,0.999903583372388,0.999903583372388,0.999903583372388,0.999903583372388,0.999903583372388,0.999903583372388,0.999903583372388,0.999903583372388,0.999903583372388
visualizing_soil,easting,8641.0,0.1929,0.7428,-0.004,1.56,0.7372,0.7268,0.4292,0.1951,-1.0945,0.3653,0.7351,0.0052,0.352,0.0171,0.2435,0.0224,0.3903,8.428,0.0,LogisticRegression,0.9968171802689477,0.9983606444740458,0.9985535402425735,0.9986499718147882,0.9987464228377767,0.9976854655640436,0.9983608253201326,0.99710675746613,0.9983606444740458
visualizing_soil,easting,8641.0,0.1929,0.7428,-0.004,1.56,0.7372,0.7268,0.4292,0.1951,-1.0945,0.3653,0.7351,0.0052,0.352,0.0171,0.2435,0.0224,0.3903,8.428,0.0,KNN,0.9940213952748421,0.9948889512350068,0.9955647281352413,0.9940209800282231,0.9934427249580539,0.9942142911498008,0.9941178464362508,0.992864305145001,0.9941178168215505
visualizing_soil,easting,8641.0,0.1929,0.7428,-0.004,1.56,0.7372,0.7268,0.4292,0.1951,-1.0945,0.3653,0.7351,0.0052,0.352,0.0171,0.2435,0.0224,0.3903,8.428,0.0,RandomForest,1.0,1.0,1.0,1.0,1.0,1.0,1.0,1.0,1.0
visualizing_soil,easting,8641.0,0.1929,0.7428,-0.004,1.56,0.7372,0.7268,0.4292,0.1951,-1.0945,0.3653,0.7351,0.0052,0.352,0.0171,0.2435,0.0224,0.3903,8.428,0.0,AdaBoost,0.999903583372388,0.999903583372388,0.999903583372388,0.999903583372388,0.999903583372388,0.999903583372388,0.999903583372388,0.999903583372388,0.999903583372388
visualizing_soil,easting,8641.0,0.1929,0.7428,-0.004,1.56,0.7372,0.7268,0.4292,0.1951,-1.0945,0.3653,0.7351,0.0052,0.352,0.0171,0.2435,0.0224,0.3903,8.428,0.0,SVC,0.9983607211100919,0.9982642920677798,0.998650025047449,0.998360819744597,0.9980716165196666,0.9981680553878534,0.998650197694509,0.9976856752049152,0.9983607677309501
visualizing_soil,easting,8641.0,0.1516,0.7371,-0.004,1.56,0.7391,0.7332,0.4268,0.1872,-1.0861,0.3704,0.731,0.002,0.3487,0.0145,0.242,0.0187,0.3891,8.4643,0.0,DecisionTree,0.999903583372388,0.999903583372388,0.999903583372388,0.999903583372388,0.999903583372388,0.999903583372388,0.999903583372388,0.999903583372388,0.999903583372388
visualizing_soil,easting,8641.0,0.1516,0.7371,-0.004,1.56,0.7391,0.7332,0.4268,0.1872,-1.0861,0.3704,0.731,0.002,0.3487,0.0145,0.242,0.0187,0.3891,8.4643,0.0,LogisticRegression,0.9982641979853248,0.9980718515523099,0.998842905801321,0.9987464632897465,0.998842905801321,0.99787846579993,0.9983607378039471,0.9983606753502872,0.9987464632897465
visualizing_soil,easting,8641.0,0.1516,0.7371,-0.004,1.56,0.7391,0.7332,0.4268,0.1872,-1.0861,0.3704,0.731,0.002,0.3487,0.0145,0.242,0.0187,0.3891,8.4643,0.0,KNN,0.9951791309756128,0.9956612736379505,0.9959506622131012,0.9950825510295147,0.9953715988718144,0.9951791672379529,0.9950827545006306,0.9946004794320418,0.9953718428977648
visualizing_soil,easting,8641.0,0.1516,0.7371,-0.004,1.56,0.7391,0.7332,0.4268,0.1872,-1.0861,0.3704,0.731,0.002,0.3487,0.0145,0.242,0.0187,0.3891,8.4643,0.0,RandomForest,1.0,1.0,1.0,1.0,1.0,1.0,1.0,1.0,1.0
visualizing_soil,easting,8641.0,0.1516,0.7371,-0.004,1.56,0.7391,0.7332,0.4268,0.1872,-1.0861,0.3704,0.731,0.002,0.3487,0.0145,0.242,0.0187,0.3891,8.4643,0.0,AdaBoost,0.999903583372388,0.999903583372388,0.999903583372388,0.999903583372388,0.999903583372388,0.999903583372388,0.999903583372388,0.999903583372388,0.999903583372388
visualizing_soil,easting,8641.0,0.1516,0.7371,-0.004,1.56,0.7391,0.7332,0.4268,0.1872,-1.0861,0.3704,0.731,0.002,0.3487,0.0145,0.242,0.0187,0.3891,8.4643,0.0,SVC,0.9991322391321924,0.999228656526316,0.9991321987440023,0.999228663319981,0.9991322540507983,0.9990358298630098,0.9993250807141048,0.9991322391321924,0.999228663319981
visualizing_soil,easting,8641.0,0.0978,0.7208,-0.004,1.56,0.7378,0.7275,0.4296,0.1876,-1.1,0.3661,0.7381,0.0057,0.3546,0.0167,0.2458,0.0222,0.3934,8.4981,0.0,DecisionTree,0.999903583372388,0.999903583372388,0.999903583372388,0.999903583372388,0.999903583372388,0.999903583372388,0.999903583372388,0.999903583372388,0.999903583372388
visualizing_soil,easting,8641.0,0.0978,0.7208,-0.004,1.56,0.7378,0.7275,0.4296,0.1876,-1.1,0.3661,0.7381,0.0057,0.3546,0.0167,0.2458,0.0222,0.3934,8.4981,0.0,LogisticRegression,0.9984570954970343,0.9978787371634199,0.9988428727074541,0.9987464228377767,0.9987464228377767,0.9986499447838524,0.9984571475767191,0.998649991265562,0.9986500021490482
visualizing_soil,easting,8641.0,0.0978,0.7208,-0.004,1.56,0.7378,0.7275,0.4296,0.1876,-1.1,0.3661,0.7381,0.0057,0.3546,0.0167,0.2458,0.0222,0.3934,8.4981,0.0,KNN,0.9947934767172073,0.9952756082041219,0.9959504999411094,0.9949863744549248,0.9949862835736756,0.9946006116282358,0.994889634833857,0.9945043896402952,0.9948897500658207
visualizing_soil,easting,8641.0,0.0978,0.7208,-0.004,1.56,0.7378,0.7275,0.4296,0.1876,-1.1,0.3661,0.7381,0.0057,0.3546,0.0167,0.2458,0.0222,0.3934,8.4981,0.0,RandomForest,1.0,1.0,1.0,1.0,1.0,1.0,1.0,1.0,1.0
visualizing_soil,easting,8641.0,0.0978,0.7208,-0.004,1.56,0.7378,0.7275,0.4296,0.1876,-1.1,0.3661,0.7381,0.0057,0.3546,0.0167,0.2458,0.0222,0.3934,8.4981,0.0,AdaBoost,0.999903583372388,0.999903583372388,0.999903583372388,0.999903583372388,0.999903583372388,0.999903583372388,0.999903583372388,0.999903583372388,0.999903583372388
visualizing_soil,easting,8641.0,0.0978,0.7208,-0.004,1.56,0.7378,0.7275,0.4296,0.1876,-1.1,0.3661,0.7381,0.0057,0.3546,0.0167,0.2458,0.0222,0.3934,8.4981,0.0,SVC,0.999614319015895,0.9997107432626464,0.9997107401029537,0.9994214921743987,0.9994214921743987,0.9993250828160654,0.9994215002101889,0.9995178960894389,0.9997107432626464
visualizing_soil,easting,8641.0,0.0494,0.7144,-0.004,1.56,0.7369,0.7244,0.4293,0.1932,-1.0956,0.3635,0.7363,0.0079,0.3545,0.0184,0.2454,0.0249,0.3936,8.538,0.0,DecisionTree,0.999903583372388,0.999903583372388,0.999903583372388,0.999903583372388,0.999903583372388,0.999903583372388,0.999903583372388,0.999903583372388,0.999903583372388
visualizing_soil,easting,8641.0,0.0494,0.7144,-0.004,1.56,0.7369,0.7244,0.4293,0.1932,-1.0956,0.3635,0.7363,0.0079,0.3545,0.0184,0.2454,0.0249,0.3936,8.538,0.0,LogisticRegression,0.9988428727074541,0.998650013210739,0.9988428727074541,0.9987464228377767,0.9987464228377767,0.9987464228377767,0.9982643818044693,0.9987464228377767,0.9987464228377767
visualizing_soil,easting,8641.0,0.0494,0.7144,-0.004,1.56,0.7369,0.7244,0.4293,0.1932,-1.0956,0.3635,0.7363,0.0079,0.3545,0.0184,0.2454,0.0249,0.3936,8.538,0.0,KNN,0.9947936855761763,0.9952755252284722,0.9953721915048223,0.9947937719474579,0.9949863895181378,0.9949864138923585,0.995371986103838,0.994697421251969,0.9953718771789231
visualizing_soil,easting,8641.0,0.0494,0.7144,-0.004,1.56,0.7369,0.7244,0.4293,0.1932,-1.0956,0.3635,0.7363,0.0079,0.3545,0.0184,0.2454,0.0249,0.3936,8.538,0.0,RandomForest,1.0,1.0,1.0,1.0,1.0,1.0,1.0,1.0,1.0
visualizing_soil,easting,8641.0,0.0494,0.7144,-0.004,1.56,0.7369,0.7244,0.4293,0.1932,-1.0956,0.3635,0.7363,0.0079,0.3545,0.0184,0.2454,0.0249,0.3936,8.538,0.0,AdaBoost,0.999903583372388,0.999903583372388,0.999903583372388,0.999903583372388,0.999903583372388,0.999903583372388,0.999903583372388,0.999903583372388,0.999903583372388
visualizing_soil,easting,8641.0,0.0494,0.7144,-0.004,1.56,0.7369,0.7244,0.4293,0.1932,-1.0956,0.3635,0.7363,0.0079,0.3545,0.0184,0.2454,0.0249,0.3936,8.538,0.0,SVC,0.9989393976417322,0.9988430159076089,0.9990357845056322,0.9987465864525418,0.9987465864525418,0.9987465864525418,0.9990358484866202,0.9990357845056322,0.99865015245229
visualizing_soil,resistivity,8641.0,0.5079,0.8046,0.89,165.63,50.4933,46.92,28.8673,0.5819,-0.007,19.295,41.8525,0.0107,0.3741,0.0068,0.2638,0.0018,0.4176,8.0627,0.0,DecisionTree,0.999903583372388,0.999903583372388,0.999903583372388,0.999903583372388,0.999903583372388,0.999903583372388,0.999903583372388,0.999903583372388,0.999903583372388
visualizing_soil,resistivity,8641.0,0.5079,0.8046,0.89,165.63,50.4933,46.92,28.8673,0.5819,-0.007,19.295,41.8525,0.0107,0.3741,0.0068,0.2638,0.0018,0.4176,8.0627,0.0,LogisticRegression,0.9989392969542054,0.9987463960615395,0.9991321825109278,0.9996142943033604,0.9992285995206895,0.998650012266758,0.9985535623970806,0.9987463960615395,0.9987464365135093
visualizing_soil,resistivity,8641.0,0.5079,0.8046,0.89,165.63,50.4933,46.92,28.8673,0.5819,-0.007,19.295,41.8525,0.0107,0.3741,0.0068,0.2638,0.0018,0.4176,8.0627,0.0,KNN,0.9944076122289687,0.9953717592602931,0.9961430199330671,0.994696709966092,0.9948899803111776,0.994310846853284,0.9945036797001655,0.9920933588373504,0.99440741635882
visualizing_soil,resistivity,8641.0,0.5079,0.8046,0.89,165.63,50.4933,46.92,28.8673,0.5819,-0.007,19.295,41.8525,0.0107,0.3741,0.0068,0.2638,0.0018,0.4176,8.0627,0.0,RandomForest,1.0,1.0,1.0,1.0,1.0,1.0,1.0,1.0,1.0
visualizing_soil,resistivity,8641.0,0.5079,0.8046,0.89,165.63,50.4933,46.92,28.8673,0.5819,-0.007,19.295,41.8525,0.0107,0.3741,0.0068,0.2638,0.0018,0.4176,8.0627,0.0,AdaBoost,0.999903583372388,0.999903583372388,0.999903583372388,0.999903583372388,0.999903583372388,0.999903583372388,0.999903583372388,0.999903583372388,0.999903583372388
visualizing_soil,resistivity,8641.0,0.5079,0.8046,0.89,165.63,50.4933,46.92,28.8673,0.5819,-0.007,19.295,41.8525,0.0107,0.3741,0.0068,0.2638,0.0018,0.4176,8.0627,0.0,SVC,0.9991322141673022,0.9993250294567789,0.999614323093192,0.9995179056694032,0.999421481689992,0.9997107629153078,0.9997107401029537,0.9992286383247317,0.9988429378779904
visualizing_soil,resistivity,8641.0,0.4474,0.783,0.92,152.55,50.3883,47.07,28.9997,0.5751,-0.0184,19.14,40.925,0.0287,0.3586,0.0013,0.252,0.0132,0.4019,8.146,0.0,DecisionTree,0.999903583372388,0.999903583372388,0.999903583372388,0.999903583372388,0.999903583372388,0.999903583372388,0.999903583372388,0.999903583372388,0.999903583372388
visualizing_soil,resistivity,8641.0,0.4474,0.783,0.92,152.55,50.3883,47.07,28.9997,0.5751,-0.0184,19.14,40.925,0.0287,0.3586,0.0013,0.252,0.0132,0.4019,8.146,0.0,LogisticRegression,0.9984571527700429,0.9982643484699794,0.9990357399993534,0.999517876790488,0.9991321825109278,0.9986500134200691,0.9987464228377767,0.998360749970601,0.9987464228377767
visualizing_soil,resistivity,8641.0,0.4474,0.783,0.92,152.55,50.3883,47.07,28.9997,0.5751,-0.0184,19.14,40.925,0.0287,0.3586,0.0013,0.252,0.0132,0.4019,8.146,0.0,KNN,0.9971077103454145,0.9973005229250385,0.9966253735116046,0.9968182775496439,0.9977825866785031,0.9967220724180046,0.9967219395662508,0.9941177988519874,0.9972039972981754
visualizing_soil,resistivity,8641.0,0.4474,0.783,0.92,152.55,50.3883,47.07,28.9997,0.5751,-0.0184,19.14,40.925,0.0287,0.3586,0.0013,0.252,0.0132,0.4019,8.146,0.0,RandomForest,1.0,1.0,1.0,1.0,1.0,1.0,1.0,1.0,1.0
visualizing_soil,resistivity,8641.0,0.4474,0.783,0.92,152.55,50.3883,47.07,28.9997,0.5751,-0.0184,19.14,40.925,0.0287,0.3586,0.0013,0.252,0.0132,0.4019,8.146,0.0,AdaBoost,0.999903583372388,0.999903583372388,0.999903583372388,0.999903583372388,0.999903583372388,0.999903583372388,0.999903583372388,0.999903583372388,0.999903583372388
visualizing_soil,resistivity,8641.0,0.4474,0.783,0.92,152.55,50.3883,47.07,28.9997,0.5751,-0.0184,19.14,40.925,0.0287,0.3586,0.0013,0.252,0.0132,0.4019,8.146,0.0,SVC,0.9997107488497541,0.9988430364264754,0.9997107400772276,0.9992286124470173,0.9994214801801813,0.999903583372388,0.9998071663626265,0.9994214859384154,0.999903583372388
visualizing_soil,resistivity,8641.0,0.3973,0.7665,0.89,166.01,50.8311,47.565,28.7847,0.5747,0.015,19.45,41.2225,0.0237,0.3626,0.0003,0.2529,0.0106,0.4051,8.2039,0.0,DecisionTree,0.999903583372388,0.999903583372388,0.999903583372388,0.999903583372388,0.999903583372388,0.999903583372388,0.999903583372388,0.999903583372388,0.999903583372388
visualizing_soil,resistivity,8641.0,0.3973,0.7665,0.89,166.01,50.8311,47.565,28.7847,0.5747,0.015,19.45,41.2225,0.0237,0.3626,0.0003,0.2529,0.0106,0.4051,8.2039,0.0,LogisticRegression,0.9985535566377326,0.9988428875364977,0.9987464228377767,0.9991321825109278,0.9991321825109278,0.9986499660554401,0.9986499660554401,0.9988428875364977,0.9987464228377767
visualizing_soil,resistivity,8641.0,0.3973,0.7665,0.89,166.01,50.8311,47.565,28.7847,0.5747,0.015,19.45,41.2225,0.0237,0.3626,0.0003,0.2529,0.0106,0.4051,8.2039,0.0,KNN,0.9942146137216297,0.9946001509185041,0.9955636659626536,0.9929611371644671,0.9945036771958464,0.993925602345456,0.9935400490428257,0.9914181016276207,0.9943110130603977
visualizing_soil,resistivity,8641.0,0.3973,0.7665,0.89,166.01,50.8311,47.565,28.7847,0.5747,0.015,19.45,41.2225,0.0237,0.3626,0.0003,0.2529,0.0106,0.4051,8.2039,0.0,RandomForest,1.0,1.0,1.0,1.0,1.0,1.0,1.0,1.0,1.0
visualizing_soil,resistivity,8641.0,0.3973,0.7665,0.89,166.01,50.8311,47.565,28.7847,0.5747,0.015,19.45,41.2225,0.0237,0.3626,0.0003,0.2529,0.0106,0.4051,8.2039,0.0,AdaBoost,0.999903583372388,0.999903583372388,0.999903583372388,0.999903583372388,0.999903583372388,0.999903583372388,0.999903583372388,0.999903583372388,0.999903583372388
visualizing_soil,resistivity,8641.0,0.3973,0.7665,0.89,166.01,50.8311,47.565,28.7847,0.5747,0.015,19.45,41.2225,0.0237,0.3626,0.0003,0.2529,0.0106,0.4051,8.2039,0.0,SVC,0.999517893030788,0.9992286218439823,0.9988428821426067,0.9990357566280512,0.9993250559334299,0.9995178922346112,0.999421472561042,0.9993250384715943,0.9992286145139109
visualizing_soil,resistivity,8641.0,0.3533,0.7518,0.92,166.01,50.8733,47.89,28.788,0.563,0.0331,19.54,40.94,0.0098,0.3588,0.0071,0.2488,0.0016,0.3986,8.2501,0.0,DecisionTree,0.999903583372388,0.999903583372388,0.999903583372388,0.999903583372388,0.999903583372388,0.999903583372388,0.999903583372388,0.999903583372388,0.999903583372388
visualizing_soil,resistivity,8641.0,0.3533,0.7518,0.92,166.01,50.8733,47.89,28.788,0.563,0.0331,19.54,40.94,0.0098,0.3588,0.0071,0.2488,0.0016,0.3986,8.2501,0.0,LogisticRegression,0.998360696193259,0.9984571056147441,0.9988428727074541,0.9991321825109278,0.9989393157526021,0.998360696193259,0.998360696193259,0.9984571056147441,0.9988429063348945
visualizing_soil,resistivity,8641.0,0.3533,0.7518,0.92,166.01,50.8733,47.89,28.788,0.563,0.0331,19.54,40.94,0.0098,0.3588,0.0071,0.2488,0.0016,0.3986,8.2501,0.0,KNN,0.9943106730083173,0.9950821597003146,0.9955639290922396,0.9944070000731113,0.9947931165124286,0.9942143795723215,0.9941178350479069,0.9934421889310309,0.9947928146791681
visualizing_soil,resistivity,8641.0,0.3533,0.7518,0.92,166.01,50.8733,47.89,28.788,0.563,0.0331,19.54,40.94,0.0098,0.3588,0.0071,0.2488,0.0016,0.3986,8.2501,0.0,RandomForest,1.0,1.0,1.0,1.0,1.0,1.0,0.9999035897568042,0.9999035897568042,1.0
visualizing_soil,resistivity,8641.0,0.3533,0.7518,0.92,166.01,50.8733,47.89,28.788,0.563,0.0331,19.54,40.94,0.0098,0.3588,0.0071,0.2488,0.0016,0.3986,8.2501,0.0,AdaBoost,0.999903583372388,0.999903583372388,0.999903583372388,0.999903583372388,0.999903583372388,0.999903583372388,0.999903583372388,0.999903583372388,0.999903583372388
visualizing_soil,resistivity,8641.0,0.3533,0.7518,0.92,166.01,50.8733,47.89,28.788,0.563,0.0331,19.54,40.94,0.0098,0.3588,0.0071,0.2488,0.0016,0.3986,8.2501,0.0,SVC,0.9992286469249574,0.9987464916985658,0.9994214814226519,0.9991321907174988,0.9995179056694032,0.9997107561487419,0.9996143387249532,0.9984571728233872,0.9995179056694032
visualizing_soil,resistivity,8641.0,0.3008,0.7403,1.01,166.01,50.8908,47.71,28.9099,0.571,-0.0114,19.44,41.465,0.0133,0.3569,0.0041,0.2481,0.0041,0.397,8.3093,0.0,DecisionTree,0.999903583372388,0.999903583372388,0.999903583372388,0.999903583372388,0.999903583372388,0.999903583372388,0.999903583372388,0.999903583372388,0.999903583372388
visualizing_soil,resistivity,8641.0,0.3008,0.7403,1.01,166.01,50.8908,47.71,28.9099,0.571,-0.0114,19.44,41.465,0.0133,0.3569,0.0041,0.2481,0.0041,0.397,8.3093,0.0,LogisticRegression,0.9985535623970806,0.9985535566377326,0.9987464228377767,0.9990357582641766,0.9988428727074541,0.9985535623970806,0.9985535623970806,0.9985535566377326,0.9986500134200691
visualizing_soil,resistivity,8641.0,0.3008,0.7403,1.01,166.01,50.8908,47.71,28.9099,0.571,-0.0114,19.44,41.465,0.0133,0.3569,0.0041,0.2481,0.0041,0.397,8.3093,0.0,KNN,0.9936355845688328,0.9945036593230903,0.9950825712657274,0.9940212441429076,0.9951782752072669,0.9933462262392144,0.9938284221864311,0.9929600635376334,0.9944070513094247
visualizing_soil,resistivity,8641.0,0.3008,0.7403,1.01,166.01,50.8908,47.71,28.9099,0.571,-0.0114,19.44,41.465,0.0133,0.3569,0.0041,0.2481,0.0041,0.397,8.3093,0.0,RandomForest,1.0,0.999903583372388,1.0,1.0,1.0,1.0,1.0,1.0,1.0
visualizing_soil,resistivity,8641.0,0.3008,0.7403,1.01,166.01,50.8908,47.71,28.9099,0.571,-0.0114,19.44,41.465,0.0133,0.3569,0.0041,0.2481,0.0041,0.397,8.3093,0.0,AdaBoost,0.999903583372388,0.999903583372388,0.999903583372388,0.999903583372388,0.999903583372388,0.999903583372388,0.999903583372388,0.999903583372388,0.999903583372388
visualizing_soil,resistivity,8641.0,0.3008,0.7403,1.01,166.01,50.8908,47.71,28.9099,0.571,-0.0114,19.44,41.465,0.0133,0.3569,0.0041,0.2481,0.0041,0.397,8.3093,0.0,SVC,0.9990357676175188,0.9993250402704729,0.9988428989709925,0.9990357622750441,0.9989393286313277,0.9994214756069992,0.9996143105436603,0.9992286145139109,0.9990357622750441
visualizing_soil,resistivity,8641.0,0.2589,0.7299,0.89,166.01,50.8611,48.02,28.7329,0.5592,-0.0032,19.57,41.2,0.0196,0.3667,0.0016,0.2556,0.0082,0.4079,8.3508,0.0,DecisionTree,0.999903583372388,0.999903583372388,0.999903583372388,0.999903583372388,0.999903583372388,0.999903583372388,0.999903583372388,0.999903583372388,0.999903583372388
visualizing_soil,resistivity,8641.0,0.2589,0.7299,0.89,166.01,50.8611,48.02,28.7329,0.5592,-0.0032,19.57,41.2,0.0196,0.3667,0.0016,0.2556,0.0082,0.4079,8.3508,0.0,LogisticRegression,0.9989393152190286,0.998650012266758,0.9988428727074541,0.9992285995206895,0.9992285995206895,0.9990357394657798,0.9990357394657798,0.998650012266758,0.9991321825109278
visualizing_soil,resistivity,8641.0,0.2589,0.7299,0.89,166.01,50.8611,48.02,28.7329,0.5592,-0.0032,19.57,41.2,0.0196,0.3667,0.0016,0.2556,0.0082,0.4079,8.3508,0.0,KNN,0.9946003187209809,0.9956609559118814,0.9943110165053899,0.9946000161006615,0.994889608295104,0.9942142068990685,0.9940214463940641,0.9941178060250359,0.9940213965050593
visualizing_soil,resistivity,8641.0,0.2589,0.7299,0.89,166.01,50.8611,48.02,28.7329,0.5592,-0.0032,19.57,41.2,0.0196,0.3667,0.0016,0.2556,0.0082,0.4079,8.3508,0.0,RandomForest,1.0,1.0,1.0,1.0,1.0,1.0,0.9999035897568042,0.9999035897568042,1.0
visualizing_soil,resistivity,8641.0,0.2589,0.7299,0.89,166.01,50.8611,48.02,28.7329,0.5592,-0.0032,19.57,41.2,0.0196,0.3667,0.0016,0.2556,0.0082,0.4079,8.3508,0.0,AdaBoost,0.999903583372388,0.999903583372388,0.999903583372388,0.999903583372388,0.999903583372388,0.999903583372388,0.999903583372388,0.999903583372388,0.999903583372388
visualizing_soil,resistivity,8641.0,0.2589,0.7299,0.89,166.01,50.8611,48.02,28.7329,0.5592,-0.0032,19.57,41.2,0.0196,0.3667,0.0016,0.2556,0.0082,0.4079,8.3508,0.0,SVC,0.9993250815750068,0.9994215113803462,0.9992286145139109,0.9990357651002859,0.9997107488497541,0.9991322462911089,0.99893942300156,0.9994214969653296,0.9995179015030227
visualizing_soil,resistivity,8641.0,0.203,0.7186,0.89,166.01,51.1555,48.15,28.8555,0.5643,0.0269,19.6,41.535,0.0149,0.3459,0.0059,0.2379,0.0,0.3841,8.4025,0.0,DecisionTree,0.999903583372388,0.999903583372388,0.999903583372388,0.999903583372388,0.999903583372388,0.999903583372388,0.999903583372388,0.999903583372388,0.999903583372388
visualizing_soil,resistivity,8641.0,0.203,0.7186,0.89,166.01,51.1555,48.15,28.8555,0.5643,0.0269,19.6,41.535,0.0149,0.3459,0.0059,0.2379,0.0,0.3841,8.4025,0.0,LogisticRegression,0.9984571056147441,0.9985536037930314,0.9988428727074541,0.9988428727074541,0.9988428727074541,0.9984571056147441,0.9984571056147441,0.9985535566377326,0.9986499718147882
visualizing_soil,resistivity,8641.0,0.203,0.7186,0.89,166.01,51.1555,48.15,28.8555,0.5643,0.0269,19.6,41.535,0.0149,0.3459,0.0059,0.2379,0.0,0.3841,8.4025,0.0,KNN,0.9949860044613854,0.9957575521004152,0.995950674361007,0.9948893260907967,0.9953718173178816,0.9950823742255291,0.9952754723967425,0.994407616296769,0.994696910263718
visualizing_soil,resistivity,8641.0,0.203,0.7186,0.89,166.01,51.1555,48.15,28.8555,0.5643,0.0269,19.6,41.535,0.0149,0.3459,0.0059,0.2379,0.0,0.3841,8.4025,0.0,RandomForest,1.0,1.0,1.0,1.0,1.0,1.0,1.0,1.0,1.0
visualizing_soil,resistivity,8641.0,0.203,0.7186,0.89,166.01,51.1555,48.15,28.8555,0.5643,0.0269,19.6,41.535,0.0149,0.3459,0.0059,0.2379,0.0,0.3841,8.4025,0.0,AdaBoost,0.999903583372388,0.999903583372388,0.999903583372388,0.999903583372388,0.999903583372388,0.999903583372388,0.999903583372388,0.999903583372388,0.999903583372388
visualizing_soil,resistivity,8641.0,0.203,0.7186,0.89,166.01,51.1555,48.15,28.8555,0.5643,0.0269,19.6,41.535,0.0149,0.3459,0.0059,0.2379,0.0,0.3841,8.4025,0.0,SVC,0.9992286229907537,0.9990357690836672,0.9990357671717875,0.9992286328334499,0.9991321987440023,0.9992286274198661,0.9992286274198661,0.9987465081527237,0.9993250570802013
visualizing_soil,resistivity,8641.0,0.1486,0.6978,0.89,166.01,50.743,47.75,28.6726,0.568,0.0061,19.32,40.93,0.0178,0.3559,0.0024,0.2484,0.0066,0.3974,8.4335,0.0,DecisionTree,0.999903583372388,0.999903583372388,0.999903583372388,0.999903583372388,0.999903583372388,0.999903583372388,0.999903583372388,0.999903583372388,0.999903583372388
visualizing_soil,resistivity,8641.0,0.1486,0.6978,0.89,166.01,50.743,47.75,28.6726,0.568,0.0061,19.32,40.93,0.0178,0.3559,0.0024,0.2484,0.0066,0.3974,8.4335,0.0,LogisticRegression,0.9985535566377326,0.9986499718147882,0.9987464228377767,0.9991321825109278,0.9990357582641766,0.9984571472162475,0.998360696193259,0.9987464228377767,0.9986500134200691
visualizing_soil,resistivity,8641.0,0.1486,0.6978,0.89,166.01,50.743,47.75,28.6726,0.568,0.0061,19.32,40.93,0.0178,0.3559,0.0024,0.2484,0.0066,0.3974,8.4335,0.0,KNN,0.9945999993853898,0.9945999090058459,0.9950823091788439,0.9945998301976544,0.9943103398159798,0.9943110303114545,0.9946000637559452,0.9940209662435178,0.9942138049324947
visualizing_soil,resistivity,8641.0,0.1486,0.6978,0.89,166.01,50.743,47.75,28.6726,0.568,0.0061,19.32,40.93,0.0178,0.3559,0.0024,0.2484,0.0066,0.3974,8.4335,0.0,RandomForest,1.0,1.0,1.0,1.0,1.0,1.0,0.9999035897568042,1.0,1.0
visualizing_soil,resistivity,8641.0,0.1486,0.6978,0.89,166.01,50.743,47.75,28.6726,0.568,0.0061,19.32,40.93,0.0178,0.3559,0.0024,0.2484,0.0066,0.3974,8.4335,0.0,AdaBoost,0.999903583372388,0.999903583372388,0.999903583372388,0.999903583372388,0.999903583372388,0.999903583372388,0.999903583372388,0.999903583372388,0.999903583372388
visualizing_soil,resistivity,8641.0,0.1486,0.6978,0.89,166.01,50.743,47.75,28.6726,0.568,0.0061,19.32,40.93,0.0178,0.3559,0.0024,0.2484,0.0066,0.3974,8.4335,0.0,SVC,0.9991321694851034,0.9990357570217059,0.9991322031731149,0.9994214801801813,0.9991321987440023,0.9991321926610095,0.9991321804244632,0.9985535826265589,0.9992286242332242
visualizing_soil,resistivity,8641.0,0.0937,0.6852,0.89,166.01,50.9792,47.88,28.8686,0.5646,-0.0035,19.59,41.525,0.0114,0.36,0.0081,0.2499,0.002,0.3995,8.4721,0.0,DecisionTree,0.999903583372388,0.999903583372388,0.999903583372388,0.999903583372388,0.999903583372388,0.999903583372388,0.999903583372388,0.999903583372388,0.999903583372388
visualizing_soil,resistivity,8641.0,0.0937,0.6852,0.89,166.01,50.9792,47.88,28.8686,0.5646,-0.0035,19.59,41.525,0.0114,0.36,0.0081,0.2499,0.002,0.3995,8.4721,0.0,LogisticRegression,0.9988428727074541,0.9990357582641766,0.9988428727074541,0.9989393157526021,0.9989393157526021,0.9988428727074541,0.9988428727074541,0.9990357582641766,0.9988428727074541
visualizing_soil,resistivity,8641.0,0.0937,0.6852,0.89,166.01,50.9792,47.88,28.8686,0.5646,-0.0035,19.59,41.525,0.0114,0.36,0.0081,0.2499,0.002,0.3995,8.4721,0.0,KNN,0.9942146506950742,0.9947929149467146,0.9947934726540679,0.9942150655945954,0.9948898103870479,0.9945041980912332,0.9948896894981778,0.9943110165479743,0.9943110165479743
visualizing_soil,resistivity,8641.0,0.0937,0.6852,0.89,166.01,50.9792,47.88,28.8686,0.5646,-0.0035,19.59,41.525,0.0114,0.36,0.0081,0.2499,0.002,0.3995,8.4721,0.0,RandomForest,1.0,1.0,1.0,1.0,1.0,1.0,0.9999035897568042,1.0,1.0
visualizing_soil,resistivity,8641.0,0.0937,0.6852,0.89,166.01,50.9792,47.88,28.8686,0.5646,-0.0035,19.59,41.525,0.0114,0.36,0.0081,0.2499,0.002,0.3995,8.4721,0.0,AdaBoost,0.999903583372388,0.999903583372388,0.999903583372388,0.999903583372388,0.999903583372388,0.999903583372388,0.999903583372388,0.999903583372388,0.999903583372388
visualizing_soil,resistivity,8641.0,0.0937,0.6852,0.89,166.01,50.9792,47.88,28.8686,0.5646,-0.0035,19.59,41.525,0.0114,0.36,0.0081,0.2499,0.002,0.3995,8.4721,0.0,SVC,0.9990358069109149,0.9985535727741616,0.9992286274198661,0.9992286218439823,0.9993250559334299,0.9987464921292146,0.9988429178857767,0.9987464619804196,0.9991322012612351
visualizing_soil,resistivity,8641.0,0.0478,0.6729,0.89,165.63,50.8854,47.885,28.7699,0.55,-0.0413,19.47,41.35,0.0211,0.3548,0.0022,0.2446,0.0063,0.3929,8.5,0.0,DecisionTree,0.999903583372388,0.999903583372388,0.999903583372388,0.999903583372388,0.999903583372388,0.999903583372388,0.999903583372388,0.999903583372388,0.999903583372388
visualizing_soil,resistivity,8641.0,0.0478,0.6729,0.89,165.63,50.8854,47.885,28.7699,0.55,-0.0413,19.47,41.35,0.0211,0.3548,0.0022,0.2446,0.0063,0.3929,8.5,0.0,LogisticRegression,0.9986500134200691,0.9985535623970806,0.9987464228377767,0.9988428727074541,0.9987464228377767,0.9986500134200691,0.9986500134200691,0.9986500134200691,0.9987464228377767
visualizing_soil,resistivity,8641.0,0.0478,0.6729,0.89,165.63,50.8854,47.885,28.7699,0.55,-0.0413,19.47,41.35,0.0211,0.3548,0.0022,0.2446,0.0063,0.3929,8.5,0.0,KNN,0.9955648104362279,0.995564636097146,0.9958539803968216,0.9957576525470397,0.9958539466396028,0.9954683485215023,0.9958541112783607,0.9956610022354011,0.9959504862662997
visualizing_soil,resistivity,8641.0,0.0478,0.6729,0.89,165.63,50.8854,47.885,28.7699,0.55,-0.0413,19.47,41.35,0.0211,0.3548,0.0022,0.2446,0.0063,0.3929,8.5,0.0,RandomForest,1.0,1.0,1.0,1.0,1.0,1.0,1.0,1.0,1.0
visualizing_soil,resistivity,8641.0,0.0478,0.6729,0.89,165.63,50.8854,47.885,28.7699,0.55,-0.0413,19.47,41.35,0.0211,0.3548,0.0022,0.2446,0.0063,0.3929,8.5,0.0,AdaBoost,0.999903583372388,0.999903583372388,0.999903583372388,0.999903583372388,0.999903583372388,0.999903583372388,0.999903583372388,0.999903583372388,0.999903583372388
visualizing_soil,resistivity,8641.0,0.0478,0.6729,0.89,165.63,50.8854,47.885,28.7699,0.55,-0.0413,19.47,41.35,0.0211,0.3548,0.0022,0.2446,0.0063,0.3929,8.5,0.0,SVC,0.9987464520365404,0.9989393335280712,0.9988428985252613,0.9989393281855964,0.9989393375114525,0.9988428985252613,0.9988428985252613,0.9986500105949552,0.9988428985252613
