name,column_name,n_tuples,missing_perc,uniqueness,min,max,mean,median,std,skewness,kurtosis,mad,iqr,p_min,p_max,k_min,k_max,s_min,s_max,entropy,density,ml_algorithm,impute_standard,impute_mean,impute_median,impute_random,impute_knn,impute_mice,impute_linear_regression,impute_random_forest,impute_cmeans
mv,x4,40768.0,0.4996,0.9779,-7.4998,2.4986,-4.38,-5.7212,3.0317,0.9644,-0.6134,1.0553,4.941,0.0167,0.7051,0.0083,0.5053,0.0124,0.6693,9.8925,0.0,DecisionTree,0.9520444382659674,0.9474812881123257,0.9520663964084599,0.9520444382659674,0.951801142117488,0.9519621021230168,0.9520272955506393,0.9520901175771579,0.9520444382659674
mv,x4,40768.0,0.4996,0.9779,-7.4998,2.4986,-4.38,-5.7212,3.0317,0.9644,-0.6134,1.0553,4.941,0.0167,0.7051,0.0083,0.5053,0.0124,0.6693,9.8925,0.0,LogisticRegression,0.9497158465991451,0.9483873643320653,0.9498172404431295,0.9498979679341284,0.9499392856338124,0.9493864323967298,0.9500427014506928,0.94947292216545,0.9499199385273731
mv,x4,40768.0,0.4996,0.9779,-7.4998,2.4986,-4.38,-5.7212,3.0317,0.9644,-0.6134,1.0553,4.941,0.0167,0.7051,0.0083,0.5053,0.0124,0.6693,9.8925,0.0,KNN,0.9504733242957156,0.9485361870836433,0.9491055700559962,0.949131965375599,0.9492952087479885,0.9507876539102642,0.9504362918457109,0.9490213447647605,0.9496238437667166
mv,x4,40768.0,0.4996,0.9779,-7.4998,2.4986,-4.38,-5.7212,3.0317,0.9644,-0.6134,1.0553,4.941,0.0167,0.7051,0.0083,0.5053,0.0124,0.6693,9.8925,0.0,RandomForest,0.9527269730131145,0.951027410830257,0.9522548585810119,0.9522019950361503,0.9522809233911314,0.9519645278557898,0.9523856145468901,0.9526493935587848,0.9521232624145135
mv,x4,40768.0,0.4996,0.9779,-7.4998,2.4986,-4.38,-5.7212,3.0317,0.9644,-0.6134,1.0553,4.941,0.0167,0.7051,0.0083,0.5053,0.0124,0.6693,9.8925,0.0,AdaBoost,0.9520419853793696,0.9492779913705811,0.9516133947590688,0.9521324353378775,0.9520252043855821,0.9520333682183412,0.9522546790365647,0.9522448539424739,0.9519422822061342
mv,x4,40768.0,0.4996,0.9779,-7.4998,2.4986,-4.38,-5.7212,3.0317,0.9644,-0.6134,1.0553,4.941,0.0167,0.7051,0.0083,0.5053,0.0124,0.6693,9.8925,0.0,SVC,0.9141138907101343,0.9075598790551995,0.9270004714798644,0.9272925955091353,0.9273004624513016,0.918615778200284,0.9149290240491441,0.9115621680788895,0.9273036793506327
mv,x4,40768.0,0.4503,0.9772,-7.4999,2.4997,-4.3868,-5.7223,3.0273,0.9723,-0.5959,1.0481,4.8812,0.0055,0.702,0.003,0.4996,0.0046,0.6634,9.9855,0.0,DecisionTree,0.9529065995990382,0.9499146728987429,0.9527262998047166,0.9528664960100646,0.9528870388648729,0.9529065995990382,0.9524172826599618,0.9527461363904525,0.9528870411589054
mv,x4,40768.0,0.4503,0.9772,-7.4999,2.4997,-4.3868,-5.7223,3.0273,0.9723,-0.5959,1.0481,4.8812,0.0055,0.702,0.003,0.4996,0.0046,0.6634,9.9855,0.0,LogisticRegression,0.9495935837005743,0.9478148934833244,0.9503313937637194,0.950000675446396,0.9501036213961789,0.9496961297947462,0.949861945880906,0.949022905972664,0.9500016104815225
mv,x4,40768.0,0.4503,0.9772,-7.4999,2.4997,-4.3868,-5.7223,3.0273,0.9723,-0.5959,1.0481,4.8812,0.0055,0.702,0.003,0.4996,0.0046,0.6634,9.9855,0.0,KNN,0.9503897242399256,0.9489810962688344,0.9493369981940794,0.9498865223731493,0.9494732157271115,0.9502283964632428,0.9502124231875366,0.9492885225186716,0.9498663404380668
mv,x4,40768.0,0.4503,0.9772,-7.4999,2.4997,-4.3868,-5.7223,3.0273,0.9723,-0.5959,1.0481,4.8812,0.0055,0.702,0.003,0.4996,0.0046,0.6634,9.9855,0.0,RandomForest,0.9539707569422362,0.9535098656433904,0.9523625433432694,0.9534213659890992,0.9527646568907705,0.9536582852434353,0.953996197475394,0.9534333710554903,0.9535712418069349
mv,x4,40768.0,0.4503,0.9772,-7.4999,2.4997,-4.3868,-5.7223,3.0273,0.9723,-0.5959,1.0481,4.8812,0.0055,0.702,0.003,0.4996,0.0046,0.6634,9.9855,0.0,AdaBoost,0.9527206117919982,0.9503704845283212,0.9524102036395283,0.952569551754285,0.9528475621860248,0.9527111579916065,0.9529279440822142,0.9528224740447505,0.9529006830237496
mv,x4,40768.0,0.4503,0.9772,-7.4999,2.4997,-4.3868,-5.7223,3.0273,0.9723,-0.5959,1.0481,4.8812,0.0055,0.702,0.003,0.4996,0.0046,0.6634,9.9855,0.0,SVC,0.9151174055481024,0.9075470476340743,0.9264852186536496,0.9265580731088592,0.9268920678042392,0.9183475504288963,0.9166835771241455,0.9135436618769298,0.9263935536941278
mv,x4,40768.0,0.3989,0.9742,-7.4995,2.4997,-4.3946,-5.7259,3.021,0.976,-0.5834,1.0498,4.8697,0.0122,0.7011,0.0081,0.5006,0.0122,0.6639,10.0704,0.0,DecisionTree,0.9530338736538391,0.9502042203210418,0.9528720982080535,0.9528923069490769,0.9530359041984832,0.9529101706310643,0.9525514678256499,0.9530372432860267,0.952690637734268
mv,x4,40768.0,0.3989,0.9742,-7.4995,2.4997,-4.3946,-5.7259,3.021,0.976,-0.5834,1.0498,4.8697,0.0122,0.7011,0.0081,0.5006,0.0122,0.6639,10.0704,0.0,LogisticRegression,0.9505316761158633,0.9486671548033687,0.9504905910641286,0.950776688753418,0.9509239791675911,0.9502629449085525,0.9507560987565564,0.9501630429537277,0.9509012156929368
mv,x4,40768.0,0.3989,0.9742,-7.4995,2.4997,-4.3946,-5.7259,3.021,0.976,-0.5834,1.0498,4.8697,0.0122,0.7011,0.0081,0.5006,0.0122,0.6639,10.0704,0.0,KNN,0.9508061315651916,0.9492274049427759,0.9498070473877391,0.9499881830189711,0.95025261268903,0.9505773281014278,0.9507038430214364,0.9498217905659272,0.9497663426199128
mv,x4,40768.0,0.3989,0.9742,-7.4995,2.4997,-4.3946,-5.7259,3.021,0.976,-0.5834,1.0498,4.8697,0.0122,0.7011,0.0081,0.5006,0.0122,0.6639,10.0704,0.0,RandomForest,0.9546139810180858,0.9536647316260177,0.9534785526459407,0.9541950946306624,0.9539237727426244,0.9537649349961109,0.9538879033447278,0.9542445590516146,0.9539195907817507
mv,x4,40768.0,0.3989,0.9742,-7.4995,2.4997,-4.3946,-5.7259,3.021,0.976,-0.5834,1.0498,4.8697,0.0122,0.7011,0.0081,0.5006,0.0122,0.6639,10.0704,0.0,AdaBoost,0.9532456728575079,0.9505050539952542,0.9533494695270862,0.9534902190675026,0.9534486751446016,0.9532554887843496,0.9531579665965773,0.9530801869955022,0.9536207581535284
mv,x4,40768.0,0.3989,0.9742,-7.4995,2.4997,-4.3946,-5.7259,3.021,0.976,-0.5834,1.0498,4.8697,0.0122,0.7011,0.0081,0.5006,0.0122,0.6639,10.0704,0.0,SVC,0.9161589843913913,0.9092022384452524,0.924388174194032,0.9251636061562034,0.9251459949229488,0.9191211433297924,0.9165027069249237,0.9142955548804859,0.9250923066928678
mv,x4,40768.0,0.3503,0.9713,-7.4999,2.4997,-4.3989,-5.7347,3.0272,0.9748,-0.5875,1.0431,4.8892,0.0023,0.7012,0.0027,0.5006,0.004,0.6639,10.1441,0.0,DecisionTree,0.9529913141954306,0.9504704035336367,0.9529919888878599,0.9529913141954306,0.9528699800042947,0.9529913141954306,0.9525741975734575,0.9528312385772476,0.9529104154022563
mv,x4,40768.0,0.3503,0.9713,-7.4999,2.4997,-4.3989,-5.7347,3.0272,0.9748,-0.5875,1.0431,4.8892,0.0023,0.7012,0.0027,0.5006,0.004,0.6639,10.1441,0.0,LogisticRegression,0.9509010307896664,0.9494114954537303,0.950958906645708,0.9510369889283499,0.9509586035792086,0.9505948240324006,0.9510212808233574,0.9508357131333068,0.9512015314516146
mv,x4,40768.0,0.3503,0.9713,-7.4999,2.4997,-4.3989,-5.7347,3.0272,0.9748,-0.5875,1.0431,4.8892,0.0023,0.7012,0.0027,0.5006,0.004,0.6639,10.1441,0.0,KNN,0.9519125725841484,0.950349522973148,0.9514531182460069,0.9514179132604148,0.9508112823916037,0.9510778988764237,0.9520140939234399,0.9503763238133737,0.9513751462593776
mv,x4,40768.0,0.3503,0.9713,-7.4999,2.4997,-4.3989,-5.7347,3.0272,0.9748,-0.5875,1.0431,4.8892,0.0023,0.7012,0.0027,0.5006,0.004,0.6639,10.1441,0.0,RandomForest,0.9546775112008241,0.9541900321981209,0.9543751777766085,0.9543912520580202,0.9543031174042332,0.9546045275216714,0.9541340520236952,0.953353242035019,0.95451277576687
mv,x4,40768.0,0.3503,0.9713,-7.4999,2.4997,-4.3989,-5.7347,3.0272,0.9748,-0.5875,1.0431,4.8892,0.0023,0.7012,0.0027,0.5006,0.004,0.6639,10.1441,0.0,AdaBoost,0.9532166419523725,0.9522393394446663,0.9529400424800929,0.9531056785720289,0.9531958751384197,0.9532698974662238,0.9530386789606935,0.9530161629914748,0.9528535560205184
mv,x4,40768.0,0.3503,0.9713,-7.4999,2.4997,-4.3989,-5.7347,3.0272,0.9748,-0.5875,1.0431,4.8892,0.0023,0.7012,0.0027,0.5006,0.004,0.6639,10.1441,0.0,SVC,0.9166832365962656,0.9089564159591901,0.9244151099440185,0.9239301549257359,0.9238204173397991,0.9183616049067602,0.9187072463034448,0.9148648725389339,0.9238591979529651
mv,x4,40768.0,0.299,0.9696,-7.4999,2.4986,-4.3973,-5.7322,3.0268,0.9749,-0.5851,1.0508,4.8814,0.0036,0.7019,0.0048,0.5015,0.0072,0.665,10.2176,0.0,DecisionTree,0.9542027668556622,0.9510535440109952,0.9542236324043879,0.9541825280444561,0.9542027668556622,0.9542027668556622,0.9542027668556622,0.9541022708587867,0.9542027668556622
mv,x4,40768.0,0.299,0.9696,-7.4999,2.4986,-4.3973,-5.7322,3.0268,0.9749,-0.5851,1.0508,4.8814,0.0036,0.7019,0.0048,0.5015,0.0072,0.665,10.2176,0.0,LogisticRegression,0.9509447434698591,0.9498000179477983,0.9511255204270811,0.9512471353663616,0.9512466897114122,0.9509860448830989,0.9515557967626431,0.9507987686680719,0.9512450276168702
mv,x4,40768.0,0.299,0.9696,-7.4999,2.4986,-4.3973,-5.7322,3.0268,0.9749,-0.5851,1.0508,4.8814,0.0036,0.7019,0.0048,0.5015,0.0072,0.665,10.2176,0.0,KNN,0.9516573373278194,0.950722267982642,0.9511284632817198,0.951702302692647,0.9514745736327554,0.9518828237993898,0.9520231484457593,0.9517055305410238,0.9520502616404608
mv,x4,40768.0,0.299,0.9696,-7.4999,2.4986,-4.3973,-5.7322,3.0268,0.9749,-0.5851,1.0508,4.8814,0.0036,0.7019,0.0048,0.5015,0.0072,0.665,10.2176,0.0,RandomForest,0.9553596682720578,0.9555281613990629,0.955932717738765,0.9553733408390723,0.955540035874769,0.9548342253021438,0.9555262165706849,0.9556139284092777,0.955151858020177
mv,x4,40768.0,0.299,0.9696,-7.4999,2.4986,-4.3973,-5.7322,3.0268,0.9749,-0.5851,1.0508,4.8814,0.0036,0.7019,0.0048,0.5015,0.0072,0.665,10.2176,0.0,AdaBoost,0.9543495280450203,0.9527042614862604,0.9540147785643764,0.95438782659483,0.9541378284628901,0.9548122660094046,0.9542992152722982,0.9543749808313253,0.9543557599292609
mv,x4,40768.0,0.299,0.9696,-7.4999,2.4986,-4.3973,-5.7322,3.0268,0.9749,-0.5851,1.0508,4.8814,0.0036,0.7019,0.0048,0.5015,0.0072,0.665,10.2176,0.0,SVC,0.9181393761702014,0.9110767338377104,0.9214882843281167,0.9221314115127105,0.9223479360715688,0.9179275847454657,0.9183698238789771,0.9180048716282944,0.9222761868529357
mv,x4,40768.0,0.2513,0.9674,-7.4998,2.4997,-4.3908,-5.7232,3.0257,0.9718,-0.5944,1.0518,4.881,0.0103,0.6999,0.0071,0.4994,0.0106,0.6623,10.2804,0.0,DecisionTree,0.9546165002120345,0.9517851032875005,0.9546165002120345,0.9545380760312538,0.9546594944209345,0.9546165002120345,0.9531533721814456,0.95437569532055,0.9545962741815192
mv,x4,40768.0,0.2513,0.9674,-7.4998,2.4997,-4.3908,-5.7232,3.0257,0.9718,-0.5944,1.0518,4.881,0.0103,0.6999,0.0071,0.4994,0.0106,0.6623,10.2804,0.0,LogisticRegression,0.9516783645883223,0.950002518566159,0.9515897292741315,0.9518382110805022,0.9517347981989096,0.9513547887913224,0.952045281719808,0.9512919982306908,0.951797313169207
mv,x4,40768.0,0.2513,0.9674,-7.4998,2.4997,-4.3908,-5.7232,3.0257,0.9718,-0.5944,1.0518,4.881,0.0103,0.6999,0.0071,0.4994,0.0106,0.6623,10.2804,0.0,KNN,0.952511190639014,0.9503077682207741,0.9509503341496597,0.9515232903223534,0.9515611222382707,0.9522243296371398,0.952778874732789,0.9525099438588616,0.9511335099247785
mv,x4,40768.0,0.2513,0.9674,-7.4998,2.4997,-4.3908,-5.7232,3.0257,0.9718,-0.5944,1.0518,4.881,0.0103,0.6999,0.0071,0.4994,0.0106,0.6623,10.2804,0.0,RandomForest,0.9560222379341554,0.9550177120207319,0.9558656057455327,0.9556132482683243,0.955738381039597,0.9555390441953188,0.9561176471123538,0.9554313025955761,0.955575250545094
mv,x4,40768.0,0.2513,0.9674,-7.4998,2.4997,-4.3908,-5.7232,3.0257,0.9718,-0.5944,1.0518,4.881,0.0103,0.6999,0.0071,0.4994,0.0106,0.6623,10.2804,0.0,AdaBoost,0.9553283432773375,0.9536214321792923,0.9553610100266512,0.9551327978812139,0.954683121920822,0.9548938219801326,0.9553977732353908,0.9548706830586792,0.9550340113317946
mv,x4,40768.0,0.2513,0.9674,-7.4998,2.4997,-4.3908,-5.7232,3.0257,0.9718,-0.5944,1.0518,4.881,0.0103,0.6999,0.0071,0.4994,0.0106,0.6623,10.2804,0.0,SVC,0.919495869731406,0.9117947503226635,0.922173157420402,0.9225422242024279,0.9224597207148679,0.9187726513066603,0.9199836876217449,0.9184675990248428,0.9227549681907724
mv,x4,40768.0,0.203,0.9657,-7.4999,2.4997,-4.3847,-5.7237,3.0286,0.9652,-0.6077,1.0595,4.901,0.0067,0.7021,0.0043,0.4999,0.0065,0.6629,10.3405,0.0,DecisionTree,0.955666153198262,0.9526924282921478,0.9555490818047416,0.9554264864397521,0.9556060890742639,0.9555840103426725,0.9557075191405461,0.9556287774084906,0.9555070824590393
mv,x4,40768.0,0.203,0.9657,-7.4999,2.4997,-4.3847,-5.7237,3.0286,0.9652,-0.6077,1.0595,4.901,0.0067,0.7021,0.0043,0.4999,0.0065,0.6629,10.3405,0.0,LogisticRegression,0.9521935767834512,0.9504731551096767,0.9523100567317505,0.9524737272280095,0.9524737656161713,0.9520700619794719,0.9522936534734565,0.9517413709923297,0.9525349525477338
mv,x4,40768.0,0.203,0.9657,-7.4999,2.4997,-4.3847,-5.7237,3.0286,0.9652,-0.6077,1.0595,4.901,0.0067,0.7021,0.0043,0.4999,0.0065,0.6629,10.3405,0.0,KNN,0.9529479688450835,0.9505390867737171,0.9522487066295062,0.9520888733091586,0.9522571376643614,0.9525152448602685,0.9531495491141783,0.9528618721737668,0.9518473157071216
mv,x4,40768.0,0.203,0.9657,-7.4999,2.4997,-4.3847,-5.7237,3.0286,0.9652,-0.6077,1.0595,4.901,0.0067,0.7021,0.0043,0.4999,0.0065,0.6629,10.3405,0.0,RandomForest,0.9571660985424824,0.9556411048459865,0.9563419476870825,0.9564962940841666,0.9566167894101891,0.9565318843337937,0.957112994078799,0.9571067659312937,0.9567828064668357
mv,x4,40768.0,0.203,0.9657,-7.4999,2.4997,-4.3847,-5.7237,3.0286,0.9652,-0.6077,1.0595,4.901,0.0067,0.7021,0.0043,0.4999,0.0065,0.6629,10.3405,0.0,AdaBoost,0.9554902984504138,0.9535985670689595,0.9562468573903693,0.9559222815474757,0.9559248707123328,0.9557345650001023,0.9554013243600818,0.9552068206811897,0.9555483222296416
mv,x4,40768.0,0.203,0.9657,-7.4999,2.4997,-4.3847,-5.7237,3.0286,0.9652,-0.6077,1.0595,4.901,0.0067,0.7021,0.0043,0.4999,0.0065,0.6629,10.3405,0.0,SVC,0.9205656299311905,0.9135219477746143,0.9217375952835285,0.9217730314679321,0.9218582027015325,0.9189755502448343,0.9210078453823194,0.9199571610697717,0.9217170693154038
mv,x4,40768.0,0.1497,0.9631,-7.4999,2.4997,-4.401,-5.7307,3.0208,0.9769,-0.5789,1.045,4.8679,0.005,0.7001,0.0041,0.4979,0.0062,0.6607,10.4016,0.0,DecisionTree,0.9558322804844613,0.9527285584414313,0.9557918224648014,0.9558322804844613,0.9558322804844613,0.9558322804844613,0.9558322804844613,0.9557526186371983,0.9558322804844613
mv,x4,40768.0,0.1497,0.9631,-7.4999,2.4997,-4.401,-5.7307,3.0208,0.9769,-0.5789,1.045,4.8679,0.005,0.7001,0.0041,0.4979,0.0062,0.6607,10.4016,0.0,LogisticRegression,0.9523093846722126,0.9510015127285399,0.9524511880052449,0.952328000140233,0.9524094073221426,0.9520026533635457,0.9522477927551745,0.9519445091873087,0.9524499601934924
mv,x4,40768.0,0.1497,0.9631,-7.4999,2.4997,-4.401,-5.7307,3.0208,0.9769,-0.5789,1.045,4.8679,0.005,0.7001,0.0041,0.4979,0.0062,0.6607,10.4016,0.0,KNN,0.9538429415113424,0.9521627594264528,0.9538004933076673,0.9541325290452132,0.9546846628834345,0.9536368742690541,0.9539850015502387,0.9538275914897317,0.9541118090452075
mv,x4,40768.0,0.1497,0.9631,-7.4999,2.4997,-4.401,-5.7307,3.0208,0.9769,-0.5789,1.045,4.8679,0.005,0.7001,0.0041,0.4979,0.0062,0.6607,10.4016,0.0,RandomForest,0.9574548643384405,0.9559657689722112,0.9575618833955244,0.9574019361530023,0.9571130557284637,0.956930452614724,0.9574489499445769,0.9574747509753492,0.957569405716082
mv,x4,40768.0,0.1497,0.9631,-7.4999,2.4997,-4.401,-5.7307,3.0208,0.9769,-0.5789,1.045,4.8679,0.005,0.7001,0.0041,0.4979,0.0062,0.6607,10.4016,0.0,AdaBoost,0.9567593144355692,0.9548318326700949,0.9562869425637429,0.9566089067031861,0.9564772221849226,0.9565400007142356,0.956355479540844,0.9562799867402264,0.9565256616744093
mv,x4,40768.0,0.1497,0.9631,-7.4999,2.4997,-4.401,-5.7307,3.0208,0.9769,-0.5789,1.045,4.8679,0.005,0.7001,0.0041,0.4979,0.0062,0.6607,10.4016,0.0,SVC,0.9210776768458537,0.9149355253324744,0.9206758402003006,0.9205108410173659,0.9203963041126454,0.9189060390204542,0.9209903014203523,0.9203816925881221,0.9204804888406233
mv,x4,40768.0,0.0996,0.9613,-7.4999,2.4996,-4.3965,-5.7242,3.0211,0.9754,-0.5835,1.0495,4.875,0.0055,0.7008,0.0045,0.4998,0.0067,0.6627,10.4562,0.0,DecisionTree,0.956511178432807,0.9539709643024813,0.9564513455200649,0.956511178432807,0.9564707233491169,0.9564701129063831,0.956511178432807,0.955828171624951,0.956511178432807
mv,x4,40768.0,0.0996,0.9613,-7.4999,2.4996,-4.3965,-5.7242,3.0211,0.9754,-0.5835,1.0495,4.875,0.0055,0.7008,0.0045,0.4998,0.0067,0.6627,10.4562,0.0,LogisticRegression,0.9531313806861716,0.9522716818045699,0.9532141167961784,0.953211679946151,0.9530674638432197,0.9531297884827785,0.9530686062151039,0.9530718665931217,0.95306744444101
mv,x4,40768.0,0.0996,0.9613,-7.4999,2.4996,-4.3965,-5.7242,3.0211,0.9754,-0.5835,1.0495,4.875,0.0055,0.7008,0.0045,0.4998,0.0067,0.6627,10.4562,0.0,KNN,0.9541187519943594,0.9530593085032263,0.9544034682231258,0.9539193266094497,0.9540823407345624,0.9544024779043415,0.9542398236186241,0.9542388614399785,0.9540002736942907
mv,x4,40768.0,0.0996,0.9613,-7.4999,2.4996,-4.3965,-5.7242,3.0211,0.9754,-0.5835,1.0495,4.875,0.0055,0.7008,0.0045,0.4998,0.0067,0.6627,10.4562,0.0,RandomForest,0.9582267496072396,0.9569967344899417,0.9580813684725681,0.9577470305401292,0.9577266729507321,0.9575656045660146,0.9583759853522252,0.9584077395086218,0.9581747105377784
mv,x4,40768.0,0.0996,0.9613,-7.4999,2.4996,-4.3965,-5.7242,3.0211,0.9754,-0.5835,1.0495,4.875,0.0055,0.7008,0.0045,0.4998,0.0067,0.6627,10.4562,0.0,AdaBoost,0.9567191376116968,0.9553946068130221,0.9563788115457328,0.9567894251996567,0.9570445487372348,0.9572198851739034,0.9567536996033813,0.9569158546532459,0.9572625468288667
mv,x4,40768.0,0.0996,0.9613,-7.4999,2.4996,-4.3965,-5.7242,3.0211,0.9754,-0.5835,1.0495,4.875,0.0055,0.7008,0.0045,0.4998,0.0067,0.6627,10.4562,0.0,SVC,0.9210907425585579,0.916192988511896,0.9199964427685701,0.920264088790939,0.9200643001393918,0.9190519722156135,0.9206664152904172,0.9211546438261341,0.9202404847925085
mv,x4,40768.0,0.0517,0.9591,-7.4999,2.4997,-4.3901,-5.7273,3.027,0.9709,-0.5961,1.049,4.8964,0.0048,0.7016,0.0043,0.5004,0.0065,0.6634,10.5049,0.0,DecisionTree,0.9570035373313258,0.956844127156738,0.9570035373313258,0.9569630843463575,0.9570035373313258,0.9568821464148662,0.9570035373313258,0.956942821818118,0.9569422667862254
mv,x4,40768.0,0.0517,0.9591,-7.4999,2.4997,-4.3901,-5.7273,3.027,0.9709,-0.5961,1.049,4.8964,0.0048,0.7016,0.0043,0.5004,0.0065,0.6634,10.5049,0.0,LogisticRegression,0.9531471364863552,0.9525564716353189,0.9530251519389201,0.9530255400575024,0.9530672875001196,0.9530251977814324,0.9531070175502676,0.952864414479778,0.9530056884114794
mv,x4,40768.0,0.0517,0.9591,-7.4999,2.4997,-4.3901,-5.7273,3.027,0.9709,-0.5961,1.049,4.8964,0.0048,0.7016,0.0043,0.5004,0.0065,0.6634,10.5049,0.0,KNN,0.9559240054409881,0.9557084297602654,0.9555164438626774,0.9559661734116409,0.9555567942899154,0.9557638513684326,0.9559452377510811,0.955413200118227,0.955967003849952
mv,x4,40768.0,0.0517,0.9591,-7.4999,2.4997,-4.3901,-5.7273,3.027,0.9709,-0.5961,1.049,4.8964,0.0048,0.7016,0.0043,0.5004,0.0065,0.6634,10.5049,0.0,RandomForest,0.9590287902768414,0.9586039099380789,0.9587994242834689,0.9587975524932988,0.9586984056795567,0.9586801315222377,0.9593302591040809,0.9587991116501283,0.9590625309511596
mv,x4,40768.0,0.0517,0.9591,-7.4999,2.4997,-4.3901,-5.7273,3.027,0.9709,-0.5961,1.049,4.8964,0.0048,0.7016,0.0043,0.5004,0.0065,0.6634,10.5049,0.0,AdaBoost,0.957216779298224,0.957924597922646,0.9572863625844601,0.9577959920556679,0.9570437279291409,0.9576596363993976,0.9570529746502574,0.9578700410870449,0.9573389627207745
mv,x4,40768.0,0.0517,0.9591,-7.4999,2.4997,-4.3901,-5.7273,3.027,0.9709,-0.5961,1.049,4.8964,0.0048,0.7016,0.0043,0.5004,0.0065,0.6634,10.5049,0.0,SVC,0.919285822388608,0.9172936467399282,0.9195184513339022,0.9192370059699831,0.9192966685459436,0.9188613415669916,0.9194721036664064,0.9193168745765409,0.9193763346315547
mv,x5,40768.0,0.4998,0.9954,-0.9999,0.9999,-0.0022,0.0008,0.5784,0.0023,-1.2039,0.5019,1.0041,0.007,0.0118,0.0047,0.0071,0.0071,0.0107,9.9166,0.0,DecisionTree,0.9575823378512587,0.9575823378512587,0.9575781359734089,0.9575781359734089,0.9575781359734089,0.9575781359734089,0.9574536792596919,0.9575823378512587,0.9575781359734089
mv,x5,40768.0,0.4998,0.9954,-0.9999,0.9999,-0.0022,0.0008,0.5784,0.0023,-1.2039,0.5019,1.0041,0.007,0.0118,0.0047,0.0071,0.0071,0.0107,9.9166,0.0,LogisticRegression,0.9535964520952249,0.953719187838633,0.9537410595070931,0.9537402128689247,0.9537402128689247,0.9537195713500874,0.9537811189742584,0.9535770057115096,0.9537588813338396
mv,x5,40768.0,0.4998,0.9954,-0.9999,0.9999,-0.0022,0.0008,0.5784,0.0023,-1.2039,0.5019,1.0041,0.007,0.0118,0.0047,0.0071,0.0071,0.0107,9.9166,0.0,KNN,0.957409967380555,0.9577999447074663,0.9573852658604938,0.957963249155774,0.957718746926683,0.9581687537770051,0.9574976266220127,0.9559614159486396,0.9576380529075048
mv,x5,40768.0,0.4998,0.9954,-0.9999,0.9999,-0.0022,0.0008,0.5784,0.0023,-1.2039,0.5019,1.0041,0.007,0.0118,0.0047,0.0071,0.0071,0.0107,9.9166,0.0,RandomForest,0.95953621275386,0.9598211742853636,0.9599059255293408,0.9591662146370756,0.9597743722171683,0.9598273527370342,0.9593916255396341,0.9595409182622163,0.9596305553535587
mv,x5,40768.0,0.4998,0.9954,-0.9999,0.9999,-0.0022,0.0008,0.5784,0.0023,-1.2039,0.5019,1.0041,0.007,0.0118,0.0047,0.0071,0.0071,0.0107,9.9166,0.0,AdaBoost,0.9578261166853898,0.9576239636920654,0.9578845902723311,0.9575243537431846,0.9576081404227625,0.9576214967013789,0.9576137313833412,0.9577769852987028,0.9575390582200964
mv,x5,40768.0,0.4998,0.9954,-0.9999,0.9999,-0.0022,0.0008,0.5784,0.0023,-1.2039,0.5019,1.0041,0.007,0.0118,0.0047,0.0071,0.0071,0.0107,9.9166,0.0,SVC,0.9177091510469886,0.9194325915882363,0.9196114390926862,0.9193576395829391,0.9194178992056949,0.9193992095056613,0.9161023895568541,0.9178675330888676,0.9197001408116527
mv,x5,40768.0,0.4478,0.9947,-0.9999,1.0,0.0009,0.0054,0.5754,-0.0059,-1.1949,0.4979,0.9979,0.0102,0.0127,0.0069,0.0074,0.0103,0.011,10.0144,0.0,DecisionTree,0.9575823378512587,0.9575823378512587,0.9576191649996149,0.9576191649996149,0.9576191649996149,0.9576191649996149,0.9576191649996149,0.9575823378512587,0.9576191649996149
mv,x5,40768.0,0.4478,0.9947,-0.9999,1.0,0.0009,0.0054,0.5754,-0.0059,-1.1949,0.4979,0.9979,0.0102,0.0127,0.0069,0.0074,0.0103,0.011,10.0144,0.0,LogisticRegression,0.9535579214302105,0.9535781672573725,0.9535170020184535,0.9535781498827685,0.9535368467953387,0.9535781498827685,0.9535165746072439,0.953660783728514,0.9535574892087606
mv,x5,40768.0,0.4478,0.9947,-0.9999,1.0,0.0009,0.0054,0.5754,-0.0059,-1.1949,0.4979,0.9979,0.0102,0.0127,0.0069,0.0074,0.0103,0.011,10.0144,0.0,KNN,0.9565450474255737,0.9561382914639058,0.9567122659811781,0.956749979308338,0.9564239875486751,0.9566689650543686,0.9562436056335136,0.9562571250723323,0.9564464592771105
mv,x5,40768.0,0.4478,0.9947,-0.9999,1.0,0.0009,0.0054,0.5754,-0.0059,-1.1949,0.4979,0.9979,0.0102,0.0127,0.0069,0.0074,0.0103,0.011,10.0144,0.0,RandomForest,0.9593537672872653,0.9591901679603214,0.9594749245713106,0.9596800704123521,0.9596587621512955,0.9600013799168092,0.9595589647877358,0.9594763860902106,0.9594293802713525
mv,x5,40768.0,0.4478,0.9947,-0.9999,1.0,0.0009,0.0054,0.5754,-0.0059,-1.1949,0.4979,0.9979,0.0102,0.0127,0.0069,0.0074,0.0103,0.011,10.0144,0.0,AdaBoost,0.9580520292074844,0.9580713878377575,0.9577179940646835,0.9583228942742174,0.9583445212017807,0.9580315059226336,0.9579914638131788,0.958231802453129,0.9580315059226336
mv,x5,40768.0,0.4478,0.9947,-0.9999,1.0,0.0009,0.0054,0.5754,-0.0059,-1.1949,0.4979,0.9979,0.0102,0.0127,0.0069,0.0074,0.0103,0.011,10.0144,0.0,SVC,0.9184266916920274,0.9190440723007994,0.9189237286091358,0.9187147708112929,0.9187356620397488,0.9187765590116719,0.9157729041754652,0.9180467960241379,0.9190633109300599
mv,x5,40768.0,0.3952,0.9944,-0.9998,0.9999,-0.0038,-0.0029,0.577,0.0071,-1.2007,0.4988,0.9965,0.0053,0.0118,0.0041,0.0076,0.0062,0.0114,10.105,0.0,DecisionTree,0.9575823378512587,0.9575823378512587,0.9576191649996149,0.9576191649996149,0.9576191649996149,0.9576191649996149,0.9575823378512587,0.9575823378512587,0.9576191649996149
mv,x5,40768.0,0.3952,0.9944,-0.9998,0.9999,-0.0038,-0.0029,0.577,0.0071,-1.2007,0.4988,0.9965,0.0053,0.0118,0.0041,0.0076,0.0062,0.0114,10.105,0.0,LogisticRegression,0.9536806318771816,0.9536198503817037,0.9535376640961966,0.9536198503817037,0.953538045567713,0.9535991907670482,0.9536400756059589,0.9536595107426147,0.9535177808662353
mv,x5,40768.0,0.3952,0.9944,-0.9998,0.9999,-0.0038,-0.0029,0.577,0.0071,-1.2007,0.4988,0.9965,0.0053,0.0118,0.0041,0.0076,0.0062,0.0114,10.105,0.0,KNN,0.9569141513487155,0.9565464653157737,0.9565432759852552,0.9570574271835899,0.9567494712067582,0.9574035492383064,0.9570129393329843,0.9551326680676607,0.9568526625747864
mv,x5,40768.0,0.3952,0.9944,-0.9998,0.9999,-0.0038,-0.0029,0.577,0.0071,-1.2007,0.4988,0.9965,0.0053,0.0118,0.0041,0.0076,0.0062,0.0114,10.105,0.0,RandomForest,0.9595581721845129,0.9594108047649036,0.959783821403739,0.9595142760124398,0.959658252584479,0.9596312530423665,0.9593729048975408,0.9592525462481019,0.9596137295382254
mv,x5,40768.0,0.3952,0.9944,-0.9998,0.9999,-0.0038,-0.0029,0.577,0.0071,-1.2007,0.4988,0.9965,0.0053,0.0118,0.0041,0.0076,0.0062,0.0114,10.105,0.0,AdaBoost,0.9577947058042107,0.9577143270398818,0.9577543215687143,0.9578533943919276,0.9576753473872395,0.9574881866966158,0.9576923063667535,0.9581575547601768,0.9576914431037444
mv,x5,40768.0,0.3952,0.9944,-0.9998,0.9999,-0.0038,-0.0029,0.577,0.0071,-1.2007,0.4988,0.9965,0.0053,0.0118,0.0041,0.0076,0.0062,0.0114,10.105,0.0,SVC,0.9187531427253628,0.9192878078734291,0.9189388355914507,0.9191210655074934,0.9191814105700176,0.9191203682712529,0.9175973867261296,0.9185210845894557,0.9191009394844736
mv,x5,40768.0,0.3481,0.9944,-0.9999,0.9998,-0.0048,-0.0043,0.5779,0.0073,-1.2022,0.501,1.0017,0.0087,0.0093,0.0061,0.0079,0.0091,0.0119,10.1801,0.0,DecisionTree,0.9575823378512587,0.9575823378512587,0.9575989439385847,0.9575989439385847,0.9575989439385847,0.9575989439385847,0.9575823378512587,0.9575823378512587,0.9575989439385847
mv,x5,40768.0,0.3481,0.9944,-0.9999,0.9998,-0.0048,-0.0043,0.5779,0.0073,-1.2022,0.501,1.0017,0.0087,0.0093,0.0061,0.0079,0.0091,0.0119,10.1801,0.0,LogisticRegression,0.9534343879503197,0.9534956298798107,0.9534336576693296,0.9535150468574929,0.9535150468574929,0.9535356916172063,0.9535782198574438,0.9535166628862654,0.9535150301256755
mv,x5,40768.0,0.3481,0.9944,-0.9999,0.9998,-0.0048,-0.0043,0.5779,0.0073,-1.2022,0.501,1.0017,0.0087,0.0093,0.0061,0.0079,0.0091,0.0119,10.1801,0.0,KNN,0.9557165083157263,0.9555546085600787,0.9558576262749479,0.956512503219642,0.9565518991733534,0.9567174499631036,0.9558366173167948,0.9553748797218351,0.956289583131397
mv,x5,40768.0,0.3481,0.9944,-0.9999,0.9998,-0.0048,-0.0043,0.5779,0.0073,-1.2022,0.501,1.0017,0.0087,0.0093,0.0061,0.0079,0.0091,0.0119,10.1801,0.0,RandomForest,0.9595796930261358,0.9595141141613026,0.9594335997183585,0.9592878959176222,0.9596979240238358,0.9599547792289276,0.9594307604429014,0.9594356521179697,0.9595506020131377
mv,x5,40768.0,0.3481,0.9944,-0.9999,0.9998,-0.0048,-0.0043,0.5779,0.0073,-1.2022,0.501,1.0017,0.0087,0.0093,0.0061,0.0079,0.0091,0.0119,10.1801,0.0,AdaBoost,0.9582405362235386,0.957906121708388,0.9578701008897168,0.9580965533426005,0.9577904476633698,0.9581142952290131,0.9578118695850873,0.9578183541480474,0.9584026378436886
mv,x5,40768.0,0.3481,0.9944,-0.9999,0.9998,-0.0048,-0.0043,0.5779,0.0073,-1.2022,0.501,1.0017,0.0087,0.0093,0.0061,0.0079,0.0091,0.0119,10.1801,0.0,SVC,0.9189392777603386,0.9191852163350596,0.918797499733452,0.9188527475690473,0.9189553723138122,0.9188319235321181,0.9173980525148745,0.9188325585338163,0.9187888295995775
mv,x5,40768.0,0.2979,0.9933,-0.9999,1.0,0.0035,0.0106,0.5777,-0.0124,-1.2023,0.4996,1.0003,0.0103,0.0119,0.0074,0.0075,0.011,0.0113,10.2527,0.0,DecisionTree,0.9575823378512587,0.9575823378512587,0.9575989439385847,0.9575989439385847,0.9575989439385847,0.9575989439385847,0.9576191649996149,0.9575823378512587,0.9575989439385847
mv,x5,40768.0,0.2979,0.9933,-0.9999,1.0,0.0035,0.0106,0.5777,-0.0124,-1.2023,0.4996,1.0003,0.0103,0.0119,0.0074,0.0075,0.011,0.0113,10.2527,0.0,LogisticRegression,0.953884337629072,0.9538025119266681,0.9537207220591032,0.953844242885578,0.9538243664905175,0.9538235829244643,0.9537826700934396,0.9538037010444727,0.9538438104731239
mv,x5,40768.0,0.2979,0.9933,-0.9999,1.0,0.0035,0.0106,0.5777,-0.0124,-1.2023,0.4996,1.0003,0.0103,0.0119,0.0074,0.0075,0.011,0.0113,10.2527,0.0,KNN,0.9552921093362238,0.9547792102014613,0.955330727585262,0.9554104507913519,0.9552666031771798,0.9557180438747412,0.9548923950236707,0.9555455885384052,0.955494343159118
mv,x5,40768.0,0.2979,0.9933,-0.9999,1.0,0.0035,0.0106,0.5777,-0.0124,-1.2023,0.4996,1.0003,0.0103,0.0119,0.0074,0.0075,0.011,0.0113,10.2527,0.0,RandomForest,0.9595790100214384,0.9594740092033195,0.9597622272264617,0.9593725686852917,0.9593492581496788,0.9599778842176926,0.9594559077781283,0.9592743961842811,0.9595935206781792
mv,x5,40768.0,0.2979,0.9933,-0.9999,1.0,0.0035,0.0106,0.5777,-0.0124,-1.2023,0.4996,1.0003,0.0103,0.0119,0.0074,0.0075,0.011,0.0113,10.2527,0.0,AdaBoost,0.9583183264544884,0.9583060146242868,0.9580704616901916,0.9579295840746369,0.9580755485500105,0.9579440691040451,0.9579808521079756,0.9580193962059076,0.957915092627543
mv,x5,40768.0,0.2979,0.9933,-0.9999,1.0,0.0035,0.0106,0.5777,-0.0124,-1.2023,0.4996,1.0003,0.0103,0.0119,0.0074,0.0075,0.011,0.0113,10.2527,0.0,SVC,0.9192172121131887,0.9191714275624187,0.9191099726666618,0.9190059512968074,0.9189657271553706,0.9189456434347032,0.9177296060312785,0.9189504063862862,0.9190073710246107
mv,x5,40768.0,0.2526,0.993,-0.9999,0.9999,0.0012,0.0068,0.5771,-0.0075,-1.1972,0.499,0.9998,0.0018,0.008,0.002,0.0045,0.003,0.0068,10.3148,0.0,DecisionTree,0.9575823378512587,0.9575823378512587,0.9576191649996149,0.9576191649996149,0.9576191649996149,0.9576191649996149,0.9576191649996149,0.9575823378512587,0.9576191649996149
mv,x5,40768.0,0.2526,0.993,-0.9999,0.9999,0.0012,0.0068,0.5771,-0.0075,-1.1972,0.499,0.9998,0.0018,0.008,0.002,0.0045,0.003,0.0068,10.3148,0.0,LogisticRegression,0.9536393259405682,0.9536802694714759,0.9536798698717859,0.9537207728463389,0.9537207728463389,0.9537004904849485,0.9536178775607971,0.9535584027866475,0.953700508754267
mv,x5,40768.0,0.2526,0.993,-0.9999,0.9999,0.0012,0.0068,0.5771,-0.0075,-1.1972,0.499,0.9998,0.0018,0.008,0.002,0.0045,0.003,0.0068,10.3148,0.0,KNN,0.9566737708493843,0.9562532192522408,0.9564490459990559,0.9563512532792993,0.9562693113323775,0.9561679335607443,0.9561864857473854,0.9555700437125398,0.9558838558583862
mv,x5,40768.0,0.2526,0.993,-0.9999,0.9999,0.0012,0.0068,0.5771,-0.0075,-1.1972,0.499,0.9998,0.0018,0.008,0.002,0.0045,0.003,0.0068,10.3148,0.0,RandomForest,0.9596187285372716,0.9594338694973412,0.9592903490299054,0.9594937415410718,0.959700846405077,0.9594925085355807,0.9591280556031045,0.9594795375085383,0.959535044505214
mv,x5,40768.0,0.2526,0.993,-0.9999,0.9999,0.0012,0.0068,0.5771,-0.0075,-1.1972,0.499,0.9998,0.0018,0.008,0.002,0.0045,0.003,0.0068,10.3148,0.0,AdaBoost,0.9586026846406972,0.9582701755670116,0.9580391472759582,0.958412207644626,0.9580669260030901,0.9580289667375611,0.9581408084125529,0.9583818784022328,0.9581112743750319
mv,x5,40768.0,0.2526,0.993,-0.9999,0.9999,0.0012,0.0068,0.5771,-0.0075,-1.1972,0.499,0.9998,0.0018,0.008,0.002,0.0045,0.003,0.0068,10.3148,0.0,SVC,0.9196022584775162,0.9193173243431987,0.9191230574361545,0.9191001650095463,0.9190800782563613,0.9191217018442441,0.9180162498700534,0.9196068642072694,0.9191604730577034
mv,x5,40768.0,0.2008,0.9922,-0.9999,1.0,-0.003,-0.0006,0.5765,0.0065,-1.1955,0.4977,0.995,0.0058,0.0062,0.0038,0.0054,0.0057,0.0081,10.3808,0.0,DecisionTree,0.9575823378512587,0.9575823378512587,0.9576191649996149,0.9576191649996149,0.9576191649996149,0.9576191649996149,0.9575584638846335,0.9575823378512587,0.9576191649996149
mv,x5,40768.0,0.2008,0.9922,-0.9999,1.0,-0.003,-0.0006,0.5765,0.0065,-1.1955,0.4977,0.995,0.0058,0.0062,0.0038,0.0054,0.0057,0.0081,10.3808,0.0,LogisticRegression,0.953596391041383,0.9534938868658132,0.953452983070607,0.9535558915584604,0.9535352148980394,0.9535352242002418,0.9535558915584604,0.9535141545595598,0.9535352242002418
mv,x5,40768.0,0.2008,0.9922,-0.9999,1.0,-0.003,-0.0006,0.5765,0.0065,-1.1955,0.4977,0.995,0.0058,0.0062,0.0038,0.0054,0.0057,0.0081,10.3808,0.0,KNN,0.9558830119883763,0.9563345764221931,0.9566596902688134,0.9560673838466996,0.9560894145747507,0.9560261908147071,0.9558609841990037,0.9559020969465324,0.9561468468924993
mv,x5,40768.0,0.2008,0.9922,-0.9999,1.0,-0.003,-0.0006,0.5765,0.0065,-1.1955,0.4977,0.995,0.0058,0.0062,0.0038,0.0054,0.0057,0.0081,10.3808,0.0,RandomForest,0.9598823847128616,0.9596190155794274,0.959556573435334,0.9596354652845511,0.959499428522615,0.9597992133435542,0.9591919770298994,0.959600393255043,0.9598189377558204
mv,x5,40768.0,0.2008,0.9922,-0.9999,1.0,-0.003,-0.0006,0.5765,0.0065,-1.1955,0.4977,0.995,0.0058,0.0062,0.0038,0.0054,0.0057,0.0081,10.3808,0.0,AdaBoost,0.9584419357192233,0.9585456309988788,0.9583471261455686,0.9587071270003131,0.9582233192211802,0.9586056778550591,0.9585769837925305,0.9584130510488805,0.9580695413180018
mv,x5,40768.0,0.2008,0.9922,-0.9999,1.0,-0.003,-0.0006,0.5765,0.0065,-1.1955,0.4977,0.995,0.0058,0.0062,0.0038,0.0054,0.0057,0.0081,10.3808,0.0,SVC,0.9190331587689593,0.918973261191122,0.9188971351420299,0.9189782189882892,0.9189178814719963,0.9189796144409916,0.9184772203849461,0.9189342878669098,0.9190420322812766
mv,x5,40768.0,0.1509,0.9921,-0.9999,0.9999,-0.0042,-0.0011,0.5775,0.0027,-1.2026,0.501,1.0019,0.0043,0.0045,0.0031,0.004,0.0046,0.006,10.4411,0.0,DecisionTree,0.9575823378512587,0.9575823378512587,0.9576191649996149,0.9576191649996149,0.9576191649996149,0.9576191649996149,0.9575382491423416,0.9575823378512587,0.9576191649996149
mv,x5,40768.0,0.1509,0.9921,-0.9999,0.9999,-0.0042,-0.0011,0.5775,0.0027,-1.2026,0.501,1.0019,0.0043,0.0045,0.0031,0.004,0.0046,0.006,10.4411,0.0,LogisticRegression,0.9535145999916933,0.9535555046074596,0.95355512383121,0.9535761803947495,0.953596442585596,0.9535761803947495,0.9536170972448693,0.953494755067858,0.9535761803947495
mv,x5,40768.0,0.1509,0.9921,-0.9999,0.9999,-0.0042,-0.0011,0.5775,0.0027,-1.2026,0.501,1.0019,0.0043,0.0045,0.0031,0.004,0.0046,0.006,10.4411,0.0,KNN,0.9558992225433225,0.956188757703777,0.9563717342531306,0.9568194065566633,0.956982826456659,0.9567792036758181,0.956263079322738,0.9562088808974969,0.9566784370797932
mv,x5,40768.0,0.1509,0.9921,-0.9999,0.9999,-0.0042,-0.0011,0.5775,0.0027,-1.2026,0.501,1.0019,0.0043,0.0045,0.0031,0.004,0.0046,0.006,10.4411,0.0,RandomForest,0.9596386558693364,0.9595125830652406,0.9593724810536493,0.9596135899496163,0.9594505943815924,0.9597152989402181,0.9593931549188496,0.9597636633331541,0.9595754926585732
mv,x5,40768.0,0.1509,0.9921,-0.9999,0.9999,-0.0042,-0.0011,0.5775,0.0027,-1.2026,0.501,1.0019,0.0043,0.0045,0.0031,0.004,0.0046,0.006,10.4411,0.0,AdaBoost,0.9580845177918336,0.9585719565105054,0.9589630596515147,0.9588437480956852,0.9591654258620043,0.9590962053678671,0.9582362456365207,0.9583197715388069,0.9586495847297585
mv,x5,40768.0,0.1509,0.9921,-0.9999,0.9999,-0.0042,-0.0011,0.5775,0.0027,-1.2026,0.501,1.0019,0.0043,0.0045,0.0031,0.004,0.0046,0.006,10.4411,0.0,SVC,0.9189844941257452,0.9187656809696685,0.91860909822742,0.9186679532410936,0.9186679532410936,0.9187088575735328,0.9183055032436374,0.9189981195751757,0.9186479044892477
mv,x5,40768.0,0.0999,0.9916,-0.9999,1.0,-0.0019,0.0024,0.5772,-0.0002,-1.1989,0.4996,0.9989,0.006,0.0069,0.0043,0.0044,0.0064,0.0065,10.4988,0.0,DecisionTree,0.9575823378512587,0.9575823378512587,0.9576191649996149,0.9576191649996149,0.9576191649996149,0.9576191649996149,0.9576191649996149,0.9575823378512587,0.9576191649996149
mv,x5,40768.0,0.0999,0.9916,-0.9999,1.0,-0.0019,0.0024,0.5772,-0.0002,-1.1989,0.4996,0.9989,0.006,0.0069,0.0043,0.0044,0.0064,0.0065,10.4988,0.0,LogisticRegression,0.9536170994089938,0.953535235933966,0.9535765692520282,0.9535765692520282,0.9535765692520282,0.9535765692520282,0.9535972362611459,0.9535964135794419,0.9535765692520282
mv,x5,40768.0,0.0999,0.9916,-0.9999,1.0,-0.0019,0.0024,0.5772,-0.0002,-1.1989,0.4996,0.9989,0.006,0.0069,0.0043,0.0044,0.0064,0.0065,10.4988,0.0,KNN,0.9563122522947466,0.9564139611762104,0.9567819294032195,0.9570665365768594,0.9570668546913349,0.9570263642835024,0.9564300392642886,0.956003446677046,0.9573109420092848
mv,x5,40768.0,0.0999,0.9916,-0.9999,1.0,-0.0019,0.0024,0.5772,-0.0002,-1.1989,0.4996,0.9989,0.006,0.0069,0.0043,0.0044,0.0064,0.0065,10.4988,0.0,RandomForest,0.9595401163706874,0.9595581573961899,0.9595154990796196,0.9595580560493171,0.9595551346450134,0.9596777645144234,0.9595553100901248,0.9592715475639206,0.9595782917200837
mv,x5,40768.0,0.0999,0.9916,-0.9999,1.0,-0.0019,0.0024,0.5772,-0.0002,-1.1989,0.4996,0.9989,0.006,0.0069,0.0043,0.0044,0.0064,0.0065,10.4988,0.0,AdaBoost,0.9585814969920774,0.9583496132362227,0.9580023339529714,0.9580094524025085,0.9579201310244887,0.9579201310244887,0.9583680778157209,0.9580180719981368,0.9581101748597345
mv,x5,40768.0,0.0999,0.9916,-0.9999,1.0,-0.0019,0.0024,0.5772,-0.0002,-1.1989,0.4996,0.9989,0.006,0.0069,0.0043,0.0044,0.0064,0.0065,10.4988,0.0,SVC,0.918851776127509,0.9185876273044825,0.9187441645198148,0.9187225801305344,0.9186809471771503,0.918764200483487,0.91850442358266,0.9187677175596194,0.9187628527422566
mv,x5,40768.0,0.0516,0.9912,-0.9999,1.0,-0.0027,0.0008,0.5773,0.0001,-1.1999,0.4998,0.9993,0.0046,0.0068,0.004,0.004,0.006,0.006,10.5505,0.0,DecisionTree,0.9576191649996149,0.9576191649996149,0.9576191649996149,0.9576191649996149,0.9576191649996149,0.9576191649996149,0.9576191649996149,0.9576191649996149,0.9576191649996149
mv,x5,40768.0,0.0516,0.9912,-0.9999,1.0,-0.0027,0.0008,0.5773,0.0001,-1.1999,0.4998,0.9993,0.0046,0.0068,0.004,0.004,0.006,0.006,10.5505,0.0,LogisticRegression,0.9535964022609551,0.9536166863290998,0.9536158861563689,0.9536365619436589,0.9536365619436589,0.9536365619436589,0.9535761956230935,0.9536175013225621,0.9536365619436589
mv,x5,40768.0,0.0516,0.9912,-0.9999,1.0,-0.0027,0.0008,0.5773,0.0001,-1.1999,0.4998,0.9993,0.0046,0.0068,0.004,0.004,0.006,0.006,10.5505,0.0,KNN,0.9555137413065891,0.9557430718618907,0.9561062717309745,0.9560236023301086,0.9560867479325916,0.9560036993780588,0.9556350414482638,0.9550458021913528,0.9559634624777185
mv,x5,40768.0,0.0516,0.9912,-0.9999,1.0,-0.0027,0.0008,0.5773,0.0001,-1.1999,0.4998,0.9993,0.0046,0.0068,0.004,0.004,0.006,0.006,10.5505,0.0,RandomForest,0.9597031655763044,0.9593947640538402,0.9591081238473498,0.9594157924628833,0.9594349994793914,0.9591899951737703,0.959350521218261,0.9593751158727262,0.9593731263875033
mv,x5,40768.0,0.0516,0.9912,-0.9999,1.0,-0.0027,0.0008,0.5773,0.0001,-1.1999,0.4998,0.9993,0.0046,0.0068,0.004,0.004,0.006,0.006,10.5505,0.0,AdaBoost,0.9582563060238751,0.9581382777400013,0.9579312081335856,0.9579103889823131,0.9579103889823131,0.9579103889823131,0.9580927920791003,0.9580781504445303,0.9579103889823131
mv,x5,40768.0,0.0516,0.9912,-0.9999,1.0,-0.0027,0.0008,0.5773,0.0001,-1.1999,0.4998,0.9993,0.0046,0.0068,0.004,0.004,0.006,0.006,10.5505,0.0,SVC,0.9186450968292698,0.9185739889461753,0.9188072300495824,0.9187469001399641,0.9186428520828137,0.9187462076161986,0.9186981855683319,0.918602653396495,0.918683100278309
mv,x6,40768.0,0.5031,0.9883,-37.3515,12.114,-11.005,-9.1213,10.7836,-0.3313,-0.935,8.4438,18.0901,0.0093,0.7005,0.005,0.5005,0.0076,0.6634,9.9001,0.0,DecisionTree,0.896942202330629,0.862018654143838,0.8919994490444249,0.8961649626471075,0.8951159269201573,0.89518732366868,0.896780814801013,0.8789918885095842,0.8947049678102188
mv,x6,40768.0,0.5031,0.9883,-37.3515,12.114,-11.005,-9.1213,10.7836,-0.3313,-0.935,8.4438,18.0901,0.0093,0.7005,0.005,0.5005,0.0076,0.6634,9.9001,0.0,LogisticRegression,0.8844161184563315,0.8315252851696595,0.881996661365722,0.8829165374007408,0.8838099689211273,0.8831631040148467,0.8833939651770062,0.865639435303615,0.8828602653901054
mv,x6,40768.0,0.5031,0.9883,-37.3515,12.114,-11.005,-9.1213,10.7836,-0.3313,-0.935,8.4438,18.0901,0.0093,0.7005,0.005,0.5005,0.0076,0.6634,9.9001,0.0,KNN,0.8888689625367641,0.8648639999333088,0.889989152895893,0.8889138023432709,0.8880834825902173,0.8891689790766668,0.888616642491492,0.8693197224769366,0.889433478535103
mv,x6,40768.0,0.5031,0.9883,-37.3515,12.114,-11.005,-9.1213,10.7836,-0.3313,-0.935,8.4438,18.0901,0.0093,0.7005,0.005,0.5005,0.0076,0.6634,9.9001,0.0,RandomForest,0.8970658490170079,0.8773398007244038,0.8957076262979955,0.8974938735772221,0.8985351700107129,0.8973307763511219,0.8972018445350775,0.8788260633216509,0.8965059183195351
mv,x6,40768.0,0.5031,0.9883,-37.3515,12.114,-11.005,-9.1213,10.7836,-0.3313,-0.935,8.4438,18.0901,0.0093,0.7005,0.005,0.5005,0.0076,0.6634,9.9001,0.0,AdaBoost,0.8910284678304187,0.8794701915493177,0.8960429025315253,0.8978435507593154,0.8961788134967282,0.8984523494476012,0.8906109966454758,0.877275712095846,0.8979424213165561
mv,x6,40768.0,0.5031,0.9883,-37.3515,12.114,-11.005,-9.1213,10.7836,-0.3313,-0.935,8.4438,18.0901,0.0093,0.7005,0.005,0.5005,0.0076,0.6634,9.9001,0.0,SVC,0.8457374418077164,0.8293982553204696,0.8570186071327806,0.8603738778816132,0.8605031272014609,0.8601831837682157,0.8523376323185964,0.8423123386126432,0.8608364370359185
mv,x6,40768.0,0.4507,0.9863,-37.3515,12.3802,-11.0086,-9.1561,10.8057,-0.3295,-0.9388,8.4576,18.136,0.0085,0.7,0.0049,0.5001,0.0074,0.663,9.9973,0.0,DecisionTree,0.9024018953491451,0.8650298230139684,0.8986658789645392,0.8986897000878546,0.8978961113851125,0.9005227483899393,0.902422398051981,0.8839837798782821,0.9012460103722355
mv,x6,40768.0,0.4507,0.9863,-37.3515,12.3802,-11.0086,-9.1561,10.8057,-0.3295,-0.9388,8.4576,18.136,0.0085,0.7,0.0049,0.5001,0.0074,0.663,9.9973,0.0,LogisticRegression,0.8893448989429318,0.8369545607063752,0.8880083927269675,0.8887821110904149,0.8885694304754699,0.8888586579633885,0.8884036479285196,0.8695288417846324,0.8887552797079846
mv,x6,40768.0,0.4507,0.9863,-37.3515,12.3802,-11.0086,-9.1561,10.8057,-0.3295,-0.9388,8.4576,18.136,0.0085,0.7,0.0049,0.5001,0.0074,0.663,9.9973,0.0,KNN,0.8964248571248257,0.8686948817064005,0.8972850014882295,0.8970566643517294,0.8968950838656726,0.8967093675727509,0.8953759274651873,0.8776280315158544,0.8970407819095917
mv,x6,40768.0,0.4507,0.9863,-37.3515,12.3802,-11.0086,-9.1561,10.8057,-0.3295,-0.9388,8.4576,18.136,0.0085,0.7,0.0049,0.5001,0.0074,0.663,9.9973,0.0,RandomForest,0.9039902494978473,0.8794664659293476,0.9027614313020681,0.9032641773004473,0.9046116321938747,0.9041273360284008,0.9036814848092983,0.8861565020685194,0.9043720893063881
mv,x6,40768.0,0.4507,0.9863,-37.3515,12.3802,-11.0086,-9.1561,10.8057,-0.3295,-0.9388,8.4576,18.136,0.0085,0.7,0.0049,0.5001,0.0074,0.663,9.9973,0.0,AdaBoost,0.897299497830079,0.8808792035547317,0.9019375745211756,0.9039973735600917,0.9038313288126343,0.9042384655448205,0.8959710460978106,0.8822719539132569,0.9042799122779795
mv,x6,40768.0,0.4507,0.9863,-37.3515,12.3802,-11.0086,-9.1561,10.8057,-0.3295,-0.9388,8.4576,18.136,0.0085,0.7,0.0049,0.5001,0.0074,0.663,9.9973,0.0,SVC,0.851439966781365,0.8301427086407823,0.8629854556519082,0.8648079661795014,0.865076264585041,0.8647227666100312,0.8566817465809388,0.8482191270061865,0.8647817937559535
mv,x6,40768.0,0.3981,0.9863,-37.2849,12.3802,-10.9836,-9.1686,10.798,-0.3238,-0.9471,8.5063,18.2217,0.0014,0.7045,0.0006,0.5046,0.0009,0.6683,10.089,0.0,DecisionTree,0.9048933848313633,0.8702086868497307,0.9031386662188459,0.9021841720809332,0.902424662310685,0.9020729773578442,0.9048532139436889,0.8901305534346269,0.9015053834813039
mv,x6,40768.0,0.3981,0.9863,-37.2849,12.3802,-10.9836,-9.1686,10.798,-0.3238,-0.9471,8.5063,18.2217,0.0014,0.7045,0.0006,0.5046,0.0009,0.6683,10.089,0.0,LogisticRegression,0.8911141011302228,0.8432840698396862,0.8904002172891201,0.8901787073384613,0.8901702595319412,0.8900626256029276,0.8903262613043548,0.8767808215062212,0.889600098073294
mv,x6,40768.0,0.3981,0.9863,-37.2849,12.3802,-10.9836,-9.1686,10.798,-0.3238,-0.9471,8.5063,18.2217,0.0014,0.7045,0.0006,0.5046,0.0009,0.6683,10.089,0.0,KNN,0.8983749855436367,0.8721151353690657,0.9005224495424974,0.8993479945476307,0.8991298364758862,0.8987543767963381,0.8972239966200548,0.8856579788902553,0.8990416520940566
mv,x6,40768.0,0.3981,0.9863,-37.2849,12.3802,-10.9836,-9.1686,10.798,-0.3238,-0.9471,8.5063,18.2217,0.0014,0.7045,0.0006,0.5046,0.0009,0.6683,10.089,0.0,RandomForest,0.9057614515682346,0.8819764414216984,0.9058731612792175,0.9073591330808923,0.9077534616375751,0.9057873126560716,0.9047825816893468,0.8916652658602263,0.9061723355749025
mv,x6,40768.0,0.3981,0.9863,-37.2849,12.3802,-10.9836,-9.1686,10.798,-0.3238,-0.9471,8.5063,18.2217,0.0014,0.7045,0.0006,0.5046,0.0009,0.6683,10.089,0.0,AdaBoost,0.897444865874623,0.8819511588371702,0.9056267718715953,0.906212683361402,0.9051959248186529,0.9065401974348153,0.8982376461979681,0.8874737758591775,0.9068030103607745
mv,x6,40768.0,0.3981,0.9863,-37.2849,12.3802,-10.9836,-9.1686,10.798,-0.3238,-0.9471,8.5063,18.2217,0.0014,0.7045,0.0006,0.5046,0.0009,0.6683,10.089,0.0,SVC,0.8563801129599844,0.8321029640318003,0.8649166016732478,0.8671967576819066,0.8669453366571965,0.867064775671704,0.8572892670919139,0.8528190173711887,0.8674209498916912
mv,x6,40768.0,0.347,0.9849,-37.2849,12.114,-11.0374,-9.2107,10.8132,-0.3223,-0.9521,8.506,18.3021,0.0025,0.7012,0.0012,0.5008,0.0019,0.6637,10.1685,0.0,DecisionTree,0.907216459991542,0.8788517258436706,0.9118382802535314,0.9068338183091739,0.910299409715885,0.9109074897978168,0.9027500423776595,0.8964742094347795,0.9107618619119175
mv,x6,40768.0,0.347,0.9849,-37.2849,12.114,-11.0374,-9.2107,10.8132,-0.3223,-0.9521,8.506,18.3021,0.0025,0.7012,0.0012,0.5008,0.0019,0.6637,10.1685,0.0,LogisticRegression,0.8989755878001475,0.8503294501631256,0.8989197024644549,0.8990247328904584,0.899031300045415,0.8991321543611287,0.8974566459044914,0.883237295627837,0.8988392626123136
mv,x6,40768.0,0.347,0.9849,-37.2849,12.114,-11.0374,-9.2107,10.8132,-0.3223,-0.9521,8.506,18.3021,0.0025,0.7012,0.0012,0.5008,0.0019,0.6637,10.1685,0.0,KNN,0.9068576600820132,0.8804885021962743,0.9102775825743283,0.9079454467790029,0.9079454280893082,0.9081644748317992,0.9056830127716342,0.8920990631218363,0.908128138379825
mv,x6,40768.0,0.347,0.9849,-37.2849,12.114,-11.0374,-9.2107,10.8132,-0.3223,-0.9521,8.506,18.3021,0.0025,0.7012,0.0012,0.5008,0.0019,0.6637,10.1685,0.0,RandomForest,0.9151152884553571,0.8896772117705904,0.9152343879666174,0.9149660243424245,0.9156499155530248,0.914776741384814,0.9144826713979001,0.8995406562888777,0.9147797771372761
mv,x6,40768.0,0.347,0.9849,-37.2849,12.114,-11.0374,-9.2107,10.8132,-0.3223,-0.9521,8.506,18.3021,0.0025,0.7012,0.0012,0.5008,0.0019,0.6637,10.1685,0.0,AdaBoost,0.9067569173091269,0.8896187485817793,0.9127821621013139,0.9149986512462882,0.9136598013570151,0.9142917057208332,0.9079229937337371,0.8953412977126957,0.9148461044210016
mv,x6,40768.0,0.347,0.9849,-37.2849,12.114,-11.0374,-9.2107,10.8132,-0.3223,-0.9521,8.506,18.3021,0.0025,0.7012,0.0012,0.5008,0.0019,0.6637,10.1685,0.0,SVC,0.864852930374435,0.8389773851678648,0.8736175413829634,0.8748463184990632,0.8749560033204166,0.8748024165707995,0.865509145270038,0.8608167139235225,0.8750511276936157
mv,x6,40768.0,0.3,0.9845,-37.3515,12.3802,-11.0476,-9.2375,10.8038,-0.3217,-0.9467,8.4864,18.2231,0.0088,0.6993,0.0059,0.4971,0.0088,0.6596,10.2374,0.0,DecisionTree,0.9113300350210805,0.8856910475824614,0.9188863018063244,0.9186216243125227,0.9169647022617182,0.9183825231734624,0.9113710433462628,0.9017426680061895,0.9175717639512876
mv,x6,40768.0,0.3,0.9845,-37.3515,12.3802,-11.0476,-9.2375,10.8038,-0.3217,-0.9467,8.4864,18.2231,0.0088,0.6993,0.0059,0.4971,0.0088,0.6596,10.2374,0.0,LogisticRegression,0.9051099178314529,0.8565472408582613,0.9064662670725949,0.9076228486878491,0.907590301146384,0.9076843664985978,0.9043079471064277,0.8884464112770895,0.9073494820921733
mv,x6,40768.0,0.3,0.9845,-37.3515,12.3802,-11.0476,-9.2375,10.8038,-0.3217,-0.9467,8.4864,18.2231,0.0088,0.6993,0.0059,0.4971,0.0088,0.6596,10.2374,0.0,KNN,0.9154524476199078,0.887523285919317,0.9176433009736877,0.9176639427760875,0.9171319525551692,0.9171494344065563,0.9149210489614672,0.901299349147733,0.9169300397123598
mv,x6,40768.0,0.3,0.9845,-37.3515,12.3802,-11.0476,-9.2375,10.8038,-0.3217,-0.9467,8.4864,18.2231,0.0088,0.6993,0.0059,0.4971,0.0088,0.6596,10.2374,0.0,RandomForest,0.923138510531719,0.8965944943606681,0.922087893364692,0.9230007474301128,0.923203725270965,0.9231146978034831,0.9225503430525469,0.9070350923120541,0.923302007418372
mv,x6,40768.0,0.3,0.9845,-37.3515,12.3802,-11.0476,-9.2375,10.8038,-0.3217,-0.9467,8.4864,18.2231,0.0088,0.6993,0.0059,0.4971,0.0088,0.6596,10.2374,0.0,AdaBoost,0.9137938182029628,0.8958049209709074,0.9194022292168,0.9221638192763459,0.9211232548030557,0.9222168468024481,0.9140685723518968,0.9019161063125829,0.9221214829638674
mv,x6,40768.0,0.3,0.9845,-37.3515,12.3802,-11.0476,-9.2375,10.8038,-0.3217,-0.9467,8.4864,18.2231,0.0088,0.6993,0.0059,0.4971,0.0088,0.6596,10.2374,0.0,SVC,0.8717429608797299,0.8461747017245859,0.8794319866029539,0.8811221333327783,0.8811245389264576,0.8810399858678922,0.873586806353981,0.8678141967773203,0.881545256020447
mv,x6,40768.0,0.249,0.9828,-37.3515,12.3802,-11.0544,-9.211,10.8161,-0.3219,-0.9491,8.5152,18.2566,0.0071,0.7013,0.0044,0.5006,0.0067,0.6634,10.3054,0.0,DecisionTree,0.9163939534981922,0.8945456446676148,0.9219610079534876,0.9188954396370976,0.9211856700457235,0.921132351166742,0.9115394483372384,0.9083339873932045,0.9212260733581623
mv,x6,40768.0,0.249,0.9828,-37.3515,12.3802,-11.0544,-9.211,10.8161,-0.3219,-0.9491,8.5152,18.2566,0.0071,0.7013,0.0044,0.5006,0.0067,0.6634,10.3054,0.0,LogisticRegression,0.9094480844075249,0.8673249797859943,0.9119104582359904,0.9119214332153197,0.9120926464842408,0.9120683210953923,0.9090163351965541,0.8945621310460964,0.9121327596367971
mv,x6,40768.0,0.249,0.9828,-37.3515,12.3802,-11.0544,-9.211,10.8161,-0.3219,-0.9491,8.5152,18.2566,0.0071,0.7013,0.0044,0.5006,0.0067,0.6634,10.3054,0.0,KNN,0.9199897427158786,0.8939078516026917,0.9227772002851174,0.9222008886916956,0.9215729949707403,0.9217493486913415,0.9197095935026097,0.9102373452651139,0.9218716458807867
mv,x6,40768.0,0.249,0.9828,-37.3515,12.3802,-11.0544,-9.211,10.8161,-0.3219,-0.9491,8.5152,18.2566,0.0071,0.7013,0.0044,0.5006,0.0067,0.6634,10.3054,0.0,RandomForest,0.9271532208220288,0.9018682958813786,0.9274113830562504,0.9275694105996524,0.9277213908492341,0.9275399606545405,0.9265780109891778,0.9149765679907308,0.9276875914114426
mv,x6,40768.0,0.249,0.9828,-37.3515,12.3802,-11.0544,-9.211,10.8161,-0.3219,-0.9491,8.5152,18.2566,0.0071,0.7013,0.0044,0.5006,0.0067,0.6634,10.3054,0.0,AdaBoost,0.9174857503269165,0.9015447476199275,0.9255067603632188,0.926753225122465,0.9265147010866579,0.92654043145932,0.9202507640392562,0.9090370065202132,0.9267595329896685
mv,x6,40768.0,0.249,0.9828,-37.3515,12.3802,-11.0544,-9.211,10.8161,-0.3219,-0.9491,8.5152,18.2566,0.0071,0.7013,0.0044,0.5006,0.0067,0.6634,10.3054,0.0,SVC,0.8774767468257756,0.8565730400800812,0.8836778926233558,0.8845349308086521,0.884556727313083,0.8845531250820364,0.8793486629225855,0.8733179682476904,0.8843610697431996
mv,x6,40768.0,0.2025,0.9816,-37.3515,12.114,-11.0207,-9.1858,10.7948,-0.3232,-0.9489,8.487,18.2224,0.0077,0.7,0.0048,0.4982,0.0072,0.6608,10.3636,0.0,DecisionTree,0.9234666098996293,0.9007798934765632,0.9311864356855678,0.9302095226494713,0.9312825872814325,0.9302320755165294,0.9140087571890215,0.9192060083016752,0.9308861209679117
mv,x6,40768.0,0.2025,0.9816,-37.3515,12.114,-11.0207,-9.1858,10.7948,-0.3232,-0.9489,8.487,18.2224,0.0077,0.7,0.0048,0.4982,0.0072,0.6608,10.3636,0.0,LogisticRegression,0.9170498000718956,0.8810402092510129,0.9194130032367308,0.9200565845817437,0.9198929503616977,0.9200183764876884,0.915445509227885,0.9011726170252856,0.9200404923988043
mv,x6,40768.0,0.2025,0.9816,-37.3515,12.114,-11.0207,-9.1858,10.7948,-0.3232,-0.9489,8.487,18.2224,0.0077,0.7,0.0048,0.4982,0.0072,0.6608,10.3636,0.0,KNN,0.9281075343218743,0.9040696593582948,0.9308741349494444,0.929615958624,0.9298828119742614,0.929637426051545,0.9281832196544536,0.917701761259064,0.9296796284657938
mv,x6,40768.0,0.2025,0.9816,-37.3515,12.114,-11.0207,-9.1858,10.7948,-0.3232,-0.9489,8.487,18.2224,0.0077,0.7,0.0048,0.4982,0.0072,0.6608,10.3636,0.0,RandomForest,0.9337239604218073,0.9124485749883922,0.9342635566867169,0.9345191623992433,0.9348181427819628,0.9345338759607442,0.9336954440037017,0.9229748669517644,0.9345157639093135
mv,x6,40768.0,0.2025,0.9816,-37.3515,12.114,-11.0207,-9.1858,10.7948,-0.3232,-0.9489,8.487,18.2224,0.0077,0.7,0.0048,0.4982,0.0072,0.6608,10.3636,0.0,AdaBoost,0.9268471281068681,0.9084662344632227,0.9319053758085774,0.933613862303397,0.9337458411225658,0.9340471226972417,0.9291513621363097,0.9164141163773287,0.9336641756608661
mv,x6,40768.0,0.2025,0.9816,-37.3515,12.114,-11.0207,-9.1858,10.7948,-0.3232,-0.9489,8.487,18.2224,0.0077,0.7,0.0048,0.4982,0.0072,0.6608,10.3636,0.0,SVC,0.8869362923190912,0.8673437103845223,0.8920195819808807,0.8925052062909923,0.8923219644810628,0.8925209188287367,0.8884787225608122,0.8825917719800573,0.892323952643864
mv,x6,40768.0,0.1496,0.9803,-37.3515,12.3802,-11.0691,-9.2835,10.8046,-0.3145,-0.9547,8.5406,18.266,0.0097,0.7014,0.0062,0.4985,0.0093,0.6614,10.4259,0.0,DecisionTree,0.9302926789748692,0.9144973730321879,0.9386370701820625,0.9383472067962337,0.9382956046620834,0.9385057180504228,0.9191558086506656,0.9280716329869685,0.9387682010720897
mv,x6,40768.0,0.1496,0.9803,-37.3515,12.3802,-11.0691,-9.2835,10.8046,-0.3145,-0.9547,8.5406,18.266,0.0097,0.7014,0.0062,0.4985,0.0093,0.6614,10.4259,0.0,LogisticRegression,0.9211119090664246,0.8942210542540103,0.9255568348655042,0.9263445499486628,0.9260036725570284,0.9260440062977467,0.9171722527984634,0.9091509691057289,0.926023193531823
mv,x6,40768.0,0.1496,0.9803,-37.3515,12.3802,-11.0691,-9.2835,10.8046,-0.3145,-0.9547,8.5406,18.266,0.0097,0.7014,0.0062,0.4985,0.0093,0.6614,10.4259,0.0,KNN,0.933529113325085,0.9121809821282724,0.9366666706770933,0.9358138805224145,0.9353806543633937,0.9358348295828488,0.9335908337503113,0.9282776761637298,0.9357335626079272
mv,x6,40768.0,0.1496,0.9803,-37.3515,12.3802,-11.0691,-9.2835,10.8046,-0.3145,-0.9547,8.5406,18.266,0.0097,0.7014,0.0062,0.4985,0.0093,0.6614,10.4259,0.0,RandomForest,0.9396525403363016,0.920275850221859,0.9400758335280511,0.9403481758017915,0.9403917229905873,0.9402367704485245,0.9394702673536387,0.9325251577344683,0.9401945728117199
mv,x6,40768.0,0.1496,0.9803,-37.3515,12.3802,-11.0691,-9.2835,10.8046,-0.3145,-0.9547,8.5406,18.266,0.0097,0.7014,0.0062,0.4985,0.0093,0.6614,10.4259,0.0,AdaBoost,0.9338124268170678,0.9130311646933047,0.9383908500722136,0.9384939975968956,0.9389619848034159,0.9393207739507345,0.9360666595287048,0.9276373224246776,0.9390706356341118
mv,x6,40768.0,0.1496,0.9803,-37.3515,12.3802,-11.0691,-9.2835,10.8046,-0.3145,-0.9547,8.5406,18.266,0.0097,0.7014,0.0062,0.4985,0.0093,0.6614,10.4259,0.0,SVC,0.8946122091182733,0.8788602070856006,0.8983795555297645,0.8989913859351961,0.8991134834346018,0.8990289710767745,0.8955089162119354,0.892147140717815,0.8988698406807597
mv,x6,40768.0,0.0979,0.9792,-37.3515,12.3802,-11.0088,-9.1731,10.7945,-0.3255,-0.9415,8.4762,18.1822,0.0066,0.6997,0.004,0.4982,0.006,0.6608,10.4835,0.0,DecisionTree,0.9442721601166326,0.9283932458500204,0.9464869962043991,0.9464609700143132,0.9461363374081011,0.9469225735449264,0.9441372985915301,0.941686873452263,0.9467550084292182
mv,x6,40768.0,0.0979,0.9792,-37.3515,12.3802,-11.0088,-9.1731,10.7945,-0.3255,-0.9415,8.4762,18.1822,0.0066,0.6997,0.004,0.4982,0.006,0.6608,10.4835,0.0,LogisticRegression,0.9203912179077018,0.913057837917412,0.9368830313099482,0.9362634389589342,0.9363644364058072,0.9363817558275107,0.9184233056365754,0.9185911844707206,0.9363800602760464
mv,x6,40768.0,0.0979,0.9792,-37.3515,12.3802,-11.0088,-9.1731,10.7945,-0.3255,-0.9415,8.4762,18.1822,0.0066,0.6997,0.004,0.4982,0.006,0.6608,10.4835,0.0,KNN,0.9431645791961231,0.9257280034297113,0.9450408940398469,0.945137497846277,0.9449760667130979,0.9449775011939491,0.9430138517697876,0.9379118347207118,0.9452026214545086
mv,x6,40768.0,0.0979,0.9792,-37.3515,12.3802,-11.0088,-9.1731,10.7945,-0.3255,-0.9415,8.4762,18.1822,0.0066,0.6997,0.004,0.4982,0.006,0.6608,10.4835,0.0,RandomForest,0.9477409561033692,0.9304836849490836,0.948122283047617,0.9479985793131077,0.9486294323452463,0.9483208472394498,0.9471233143243519,0.942826417643345,0.9478972827251563
mv,x6,40768.0,0.0979,0.9792,-37.3515,12.3802,-11.0088,-9.1731,10.7945,-0.3255,-0.9415,8.4762,18.1822,0.0066,0.6997,0.004,0.4982,0.006,0.6608,10.4835,0.0,AdaBoost,0.9432180378307783,0.9256336632506605,0.9458442246795198,0.9461412199635663,0.9465727811274877,0.9464104216549579,0.9425154508380821,0.9395717710846369,0.9468548882370971
mv,x6,40768.0,0.0979,0.9792,-37.3515,12.3802,-11.0088,-9.1731,10.7945,-0.3255,-0.9415,8.4762,18.1822,0.0066,0.6997,0.004,0.4982,0.006,0.6608,10.4835,0.0,SVC,0.9040771565246201,0.892729491452455,0.9065658170209263,0.9071845849972293,0.9074078440423274,0.9070809436947646,0.9042694666086509,0.9020940408624303,0.9072087827451529
mv,x6,40768.0,0.0496,0.9782,-37.3515,12.3802,-11.0443,-9.2156,10.8106,-0.322,-0.9483,8.5016,18.2499,0.0049,0.7008,0.0026,0.4996,0.004,0.6626,10.5342,0.0,DecisionTree,0.9506519458596215,0.9357524678500867,0.9513397293214796,0.9515355010626613,0.9510905588867992,0.9512768674457623,0.9501628036788042,0.9491189178489587,0.9511932337840738
mv,x6,40768.0,0.0496,0.9782,-37.3515,12.3802,-11.0443,-9.2156,10.8106,-0.322,-0.9483,8.5016,18.2499,0.0049,0.7008,0.0026,0.4996,0.004,0.6626,10.5342,0.0,LogisticRegression,0.9307948954904761,0.934158460960363,0.9437406825026439,0.9438225801078526,0.9438003898752313,0.9438205903839938,0.9295357600967777,0.9293452349486396,0.9438003674731354
mv,x6,40768.0,0.0496,0.9782,-37.3515,12.3802,-11.0443,-9.2156,10.8106,-0.322,-0.9483,8.5016,18.2499,0.0049,0.7008,0.0026,0.4996,0.004,0.6626,10.5342,0.0,KNN,0.9480053040119614,0.9378570188960378,0.9500029054542223,0.9501898861304183,0.9498816737159432,0.9502112162410863,0.9483964875037314,0.9446412455904796,0.9503538324544887
mv,x6,40768.0,0.0496,0.9782,-37.3515,12.3802,-11.0443,-9.2156,10.8106,-0.322,-0.9483,8.5016,18.2499,0.0049,0.7008,0.0026,0.4996,0.004,0.6626,10.5342,0.0,RandomForest,0.952554435656686,0.942196488948994,0.9530081769174993,0.9534744369649226,0.9532683375409194,0.953723025349036,0.9527181975521278,0.9503972450277676,0.9534987176006009
mv,x6,40768.0,0.0496,0.9782,-37.3515,12.3802,-11.0443,-9.2156,10.8106,-0.322,-0.9483,8.5016,18.2499,0.0049,0.7008,0.0026,0.4996,0.004,0.6626,10.5342,0.0,AdaBoost,0.9507325360796828,0.9396835034143709,0.951500584341081,0.9518064700998823,0.9512391262968685,0.9519072299164786,0.9497097177659045,0.9473627181035159,0.9517212038414036
mv,x6,40768.0,0.0496,0.9782,-37.3515,12.3802,-11.0443,-9.2156,10.8106,-0.322,-0.9483,8.5016,18.2499,0.0049,0.7008,0.0026,0.4996,0.004,0.6626,10.5342,0.0,SVC,0.9100346251407059,0.9045158703919587,0.9116089631199533,0.9115765507782374,0.9116575118790865,0.9115751056791489,0.9104532382198591,0.9086002430384506,0.911577228279553
stars,L,240.0,0.5167,0.9138,0.0001,834042.0,121456.1278,0.096,190552.6519,1.9319,3.5577,0.0959,199999.999,0.5107,0.7156,0.6777,0.6873,0.868,0.8753,4.6176,0.0008,DecisionTree,0.985954246370913,0.985954246370913,0.985954246370913,0.985954246370913,0.985954246370913,0.985954246370913,1.0,1.0,0.985954246370913
stars,L,240.0,0.5167,0.9138,0.0001,834042.0,121456.1278,0.096,190552.6519,1.9319,3.5577,0.0959,199999.999,0.5107,0.7156,0.6777,0.6873,0.868,0.8753,4.6176,0.0008,LogisticRegression,0.9722059760544692,0.9722059760544692,0.9579107243425088,0.9646995742524888,0.9684902389273027,0.9721104022002438,0.965208192973473,0.9722059760544692,0.9722059760544692
stars,L,240.0,0.5167,0.9138,0.0001,834042.0,121456.1278,0.096,190552.6519,1.9319,3.5577,0.0959,199999.999,0.5107,0.7156,0.6777,0.6873,0.868,0.8753,4.6176,0.0008,KNN,0.9262545358823222,0.9152178585408203,0.9191487892626867,0.9186217256848569,0.9256781924911364,0.9258044263513303,0.9150078427606291,0.9152178585408203,0.9188317414650481
stars,L,240.0,0.5167,0.9138,0.0001,834042.0,121456.1278,0.096,190552.6519,1.9319,3.5577,0.0959,199999.999,0.5107,0.7156,0.6777,0.6873,0.868,0.8753,4.6176,0.0008,RandomForest,0.9965277777777778,1.0,0.9965109427609428,0.9930387205387206,0.9965109427609428,0.9930594178717094,0.9930323440142261,0.9930284816980723,0.9965277777777778
stars,L,240.0,0.5167,0.9138,0.0001,834042.0,121456.1278,0.096,190552.6519,1.9319,3.5577,0.0959,199999.999,0.5107,0.7156,0.6777,0.6873,0.868,0.8753,4.6176,0.0008,AdaBoost,0.5197766027249723,0.5197766027249723,0.5197766027249723,0.5197766027249723,0.5197766027249723,0.5197766027249723,0.5197766027249723,0.5197766027249723,0.5197766027249723
stars,L,240.0,0.5167,0.9138,0.0001,834042.0,121456.1278,0.096,190552.6519,1.9319,3.5577,0.0959,199999.999,0.5107,0.7156,0.6777,0.6873,0.868,0.8753,4.6176,0.0008,SVC,0.9301596830661689,0.9405083153748375,0.9369112967483535,0.9369112967483535,0.9338159394863296,0.9403278428926869,0.9436036726368614,0.9405083153748375,0.9405083153748375
stars,L,240.0,0.4083,0.8803,0.0001,834042.0,116978.4016,0.5835,179508.8581,1.7669,3.1519,0.5834,202999.9991,0.5127,0.7315,0.6914,0.7154,0.8803,0.8967,4.7825,0.0008,DecisionTree,0.985954246370913,0.9755375797042464,0.985954246370913,0.979026336318003,0.985954246370913,0.985954246370913,1.0,1.0,0.985954246370913
stars,L,240.0,0.4083,0.8803,0.0001,834042.0,116978.4016,0.5835,179508.8581,1.7669,3.1519,0.5834,202999.9991,0.5127,0.7315,0.6914,0.7154,0.8803,0.8967,4.7825,0.0008,LogisticRegression,0.9754616510843378,0.9754616510843378,0.9681585646664551,0.9681585646664551,0.9681585646664551,0.9681585646664551,0.971919464260688,0.9754616510843378,0.9722059760544692
stars,L,240.0,0.4083,0.8803,0.0001,834042.0,116978.4016,0.5835,179508.8581,1.7669,3.1519,0.5834,202999.9991,0.5127,0.7315,0.6914,0.7154,0.8803,0.8967,4.7825,0.0008,KNN,0.9371273797865863,0.9196384431766355,0.9260936006664648,0.9298594568778746,0.9261625949913576,0.9301523586725914,0.9301523586725914,0.9196384431766355,0.9301523586725914
stars,L,240.0,0.4083,0.8803,0.0001,834042.0,116978.4016,0.5835,179508.8581,1.7669,3.1519,0.5834,202999.9991,0.5127,0.7315,0.6914,0.7154,0.8803,0.8967,4.7825,0.0008,RandomForest,1.0,1.0,0.9965277777777778,1.0,0.9965109427609428,1.0,0.9965109427609428,0.9965316400939316,1.0
stars,L,240.0,0.4083,0.8803,0.0001,834042.0,116978.4016,0.5835,179508.8581,1.7669,3.1519,0.5834,202999.9991,0.5127,0.7315,0.6914,0.7154,0.8803,0.8967,4.7825,0.0008,AdaBoost,0.5197766027249723,0.5197766027249723,0.5197766027249723,0.5197766027249723,0.5197766027249723,0.5197766027249723,0.5197766027249723,0.5197766027249723,0.5197766027249723
stars,L,240.0,0.4083,0.8803,0.0001,834042.0,116978.4016,0.5835,179508.8581,1.7669,3.1519,0.5834,202999.9991,0.5127,0.7315,0.6914,0.7154,0.8803,0.8967,4.7825,0.0008,SVC,0.9548571137907259,0.9478916567065007,0.9369112967483535,0.944215510322021,0.9403278428926869,0.9403278428926869,0.9546922296813009,0.9478916567065007,0.9478916567065007
stars,L,240.0,0.3333,0.8938,0.0001,849420.0,112627.1639,1.0845,181463.332,2.0357,4.4341,1.0844,199999.999,0.5763,0.6911,0.7132,0.7269,0.8936,0.9033,4.9127,0.0005,DecisionTree,0.985954246370913,0.979026336318003,0.9755375797042464,0.985954246370913,0.982490320975984,0.985954246370913,1.0,1.0,0.985954246370913
stars,L,240.0,0.3333,0.8938,0.0001,849420.0,112627.1639,1.0845,181463.332,2.0357,4.4341,1.0844,199999.999,0.5763,0.6911,0.7132,0.7269,0.8936,0.9033,4.9127,0.0005,LogisticRegression,0.9720026563753431,0.9650723931519765,0.9682402739956739,0.9682402739956739,0.9717293312347312,0.9752286273144366,0.9684431761755372,0.9650723931519765,0.9650723931519765
stars,L,240.0,0.3333,0.8938,0.0001,849420.0,112627.1639,1.0845,181463.332,2.0357,4.4341,1.0844,199999.999,0.5763,0.6911,0.7132,0.7269,0.8936,0.9033,4.9127,0.0005,KNN,0.9191416617210445,0.9118230626266152,0.9362676247497322,0.9259792715763183,0.936749837905402,0.9226358413794399,0.9261624358914271,0.9118230626266152,0.9118230626266152
stars,L,240.0,0.3333,0.8938,0.0001,849420.0,112627.1639,1.0845,181463.332,2.0357,4.4341,1.0844,199999.999,0.5763,0.6911,0.7132,0.7269,0.8936,0.9033,4.9127,0.0005,RandomForest,0.9965316400939316,1.0,1.0,1.0,1.0,0.996516595097513,0.9930116466812373,0.9930176467773068,1.0
stars,L,240.0,0.3333,0.8938,0.0001,849420.0,112627.1639,1.0845,181463.332,2.0357,4.4341,1.0844,199999.999,0.5763,0.6911,0.7132,0.7269,0.8936,0.9033,4.9127,0.0005,AdaBoost,0.5197766027249723,0.5197766027249723,0.5197766027249723,0.5197766027249723,0.5197766027249723,0.5197766027249723,0.5197766027249723,0.5197766027249723,0.5197766027249723
stars,L,240.0,0.3333,0.8938,0.0001,849420.0,112627.1639,1.0845,181463.332,2.0357,4.4341,1.0844,199999.999,0.5763,0.6911,0.7132,0.7269,0.8936,0.9033,4.9127,0.0005,SVC,0.933727747397159,0.9370917692305041,0.940187126492528,0.940187126492528,0.940187126492528,0.940187126492528,0.940187126492528,0.9370917692305041,0.9370917692305041
stars,L,240.0,0.3875,0.8844,0.0001,813000.0,87133.9871,0.0085,154983.6248,2.2043,5.3865,0.0084,148499.9992,0.6087,0.7034,0.7038,0.709,0.8869,0.8883,4.8136,0.0007,DecisionTree,0.985954246370913,0.985954246370913,0.979026336318003,0.985954246370913,0.985954246370913,0.985954246370913,1.0,1.0,0.985954246370913
stars,L,240.0,0.3875,0.8844,0.0001,813000.0,87133.9871,0.0085,154983.6248,2.2043,5.3865,0.0084,148499.9992,0.6087,0.7034,0.7038,0.709,0.8869,0.8883,4.8136,0.0007,LogisticRegression,0.9754616510843378,0.9754616510843378,0.9717647019195076,0.9717647019195076,0.9752286273144366,0.9786962678069309,0.9722059760544692,0.9754616510843378,0.9754616510843378
stars,L,240.0,0.3875,0.8844,0.0001,813000.0,87133.9871,0.0085,154983.6248,2.2043,5.3865,0.0084,148499.9992,0.6087,0.7034,0.7038,0.709,0.8869,0.8883,4.8136,0.0007,KNN,0.9373127809522128,0.937424372195125,0.9364397837064589,0.9404787569705784,0.9327673273789814,0.933380559311658,0.9367201384250824,0.9339564480375456,0.937424372195125
stars,L,240.0,0.3875,0.8844,0.0001,813000.0,87133.9871,0.0085,154983.6248,2.2043,5.3865,0.0084,148499.9992,0.6087,0.7034,0.7038,0.709,0.8869,0.8883,4.8136,0.0007,RandomForest,0.9965316400939316,0.9965109427609428,0.9965277777777778,0.9965277777777778,1.0,1.0,0.9895562594758501,0.9861228020950243,0.9965007039202946
stars,L,240.0,0.3875,0.8844,0.0001,813000.0,87133.9871,0.0085,154983.6248,2.2043,5.3865,0.0084,148499.9992,0.6087,0.7034,0.7038,0.709,0.8869,0.8883,4.8136,0.0007,AdaBoost,0.5197766027249723,0.5197766027249723,0.5197766027249723,0.5197766027249723,0.5197766027249723,0.5197766027249723,0.5197766027249723,0.5197766027249723,0.5197766027249723
stars,L,240.0,0.3875,0.8844,0.0001,813000.0,87133.9871,0.0085,154983.6248,2.2043,5.3865,0.0084,148499.9992,0.6087,0.7034,0.7038,0.709,0.8869,0.8883,4.8136,0.0007,SVC,0.9514163999371262,0.9514163999371262,0.9479998537927928,0.9479998537927928,0.9407989641776876,0.9478916567065007,0.9514163999371262,0.9514163999371262,0.9514163999371262
stars,L,240.0,0.2917,0.9,0.0001,849420.0,123447.581,0.8145,193985.8394,1.8276,3.1071,0.8144,202174.9991,0.558,0.7,0.7002,0.72,0.8886,0.8986,4.991,0.0004,DecisionTree,0.985954246370913,0.982490320975984,0.985954246370913,0.985954246370913,0.982490320975984,0.985954246370913,1.0,1.0,0.985954246370913
stars,L,240.0,0.2917,0.9,0.0001,849420.0,123447.581,0.8145,193985.8394,1.8276,3.1071,0.8144,202174.9991,0.558,0.7,0.7002,0.72,0.8886,0.8986,4.991,0.0004,LogisticRegression,0.9720026563753431,0.9722059760544692,0.9786874086764438,0.9751983514373865,0.9716990553576811,0.9754365192402096,0.9754365192402096,0.9722059760544692,0.9722059760544692
stars,L,240.0,0.2917,0.9,0.0001,849420.0,123447.581,0.8145,193985.8394,1.8276,3.1071,0.8144,202174.9991,0.558,0.7,0.7002,0.72,0.8886,0.8986,4.991,0.0004,KNN,0.9260015294110762,0.9044350813018522,0.9441392077947719,0.9226122797718266,0.9297904242094647,0.9152229098824566,0.9188284812658057,0.9044350813018522,0.9044350813018522
stars,L,240.0,0.2917,0.9,0.0001,849420.0,123447.581,0.8145,193985.8394,1.8276,3.1071,0.8144,202174.9991,0.558,0.7,0.7002,0.72,0.8886,0.8986,4.991,0.0004,RandomForest,0.9965316400939316,1.0,1.0,0.9965277777777778,0.9965109427609428,0.9965277777777778,0.9930284816980723,0.9895601217920039,1.0
stars,L,240.0,0.2917,0.9,0.0001,849420.0,123447.581,0.8145,193985.8394,1.8276,3.1071,0.8144,202174.9991,0.558,0.7,0.7002,0.72,0.8886,0.8986,4.991,0.0004,AdaBoost,0.5197766027249723,0.5197766027249723,0.5197766027249723,0.5197766027249723,0.5197766027249723,0.5197766027249723,0.5197766027249723,0.5197766027249723,0.5197766027249723
stars,L,240.0,0.2917,0.9,0.0001,849420.0,123447.581,0.8145,193985.8394,1.8276,3.1071,0.8144,202174.9991,0.558,0.7,0.7002,0.72,0.8886,0.8986,4.991,0.0004,SVC,0.933324577723156,0.940187126492528,0.9403278428926869,0.9403278428926869,0.9369112967483535,0.9369112967483535,0.9369112967483535,0.940187126492528,0.940187126492528
stars,L,240.0,0.2083,0.9211,0.0001,849420.0,103559.4542,0.008,184228.2757,2.1905,4.8051,0.0079,183999.9993,0.5121,0.6834,0.684,0.6997,0.8718,0.885,5.1275,0.0003,DecisionTree,0.985954246370913,0.982490320975984,0.985954246370913,0.985954246370913,0.982490320975984,0.985954246370913,1.0,1.0,0.985954246370913
stars,L,240.0,0.2083,0.9211,0.0001,849420.0,103559.4542,0.008,184228.2757,2.1905,4.8051,0.0079,183999.9993,0.5121,0.6834,0.684,0.6997,0.8718,0.885,5.1275,0.0003,LogisticRegression,0.9615990669092536,0.9789843828757477,0.9786874086764438,0.9716990553576811,0.9786874086764438,0.9789255764792667,0.9789255764792667,0.9789843828757477,0.9789843828757477
stars,L,240.0,0.2083,0.9211,0.0001,849420.0,103559.4542,0.008,184228.2757,2.1905,4.8051,0.0079,183999.9993,0.5121,0.6834,0.684,0.6997,0.8718,0.885,5.1275,0.0003,KNN,0.9154288808411886,0.9155293188544231,0.933122008687295,0.9296071007944253,0.936749837905402,0.9226412641973627,0.9296071007944253,0.9155293188544231,0.9155293188544231
stars,L,240.0,0.2083,0.9211,0.0001,849420.0,103559.4542,0.008,184228.2757,2.1905,4.8051,0.0079,183999.9993,0.5121,0.6834,0.684,0.6997,0.8718,0.885,5.1275,0.0003,RandomForest,0.9965316400939316,1.0,1.0,1.0,1.0,1.0,0.9930323440142261,0.9860651675854626,1.0
stars,L,240.0,0.2083,0.9211,0.0001,849420.0,103559.4542,0.008,184228.2757,2.1905,4.8051,0.0079,183999.9993,0.5121,0.6834,0.684,0.6997,0.8718,0.885,5.1275,0.0003,AdaBoost,0.5197766027249723,0.5197766027249723,0.5197766027249723,0.5197766027249723,0.5197766027249723,0.5197766027249723,0.5197766027249723,0.5197766027249723,0.5197766027249723
stars,L,240.0,0.2083,0.9211,0.0001,849420.0,103559.4542,0.008,184228.2757,2.1905,4.8051,0.0079,183999.9993,0.5121,0.6834,0.684,0.6997,0.8718,0.885,5.1275,0.0003,SVC,0.9268862525688598,0.9370917692305041,0.940187126492528,0.9369112967483535,0.940187126492528,0.940187126492528,0.940187126492528,0.9370917692305041,0.9370917692305041
stars,L,240.0,0.1875,0.8718,0.0001,849420.0,112455.7195,0.819,186998.6426,2.0537,4.151,0.8189,198099.999,0.5286,0.6729,0.7203,0.7223,0.9012,0.9035,5.0798,0.0004,DecisionTree,0.985954246370913,0.985954246370913,0.982490320975984,0.985954246370913,0.982490320975984,0.985954246370913,1.0,1.0,0.985954246370913
stars,L,240.0,0.1875,0.8718,0.0001,849420.0,112455.7195,0.819,186998.6426,2.0537,4.151,0.8189,198099.999,0.5286,0.6729,0.7203,0.7223,0.9012,0.9035,5.0798,0.0004,LogisticRegression,0.9720026563753431,0.9754616510843378,0.9751983514373865,0.9716990553576811,0.9751983514373865,0.9681585646664551,0.9751983514373865,0.9754616510843378,0.9754616510843378
stars,L,240.0,0.1875,0.8718,0.0001,849420.0,112455.7195,0.819,186998.6426,2.0537,4.151,0.8189,198099.999,0.5286,0.6729,0.7203,0.7223,0.9012,0.9035,5.0798,0.0004,KNN,0.9261624358914271,0.9188284812658057,0.9406733712685906,0.9298012508631274,0.9332996087972782,0.9226896734651205,0.9188284812658057,0.9188284812658057,0.9188284812658057
stars,L,240.0,0.1875,0.8718,0.0001,849420.0,112455.7195,0.819,186998.6426,2.0537,4.151,0.8189,198099.999,0.5286,0.6729,0.7203,0.7223,0.9012,0.9035,5.0798,0.0004,RandomForest,1.0,1.0,1.0,1.0,1.0,1.0,0.9965316400939316,0.9930894804017719,1.0
stars,L,240.0,0.1875,0.8718,0.0001,849420.0,112455.7195,0.819,186998.6426,2.0537,4.151,0.8189,198099.999,0.5286,0.6729,0.7203,0.7223,0.9012,0.9035,5.0798,0.0004,AdaBoost,0.5197766027249723,0.5197766027249723,0.5197766027249723,0.5197766027249723,0.5197766027249723,0.5197766027249723,0.5197766027249723,0.5197766027249723,0.5197766027249723
stars,L,240.0,0.1875,0.8718,0.0001,849420.0,112455.7195,0.819,186998.6426,2.0537,4.151,0.8189,198099.999,0.5286,0.6729,0.7203,0.7223,0.9012,0.9035,5.0798,0.0004,SVC,0.940187126492528,0.940187126492528,0.9403278428926869,0.9403278428926869,0.9369112967483535,0.9369112967483535,0.9369112967483535,0.940187126492528,0.940187126492528
stars,L,240.0,0.1458,0.878,0.0001,849420.0,105689.8982,0.022,179219.4277,2.1185,4.6575,0.0219,194999.9992,0.5128,0.6938,0.6905,0.6977,0.8791,0.8857,5.1446,0.0004,DecisionTree,0.985954246370913,0.985954246370913,0.982490320975984,0.985954246370913,0.982490320975984,0.985954246370913,1.0,1.0,0.985954246370913
stars,L,240.0,0.1458,0.878,0.0001,849420.0,105689.8982,0.022,179219.4277,2.1185,4.6575,0.0219,194999.9992,0.5128,0.6938,0.6905,0.6977,0.8791,0.8857,5.1446,0.0004,LogisticRegression,0.9754616510843378,0.9755297213176379,0.9752452489842841,0.9682655979768553,0.9752452489842841,0.9754616510843378,0.9754709149211569,0.9755297213176379,0.9755297213176379
stars,L,240.0,0.1458,0.878,0.0001,849420.0,105689.8982,0.022,179219.4277,2.1185,4.6575,0.0219,194999.9992,0.5128,0.6938,0.6905,0.6977,0.8791,0.8857,5.1446,0.0004,KNN,0.9158374856411331,0.9227048580109565,0.9296717795791712,0.9300150638737594,0.9368145166901479,0.9263187409351843,0.9332996087972782,0.9227048580109565,0.9227048580109565
stars,L,240.0,0.1458,0.878,0.0001,849420.0,105689.8982,0.022,179219.4277,2.1185,4.6575,0.0219,194999.9992,0.5128,0.6938,0.6905,0.6977,0.8791,0.8857,5.1446,0.0004,RandomForest,1.0,1.0,1.0,1.0,1.0,1.0,0.9965329218106995,1.0,1.0
stars,L,240.0,0.1458,0.878,0.0001,849420.0,105689.8982,0.022,179219.4277,2.1185,4.6575,0.0219,194999.9992,0.5128,0.6938,0.6905,0.6977,0.8791,0.8857,5.1446,0.0004,AdaBoost,0.5197766027249723,0.5197766027249723,0.5197766027249723,0.5197766027249723,0.5197766027249723,0.5197766027249723,0.5197766027249723,0.5197766027249723,0.5197766027249723
stars,L,240.0,0.1458,0.878,0.0001,849420.0,105689.8982,0.022,179219.4277,2.1185,4.6575,0.0219,194999.9992,0.5128,0.6938,0.6905,0.6977,0.8791,0.8857,5.1446,0.0004,SVC,0.9470443864904609,0.9436036726368614,0.940187126492528,0.9369112967483535,0.9436036726368614,0.9436036726368614,0.9403278428926869,0.9436036726368614,0.9436036726368614
stars,L,240.0,0.125,0.8571,0.0001,849420.0,101133.7842,0.119,172930.1978,2.2107,5.3427,0.1189,193249.9991,0.4724,0.6798,0.7066,0.7161,0.8909,0.8991,5.1297,0.0004,DecisionTree,0.9718951505103466,0.985954246370913,0.9821767275933942,0.985954246370913,0.982490320975984,0.9754870746537413,1.0,1.0,0.9718951505103466
stars,L,240.0,0.125,0.8571,0.0001,849420.0,101133.7842,0.119,172930.1978,2.2107,5.3427,0.1189,193249.9991,0.4724,0.6798,0.7066,0.7161,0.8909,0.8991,5.1297,0.0004,LogisticRegression,0.9720026563753431,0.9684993966192292,0.9786874086764438,0.9752452489842841,0.9786874086764438,0.9752452489842841,0.9685298646333325,0.9684993966192292,0.9684993966192292
stars,L,240.0,0.125,0.8571,0.0001,849420.0,101133.7842,0.119,172930.1978,2.2107,5.3427,0.1189,193249.9991,0.4724,0.6798,0.7066,0.7161,0.8909,0.8991,5.1297,0.0004,KNN,0.9193887373987506,0.9263358935678466,0.9296717795791712,0.9333870130118376,0.9296717795791712,0.9334365277672347,0.9260160256109172,0.9263358935678466,0.9263358935678466
stars,L,240.0,0.125,0.8571,0.0001,849420.0,101133.7842,0.119,172930.1978,2.2107,5.3427,0.1189,193249.9991,0.4724,0.6798,0.7066,0.7161,0.8909,0.8991,5.1297,0.0004,RandomForest,1.0,1.0,1.0,1.0,1.0,1.0,0.9930689964157706,1.0,1.0
stars,L,240.0,0.125,0.8571,0.0001,849420.0,101133.7842,0.119,172930.1978,2.2107,5.3427,0.1189,193249.9991,0.4724,0.6798,0.7066,0.7161,0.8909,0.8991,5.1297,0.0004,AdaBoost,0.5197766027249723,0.5197766027249723,0.5197766027249723,0.5197766027249723,0.5197766027249723,0.5197766027249723,0.5197766027249723,0.5197766027249723,0.5197766027249723
stars,L,240.0,0.125,0.8571,0.0001,849420.0,101133.7842,0.119,172930.1978,2.2107,5.3427,0.1189,193249.9991,0.4724,0.6798,0.7066,0.7161,0.8909,0.8991,5.1297,0.0004,SVC,0.9401051457008345,0.9436036726368614,0.940187126492528,0.940187126492528,0.940187126492528,0.9436036726368614,0.9436036726368614,0.9436036726368614,0.9436036726368614
stars,L,240.0,0.0417,0.8652,0.0001,849420.0,109440.3382,0.119,181668.4462,2.0207,4.1301,0.1189,198149.9991,0.5264,0.6911,0.7003,0.7044,0.8882,0.8899,5.2335,0.0003,DecisionTree,0.985954246370913,0.982490320975984,0.982490320975984,0.985954246370913,0.982490320975984,0.985954246370913,1.0,1.0,0.985954246370913
stars,L,240.0,0.0417,0.8652,0.0001,849420.0,109440.3382,0.119,181668.4462,2.0207,4.1301,0.1189,198149.9991,0.5264,0.6911,0.7003,0.7044,0.8882,0.8899,5.2335,0.0003,LogisticRegression,0.9751881125967383,0.9720045711589678,0.9751983514373865,0.9716990553576811,0.9751983514373865,0.9786874086764438,0.9751983514373865,0.9720045711589678,0.9720045711589678
stars,L,240.0,0.0417,0.8652,0.0001,849420.0,109440.3382,0.119,181668.4462,2.0207,4.1301,0.1189,198149.9991,0.5264,0.6911,0.7003,0.7044,0.8882,0.8899,5.2335,0.0003,KNN,0.9262468355807119,0.9262468355807119,0.9259792715763183,0.9262468355807119,0.9259792715763183,0.9262468355807119,0.9259792715763183,0.9262468355807119,0.9262468355807119
stars,L,240.0,0.0417,0.8652,0.0001,849420.0,109440.3382,0.119,181668.4462,2.0207,4.1301,0.1189,198149.9991,0.5264,0.6911,0.7003,0.7044,0.8882,0.8899,5.2335,0.0003,RandomForest,1.0,1.0,1.0,1.0,1.0,1.0,0.9965007039202946,0.9930594178717094,1.0
stars,L,240.0,0.0417,0.8652,0.0001,849420.0,109440.3382,0.119,181668.4462,2.0207,4.1301,0.1189,198149.9991,0.5264,0.6911,0.7003,0.7044,0.8882,0.8899,5.2335,0.0003,AdaBoost,0.5197766027249723,0.5197766027249723,0.5197766027249723,0.5197766027249723,0.5197766027249723,0.5197766027249723,0.5197766027249723,0.5197766027249723,0.5197766027249723
stars,L,240.0,0.0417,0.8652,0.0001,849420.0,109440.3382,0.119,181668.4462,2.0207,4.1301,0.1189,198149.9991,0.5264,0.6911,0.7003,0.7044,0.8882,0.8899,5.2335,0.0003,SVC,0.940187126492528,0.9369112967483535,0.9369112967483535,0.9369112967483535,0.9369112967483535,0.940187126492528,0.940187126492528,0.9369112967483535,0.9369112967483535
stars,R,240.0,0.45,0.9394,0.0084,1783.0,248.4967,0.7325,515.4919,1.8167,1.5674,0.7232,58.1562,0.531,0.6164,0.6654,0.6914,0.8492,0.8757,4.7988,0.0004,DecisionTree,1.0,1.0,0.9860814920475119,1.0,1.0,1.0,1.0,1.0,1.0
stars,R,240.0,0.45,0.9394,0.0084,1783.0,248.4967,0.7325,515.4919,1.8167,1.5674,0.7232,58.1562,0.531,0.6164,0.6654,0.6914,0.8492,0.8757,4.7988,0.0004,LogisticRegression,0.9373203984602346,0.9441526601763951,0.9752452489842841,0.9786874086764438,0.9786874086764438,0.9444572059035975,0.9544759917823968,0.9477266304072466,0.9240423984700419
stars,R,240.0,0.45,0.9394,0.0084,1783.0,248.4967,0.7325,515.4919,1.8167,1.5674,0.7232,58.1562,0.531,0.6164,0.6654,0.6914,0.8492,0.8757,4.7988,0.0004,KNN,0.867289615011084,0.890769664982034,0.9296561721611136,0.9335173643604284,0.9335173643604284,0.890615009966268,0.890615009966268,0.8976080997635789,0.8698197468574189
stars,R,240.0,0.45,0.9394,0.0084,1783.0,248.4967,0.7325,515.4919,1.8167,1.5674,0.7232,58.1562,0.531,0.6164,0.6654,0.6914,0.8492,0.8757,4.7988,0.0004,RandomForest,0.9931541982323232,1.0,1.0,1.0,0.9965109427609428,0.9861874959531209,0.9825838479331127,0.9862041014513087,0.9757824162349156
stars,R,240.0,0.45,0.9394,0.0084,1783.0,248.4967,0.7325,515.4919,1.8167,1.5674,0.7232,58.1562,0.531,0.6164,0.6654,0.6914,0.8492,0.8757,4.7988,0.0004,AdaBoost,0.3548616179123842,0.3548616179123842,0.43646792190842765,0.3548616179123842,0.3548616179123842,0.3548616179123842,0.3548616179123842,0.3548616179123842,0.3548616179123842
stars,R,240.0,0.45,0.9394,0.0084,1783.0,248.4967,0.7325,515.4919,1.8167,1.5674,0.7232,58.1562,0.531,0.6164,0.6654,0.6914,0.8492,0.8757,4.7988,0.0004,SVC,0.902993246872694,0.9062350288693173,0.9403278428926869,0.9403278428926869,0.9403278428926869,0.9237471182809831,0.92724564521701,0.8851171923536032,0.8710646886281118
stars,R,240.0,0.4875,0.9512,0.0089,1783.0,241.5671,0.46,509.8933,1.8392,1.6514,0.4491,47.9034,0.6176,0.6544,0.656,0.6731,0.8298,0.8627,4.7446,0.0004,DecisionTree,1.0,1.0,0.996536074605071,0.9965160867938646,0.9930482351914446,1.0,1.0,1.0,0.9927765376984127
stars,R,240.0,0.4875,0.9512,0.0089,1783.0,241.5671,0.46,509.8933,1.8392,1.6514,0.4491,47.9034,0.6176,0.6544,0.656,0.6731,0.8298,0.8627,4.7446,0.0004,LogisticRegression,0.9309861344158836,0.9311398954060628,0.97207977471159,0.9651192208975878,0.9583544968208142,0.9342715180137672,0.9311398954060628,0.9483823619070737,0.9311398954060628
stars,R,240.0,0.4875,0.9512,0.0089,1783.0,241.5671,0.46,509.8933,1.8392,1.6514,0.4491,47.9034,0.6176,0.6544,0.656,0.6731,0.8298,0.8627,4.7446,0.0004,KNN,0.8562099172055146,0.8481471657592584,0.9153239905336734,0.9260851236906399,0.915252093060893,0.8686253437994715,0.8615140133290881,0.857996568566203,0.8448027330196274
stars,R,240.0,0.4875,0.9512,0.0089,1783.0,241.5671,0.46,509.8933,1.8392,1.6514,0.4491,47.9034,0.6176,0.6544,0.656,0.6731,0.8298,0.8627,4.7446,0.0004,RandomForest,0.9896734756089225,0.9725664924710065,1.0,0.9929012345679012,0.9860801110461368,0.9757863527679954,0.9689612390376399,0.9723212691671863,0.9794122942386831
stars,R,240.0,0.4875,0.9512,0.0089,1783.0,241.5671,0.46,509.8933,1.8392,1.6514,0.4491,47.9034,0.6176,0.6544,0.656,0.6731,0.8298,0.8627,4.7446,0.0004,AdaBoost,0.3548616179123842,0.3548616179123842,0.3548616179123842,0.3548616179123842,0.3489867300622564,0.3548616179123842,0.3548616179123842,0.3548616179123842,0.3548616179123842
stars,R,240.0,0.4875,0.9512,0.0089,1783.0,241.5671,0.46,509.8933,1.8392,1.6514,0.4491,47.9034,0.6176,0.6544,0.656,0.6731,0.8298,0.8627,4.7446,0.0004,SVC,0.8753978520488938,0.8758580250589562,0.9233310817832225,0.9367190240742032,0.9231290875491687,0.8965573829649249,0.8930951139020297,0.8593571877714563,0.8859806705186912
stars,R,240.0,0.4,0.9375,0.0084,1948.5,261.2609,0.945,543.3139,1.8085,1.5145,0.9361,65.3972,0.6214,0.6287,0.696,0.7137,0.868,0.8921,4.8832,0.0003,DecisionTree,1.0,1.0,0.9895645563031433,0.9965316400939316,0.9895871956494872,1.0,1.0,1.0,1.0
stars,R,240.0,0.4,0.9375,0.0084,1948.5,261.2609,0.945,543.3139,1.8085,1.5145,0.9361,65.3972,0.6214,0.6287,0.696,0.7137,0.868,0.8921,4.8832,0.0003,LogisticRegression,0.9441324282245644,0.9302769423966781,0.9688441588547456,0.9786874086764438,0.9752452489842841,0.944482712909248,0.9547238906458968,0.9508593057923374,0.930532530772153
stars,R,240.0,0.4,0.9375,0.0084,1948.5,261.2609,0.945,543.3139,1.8085,1.5145,0.9361,65.3972,0.6214,0.6287,0.696,0.7137,0.868,0.8921,4.8832,0.0003,KNN,0.875198044302178,0.8639073918911346,0.9224082231058446,0.9259792715763183,0.9184154462909893,0.8868906880516962,0.8868906880516962,0.8872362183907917,0.8507037322653299
stars,R,240.0,0.4,0.9375,0.0084,1948.5,261.2609,0.945,543.3139,1.8085,1.5145,0.9361,65.3972,0.6214,0.6287,0.696,0.7137,0.868,0.8921,4.8832,0.0003,RandomForest,0.9965338164251207,0.9965389604580426,1.0,1.0,1.0,0.9930555555555556,0.9860509444981044,0.9965338164251207,0.9895871956494872
stars,R,240.0,0.4,0.9375,0.0084,1948.5,261.2609,0.945,543.3139,1.8085,1.5145,0.9361,65.3972,0.6214,0.6287,0.696,0.7137,0.868,0.8921,4.8832,0.0003,AdaBoost,0.3548616179123842,0.3548616179123842,0.5184285814494147,0.35286656796150756,0.35286656796150756,0.3548616179123842,0.3548616179123842,0.3548616179123842,0.3548616179123842
stars,R,240.0,0.4,0.9375,0.0084,1948.5,261.2609,0.945,543.3139,1.8085,1.5145,0.9361,65.3972,0.6214,0.6287,0.696,0.7137,0.868,0.8921,4.8832,0.0003,SVC,0.9060133900695335,0.8956960920908189,0.936856346317742,0.9403278428926869,0.9334852516556417,0.9026155791967135,0.8987107819785778,0.8719138055923127,0.8853423461102454
stars,R,240.0,0.2708,0.8914,0.0084,1948.5,206.1865,0.9,486.9126,2.2201,3.2682,0.8911,35.894,0.469,0.5579,0.702,0.7129,0.8762,0.8932,5.0053,0.0004,DecisionTree,1.0,1.0,0.9929177689594356,1.0,0.9860861779003851,1.0,1.0,1.0,1.0
stars,R,240.0,0.2708,0.8914,0.0084,1948.5,206.1865,0.9,486.9126,2.2201,3.2682,0.8911,35.894,0.469,0.5579,0.702,0.7129,0.8762,0.8932,5.0053,0.0004,LogisticRegression,0.937384980695386,0.9340466881860617,0.9720119202121622,0.9786874086764438,0.9786874086764438,0.933387039756166,0.944583425607157,0.9312684403958018,0.9277678149735313
stars,R,240.0,0.2708,0.8914,0.0084,1948.5,206.1865,0.9,486.9126,2.2201,3.2682,0.8911,35.894,0.469,0.5579,0.702,0.7129,0.8762,0.8932,5.0053,0.0004,KNN,0.886089042315982,0.8978902897053156,0.9224082231058446,0.9259792715763183,0.9259792715763183,0.8894296752718895,0.9010443968479495,0.8676223485283877,0.8685920328893594
stars,R,240.0,0.2708,0.8914,0.0084,1948.5,206.1865,0.9,486.9126,2.2201,3.2682,0.8911,35.894,0.469,0.5579,0.702,0.7129,0.8762,0.8932,5.0053,0.0004,RandomForest,0.9930482351914446,0.9895820516165653,1.0,1.0,1.0,0.9895871956494872,0.9895871956494872,0.9930894804017719,0.9895871956494872
stars,R,240.0,0.2708,0.8914,0.0084,1948.5,206.1865,0.9,486.9126,2.2201,3.2682,0.8911,35.894,0.469,0.5579,0.702,0.7129,0.8762,0.8932,5.0053,0.0004,AdaBoost,0.3548616179123842,0.3548616179123842,0.4470682998770327,0.3548616179123842,0.35292014514594255,0.3548616179123842,0.3548616179123842,0.3548616179123842,0.3548616179123842
stars,R,240.0,0.2708,0.8914,0.0084,1948.5,206.1865,0.9,486.9126,2.2201,3.2682,0.8911,35.894,0.469,0.5579,0.702,0.7129,0.8762,0.8932,5.0053,0.0004,SVC,0.8673674056330123,0.8957948929499864,0.9334431943300286,0.9479998537927928,0.9479998537927928,0.9205161725047895,0.909987310109146,0.8593880248540018,0.8618417604030622
stars,R,240.0,0.275,0.9138,0.0087,1948.5,250.5202,0.8705,531.5224,1.8608,1.6887,0.8612,57.884,0.5708,0.6163,0.7188,0.7299,0.8855,0.9046,5.0335,0.0003,DecisionTree,1.0,1.0,0.9965700360604012,1.0,1.0,1.0,1.0,1.0,1.0
stars,R,240.0,0.275,0.9138,0.0087,1948.5,250.5202,0.8705,531.5224,1.8608,1.6887,0.8612,57.884,0.5708,0.6163,0.7188,0.7299,0.8855,0.9046,5.0335,0.0003,LogisticRegression,0.9411751370673855,0.9359024034300307,0.9754317336465752,0.9786874086764438,0.9786874086764438,0.9517097810409214,0.9437710503651738,0.9377280960674681,0.9380354186875925
stars,R,240.0,0.275,0.9138,0.0087,1948.5,250.5202,0.8705,531.5224,1.8608,1.6887,0.8612,57.884,0.5708,0.6163,0.7188,0.7299,0.8855,0.9046,5.0335,0.0003,KNN,0.8699278908961953,0.8646614337462364,0.9298404637756331,0.9298404637756331,0.9298404637756331,0.9046684050768428,0.8985020177150685,0.8905428847749076,0.8801471261130199
stars,R,240.0,0.275,0.9138,0.0087,1948.5,250.5202,0.8705,531.5224,1.8608,1.6887,0.8612,57.884,0.5708,0.6163,0.7188,0.7299,0.8855,0.9046,5.0335,0.0003,RandomForest,0.9861228020950243,0.9930176467773068,0.996496269409155,1.0,0.996496269409155,0.9860509684705592,0.9825603507297328,0.9826393971925373,0.9826205173427396
stars,R,240.0,0.275,0.9138,0.0087,1948.5,250.5202,0.8705,531.5224,1.8608,1.6887,0.8612,57.884,0.5708,0.6163,0.7188,0.7299,0.8855,0.9046,5.0335,0.0003,AdaBoost,0.3548616179123842,0.3548616179123842,0.3548616179123842,0.3548616179123842,0.3548616179123842,0.3548616179123842,0.3548616179123842,0.3548616179123842,0.3548616179123842
stars,R,240.0,0.275,0.9138,0.0087,1948.5,250.5202,0.8705,531.5224,1.8608,1.6887,0.8612,57.884,0.5708,0.6163,0.7188,0.7299,0.8855,0.9046,5.0335,0.0003,SVC,0.8916100080602231,0.9053358810119058,0.9478916567065007,0.9514163999371262,0.9479998537927928,0.9165797177082657,0.9126070955209893,0.8813804933228581,0.8745853899926889
stars,R,240.0,0.2667,0.9375,0.0087,1948.5,268.3005,0.888,553.2328,1.7553,1.2816,0.8789,48.6472,0.5256,0.6222,0.6757,0.7144,0.8594,0.8996,5.0809,0.0002,DecisionTree,1.0,1.0,0.9964890129363814,1.0,0.9818510737628384,0.9930555555555556,0.9859871031746031,1.0,0.9930555555555556
stars,R,240.0,0.2667,0.9375,0.0087,1948.5,268.3005,0.888,553.2328,1.7553,1.2816,0.8789,48.6472,0.5256,0.6222,0.6757,0.7144,0.8594,0.8996,5.0809,0.0002,LogisticRegression,0.9478430117446721,0.9443147718459911,0.9786874086764438,0.9786874086764438,0.9786874086764438,0.9548432313833848,0.9582109312990278,0.9439480982792386,0.9335389090341939
stars,R,240.0,0.2667,0.9375,0.0087,1948.5,268.3005,0.888,553.2328,1.7553,1.2816,0.8789,48.6472,0.5256,0.6222,0.6757,0.7144,0.8594,0.8996,5.0809,0.0002,KNN,0.8844082012027332,0.8839976428964692,0.9296561721611136,0.9259792715763183,0.9296561721611136,0.9047224174225217,0.9120538581235276,0.8973768154798061,0.8839976428964692
stars,R,240.0,0.2667,0.9375,0.0087,1948.5,268.3005,0.888,553.2328,1.7553,1.2816,0.8789,48.6472,0.5256,0.6222,0.6757,0.7144,0.8594,0.8996,5.0809,0.0002,RandomForest,0.99304104632556,0.99304104632556,1.0,1.0,1.0,0.9895871956494872,0.9860221674876848,0.99304104632556,0.99304104632556
stars,R,240.0,0.2667,0.9375,0.0087,1948.5,268.3005,0.888,553.2328,1.7553,1.2816,0.8789,48.6472,0.5256,0.6222,0.6757,0.7144,0.8594,0.8996,5.0809,0.0002,AdaBoost,0.3548616179123842,0.3548616179123842,0.3548616179123842,0.3548616179123842,0.3548616179123842,0.35075880820612615,0.346152646745126,0.3548616179123842,0.3548616179123842
stars,R,240.0,0.2667,0.9375,0.0087,1948.5,268.3005,0.888,553.2328,1.7553,1.2816,0.8789,48.6472,0.5256,0.6222,0.6757,0.7144,0.8594,0.8996,5.0809,0.0002,SVC,0.9162412011626553,0.9127850027713724,0.9403278428926869,0.9403278428926869,0.9403278428926869,0.9268397188340336,0.923221725555353,0.9056458009395418,0.9162670002280431
stars,R,240.0,0.2375,0.918,0.0087,1783.0,243.135,0.492,514.4619,1.8509,1.6605,0.4828,59.4026,0.5415,0.6321,0.686,0.6941,0.8591,0.8812,5.0873,0.0003,DecisionTree,1.0,1.0,0.9896343846180449,1.0,0.9898269980506823,1.0,1.0,1.0,1.0
stars,R,240.0,0.2375,0.918,0.0087,1783.0,243.135,0.492,514.4619,1.8509,1.6605,0.4828,59.4026,0.5415,0.6321,0.686,0.6941,0.8591,0.8812,5.0873,0.0003,LogisticRegression,0.9553415987286223,0.9510916214299212,0.9786874086764438,0.9786874086764438,0.9786874086764438,0.9366087263633864,0.9544513733007691,0.9516132010534817,0.9103649010089212
stars,R,240.0,0.2375,0.918,0.0087,1783.0,243.135,0.492,514.4619,1.8509,1.6605,0.4828,59.4026,0.5415,0.6321,0.686,0.6941,0.8591,0.8812,5.0873,0.0003,KNN,0.9084195506515036,0.9005289534266673,0.9262941792157874,0.9265045777643085,0.9262941792157874,0.8970011708227976,0.8970011708227976,0.8939523457953249,0.8617536528675308
stars,R,240.0,0.2375,0.918,0.0087,1783.0,243.135,0.492,514.4619,1.8509,1.6605,0.4828,59.4026,0.5415,0.6321,0.686,0.6941,0.8591,0.8812,5.0873,0.0003,RandomForest,0.9931541982323232,0.9860450723011109,1.0,1.0,1.0,0.9862041014513087,0.9721949539657874,0.989688014657444,0.9861059670781893
stars,R,240.0,0.2375,0.918,0.0087,1783.0,243.135,0.492,514.4619,1.8509,1.6605,0.4828,59.4026,0.5415,0.6321,0.686,0.6941,0.8591,0.8812,5.0873,0.0003,AdaBoost,0.3548616179123842,0.3548616179123842,0.3548616179123842,0.3548616179123842,0.3548616179123842,0.3548616179123842,0.3548616179123842,0.3548616179123842,0.3548616179123842
stars,R,240.0,0.2375,0.918,0.0087,1783.0,243.135,0.492,514.4619,1.8509,1.6605,0.4828,59.4026,0.5415,0.6321,0.686,0.6941,0.8591,0.8812,5.0873,0.0003,SVC,0.9310240977422959,0.902742576322872,0.9369112967483535,0.9369112967483535,0.9369112967483535,0.8847527775679871,0.8919505838983829,0.9131175237676834,0.8686575542072483
stars,R,240.0,0.1542,0.931,0.0084,1948.5,221.408,0.876,502.4109,2.0767,2.5827,0.8667,43.3905,0.504,0.5824,0.699,0.7018,0.8753,0.886,5.2099,0.0002,DecisionTree,1.0,1.0,0.9895353864453422,1.0,0.9689856560311079,0.9895485724879496,0.9930482351914446,1.0,1.0
stars,R,240.0,0.1542,0.931,0.0084,1948.5,221.408,0.876,502.4109,2.0767,2.5827,0.8667,43.3905,0.504,0.5824,0.699,0.7018,0.8753,0.886,5.2099,0.0002,LogisticRegression,0.9411918267444832,0.9548377708924902,0.9752452489842841,0.9786874086764438,0.9618384100269497,0.9618600641690522,0.9616988048365973,0.9305164695846877,0.9514073197646706
stars,R,240.0,0.1542,0.931,0.0084,1948.5,221.408,0.876,502.4109,2.0767,2.5827,0.8667,43.3905,0.504,0.5824,0.699,0.7018,0.8753,0.886,5.2099,0.0002,KNN,0.8731860753617002,0.8917106775023514,0.9259792715763183,0.9259792715763183,0.9116012994100993,0.9078791014030043,0.9078791014030043,0.8654301455380993,0.9071765223309204
stars,R,240.0,0.1542,0.931,0.0084,1948.5,221.408,0.876,502.4109,2.0767,2.5827,0.8667,43.3905,0.504,0.5824,0.699,0.7018,0.8753,0.886,5.2099,0.0002,RandomForest,0.9930482351914446,0.9860680582999405,1.0,1.0,0.9930672465394688,0.9860680582999405,0.9860680582999405,0.9826376071721209,0.9825919737615645
stars,R,240.0,0.1542,0.931,0.0084,1948.5,221.408,0.876,502.4109,2.0767,2.5827,0.8667,43.3905,0.504,0.5824,0.699,0.7018,0.8753,0.886,5.2099,0.0002,AdaBoost,0.3548616179123842,0.3548616179123842,0.443664052375563,0.3548616179123842,0.390569934992919,0.34852564655380114,0.35092509519506593,0.3548616179123842,0.3548616179123842
stars,R,240.0,0.1542,0.931,0.0084,1948.5,221.408,0.876,502.4109,2.0767,2.5827,0.8667,43.3905,0.504,0.5824,0.699,0.7018,0.8753,0.886,5.2099,0.0002,SVC,0.8805260937988673,0.8984467714308029,0.940187126492528,0.940187126492528,0.9265931348728651,0.9265765435096773,0.9265765435096773,0.8771864054262841,0.9198033874449859
stars,R,240.0,0.1125,0.9202,0.0084,1948.5,234.0057,0.675,513.6907,1.9745,2.1887,0.6655,44.902,0.5034,0.6028,0.6892,0.6961,0.8634,0.8832,5.2457,0.0002,DecisionTree,1.0,0.9930332977207977,0.982628956522608,1.0,0.982628107572104,0.996536074605071,0.9964680406212665,1.0,0.9965217391304348
stars,R,240.0,0.1125,0.9202,0.0084,1948.5,234.0057,0.675,513.6907,1.9745,2.1887,0.6655,44.902,0.5034,0.6028,0.6892,0.6961,0.8634,0.8832,5.2457,0.0002,LogisticRegression,0.944051823346945,0.9719895739544155,0.9786874086764438,0.9786874086764438,0.9752452489842841,0.9787102823406219,0.9752452489842841,0.9476203234132898,0.9476203234132898
stars,R,240.0,0.1125,0.9202,0.0084,1948.5,234.0057,0.675,513.6907,1.9745,2.1887,0.6655,44.902,0.5034,0.6028,0.6892,0.6961,0.8634,0.8832,5.2457,0.0002,KNN,0.900154154091781,0.9078352341866542,0.9296561721611136,0.9296561721611136,0.9296561721611136,0.933122008687295,0.9297600157419686,0.9004619622972534,0.8968111686464597
stars,R,240.0,0.1125,0.9202,0.0084,1948.5,234.0057,0.675,513.6907,1.9745,2.1887,0.6655,44.902,0.5034,0.6028,0.6892,0.6961,0.8634,0.8832,5.2457,0.0002,RandomForest,1.0,1.0,1.0,1.0,1.0,1.0,1.0,0.9965049041135998,0.9965049041135998
stars,R,240.0,0.1125,0.9202,0.0084,1948.5,234.0057,0.675,513.6907,1.9745,2.1887,0.6655,44.902,0.5034,0.6028,0.6892,0.6961,0.8634,0.8832,5.2457,0.0002,AdaBoost,0.3548616179123842,0.34999179726191226,0.4907158771218541,0.3548616179123842,0.3548616179123842,0.3548616179123842,0.3548616179123842,0.3548616179123842,0.3548616179123842
stars,R,240.0,0.1125,0.9202,0.0084,1948.5,234.0057,0.675,513.6907,1.9745,2.1887,0.6655,44.902,0.5034,0.6028,0.6892,0.6961,0.8634,0.8832,5.2457,0.0002,SVC,0.9261967061796446,0.9263932044986304,0.9369112967483535,0.9369112967483535,0.9369112967483535,0.9369112967483535,0.9369112967483535,0.9152663752127721,0.9155349304120007
stars,R,240.0,0.0542,0.8987,0.0084,1948.5,237.9001,0.675,517.5354,1.9336,2.0078,0.6657,40.3996,0.5224,0.6143,0.692,0.7012,0.8679,0.8877,5.2753,0.0002,DecisionTree,0.9792787352403991,0.9930555555555556,0.9860332010418527,0.996536074605071,0.9826960822928564,0.9931318271036013,0.9861119671742588,0.9861421130952381,0.9825609788196303
stars,R,240.0,0.0542,0.8987,0.0084,1948.5,237.9001,0.675,517.5354,1.9336,2.0078,0.6657,40.3996,0.5224,0.6143,0.692,0.7012,0.8679,0.8877,5.2753,0.0002,LogisticRegression,0.9510636199352509,0.9511548387930107,0.9786874086764438,0.9786874086764438,0.9717864676222769,0.9716926068570806,0.9579959422453661,0.9583097297923515,0.9511548387930107
stars,R,240.0,0.0542,0.8987,0.0084,1948.5,237.9001,0.675,517.5354,1.9336,2.0078,0.6657,40.3996,0.5224,0.6143,0.692,0.7012,0.8679,0.8877,5.2753,0.0002,KNN,0.9048290007457152,0.9082628980640352,0.9259792715763183,0.9259792715763183,0.9259792715763183,0.9296561721611136,0.915252093060893,0.9117226424066176,0.9117953029374362
stars,R,240.0,0.0542,0.8987,0.0084,1948.5,237.9001,0.675,517.5354,1.9336,2.0078,0.6657,40.3996,0.5224,0.6143,0.692,0.7012,0.8679,0.8877,5.2753,0.0002,RandomForest,0.9827626745586617,0.9895833333333334,1.0,0.9965277777777778,1.0,0.9965277777777778,0.9861154817309133,0.9788978784204481,0.9896172581795497
stars,R,240.0,0.0542,0.8987,0.0084,1948.5,237.9001,0.675,517.5354,1.9336,2.0078,0.6657,40.3996,0.5224,0.6143,0.692,0.7012,0.8679,0.8877,5.2753,0.0002,AdaBoost,0.3855883232813908,0.35075880820612615,0.5197766027249723,0.3548616179123842,0.5053093745549749,0.3548616179123842,0.41221413321980455,0.3468351304333704,0.424862589801878
stars,R,240.0,0.0542,0.8987,0.0084,1948.5,237.9001,0.675,517.5354,1.9336,2.0078,0.6657,40.3996,0.5224,0.6143,0.692,0.7012,0.8679,0.8877,5.2753,0.0002,SVC,0.9227559923260451,0.9197662898739771,0.940187126492528,0.940187126492528,0.940187126492528,0.940187126492528,0.9265931348728651,0.9192154279521474,0.9197662898739771
stars,A_M,240.0,0.4708,0.9843,-10.84,20.06,5.5717,10.89,9.9327,-0.2837,-1.5815,6.19,19.73,0.5427,0.7292,0.6696,0.7093,0.8385,0.8904,4.8224,0.0001,DecisionTree,0.9653067423938568,0.9653067423938568,0.965071009237676,0.965071009237676,0.965071009237676,0.9686707642272018,0.9584335795787853,0.9618791607097884,0.9619022181522182
stars,A_M,240.0,0.4708,0.9843,-10.84,20.06,5.5717,10.89,9.9327,-0.2837,-1.5815,6.19,19.73,0.5427,0.7292,0.6696,0.7093,0.8385,0.8904,4.8224,0.0001,LogisticRegression,0.7819376667972451,0.7325885090782045,0.9405188729921539,0.9475690985950112,0.944191401478657,0.8702616742537415,0.8507826737139156,0.7196761739091538,0.7007090200361518
stars,A_M,240.0,0.4708,0.9843,-10.84,20.06,5.5717,10.89,9.9327,-0.2837,-1.5815,6.19,19.73,0.5427,0.7292,0.6696,0.7093,0.8385,0.8904,4.8224,0.0001,KNN,0.9083515882402369,0.9051361770119608,0.8984335088955111,0.912166428029673,0.9053214009283307,0.8949918194827453,0.8715441088571196,0.855603179066974,0.9079710088876263
stars,A_M,240.0,0.4708,0.9843,-10.84,20.06,5.5717,10.89,9.9327,-0.2837,-1.5815,6.19,19.73,0.5427,0.7292,0.6696,0.7093,0.8385,0.8904,4.8224,0.0001,RandomForest,0.968734854704178,0.9687262269581032,0.9720543492109079,0.9686561873257781,0.9581228069769736,0.9582818928747887,0.9687753571124715,0.9651756683408016,0.9758090900313372
stars,A_M,240.0,0.4708,0.9843,-10.84,20.06,5.5717,10.89,9.9327,-0.2837,-1.5815,6.19,19.73,0.5427,0.7292,0.6696,0.7093,0.8385,0.8904,4.8224,0.0001,AdaBoost,0.391465057751732,0.391465057751732,0.4380920418787161,0.4380920418787161,0.4380920418787161,0.391465057751732,0.391465057751732,0.391465057751732,0.391465057751732
stars,A_M,240.0,0.4708,0.9843,-10.84,20.06,5.5717,10.89,9.9327,-0.2837,-1.5815,6.19,19.73,0.5427,0.7292,0.6696,0.7093,0.8385,0.8904,4.8224,0.0001,SVC,0.7554156843938151,0.7058509898291205,0.8956828240259432,0.9094327523705479,0.9127002202100061,0.871132520038653,0.8680937287645677,0.7419823931480238,0.6992825806621451
stars,A_M,240.0,0.4333,0.9779,-11.75,20.02,3.7429,4.57,10.6153,-0.006,-1.65,10.4175,19.855,0.6142,0.6854,0.6944,0.713,0.8796,0.8919,4.8821,0.0001,DecisionTree,0.9653067423938568,0.9653067423938568,0.9861647946570292,0.96810169874961,0.972164423885825,0.9618611612628537,0.9584273069409057,0.9618791607097884,0.9653067423938568
stars,A_M,240.0,0.4333,0.9779,-11.75,20.02,3.7429,4.57,10.6153,-0.006,-1.65,10.4175,19.855,0.6142,0.6854,0.6944,0.713,0.8796,0.8919,4.8821,0.0001,LogisticRegression,0.7760413768710009,0.7761842835366888,0.9618812824718486,0.9578912771102128,0.961765255655126,0.8355647998145356,0.8024027654587166,0.7740791717348028,0.71118964167422
stars,A_M,240.0,0.4333,0.9779,-11.75,20.02,3.7429,4.57,10.6153,-0.006,-1.65,10.4175,19.855,0.6142,0.6854,0.6944,0.713,0.8796,0.8919,4.8821,0.0001,KNN,0.8911340593209094,0.9088849784881818,0.91911098297849,0.91911098297849,0.9264157127813923,0.8918763300390496,0.8708453299251695,0.8353808787512991,0.8951907445210512
stars,A_M,240.0,0.4333,0.9779,-11.75,20.02,3.7429,4.57,10.6153,-0.006,-1.65,10.4175,19.855,0.6142,0.6854,0.6944,0.713,0.8796,0.8919,4.8821,0.0001,RandomForest,0.9620131148262655,0.9689127109423273,0.9896861575533922,0.9722294845440625,0.9721345116684129,0.9653297759814684,0.9544536280809751,0.9583904296410803,0.9688210763477688
stars,A_M,240.0,0.4333,0.9779,-11.75,20.02,3.7429,4.57,10.6153,-0.006,-1.65,10.4175,19.855,0.6142,0.6854,0.6944,0.713,0.8796,0.8919,4.8821,0.0001,AdaBoost,0.391465057751732,0.391465057751732,0.5433054579943244,0.5399414361609793,0.5433054579943244,0.391465057751732,0.38996117968535393,0.391465057751732,0.391465057751732
stars,A_M,240.0,0.4333,0.9779,-11.75,20.02,3.7429,4.57,10.6153,-0.006,-1.65,10.4175,19.855,0.6142,0.6854,0.6944,0.713,0.8796,0.8919,4.8821,0.0001,SVC,0.7982663421136884,0.7651857170986305,0.923399753748732,0.9267587258917331,0.9301016937840053,0.8618050436908943,0.8423029441080039,0.7907281376410509,0.6957376411606643
stars,A_M,240.0,0.4083,0.9577,-11.92,19.63,3.4985,1.823,10.3832,0.034,-1.6785,9.635,19.4088,0.5812,0.6776,0.6944,0.7054,0.8763,0.8924,4.8936,0.0002,DecisionTree,0.9618030118030119,0.9618030118030119,0.9653650300080394,0.9721501753153086,0.9825086652399099,0.9618030118030119,0.9549298489879403,0.9583754301189434,0.9619022181522182
stars,A_M,240.0,0.4083,0.9577,-11.92,19.63,3.4985,1.823,10.3832,0.034,-1.6785,9.635,19.4088,0.5812,0.6776,0.6944,0.7054,0.8763,0.8924,4.8936,0.0002,LogisticRegression,0.8110871607955381,0.8109172739150327,0.9544580089675044,0.9544719131756136,0.9545675017607176,0.8423787880253641,0.8362673172243137,0.8058810244996608,0.7428601728694368
stars,A_M,240.0,0.4083,0.9577,-11.92,19.63,3.4985,1.823,10.3832,0.034,-1.6785,9.635,19.4088,0.5812,0.6776,0.6944,0.7054,0.8763,0.8924,4.8936,0.0002,KNN,0.882862432717966,0.8800273742625365,0.9019028786372594,0.9156521740048713,0.9296561721611136,0.870330880984203,0.8377728939476736,0.8549547543604222,0.8984303016161379
stars,A_M,240.0,0.4083,0.9577,-11.92,19.63,3.4985,1.823,10.3832,0.034,-1.6785,9.635,19.4088,0.5812,0.6776,0.6944,0.7054,0.8763,0.8924,4.8936,0.0002,RandomForest,0.9585504581020964,0.9548352459246078,0.9791920260411178,0.9827272053786892,0.9930954241600022,0.9686840528620625,0.9650496822991987,0.9547044641199679,0.9757519116647273
stars,A_M,240.0,0.4083,0.9577,-11.92,19.63,3.4985,1.823,10.3832,0.034,-1.6785,9.635,19.4088,0.5812,0.6776,0.6944,0.7054,0.8763,0.8924,4.8936,0.0002,AdaBoost,0.391465057751732,0.391465057751732,0.4380920418787161,0.44159090519215743,0.391465057751732,0.391465057751732,0.391465057751732,0.391465057751732,0.391465057751732
stars,A_M,240.0,0.4083,0.9577,-11.92,19.63,3.4985,1.823,10.3832,0.034,-1.6785,9.635,19.4088,0.5812,0.6776,0.6944,0.7054,0.8763,0.8924,4.8936,0.0002,SVC,0.7772238453686428,0.742289424227913,0.912446606865647,0.9231744494380163,0.9129629099804091,0.8571881180385549,0.8478720630912471,0.7965138283034165,0.7062027801883284
stars,A_M,240.0,0.3917,0.9795,-11.92,20.06,5.4886,10.88,10.2497,-0.3229,-1.5285,6.2,20.1775,0.6189,0.7085,0.6662,0.7132,0.8297,0.8897,4.9551,0.0001,DecisionTree,0.9653067423938568,0.9653067423938568,0.9650631014548894,0.9685470146610248,0.9614675436438451,0.9686707642272018,0.9652431825431335,0.9583754301189434,0.9653067423938568
stars,A_M,240.0,0.3917,0.9795,-11.92,20.06,5.4886,10.88,10.2497,-0.3229,-1.5285,6.2,20.1775,0.6189,0.7085,0.6662,0.7132,0.8297,0.8897,4.9551,0.0001,LogisticRegression,0.7739242688462071,0.7674096218893088,0.9579264011127797,0.9544221743471399,0.9544271050330742,0.8707211873318503,0.8342070029091102,0.7612442917064994,0.7343312296184397
stars,A_M,240.0,0.3917,0.9795,-11.92,20.06,5.4886,10.88,10.2497,-0.3229,-1.5285,6.2,20.1775,0.6189,0.7085,0.6662,0.7132,0.8297,0.8897,4.9551,0.0001,KNN,0.8973736911383327,0.91911098297849,0.9160869952449814,0.9124100946601861,0.908798983549075,0.9089041516071278,0.8678903352985381,0.8674974016840629,0.8939640487717575
stars,A_M,240.0,0.3917,0.9795,-11.92,20.06,5.4886,10.88,10.2497,-0.3229,-1.5285,6.2,20.1775,0.6189,0.7085,0.6662,0.7132,0.8297,0.8897,4.9551,0.0001,RandomForest,0.9755861779022504,0.9655801618213552,0.9791088550839764,0.9686615897158153,0.972018134590478,0.9755257303449354,0.9826242452559503,0.9688579874327405,0.9758154045778662
stars,A_M,240.0,0.3917,0.9795,-11.92,20.06,5.4886,10.88,10.2497,-0.3229,-1.5285,6.2,20.1775,0.6189,0.7085,0.6662,0.7132,0.8297,0.8897,4.9551,0.0001,AdaBoost,0.391465057751732,0.391465057751732,0.43079544126397207,0.43229931933035015,0.42989478135111286,0.391465057751732,0.391465057751732,0.391465057751732,0.391465057751732
stars,A_M,240.0,0.3917,0.9795,-11.92,20.06,5.4886,10.88,10.2497,-0.3229,-1.5285,6.2,20.1775,0.6189,0.7085,0.6662,0.7132,0.8297,0.8897,4.9551,0.0001,SVC,0.8199321671759628,0.7638226289620869,0.9193882212743215,0.9060644177408703,0.9193882212743215,0.8647174665835283,0.8462504042889554,0.8119439588568722,0.6955887558515601
stars,A_M,240.0,0.2542,0.9721,-11.92,20.06,3.9056,5.03,10.3357,-0.0707,-1.6502,9.72,19.46,0.6022,0.7017,0.713,0.7266,0.8829,0.9027,5.1487,0.0001,DecisionTree,0.9653067423938568,0.9653067423938568,0.9790648292866035,0.982490320975984,0.9719140487204863,0.9653067423938568,0.9652431825431335,0.9618791607097884,0.9653067423938568
stars,A_M,240.0,0.2542,0.9721,-11.92,20.06,3.9056,5.03,10.3357,-0.0707,-1.6502,9.72,19.46,0.6022,0.7017,0.713,0.7266,0.8829,0.9027,5.1487,0.0001,LogisticRegression,0.720471505711201,0.7267481560156291,0.9717692689458041,0.9786874086764438,0.9611916104736423,0.8408126385795693,0.8984872964423751,0.69114524162982,0.7002934303769458
stars,A_M,240.0,0.2542,0.9721,-11.92,20.06,3.9056,5.03,10.3357,-0.0707,-1.6502,9.72,19.46,0.6022,0.7017,0.713,0.7266,0.8829,0.9027,5.1487,0.0001,KNN,0.91901343872384,0.9262115072581154,0.9190160881548016,0.9259792715763183,0.9119385170331128,0.9085000030070225,0.8741978326088018,0.8951360801244775,0.9116359328656229
stars,A_M,240.0,0.2542,0.9721,-11.92,20.06,3.9056,5.03,10.3357,-0.0707,-1.6502,9.72,19.46,0.6022,0.7017,0.713,0.7266,0.8829,0.9027,5.1487,0.0001,RandomForest,0.9792269558485839,0.9896280692151835,0.9965410052910053,1.0,0.9895817729188874,0.9861554142266973,0.9860781866227772,0.9617473438110714,0.986132635451632
stars,A_M,240.0,0.2542,0.9721,-11.92,20.06,3.9056,5.03,10.3357,-0.0707,-1.6502,9.72,19.46,0.6022,0.7017,0.713,0.7266,0.8829,0.9027,5.1487,0.0001,AdaBoost,0.391465057751732,0.391465057751732,0.44151796780464203,0.38368820821923905,0.391465057751732,0.391465057751732,0.391465057751732,0.391465057751732,0.391465057751732
stars,A_M,240.0,0.2542,0.9721,-11.92,20.06,3.9056,5.03,10.3357,-0.0707,-1.6502,9.72,19.46,0.6022,0.7017,0.713,0.7266,0.8829,0.9027,5.1487,0.0001,SVC,0.7097386572584546,0.7352701817483125,0.940187126492528,0.943646271514173,0.9298060592046375,0.8584342310895144,0.9056479994407081,0.709589083691806,0.6955887558515601
stars,A_M,240.0,0.2625,0.9661,-11.92,20.06,4.5287,10.12,10.3767,-0.1465,-1.6304,7.33,19.69,0.6081,0.681,0.7015,0.7257,0.871,0.902,5.1292,0.0001,DecisionTree,0.9618611612628537,0.9618611612628537,0.9338741064962429,0.954786214477533,0.9582696193800201,0.9618611612628537,0.9584335795787853,0.9618791607097884,0.9653067423938568
stars,A_M,240.0,0.2625,0.9661,-11.92,20.06,4.5287,10.12,10.3767,-0.1465,-1.6304,7.33,19.69,0.6081,0.681,0.7015,0.7257,0.871,0.902,5.1292,0.0001,LogisticRegression,0.7989984619409843,0.7758562554405226,0.9265791058627317,0.9511080005407697,0.944119647222007,0.8678747129172202,0.8658411247668469,0.7584356236171839,0.7470008804035837
stars,A_M,240.0,0.2625,0.9661,-11.92,20.06,4.5287,10.12,10.3767,-0.1465,-1.6304,7.33,19.69,0.6081,0.681,0.7015,0.7257,0.871,0.902,5.1292,0.0001,KNN,0.9083705523029749,0.912019598115366,0.8884522804886194,0.8985262004150996,0.9021540296332065,0.9012980581818697,0.8541957581048568,0.8903790655308509,0.9157735775341144
stars,A_M,240.0,0.2625,0.9661,-11.92,20.06,4.5287,10.12,10.3767,-0.1465,-1.6304,7.33,19.69,0.6081,0.681,0.7015,0.7257,0.871,0.902,5.1292,0.0001,RandomForest,0.986004832883614,0.9826147973992803,0.9651535026187803,0.972315373009107,0.96883196810662,0.9790244752782563,0.9826074102391152,0.9826074102391152,0.9965592861464005
stars,A_M,240.0,0.2625,0.9661,-11.92,20.06,4.5287,10.12,10.3767,-0.1465,-1.6304,7.33,19.69,0.6081,0.681,0.7015,0.7257,0.871,0.902,5.1292,0.0001,AdaBoost,0.391465057751732,0.391465057751732,0.3989837283026904,0.42725073547378867,0.405306025106821,0.391465057751732,0.391465057751732,0.391465057751732,0.391465057751732
stars,A_M,240.0,0.2625,0.9661,-11.92,20.06,4.5287,10.12,10.3767,-0.1465,-1.6304,7.33,19.69,0.6081,0.681,0.7015,0.7257,0.871,0.902,5.1292,0.0001,SVC,0.7998506211600862,0.7815502286517608,0.9056724495022839,0.9194506125713202,0.9194506125713202,0.8685651559026616,0.8724528233319956,0.7483847831775944,0.6930268076170729
stars,A_M,240.0,0.175,0.9596,-11.92,20.02,4.4812,6.367,10.4967,-0.1305,-1.6309,10.258,20.125,0.596,0.6702,0.6923,0.7056,0.8657,0.8903,5.2323,0.0001,DecisionTree,0.9605443801348752,0.9605443801348752,0.982490320975984,0.982490320975984,0.982490320975984,0.9605443801348752,0.9605443801348752,0.9574032871509012,0.9605443801348752
stars,A_M,240.0,0.175,0.9596,-11.92,20.02,4.4812,6.367,10.4967,-0.1305,-1.6309,10.258,20.125,0.596,0.6702,0.6923,0.7056,0.8657,0.8903,5.2323,0.0001,LogisticRegression,0.8826451064420147,0.857574871502534,0.9786874086764438,0.9786874086764438,0.9786874086764438,0.9226934614508233,0.9224357044566289,0.848756538882678,0.813045297861415
stars,A_M,240.0,0.175,0.9596,-11.92,20.02,4.4812,6.367,10.4967,-0.1305,-1.6309,10.258,20.125,0.596,0.6702,0.6923,0.7056,0.8657,0.8903,5.2323,0.0001,KNN,0.9225786806331391,0.9261469875733,0.9259792715763183,0.9259792715763183,0.9259792715763183,0.9046566409580429,0.8813034649555161,0.8837781754159028,0.9292143881915553
stars,A_M,240.0,0.175,0.9596,-11.92,20.02,4.4812,6.367,10.4967,-0.1305,-1.6309,10.258,20.125,0.596,0.6702,0.6923,0.7056,0.8657,0.8903,5.2323,0.0001,RandomForest,0.9825955432120543,0.9861581727798009,1.0,1.0,1.0,0.9861194079384045,0.985854698415869,0.9755934579570451,0.9930982466044431
stars,A_M,240.0,0.175,0.9596,-11.92,20.02,4.4812,6.367,10.4967,-0.1305,-1.6309,10.258,20.125,0.596,0.6702,0.6923,0.7056,0.8657,0.8903,5.2323,0.0001,AdaBoost,0.391465057751732,0.391465057751732,0.5197766027249723,0.5197766027249723,0.5197766027249723,0.391465057751732,0.391465057751732,0.391465057751732,0.391465057751732
stars,A_M,240.0,0.175,0.9596,-11.92,20.02,4.4812,6.367,10.4967,-0.1305,-1.6309,10.258,20.125,0.596,0.6702,0.6923,0.7056,0.8657,0.8903,5.2323,0.0001,SVC,0.8848985658204305,0.843902973789174,0.940187126492528,0.9369112967483535,0.940187126492528,0.9115401826897959,0.9115401826897959,0.843902973789174,0.7010109224890532
stars,A_M,240.0,0.1667,0.965,-11.92,20.06,4.2268,5.859,10.5207,-0.0925,-1.6368,10.395,19.8958,0.6058,0.6917,0.6959,0.7089,0.8711,0.8931,5.2498,0.0001,DecisionTree,0.9686411780199591,0.9686411780199591,0.9720735786067314,0.9756186382215358,0.9756186382215358,0.9686411780199591,0.961844826926704,0.9654037294439399,0.965195596888956
stars,A_M,240.0,0.1667,0.965,-11.92,20.06,4.2268,5.859,10.5207,-0.0925,-1.6368,10.395,19.8958,0.6058,0.6917,0.6959,0.7089,0.8711,0.8931,5.2498,0.0001,LogisticRegression,0.8474224073599927,0.8139202545754478,0.9508691161809677,0.9648307667598528,0.9718191200786155,0.8995052604987468,0.9264509747175793,0.7582203511229567,0.7805747009938435
stars,A_M,240.0,0.1667,0.965,-11.92,20.06,4.2268,5.859,10.5207,-0.0925,-1.6368,10.395,19.8958,0.6058,0.6917,0.6959,0.7089,0.8711,0.8931,5.2498,0.0001,KNN,0.9156953262619822,0.9264157127813923,0.9089259643036839,0.91911098297849,0.9227878835632854,0.9055964283141629,0.8914876290667486,0.8978436258533234,0.9119270389392703
stars,A_M,240.0,0.1667,0.965,-11.92,20.06,4.2268,5.859,10.5207,-0.0925,-1.6368,10.395,19.8958,0.6058,0.6917,0.6959,0.7089,0.8711,0.8931,5.2498,0.0001,RandomForest,0.968846417291723,0.968846417291723,0.975483287694545,0.9861399639267892,0.9931283172455518,0.971956208962068,0.9722919984227262,0.9790244752782563,0.9790813771938184
stars,A_M,240.0,0.1667,0.965,-11.92,20.06,4.2268,5.859,10.5207,-0.0925,-1.6368,10.395,19.8958,0.6058,0.6917,0.6959,0.7089,0.8711,0.8931,5.2498,0.0001,AdaBoost,0.391465057751732,0.391465057751732,0.490309235227963,0.43669231289507215,0.43669231289507215,0.391465057751732,0.391465057751732,0.391465057751732,0.391465057751732
stars,A_M,240.0,0.1667,0.965,-11.92,20.06,4.2268,5.859,10.5207,-0.0925,-1.6368,10.395,19.8958,0.6058,0.6917,0.6959,0.7089,0.8711,0.8931,5.2498,0.0001,SVC,0.8176594443106112,0.7668781495825325,0.9298789965921529,0.9298789965921529,0.9333775235281799,0.9014337153597626,0.8888988841462431,0.8044155586078836,0.6929066620744733
stars,A_M,240.0,0.0917,0.945,-11.92,20.06,4.2143,5.859,10.5002,-0.0954,-1.6426,10.245,19.8702,0.6159,0.6837,0.7092,0.7095,0.8791,0.894,5.3058,0.0001,DecisionTree,0.975737876653116,0.9825135325173135,0.982490320975984,0.982490320975984,0.982490320975984,0.9825135325173135,0.9756364551346711,0.9722739512581869,0.9825135325173135
stars,A_M,240.0,0.0917,0.945,-11.92,20.06,4.2143,5.859,10.5002,-0.0954,-1.6426,10.245,19.8702,0.6159,0.6837,0.7092,0.7095,0.8791,0.894,5.3058,0.0001,LogisticRegression,0.888402630861247,0.8600289898510824,0.9786874086764438,0.9786874086764438,0.9751881125967383,0.9443342507838871,0.9372382440243456,0.8259951060507631,0.784068094191377
stars,A_M,240.0,0.0917,0.945,-11.92,20.06,4.2143,5.859,10.5002,-0.0954,-1.6426,10.245,19.8702,0.6159,0.6837,0.7092,0.7095,0.8791,0.894,5.3058,0.0001,KNN,0.9118582006439195,0.9190245058575015,0.9296561721611136,0.9296561721611136,0.9296561721611136,0.8983483822543371,0.9049766842034757,0.9191275172349187,0.9151735261754287
stars,A_M,240.0,0.0917,0.945,-11.92,20.06,4.2143,5.859,10.5002,-0.0954,-1.6426,10.245,19.8702,0.6159,0.6837,0.7092,0.7095,0.8791,0.894,5.3058,0.0001,RandomForest,0.9826630100973467,0.9861426194797339,1.0,0.9965277777777778,0.9965277777777778,0.9861543104636471,0.9860964674781725,0.9792129541305383,0.9895877678444729
stars,A_M,240.0,0.0917,0.945,-11.92,20.06,4.2143,5.859,10.5002,-0.0954,-1.6426,10.245,19.8702,0.6159,0.6837,0.7092,0.7095,0.8791,0.894,5.3058,0.0001,AdaBoost,0.387429454645547,0.391465057751732,0.5197766027249723,0.5197766027249723,0.5197766027249723,0.391465057751732,0.3895001154085002,0.38292504452421877,0.391465057751732
stars,A_M,240.0,0.0917,0.945,-11.92,20.06,4.2143,5.859,10.5002,-0.0954,-1.6426,10.245,19.8702,0.6159,0.6837,0.7092,0.7095,0.8791,0.894,5.3058,0.0001,SVC,0.9093990121838579,0.9131711163406243,0.940187126492528,0.940187126492528,0.940187126492528,0.9194793948971504,0.9263326657187659,0.9021114455587314,0.7023963282710106
stars,A_M,240.0,0.0333,0.9483,-11.92,20.06,4.0277,5.04,10.5046,-0.0605,-1.6518,10.47,19.8155,0.6059,0.6886,0.7028,0.7093,0.8774,0.8929,5.3728,0.0001,DecisionTree,0.9860964674781725,0.9860964674781725,0.982490320975984,0.982490320975984,0.9721501753153086,0.9860964674781725,0.9721399378966429,0.9828411811807715,0.9860964674781725
stars,A_M,240.0,0.0333,0.9483,-11.92,20.06,4.0277,5.04,10.5046,-0.0605,-1.6518,10.47,19.8155,0.6059,0.6886,0.7028,0.7093,0.8774,0.8929,5.3728,0.0001,LogisticRegression,0.9272816226982894,0.9129319677236344,0.9786874086764438,0.9752284139674491,0.9683421189828465,0.9581632583567196,0.9376451249367915,0.9237910289299179,0.9272816226982894
stars,A_M,240.0,0.0333,0.9483,-11.92,20.06,4.0277,5.04,10.5046,-0.0605,-1.6518,10.47,19.8155,0.6059,0.6886,0.7028,0.7093,0.8774,0.8929,5.3728,0.0001,KNN,0.9062761519908062,0.9058791109280044,0.9259792715763183,0.9259792715763183,0.9156521740048713,0.8952854751397619,0.9062761519908062,0.9058791109280044,0.9058791109280044
stars,A_M,240.0,0.0333,0.9483,-11.92,20.06,4.0277,5.04,10.5046,-0.0605,-1.6518,10.47,19.8155,0.6059,0.6886,0.7028,0.7093,0.8774,0.8929,5.3728,0.0001,RandomForest,0.9965592861464005,0.9965592861464005,1.0,1.0,0.9896547103064027,0.9965592861464005,0.9965592861464005,0.9930599900666951,0.9965592861464005
stars,A_M,240.0,0.0333,0.9483,-11.92,20.06,4.0277,5.04,10.5046,-0.0605,-1.6518,10.47,19.8155,0.6059,0.6886,0.7028,0.7093,0.8774,0.8929,5.3728,0.0001,AdaBoost,0.44151796780464203,0.44151796780464203,0.5197766027249723,0.5197766027249723,0.4864333081071589,0.44151796780464203,0.44151796780464203,0.44151796780464203,0.44151796780464203
stars,A_M,240.0,0.0333,0.9483,-11.92,20.06,4.0277,5.04,10.5046,-0.0605,-1.6518,10.47,19.8155,0.6059,0.6886,0.7028,0.7093,0.8774,0.8929,5.3728,0.0001,SVC,0.9127080379701976,0.9161596747249198,0.9366885995565011,0.9298384941838593,0.9298384941838593,0.9263864464100249,0.9127080379701976,0.9125296242198693,0.9161596747249198
visualizing_soil,northing,8641.0,0.4958,0.8653,-0.01,3.805,1.9225,1.8202,1.112,0.0101,-1.2694,0.9678,1.9126,0.0031,0.0277,0.0045,0.0155,0.0178,0.0197,8.0997,0.0,DecisionTree,0.8592769394779479,0.8738425784162478,0.8885598035258334,0.8937031289698121,0.8902480404758781,0.8976280789851229,0.861700102094163,0.8762169213980305,0.8930500636736692
visualizing_soil,northing,8641.0,0.4958,0.8653,-0.01,3.805,1.9225,1.8202,1.112,0.0101,-1.2694,0.9678,1.9126,0.0031,0.0277,0.0045,0.0155,0.0178,0.0197,8.0997,0.0,LogisticRegression,0.8255449813025505,0.7934313878062067,0.8782489074485129,0.8869896121016769,0.8782108005968837,0.8237564957203924,0.8229366474431703,0.8215580218511626,0.8731061218933347
visualizing_soil,northing,8641.0,0.4958,0.8653,-0.01,3.805,1.9225,1.8202,1.112,0.0101,-1.2694,0.9678,1.9126,0.0031,0.0277,0.0045,0.0155,0.0178,0.0197,8.0997,0.0,KNN,0.8985970093636111,0.8956307337745286,0.8821365971078696,0.8939027062063747,0.8921150230545709,0.8986861168786382,0.8982201022562247,0.872648612547371,0.8967619070053408
visualizing_soil,northing,8641.0,0.4958,0.8653,-0.01,3.805,1.9225,1.8202,1.112,0.0101,-1.2694,0.9678,1.9126,0.0031,0.0277,0.0045,0.0155,0.0178,0.0197,8.0997,0.0,RandomForest,0.8955506693779621,0.8927190032074346,0.8882956154557817,0.89736959504541,0.8945819715330313,0.8967043277521771,0.8764690865517486,0.872202134196798,0.8929501961659029
visualizing_soil,northing,8641.0,0.4958,0.8653,-0.01,3.805,1.9225,1.8202,1.112,0.0101,-1.2694,0.9678,1.9126,0.0031,0.0277,0.0045,0.0155,0.0178,0.0197,8.0997,0.0,AdaBoost,0.893805268385139,0.8702155104372544,0.8877177743488759,0.8983915843420649,0.8921750429708378,0.8944083501655179,0.8706017839057334,0.8747171514576857,0.8962169840747107
visualizing_soil,northing,8641.0,0.4958,0.8653,-0.01,3.805,1.9225,1.8202,1.112,0.0101,-1.2694,0.9678,1.9126,0.0031,0.0277,0.0045,0.0155,0.0178,0.0197,8.0997,0.0,SVC,0.8802207400329284,0.8846790403998724,0.8854299992325574,0.8968893634455002,0.8932348762454123,0.8809978808499308,0.8774100120311518,0.8776122844209272,0.888407976578379
visualizing_soil,northing,8641.0,0.4503,0.8589,-0.01,3.805,1.9239,1.8212,1.1061,0.0008,-1.262,0.9626,1.9093,0.0091,0.0134,0.0078,0.0222,0.0026,0.0303,8.1749,0.0,DecisionTree,0.8644515511475401,0.8853713574266922,0.8994444693818648,0.9054482670351098,0.9050579963583394,0.9054260794066565,0.8696600150712676,0.8831344141417327,0.9018235793298611
visualizing_soil,northing,8641.0,0.4503,0.8589,-0.01,3.805,1.9239,1.8212,1.1061,0.0008,-1.262,0.9626,1.9093,0.0091,0.0134,0.0078,0.0222,0.0026,0.0303,8.1749,0.0,LogisticRegression,0.8422201325953863,0.8060600551009928,0.8949028150567635,0.8966445994106855,0.8956056624162867,0.8400432958357293,0.8336110237182931,0.8357621306871849,0.888809548303207
visualizing_soil,northing,8641.0,0.4503,0.8589,-0.01,3.805,1.9239,1.8212,1.1061,0.0008,-1.262,0.9626,1.9093,0.0091,0.0134,0.0078,0.0222,0.0026,0.0303,8.1749,0.0,KNN,0.8997568010099799,0.9013047493567988,0.8855376008288218,0.896502835592812,0.8971596975192371,0.9007229954086249,0.8975511935956185,0.883629312610751,0.8981012764787489
visualizing_soil,northing,8641.0,0.4503,0.8589,-0.01,3.805,1.9239,1.8212,1.1061,0.0008,-1.262,0.9626,1.9093,0.0091,0.0134,0.0078,0.0222,0.0026,0.0303,8.1749,0.0,RandomForest,0.9046784641761911,0.9016276398309393,0.9002108800470103,0.9068958346978703,0.9060272757074629,0.9050629642196133,0.8723068211462192,0.8749405855323139,0.9061013396721677
visualizing_soil,northing,8641.0,0.4503,0.8589,-0.01,3.805,1.9239,1.8212,1.1061,0.0008,-1.262,0.9626,1.9093,0.0091,0.0134,0.0078,0.0222,0.0026,0.0303,8.1749,0.0,AdaBoost,0.9016916589262496,0.8853559636995914,0.8987612329819856,0.9024697929231741,0.903468871419802,0.8996320568203684,0.8668543203970067,0.880104576798587,0.9015987609793322
visualizing_soil,northing,8641.0,0.4503,0.8589,-0.01,3.805,1.9239,1.8212,1.1061,0.0008,-1.262,0.9626,1.9093,0.0091,0.0134,0.0078,0.0222,0.0026,0.0303,8.1749,0.0,SVC,0.891080917041974,0.8954513584242559,0.9012069624613097,0.9047099771504694,0.9026415918277558,0.8902163534990895,0.8861852744704886,0.8819815937812936,0.9004084545083634
visualizing_soil,northing,8641.0,0.3988,0.8593,-0.01,3.805,1.8853,1.7504,1.1118,0.036,-1.2711,0.9566,1.9886,0.0,0.0135,0.0088,0.0137,0.0016,0.0168,8.2734,0.0,DecisionTree,0.8774871566244387,0.9006867288817313,0.9091174017855829,0.9174630754918588,0.9152010834642089,0.917134312555426,0.8827729496859964,0.895678546469842,0.9140980331630418
visualizing_soil,northing,8641.0,0.3988,0.8593,-0.01,3.805,1.8853,1.7504,1.1118,0.036,-1.2711,0.9566,1.9886,0.0,0.0135,0.0088,0.0137,0.0016,0.0168,8.2734,0.0,LogisticRegression,0.8535524444500209,0.8189766101561777,0.9037113267981518,0.9074128090739636,0.9039982258568208,0.8534574797322213,0.8400189554936799,0.8482709827046543,0.895574929249634
visualizing_soil,northing,8641.0,0.3988,0.8593,-0.01,3.805,1.8853,1.7504,1.1118,0.036,-1.2711,0.9566,1.9886,0.0,0.0135,0.0088,0.0137,0.0016,0.0168,8.2734,0.0,KNN,0.9137008553211616,0.9120669206408003,0.9012997649223787,0.916494573997944,0.912190993845942,0.9133050208299118,0.908730814310046,0.8938386126440184,0.9105037012500811
visualizing_soil,northing,8641.0,0.3988,0.8593,-0.01,3.805,1.8853,1.7504,1.1118,0.036,-1.2711,0.9566,1.9886,0.0,0.0135,0.0088,0.0137,0.0016,0.0168,8.2734,0.0,RandomForest,0.9181486952307916,0.9111006714244683,0.9109506139634737,0.91718709966529,0.9170911153342332,0.9177621644505007,0.8776261727639771,0.8844891421516053,0.9144955050521123
visualizing_soil,northing,8641.0,0.3988,0.8593,-0.01,3.805,1.8853,1.7504,1.1118,0.036,-1.2711,0.9566,1.9886,0.0,0.0135,0.0088,0.0137,0.0016,0.0168,8.2734,0.0,AdaBoost,0.9137816764356924,0.8912611039071621,0.9078324780973885,0.9164483718562073,0.9148569556144741,0.9185732686930733,0.877800484571609,0.8909386090456726,0.9111913933352309
visualizing_soil,northing,8641.0,0.3988,0.8593,-0.01,3.805,1.8853,1.7504,1.1118,0.036,-1.2711,0.9566,1.9886,0.0,0.0135,0.0088,0.0137,0.0016,0.0168,8.2734,0.0,SVC,0.8988880948827719,0.9059795002449536,0.9088774885518731,0.915863922939498,0.914143974339461,0.898417282388077,0.8930958749209605,0.8881308840081297,0.9085124033821077
visualizing_soil,northing,8641.0,0.3482,0.8505,-0.004,3.805,1.9031,1.819,1.107,0.0006,-1.2549,0.9629,1.9018,0.0086,0.0094,0.0084,0.0192,0.0025,0.0256,8.3368,0.0,DecisionTree,0.8913195386166557,0.9013979373029598,0.9190451976104219,0.9204581475151378,0.9220785149493533,0.9202520752669014,0.885923110174476,0.8895301667598922,0.9164046198991245
visualizing_soil,northing,8641.0,0.3482,0.8505,-0.004,3.805,1.9031,1.819,1.107,0.0006,-1.2549,0.9629,1.9018,0.0086,0.0094,0.0084,0.0192,0.0025,0.0256,8.3368,0.0,LogisticRegression,0.8635786831926991,0.8214749539127936,0.9125303959739097,0.9109199327577835,0.9058832545048738,0.8635786014924928,0.8436793609653843,0.8552052592810755,0.891091645935806
visualizing_soil,northing,8641.0,0.3482,0.8505,-0.004,3.805,1.9031,1.819,1.107,0.0006,-1.2549,0.9629,1.9018,0.0086,0.0094,0.0084,0.0192,0.0025,0.0256,8.3368,0.0,KNN,0.9174129452293596,0.9153633163108184,0.9149499393885834,0.9179896560865726,0.9165274463359462,0.9172176408214494,0.9183586496685539,0.9029032038069439,0.9199180277062289
visualizing_soil,northing,8641.0,0.3482,0.8505,-0.004,3.805,1.9031,1.819,1.107,0.0006,-1.2549,0.9629,1.9018,0.0086,0.0094,0.0084,0.0192,0.0025,0.0256,8.3368,0.0,RandomForest,0.9213252369215799,0.9081070073219677,0.9208950099344855,0.9216126669482267,0.921884839494894,0.9202679949538625,0.8921755904238216,0.8891410526392307,0.9187273135996212
visualizing_soil,northing,8641.0,0.3482,0.8505,-0.004,3.805,1.9031,1.819,1.107,0.0006,-1.2549,0.9629,1.9018,0.0086,0.0094,0.0084,0.0192,0.0025,0.0256,8.3368,0.0,AdaBoost,0.9185284917207075,0.8955309305721946,0.9171193421175808,0.9235264322607515,0.9177190125635843,0.9230053083016373,0.8882789886534483,0.897406103088592,0.9179550249988476
visualizing_soil,northing,8641.0,0.3482,0.8505,-0.004,3.805,1.9031,1.819,1.107,0.0006,-1.2549,0.9629,1.9018,0.0086,0.0094,0.0084,0.0192,0.0025,0.0256,8.3368,0.0,SVC,0.8959767290051689,0.9060091265614332,0.9176641556023799,0.9178149301501469,0.916862329369746,0.8920308748039516,0.8952209746761165,0.8876569449879292,0.9121789344036797
visualizing_soil,northing,8641.0,0.3004,0.8458,-0.01,3.805,1.9049,1.8159,1.1085,0.0165,-1.2736,0.9729,1.9788,0.0014,0.0151,0.0047,0.0137,0.0028,0.0176,8.395,0.0,DecisionTree,0.9053548120501606,0.924759217196588,0.9289909535977217,0.9346827480720323,0.9318996997645683,0.9329346934208422,0.8992978516816197,0.9056787796717909,0.9321645759656075
visualizing_soil,northing,8641.0,0.3004,0.8458,-0.01,3.805,1.9049,1.8159,1.1085,0.0165,-1.2736,0.9729,1.9788,0.0014,0.0151,0.0047,0.0137,0.0028,0.0176,8.395,0.0,LogisticRegression,0.8741671503007925,0.8475537190392933,0.9171287118320467,0.9185921266660816,0.9144783050012496,0.8726350715075664,0.8536716017160202,0.8699233015583422,0.9095464915714324
visualizing_soil,northing,8641.0,0.3004,0.8458,-0.01,3.805,1.9049,1.8159,1.1085,0.0165,-1.2736,0.9729,1.9788,0.0014,0.0151,0.0047,0.0137,0.0028,0.0176,8.395,0.0,KNN,0.927424917419557,0.9274126678103103,0.9275466758978094,0.9282154507703944,0.9242433067209143,0.92674725863405,0.9245415860569738,0.9134569812594298,0.9279927526859213
visualizing_soil,northing,8641.0,0.3004,0.8458,-0.01,3.805,1.9049,1.8159,1.1085,0.0165,-1.2736,0.9729,1.9788,0.0014,0.0151,0.0047,0.0137,0.0028,0.0176,8.395,0.0,RandomForest,0.9272767458393422,0.9241546984691842,0.9309126062670412,0.9345901047012131,0.9318075381953591,0.9316147481773956,0.8963962135979411,0.9030321966955817,0.9316127680894306
visualizing_soil,northing,8641.0,0.3004,0.8458,-0.01,3.805,1.9049,1.8159,1.1085,0.0165,-1.2736,0.9729,1.9788,0.0014,0.0151,0.0047,0.0137,0.0028,0.0176,8.395,0.0,AdaBoost,0.9329302361328405,0.9190432019219908,0.9310082040600685,0.9330463380635148,0.9286209251629214,0.9364207296606205,0.899298734229954,0.9107491483116701,0.9283265980455899
visualizing_soil,northing,8641.0,0.3004,0.8458,-0.01,3.805,1.9049,1.8159,1.1085,0.0165,-1.2736,0.9729,1.9788,0.0014,0.0151,0.0047,0.0137,0.0028,0.0176,8.395,0.0,SVC,0.9031376361414952,0.9242978108945048,0.9285660618448932,0.9311955319721819,0.928614721596991,0.902173460712445,0.9019901689051038,0.9007416391536539,0.9240976453348108
visualizing_soil,northing,8641.0,0.2445,0.8398,-0.01,3.805,1.9092,1.8139,1.1082,0.015,-1.2693,0.9697,1.9091,0.0047,0.0247,0.0016,0.0169,0.0128,0.022,8.4593,0.0,DecisionTree,0.9229927944738858,0.9365487820534424,0.9437593724504383,0.9483257818489426,0.9498603748517844,0.94088040464772,0.9141854309967465,0.9220906730211429,0.944662499633941
visualizing_soil,northing,8641.0,0.2445,0.8398,-0.01,3.805,1.9092,1.8139,1.1082,0.015,-1.2693,0.9697,1.9091,0.0047,0.0247,0.0016,0.0169,0.0128,0.022,8.4593,0.0,LogisticRegression,0.8930433383091597,0.8788703522673911,0.9322374431165771,0.9313766093108627,0.9313396078694275,0.8912154589965054,0.8713570288338885,0.8928949854487234,0.9223744001012412
visualizing_soil,northing,8641.0,0.2445,0.8398,-0.01,3.805,1.9092,1.8139,1.1082,0.015,-1.2693,0.9697,1.9091,0.0047,0.0247,0.0016,0.0169,0.0128,0.022,8.4593,0.0,KNN,0.9433070840664782,0.9413673456063919,0.941779307930231,0.9429303500036608,0.9436069579384858,0.9424375518205035,0.9422421081436699,0.933037555195469,0.938958414285724
visualizing_soil,northing,8641.0,0.2445,0.8398,-0.01,3.805,1.9092,1.8139,1.1082,0.015,-1.2693,0.9697,1.9091,0.0047,0.0247,0.0016,0.0169,0.0128,0.022,8.4593,0.0,RandomForest,0.9392085041826258,0.9371371404434832,0.9455884786619991,0.9499537693307208,0.9501528150062521,0.9369018690647236,0.9027556454239628,0.927958196290711,0.9450568624940876
visualizing_soil,northing,8641.0,0.2445,0.8398,-0.01,3.805,1.9092,1.8139,1.1082,0.015,-1.2693,0.9697,1.9091,0.0047,0.0247,0.0016,0.0169,0.0128,0.022,8.4593,0.0,AdaBoost,0.943297201425625,0.928715396116978,0.9446261926706144,0.9501415466282835,0.9503419464164568,0.9423336162927909,0.9131520713590985,0.9267394268820138,0.944560463293848
visualizing_soil,northing,8641.0,0.2445,0.8398,-0.01,3.805,1.9092,1.8139,1.1082,0.015,-1.2693,0.9697,1.9091,0.0047,0.0247,0.0016,0.0169,0.0128,0.022,8.4593,0.0,SVC,0.9213215770375166,0.936957125296872,0.9404664607532915,0.9438593019479168,0.9426194223024301,0.9213239289692174,0.9235197137317338,0.9212212883998158,0.9386953740325545
visualizing_soil,northing,8641.0,0.2033,0.8374,-0.004,3.806,1.905,1.8162,1.1102,0.0111,-1.2706,0.981,1.939,0.0086,0.0119,0.0085,0.019,0.0029,0.0257,8.5111,0.0,DecisionTree,0.9416127338441224,0.9474885483584861,0.9582034260276842,0.9548548263763336,0.9541797080843217,0.9527402750587222,0.9151646360750462,0.9378001049102621,0.9558252103143002
visualizing_soil,northing,8641.0,0.2033,0.8374,-0.004,3.806,1.905,1.8162,1.1102,0.0111,-1.2706,0.981,1.939,0.0086,0.0119,0.0085,0.019,0.0029,0.0257,8.5111,0.0,LogisticRegression,0.9149500814858222,0.8995796283841125,0.9445803070788059,0.9412452576435162,0.940391352753961,0.9140817508182935,0.8847430294648921,0.9117877192971459,0.9368616116854115
visualizing_soil,northing,8641.0,0.2033,0.8374,-0.004,3.806,1.905,1.8162,1.1102,0.0111,-1.2706,0.981,1.939,0.0086,0.0119,0.0085,0.019,0.0029,0.0257,8.5111,0.0,KNN,0.9471729064238328,0.9475512961551942,0.9502526377079799,0.948130537502132,0.9472888796659771,0.9478545655724376,0.9446296014547138,0.9426949805656912,0.9475433455917115
visualizing_soil,northing,8641.0,0.2033,0.8374,-0.004,3.806,1.905,1.8162,1.1102,0.0111,-1.2706,0.981,1.939,0.0086,0.0119,0.0085,0.019,0.0029,0.0257,8.5111,0.0,RandomForest,0.9460386097928912,0.9479755777172821,0.958873206720747,0.9571759151257213,0.9560235278626188,0.9489222323135118,0.917325767097441,0.9413238560937409,0.9571688117752903
visualizing_soil,northing,8641.0,0.2033,0.8374,-0.004,3.806,1.905,1.8162,1.1102,0.0111,-1.2706,0.981,1.939,0.0086,0.0119,0.0085,0.019,0.0029,0.0257,8.5111,0.0,AdaBoost,0.9579317572229522,0.9406591557639874,0.9581987580060083,0.9566912773341368,0.9551522136980632,0.9593221769305169,0.9219480991546831,0.941766571159838,0.9564960483994764
visualizing_soil,northing,8641.0,0.2033,0.8374,-0.004,3.806,1.905,1.8162,1.1102,0.0111,-1.2706,0.981,1.939,0.0086,0.0119,0.0085,0.019,0.0029,0.0257,8.5111,0.0,SVC,0.9351734465761062,0.9438953850040608,0.9524008146325528,0.9519425807708605,0.9516608084597434,0.9360396080700146,0.9290532369065545,0.9345786101731998,0.9527258784463825
visualizing_soil,northing,8641.0,0.1526,0.8278,-0.004,3.806,1.9026,1.8139,1.1081,0.0191,-1.2703,0.9756,1.9463,0.0074,0.0179,0.004,0.0179,0.0038,0.0241,8.5445,0.0,DecisionTree,0.9540265676187307,0.9578283628718505,0.9639750161359169,0.9649574330245291,0.964675071650312,0.9547956560219404,0.9376750230285089,0.9505475179054852,0.9640853255597831
visualizing_soil,northing,8641.0,0.1526,0.8278,-0.004,3.806,1.9026,1.8139,1.1081,0.0191,-1.2703,0.9756,1.9463,0.0074,0.0179,0.004,0.0179,0.0038,0.0241,8.5445,0.0,LogisticRegression,0.9265458574544385,0.9186058394672577,0.9514463043385301,0.949043382666739,0.9481028175486377,0.9262558199762212,0.9105968803248519,0.9281573378022567,0.9463295695124938
visualizing_soil,northing,8641.0,0.1526,0.8278,-0.004,3.806,1.9026,1.8139,1.1081,0.0191,-1.2703,0.9756,1.9463,0.0074,0.0179,0.004,0.0179,0.0038,0.0241,8.5445,0.0,KNN,0.9605678514754906,0.95960127192256,0.959223274401996,0.9611565707229379,0.9620317087359886,0.9596034702078162,0.955424917265812,0.9532827125027914,0.9589264636341234
visualizing_soil,northing,8641.0,0.1526,0.8278,-0.004,3.806,1.9026,1.8139,1.1081,0.0191,-1.2703,0.9756,1.9463,0.0074,0.0179,0.004,0.0179,0.0038,0.0241,8.5445,0.0,RandomForest,0.9563340594615221,0.9587095156187367,0.9654192141988288,0.9653488899705627,0.965158884782392,0.9563340594615221,0.938073938839958,0.9528572052569126,0.9650485193401996
visualizing_soil,northing,8641.0,0.1526,0.8278,-0.004,3.806,1.9026,1.8139,1.1081,0.0191,-1.2703,0.9756,1.9463,0.0074,0.0179,0.004,0.0179,0.0038,0.0241,8.5445,0.0,AdaBoost,0.9609896972823175,0.9510069894739388,0.9642646072069916,0.9651526893549662,0.9653485784867122,0.9597148345616642,0.9355857552789916,0.9494690218901456,0.9650497350088382
visualizing_soil,northing,8641.0,0.1526,0.8278,-0.004,3.806,1.9026,1.8139,1.1081,0.0191,-1.2703,0.9756,1.9463,0.0074,0.0179,0.004,0.0179,0.0038,0.0241,8.5445,0.0,SVC,0.9468059939322829,0.9515069643826539,0.9595145642199925,0.962145255238817,0.9601357338139216,0.9471917915034652,0.9352132307347116,0.9460103109280809,0.9584722587760912
visualizing_soil,northing,8641.0,0.1018,0.8248,-0.01,3.806,1.9049,1.8189,1.107,0.0123,-1.2629,0.9667,1.9341,0.0066,0.0119,0.0076,0.018,0.0015,0.0241,8.5985,0.0,DecisionTree,0.9682521646261146,0.9699998063224001,0.9769723414104543,0.9761164396864297,0.9757291252471922,0.9678584892899971,0.9627811756640506,0.964286889044209,0.9764024316449729
visualizing_soil,northing,8641.0,0.1018,0.8248,-0.01,3.806,1.9049,1.8189,1.107,0.0123,-1.2629,0.9667,1.9341,0.0066,0.0119,0.0076,0.018,0.0015,0.0241,8.5985,0.0,LogisticRegression,0.9423764959596171,0.9467273488544437,0.9636219352422978,0.9628497505430536,0.9633411853261017,0.9399549717996593,0.9375929873275157,0.9438701204423383,0.9591663416640082
visualizing_soil,northing,8641.0,0.1018,0.8248,-0.01,3.806,1.9049,1.8189,1.107,0.0123,-1.2629,0.9667,1.9341,0.0066,0.0119,0.0076,0.018,0.0015,0.0241,8.5985,0.0,KNN,0.9683818545306603,0.9661524643217796,0.9727236419350304,0.9722393234674296,0.9701208683379793,0.9676082164606163,0.9706620368440353,0.9612694334801904,0.9731981243642127
visualizing_soil,northing,8641.0,0.1018,0.8248,-0.01,3.806,1.9049,1.8189,1.107,0.0123,-1.2629,0.9667,1.9341,0.0066,0.0119,0.0076,0.018,0.0015,0.0241,8.5985,0.0,RandomForest,0.9695978514668803,0.9703891850864464,0.977458212368536,0.97775477095012,0.9764080254088899,0.9695978514668803,0.9652225696351551,0.964675595551358,0.9777530483911839
visualizing_soil,northing,8641.0,0.1018,0.8248,-0.01,3.806,1.9049,1.8189,1.107,0.0123,-1.2629,0.9667,1.9341,0.0066,0.0119,0.0076,0.018,0.0015,0.0241,8.5985,0.0,AdaBoost,0.9762844452214255,0.9588104593916591,0.9772653697986055,0.9780418884512174,0.9764053669354088,0.9798513099079216,0.9695610324772909,0.9644727352922005,0.976886081164052
visualizing_soil,northing,8641.0,0.1018,0.8248,-0.01,3.806,1.9049,1.8189,1.107,0.0123,-1.2629,0.9667,1.9341,0.0066,0.0119,0.0076,0.018,0.0015,0.0241,8.5985,0.0,SVC,0.9604481192206215,0.9608520014438158,0.970891684067404,0.9714731221910707,0.9708007611019831,0.9600651205100902,0.9578326622257528,0.9564890209874496,0.9736939032148333
visualizing_soil,northing,8641.0,0.0494,0.8173,-0.01,3.806,1.9055,1.8139,1.1073,0.0199,-1.2624,0.9697,1.9226,0.0072,0.0156,0.0054,0.018,0.0021,0.024,8.6372,0.0,DecisionTree,0.9837112246171065,0.9865002585327027,0.9878560036215079,0.9891107222182549,0.9880501431413337,0.983421188667848,0.9800202160760687,0.985551615019376,0.9894965548905008
visualizing_soil,northing,8641.0,0.0494,0.8173,-0.01,3.806,1.9055,1.8139,1.1073,0.0199,-1.2624,0.9697,1.9226,0.0072,0.0156,0.0054,0.018,0.0021,0.024,8.6372,0.0,LogisticRegression,0.9688502262339608,0.9766464659088517,0.981962167659495,0.9832205780818276,0.9826422259784673,0.9684634413520072,0.9660501442082005,0.9722201057888851,0.9841834827974858
visualizing_soil,northing,8641.0,0.0494,0.8173,-0.01,3.806,1.9055,1.8139,1.1073,0.0199,-1.2624,0.9697,1.9226,0.0072,0.0156,0.0054,0.018,0.0021,0.024,8.6372,0.0,KNN,0.9815913355890781,0.9825483515531271,0.9839028937375912,0.9848666030071115,0.9842895610289109,0.9815902373921715,0.9800332129320751,0.9808251219826426,0.9846725119211519
visualizing_soil,northing,8641.0,0.0494,0.8173,-0.01,3.806,1.9055,1.8139,1.1073,0.0199,-1.2624,0.9697,1.9226,0.0072,0.0156,0.0054,0.018,0.0021,0.024,8.6372,0.0,RandomForest,0.9859408236844107,0.9877532052015396,0.9885305601180893,0.9896893824361188,0.9881480619247474,0.9859408236844107,0.9806984611755647,0.9861292984461484,0.9897857562040524
visualizing_soil,northing,8641.0,0.0494,0.8173,-0.01,3.806,1.9055,1.8139,1.1073,0.0199,-1.2624,0.9697,1.9226,0.0072,0.0156,0.0054,0.018,0.0021,0.024,8.6372,0.0,AdaBoost,0.9875657082349995,0.9827391190988637,0.9883377960264907,0.9894961661924513,0.987857862709299,0.9871784544537179,0.9800158629057387,0.9859361260709609,0.9896890390375827
visualizing_soil,northing,8641.0,0.0494,0.8173,-0.01,3.806,1.9055,1.8139,1.1073,0.0199,-1.2624,0.9697,1.9226,0.0072,0.0156,0.0054,0.018,0.0021,0.024,8.6372,0.0,SVC,0.9789052093487374,0.9777255558310184,0.9840920167403548,0.9881441173449437,0.9880465143537418,0.9780394428233169,0.9724998636901546,0.9785160752422883,0.98766096317761
visualizing_soil,easting,8641.0,0.5023,0.8219,-0.004,1.56,0.7436,0.7423,0.427,0.1617,-1.1138,0.3789,0.739,0.0039,0.3661,0.0143,0.2548,0.0189,0.4071,8.0862,0.0,DecisionTree,0.999903583372388,0.999903583372388,0.999903583372388,0.999903583372388,0.999903583372388,0.999903583372388,0.999903583372388,0.999903583372388,0.999903583372388
visualizing_soil,easting,8641.0,0.5023,0.8219,-0.004,1.56,0.7436,0.7423,0.427,0.1617,-1.1138,0.3789,0.739,0.0039,0.3661,0.0143,0.2548,0.0189,0.4071,8.0862,0.0,LogisticRegression,0.9969137738782431,0.9988428727074541,0.9987464960299246,0.9984571943769535,0.9984571943769535,0.9966243874202071,0.997975013148628,0.9971070086291037,0.9983607617125408
visualizing_soil,easting,8641.0,0.5023,0.8219,-0.004,1.56,0.7436,0.7423,0.427,0.1617,-1.1138,0.3789,0.739,0.0039,0.3661,0.0143,0.2548,0.0189,0.4071,8.0862,0.0,KNN,0.9932501921889525,0.9940209072675499,0.9949855854291678,0.9944066209755289,0.9928636513899651,0.9927675618321741,0.9929607640783769,0.9895863427252908,0.9930572057256586
visualizing_soil,easting,8641.0,0.5023,0.8219,-0.004,1.56,0.7436,0.7423,0.427,0.1617,-1.1138,0.3789,0.739,0.0039,0.3661,0.0143,0.2548,0.0189,0.4071,8.0862,0.0,RandomForest,1.0,1.0,1.0,1.0,1.0,1.0,1.0,1.0,1.0
visualizing_soil,easting,8641.0,0.5023,0.8219,-0.004,1.56,0.7436,0.7423,0.427,0.1617,-1.1138,0.3789,0.739,0.0039,0.3661,0.0143,0.2548,0.0189,0.4071,8.0862,0.0,AdaBoost,0.999903583372388,0.999903583372388,0.999903583372388,0.999903583372388,0.999903583372388,0.999903583372388,0.999903583372388,0.999903583372388,0.999903583372388
visualizing_soil,easting,8641.0,0.5023,0.8219,-0.004,1.56,0.7436,0.7423,0.427,0.1617,-1.1138,0.3789,0.739,0.0039,0.3661,0.0143,0.2548,0.0189,0.4071,8.0862,0.0,SVC,0.9987466863270059,0.9987466993456182,0.9997107427595356,0.998746630942587,0.9984574990080158,0.9986503349968532,0.9989395131685023,0.9982644610304349,0.9988430547852158
visualizing_soil,easting,8641.0,0.4396,0.8046,-0.003,1.554,0.7402,0.725,0.4279,0.1789,-1.1048,0.3637,0.7412,0.0208,0.3543,0.027,0.2429,0.0365,0.3927,8.1753,0.0,DecisionTree,0.999903583372388,0.999903583372388,0.999903583372388,0.999903583372388,0.999903583372388,0.999903583372388,0.999903583372388,0.999903583372388,0.999903583372388
visualizing_soil,easting,8641.0,0.4396,0.8046,-0.003,1.554,0.7402,0.725,0.4279,0.1789,-1.1048,0.3637,0.7412,0.0208,0.3543,0.027,0.2429,0.0365,0.3927,8.1753,0.0,LogisticRegression,0.9963348911839081,0.9987464337771365,0.9986499769948,0.9985535344832255,0.9983607374434754,0.9964314538619248,0.9966244134758685,0.9968175410022933,0.998457083460237
visualizing_soil,easting,8641.0,0.4396,0.8046,-0.003,1.554,0.7402,0.725,0.4279,0.1789,-1.1048,0.3637,0.7412,0.0208,0.3543,0.027,0.2429,0.0365,0.3927,8.1753,0.0,KNN,0.9938298179449455,0.9955645254888295,0.9953713607221808,0.9949865713839239,0.9950826004369682,0.9942156014414378,0.9944078866100512,0.9901639523781218,0.9941184297745608
visualizing_soil,easting,8641.0,0.4396,0.8046,-0.003,1.554,0.7402,0.725,0.4279,0.1789,-1.1048,0.3637,0.7412,0.0208,0.3543,0.027,0.2429,0.0365,0.3927,8.1753,0.0,RandomForest,1.0,1.0,1.0,1.0,1.0,1.0,1.0,0.9999035897568042,1.0
visualizing_soil,easting,8641.0,0.4396,0.8046,-0.003,1.554,0.7402,0.725,0.4279,0.1789,-1.1048,0.3637,0.7412,0.0208,0.3543,0.027,0.2429,0.0365,0.3927,8.1753,0.0,AdaBoost,0.999903583372388,0.999903583372388,0.999903583372388,0.999903583372388,0.999903583372388,0.999903583372388,0.999903583372388,0.999903583372388,0.999903583372388
visualizing_soil,easting,8641.0,0.4396,0.8046,-0.003,1.554,0.7402,0.725,0.4279,0.1789,-1.1048,0.3637,0.7412,0.0208,0.3543,0.027,0.2429,0.0365,0.3927,8.1753,0.0,SVC,0.9978785417151369,0.9983609970237706,0.9991321865379715,0.9986501977222795,0.998457276048836,0.9980716182880554,0.9979752529740571,0.9973963978172813,0.9984573589338256
visualizing_soil,easting,8641.0,0.3966,0.7875,-0.004,1.554,0.7404,0.7303,0.4294,0.1868,-1.0941,0.3684,0.7373,0.0149,0.3606,0.0227,0.2504,0.0324,0.4,8.2192,0.0,DecisionTree,0.999903583372388,0.999903583372388,0.999903583372388,0.999903583372388,0.999903583372388,0.999903583372388,0.999903583372388,0.999903583372388,0.999903583372388
visualizing_soil,easting,8641.0,0.3966,0.7875,-0.004,1.554,0.7404,0.7303,0.4294,0.1868,-1.0941,0.3684,0.7373,0.0149,0.3606,0.0227,0.2504,0.0324,0.4,8.2192,0.0,LogisticRegression,0.9973960677289823,0.9986499660554401,0.9985536579775002,0.9980715641759315,0.9980715641759315,0.997492799360324,0.9970105914018347,0.9979748577250569,0.9981680205178699
visualizing_soil,easting,8641.0,0.3966,0.7875,-0.004,1.554,0.7404,0.7303,0.4294,0.1868,-1.0941,0.3684,0.7373,0.0149,0.3606,0.0227,0.2504,0.0324,0.4,8.2192,0.0,KNN,0.9944080222440824,0.9944071781842704,0.9955646519065771,0.9949857321593674,0.9933463156017455,0.9944071595155135,0.9941183712077728,0.992092399420046,0.9944070332811542
visualizing_soil,easting,8641.0,0.3966,0.7875,-0.004,1.554,0.7404,0.7303,0.4294,0.1868,-1.0941,0.3684,0.7373,0.0149,0.3606,0.0227,0.2504,0.0324,0.4,8.2192,0.0,RandomForest,1.0,1.0,1.0,1.0,1.0,1.0,1.0,1.0,1.0
visualizing_soil,easting,8641.0,0.3966,0.7875,-0.004,1.554,0.7404,0.7303,0.4294,0.1868,-1.0941,0.3684,0.7373,0.0149,0.3606,0.0227,0.2504,0.0324,0.4,8.2192,0.0,AdaBoost,0.999903583372388,0.999903583372388,0.999903583372388,0.999903583372388,0.999903583372388,0.999903583372388,0.999903583372388,0.999903583372388,0.999903583372388
visualizing_soil,easting,8641.0,0.3966,0.7875,-0.004,1.554,0.7404,0.7303,0.4294,0.1868,-1.0941,0.3684,0.7373,0.0149,0.3606,0.0227,0.2504,0.0324,0.4,8.2192,0.0,SVC,0.9983608946580538,0.9982644993502333,0.9991322471353714,0.9982646656876216,0.9985538775129625,0.9983611521247787,0.997975449154681,0.9978789115710844,0.9984574737128058
visualizing_soil,easting,8641.0,0.3479,0.7789,-0.004,1.56,0.7413,0.7372,0.428,0.1784,-1.0978,0.3739,0.7382,0.001,0.3553,0.0139,0.2453,0.0176,0.3923,8.2765,0.0,DecisionTree,0.999903583372388,0.999903583372388,0.999903583372388,0.999903583372388,0.999903583372388,0.999903583372388,0.999903583372388,0.999903583372388,0.999903583372388
visualizing_soil,easting,8641.0,0.3479,0.7789,-0.004,1.56,0.7413,0.7372,0.428,0.1784,-1.0978,0.3739,0.7382,0.001,0.3553,0.0139,0.2453,0.0176,0.3923,8.2765,0.0,LogisticRegression,0.9968173272340676,0.998649991265562,0.9985535621877505,0.998457200994949,0.9984571537140239,0.9970103980555287,0.9979751235123103,0.9973961787160648,0.9983606420627941
visualizing_soil,easting,8641.0,0.3479,0.7789,-0.004,1.56,0.7413,0.7372,0.428,0.1784,-1.0978,0.3739,0.7382,0.001,0.3553,0.0139,0.2453,0.0176,0.3923,8.2765,0.0,KNN,0.9943112475106931,0.9948897110587945,0.9954682790275311,0.9938284858166159,0.9940219133837462,0.9946004345484891,0.9950823946592726,0.9901626729340975,0.9944074106965863
visualizing_soil,easting,8641.0,0.3479,0.7789,-0.004,1.56,0.7413,0.7372,0.428,0.1784,-1.0978,0.3739,0.7382,0.001,0.3553,0.0139,0.2453,0.0176,0.3923,8.2765,0.0,RandomForest,1.0,1.0,1.0,1.0,1.0,1.0,1.0,1.0,1.0
visualizing_soil,easting,8641.0,0.3479,0.7789,-0.004,1.56,0.7413,0.7372,0.428,0.1784,-1.0978,0.3739,0.7382,0.001,0.3553,0.0139,0.2453,0.0176,0.3923,8.2765,0.0,AdaBoost,0.999903583372388,0.999903583372388,0.999903583372388,0.999903583372388,0.999903583372388,0.999903583372388,0.999903583372388,0.999903583372388,0.999903583372388
visualizing_soil,easting,8641.0,0.3479,0.7789,-0.004,1.56,0.7413,0.7372,0.428,0.1784,-1.0978,0.3739,0.7382,0.001,0.3553,0.0139,0.2453,0.0176,0.3923,8.2765,0.0,SVC,0.9994215134144616,0.999228702910032,0.9999035897568042,0.9995179418963337,0.999325123120337,0.9992287455534762,0.9991323282187708,0.9979751347985284,0.999325123120337
visualizing_soil,easting,8641.0,0.2942,0.7672,-0.004,1.5525,0.7331,0.715,0.428,0.2118,-1.071,0.3546,0.7249,0.001,0.357,0.014,0.2427,0.0192,0.3914,8.3383,0.0,DecisionTree,0.999903583372388,0.999903583372388,0.999903583372388,0.999903583372388,0.999903583372388,0.999903583372388,0.999903583372388,0.999903583372388,0.999903583372388
visualizing_soil,easting,8641.0,0.2942,0.7672,-0.004,1.5525,0.7331,0.715,0.428,0.2118,-1.071,0.3546,0.7249,0.001,0.357,0.014,0.2427,0.0192,0.3914,8.3383,0.0,LogisticRegression,0.9972995536058259,0.9987464228377767,0.9990357582641766,0.9984572338781261,0.9982643347897677,0.9972996729086916,0.9980715789447749,0.9972997619001615,0.9979749525203867
visualizing_soil,easting,8641.0,0.2942,0.7672,-0.004,1.5525,0.7331,0.715,0.428,0.2118,-1.071,0.3546,0.7249,0.001,0.357,0.014,0.2427,0.0192,0.3914,8.3383,0.0,KNN,0.9931535540924136,0.9934426805562709,0.9949863559652424,0.9939249677437363,0.994022173071156,0.9927681685905175,0.9925750859543012,0.9917078964678354,0.9932505574729887
visualizing_soil,easting,8641.0,0.2942,0.7672,-0.004,1.5525,0.7331,0.715,0.428,0.2118,-1.071,0.3546,0.7249,0.001,0.357,0.014,0.2427,0.0192,0.3914,8.3383,0.0,RandomForest,1.0,1.0,1.0,1.0,1.0,1.0,0.9999035897568042,1.0,1.0
visualizing_soil,easting,8641.0,0.2942,0.7672,-0.004,1.5525,0.7331,0.715,0.428,0.2118,-1.071,0.3546,0.7249,0.001,0.357,0.014,0.2427,0.0192,0.3914,8.3383,0.0,AdaBoost,0.999903583372388,0.999903583372388,0.999903583372388,0.999903583372388,0.999903583372388,0.999903583372388,0.999903583372388,0.999903583372388,0.999903583372388
visualizing_soil,easting,8641.0,0.2942,0.7672,-0.004,1.5525,0.7331,0.715,0.428,0.2118,-1.071,0.3546,0.7249,0.001,0.357,0.014,0.2427,0.0192,0.3914,8.3383,0.0,SVC,0.9983608798802148,0.9983610452320563,0.9992286108642461,0.99836108630045,0.998361044894956,0.9985539857867365,0.9984575173421371,0.9977823995358158,0.9982645973607387
visualizing_soil,easting,8641.0,0.2494,0.7569,-0.003,1.56,0.7421,0.7312,0.4292,0.1842,-1.099,0.3693,0.744,0.0084,0.3628,0.018,0.2512,0.0247,0.4024,8.3864,0.0,DecisionTree,0.999903583372388,0.999903583372388,0.999903583372388,0.999903583372388,0.999903583372388,0.999903583372388,0.999903583372388,0.999903583372388,0.999903583372388
visualizing_soil,easting,8641.0,0.2494,0.7569,-0.003,1.56,0.7421,0.7312,0.4292,0.1842,-1.099,0.3693,0.744,0.0084,0.3628,0.018,0.2512,0.0247,0.4024,8.3864,0.0,LogisticRegression,0.9975890059716175,0.9988428647296136,0.9988428727074541,0.9984572007842593,0.9986500531315102,0.9972033990834525,0.997782214182707,0.9982642214858995,0.9985535621877505
visualizing_soil,easting,8641.0,0.2494,0.7569,-0.003,1.56,0.7421,0.7312,0.4292,0.1842,-1.099,0.3693,0.744,0.0084,0.3628,0.018,0.2512,0.0247,0.4024,8.3864,0.0,KNN,0.9954686152392787,0.9949862450436214,0.9949858270616553,0.9939248878332524,0.9944074832876628,0.9942149888533054,0.9947938740992298,0.9931537526753249,0.994697393044522
visualizing_soil,easting,8641.0,0.2494,0.7569,-0.003,1.56,0.7421,0.7312,0.4292,0.1842,-1.099,0.3693,0.744,0.0084,0.3628,0.018,0.2512,0.0247,0.4024,8.3864,0.0,RandomForest,1.0,1.0,1.0,1.0,1.0,1.0,1.0,1.0,1.0
visualizing_soil,easting,8641.0,0.2494,0.7569,-0.003,1.56,0.7421,0.7312,0.4292,0.1842,-1.099,0.3693,0.744,0.0084,0.3628,0.018,0.2512,0.0247,0.4024,8.3864,0.0,AdaBoost,0.999903583372388,0.999903583372388,0.999903583372388,0.999903583372388,0.999903583372388,0.999903583372388,0.999903583372388,0.999903583372388,0.999903583372388
visualizing_soil,easting,8641.0,0.2494,0.7569,-0.003,1.56,0.7421,0.7312,0.4292,0.1842,-1.099,0.3693,0.744,0.0084,0.3628,0.018,0.2512,0.0247,0.4024,8.3864,0.0,SVC,0.9984572676799328,0.9987465859554931,0.9987464788525482,0.998264463111846,0.9980716278186719,0.9976860534277789,0.9979753290938713,0.9976858516885644,0.9983608584106385
visualizing_soil,easting,8641.0,0.2031,0.7438,-0.004,1.56,0.7384,0.7284,0.4283,0.1831,-1.0998,0.3667,0.7395,0.0119,0.3527,0.0208,0.2438,0.0278,0.391,8.4163,0.0,DecisionTree,0.999903583372388,0.999903583372388,0.999903583372388,0.999903583372388,0.999903583372388,0.999903583372388,0.999903583372388,0.999903583372388,0.999903583372388
visualizing_soil,easting,8641.0,0.2031,0.7438,-0.004,1.56,0.7384,0.7284,0.4283,0.1831,-1.0998,0.3667,0.7395,0.0119,0.3527,0.0208,0.2438,0.0278,0.391,8.4163,0.0,LogisticRegression,0.9977818785257738,0.9973969181797877,0.9987464584488766,0.9982643059597344,0.9984571799550499,0.9973963532778155,0.9983609830786287,0.9979748506857541,0.9982643059597344
visualizing_soil,easting,8641.0,0.2031,0.7438,-0.004,1.56,0.7384,0.7284,0.4283,0.1831,-1.0998,0.3667,0.7395,0.0119,0.3527,0.0208,0.2438,0.0278,0.391,8.4163,0.0,KNN,0.9942144128757459,0.9943106782196914,0.9955648626075064,0.9942148162838927,0.9948889100690547,0.9943109307171822,0.9941180476134888,0.9919001894630832,0.9944071845986467
visualizing_soil,easting,8641.0,0.2031,0.7438,-0.004,1.56,0.7384,0.7284,0.4283,0.1831,-1.0998,0.3667,0.7395,0.0119,0.3527,0.0208,0.2438,0.0278,0.391,8.4163,0.0,RandomForest,1.0,1.0,1.0,1.0,1.0,1.0,1.0,1.0,1.0
visualizing_soil,easting,8641.0,0.2031,0.7438,-0.004,1.56,0.7384,0.7284,0.4283,0.1831,-1.0998,0.3667,0.7395,0.0119,0.3527,0.0208,0.2438,0.0278,0.391,8.4163,0.0,AdaBoost,0.999903583372388,0.999903583372388,0.999903583372388,0.999903583372388,0.999903583372388,0.999903583372388,0.999903583372388,0.999903583372388,0.999903583372388
visualizing_soil,easting,8641.0,0.2031,0.7438,-0.004,1.56,0.7384,0.7284,0.4283,0.1831,-1.0998,0.3667,0.7395,0.0119,0.3527,0.0208,0.2438,0.0278,0.391,8.4163,0.0,SVC,0.9988428204354178,0.9988429874066395,0.9992286328334499,0.9987465196067327,0.9984574057953768,0.99865027103989,0.9989395275145759,0.9986499922564274,0.999035797707357
visualizing_soil,easting,8641.0,0.1467,0.7323,-0.004,1.554,0.7396,0.7351,0.4302,0.1796,-1.1041,0.373,0.7394,0.0067,0.3611,0.0176,0.2507,0.0236,0.4012,8.4658,0.0,DecisionTree,0.999903583372388,0.999903583372388,0.999903583372388,0.999903583372388,0.999903583372388,0.999903583372388,0.999903583372388,0.999903583372388,0.999903583372388
visualizing_soil,easting,8641.0,0.1467,0.7323,-0.004,1.554,0.7396,0.7351,0.4302,0.1796,-1.1041,0.373,0.7394,0.0067,0.3611,0.0176,0.2507,0.0236,0.4012,8.4658,0.0,LogisticRegression,0.9979747929543125,0.9986499718147882,0.9989392969542054,0.9987464228377767,0.9987464228377767,0.9981677300334173,0.9991321907547298,0.9982641555226393,0.9986499718147882
visualizing_soil,easting,8641.0,0.1467,0.7323,-0.004,1.554,0.7396,0.7351,0.4302,0.1796,-1.1041,0.373,0.7394,0.0067,0.3611,0.0176,0.2507,0.0236,0.4012,8.4658,0.0,KNN,0.9948899696493205,0.9952751082287166,0.9945997639475713,0.9949862761041702,0.9949860382429575,0.9949863376972908,0.9946005930066601,0.9935397111867843,0.9950824204785316
visualizing_soil,easting,8641.0,0.1467,0.7323,-0.004,1.554,0.7396,0.7351,0.4302,0.1796,-1.1041,0.373,0.7394,0.0067,0.3611,0.0176,0.2507,0.0236,0.4012,8.4658,0.0,RandomForest,1.0,1.0,0.999903583372388,1.0,1.0,1.0,1.0,1.0,1.0
visualizing_soil,easting,8641.0,0.1467,0.7323,-0.004,1.554,0.7396,0.7351,0.4302,0.1796,-1.1041,0.373,0.7394,0.0067,0.3611,0.0176,0.2507,0.0236,0.4012,8.4658,0.0,AdaBoost,0.999903583372388,0.999903583372388,0.999903583372388,0.999903583372388,0.999903583372388,0.999903583372388,0.999903583372388,0.999903583372388,0.999903583372388
visualizing_soil,easting,8641.0,0.1467,0.7323,-0.004,1.554,0.7396,0.7351,0.4302,0.1796,-1.1041,0.373,0.7394,0.0067,0.3611,0.0176,0.2507,0.0236,0.4012,8.4658,0.0,SVC,0.9994214699308079,0.9992286214972441,0.9984571604781602,0.9994215058270061,0.9994215002101889,0.999517901185327,0.9991322254576906,0.9987464451941962,0.99951791515563
visualizing_soil,easting,8641.0,0.0983,0.7232,-0.003,1.554,0.7407,0.7382,0.4287,0.1743,-1.0972,0.3751,0.7379,0.0123,0.3585,0.0212,0.2498,0.0289,0.3996,8.5014,0.0,DecisionTree,0.999903583372388,0.999903583372388,0.999903583372388,0.999903583372388,0.999903583372388,0.999903583372388,0.999903583372388,0.999903583372388,0.999903583372388
visualizing_soil,easting,8641.0,0.0983,0.7232,-0.003,1.554,0.7407,0.7382,0.4287,0.1743,-1.0972,0.3751,0.7379,0.0123,0.3585,0.0212,0.2498,0.0289,0.3996,8.5014,0.0,LogisticRegression,0.9978784472983022,0.9981678761414801,0.9987464632897465,0.9984571250655179,0.9985535566377326,0.9982642606494567,0.9985536033545181,0.9981677696547039,0.9986500134200691
visualizing_soil,easting,8641.0,0.0983,0.7232,-0.003,1.554,0.7407,0.7382,0.4287,0.1743,-1.0972,0.3751,0.7379,0.0123,0.3585,0.0212,0.2498,0.0289,0.3996,8.5014,0.0,KNN,0.9947933656501589,0.9950825015016884,0.9952754072354654,0.9948898544625971,0.9946005510302962,0.9946004456146735,0.9946969336727083,0.9939251846500557,0.9947933694415826
visualizing_soil,easting,8641.0,0.0983,0.7232,-0.003,1.554,0.7407,0.7382,0.4287,0.1743,-1.0972,0.3751,0.7379,0.0123,0.3585,0.0212,0.2498,0.0289,0.3996,8.5014,0.0,RandomForest,1.0,1.0,1.0,1.0,1.0,1.0,1.0,1.0,1.0
visualizing_soil,easting,8641.0,0.0983,0.7232,-0.003,1.554,0.7407,0.7382,0.4287,0.1743,-1.0972,0.3751,0.7379,0.0123,0.3585,0.0212,0.2498,0.0289,0.3996,8.5014,0.0,AdaBoost,0.999903583372388,0.999903583372388,0.999903583372388,0.999903583372388,0.999903583372388,0.999903583372388,0.999903583372388,0.999903583372388,0.999903583372388
visualizing_soil,easting,8641.0,0.0983,0.7232,-0.003,1.554,0.7407,0.7382,0.4287,0.1743,-1.0972,0.3751,0.7379,0.0123,0.3585,0.0212,0.2498,0.0289,0.3996,8.5014,0.0,SVC,0.9992286100847982,0.9987465584856274,0.9991321926610095,0.9991322230296535,0.9990358220041606,0.9991322230296535,0.9991322558855297,0.9985536621473545,0.9991322230296535
visualizing_soil,easting,8641.0,0.0484,0.7114,-0.003,1.56,0.7385,0.728,0.4292,0.1902,-1.0949,0.3664,0.7373,0.0066,0.3563,0.0179,0.2468,0.024,0.3956,8.5359,0.0,DecisionTree,0.999903583372388,0.999903583372388,0.999903583372388,0.999903583372388,0.999903583372388,0.999903583372388,0.999903583372388,0.999903583372388,0.999903583372388
visualizing_soil,easting,8641.0,0.0484,0.7114,-0.003,1.56,0.7385,0.728,0.4292,0.1902,-1.0949,0.3664,0.7373,0.0066,0.3563,0.0179,0.2468,0.024,0.3956,8.5359,0.0,LogisticRegression,0.9982642646210442,0.9984572429249395,0.9987464632897465,0.9986500534865747,0.9986500534865747,0.9984571783631615,0.9985536043590556,0.9981678391911742,0.9985536037930314
visualizing_soil,easting,8641.0,0.0484,0.7114,-0.003,1.56,0.7385,0.728,0.4292,0.1902,-1.0949,0.3664,0.7373,0.0066,0.3563,0.0179,0.2468,0.024,0.3956,8.5359,0.0,KNN,0.9946004349377883,0.9946003295215456,0.9952752473543829,0.9945039430835212,0.9943111231598581,0.9947932554241801,0.9947929572175258,0.9946000850011996,0.9938290923134132
visualizing_soil,easting,8641.0,0.0484,0.7114,-0.003,1.56,0.7385,0.728,0.4292,0.1902,-1.0949,0.3664,0.7373,0.0066,0.3563,0.0179,0.2468,0.024,0.3956,8.5359,0.0,RandomForest,1.0,1.0,1.0,1.0,1.0,1.0,1.0,1.0,1.0
visualizing_soil,easting,8641.0,0.0484,0.7114,-0.003,1.56,0.7385,0.728,0.4292,0.1902,-1.0949,0.3664,0.7373,0.0066,0.3563,0.0179,0.2468,0.024,0.3956,8.5359,0.0,AdaBoost,0.999903583372388,0.999903583372388,0.999903583372388,0.999903583372388,0.999903583372388,0.999903583372388,0.999903583372388,0.999903583372388,0.999903583372388
visualizing_soil,easting,8641.0,0.0484,0.7114,-0.003,1.56,0.7385,0.728,0.4292,0.1902,-1.0949,0.3664,0.7373,0.0066,0.3563,0.0179,0.2468,0.024,0.3956,8.5359,0.0,SVC,0.9990357246098862,0.9989393195260191,0.999035750149435,0.9990357285870326,0.9989393195260191,0.9988428730372982,0.9989393195260191,0.9988428730372982,0.9989393195260191
visualizing_soil,resistivity,8641.0,0.5046,0.7956,1.01,155.46,50.55,47.66,28.4364,0.5511,-0.0277,19.21,40.45,0.001,0.3544,0.014,0.2444,0.0124,0.391,8.0587,0.0,DecisionTree,0.999903583372388,0.999903583372388,0.999903583372388,0.999903583372388,0.999903583372388,0.999903583372388,0.999903583372388,0.999903583372388,0.999903583372388
visualizing_soil,resistivity,8641.0,0.5046,0.7956,1.01,155.46,50.55,47.66,28.4364,0.5511,-0.0277,19.21,40.45,0.001,0.3544,0.014,0.2444,0.0124,0.391,8.0587,0.0,LogisticRegression,0.9986499718147882,0.9985535623970806,0.9990357399993534,0.9994214510339259,0.9991321570091151,0.9986499718147882,0.9983606931463073,0.998649986643832,0.9986499718147882
visualizing_soil,resistivity,8641.0,0.5046,0.7956,1.01,155.46,50.55,47.66,28.4364,0.5511,-0.0277,19.21,40.45,0.001,0.3544,0.014,0.2444,0.0124,0.391,8.0587,0.0,KNN,0.9933468293194045,0.9946002539009433,0.995950376232352,0.9946002759819235,0.9951793482894296,0.9929614191443379,0.9936361744454976,0.9921901498394653,0.9938287032465287
visualizing_soil,resistivity,8641.0,0.5046,0.7956,1.01,155.46,50.55,47.66,28.4364,0.5511,-0.0277,19.21,40.45,0.001,0.3544,0.014,0.2444,0.0124,0.391,8.0587,0.0,RandomForest,1.0,1.0,1.0,1.0,1.0,1.0,1.0,0.9999035897568042,1.0
visualizing_soil,resistivity,8641.0,0.5046,0.7956,1.01,155.46,50.55,47.66,28.4364,0.5511,-0.0277,19.21,40.45,0.001,0.3544,0.014,0.2444,0.0124,0.391,8.0587,0.0,AdaBoost,0.999903583372388,0.999903583372388,0.999903583372388,0.999903583372388,0.999903583372388,0.999903583372388,0.999903583372388,0.999903583372388,0.999903583372388
visualizing_soil,resistivity,8641.0,0.5046,0.7956,1.01,155.46,50.55,47.66,28.4364,0.5511,-0.0277,19.21,40.45,0.001,0.3544,0.014,0.2444,0.0124,0.391,8.0587,0.0,SVC,0.9995179124652804,0.9990357342632239,0.999325052909088,0.9991321933304185,0.9992286328334499,0.9996143314259653,0.999325052909088,0.998842873026351,0.9992286469249574
visualizing_soil,resistivity,8641.0,0.4499,0.7913,0.92,165.63,51.1948,48.14,29.0189,0.5686,-0.0065,19.67,41.9,0.0188,0.3676,0.0009,0.2564,0.0089,0.41,8.1519,0.0,DecisionTree,0.999903583372388,0.999903583372388,0.999903583372388,0.999903583372388,0.999903583372388,0.999903583372388,0.999903583372388,0.999903583372388,0.999903583372388
visualizing_soil,resistivity,8641.0,0.4499,0.7913,0.92,165.63,51.1948,48.14,29.0189,0.5686,-0.0065,19.67,41.9,0.0188,0.3676,0.0009,0.2564,0.0089,0.41,8.1519,0.0,LogisticRegression,0.9986500134200691,0.9986499718147882,0.9989393157526021,0.9993250169444783,0.9992285995206895,0.998650012266758,0.998650012266758,0.9987464216844656,0.998939348846469
visualizing_soil,resistivity,8641.0,0.4499,0.7913,0.92,165.63,51.1948,48.14,29.0189,0.5686,-0.0065,19.67,41.9,0.0188,0.3676,0.0009,0.2564,0.0089,0.41,8.1519,0.0,KNN,0.9938291466216095,0.9947931753536919,0.9954681563355696,0.9943110176590135,0.9942145675411742,0.9939258217156077,0.9941187910777673,0.9918031647064512,0.9946968865555641
visualizing_soil,resistivity,8641.0,0.4499,0.7913,0.92,165.63,51.1948,48.14,29.0189,0.5686,-0.0065,19.67,41.9,0.0188,0.3676,0.0009,0.2564,0.0089,0.41,8.1519,0.0,RandomForest,1.0,1.0,1.0,1.0,1.0,1.0,0.9999035897568042,0.9999035897568042,1.0
visualizing_soil,resistivity,8641.0,0.4499,0.7913,0.92,165.63,51.1948,48.14,29.0189,0.5686,-0.0065,19.67,41.9,0.0188,0.3676,0.0009,0.2564,0.0089,0.41,8.1519,0.0,AdaBoost,0.999903583372388,0.999903583372388,0.999903583372388,0.999903583372388,0.999903583372388,0.999903583372388,0.999903583372388,0.999903583372388,0.999903583372388
visualizing_soil,resistivity,8641.0,0.4499,0.7913,0.92,165.63,51.1948,48.14,29.0189,0.5686,-0.0065,19.67,41.9,0.0188,0.3676,0.0009,0.2564,0.0089,0.41,8.1519,0.0,SVC,0.9995178988464406,0.999132187764266,0.9989393098439912,0.9989393286313277,0.9988428867440111,0.9995179015030227,0.9992286228466841,0.9990357388863031,0.9992286145139109
visualizing_soil,resistivity,8641.0,0.4034,0.7587,0.92,166.01,50.9456,47.53,28.8172,0.5759,0.018,19.25,41.445,0.023,0.3587,0.0017,0.2517,0.0074,0.4014,8.1793,0.0,DecisionTree,0.999903583372388,0.999903583372388,0.999903583372388,0.999903583372388,0.999903583372388,0.999903583372388,0.999903583372388,0.999903583372388,0.999903583372388
visualizing_soil,resistivity,8641.0,0.4034,0.7587,0.92,166.01,50.9456,47.53,28.8172,0.5759,0.018,19.25,41.445,0.023,0.3587,0.0017,0.2517,0.0074,0.4014,8.1793,0.0,LogisticRegression,0.9985535150324516,0.998649986643832,0.9990357582641766,0.9992285995206895,0.9992285995206895,0.9984571056109665,0.998360696193259,0.998649986643832,0.9985535150324516
visualizing_soil,resistivity,8641.0,0.4034,0.7587,0.92,166.01,50.9456,47.53,28.8172,0.5759,0.018,19.25,41.445,0.023,0.3587,0.0017,0.2517,0.0074,0.4014,8.1793,0.0,KNN,0.9951785244845603,0.9949859319563045,0.9953713150264043,0.9954675773404866,0.9962391481045539,0.9943102920398044,0.9945032368252428,0.9918991467209539,0.9953714034029013
visualizing_soil,resistivity,8641.0,0.4034,0.7587,0.92,166.01,50.9456,47.53,28.8172,0.5759,0.018,19.25,41.445,0.023,0.3587,0.0017,0.2517,0.0074,0.4014,8.1793,0.0,RandomForest,1.0,1.0,1.0,1.0,1.0,1.0,1.0,0.9999035897568042,1.0
visualizing_soil,resistivity,8641.0,0.4034,0.7587,0.92,166.01,50.9456,47.53,28.8172,0.5759,0.018,19.25,41.445,0.023,0.3587,0.0017,0.2517,0.0074,0.4014,8.1793,0.0,AdaBoost,0.999903583372388,0.999903583372388,0.999903583372388,0.999903583372388,0.999903583372388,0.999903583372388,0.999903583372388,0.999903583372388,0.999903583372388
visualizing_soil,resistivity,8641.0,0.4034,0.7587,0.92,166.01,50.9456,47.53,28.8172,0.5759,0.018,19.25,41.445,0.023,0.3587,0.0017,0.2517,0.0074,0.4014,8.1793,0.0,SVC,0.9995179035350544,0.9984571430161099,0.999807160272408,0.9990357676175188,0.9996143314259653,0.9992286443516419,0.9988429232707805,0.9981678229654644,0.9993250685983933
visualizing_soil,resistivity,8641.0,0.3497,0.756,1.07,166.01,51.4047,48.33,28.915,0.579,0.0446,19.52,41.445,0.0115,0.3439,0.0082,0.2384,0.0029,0.383,8.2631,0.0,DecisionTree,0.999903583372388,0.999903583372388,0.999903583372388,0.999903583372388,0.999903583372388,0.999903583372388,0.999903583372388,0.999903583372388,0.999903583372388
visualizing_soil,resistivity,8641.0,0.3497,0.756,1.07,166.01,51.4047,48.33,28.915,0.579,0.0446,19.52,41.445,0.0115,0.3439,0.0082,0.2384,0.0029,0.383,8.2631,0.0,LogisticRegression,0.9987463960615395,0.998650012266758,0.9987464228377767,0.9992285995206895,0.9991321564755415,0.9987463960615395,0.9985535298577178,0.9987464365135093,0.9988428459312169
visualizing_soil,resistivity,8641.0,0.3497,0.756,1.07,166.01,51.4047,48.33,28.915,0.579,0.0446,19.52,41.445,0.0115,0.3439,0.0082,0.2384,0.0029,0.383,8.2631,0.0,KNN,0.9946959960355861,0.9952749060747211,0.9960461176912726,0.9956606363645801,0.996335821898165,0.9946960995241114,0.9951781606342038,0.9927671576373763,0.9947923644706631
visualizing_soil,resistivity,8641.0,0.3497,0.756,1.07,166.01,51.4047,48.33,28.915,0.579,0.0446,19.52,41.445,0.0115,0.3439,0.0082,0.2384,0.0029,0.383,8.2631,0.0,RandomForest,1.0,1.0,1.0,1.0,1.0,1.0,1.0,0.9999035897568042,1.0
visualizing_soil,resistivity,8641.0,0.3497,0.756,1.07,166.01,51.4047,48.33,28.915,0.579,0.0446,19.52,41.445,0.0115,0.3439,0.0082,0.2384,0.0029,0.383,8.2631,0.0,AdaBoost,0.999903583372388,0.999903583372388,0.999903583372388,0.999903583372388,0.999903583372388,0.999903583372388,0.999903583372388,0.999903583372388,0.999903583372388
visualizing_soil,resistivity,8641.0,0.3497,0.756,1.07,166.01,51.4047,48.33,28.915,0.579,0.0446,19.52,41.445,0.0115,0.3439,0.0082,0.2384,0.0029,0.383,8.2631,0.0,SVC,0.9993250410840204,0.9992286289296769,0.9986500229942284,0.9989393335280712,0.9990357690836672,0.9993250602656201,0.9994214860221821,0.9991321933304185,0.9992286360188687
visualizing_soil,resistivity,8641.0,0.3093,0.7394,0.89,162.42,50.5849,47.655,28.6321,0.5661,0.015,19.295,40.7025,0.0201,0.3601,0.0036,0.2485,0.0058,0.3982,8.2962,0.0,DecisionTree,0.999903583372388,0.999903583372388,0.999903583372388,0.999903583372388,0.999903583372388,0.999903583372388,0.999903583372388,0.999903583372388,0.999903583372388
visualizing_soil,resistivity,8641.0,0.3093,0.7394,0.89,162.42,50.5849,47.655,28.6321,0.5661,0.015,19.295,40.7025,0.0201,0.3601,0.0036,0.2485,0.0058,0.3982,8.2962,0.0,LogisticRegression,0.9988429063348945,0.9992285999347166,0.9988428727074541,0.9991321825109278,0.9991321825109278,0.9988429063348945,0.9985535623970806,0.9992286166003754,0.9988429063348945
visualizing_soil,resistivity,8641.0,0.3093,0.7394,0.89,162.42,50.5849,47.655,28.6321,0.5661,0.015,19.295,40.7025,0.0201,0.3601,0.0036,0.2485,0.0058,0.3982,8.2962,0.0,KNN,0.9942149826523704,0.995564569487345,0.996335935287556,0.9948897176876745,0.9946964092838569,0.9938289204185704,0.9943111402775358,0.9936355676654565,0.9946965573148211
visualizing_soil,resistivity,8641.0,0.3093,0.7394,0.89,162.42,50.5849,47.655,28.6321,0.5661,0.015,19.295,40.7025,0.0201,0.3601,0.0036,0.2485,0.0058,0.3982,8.2962,0.0,RandomForest,1.0,1.0,1.0,1.0,1.0,1.0,1.0,1.0,1.0
visualizing_soil,resistivity,8641.0,0.3093,0.7394,0.89,162.42,50.5849,47.655,28.6321,0.5661,0.015,19.295,40.7025,0.0201,0.3601,0.0036,0.2485,0.0058,0.3982,8.2962,0.0,AdaBoost,0.999903583372388,0.999903583372388,0.999903583372388,0.999903583372388,0.999903583372388,0.999903583372388,0.999903583372388,0.999903583372388,0.999903583372388
visualizing_soil,resistivity,8641.0,0.3093,0.7394,0.89,162.42,50.5849,47.655,28.6321,0.5661,0.015,19.295,40.7025,0.0201,0.3601,0.0036,0.2485,0.0058,0.3982,8.2962,0.0,SVC,0.9995178988464406,0.9991321926209643,0.9990357671717875,0.999517907179214,0.9991321926610095,0.9995178931198716,0.9995179015921063,0.9988428947034605,0.9991322127794273
visualizing_soil,resistivity,8641.0,0.2555,0.7291,0.92,166.01,51.1449,48.02,28.8741,0.5694,0.027,19.45,41.03,0.0162,0.3557,0.006,0.246,0.0006,0.3949,8.3529,0.0,DecisionTree,0.999903583372388,0.999903583372388,0.999903583372388,0.999903583372388,0.999903583372388,0.999903583372388,0.999903583372388,0.999903583372388,0.999903583372388
visualizing_soil,resistivity,8641.0,0.2555,0.7291,0.92,166.01,51.1449,48.02,28.8741,0.5694,0.027,19.45,41.03,0.0162,0.3557,0.006,0.246,0.0006,0.3949,8.3529,0.0,LogisticRegression,0.9990357730932202,0.9990357394657798,0.9990357399993534,0.9991321570091151,0.9990357399993534,0.9989393305816457,0.9988428875364977,0.9990357394657798,0.9989393305816457
visualizing_soil,resistivity,8641.0,0.2555,0.7291,0.92,166.01,51.1449,48.02,28.8741,0.5694,0.027,19.45,41.03,0.0162,0.3557,0.006,0.246,0.0006,0.3949,8.3529,0.0,KNN,0.9941175076043094,0.9943106001551826,0.9955648393336706,0.994503722497817,0.9959501524382456,0.9938280653022533,0.9937318568270319,0.9942147052095801,0.9935387000501252
visualizing_soil,resistivity,8641.0,0.2555,0.7291,0.92,166.01,51.1449,48.02,28.8741,0.5694,0.027,19.45,41.03,0.0162,0.3557,0.006,0.246,0.0006,0.3949,8.3529,0.0,RandomForest,1.0,1.0,1.0,1.0,1.0,1.0,1.0,1.0,1.0
visualizing_soil,resistivity,8641.0,0.2555,0.7291,0.92,166.01,51.1449,48.02,28.8741,0.5694,0.027,19.45,41.03,0.0162,0.3557,0.006,0.246,0.0006,0.3949,8.3529,0.0,AdaBoost,0.999903583372388,0.999903583372388,0.999903583372388,0.999903583372388,0.999903583372388,0.999903583372388,0.999903583372388,0.999903583372388,0.999903583372388
visualizing_soil,resistivity,8641.0,0.2555,0.7291,0.92,166.01,51.1449,48.02,28.8741,0.5694,0.027,19.45,41.03,0.0162,0.3557,0.006,0.246,0.0006,0.3949,8.3529,0.0,SVC,0.9995179068477298,0.9987464332429691,0.9990357622750441,0.9995179056694032,0.9997107393067768,0.9993250699662968,0.9991322116300979,0.9988429038677361,0.9993250699662968
visualizing_soil,resistivity,8641.0,0.2009,0.7144,0.89,166.01,50.9014,47.97,28.7922,0.5702,0.0109,19.56,41.47,0.022,0.3609,0.0004,0.2504,0.0107,0.4026,8.3993,0.0,DecisionTree,0.999903583372388,0.999903583372388,0.999903583372388,0.999903583372388,0.999903583372388,0.999903583372388,0.999903583372388,0.999903583372388,0.999903583372388
visualizing_soil,resistivity,8641.0,0.2009,0.7144,0.89,166.01,50.9014,47.97,28.7922,0.5702,0.0109,19.56,41.47,0.022,0.3609,0.0004,0.2504,0.0107,0.4026,8.3993,0.0,LogisticRegression,0.9985535623970806,0.9986500134200691,0.9987464228377767,0.9989393157526021,0.9989393157526021,0.9985535623970806,0.9985535623970806,0.9985535623970806,0.998650012266758
visualizing_soil,resistivity,8641.0,0.2009,0.7144,0.89,166.01,50.9014,47.97,28.7922,0.5702,0.0109,19.56,41.47,0.022,0.3609,0.0004,0.2504,0.0107,0.4026,8.3993,0.0,KNN,0.994117449618501,0.9946961251594808,0.9949858212712976,0.9951784593683926,0.9955640158462878,0.9941174152356593,0.994310186020278,0.9934429158939335,0.9945998901420972
visualizing_soil,resistivity,8641.0,0.2009,0.7144,0.89,166.01,50.9014,47.97,28.7922,0.5702,0.0109,19.56,41.47,0.022,0.3609,0.0004,0.2504,0.0107,0.4026,8.3993,0.0,RandomForest,1.0,1.0,1.0,1.0,1.0,1.0,1.0,0.9999035897568042,1.0
visualizing_soil,resistivity,8641.0,0.2009,0.7144,0.89,166.01,50.9014,47.97,28.7922,0.5702,0.0109,19.56,41.47,0.022,0.3609,0.0004,0.2504,0.0107,0.4026,8.3993,0.0,AdaBoost,0.999903583372388,0.999903583372388,0.999903583372388,0.999903583372388,0.999903583372388,0.999903583372388,0.999903583372388,0.999903583372388,0.999903583372388
visualizing_soil,resistivity,8641.0,0.2009,0.7144,0.89,166.01,50.9014,47.97,28.7922,0.5702,0.0109,19.56,41.47,0.022,0.3609,0.0004,0.2504,0.0107,0.4026,8.3993,0.0,SVC,0.9987464834853774,0.9991322391061441,0.9991321945728892,0.9992286222897135,0.9992286222897135,0.9992286469249574,0.9992286469249574,0.9990357852187036,0.9989393418215764
visualizing_soil,resistivity,8641.0,0.1545,0.7012,0.89,166.01,50.8487,47.895,28.7739,0.5507,-0.0167,19.565,41.36,0.0201,0.3588,0.0015,0.2495,0.008,0.3981,8.4315,0.0,DecisionTree,0.999903583372388,0.999903583372388,0.999903583372388,0.999903583372388,0.999903583372388,0.999903583372388,0.999903583372388,0.999903583372388,0.999903583372388
visualizing_soil,resistivity,8641.0,0.1545,0.7012,0.89,166.01,50.8487,47.895,28.7739,0.5507,-0.0167,19.565,41.36,0.0201,0.3588,0.0015,0.2495,0.008,0.3981,8.4315,0.0,LogisticRegression,0.9984571056147441,0.9984570928545703,0.9987464228377767,0.9987464228377767,0.9987464228377767,0.9984571056147441,0.9984571056147441,0.9985535566377326,0.9987464228377767
visualizing_soil,resistivity,8641.0,0.1545,0.7012,0.89,166.01,50.8487,47.895,28.7739,0.5507,-0.0167,19.565,41.36,0.0201,0.3588,0.0015,0.2495,0.008,0.3981,8.4315,0.0,KNN,0.9946971218805717,0.9952755068612194,0.9959503129056259,0.9954681847808311,0.9956609374116343,0.995179213642458,0.9952753338271338,0.99508251058752,0.995853777068104
visualizing_soil,resistivity,8641.0,0.1545,0.7012,0.89,166.01,50.8487,47.895,28.7739,0.5507,-0.0167,19.565,41.36,0.0201,0.3588,0.0015,0.2495,0.008,0.3981,8.4315,0.0,RandomForest,1.0,1.0,1.0,1.0,1.0,1.0,1.0,1.0,1.0
visualizing_soil,resistivity,8641.0,0.1545,0.7012,0.89,166.01,50.8487,47.895,28.7739,0.5507,-0.0167,19.565,41.36,0.0201,0.3588,0.0015,0.2495,0.008,0.3981,8.4315,0.0,AdaBoost,0.999903583372388,0.999903583372388,0.999903583372388,0.999903583372388,0.999903583372388,0.999903583372388,0.999903583372388,0.999903583372388,0.999903583372388
visualizing_soil,resistivity,8641.0,0.1545,0.7012,0.89,166.01,50.8487,47.895,28.7739,0.5507,-0.0167,19.565,41.36,0.0201,0.3588,0.0015,0.2495,0.008,0.3981,8.4315,0.0,SVC,0.9991321945728892,0.9986500520868673,0.9991321945728892,0.9990357690836672,0.9991321933304185,0.9993250583226718,0.9993250583226718,0.9985535740244605,0.9992286188196404
visualizing_soil,resistivity,8641.0,0.1013,0.6872,0.89,166.01,51.1012,48.17,28.8373,0.5428,-0.0421,19.75,41.87,0.0144,0.3547,0.0063,0.2438,0.0004,0.3915,8.4697,0.0,DecisionTree,0.999903583372388,0.999903583372388,0.999903583372388,0.999903583372388,0.999903583372388,0.999903583372388,0.999903583372388,0.999903583372388,0.999903583372388
visualizing_soil,resistivity,8641.0,0.1013,0.6872,0.89,166.01,51.1012,48.17,28.8373,0.5428,-0.0421,19.75,41.87,0.0144,0.3547,0.0063,0.2438,0.0004,0.3915,8.4697,0.0,LogisticRegression,0.9988428647296136,0.9984571056147441,0.9988428727074541,0.9989393157526021,0.9989393157526021,0.9988428647296136,0.9989393157526021,0.9986499718147882,0.9989393157526021
visualizing_soil,resistivity,8641.0,0.1013,0.6872,0.89,166.01,51.1012,48.17,28.8373,0.5428,-0.0421,19.75,41.87,0.0144,0.3547,0.0063,0.2438,0.0004,0.3915,8.4697,0.0,KNN,0.9951793204748105,0.9953720700584903,0.9953717366484696,0.9950827284638064,0.9961431920544961,0.9950829493959142,0.9947936450565612,0.9949861706692046,0.9948900172383461
visualizing_soil,resistivity,8641.0,0.1013,0.6872,0.89,166.01,51.1012,48.17,28.8373,0.5428,-0.0421,19.75,41.87,0.0144,0.3547,0.0063,0.2438,0.0004,0.3915,8.4697,0.0,RandomForest,1.0,1.0,1.0,1.0,1.0,1.0,0.9999035897568042,0.9999035897568042,1.0
visualizing_soil,resistivity,8641.0,0.1013,0.6872,0.89,166.01,51.1012,48.17,28.8373,0.5428,-0.0421,19.75,41.87,0.0144,0.3547,0.0063,0.2438,0.0004,0.3915,8.4697,0.0,AdaBoost,0.999903583372388,0.999903583372388,0.999903583372388,0.999903583372388,0.999903583372388,0.999903583372388,0.999903583372388,0.999903583372388,0.999903583372388
visualizing_soil,resistivity,8641.0,0.1013,0.6872,0.89,166.01,51.1012,48.17,28.8373,0.5428,-0.0421,19.75,41.87,0.0144,0.3547,0.0063,0.2438,0.0004,0.3915,8.4697,0.0,SVC,0.9993250724141793,0.9992286675880162,0.9988428985252613,0.9989393286313277,0.9992286328334499,0.9993250655912167,0.9994214886325563,0.9994214957228589,0.9991321987440023
visualizing_soil,resistivity,8641.0,0.0494,0.6745,0.89,166.01,50.8826,47.725,28.78,0.5606,-0.0038,19.365,41.2275,0.013,0.3539,0.0082,0.2449,0.0024,0.3926,8.5004,0.0,DecisionTree,0.999903583372388,0.999903583372388,0.999903583372388,0.999903583372388,0.999903583372388,0.999903583372388,0.999903583372388,0.999903583372388,0.999903583372388
visualizing_soil,resistivity,8641.0,0.0494,0.6745,0.89,166.01,50.8826,47.725,28.78,0.5606,-0.0038,19.365,41.2275,0.013,0.3539,0.0082,0.2449,0.0024,0.3926,8.5004,0.0,LogisticRegression,0.9986499718147882,0.9984571056147441,0.9988428727074541,0.9988428727074541,0.9988428727074541,0.9986499718147882,0.9986499718147882,0.9984571056147441,0.9988428727074541
visualizing_soil,resistivity,8641.0,0.0494,0.6745,0.89,166.01,50.8826,47.725,28.78,0.5606,-0.0038,19.365,41.2275,0.013,0.3539,0.0082,0.2449,0.0024,0.3926,8.5004,0.0,KNN,0.9950826680466556,0.995082858709771,0.9952755074875729,0.994793665301008,0.994696763569913,0.9955647208674164,0.9950827964189375,0.9946002920285741,0.9949861892358188
visualizing_soil,resistivity,8641.0,0.0494,0.6745,0.89,166.01,50.8826,47.725,28.78,0.5606,-0.0038,19.365,41.2275,0.013,0.3539,0.0082,0.2449,0.0024,0.3926,8.5004,0.0,RandomForest,1.0,0.9999035897568042,1.0,1.0,1.0,1.0,0.9999035897568042,1.0,1.0
visualizing_soil,resistivity,8641.0,0.0494,0.6745,0.89,166.01,50.8826,47.725,28.78,0.5606,-0.0038,19.365,41.2275,0.013,0.3539,0.0082,0.2449,0.0024,0.3926,8.5004,0.0,AdaBoost,0.999903583372388,0.999903583372388,0.999903583372388,0.999903583372388,0.999903583372388,0.999903583372388,0.999903583372388,0.999903583372388,0.999903583372388
visualizing_soil,resistivity,8641.0,0.0494,0.6745,0.89,166.01,50.8826,47.725,28.78,0.5606,-0.0038,19.365,41.2275,0.013,0.3539,0.0082,0.2449,0.0024,0.3926,8.5004,0.0,SVC,0.9993250583226718,0.9989394013688224,0.9991321945728892,0.9994214825694232,0.9994214825694232,0.9994214840792339,0.999517907179214,0.9989393852082026,0.9998071567305655
