name,column_name,n_tuples,missing_perc,uniqueness,min,max,mean,median,std,skewness,kurtosis,mad,iqr,p_min,p_max,k_min,k_max,s_min,s_max,entropy,density,ml_algorithm,impute_standard,impute_mean,impute_median,impute_random,impute_knn,impute_mice,impute_linear_regression,impute_random_forest,impute_cmeans
mv,x4,40768.0,0.4993,0.9788,-7.4995,2.4997,-4.3995,-5.7247,3.0171,0.976,-0.5847,1.0416,4.8618,0.0063,0.7028,0.0045,0.5013,0.0068,0.6643,9.8941,0.0,DecisionTree,0.9519183209212789,0.9466959344892624,0.9518579967006109,0.9519193772571791,0.9519183209212789,0.9519183209212789,0.9518381604343576,0.9514724281077229,0.9519183209212789
mv,x4,40768.0,0.4993,0.9788,-7.4995,2.4997,-4.3995,-5.7247,3.0171,0.976,-0.5847,1.0416,4.8618,0.0063,0.7028,0.0045,0.5013,0.0068,0.6643,9.8941,0.0,LogisticRegression,0.949869657081863,0.9488733421496442,0.9493451287772046,0.9496656408121171,0.9498530500136343,0.9499118522844284,0.9502577735290938,0.9493468676820147,0.9496678235529585
mv,x4,40768.0,0.4993,0.9788,-7.4995,2.4997,-4.3995,-5.7247,3.0171,0.976,-0.5847,1.0416,4.8618,0.0063,0.7028,0.0045,0.5013,0.0068,0.6643,9.8941,0.0,KNN,0.950279174834981,0.9490440890750999,0.9491294588693332,0.9497977261845955,0.9495718663406758,0.9501931653292659,0.9498893544053989,0.9481786898237573,0.9493449621767713
mv,x4,40768.0,0.4993,0.9788,-7.4995,2.4997,-4.3995,-5.7247,3.0171,0.976,-0.5847,1.0416,4.8618,0.0063,0.7028,0.0045,0.5013,0.0068,0.6643,9.8941,0.0,RandomForest,0.9527188427611455,0.952287189446771,0.9522738980547325,0.9528277281423847,0.9529720214247971,0.9526519830121787,0.9530298661080889,0.9520622276867208,0.9528913878214597
mv,x4,40768.0,0.4993,0.9788,-7.4995,2.4997,-4.3995,-5.7247,3.0171,0.976,-0.5847,1.0416,4.8618,0.0063,0.7028,0.0045,0.5013,0.0068,0.6643,9.8941,0.0,AdaBoost,0.9521875882943008,0.9497005782661381,0.9512930709583074,0.9524292776231753,0.9522461010462435,0.9520540422794324,0.9523923005287378,0.9514461100142158,0.9522430222445918
mv,x4,40768.0,0.4993,0.9788,-7.4995,2.4997,-4.3995,-5.7247,3.0171,0.976,-0.5847,1.0416,4.8618,0.0063,0.7028,0.0045,0.5013,0.0068,0.6643,9.8941,0.0,SVC,0.9134363094654788,0.9081892068338409,0.9263598420981345,0.9274944489341053,0.9275133160765119,0.918887962665912,0.9141977419211045,0.9119382563503273,0.9279193612371186
mv,x4,40768.0,0.4482,0.9767,-7.4999,2.4997,-4.3836,-5.7205,3.0291,0.9664,-0.6069,1.0543,4.8899,0.0007,0.7009,0.001,0.4984,0.0015,0.6607,9.9885,0.0,DecisionTree,0.9530289578147885,0.9482431989910473,0.9529490440011679,0.9530289578147885,0.9529682933852408,0.9530289578147885,0.9529131682962165,0.952971291312702,0.9530693899388761
mv,x4,40768.0,0.4482,0.9767,-7.4999,2.4997,-4.3836,-5.7205,3.0291,0.9664,-0.6069,1.0543,4.8899,0.0007,0.7009,0.001,0.4984,0.0015,0.6607,9.9885,0.0,LogisticRegression,0.9502077376835616,0.9480021084229493,0.9500844483092141,0.9503068798713074,0.9503890747958013,0.9497186098405291,0.9500239349049281,0.9497224250643059,0.9502646808081205
mv,x4,40768.0,0.4482,0.9767,-7.4999,2.4997,-4.3836,-5.7205,3.0291,0.9664,-0.6069,1.0543,4.8899,0.0007,0.7009,0.001,0.4984,0.0015,0.6607,9.9885,0.0,KNN,0.9502883847670572,0.9475234418305423,0.9484000441178491,0.9493843512915462,0.9498068760779401,0.9495067523797562,0.9504939486690867,0.949127702740729,0.9499905996049514
mv,x4,40768.0,0.4482,0.9767,-7.4999,2.4997,-4.3836,-5.7205,3.0291,0.9664,-0.6069,1.0543,4.8899,0.0007,0.7009,0.001,0.4984,0.0015,0.6607,9.9885,0.0,RandomForest,0.9538293354204949,0.9530795577645738,0.9530187647349962,0.9529023366829482,0.9531488721638315,0.9525100801197187,0.9531796310059119,0.9531636125958228,0.952907253374168
mv,x4,40768.0,0.4482,0.9767,-7.4999,2.4997,-4.3836,-5.7205,3.0291,0.9664,-0.6069,1.0543,4.8899,0.0007,0.7009,0.001,0.4984,0.0015,0.6607,9.9885,0.0,AdaBoost,0.9526727876987262,0.949345639559954,0.9531929762691408,0.9531375310838829,0.9530732221373742,0.9527564789726274,0.9527728522818281,0.9531395425067932,0.952908874018527
mv,x4,40768.0,0.4482,0.9767,-7.4999,2.4997,-4.3836,-5.7205,3.0291,0.9664,-0.6069,1.0543,4.8899,0.0007,0.7009,0.001,0.4984,0.0015,0.6607,9.9885,0.0,SVC,0.9150519229857398,0.9084422666967257,0.9250384056178191,0.9250575681255886,0.9254006119532746,0.918665476709843,0.9158431357109101,0.9135663958523097,0.9250101740567068
mv,x4,40768.0,0.3987,0.9747,-7.4999,2.4986,-4.4134,-5.7373,3.0132,0.9825,-0.5708,1.0367,4.8645,0.0107,0.6986,0.0085,0.4941,0.0128,0.6562,10.0716,0.0,DecisionTree,0.953073939707761,0.9485749640706693,0.953073939707761,0.9530537037966468,0.953013552856386,0.953073939707761,0.9529936860459938,0.9530178844566534,0.9529936375158821
mv,x4,40768.0,0.3987,0.9747,-7.4999,2.4986,-4.4134,-5.7373,3.0132,0.9825,-0.5708,1.0367,4.8645,0.0107,0.6986,0.0085,0.4941,0.0128,0.6562,10.0716,0.0,LogisticRegression,0.9505531674390116,0.9486338566400262,0.9508965721693565,0.9507767904709621,0.9507961806822841,0.9503892036851684,0.9510238322269517,0.9503094532856484,0.950859081709745
mv,x4,40768.0,0.3987,0.9747,-7.4999,2.4986,-4.4134,-5.7373,3.0132,0.9825,-0.5708,1.0367,4.8645,0.0107,0.6986,0.0085,0.4941,0.0128,0.6562,10.0716,0.0,KNN,0.9508811731472484,0.9481411115095084,0.9485132576294862,0.9497175974005465,0.9492849820614149,0.9500988895481088,0.950536767532297,0.9498883920176093,0.949206579286523
mv,x4,40768.0,0.3987,0.9747,-7.4999,2.4986,-4.4134,-5.7373,3.0132,0.9825,-0.5708,1.0367,4.8645,0.0107,0.6986,0.0085,0.4941,0.0128,0.6562,10.0716,0.0,RandomForest,0.9537328303156893,0.9521291632911906,0.9538654201276263,0.9536472804099673,0.953918775492404,0.9531682210853878,0.9535276957284704,0.9537545400543008,0.9535478897656768
mv,x4,40768.0,0.3987,0.9747,-7.4999,2.4986,-4.4134,-5.7373,3.0132,0.9825,-0.5708,1.0367,4.8645,0.0107,0.6986,0.0085,0.4941,0.0128,0.6562,10.0716,0.0,AdaBoost,0.9537666720859774,0.9504205345499948,0.9528920895155402,0.9529979014484354,0.9531304818798844,0.9532592726364675,0.9534016757605148,0.9530002255498811,0.9531245048374009
mv,x4,40768.0,0.3987,0.9747,-7.4999,2.4986,-4.4134,-5.7373,3.0132,0.9825,-0.5708,1.0367,4.8645,0.0107,0.6986,0.0085,0.4941,0.0128,0.6562,10.0716,0.0,SVC,0.9153029820029098,0.9081413502014767,0.9244160442764823,0.9245601161243794,0.9249426656578368,0.9181652557191031,0.9164652599364261,0.9135449246140628,0.9246120486560656
mv,x4,40768.0,0.3492,0.9717,-7.4997,2.4997,-4.4046,-5.7376,3.0216,0.981,-0.576,1.0334,4.8707,0.0078,0.7024,0.0066,0.501,0.01,0.6646,10.1463,0.0,DecisionTree,0.9537726138919019,0.9496260260096425,0.9534898328216469,0.9537726138919019,0.9537119394324453,0.9537109351465516,0.953693657240572,0.9535753023669319,0.9537726138919019
mv,x4,40768.0,0.3492,0.9717,-7.4997,2.4997,-4.4046,-5.7376,3.0216,0.981,-0.576,1.0334,4.8707,0.0078,0.7024,0.0066,0.501,0.01,0.6646,10.1463,0.0,LogisticRegression,0.9509961578983496,0.9495859526723515,0.9509948264209362,0.9508915538152026,0.9508933139263211,0.9506876635424709,0.9512813252000615,0.9504261653707182,0.9508316747192218
mv,x4,40768.0,0.3492,0.9717,-7.4997,2.4997,-4.4046,-5.7376,3.0216,0.981,-0.576,1.0334,4.8707,0.0078,0.7024,0.0066,0.501,0.01,0.6646,10.1463,0.0,KNN,0.9525318221617434,0.9503704735298232,0.9495617123995993,0.9508561829459989,0.9506709036254657,0.9521424277344848,0.9524097912652363,0.9507387567293988,0.950568923677106
mv,x4,40768.0,0.3492,0.9717,-7.4997,2.4997,-4.4046,-5.7376,3.0216,0.981,-0.576,1.0334,4.8707,0.0078,0.7024,0.0066,0.501,0.01,0.6646,10.1463,0.0,RandomForest,0.9553038270974928,0.9544682062704622,0.9549473770353505,0.9542304725749435,0.9549170802777294,0.9549050560793645,0.9558598878803112,0.9550284576570527,0.9548452850449954
mv,x4,40768.0,0.3492,0.9717,-7.4997,2.4997,-4.4046,-5.7376,3.0216,0.981,-0.576,1.0334,4.8707,0.0078,0.7024,0.0066,0.501,0.01,0.6646,10.1463,0.0,AdaBoost,0.9539836797044567,0.952501911436297,0.9538536821703565,0.9538184482954114,0.9541059443611399,0.9540325388753426,0.954392865849826,0.9536365366673968,0.9537484573379968
mv,x4,40768.0,0.3492,0.9717,-7.4997,2.4997,-4.4046,-5.7376,3.0216,0.981,-0.576,1.0334,4.8707,0.0078,0.7024,0.0066,0.501,0.01,0.6646,10.1463,0.0,SVC,0.9183610691739184,0.91022745147385,0.9235880997254737,0.9240300467919795,0.9242968657072235,0.9185847528695055,0.9189707602171766,0.9168419856444228,0.9238942119203077
mv,x4,40768.0,0.3018,0.9701,-7.4999,2.4997,-4.3815,-5.7248,3.034,0.9623,-0.616,1.0622,4.9271,0.0105,0.701,0.0081,0.5019,0.0122,0.665,10.2145,0.0,DecisionTree,0.9545554494717895,0.9506180092384764,0.9545153085401815,0.9545352243365256,0.9545554494717895,0.954514340983389,0.9542957184599798,0.9542368804684087,0.9545554494717895
mv,x4,40768.0,0.3018,0.9701,-7.4999,2.4997,-4.3815,-5.7248,3.034,0.9623,-0.616,1.0622,4.9271,0.0105,0.701,0.0081,0.5019,0.0122,0.665,10.2145,0.0,LogisticRegression,0.9508343012490015,0.9496519775135186,0.9510625961703854,0.9512835923506469,0.9512431160011402,0.9506904279819581,0.950996562108904,0.9506312461533303,0.951263760877872
mv,x4,40768.0,0.3018,0.9701,-7.4999,2.4997,-4.3815,-5.7248,3.034,0.9623,-0.616,1.0622,4.9271,0.0105,0.701,0.0081,0.5019,0.0122,0.665,10.2145,0.0,KNN,0.9517791901993925,0.9497339061148602,0.9508695858345939,0.9512364595933469,0.9513143324534437,0.9518184829063878,0.951802125519356,0.9517095943877241,0.9514009777991355
mv,x4,40768.0,0.3018,0.9701,-7.4999,2.4997,-4.3815,-5.7248,3.034,0.9623,-0.616,1.0622,4.9271,0.0105,0.701,0.0081,0.5019,0.0122,0.665,10.2145,0.0,RandomForest,0.9563163229718814,0.9551637162138699,0.955969340981154,0.9555163808952783,0.9556973142703312,0.9553980215865037,0.9557363795697954,0.955635367027004,0.9551190140210055
mv,x4,40768.0,0.3018,0.9701,-7.4999,2.4997,-4.3815,-5.7248,3.034,0.9623,-0.616,1.0622,4.9271,0.0105,0.701,0.0081,0.5019,0.0122,0.665,10.2145,0.0,AdaBoost,0.9547650332430311,0.9531754299099233,0.9546380479089578,0.9543711758515687,0.9543904209318773,0.9542241451017978,0.9544555794000099,0.9541673256324045,0.9541276121801919
mv,x4,40768.0,0.3018,0.9701,-7.4999,2.4997,-4.3815,-5.7248,3.034,0.9623,-0.616,1.0622,4.9271,0.0105,0.701,0.0081,0.5019,0.0122,0.665,10.2145,0.0,SVC,0.9186800793171213,0.9111041811776539,0.9224972007042984,0.9228517471857617,0.9228744316555825,0.9189421752729614,0.9198636243820724,0.9181556357400381,0.9224977483892864
mv,x4,40768.0,0.2502,0.968,-7.4998,2.4997,-4.4042,-5.7384,3.0157,0.9801,-0.5733,1.0315,4.8524,0.0026,0.7001,0.0036,0.4995,0.0054,0.6628,10.2826,0.0,DecisionTree,0.9550895239026507,0.951468466183268,0.9550895239026507,0.9550895239026507,0.9550895239026507,0.9550895239026507,0.9550291349644249,0.9549485298641549,0.9550895239026507
mv,x4,40768.0,0.2502,0.968,-7.4998,2.4997,-4.4042,-5.7384,3.0157,0.9801,-0.5733,1.0315,4.8524,0.0026,0.7001,0.0036,0.4995,0.0054,0.6628,10.2826,0.0,LogisticRegression,0.9520031038468622,0.9502264234005487,0.9516100807954226,0.9519597756460721,0.9519804414689624,0.9517591242415498,0.9519427350578445,0.9516146025981219,0.9519593314463664
mv,x4,40768.0,0.2502,0.968,-7.4998,2.4997,-4.4042,-5.7384,3.0157,0.9801,-0.5733,1.0315,4.8524,0.0026,0.7001,0.0036,0.4995,0.0054,0.6628,10.2826,0.0,KNN,0.9532629714437643,0.950811545847338,0.9521756536546843,0.9530282601927937,0.9531738024597205,0.9530380111128323,0.9528940808839856,0.952587604357597,0.952441758960955
mv,x4,40768.0,0.2502,0.968,-7.4998,2.4997,-4.4042,-5.7384,3.0157,0.9801,-0.5733,1.0315,4.8524,0.0026,0.7001,0.0036,0.4995,0.0054,0.6628,10.2826,0.0,RandomForest,0.9564284479213504,0.9546856633728735,0.9563382992121849,0.956141950755814,0.9560020010472259,0.9559634784955731,0.9560422095650964,0.9560189667089822,0.9557956674824075
mv,x4,40768.0,0.2502,0.968,-7.4998,2.4997,-4.4042,-5.7384,3.0157,0.9801,-0.5733,1.0315,4.8524,0.0026,0.7001,0.0036,0.4995,0.0054,0.6628,10.2826,0.0,AdaBoost,0.9553194150401265,0.9535304382765764,0.9550706850425681,0.9554007195753009,0.9554614386987523,0.9551381292503428,0.9552728617770284,0.9552538167762767,0.955213524186899
mv,x4,40768.0,0.2502,0.968,-7.4998,2.4997,-4.4042,-5.7384,3.0157,0.9801,-0.5733,1.0315,4.8524,0.0026,0.7001,0.0036,0.4995,0.0054,0.6628,10.2826,0.0,SVC,0.919871518409532,0.9125630211168718,0.9221511662061381,0.9225789123446851,0.9225110018306133,0.9188498997103847,0.9199548576399913,0.9184121454920912,0.9223025832169556
mv,x4,40768.0,0.1977,0.9656,-7.4998,2.4996,-4.3887,-5.7261,3.0262,0.9679,-0.6001,1.0543,4.9052,0.0046,0.7013,0.0036,0.5015,0.0054,0.6648,10.3471,0.0,DecisionTree,0.9556238774959473,0.9536534060626278,0.9555429530867403,0.955542987158086,0.9555834268049204,0.9556238774959473,0.9555846165791133,0.9554846674366457,0.9555837253774178
mv,x4,40768.0,0.1977,0.9656,-7.4998,2.4996,-4.3887,-5.7261,3.0262,0.9679,-0.6001,1.0543,4.9052,0.0046,0.7013,0.0036,0.5015,0.0054,0.6648,10.3471,0.0,LogisticRegression,0.9523970115431657,0.9509641939724534,0.9523522431306715,0.95271812571979,0.9526163874156308,0.9523555894758272,0.9524516093428208,0.9519435261765806,0.9527590351129667
mv,x4,40768.0,0.1977,0.9656,-7.4998,2.4996,-4.3887,-5.7261,3.0262,0.9679,-0.6001,1.0543,4.9052,0.0046,0.7013,0.0036,0.5015,0.0054,0.6648,10.3471,0.0,KNN,0.9540452916860659,0.9526270683885704,0.9543986920741203,0.9528517120173837,0.9528968371092288,0.9533490151295907,0.9539418071751178,0.9540104310646622,0.9525861754326466
mv,x4,40768.0,0.1977,0.9656,-7.4998,2.4996,-4.3887,-5.7261,3.0262,0.9679,-0.6001,1.0543,4.9052,0.0046,0.7013,0.0036,0.5015,0.0054,0.6648,10.3471,0.0,RandomForest,0.9568154509577688,0.9564808809851842,0.9567333688916828,0.9571359310575278,0.9570346960653865,0.956310944576483,0.9566705922445109,0.9570666233962595,0.9570628434588748
mv,x4,40768.0,0.1977,0.9656,-7.4998,2.4996,-4.3887,-5.7261,3.0262,0.9679,-0.6001,1.0543,4.9052,0.0046,0.7013,0.0036,0.5015,0.0054,0.6648,10.3471,0.0,AdaBoost,0.9561596689493169,0.9549022158455134,0.9561389534134572,0.9557395993846506,0.9563608297589753,0.9564840285124747,0.9561322820453428,0.9560008687378443,0.9562096535633591
mv,x4,40768.0,0.1977,0.9656,-7.4998,2.4996,-4.3887,-5.7261,3.0262,0.9679,-0.6001,1.0543,4.9052,0.0046,0.7013,0.0036,0.5015,0.0054,0.6648,10.3471,0.0,SVC,0.9199205814886482,0.914301517061503,0.9209164866243968,0.9206045759583025,0.9205905667040692,0.9188122949862378,0.9204209878629032,0.9189954684218593,0.9204997845445291
mv,x4,40768.0,0.1498,0.9627,-7.4999,2.4997,-4.4146,-5.7423,3.0169,0.9873,-0.5594,1.0287,4.844,0.0095,0.701,0.0066,0.4985,0.0099,0.6614,10.4008,0.0,DecisionTree,0.95609684523496,0.9536693755164107,0.9560165353785269,0.95609684523496,0.9559966283956705,0.9560352302995881,0.9561605584822117,0.956098310164007,0.9560171745765198
mv,x4,40768.0,0.1498,0.9627,-7.4999,2.4997,-4.4146,-5.7423,3.0169,0.9873,-0.5594,1.0287,4.844,0.0095,0.701,0.0066,0.4985,0.0099,0.6614,10.4008,0.0,LogisticRegression,0.9525341832741128,0.9510414956865654,0.952699843562902,0.9526382813275872,0.9526180111969057,0.9522489134337996,0.9523701228759969,0.9523498821730161,0.9526382054926301
mv,x4,40768.0,0.1498,0.9627,-7.4999,2.4997,-4.4146,-5.7423,3.0169,0.9873,-0.5594,1.0287,4.844,0.0095,0.701,0.0066,0.4985,0.0099,0.6614,10.4008,0.0,KNN,0.9534883071200064,0.9520828187946182,0.954428851186651,0.9539058347831383,0.9539465497647064,0.9536308451130425,0.9536521966651621,0.9539232919025113,0.9541694030360339
mv,x4,40768.0,0.1498,0.9627,-7.4999,2.4997,-4.4146,-5.7423,3.0169,0.9873,-0.5594,1.0287,4.844,0.0095,0.701,0.0066,0.4985,0.0099,0.6614,10.4008,0.0,RandomForest,0.9575994436743909,0.9566959582115496,0.9569740551706557,0.9569901013131462,0.9571703886988592,0.9571950892151744,0.9574428425405097,0.9573914993946918,0.956807696236042
mv,x4,40768.0,0.1498,0.9627,-7.4999,2.4997,-4.4146,-5.7423,3.0169,0.9873,-0.5594,1.0287,4.844,0.0095,0.701,0.0066,0.4985,0.0099,0.6614,10.4008,0.0,AdaBoost,0.9567349140635056,0.9555649773581272,0.9561706108493467,0.9566943230249907,0.9564111881059265,0.9562371002052248,0.9570092832347745,0.9567522948473042,0.9566319501811823
mv,x4,40768.0,0.1498,0.9627,-7.4999,2.4997,-4.4146,-5.7423,3.0169,0.9873,-0.5594,1.0287,4.844,0.0095,0.701,0.0066,0.4985,0.0099,0.6614,10.4008,0.0,SVC,0.9209804209586628,0.9145286238046402,0.9203367526070182,0.9201856734216842,0.9202917667121022,0.9185783512541628,0.9206862822541233,0.9202926571622603,0.9203117803876916
mv,x4,40768.0,0.0985,0.9606,-7.4999,2.4997,-4.3982,-5.732,3.0227,0.9755,-0.5833,1.0441,4.8756,0.0072,0.7011,0.0051,0.4997,0.0077,0.6627,10.4564,0.0,DecisionTree,0.9564264795916059,0.9554246729726835,0.9559848708435341,0.9563462035343306,0.9555708799296169,0.9563237948742379,0.9563854039562458,0.9561896062172133,0.9558664726944743
mv,x4,40768.0,0.0985,0.9606,-7.4999,2.4997,-4.3982,-5.732,3.0227,0.9755,-0.5833,1.0441,4.8756,0.0072,0.7011,0.0051,0.4997,0.0077,0.6627,10.4564,0.0,LogisticRegression,0.9533313725463867,0.9522299498808837,0.9532078432594376,0.9532697979434267,0.95329131115321,0.9532507985509613,0.9531891385470486,0.9532511491250396,0.9532908822549163
mv,x4,40768.0,0.0985,0.9606,-7.4999,2.4997,-4.3982,-5.732,3.0227,0.9755,-0.5833,1.0441,4.8756,0.0072,0.7011,0.0051,0.4997,0.0077,0.6627,10.4564,0.0,KNN,0.9542447562302527,0.9542233217808671,0.9542252689809052,0.9546161007926741,0.9545988322748106,0.9546307464921473,0.9543480807348493,0.9547553231102056,0.9543514331010188
mv,x4,40768.0,0.0985,0.9606,-7.4999,2.4997,-4.3982,-5.732,3.0227,0.9755,-0.5833,1.0441,4.8756,0.0072,0.7011,0.0051,0.4997,0.0077,0.6627,10.4564,0.0,RandomForest,0.9578481933946298,0.9574506379748837,0.9583875158743163,0.9584486742780264,0.9580449593356528,0.9575735614028562,0.9583064496694846,0.9581922686768608,0.9581217193092415
mv,x4,40768.0,0.0985,0.9606,-7.4999,2.4997,-4.3982,-5.732,3.0227,0.9755,-0.5833,1.0441,4.8756,0.0072,0.7011,0.0051,0.4997,0.0077,0.6627,10.4564,0.0,AdaBoost,0.9574742302411022,0.95682832662608,0.9575893380860945,0.9571176324687971,0.9569784586269713,0.957317428392707,0.9568049506157257,0.9570683867453689,0.9573409217381884
mv,x4,40768.0,0.0985,0.9606,-7.4999,2.4997,-4.3982,-5.732,3.0227,0.9755,-0.5833,1.0441,4.8756,0.0072,0.7011,0.0051,0.4997,0.0077,0.6627,10.4564,0.0,SVC,0.9211196915583232,0.9161771865558315,0.9198895307570738,0.9198949840995462,0.9199539973310391,0.919138317907477,0.9211717263732828,0.9206691600719404,0.9198090392738951
mv,x4,40768.0,0.0496,0.9586,-7.4999,2.4997,-4.3913,-5.7284,3.0274,0.9712,-0.5954,1.0481,4.895,0.0067,0.7015,0.0058,0.5006,0.0086,0.6638,10.5064,0.0,DecisionTree,0.9568583412309939,0.9566362314007137,0.9566976659461679,0.9567780343127237,0.9568583412309939,0.9567611889125354,0.9568583412309939,0.9565379875096471,0.956701788500638
mv,x4,40768.0,0.0496,0.9586,-7.4999,2.4997,-4.3913,-5.7284,3.0274,0.9712,-0.5954,1.0481,4.895,0.0067,0.7015,0.0058,0.5006,0.0086,0.6638,10.5064,0.0,LogisticRegression,0.9533736959911998,0.952866069430787,0.9533513922935615,0.9534320124427773,0.9533708129166609,0.9532305993490114,0.9535158871760686,0.9532708158213021,0.9533708580192386
mv,x4,40768.0,0.0496,0.9586,-7.4999,2.4997,-4.3913,-5.7284,3.0274,0.9712,-0.5954,1.0481,4.895,0.0067,0.7015,0.0058,0.5006,0.0086,0.6638,10.5064,0.0,KNN,0.9553273485459159,0.9551395664094511,0.9545749636841674,0.9549622868676335,0.9552676243662133,0.9553916321040947,0.9551618297085066,0.9547193012513568,0.9550622723872602
mv,x4,40768.0,0.0496,0.9586,-7.4999,2.4997,-4.3913,-5.7284,3.0274,0.9712,-0.5954,1.0481,4.895,0.0067,0.7015,0.0058,0.5006,0.0086,0.6638,10.5064,0.0,RandomForest,0.958516798245857,0.958180115063729,0.9589001347156461,0.9587165928241469,0.9585930731272679,0.9585186217358628,0.9587348878813297,0.9587780782236629,0.9588429383119926
mv,x4,40768.0,0.0496,0.9586,-7.4999,2.4997,-4.3913,-5.7284,3.0274,0.9712,-0.5954,1.0481,4.895,0.0067,0.7015,0.0058,0.5006,0.0086,0.6638,10.5064,0.0,AdaBoost,0.9573524365181565,0.9572994943673181,0.9572460346657019,0.9576832067772203,0.9572475695749932,0.9571960826564656,0.9572365823186633,0.9573430277156659,0.957640920144734
mv,x4,40768.0,0.0496,0.9586,-7.4999,2.4997,-4.3913,-5.7284,3.0274,0.9712,-0.5954,1.0481,4.895,0.0067,0.7015,0.0058,0.5006,0.0086,0.6638,10.5064,0.0,SVC,0.9197663915118006,0.9171813321277769,0.9195163699100523,0.9193291066026423,0.9193734956364593,0.9186527625983236,0.9197701447870286,0.9194316322787608,0.9192867740955998
mv,x5,40768.0,0.4991,0.9952,-0.9999,1.0,0.0014,0.0115,0.5781,-0.0161,-1.2018,0.4997,0.999,0.0098,0.0108,0.0064,0.0093,0.0096,0.014,9.9175,0.0,DecisionTree,0.9575823378512587,0.9575823378512587,0.9576191649996149,0.9576191649996149,0.9576191649996149,0.9576191649996149,0.9575795521543834,0.9575823378512587,0.9576191649996149
mv,x5,40768.0,0.4991,0.9952,-0.9999,1.0,0.0014,0.0115,0.5781,-0.0161,-1.2018,0.4997,0.999,0.0098,0.0108,0.0064,0.0093,0.0096,0.014,9.9175,0.0,LogisticRegression,0.9536381621438186,0.9536178744549741,0.9535777839940737,0.953577369751649,0.9535567276794222,0.9535980109299655,0.9536186814901917,0.9536195263538803,0.9535765789368823
mv,x5,40768.0,0.4991,0.9952,-0.9999,1.0,0.0014,0.0115,0.5781,-0.0161,-1.2018,0.4997,0.999,0.0098,0.0108,0.0064,0.0093,0.0096,0.014,9.9175,0.0,KNN,0.956405563859591,0.9555881161537529,0.955209429075182,0.9564910792995865,0.956981701692176,0.9565525515066761,0.9562661544964728,0.9561184949166819,0.9563493618075797
mv,x5,40768.0,0.4991,0.9952,-0.9999,1.0,0.0014,0.0115,0.5781,-0.0161,-1.2018,0.4997,0.999,0.0098,0.0108,0.0064,0.0093,0.0096,0.014,9.9175,0.0,RandomForest,0.9598396538960365,0.9600456016952146,0.959556268055896,0.9596355960102797,0.9596548071291126,0.9603248608671869,0.9596319123799635,0.9595417098045638,0.9598122563445324
mv,x5,40768.0,0.4991,0.9952,-0.9999,1.0,0.0014,0.0115,0.5781,-0.0161,-1.2018,0.4997,0.999,0.0098,0.0108,0.0064,0.0093,0.0096,0.014,9.9175,0.0,AdaBoost,0.9579652716974167,0.9578220985768149,0.9578275270989959,0.9581502499205039,0.9579463687778573,0.9580204342491652,0.9579664766841305,0.9580258604105797,0.9582929006896521
mv,x5,40768.0,0.4991,0.9952,-0.9999,1.0,0.0014,0.0115,0.5781,-0.0161,-1.2018,0.4997,0.999,0.0098,0.0108,0.0064,0.0093,0.0096,0.014,9.9175,0.0,SVC,0.9187389674517905,0.9194834679936248,0.9193486427853402,0.9195475719192304,0.9195871185784493,0.9195884481263132,0.9178395199586052,0.9184641756261311,0.9194240691017072
mv,x5,40768.0,0.4505,0.995,-0.9999,0.9999,-0.0004,0.0015,0.5804,-0.0028,-1.209,0.5051,1.0099,0.0057,0.008,0.0033,0.0035,0.005,0.0052,10.01,0.0,DecisionTree,0.9575823378512587,0.9575823378512587,0.9576191649996149,0.9576191649996149,0.9576191649996149,0.9576191649996149,0.9574536792596919,0.9575823378512587,0.9576191649996149
mv,x5,40768.0,0.4505,0.995,-0.9999,0.9999,-0.0004,0.0015,0.5804,-0.0028,-1.209,0.5051,1.0099,0.0057,0.008,0.0033,0.0035,0.005,0.0052,10.01,0.0,LogisticRegression,0.953700569982581,0.9537410233140382,0.9537819881339273,0.9537001053062281,0.9536794852342471,0.9536794407982027,0.9536794628580958,0.9535976582839047,0.9537203707267823
mv,x5,40768.0,0.4505,0.995,-0.9999,0.9999,-0.0004,0.0015,0.5804,-0.0028,-1.209,0.5051,1.0099,0.0057,0.008,0.0033,0.0035,0.005,0.0052,10.01,0.0,KNN,0.9566505780980811,0.9563070065239782,0.9563628211085211,0.9573105221133591,0.9573702114385634,0.957331382488203,0.9568986041302788,0.9559809616844823,0.9572304111082794
mv,x5,40768.0,0.4505,0.995,-0.9999,0.9999,-0.0004,0.0015,0.5804,-0.0028,-1.209,0.5051,1.0099,0.0057,0.008,0.0033,0.0035,0.005,0.0052,10.01,0.0,RandomForest,0.9594554820649317,0.9596354630984019,0.9598635730162519,0.95977810566264,0.9599182169414731,0.9599554123811086,0.9595549843530476,0.9593747837747655,0.9597392425449546
mv,x5,40768.0,0.4505,0.995,-0.9999,0.9999,-0.0004,0.0015,0.5804,-0.0028,-1.209,0.5051,1.0099,0.0057,0.008,0.0033,0.0035,0.005,0.0052,10.01,0.0,AdaBoost,0.9582851551072253,0.9577432734492083,0.9582040997343495,0.9580288300006052,0.9580462876722143,0.9581644548660767,0.9583653895041642,0.9582483818152616,0.9580288300006052
mv,x5,40768.0,0.4505,0.995,-0.9999,0.9999,-0.0004,0.0015,0.5804,-0.0028,-1.209,0.5051,1.0099,0.0057,0.008,0.0033,0.0035,0.005,0.0052,10.01,0.0,SVC,0.9184431746047091,0.9195001404820248,0.9191746824785542,0.9193118106442368,0.9192729568887078,0.919415150672202,0.917593777255998,0.9186875080915848,0.9191661248849179
mv,x5,40768.0,0.3998,0.9947,-0.9999,1.0,-0.0035,0.0008,0.5767,0.0002,-1.2002,0.4978,0.9958,0.0061,0.009,0.0044,0.0068,0.0066,0.0102,10.0978,0.0,DecisionTree,0.9575823378512587,0.9575823378512587,0.9575989205352987,0.9575989205352987,0.9575989205352987,0.9575989205352987,0.9576191649996149,0.9575823378512587,0.9575989205352987
mv,x5,40768.0,0.3998,0.9947,-0.9999,1.0,-0.0035,0.0008,0.5767,0.0002,-1.2002,0.4978,0.9958,0.0061,0.009,0.0044,0.0068,0.0066,0.0102,10.0978,0.0,LogisticRegression,0.9537187859604829,0.953739407622362,0.9536791115388109,0.9537609166164572,0.9537609166164572,0.9537609166164572,0.9536795293622631,0.9535762356539966,0.9537811644407872
mv,x5,40768.0,0.3998,0.9947,-0.9999,1.0,-0.0035,0.0008,0.5767,0.0002,-1.2002,0.4978,0.9958,0.0061,0.009,0.0044,0.0068,0.0066,0.0102,10.0978,0.0,KNN,0.9565268581861484,0.956017759082032,0.9559195544947139,0.9566145000413092,0.9565720158373758,0.9565516606716215,0.956141487659202,0.9557172287154296,0.9564283903120011
mv,x5,40768.0,0.3998,0.9947,-0.9999,1.0,-0.0035,0.0008,0.5767,0.0002,-1.2002,0.4978,0.9958,0.0061,0.009,0.0044,0.0068,0.0066,0.0102,10.0978,0.0,RandomForest,0.9597245149630915,0.9599197710578133,0.9597817998562954,0.9599439990243127,0.9598595470565477,0.9597947119639508,0.9596770994459715,0.9597040261435089,0.9596755590042048
mv,x5,40768.0,0.3998,0.9947,-0.9999,1.0,-0.0035,0.0008,0.5767,0.0002,-1.2002,0.4978,0.9958,0.0061,0.009,0.0044,0.0068,0.0066,0.0102,10.0978,0.0,AdaBoost,0.9585602006953253,0.9582957275145849,0.9582550063218804,0.9583661091753273,0.9581341478418398,0.9583272953142634,0.9587131472341721,0.9584386893029033,0.9577932080549865
mv,x5,40768.0,0.3998,0.9947,-0.9999,1.0,-0.0035,0.0008,0.5767,0.0002,-1.2002,0.4978,0.9958,0.0061,0.009,0.0044,0.0068,0.0066,0.0102,10.0978,0.0,SVC,0.9193393400827612,0.9201698877034772,0.9198285328262723,0.9197244621801435,0.9197862050601395,0.9199082165478465,0.916983902631622,0.9189042540390104,0.920110089240904
mv,x5,40768.0,0.3562,0.9946,-0.9999,1.0,-0.0037,-0.003,0.5773,0.0085,-1.1981,0.498,0.9955,0.0021,0.0035,0.0018,0.0025,0.0027,0.0037,10.1679,0.0,DecisionTree,0.9575823378512587,0.9575823378512587,0.9576191649996149,0.9576191649996149,0.9576191649996149,0.9576191649996149,0.9576191649996149,0.9575823378512587,0.9576191649996149
mv,x5,40768.0,0.3562,0.9946,-0.9999,1.0,-0.0037,-0.003,0.5773,0.0085,-1.1981,0.498,0.9955,0.0021,0.0035,0.0018,0.0025,0.0027,0.0037,10.1679,0.0,LogisticRegression,0.9535773912859765,0.953555956018836,0.9536988962010742,0.9536592050199885,0.9536592243720554,0.9536592050199885,0.9536385375944557,0.9534967618911104,0.9536587943092999
mv,x5,40768.0,0.3562,0.9946,-0.9999,1.0,-0.0037,-0.003,0.5773,0.0085,-1.1981,0.498,0.9955,0.0021,0.0035,0.0018,0.0025,0.0027,0.0037,10.1679,0.0,KNN,0.9564415454504889,0.9565047433851098,0.9556472599636345,0.9564450096053891,0.9565061644192273,0.956340517295051,0.9566301157752107,0.9554227168365645,0.9562009956920512
mv,x5,40768.0,0.3562,0.9946,-0.9999,1.0,-0.0037,-0.003,0.5773,0.0085,-1.1981,0.498,0.9955,0.0021,0.0035,0.0018,0.0025,0.0027,0.0037,10.1679,0.0,RandomForest,0.9594778099145236,0.9593951790139279,0.9597820515493525,0.9596582982336095,0.9600260207692832,0.9597571994003778,0.9599230051985779,0.9593151378730549,0.9595129548535906
mv,x5,40768.0,0.3562,0.9946,-0.9999,1.0,-0.0037,-0.003,0.5773,0.0085,-1.1981,0.498,0.9955,0.0021,0.0035,0.0018,0.0025,0.0027,0.0037,10.1679,0.0,AdaBoost,0.9583971671079182,0.9582746196296681,0.9586568635452295,0.9584800912664986,0.9583167067927554,0.9584142512087366,0.9585057459108888,0.9583660804348215,0.9586211461359897
mv,x5,40768.0,0.3562,0.9946,-0.9999,1.0,-0.0037,-0.003,0.5773,0.0085,-1.1981,0.498,0.9955,0.0021,0.0035,0.0018,0.0025,0.0027,0.0037,10.1679,0.0,SVC,0.9188553400561759,0.9193901123742985,0.9189960321512064,0.9190921670560986,0.9190713305644393,0.9191531631240089,0.9163588525556552,0.9186971676710504,0.9192329079691068
mv,x5,40768.0,0.3004,0.9932,-0.9999,1.0,-0.0013,0.0027,0.5768,-0.0028,-1.1987,0.4986,0.9978,0.0076,0.008,0.0051,0.0056,0.0076,0.0084,10.249,0.0,DecisionTree,0.9575823378512587,0.9575823378512587,0.9575786994742685,0.9575786994742685,0.9575786994742685,0.9575786994742685,0.9576191649996149,0.9575823378512587,0.9575786994742685
mv,x5,40768.0,0.3004,0.9932,-0.9999,1.0,-0.0013,0.0027,0.5768,-0.0028,-1.1987,0.4986,0.9978,0.0076,0.008,0.0051,0.0056,0.0076,0.0084,10.249,0.0,LogisticRegression,0.9533938331043659,0.9534954988322887,0.9534954884760894,0.953536004541019,0.953536004541019,0.9535157596743178,0.953618267149094,0.9536393286878113,0.9535562847710501
mv,x5,40768.0,0.3004,0.9932,-0.9999,1.0,-0.0013,0.0027,0.5768,-0.0028,-1.1987,0.4986,0.9978,0.0076,0.008,0.0051,0.0056,0.0076,0.0084,10.249,0.0,KNN,0.9556307492529045,0.9558761575350951,0.9562743028596878,0.9563555221271469,0.9563567324868898,0.956520073862098,0.9566147147397396,0.9559244395408834,0.9560911774153109
mv,x5,40768.0,0.3004,0.9932,-0.9999,1.0,-0.0013,0.0027,0.5768,-0.0028,-1.1987,0.4986,0.9978,0.0076,0.008,0.0051,0.0056,0.0076,0.0084,10.249,0.0,RandomForest,0.9599070932107595,0.9597345666416495,0.9598238673279607,0.9595969515363593,0.9599231408668696,0.9604659943657226,0.9598398722630404,0.9595597406768882,0.960125232505062
mv,x5,40768.0,0.3004,0.9932,-0.9999,1.0,-0.0013,0.0027,0.5768,-0.0028,-1.1987,0.4986,0.9978,0.0076,0.008,0.0051,0.0056,0.0076,0.0084,10.249,0.0,AdaBoost,0.9579000040166257,0.9584077430066578,0.9583623840740898,0.9579190213544656,0.9579699226054795,0.9577377278847462,0.9587229849117613,0.9579476250091814,0.9578193479760425
mv,x5,40768.0,0.3004,0.9932,-0.9999,1.0,-0.0013,0.0027,0.5768,-0.0028,-1.1987,0.4986,0.9978,0.0076,0.008,0.0051,0.0056,0.0076,0.0084,10.249,0.0,SVC,0.9188695984409704,0.9189453713705629,0.9187410721113183,0.9186161645006693,0.9186972502717499,0.9185967765321468,0.9172429009130384,0.9186928767402901,0.9186543134790351
mv,x5,40768.0,0.2472,0.9925,-0.9999,1.0,-0.004,-0.0021,0.5764,0.0031,-1.1936,0.4981,0.9955,0.005,0.0095,0.0053,0.0056,0.008,0.0084,10.3213,0.0,DecisionTree,0.9575823378512587,0.9575823378512587,0.9575989205352987,0.9575989205352987,0.9575989205352987,0.9575989205352987,0.9575786971838375,0.9575823378512587,0.9575989205352987
mv,x5,40768.0,0.2472,0.9925,-0.9999,1.0,-0.004,-0.0021,0.5764,0.0031,-1.1936,0.4981,0.9955,0.005,0.0095,0.0053,0.0056,0.008,0.0084,10.3213,0.0,LogisticRegression,0.9534954909962046,0.9534954858767033,0.953475273984734,0.953516160923662,0.953516160923662,0.953516160923662,0.9535161583131531,0.9535570855062914,0.953516160923662
mv,x5,40768.0,0.2472,0.9925,-0.9999,1.0,-0.004,-0.0021,0.5764,0.0031,-1.1936,0.4981,0.9955,0.005,0.0095,0.0053,0.0056,0.008,0.0084,10.3213,0.0,KNN,0.9572663201734454,0.956369189620886,0.9571257130950378,0.9572522833266851,0.9574990357519111,0.9571712754362147,0.9574926394857437,0.9566180786675346,0.9571291160304475
mv,x5,40768.0,0.2472,0.9925,-0.9999,1.0,-0.004,-0.0021,0.5764,0.0031,-1.1936,0.4981,0.9955,0.005,0.0095,0.0053,0.0056,0.008,0.0084,10.3213,0.0,RandomForest,0.959375256636713,0.9595757195068041,0.9600478170453021,0.9597410176355313,0.9596601062449297,0.9597763287482599,0.9590261831294502,0.9594373336405897,0.959451444711463
mv,x5,40768.0,0.2472,0.9925,-0.9999,1.0,-0.004,-0.0021,0.5764,0.0031,-1.1936,0.4981,0.9955,0.005,0.0095,0.0053,0.0056,0.008,0.0084,10.3213,0.0,AdaBoost,0.9585606672330442,0.9582269466287809,0.9580774525473501,0.9581193500132753,0.9581953931675519,0.9585514790283961,0.9579285492642844,0.9579898500320374,0.9580602767999613
mv,x5,40768.0,0.2472,0.9925,-0.9999,1.0,-0.004,-0.0021,0.5764,0.0031,-1.1936,0.4981,0.9955,0.005,0.0095,0.0053,0.0056,0.008,0.0084,10.3213,0.0,SVC,0.9189834834572206,0.9188648665375251,0.9186478685026831,0.9186687076614776,0.9186902006121733,0.9187089047002461,0.9178107361895299,0.918748001261108,0.9185257445223739
mv,x5,40768.0,0.2014,0.9921,-0.9999,0.9999,-0.0021,0.0032,0.5773,-0.0038,-1.1994,0.4991,0.9972,0.0054,0.0081,0.0037,0.0064,0.0056,0.0096,10.3798,0.0,DecisionTree,0.9575823378512587,0.9575823378512587,0.9576191649996149,0.9576191649996149,0.9576191649996149,0.9576191649996149,0.9575621109715218,0.9575823378512587,0.9576191649996149
mv,x5,40768.0,0.2014,0.9921,-0.9999,0.9999,-0.0021,0.0032,0.5773,-0.0038,-1.1994,0.4991,0.9972,0.0054,0.0081,0.0037,0.0064,0.0056,0.0096,10.3798,0.0,LogisticRegression,0.9535984366777115,0.9536186981310515,0.9535777633715178,0.9535984366777115,0.9535984366777115,0.9535984366777115,0.953516645858154,0.9536182944914574,0.9535984366777115
mv,x5,40768.0,0.2014,0.9921,-0.9999,0.9999,-0.0021,0.0032,0.5773,-0.0038,-1.1994,0.4991,0.9972,0.0054,0.0081,0.0037,0.0064,0.0056,0.0096,10.3798,0.0,KNN,0.955985189809031,0.9558056389966321,0.9553073922612823,0.9561680143489706,0.9561881135411142,0.9561065391966495,0.9559227600938626,0.9567983783645685,0.9560052439722053
mv,x5,40768.0,0.2014,0.9921,-0.9999,0.9999,-0.0021,0.0032,0.5773,-0.0038,-1.1994,0.4991,0.9972,0.0054,0.0081,0.0037,0.0064,0.0056,0.0096,10.3798,0.0,RandomForest,0.9597414930208867,0.9593129460286877,0.9592939997279691,0.959396644325422,0.9593582056080351,0.9594938192895615,0.9592933628571305,0.9593551236192637,0.9593943951566273
mv,x5,40768.0,0.2014,0.9921,-0.9999,0.9999,-0.0021,0.0032,0.5773,-0.0038,-1.1994,0.4991,0.9972,0.0054,0.0081,0.0037,0.0064,0.0056,0.0096,10.3798,0.0,AdaBoost,0.9582836523428486,0.9579568894713507,0.9581633689756399,0.9574372527621806,0.9576244855945064,0.9575545594485856,0.9579152485000367,0.9585779841626119,0.9575748004326733
mv,x5,40768.0,0.2014,0.9921,-0.9999,0.9999,-0.0021,0.0032,0.5773,-0.0038,-1.1994,0.4991,0.9972,0.0054,0.0081,0.0037,0.0064,0.0056,0.0096,10.3798,0.0,SVC,0.9190302712437388,0.9189080191973571,0.9190801314294094,0.9190197365197419,0.9190599582772512,0.9190190528970699,0.9181827531346654,0.9189760197711498,0.9189781452147251
mv,x5,40768.0,0.1484,0.9923,-0.9999,1.0,-0.0016,0.0022,0.5764,-0.0007,-1.1951,0.498,0.9959,0.0052,0.0064,0.0035,0.0057,0.0052,0.0086,10.4442,0.0,DecisionTree,0.9575823378512587,0.9575823378512587,0.9575989205352987,0.9575989205352987,0.9575989205352987,0.9575989205352987,0.9575787098275094,0.9575823378512587,0.9575989205352987
mv,x5,40768.0,0.1484,0.9923,-0.9999,1.0,-0.0016,0.0022,0.5764,-0.0007,-1.1951,0.498,0.9959,0.0052,0.0064,0.0035,0.0057,0.0052,0.0086,10.4442,0.0,LogisticRegression,0.9537187914396302,0.9536370005957125,0.9536572451205965,0.9536779110357076,0.9536981732265541,0.9536779110357076,0.9536572573439809,0.9536576220843568,0.953698572229134
mv,x5,40768.0,0.1484,0.9923,-0.9999,1.0,-0.0016,0.0022,0.5764,-0.0007,-1.1951,0.498,0.9959,0.0052,0.0064,0.0035,0.0057,0.0052,0.0086,10.4442,0.0,KNN,0.956559263072649,0.9565609242395975,0.9563549039602381,0.9567244840736759,0.9567853012697038,0.9567029043790464,0.9565559770021183,0.9563750271648318,0.9564180501180449
mv,x5,40768.0,0.1484,0.9923,-0.9999,1.0,-0.0016,0.0022,0.5764,-0.0007,-1.1951,0.498,0.9959,0.0052,0.0064,0.0035,0.0057,0.0052,0.0086,10.4442,0.0,RandomForest,0.9594160996425459,0.9596154449543329,0.959252135075415,0.959598034936895,0.959517602234919,0.9599015121108134,0.9594163961962889,0.9592738977869674,0.959451053663929
mv,x5,40768.0,0.1484,0.9923,-0.9999,1.0,-0.0016,0.0022,0.5764,-0.0007,-1.1951,0.498,0.9959,0.0052,0.0064,0.0035,0.0057,0.0052,0.0086,10.4442,0.0,AdaBoost,0.9584030810892599,0.9581211306359749,0.9583974084465063,0.957901102636751,0.9580148537459637,0.957901102636751,0.958158618660966,0.9581624647144562,0.9578606117881422
mv,x5,40768.0,0.1484,0.9923,-0.9999,1.0,-0.0016,0.0022,0.5764,-0.0007,-1.1951,0.498,0.9959,0.0052,0.0064,0.0035,0.0057,0.0052,0.0086,10.4442,0.0,SVC,0.919024188856304,0.918791719598054,0.9187486770469082,0.9187860820969904,0.9187868240830245,0.9188270103619911,0.9182999612964335,0.9188388518341865,0.9187257326738842
mv,x5,40768.0,0.0986,0.9918,-0.9999,1.0,-0.0005,0.0051,0.5764,-0.0043,-1.1967,0.4973,0.9948,0.0034,0.0054,0.0034,0.0037,0.005,0.0055,10.5005,0.0,DecisionTree,0.9575823378512587,0.9575823378512587,0.9576191649996149,0.9576191649996149,0.9576191649996149,0.9576191649996149,0.9576191649996149,0.9575823378512587,0.9576191649996149
mv,x5,40768.0,0.0986,0.9918,-0.9999,1.0,-0.0005,0.0051,0.5764,-0.0043,-1.1967,0.4973,0.9948,0.0034,0.0054,0.0034,0.0037,0.005,0.0055,10.5005,0.0,LogisticRegression,0.9535960062375787,0.9535137550395544,0.9535344277307766,0.9535546885728056,0.9535753643600956,0.953555099079768,0.953555491716843,0.9535344308268444,0.9535546885728056
mv,x5,40768.0,0.0986,0.9918,-0.9999,1.0,-0.0005,0.0051,0.5764,-0.0043,-1.1967,0.4973,0.9948,0.0034,0.0054,0.0034,0.0037,0.005,0.0055,10.5005,0.0,KNN,0.9564050788368168,0.9569208326204586,0.9566735746389143,0.9568814873867109,0.9569013693649413,0.9568612115999011,0.9563659558718257,0.9565095081781234,0.956841960925444
mv,x5,40768.0,0.0986,0.9918,-0.9999,1.0,-0.0005,0.0051,0.5764,-0.0043,-1.1967,0.4973,0.9948,0.0034,0.0054,0.0034,0.0037,0.005,0.0055,10.5005,0.0,RandomForest,0.9593727496216771,0.9594133533933138,0.9596957763404328,0.9593718830984614,0.9591888056745581,0.9592079110061602,0.9594147427490733,0.9593560077202815,0.959327816254181
mv,x5,40768.0,0.0986,0.9918,-0.9999,1.0,-0.0005,0.0051,0.5764,-0.0043,-1.1967,0.4973,0.9948,0.0034,0.0054,0.0034,0.0037,0.005,0.0055,10.5005,0.0,AdaBoost,0.9581275624702313,0.9581657095542296,0.9584454492110442,0.9582205136253795,0.9582229209253936,0.9581788049666651,0.9581980169453538,0.9581673817705367,0.9581223289661056
mv,x5,40768.0,0.0986,0.9918,-0.9999,1.0,-0.0005,0.0051,0.5764,-0.0043,-1.1967,0.4973,0.9948,0.0034,0.0054,0.0034,0.0037,0.005,0.0055,10.5005,0.0,SVC,0.918736886285752,0.9186909246910488,0.9187620454918679,0.918844607991126,0.9188445957920232,0.9188654179661774,0.9187341045400945,0.9187928423672629,0.9189299895794015
mv,x5,40768.0,0.0483,0.9912,-0.9999,1.0,-0.0028,0.0006,0.5769,0.002,-1.2,0.4994,0.9981,0.0061,0.0067,0.0042,0.0051,0.0063,0.0076,10.5538,0.0,DecisionTree,0.9576191649996149,0.9576191649996149,0.9576191649996149,0.9576191649996149,0.9576191649996149,0.9576191649996149,0.9576191649996149,0.9576191649996149,0.9576191649996149
mv,x5,40768.0,0.0483,0.9912,-0.9999,1.0,-0.0028,0.0006,0.5769,0.002,-1.2,0.4994,0.9981,0.0061,0.0067,0.0042,0.0051,0.0063,0.0076,10.5538,0.0,LogisticRegression,0.9535360668746983,0.9535976535006468,0.9536381592233009,0.9536381592233009,0.9536179145273395,0.9536381592233009,0.9536381807017525,0.9535765725973521,0.953658425397714
mv,x5,40768.0,0.0483,0.9912,-0.9999,1.0,-0.0028,0.0006,0.5769,0.002,-1.2,0.4994,0.9981,0.0061,0.0067,0.0042,0.0051,0.0063,0.0076,10.5538,0.0,KNN,0.95652901513767,0.9564119995992161,0.9565312908776908,0.9570595935318331,0.9570592351127423,0.9571619305224238,0.9566109714334805,0.9566338193878327,0.9568772401392267
mv,x5,40768.0,0.0483,0.9912,-0.9999,1.0,-0.0028,0.0006,0.5769,0.002,-1.2,0.4994,0.9981,0.0061,0.0067,0.0042,0.0051,0.0063,0.0076,10.5538,0.0,RandomForest,0.9592700796568834,0.9594377468731022,0.9593122456113988,0.9594558113948728,0.959313599254408,0.9594581463256906,0.9593757384228819,0.959395921928025,0.9595786969612436
mv,x5,40768.0,0.0483,0.9912,-0.9999,1.0,-0.0028,0.0006,0.5769,0.002,-1.2,0.4994,0.9981,0.0061,0.0067,0.0042,0.0051,0.0063,0.0076,10.5538,0.0,AdaBoost,0.9584803824632264,0.9586972302833137,0.958775357671608,0.9589539963262512,0.9589539963262512,0.958906150994047,0.9590766681431875,0.9583646400633559,0.9589539963262512
mv,x5,40768.0,0.0483,0.9912,-0.9999,1.0,-0.0028,0.0006,0.5769,0.002,-1.2,0.4994,0.9981,0.0061,0.0067,0.0042,0.0051,0.0063,0.0076,10.5538,0.0,SVC,0.9188533325105857,0.9188009280022281,0.9187679006265413,0.9188094998359357,0.9188088032483197,0.91874706822203,0.9188627271441897,0.9187694006244452,0.9188267356153018
mv,x6,40768.0,0.498,0.9883,-37.2637,12.3802,-10.9298,-9.1162,10.8049,-0.3307,-0.9372,8.4805,18.1489,0.015,0.7055,0.0098,0.5075,0.0148,0.6717,9.9101,0.0,DecisionTree,0.8940341635094176,0.8575820954431788,0.8908782631758739,0.8909086403507127,0.8905526041734761,0.8917110322409539,0.8870170268730893,0.876406530367227,0.8930422975199593
mv,x6,40768.0,0.498,0.9883,-37.2637,12.3802,-10.9298,-9.1162,10.8049,-0.3307,-0.9372,8.4805,18.1489,0.015,0.7055,0.0098,0.5075,0.0148,0.6717,9.9101,0.0,LogisticRegression,0.8813942011497109,0.8329349097942176,0.8801554231889561,0.8805205402722963,0.8806479922643036,0.8803128522171,0.8809245006849682,0.8625295203185195,0.8806198608676359
mv,x6,40768.0,0.498,0.9883,-37.2637,12.3802,-10.9298,-9.1162,10.8049,-0.3307,-0.9372,8.4805,18.1489,0.015,0.7055,0.0098,0.5075,0.0148,0.6717,9.9101,0.0,KNN,0.8856390997159866,0.8611529552386846,0.8885872170238696,0.8869845576105977,0.8870104148510644,0.8865384512490317,0.8856882220950038,0.8683659552081819,0.88627083650325
mv,x6,40768.0,0.498,0.9883,-37.2637,12.3802,-10.9298,-9.1162,10.8049,-0.3307,-0.9372,8.4805,18.1489,0.015,0.7055,0.0098,0.5075,0.0148,0.6717,9.9101,0.0,RandomForest,0.895328557023458,0.875558165666521,0.8941737786546886,0.895011236562349,0.8962220007482646,0.8953733315546868,0.8954621648459384,0.8779222733686399,0.8941926259894319
mv,x6,40768.0,0.498,0.9883,-37.2637,12.3802,-10.9298,-9.1162,10.8049,-0.3307,-0.9372,8.4805,18.1489,0.015,0.7055,0.0098,0.5075,0.0148,0.6717,9.9101,0.0,AdaBoost,0.889277359036903,0.8761348529860384,0.8932492753661162,0.8946763407685212,0.893310787815144,0.8957360126799881,0.887965871752822,0.8751737407413458,0.8949349689488799
mv,x6,40768.0,0.498,0.9883,-37.2637,12.3802,-10.9298,-9.1162,10.8049,-0.3307,-0.9372,8.4805,18.1489,0.015,0.7055,0.0098,0.5075,0.0148,0.6717,9.9101,0.0,SVC,0.8455702946668173,0.8292720168063878,0.8566641443030303,0.8595007281340548,0.8596285574309415,0.8590056982208347,0.851702942195173,0.839672095812771,0.8586745558717028
mv,x6,40768.0,0.4469,0.9859,-37.2849,12.114,-11.0234,-9.2213,10.8227,-0.317,-0.957,8.5279,18.3275,0.0052,0.7011,0.0031,0.4992,0.0047,0.6619,10.0038,0.0,DecisionTree,0.8993915552628404,0.8653784129848969,0.8976000746269239,0.8967717777848264,0.8968853215859904,0.8989821651319819,0.8915484484201522,0.8836440615619083,0.8990643947320206
mv,x6,40768.0,0.4469,0.9859,-37.2849,12.114,-11.0234,-9.2213,10.8227,-0.317,-0.957,8.5279,18.3275,0.0052,0.7011,0.0031,0.4992,0.0047,0.6619,10.0038,0.0,LogisticRegression,0.8877557890314258,0.8360508463331215,0.8858291373999827,0.8862325181352366,0.8863559223678639,0.88654261754965,0.886396779913812,0.869089506222063,0.8864927947623955
mv,x6,40768.0,0.4469,0.9859,-37.2849,12.114,-11.0234,-9.2213,10.8227,-0.317,-0.957,8.5279,18.3275,0.0052,0.7011,0.0031,0.4992,0.0047,0.6619,10.0038,0.0,KNN,0.8933715634828722,0.8683927275395331,0.8948276288680279,0.8942538963017362,0.8941705462160876,0.8939440325677428,0.8925219642057799,0.874874177651584,0.8945415734074084
mv,x6,40768.0,0.4469,0.9859,-37.2849,12.114,-11.0234,-9.2213,10.8227,-0.317,-0.957,8.5279,18.3275,0.0052,0.7011,0.0031,0.4992,0.0047,0.6619,10.0038,0.0,RandomForest,0.9009037032847778,0.8803359849484935,0.9004117167477994,0.9013501813284717,0.9018511968121475,0.9014911874089353,0.9010218358514872,0.8840692344981402,0.8995247089409022
mv,x6,40768.0,0.4469,0.9859,-37.2849,12.114,-11.0234,-9.2213,10.8227,-0.317,-0.957,8.5279,18.3275,0.0052,0.7011,0.0031,0.4992,0.0047,0.6619,10.0038,0.0,AdaBoost,0.8952356312760111,0.8802234058901599,0.8991733458765534,0.9010061928861244,0.9000447757470968,0.9010655756247572,0.893321049221143,0.8824349532108733,0.9015801922395901
mv,x6,40768.0,0.4469,0.9859,-37.2849,12.114,-11.0234,-9.2213,10.8227,-0.317,-0.957,8.5279,18.3275,0.0052,0.7011,0.0031,0.4992,0.0047,0.6619,10.0038,0.0,SVC,0.8510023637951726,0.8301696047322003,0.8625275461287679,0.8649253236604023,0.8650297536188584,0.8647735883572956,0.8545118905665826,0.8474854297588477,0.8644833394440683
mv,x6,40768.0,0.4032,0.9861,-37.3515,11.9541,-11.121,-9.4427,10.8106,-0.3014,-0.9551,8.6141,18.2409,0.0065,0.7035,0.0041,0.4986,0.0061,0.6621,10.08,0.0,DecisionTree,0.9049753720050424,0.870152653150738,0.9019271224500404,0.9028072901730302,0.9013173374803801,0.9038760314953964,0.9048949076716861,0.8895134863669526,0.9036653380283349
mv,x6,40768.0,0.4032,0.9861,-37.3515,11.9541,-11.121,-9.4427,10.8106,-0.3014,-0.9551,8.6141,18.2409,0.0065,0.7035,0.0041,0.4986,0.0061,0.6621,10.08,0.0,LogisticRegression,0.892149194798501,0.841975067960758,0.8905061642529215,0.8910440381951449,0.8915985111262792,0.8910757966251532,0.8907059152243813,0.8761329062684295,0.8914300454466404
mv,x6,40768.0,0.4032,0.9861,-37.3515,11.9541,-11.121,-9.4427,10.8106,-0.3014,-0.9551,8.6141,18.2409,0.0065,0.7035,0.0041,0.4986,0.0061,0.6621,10.08,0.0,KNN,0.8980695406382482,0.8711810882348822,0.9008540870401593,0.8988255576873303,0.8988693189207266,0.8986838833408632,0.8969255712958012,0.8840343946587694,0.8985784462857649
mv,x6,40768.0,0.4032,0.9861,-37.3515,11.9541,-11.121,-9.4427,10.8106,-0.3014,-0.9551,8.6141,18.2409,0.0065,0.7035,0.0041,0.4986,0.0061,0.6621,10.08,0.0,RandomForest,0.9061861086149264,0.8821582535793759,0.9058565492905662,0.9058672866538493,0.9071618124241378,0.9058399098633749,0.9052523150804628,0.890866014049541,0.906848915087366
mv,x6,40768.0,0.4032,0.9861,-37.3515,11.9541,-11.121,-9.4427,10.8106,-0.3014,-0.9551,8.6141,18.2409,0.0065,0.7035,0.0041,0.4986,0.0061,0.6621,10.08,0.0,AdaBoost,0.8984643793029241,0.8830493173497898,0.905003802418263,0.9056280230423189,0.9060324246868806,0.9063859003862156,0.8999703631389318,0.8870772542335599,0.9059966914370239
mv,x6,40768.0,0.4032,0.9861,-37.3515,11.9541,-11.121,-9.4427,10.8106,-0.3014,-0.9551,8.6141,18.2409,0.0065,0.7035,0.0041,0.4986,0.0061,0.6621,10.08,0.0,SVC,0.8567662261779785,0.8335739107012377,0.86550415679689,0.8673908272684946,0.867515859312044,0.8673643063069341,0.8583773496775636,0.8528990094302064,0.8670875248776444
mv,x6,40768.0,0.3482,0.9852,-37.1942,12.3802,-11.0791,-9.2894,10.8074,-0.3167,-0.9483,8.5155,18.2496,0.005,0.6999,0.0029,0.4964,0.0044,0.6593,10.167,0.0,DecisionTree,0.9055346098921335,0.8768583076184215,0.9103072747419647,0.910879854569737,0.9106286054969919,0.9131645159167159,0.9040073310800971,0.8975511304859775,0.9132183956198011
mv,x6,40768.0,0.3482,0.9852,-37.1942,12.3802,-11.0791,-9.2894,10.8074,-0.3167,-0.9483,8.5155,18.2496,0.005,0.6999,0.0029,0.4964,0.0044,0.6593,10.167,0.0,LogisticRegression,0.9003800761512,0.8475087882735527,0.8996314903924554,0.9007504837301423,0.9010686095208773,0.9007511821047741,0.8993448196204051,0.8837135178828172,0.9005630022610268
mv,x6,40768.0,0.3482,0.9852,-37.1942,12.3802,-11.0791,-9.2894,10.8074,-0.3167,-0.9483,8.5155,18.2496,0.005,0.6999,0.0029,0.4964,0.0044,0.6593,10.167,0.0,KNN,0.9072092907193552,0.8804487576740329,0.910095705225535,0.9087385058464026,0.9089496671802718,0.9085840475123113,0.9063051760204431,0.8946695130216737,0.9086075465003545
mv,x6,40768.0,0.3482,0.9852,-37.1942,12.3802,-11.0791,-9.2894,10.8074,-0.3167,-0.9483,8.5155,18.2496,0.005,0.6999,0.0029,0.4964,0.0044,0.6593,10.167,0.0,RandomForest,0.9154973311246194,0.8885861765409934,0.9153574309104406,0.9161329019910494,0.9165976784511319,0.9161105433350302,0.9153215098542867,0.8996580467702264,0.9160134262648205
mv,x6,40768.0,0.3482,0.9852,-37.1942,12.3802,-11.0791,-9.2894,10.8074,-0.3167,-0.9483,8.5155,18.2496,0.005,0.6999,0.0029,0.4964,0.0044,0.6593,10.167,0.0,AdaBoost,0.907202862728371,0.8901343117527099,0.913950131175147,0.9157363367770465,0.915112342651655,0.9156373880765619,0.907700367810655,0.8954767256616916,0.9154291380597265
mv,x6,40768.0,0.3482,0.9852,-37.1942,12.3802,-11.0791,-9.2894,10.8074,-0.3167,-0.9483,8.5155,18.2496,0.005,0.6999,0.0029,0.4964,0.0044,0.6593,10.167,0.0,SVC,0.8640826308309365,0.8396096345758486,0.8728101066141158,0.8747544818915196,0.8746587801577042,0.8742008846901992,0.8660250136348409,0.8615268210046734,0.8744112000851259
mv,x6,40768.0,0.2989,0.9837,-37.3515,12.3802,-11.0819,-9.2651,10.8223,-0.3172,-0.9524,8.5372,18.3014,0.0073,0.7018,0.0042,0.5011,0.0063,0.6639,10.2378,0.0,DecisionTree,0.9084851522530701,0.8844200073696646,0.9168319486445025,0.9139632963743091,0.9163784446971961,0.9141266501523957,0.9055138032069939,0.9010285394732407,0.9139725045180596
mv,x6,40768.0,0.2989,0.9837,-37.3515,12.3802,-11.0819,-9.2651,10.8223,-0.3172,-0.9524,8.5372,18.3014,0.0073,0.7018,0.0042,0.5011,0.0063,0.6639,10.2378,0.0,LogisticRegression,0.9017709281471309,0.8573561116291586,0.902898315864148,0.9033092108804458,0.9034137999426779,0.9034589615158154,0.9003612523735702,0.8854657036469519,0.9028098486933855
mv,x6,40768.0,0.2989,0.9837,-37.3515,12.3802,-11.0819,-9.2651,10.8223,-0.3172,-0.9524,8.5372,18.3014,0.0073,0.7018,0.0042,0.5011,0.0063,0.6639,10.2378,0.0,KNN,0.9105965317436452,0.8851531993783925,0.9132585299988834,0.9113611237521949,0.9115202226590913,0.9107495209721815,0.91003988007451,0.8993934886697821,0.9109732198010201
mv,x6,40768.0,0.2989,0.9837,-37.3515,12.3802,-11.0819,-9.2651,10.8223,-0.3172,-0.9524,8.5372,18.3014,0.0073,0.7018,0.0042,0.5011,0.0063,0.6639,10.2378,0.0,RandomForest,0.9183075465963461,0.8943828098895107,0.9193228321966003,0.919594356200094,0.9194664679167267,0.9194702074908228,0.918795655512727,0.9035037406513602,0.9190486975958051
mv,x6,40768.0,0.2989,0.9837,-37.3515,12.3802,-11.0819,-9.2651,10.8223,-0.3172,-0.9524,8.5372,18.3014,0.0073,0.7018,0.0042,0.5011,0.0063,0.6639,10.2378,0.0,AdaBoost,0.9093446775655193,0.8939511088089025,0.916357948780937,0.9184978378639406,0.9180012614707533,0.9188980907462145,0.9135583873356992,0.9004172509438606,0.9184775238338345
mv,x6,40768.0,0.2989,0.9837,-37.3515,12.3802,-11.0819,-9.2651,10.8223,-0.3172,-0.9524,8.5372,18.3014,0.0073,0.7018,0.0042,0.5011,0.0063,0.6639,10.2378,0.0,SVC,0.869195936141637,0.8460746457518891,0.8780649073209963,0.8786101364667055,0.8789121451754691,0.8785279777987416,0.8708624854043885,0.8653675627127453,0.8789312588715832
mv,x6,40768.0,0.2514,0.9823,-37.3515,12.3802,-11.0899,-9.2898,10.8197,-0.3156,-0.9486,8.5334,18.2754,0.0078,0.6997,0.0049,0.4965,0.0074,0.6587,10.3013,0.0,DecisionTree,0.9162121987654345,0.8943223352681391,0.9249508788800446,0.9211490029753886,0.9215303238437981,0.9208897127977823,0.9139629755663651,0.9092966138650646,0.9230130765093564
mv,x6,40768.0,0.2514,0.9823,-37.3515,12.3802,-11.0899,-9.2898,10.8197,-0.3156,-0.9486,8.5334,18.2754,0.0078,0.6997,0.0049,0.4965,0.0074,0.6587,10.3013,0.0,LogisticRegression,0.9100120068317629,0.8690760034570176,0.9125574871974633,0.9123361432628063,0.9125874575037203,0.9123353634130222,0.9093063631122352,0.8966689145064202,0.9114103349422958
mv,x6,40768.0,0.2514,0.9823,-37.3515,12.3802,-11.0899,-9.2898,10.8197,-0.3156,-0.9486,8.5334,18.2754,0.0078,0.6997,0.0049,0.4965,0.0074,0.6587,10.3013,0.0,KNN,0.9204361303703299,0.8963393559886241,0.9241812153605061,0.9224533325634323,0.9225288710302517,0.9222903518349763,0.918978887965425,0.9091502348896658,0.9225220103735958
mv,x6,40768.0,0.2514,0.9823,-37.3515,12.3802,-11.0899,-9.2898,10.8197,-0.3156,-0.9486,8.5334,18.2754,0.0078,0.6997,0.0049,0.4965,0.0074,0.6587,10.3013,0.0,RandomForest,0.9269101542099258,0.904112000610414,0.9280392733631635,0.9276041941584924,0.9281035819778641,0.9278420888608558,0.9265739525856388,0.914118652331484,0.9275678978736797
mv,x6,40768.0,0.2514,0.9823,-37.3515,12.3802,-11.0899,-9.2898,10.8197,-0.3156,-0.9486,8.5334,18.2754,0.0078,0.6997,0.0049,0.4965,0.0074,0.6587,10.3013,0.0,AdaBoost,0.9175321606776827,0.9019166143164894,0.9266904710056112,0.9264688958239458,0.9260051766178063,0.9270247259635062,0.922058503103957,0.9094023766062356,0.9269698018224054
mv,x6,40768.0,0.2514,0.9823,-37.3515,12.3802,-11.0899,-9.2898,10.8197,-0.3156,-0.9486,8.5334,18.2754,0.0078,0.6997,0.0049,0.4965,0.0074,0.6587,10.3013,0.0,SVC,0.8793756688229808,0.8587785833242361,0.8858760834764349,0.8868808914439057,0.8870870976998583,0.8867184120600984,0.8808654710804685,0.8755856849135797,0.8876336544680471
mv,x6,40768.0,0.2009,0.9811,-37.3515,12.3802,-11.0413,-9.2164,10.7989,-0.3175,-0.9488,8.5176,18.2413,0.0048,0.6996,0.0027,0.4965,0.0041,0.6588,10.3649,0.0,DecisionTree,0.9221307648367456,0.8993026895989229,0.929222430306605,0.9301410116876512,0.9297516530955308,0.9309914446476,0.9220042273523104,0.9176681030552658,0.9310128432411591
mv,x6,40768.0,0.2009,0.9811,-37.3515,12.3802,-11.0413,-9.2164,10.7989,-0.3175,-0.9488,8.5176,18.2413,0.0048,0.6996,0.0027,0.4965,0.0041,0.6588,10.3649,0.0,LogisticRegression,0.9168786254617596,0.8823287240364951,0.919165503089604,0.9189855709757877,0.919048573599326,0.9190271660366565,0.9155718238062436,0.9019280521267309,0.9188337238420915
mv,x6,40768.0,0.2009,0.9811,-37.3515,12.3802,-11.0413,-9.2164,10.7989,-0.3175,-0.9488,8.5176,18.2413,0.0048,0.6996,0.0027,0.4965,0.0041,0.6588,10.3649,0.0,KNN,0.927517018514987,0.903667293757908,0.9309128664573401,0.9300990707280202,0.9298959862679873,0.9295751104619845,0.9272808185144528,0.9176976864947832,0.9297615977547034
mv,x6,40768.0,0.2009,0.9811,-37.3515,12.3802,-11.0413,-9.2164,10.7989,-0.3175,-0.9488,8.5176,18.2413,0.0048,0.6996,0.0027,0.4965,0.0041,0.6588,10.3649,0.0,RandomForest,0.9339637167128862,0.9109594425485578,0.9342328629255947,0.9343013016107107,0.9343284733703929,0.9340931580366942,0.9329896337329862,0.9227990021040895,0.9341201027283249
mv,x6,40768.0,0.2009,0.9811,-37.3515,12.3802,-11.0413,-9.2164,10.7989,-0.3175,-0.9488,8.5176,18.2413,0.0048,0.6996,0.0027,0.4965,0.0041,0.6588,10.3649,0.0,AdaBoost,0.9245743115894931,0.9045044936621506,0.932619720462606,0.9328283931528184,0.9337544902028196,0.93283172422355,0.9260096278214279,0.9167783151024921,0.933700333416039
mv,x6,40768.0,0.2009,0.9811,-37.3515,12.3802,-11.0413,-9.2164,10.7989,-0.3175,-0.9488,8.5176,18.2413,0.0048,0.6996,0.0027,0.4965,0.0041,0.6588,10.3649,0.0,SVC,0.8877439679896842,0.868032081095646,0.8921451544246232,0.8925219928607175,0.8925839207564454,0.8924775259585309,0.8887979798220995,0.8844241425799255,0.892524430700601
mv,x6,40768.0,0.1511,0.9804,-37.2849,12.3802,-11.0315,-9.218,10.7999,-0.3231,-0.9464,8.495,18.1872,0.0039,0.7018,0.0025,0.5012,0.0038,0.6643,10.4245,0.0,DecisionTree,0.9317958864061829,0.9079144505178105,0.9378579252261419,0.9382360373528968,0.9377781469540396,0.9383211489650796,0.9301003322989306,0.9288083047663442,0.9382938351374154
mv,x6,40768.0,0.1511,0.9804,-37.2849,12.3802,-11.0315,-9.218,10.7999,-0.3231,-0.9464,8.495,18.1872,0.0039,0.7018,0.0025,0.5012,0.0038,0.6643,10.4245,0.0,LogisticRegression,0.9196925090900816,0.8958599121106352,0.9260073761437022,0.9261068582909564,0.9261018135961224,0.9259375827380504,0.9152222813589352,0.9079019864363173,0.925809210545168
mv,x6,40768.0,0.1511,0.9804,-37.2849,12.3802,-11.0315,-9.218,10.7999,-0.3231,-0.9464,8.495,18.1872,0.0039,0.7018,0.0025,0.5012,0.0038,0.6643,10.4245,0.0,KNN,0.9340446768868003,0.9115714658848109,0.9357546416402996,0.9356653431955669,0.9357243266646488,0.9356666457047421,0.9337426892510123,0.9259841400655826,0.9357310405051372
mv,x6,40768.0,0.1511,0.9804,-37.2849,12.3802,-11.0315,-9.218,10.7999,-0.3231,-0.9464,8.495,18.1872,0.0039,0.7018,0.0025,0.5012,0.0038,0.6643,10.4245,0.0,RandomForest,0.9390695924919849,0.9178245232770355,0.9396463820733205,0.939749400083293,0.940038875735841,0.9395681449395002,0.9387758939602959,0.9309713663743752,0.9396750265756584
mv,x6,40768.0,0.1511,0.9804,-37.2849,12.3802,-11.0315,-9.218,10.7999,-0.3231,-0.9464,8.495,18.1872,0.0039,0.7018,0.0025,0.5012,0.0038,0.6643,10.4245,0.0,AdaBoost,0.9316300624174138,0.9133840422840976,0.9373021876582154,0.9378084323518162,0.9376940337601563,0.9379662864772496,0.9328905491186521,0.9276382986254997,0.938571531636448
mv,x6,40768.0,0.1511,0.9804,-37.2849,12.3802,-11.0315,-9.218,10.7999,-0.3231,-0.9464,8.495,18.1872,0.0039,0.7018,0.0025,0.5012,0.0038,0.6643,10.4245,0.0,SVC,0.8932555315816813,0.8773922828005983,0.8973108658615774,0.8973870671639171,0.8976753624826017,0.8975254214087489,0.8945594549960867,0.8900619049223137,0.8973288722956247
mv,x6,40768.0,0.1007,0.979,-37.3515,12.3802,-11.0351,-9.2147,10.7978,-0.3213,-0.9474,8.4956,18.2264,0.0071,0.7005,0.0044,0.4987,0.0067,0.6616,10.4801,0.0,DecisionTree,0.939695251138658,0.9268173940179377,0.9421198359700018,0.942147713465903,0.9428301952201521,0.9434634434127908,0.9363312465582512,0.9361354676754097,0.943463418741906
mv,x6,40768.0,0.1007,0.979,-37.3515,12.3802,-11.0351,-9.2147,10.7978,-0.3213,-0.9474,8.4956,18.2264,0.0071,0.7005,0.0044,0.4987,0.0067,0.6616,10.4801,0.0,LogisticRegression,0.918243261875548,0.9130251791059683,0.9327717563913843,0.9332594268904908,0.933296217080969,0.9332529253958238,0.9163076703496844,0.9162589442335202,0.9332511097666674
mv,x6,40768.0,0.1007,0.979,-37.3515,12.3802,-11.0351,-9.2147,10.7978,-0.3213,-0.9474,8.4956,18.2264,0.0071,0.7005,0.0044,0.4987,0.0067,0.6616,10.4801,0.0,KNN,0.9414419080697825,0.9241678391327677,0.9420615548659879,0.9421831050818598,0.9419524648632108,0.9420631869506013,0.941401715569419,0.938156952602674,0.9421253428748566
mv,x6,40768.0,0.1007,0.979,-37.3515,12.3802,-11.0351,-9.2147,10.7978,-0.3213,-0.9474,8.4956,18.2264,0.0071,0.7005,0.0044,0.4987,0.0067,0.6616,10.4801,0.0,RandomForest,0.9453533563377232,0.9297699205689123,0.9456293603041078,0.9461808106555554,0.9458823085238319,0.9457555806873854,0.9452449069280056,0.940386054147211,0.9459599098284288
mv,x6,40768.0,0.1007,0.979,-37.3515,12.3802,-11.0351,-9.2147,10.7978,-0.3213,-0.9474,8.4956,18.2264,0.0071,0.7005,0.0044,0.4987,0.0067,0.6616,10.4801,0.0,AdaBoost,0.9405323359530929,0.9248261908614002,0.9436568698978092,0.9445119977900153,0.9440264423037074,0.9443552553675926,0.9410141399383799,0.9374082562143519,0.9436135608041621
mv,x6,40768.0,0.1007,0.979,-37.3515,12.3802,-11.0351,-9.2147,10.7978,-0.3213,-0.9474,8.4956,18.2264,0.0071,0.7005,0.0044,0.4987,0.0067,0.6616,10.4801,0.0,SVC,0.9018636693226502,0.892598689708121,0.9044819331947863,0.9047258483346807,0.9046644370008807,0.904683064237589,0.9028090146826323,0.901014594009965,0.9047686986656456
mv,x6,40768.0,0.0494,0.9782,-37.3515,12.3802,-11.0418,-9.1915,10.8174,-0.3228,-0.9483,8.5012,18.2419,0.0066,0.7014,0.0041,0.5003,0.0061,0.6634,10.5344,0.0,DecisionTree,0.9487665219621698,0.9368637010193779,0.9515395503037661,0.9515362173777097,0.9516451814330416,0.9515781577949564,0.9497067883556722,0.948097724431622,0.951597417438468
mv,x6,40768.0,0.0494,0.9782,-37.3515,12.3802,-11.0418,-9.1915,10.8174,-0.3228,-0.9483,8.5012,18.2419,0.0066,0.7014,0.0041,0.5003,0.0061,0.6634,10.5344,0.0,LogisticRegression,0.9308411466745683,0.93454530855273,0.944413886063631,0.9443325446323968,0.9440623310890962,0.9441446757381818,0.9297705218331966,0.9307050482579042,0.9440618144399252
mv,x6,40768.0,0.0494,0.9782,-37.3515,12.3802,-11.0418,-9.1915,10.8174,-0.3228,-0.9483,8.5012,18.2419,0.0066,0.7014,0.0041,0.5003,0.0061,0.6634,10.5344,0.0,KNN,0.9490466752330935,0.9383694910834248,0.9503452422088894,0.9502450270002905,0.9503472291344826,0.9502862041354945,0.948841978337181,0.9463022079340128,0.9503681609398866
mv,x6,40768.0,0.0494,0.9782,-37.3515,12.3802,-11.0418,-9.1915,10.8174,-0.3228,-0.9483,8.5012,18.2419,0.0066,0.7014,0.0041,0.5003,0.0061,0.6634,10.5344,0.0,RandomForest,0.9530813838214947,0.9418735759898408,0.9535919180901707,0.9539420803201478,0.9536567406096681,0.9534940570633317,0.9530173018982536,0.9509576372985618,0.953513917101916
mv,x6,40768.0,0.0494,0.9782,-37.3515,12.3802,-11.0418,-9.1915,10.8174,-0.3228,-0.9483,8.5012,18.2419,0.0066,0.7014,0.0041,0.5003,0.0061,0.6634,10.5344,0.0,AdaBoost,0.9514865977517543,0.9377495291110838,0.9516359697180155,0.9515231309917889,0.9519240428714805,0.9520428337341303,0.9510557373470516,0.9478650458289815,0.952154971560616
mv,x6,40768.0,0.0494,0.9782,-37.3515,12.3802,-11.0418,-9.1915,10.8174,-0.3228,-0.9483,8.5012,18.2419,0.0066,0.7014,0.0041,0.5003,0.0061,0.6634,10.5344,0.0,SVC,0.9105436650246104,0.90395938875837,0.911675664816371,0.9116999203430167,0.9116590491796001,0.9116175089745688,0.9109235331963015,0.9092220771392697,0.9116403040951475
stars,L,240.0,0.4958,0.9174,0.0001,849420.0,108354.7633,0.0088,190979.0229,2.1473,4.411,0.0087,197999.9992,0.5752,0.6975,0.6953,0.7019,0.8783,0.8829,4.6769,0.0007,DecisionTree,0.985954246370913,0.982490320975984,0.985954246370913,0.985954246370913,0.985954246370913,0.985954246370913,1.0,1.0,0.985954246370913
stars,L,240.0,0.4958,0.9174,0.0001,849420.0,108354.7633,0.0088,190979.0229,2.1473,4.411,0.0087,197999.9992,0.5752,0.6975,0.6953,0.7019,0.8783,0.8829,4.6769,0.0007,LogisticRegression,0.975466581770272,0.9756699014493981,0.9717429642319994,0.9681585646664551,0.9647420185221217,0.9722059760544692,0.9722059760544692,0.9756699014493981,0.9756699014493981
stars,L,240.0,0.4958,0.9174,0.0001,849420.0,108354.7633,0.0088,190979.0229,2.1473,4.411,0.0087,197999.9992,0.5752,0.6975,0.6953,0.7019,0.8783,0.8829,4.6769,0.0007,KNN,0.9266365053334084,0.9160476012951856,0.9397968452651488,0.9264380038066055,0.9334673247942599,0.9194796059125351,0.9197257664909199,0.9160476012951856,0.9160476012951856
stars,L,240.0,0.4958,0.9174,0.0001,849420.0,108354.7633,0.0088,190979.0229,2.1473,4.411,0.0087,197999.9992,0.5752,0.6975,0.6953,0.7019,0.8783,0.8829,4.6769,0.0007,RandomForest,1.0,1.0,1.0,0.9965109427609428,0.9965109427609428,1.0,1.0,0.9859733245149912,1.0
stars,L,240.0,0.4958,0.9174,0.0001,849420.0,108354.7633,0.0088,190979.0229,2.1473,4.411,0.0087,197999.9992,0.5752,0.6975,0.6953,0.7019,0.8783,0.8829,4.6769,0.0007,AdaBoost,0.5197766027249723,0.5197766027249723,0.5197766027249723,0.5197766027249723,0.5197766027249723,0.5197766027249723,0.5197766027249723,0.5197766027249723,0.5197766027249723
stars,L,240.0,0.4958,0.9174,0.0001,849420.0,108354.7633,0.0088,190979.0229,2.1473,4.411,0.0087,197999.9992,0.5752,0.6975,0.6953,0.7019,0.8783,0.8829,4.6769,0.0007,SVC,0.9514510763175984,0.9514510763175984,0.9369112967483535,0.9403278428926869,0.9369112967483535,0.9403278428926869,0.9369112967483535,0.9514510763175984,0.9514510763175984
stars,L,240.0,0.3875,0.9116,0.0001,849420.0,114555.7983,0.039,190736.6631,2.0258,4.0282,0.0389,199999.999,0.5489,0.7009,0.6884,0.7243,0.8774,0.8982,4.8643,0.0005,DecisionTree,0.985954246370913,0.985954246370913,0.985954246370913,0.985954246370913,0.982490320975984,0.985954246370913,1.0,1.0,0.985954246370913
stars,L,240.0,0.3875,0.9116,0.0001,849420.0,114555.7983,0.039,190736.6631,2.0258,4.0282,0.0389,199999.999,0.5489,0.7009,0.6884,0.7243,0.8774,0.8982,4.8643,0.0005,LogisticRegression,0.9718007758146896,0.9615320621547488,0.9716578607461606,0.9716578607461606,0.9787933862786404,0.9684584047620951,0.9580515431052333,0.9615320621547488,0.9615320621547488
stars,L,240.0,0.3875,0.9116,0.0001,849420.0,114555.7983,0.039,190736.6631,2.0258,4.0282,0.0389,199999.999,0.5489,0.7009,0.6884,0.7243,0.8774,0.8982,4.8643,0.0005,KNN,0.9152970869172103,0.9006273813166866,0.9262082239341543,0.9299234573668206,0.9191554507175879,0.9191377424378312,0.9191377424378312,0.9006273813166866,0.9006273813166866
stars,L,240.0,0.3875,0.9116,0.0001,849420.0,114555.7983,0.039,190736.6631,2.0258,4.0282,0.0389,199999.999,0.5489,0.7009,0.6884,0.7243,0.8774,0.8982,4.8643,0.0005,RandomForest,0.9965316400939316,1.0,1.0,1.0,1.0,1.0,0.978968253968254,0.993073927101705,1.0
stars,L,240.0,0.3875,0.9116,0.0001,849420.0,114555.7983,0.039,190736.6631,2.0258,4.0282,0.0389,199999.999,0.5489,0.7009,0.6884,0.7243,0.8774,0.8982,4.8643,0.0005,AdaBoost,0.5197766027249723,0.5197766027249723,0.5197766027249723,0.5197766027249723,0.5197766027249723,0.5197766027249723,0.5197766027249723,0.5197766027249723,0.5197766027249723
stars,L,240.0,0.3875,0.9116,0.0001,849420.0,114555.7983,0.039,190736.6631,2.0258,4.0282,0.0389,199999.999,0.5489,0.7009,0.6884,0.7243,0.8774,0.8982,4.8643,0.0005,SVC,0.933324577723156,0.9370917692305041,0.9403278428926869,0.9403278428926869,0.9403278428926869,0.9369112967483535,0.9369112967483535,0.9370917692305041,0.9370917692305041
stars,L,240.0,0.4208,0.9281,0.0001,849420.0,109759.4767,0.013,185324.6902,2.0279,4.1301,0.0129,199999.9992,0.5816,0.7051,0.6827,0.687,0.8722,0.8794,4.831,0.0004,DecisionTree,0.985954246370913,0.985954246370913,0.985954246370913,0.985954246370913,0.982490320975984,0.985954246370913,1.0,1.0,0.985954246370913
stars,L,240.0,0.4208,0.9281,0.0001,849420.0,109759.4767,0.013,185324.6902,2.0279,4.1301,0.0129,199999.9992,0.5816,0.7051,0.6827,0.687,0.8722,0.8794,4.831,0.0004,LogisticRegression,0.9720026563753431,0.9722059760544692,0.9722164063419043,0.9681161203968222,0.9684192487761308,0.9722059760544692,0.9721706053696928,0.9722059760544692,0.9722059760544692
stars,L,240.0,0.4208,0.9281,0.0001,849420.0,109759.4767,0.013,185324.6902,2.0279,4.1301,0.0129,199999.9992,0.5816,0.7051,0.6827,0.687,0.8722,0.8794,4.831,0.0004,KNN,0.9182614889477044,0.9108077852440007,0.9369742990083978,0.94026890379902,0.9262157686626719,0.9222150003150089,0.9295434434767854,0.9108077852440007,0.9147647336453937
stars,L,240.0,0.4208,0.9281,0.0001,849420.0,109759.4767,0.013,185324.6902,2.0279,4.1301,0.0129,199999.9992,0.5816,0.7051,0.6827,0.687,0.8722,0.8794,4.831,0.0004,RandomForest,0.9965277777777778,0.9965109427609428,0.9860555112528797,1.0,0.9965277777777778,1.0,0.9930323440142261,0.9930323440142261,1.0
stars,L,240.0,0.4208,0.9281,0.0001,849420.0,109759.4767,0.013,185324.6902,2.0279,4.1301,0.0129,199999.9992,0.5816,0.7051,0.6827,0.687,0.8722,0.8794,4.831,0.0004,AdaBoost,0.5197766027249723,0.5197766027249723,0.5197766027249723,0.5197766027249723,0.5197766027249723,0.5197766027249723,0.5197766027249723,0.5197766027249723,0.5197766027249723
stars,L,240.0,0.4208,0.9281,0.0001,849420.0,109759.4767,0.013,185324.6902,2.0279,4.1301,0.0129,199999.9992,0.5816,0.7051,0.6827,0.687,0.8722,0.8794,4.831,0.0004,SVC,0.9477509403063419,0.9444751105621673,0.9403278428926869,0.9436036726368614,0.9369112967483535,0.940187126492528,0.940187126492528,0.9444751105621673,0.9444751105621673
stars,L,240.0,0.3708,0.894,0.0001,849420.0,114746.6167,0.013,193107.4882,2.0151,3.8651,0.0129,198099.9992,0.5362,0.7132,0.6893,0.7046,0.8748,0.8862,4.8635,0.0006,DecisionTree,0.985954246370913,0.985954246370913,0.985954246370913,0.985954246370913,0.985954246370913,0.985954246370913,1.0,1.0,0.985954246370913
stars,L,240.0,0.3708,0.894,0.0001,849420.0,114746.6167,0.013,193107.4882,2.0151,3.8651,0.0129,198099.9992,0.5362,0.7132,0.6893,0.7046,0.8748,0.8862,4.8635,0.0006,LogisticRegression,0.9754616510843378,0.9722059760544692,0.9754365192402096,0.9716990553576811,0.9751983514373865,0.9789255764792667,0.9756699014493981,0.9722059760544692,0.9722059760544692
stars,L,240.0,0.3708,0.894,0.0001,849420.0,114746.6167,0.013,193107.4882,2.0151,3.8651,0.0129,198099.9992,0.5362,0.7132,0.6893,0.7046,0.8748,0.8862,4.8635,0.0006,KNN,0.9226412641973627,0.9188652048657479,0.9404423459082549,0.9225209892686587,0.933043493927319,0.9300313799532839,0.9333486801639665,0.9188652048657479,0.9188652048657479
stars,L,240.0,0.3708,0.894,0.0001,849420.0,114746.6167,0.013,193107.4882,2.0151,3.8651,0.0129,198099.9992,0.5362,0.7132,0.6893,0.7046,0.8748,0.8862,4.8635,0.0006,RandomForest,1.0,1.0,1.0,1.0,1.0,1.0,0.9895562594758501,0.9965316400939316,1.0
stars,L,240.0,0.3708,0.894,0.0001,849420.0,114746.6167,0.013,193107.4882,2.0151,3.8651,0.0129,198099.9992,0.5362,0.7132,0.6893,0.7046,0.8748,0.8862,4.8635,0.0006,AdaBoost,0.5197766027249723,0.5197766027249723,0.5197766027249723,0.5197766027249723,0.5197766027249723,0.5197766027249723,0.5197766027249723,0.5197766027249723,0.5197766027249723
stars,L,240.0,0.3708,0.894,0.0001,849420.0,114746.6167,0.013,193107.4882,2.0151,3.8651,0.0129,198099.9992,0.5362,0.7132,0.6893,0.7046,0.8748,0.8862,4.8635,0.0006,SVC,0.940187126492528,0.940187126492528,0.9369112967483535,0.9369112967483535,0.9369112967483535,0.9369112967483535,0.9369112967483535,0.940187126492528,0.940187126492528
stars,L,240.0,0.3292,0.9193,0.0001,849420.0,104951.4369,0.013,180217.1806,2.1342,4.7142,0.0129,187999.9991,0.5749,0.6959,0.7085,0.719,0.8876,0.8991,4.9662,0.0004,DecisionTree,0.985954246370913,0.985954246370913,0.985954246370913,0.985954246370913,0.982490320975984,0.985954246370913,1.0,1.0,0.985954246370913
stars,L,240.0,0.3292,0.9193,0.0001,849420.0,104951.4369,0.013,180217.1806,2.1342,4.7142,0.0129,187999.9991,0.5749,0.6959,0.7085,0.719,0.8876,0.8991,4.9662,0.0004,LogisticRegression,0.9754616510843378,0.9653362030556639,0.9716990553576811,0.9716990553576811,0.9751881125967383,0.9752234832815148,0.9685528191755058,0.9653362030556639,0.9653362030556639
stars,L,240.0,0.3292,0.9193,0.0001,849420.0,104951.4369,0.013,180217.1806,2.1342,4.7142,0.0129,187999.9991,0.5749,0.6959,0.7085,0.719,0.8876,0.8991,4.9662,0.0004,KNN,0.9187802649723789,0.918608681553669,0.9369765093820736,0.9335242484615731,0.926324870640157,0.9223545764633571,0.9263649012722929,0.918608681553669,0.9223545764633571
stars,L,240.0,0.3292,0.9193,0.0001,849420.0,104951.4369,0.013,180217.1806,2.1342,4.7142,0.0129,187999.9991,0.5749,0.6959,0.7085,0.719,0.8876,0.8991,4.9662,0.0004,RandomForest,1.0,1.0,1.0,0.9965277777777778,0.9930364774114774,1.0,0.9930555555555556,0.9965160867938646,1.0
stars,L,240.0,0.3292,0.9193,0.0001,849420.0,104951.4369,0.013,180217.1806,2.1342,4.7142,0.0129,187999.9991,0.5749,0.6959,0.7085,0.719,0.8876,0.8991,4.9662,0.0004,AdaBoost,0.5197766027249723,0.5197766027249723,0.5197766027249723,0.5197766027249723,0.5197766027249723,0.5197766027249723,0.5197766027249723,0.5197766027249723,0.5197766027249723
stars,L,240.0,0.3292,0.9193,0.0001,849420.0,104951.4369,0.013,180217.1806,2.1342,4.7142,0.0129,187999.9991,0.5749,0.6959,0.7085,0.719,0.8876,0.8991,4.9662,0.0004,SVC,0.9436132281159731,0.940187126492528,0.9514163999371262,0.9403278428926869,0.9403278428926869,0.9369112967483535,0.9444751105621673,0.940187126492528,0.940187126492528
stars,L,240.0,0.2333,0.8967,0.0001,834042.0,111896.049,0.0705,183675.4875,1.9357,3.6563,0.0704,199999.9992,0.5433,0.7114,0.6937,0.7009,0.8824,0.8874,5.0614,0.0004,DecisionTree,0.985954246370913,0.979026336318003,0.985954246370913,0.985954246370913,0.985954246370913,0.985954246370913,1.0,1.0,0.985954246370913
stars,L,240.0,0.2333,0.8967,0.0001,834042.0,111896.049,0.0705,183675.4875,1.9357,3.6563,0.0704,199999.9992,0.5433,0.7114,0.6937,0.7009,0.8824,0.8874,5.0614,0.0004,LogisticRegression,0.9789255764792667,0.9789255764792667,0.9717241872018093,0.9717241872018093,0.9682654058398021,0.9786962678069309,0.9752234832815148,0.9789255764792667,0.9789255764792667
stars,L,240.0,0.2333,0.8967,0.0001,834042.0,111896.049,0.0705,183675.4875,1.9357,3.6563,0.0704,199999.9992,0.5433,0.7114,0.6937,0.7009,0.8824,0.8874,5.0614,0.0004,KNN,0.9224809376146224,0.9119590530020691,0.9332996087972782,0.9296940374139291,0.9404423459082549,0.9225304523700194,0.9332996087972782,0.9119590530020691,0.9119590530020691
stars,L,240.0,0.2333,0.8967,0.0001,834042.0,111896.049,0.0705,183675.4875,1.9357,3.6563,0.0704,199999.9992,0.5433,0.7114,0.6937,0.7009,0.8824,0.8874,5.0614,0.0004,RandomForest,0.9965316400939316,1.0,1.0,0.9965277777777778,1.0,1.0,1.0,0.9930323440142261,1.0
stars,L,240.0,0.2333,0.8967,0.0001,834042.0,111896.049,0.0705,183675.4875,1.9357,3.6563,0.0704,199999.9992,0.5433,0.7114,0.6937,0.7009,0.8824,0.8874,5.0614,0.0004,AdaBoost,0.5197766027249723,0.5197766027249723,0.5197766027249723,0.5197766027249723,0.5197766027249723,0.5197766027249723,0.5197766027249723,0.5197766027249723,0.5197766027249723
stars,L,240.0,0.2333,0.8967,0.0001,834042.0,111896.049,0.0705,183675.4875,1.9357,3.6563,0.0704,199999.9992,0.5433,0.7114,0.6937,0.7009,0.8824,0.8874,5.0614,0.0004,SVC,0.9436036726368614,0.9436036726368614,0.9369112967483535,0.940187126492528,0.9369112967483535,0.9436036726368614,0.9436036726368614,0.9436036726368614,0.9436036726368614
stars,L,240.0,0.1958,0.886,0.0001,834042.0,101316.8183,0.0085,179459.557,2.1347,4.5091,0.0084,187999.9992,0.508,0.6902,0.6974,0.7001,0.8839,0.8859,5.0948,0.0004,DecisionTree,0.985954246370913,0.985954246370913,0.985954246370913,0.985954246370913,0.982490320975984,0.985954246370913,1.0,1.0,0.985954246370913
stars,L,240.0,0.1958,0.886,0.0001,834042.0,101316.8183,0.0085,179459.557,2.1347,4.5091,0.0084,187999.9992,0.508,0.6902,0.6974,0.7001,0.8839,0.8859,5.0948,0.0004,LogisticRegression,0.9754616510843378,0.9722059760544692,0.9751881125967383,0.9682655979768553,0.9716990553576811,0.9786874086764438,0.9754262803995614,0.9722059760544692,0.9722059760544692
stars,L,240.0,0.1958,0.886,0.0001,834042.0,101316.8183,0.0085,179459.557,2.1347,4.5091,0.0084,187999.9992,0.508,0.6902,0.6974,0.7001,0.8839,0.8859,5.0948,0.0004,KNN,0.9332996087972782,0.9332996087972782,0.9368145166901479,0.9332996087972782,0.9369964706837952,0.9332996087972782,0.9332996087972782,0.9332996087972782,0.9332996087972782
stars,L,240.0,0.1958,0.886,0.0001,834042.0,101316.8183,0.0085,179459.557,2.1347,4.5091,0.0084,187999.9992,0.508,0.6902,0.6974,0.7001,0.8839,0.8859,5.0948,0.0004,RandomForest,1.0,1.0,1.0,0.9965109427609428,1.0,1.0,0.9930555555555556,0.9965316400939316,1.0
stars,L,240.0,0.1958,0.886,0.0001,834042.0,101316.8183,0.0085,179459.557,2.1347,4.5091,0.0084,187999.9992,0.508,0.6902,0.6974,0.7001,0.8839,0.8859,5.0948,0.0004,AdaBoost,0.5197766027249723,0.5197766027249723,0.5197766027249723,0.5197766027249723,0.5197766027249723,0.5197766027249723,0.5197766027249723,0.5197766027249723,0.5197766027249723
stars,L,240.0,0.1958,0.886,0.0001,834042.0,101316.8183,0.0085,179459.557,2.1347,4.5091,0.0084,187999.9992,0.508,0.6902,0.6974,0.7001,0.8839,0.8859,5.0948,0.0004,SVC,0.9436036726368614,0.9436036726368614,0.9403278428926869,0.9403278428926869,0.9403278428926869,0.9403278428926869,0.9436036726368614,0.9436036726368614,0.9436036726368614
stars,L,240.0,0.1333,0.8846,0.0001,813000.0,102058.3626,0.119,161749.552,1.9116,4.0105,0.1189,198049.9991,0.5182,0.7072,0.6951,0.7035,0.8846,0.8908,5.1605,0.0003,DecisionTree,0.985954246370913,0.985954246370913,0.985954246370913,0.985954246370913,0.982490320975984,0.985954246370913,1.0,1.0,0.985954246370913
stars,L,240.0,0.1333,0.8846,0.0001,813000.0,102058.3626,0.119,161749.552,1.9116,4.0105,0.1189,198049.9991,0.5182,0.7072,0.6951,0.7035,0.8846,0.8908,5.1605,0.0003,LogisticRegression,0.9752234832815148,0.9752234832815148,0.9786874086764438,0.9752286273144366,0.9752286273144366,0.9786874086764438,0.9786874086764438,0.9752234832815148,0.9752234832815148
stars,L,240.0,0.1333,0.8846,0.0001,813000.0,102058.3626,0.119,161749.552,1.9116,4.0105,0.1189,198049.9991,0.5182,0.7072,0.6951,0.7035,0.8846,0.8908,5.1605,0.0003,KNN,0.9333707142995338,0.9330688169674367,0.9402644724088842,0.936784050400103,0.936784050400103,0.936784050400103,0.936784050400103,0.9330688169674367,0.9330688169674367
stars,L,240.0,0.1333,0.8846,0.0001,813000.0,102058.3626,0.119,161749.552,1.9116,4.0105,0.1189,198049.9991,0.5182,0.7072,0.6951,0.7035,0.8846,0.8908,5.1605,0.0003,RandomForest,1.0,1.0,1.0,1.0,1.0,0.9965109427609428,0.9965316400939316,1.0,1.0
stars,L,240.0,0.1333,0.8846,0.0001,813000.0,102058.3626,0.119,161749.552,1.9116,4.0105,0.1189,198049.9991,0.5182,0.7072,0.6951,0.7035,0.8846,0.8908,5.1605,0.0003,AdaBoost,0.5197766027249723,0.5197766027249723,0.5197766027249723,0.5197766027249723,0.5197766027249723,0.5197766027249723,0.5197766027249723,0.5197766027249723,0.5197766027249723
stars,L,240.0,0.1333,0.8846,0.0001,813000.0,102058.3626,0.119,161749.552,1.9116,4.0105,0.1189,198049.9991,0.5182,0.7072,0.6951,0.7035,0.8846,0.8908,5.1605,0.0003,SVC,0.9479520336028694,0.9514510763175984,0.9369112967483535,0.9444751105621673,0.9444751105621673,0.944215510322021,0.944215510322021,0.9514510763175984,0.9514510763175984
stars,L,240.0,0.1458,0.878,0.0001,849420.0,110173.5049,0.085,183450.0412,2.048,4.2602,0.0849,199999.9991,0.5096,0.6826,0.687,0.7016,0.8785,0.8865,5.1366,0.0004,DecisionTree,0.985954246370913,0.985954246370913,0.985954246370913,0.985954246370913,0.982490320975984,0.985954246370913,1.0,1.0,0.985954246370913
stars,L,240.0,0.1458,0.878,0.0001,849420.0,110173.5049,0.085,183450.0412,2.048,4.2602,0.0849,199999.9991,0.5096,0.6826,0.687,0.7016,0.8785,0.8865,5.1366,0.0004,LogisticRegression,0.9789344356097539,0.9722059760544692,0.9611050692945875,0.957374745002669,0.9611050692945875,0.9645385266754133,0.9647766944782362,0.9722059760544692,0.9722059760544692
stars,L,240.0,0.1458,0.878,0.0001,849420.0,110173.5049,0.085,183450.0412,2.048,4.2602,0.0849,199999.9991,0.5096,0.6826,0.687,0.7016,0.8785,0.8865,5.1366,0.0004,KNN,0.915597600687092,0.9083562707091528,0.9188284812658057,0.9188284812658057,0.9188284812658057,0.9154682160520923,0.9261926165160966,0.9083562707091528,0.9116921567204774
stars,L,240.0,0.1458,0.878,0.0001,849420.0,110173.5049,0.085,183450.0412,2.048,4.2602,0.0849,199999.9991,0.5096,0.6826,0.687,0.7016,0.8785,0.8865,5.1366,0.0004,RandomForest,0.9965316400939316,0.9930594178717094,0.9965109427609428,0.9965109427609428,0.9965109427609428,0.9965109427609428,0.9965109427609428,0.9894494090533672,0.9965316400939316
stars,L,240.0,0.1458,0.878,0.0001,849420.0,110173.5049,0.085,183450.0412,2.048,4.2602,0.0849,199999.9991,0.5096,0.6826,0.687,0.7016,0.8785,0.8865,5.1366,0.0004,AdaBoost,0.5197766027249723,0.5197766027249723,0.5197766027249723,0.5197766027249723,0.5197766027249723,0.5197766027249723,0.5197766027249723,0.5197766027249723,0.5197766027249723
stars,L,240.0,0.1458,0.878,0.0001,849420.0,110173.5049,0.085,183450.0412,2.048,4.2602,0.0849,199999.9991,0.5096,0.6826,0.687,0.7016,0.8785,0.8865,5.1366,0.0004,SVC,0.940187126492528,0.9370917692305041,0.940187126492528,0.940187126492528,0.940187126492528,0.940187126492528,0.9369112967483535,0.9370917692305041,0.9370917692305041
stars,L,240.0,0.0375,0.8701,0.0001,849420.0,109814.748,0.357,181413.9361,2.0154,4.1232,0.3569,199999.9991,0.5254,0.6909,0.7088,0.7097,0.8931,0.8931,5.247,0.0003,DecisionTree,0.9790098019264686,0.982490320975984,0.982490320975984,0.9790098019264686,0.982490320975984,0.9790098019264686,1.0,1.0,0.9790098019264686
stars,L,240.0,0.0375,0.8701,0.0001,849420.0,109814.748,0.357,181413.9361,2.0154,4.1232,0.3569,199999.9991,0.5254,0.6909,0.7088,0.7097,0.8931,0.8931,5.247,0.0003,LogisticRegression,0.9786874086764438,0.971937223160504,0.9786874086764438,0.9786874086764438,0.9786874086764438,0.9786874086764438,0.9786874086764438,0.971937223160504,0.971937223160504
stars,L,240.0,0.0375,0.8701,0.0001,849420.0,109814.748,0.357,181413.9361,2.0154,4.1232,0.3569,199999.9991,0.5254,0.6909,0.7088,0.7097,0.8931,0.8931,5.247,0.0003,KNN,0.9296773437842968,0.933122008687295,0.933122008687295,0.933122008687295,0.933122008687295,0.933122008687295,0.9259792715763183,0.933122008687295,0.933122008687295
stars,L,240.0,0.0375,0.8701,0.0001,849420.0,109814.748,0.357,181413.9361,2.0154,4.1232,0.3569,199999.9991,0.5254,0.6909,0.7088,0.7097,0.8931,0.8931,5.247,0.0003,RandomForest,0.9965109427609428,1.0,1.0,1.0,1.0,1.0,1.0,1.0,1.0
stars,L,240.0,0.0375,0.8701,0.0001,849420.0,109814.748,0.357,181413.9361,2.0154,4.1232,0.3569,199999.9991,0.5254,0.6909,0.7088,0.7097,0.8931,0.8931,5.247,0.0003,AdaBoost,0.5197766027249723,0.5197766027249723,0.5197766027249723,0.5197766027249723,0.5197766027249723,0.5197766027249723,0.5197766027249723,0.5197766027249723,0.5197766027249723
stars,L,240.0,0.0375,0.8701,0.0001,849420.0,109814.748,0.357,181413.9361,2.0154,4.1232,0.3569,199999.9991,0.5254,0.6909,0.7088,0.7097,0.8931,0.8931,5.247,0.0003,SVC,0.9369112967483535,0.9369112967483535,0.9369112967483535,0.9369112967483535,0.9369112967483535,0.9369112967483535,0.940187126492528,0.9369112967483535,0.9369112967483535
stars,R,240.0,0.45,0.947,0.0084,1783.0,210.4718,0.535,486.5105,2.1079,2.7219,0.5254,29.1488,0.5247,0.5981,0.6856,0.7057,0.8559,0.8882,4.8093,0.0003,DecisionTree,1.0,1.0,0.982618015858381,1.0,0.9859861393731629,1.0,1.0,1.0,1.0
stars,R,240.0,0.45,0.947,0.0084,1783.0,210.4718,0.535,486.5105,2.1079,2.7219,0.5254,29.1488,0.5247,0.5981,0.6856,0.7057,0.8559,0.8882,4.8093,0.0003,LogisticRegression,0.9483477710495445,0.9447299786079588,0.9786874086764438,0.9786874086764438,0.9651340781100157,0.9309019806484757,0.9377999061494484,0.9382155804845081,0.9199661774752355
stars,R,240.0,0.45,0.947,0.0084,1783.0,210.4718,0.535,486.5105,2.1079,2.7219,0.5254,29.1488,0.5247,0.5981,0.6856,0.7057,0.8559,0.8882,4.8093,0.0003,KNN,0.8619029097286545,0.8598203783681876,0.9298404637756331,0.9226433855649937,0.922514632977002,0.8761959147956275,0.8801961850623418,0.8749099649815303,0.8442542694811312
stars,R,240.0,0.45,0.947,0.0084,1783.0,210.4718,0.535,486.5105,2.1079,2.7219,0.5254,29.1488,0.5247,0.5981,0.6856,0.7057,0.8559,0.8882,4.8093,0.0003,RandomForest,0.982608628064546,0.9793445111150842,0.9965277777777778,0.9930364774114774,0.9930654565190523,0.9689322488297867,0.9722746092669855,0.9655096635274556,0.9788539829512053
stars,R,240.0,0.45,0.947,0.0084,1783.0,210.4718,0.535,486.5105,2.1079,2.7219,0.5254,29.1488,0.5247,0.5981,0.6856,0.7057,0.8559,0.8882,4.8093,0.0003,AdaBoost,0.3548616179123842,0.3548616179123842,0.44453490847169014,0.3548616179123842,0.35333040153578005,0.3548616179123842,0.3548616179123842,0.3548616179123842,0.3548616179123842
stars,R,240.0,0.45,0.947,0.0084,1783.0,210.4718,0.535,486.5105,2.1079,2.7219,0.5254,29.1488,0.5247,0.5981,0.6856,0.7057,0.8559,0.8882,4.8093,0.0003,SVC,0.892076273300981,0.8930496271202857,0.9403278428926869,0.9403278428926869,0.9336210894873256,0.8864228591697084,0.9001307077277927,0.8786517529040143,0.8788403731803898
stars,R,240.0,0.4583,0.9615,0.0087,1948.5,272.9249,0.8825,551.8037,1.7145,1.2095,0.8733,44.887,0.5759,0.6258,0.703,0.7051,0.87,0.8897,4.8142,0.0002,DecisionTree,1.0,1.0,0.9895254903478587,1.0,1.0,1.0,1.0,1.0,1.0
stars,R,240.0,0.4583,0.9615,0.0087,1948.5,272.9249,0.8825,551.8037,1.7145,1.2095,0.8733,44.887,0.5759,0.6258,0.703,0.7051,0.87,0.8897,4.8142,0.0002,LogisticRegression,0.9061360257352674,0.9197339999558408,0.9786874086764438,0.9786874086764438,0.9786874086764438,0.9174484784555756,0.9237272295025765,0.920132367113093,0.9164395024735413
stars,R,240.0,0.4583,0.9615,0.0087,1948.5,272.9249,0.8825,551.8037,1.7145,1.2095,0.8733,44.887,0.5759,0.6258,0.703,0.7051,0.87,0.8897,4.8142,0.0002,KNN,0.8448295944465257,0.8576092323400509,0.9335173643604284,0.9298404637756331,0.9299034814362007,0.8785708972721726,0.8935438751943481,0.8551732530133265,0.8423411376492593
stars,R,240.0,0.4583,0.9615,0.0087,1948.5,272.9249,0.8825,551.8037,1.7145,1.2095,0.8733,44.887,0.5759,0.6258,0.703,0.7051,0.87,0.8897,4.8142,0.0002,RandomForest,0.9826341905735677,0.9825000042914624,1.0,1.0,0.9965277777777778,0.9793377100527793,0.9511653712172594,0.9792357551170203,0.9861372312620227
stars,R,240.0,0.4583,0.9615,0.0087,1948.5,272.9249,0.8825,551.8037,1.7145,1.2095,0.8733,44.887,0.5759,0.6258,0.703,0.7051,0.87,0.8897,4.8142,0.0002,AdaBoost,0.3548616179123842,0.3548616179123842,0.3548616179123842,0.3548616179123842,0.3548616179123842,0.3548616179123842,0.3548616179123842,0.3548616179123842,0.3548616179123842
stars,R,240.0,0.4583,0.9615,0.0087,1948.5,272.9249,0.8825,551.8037,1.7145,1.2095,0.8733,44.887,0.5759,0.6258,0.703,0.7051,0.87,0.8897,4.8142,0.0002,SVC,0.8724379346709868,0.8768725251556784,0.9403278428926869,0.9403278428926869,0.9403278428926869,0.8962759530254334,0.9100979804315723,0.8727038496575555,0.8775006639782617
stars,R,240.0,0.4458,0.9549,0.0087,1783.0,181.4893,0.47,471.7727,2.4761,4.3827,0.4596,25.9002,0.5509,0.5952,0.6843,0.7326,0.8427,0.9051,4.8239,0.0003,DecisionTree,1.0,1.0,0.985949235949236,0.9965316400939316,0.9965316400939316,1.0,1.0,1.0,1.0
stars,R,240.0,0.4458,0.9549,0.0087,1783.0,181.4893,0.47,471.7727,2.4761,4.3827,0.4596,25.9002,0.5509,0.5952,0.6843,0.7326,0.8427,0.9051,4.8239,0.0003,LogisticRegression,0.919761381903715,0.9376673420225705,0.9652127288056778,0.9786874086764438,0.9651512169846814,0.9273347677997437,0.9341995632051754,0.9408927272406239,0.9272253621008879
stars,R,240.0,0.4458,0.9549,0.0087,1783.0,181.4893,0.47,471.7727,2.4761,4.3827,0.4596,25.9002,0.5509,0.5952,0.6843,0.7326,0.8427,0.9051,4.8239,0.0003,KNN,0.8534519429515642,0.8685621297225468,0.9227466002515418,0.9259792715763183,0.9225563473290612,0.845990732721802,0.8610211291139702,0.846096652719812,0.8681675138174032
stars,R,240.0,0.4458,0.9549,0.0087,1783.0,181.4893,0.47,471.7727,2.4761,4.3827,0.4596,25.9002,0.5509,0.5952,0.6843,0.7326,0.8427,0.9051,4.8239,0.0003,RandomForest,0.9895820516165653,0.9861342395878355,0.9965109427609428,1.0,0.9930447591860636,0.9895871956494872,0.972058344334404,0.9793307995544244,0.9861472122885167
stars,R,240.0,0.4458,0.9549,0.0087,1783.0,181.4893,0.47,471.7727,2.4761,4.3827,0.4596,25.9002,0.5509,0.5952,0.6843,0.7326,0.8427,0.9051,4.8239,0.0003,AdaBoost,0.3548616179123842,0.3548616179123842,0.3548616179123842,0.35286656796150756,0.35286656796150756,0.3548616179123842,0.3548616179123842,0.3548616179123842,0.3548616179123842
stars,R,240.0,0.4458,0.9549,0.0087,1783.0,181.4893,0.47,471.7727,2.4761,4.3827,0.4596,25.9002,0.5509,0.5952,0.6843,0.7326,0.8427,0.9051,4.8239,0.0003,SVC,0.8395595975287875,0.8581703765338318,0.9376859496067913,0.9369112967483535,0.9445480000239102,0.8716806225085807,0.8719194035151538,0.8389647715811389,0.8615212037443081
stars,R,240.0,0.3208,0.9448,0.0087,1948.5,266.2636,0.795,539.9881,1.7477,1.3366,0.7858,64.4032,0.5372,0.638,0.6793,0.6926,0.8605,0.8832,5.014,0.0002,DecisionTree,1.0,1.0,0.9895490030030765,1.0,0.9725315523624702,1.0,1.0,1.0,1.0
stars,R,240.0,0.3208,0.9448,0.0087,1948.5,266.2636,0.795,539.9881,1.7477,1.3366,0.7858,64.4032,0.5372,0.638,0.6793,0.6926,0.8605,0.8832,5.014,0.0002,LogisticRegression,0.937868790804004,0.9439021461349553,0.9685096354598774,0.9786874086764438,0.9752452489842841,0.954502528263115,0.951252681944842,0.9482983669706226,0.9439021461349553
stars,R,240.0,0.3208,0.9448,0.0087,1948.5,266.2636,0.795,539.9881,1.7477,1.3366,0.7858,64.4032,0.5372,0.638,0.6793,0.6926,0.8605,0.8832,5.014,0.0002,KNN,0.8793105735501165,0.8697308353992975,0.9335173643604284,0.9335173643604284,0.9335173643604284,0.8972937367087095,0.8980679958851251,0.8829245501207901,0.8799999399393397
stars,R,240.0,0.3208,0.9448,0.0087,1948.5,266.2636,0.795,539.9881,1.7477,1.3366,0.7858,64.4032,0.5372,0.638,0.6793,0.6926,0.8605,0.8832,5.014,0.0002,RandomForest,0.989688014657444,0.9896133958633959,1.0,1.0,1.0,0.9826029126089513,0.9791992705334341,0.9827245588649755,0.9965338164251207
stars,R,240.0,0.3208,0.9448,0.0087,1948.5,266.2636,0.795,539.9881,1.7477,1.3366,0.7858,64.4032,0.5372,0.638,0.6793,0.6926,0.8605,0.8832,5.014,0.0002,AdaBoost,0.3548616179123842,0.3548616179123842,0.3548616179123842,0.3548616179123842,0.350981780013133,0.3548616179123842,0.3548616179123842,0.3548616179123842,0.3548616179123842
stars,R,240.0,0.3208,0.9448,0.0087,1948.5,266.2636,0.795,539.9881,1.7477,1.3366,0.7858,64.4032,0.5372,0.638,0.6793,0.6926,0.8605,0.8832,5.014,0.0002,SVC,0.9167373856718335,0.8994307873568841,0.9334431943300286,0.9369112967483535,0.9369112967483535,0.9062398621243319,0.9094490372085071,0.8910332642474308,0.9028208709889032
stars,R,240.0,0.2708,0.9257,0.0084,1948.5,244.9868,1.12,524.0443,1.9086,1.9281,1.1111,51.39,0.5031,0.5926,0.7081,0.7205,0.8906,0.8909,5.0618,0.0003,DecisionTree,1.0,1.0,0.9756366014589699,1.0,1.0,1.0,1.0,1.0,1.0
stars,R,240.0,0.2708,0.9257,0.0084,1948.5,244.9868,1.12,524.0443,1.9086,1.9281,1.1111,51.39,0.5031,0.5926,0.7081,0.7205,0.8906,0.8909,5.0618,0.0003,LogisticRegression,0.9451971304184452,0.9276417932666563,0.9752452489842841,0.9786874086764438,0.9719895739544155,0.9652354255397761,0.9448821483326298,0.9243139315391191,0.9209820011238554
stars,R,240.0,0.2708,0.9257,0.0084,1948.5,244.9868,1.12,524.0443,1.9086,1.9281,1.1111,51.39,0.5031,0.5926,0.7081,0.7205,0.8906,0.8909,5.0618,0.0003,KNN,0.8665473130352384,0.8792543949057483,0.9296561721611136,0.9296561721611136,0.9296561721611136,0.907322963459058,0.9006653176159647,0.8503626093498465,0.8696452198392854
stars,R,240.0,0.2708,0.9257,0.0084,1948.5,244.9868,1.12,524.0443,1.9086,1.9281,1.1111,51.39,0.5031,0.5926,0.7081,0.7205,0.8906,0.8909,5.0618,0.0003,RandomForest,0.9724433142776054,0.9793836389181526,1.0,1.0,1.0,0.9861266644111782,0.979246937797285,0.9724616858237548,0.9724433142776054
stars,R,240.0,0.2708,0.9257,0.0084,1948.5,244.9868,1.12,524.0443,1.9086,1.9281,1.1111,51.39,0.5031,0.5926,0.7081,0.7205,0.8906,0.8909,5.0618,0.0003,AdaBoost,0.3548616179123842,0.3548616179123842,0.4905200487916258,0.3548616179123842,0.3548616179123842,0.3548616179123842,0.3548616179123842,0.3548616179123842,0.3548616179123842
stars,R,240.0,0.2708,0.9257,0.0084,1948.5,244.9868,1.12,524.0443,1.9086,1.9281,1.1111,51.39,0.5031,0.5926,0.7081,0.7205,0.8906,0.8909,5.0618,0.0003,SVC,0.8951926772897496,0.899767272192302,0.940187126492528,0.940187126492528,0.940187126492528,0.9310992751860652,0.9138950479915398,0.8865959574027071,0.8669054473893438
stars,R,240.0,0.2708,0.9371,0.0088,1948.5,250.4363,0.91,525.6803,1.8433,1.6642,0.9006,56.8935,0.4794,0.6099,0.6833,0.7036,0.8749,0.8753,5.0747,0.0002,DecisionTree,1.0,1.0,1.0,0.996496269409155,0.9931933421516755,1.0,1.0,1.0,1.0
stars,R,240.0,0.2708,0.9371,0.0088,1948.5,250.4363,0.91,525.6803,1.8433,1.6642,0.9006,56.8935,0.4794,0.6099,0.6833,0.7036,0.8749,0.8753,5.0747,0.0002,LogisticRegression,0.947754461919265,0.9477570462024885,0.9786874086764438,0.9786874086764438,0.9752452489842841,0.9441787905274587,0.9412597466394067,0.9548146074164897,0.9479480694997962
stars,R,240.0,0.2708,0.9371,0.0088,1948.5,250.4363,0.91,525.6803,1.8433,1.6642,0.9006,56.8935,0.4794,0.6099,0.6833,0.7036,0.8749,0.8753,5.0747,0.0002,KNN,0.8978063653077109,0.8840188827059936,0.9259792715763183,0.9296561721611136,0.9296561721611136,0.8904068836409917,0.8904068836409917,0.8933887924629544,0.8802387787103723
stars,R,240.0,0.2708,0.9371,0.0088,1948.5,250.4363,0.91,525.6803,1.8433,1.6642,0.9006,56.8935,0.4794,0.6099,0.6833,0.7036,0.8749,0.8753,5.0747,0.0002,RandomForest,0.9861299909609089,0.9758086106027533,0.996496269409155,0.996496269409155,0.996496269409155,0.982575110512402,0.982575110512402,0.9826013107263107,0.9826616310548405
stars,R,240.0,0.2708,0.9371,0.0088,1948.5,250.4363,0.91,525.6803,1.8433,1.6642,0.9006,56.8935,0.4794,0.6099,0.6833,0.7036,0.8749,0.8753,5.0747,0.0002,AdaBoost,0.3548616179123842,0.3548616179123842,0.44805857102313046,0.3548616179123842,0.3548616179123842,0.3548616179123842,0.3548616179123842,0.3548616179123842,0.3548616179123842
stars,R,240.0,0.2708,0.9371,0.0088,1948.5,250.4363,0.91,525.6803,1.8433,1.6642,0.9006,56.8935,0.4794,0.6099,0.6833,0.7036,0.8749,0.8753,5.0747,0.0002,SVC,0.9056754072195171,0.8986462520646392,0.940187126492528,0.940187126492528,0.9369112967483535,0.9093398383357214,0.9125650340092757,0.9055423585484568,0.8885746524390831
stars,R,240.0,0.1917,0.9124,0.0084,1783.0,244.0294,0.8355,518.2348,1.851,1.6187,0.8261,56.8955,0.4887,0.607,0.6791,0.6802,0.8622,0.8747,5.1383,0.0003,DecisionTree,1.0,0.9825809541465826,0.9859104788639103,1.0,0.975696858372297,1.0,0.9824112268089372,1.0,1.0
stars,R,240.0,0.1917,0.9124,0.0084,1783.0,244.0294,0.8355,518.2348,1.851,1.6187,0.8261,56.8955,0.4887,0.607,0.6791,0.6802,0.8622,0.8747,5.1383,0.0003,LogisticRegression,0.930407000945605,0.9340974695741254,0.9786874086764438,0.9786874086764438,0.9786874086764438,0.9474450313202538,0.9510915702019821,0.9301838774283994,0.9198034440651399
stars,R,240.0,0.1917,0.9124,0.0084,1783.0,244.0294,0.8355,518.2348,1.851,1.6187,0.8261,56.8955,0.4887,0.607,0.6791,0.6802,0.8622,0.8747,5.1383,0.0003,KNN,0.8750578368976327,0.8750578368976327,0.9263358935678466,0.9263358935678466,0.9259792715763183,0.905050303859323,0.8893252883000355,0.8784488003580406,0.8862848845439264
stars,R,240.0,0.1917,0.9124,0.0084,1783.0,244.0294,0.8355,518.2348,1.851,1.6187,0.8261,56.8955,0.4887,0.607,0.6791,0.6802,0.8622,0.8747,5.1383,0.0003,RandomForest,0.9965578403078403,0.9965277777777778,0.9965277777777778,0.9965277777777778,0.9965277777777778,0.985991836475246,0.9895514632024275,0.9757737871733991,0.985929392556808
stars,R,240.0,0.1917,0.9124,0.0084,1783.0,244.0294,0.8355,518.2348,1.851,1.6187,0.8261,56.8955,0.4887,0.607,0.6791,0.6802,0.8622,0.8747,5.1383,0.0003,AdaBoost,0.3548616179123842,0.346152646745126,0.39493756208315595,0.3548616179123842,0.3548616179123842,0.35189885279684135,0.346994430177197,0.3548616179123842,0.3548616179123842
stars,R,240.0,0.1917,0.9124,0.0084,1783.0,244.0294,0.8355,518.2348,1.851,1.6187,0.8261,56.8955,0.4887,0.607,0.6791,0.6802,0.8622,0.8747,5.1383,0.0003,SVC,0.8873505060140224,0.8911628566711312,0.9403278428926869,0.9403278428926869,0.9403278428926869,0.9130947262048541,0.901911266425599,0.8873505060140224,0.9093477377500113
stars,R,240.0,0.2,0.9271,0.0084,1948.5,228.0141,0.6725,504.1058,1.9936,2.2756,0.6628,42.6515,0.537,0.6119,0.6827,0.7048,0.8593,0.8861,5.151,0.0002,DecisionTree,1.0,1.0,0.9790103216832844,0.9965316400939316,1.0,0.9861111111111112,1.0,1.0,1.0
stars,R,240.0,0.2,0.9271,0.0084,1948.5,228.0141,0.6725,504.1058,1.9936,2.2756,0.6628,42.6515,0.537,0.6119,0.6827,0.7048,0.8593,0.8861,5.151,0.0002,LogisticRegression,0.9440332754027502,0.937235476210315,0.9685096354598774,0.9786874086764438,0.9752708625321104,0.9538164934558199,0.9542814605874537,0.9514988707733808,0.9309613608704981
stars,R,240.0,0.2,0.9271,0.0084,1948.5,228.0141,0.6725,504.1058,1.9936,2.2756,0.6628,42.6515,0.537,0.6119,0.6827,0.7048,0.8593,0.8861,5.151,0.0002,KNN,0.8896977133451565,0.8935764957286432,0.9224082231058446,0.9259792715763183,0.9259792715763183,0.9120291809091159,0.9148704369617366,0.8792726810212819,0.8936171327540188
stars,R,240.0,0.2,0.9271,0.0084,1948.5,228.0141,0.6725,504.1058,1.9936,2.2756,0.6628,42.6515,0.537,0.6119,0.6827,0.7048,0.8593,0.8861,5.151,0.0002,RandomForest,1.0,0.9930425828548743,1.0,1.0,1.0,0.9895265263295954,0.9930499032189853,0.9930627444214402,0.989550550212315
stars,R,240.0,0.2,0.9271,0.0084,1948.5,228.0141,0.6725,504.1058,1.9936,2.2756,0.6628,42.6515,0.537,0.6119,0.6827,0.7048,0.8593,0.8861,5.151,0.0002,AdaBoost,0.3548616179123842,0.3548616179123842,0.5223878576435615,0.35286656796150756,0.3548616179123842,0.34852564655380114,0.3548616179123842,0.3548616179123842,0.3548616179123842
stars,R,240.0,0.2,0.9271,0.0084,1948.5,228.0141,0.6725,504.1058,1.9936,2.2756,0.6628,42.6515,0.537,0.6119,0.6827,0.7048,0.8593,0.8861,5.151,0.0002,SVC,0.9022468310667192,0.8995852361028748,0.9334431943300286,0.9369112967483535,0.9369112967483535,0.9131500323745564,0.9163635586143984,0.897965136432202,0.8906745799694965
stars,R,240.0,0.075,0.9054,0.0084,1948.5,245.5286,0.7025,525.5365,1.8748,1.7617,0.6932,44.1496,0.6001,0.6193,0.6825,0.7092,0.8585,0.8904,5.2645,0.0002,DecisionTree,0.9964890129363814,1.0,0.982490320975984,1.0,0.9826137720974678,0.9929526748971194,1.0,0.9930594178717094,0.9964890129363814
stars,R,240.0,0.075,0.9054,0.0084,1948.5,245.5286,0.7025,525.5365,1.8748,1.7617,0.6932,44.1496,0.6001,0.6193,0.6825,0.7092,0.8585,0.8904,5.2645,0.0002,LogisticRegression,0.9650471334436181,0.9510570381291521,0.9786874086764438,0.9786874086764438,0.9786874086764438,0.9617430811418385,0.9581021266959798,0.9684535534970594,0.9478239326088225
stars,R,240.0,0.075,0.9054,0.0084,1948.5,245.5286,0.7025,525.5365,1.8748,1.7617,0.6932,44.1496,0.6001,0.6193,0.6825,0.7092,0.8585,0.8904,5.2645,0.0002,KNN,0.915761045701303,0.9083053624769707,0.9259792715763183,0.9259792715763183,0.9259792715763183,0.9190207003798084,0.9193365072581153,0.9226433855649937,0.904734314006497
stars,R,240.0,0.075,0.9054,0.0084,1948.5,245.5286,0.7025,525.5365,1.8748,1.7617,0.6932,44.1496,0.6001,0.6193,0.6825,0.7092,0.8585,0.8904,5.2645,0.0002,RandomForest,0.9965578403078403,0.9931541982323232,1.0,1.0,1.0,0.9930594178717094,0.9930594178717094,0.9931122864590607,0.9930744354053533
stars,R,240.0,0.075,0.9054,0.0084,1948.5,245.5286,0.7025,525.5365,1.8748,1.7617,0.6932,44.1496,0.6001,0.6193,0.6825,0.7092,0.8585,0.8904,5.2645,0.0002,AdaBoost,0.4905200487916258,0.3548616179123842,0.5197766027249723,0.3548616179123842,0.5295983829440184,0.3548616179123842,0.3733767662024367,0.3548616179123842,0.4895297776455281
stars,R,240.0,0.075,0.9054,0.0084,1948.5,245.5286,0.7025,525.5365,1.8748,1.7617,0.6932,44.1496,0.6001,0.6193,0.6825,0.7092,0.8585,0.8904,5.2645,0.0002,SVC,0.9367610813998163,0.9197190992475801,0.9403278428926869,0.9403278428926869,0.9403278428926869,0.9229359324010075,0.9230756460823878,0.9367610813998163,0.909390111933144
stars,R,240.0,0.0542,0.9075,0.0084,1948.5,230.6972,0.865,508.0491,1.9803,2.2082,0.8557,43.3975,0.519,0.6005,0.697,0.7038,0.8709,0.8887,5.2898,0.0002,DecisionTree,0.9929927099044746,0.982565261921023,0.9790180987537618,0.9895725520165484,0.9790180987537618,1.0,1.0,0.989642681445338,0.9755169923357888
stars,R,240.0,0.0542,0.9075,0.0084,1948.5,230.6972,0.865,508.0491,1.9803,2.2082,0.8557,43.3975,0.519,0.6005,0.697,0.7038,0.8709,0.8887,5.2898,0.0002,LogisticRegression,0.9619583752804836,0.9719895739544155,0.9786874086764438,0.9786874086764438,0.9786874086764438,0.9786874086764438,0.9719895739544155,0.9619583752804836,0.9616192295996961
stars,R,240.0,0.0542,0.9075,0.0084,1948.5,230.6972,0.865,508.0491,1.9803,2.2082,0.8557,43.3975,0.519,0.6005,0.697,0.7038,0.8709,0.8887,5.2898,0.0002,KNN,0.9014914287739129,0.9116012994100993,0.9259792715763183,0.9259792715763183,0.9259792715763183,0.9259792715763183,0.9187353142479187,0.9116012994100993,0.9115802241893323
stars,R,240.0,0.0542,0.9075,0.0084,1948.5,230.6972,0.865,508.0491,1.9803,2.2082,0.8557,43.3975,0.519,0.6005,0.697,0.7038,0.8709,0.8887,5.2898,0.0002,RandomForest,1.0,0.9965578403078403,1.0,1.0,1.0,1.0,0.9965007039202946,1.0,0.9965578403078403
stars,R,240.0,0.0542,0.9075,0.0084,1948.5,230.6972,0.865,508.0491,1.9803,2.2082,0.8557,43.3975,0.519,0.6005,0.697,0.7038,0.8709,0.8887,5.2898,0.0002,AdaBoost,0.44805857102313046,0.3519301623947218,0.5127858619842315,0.3548616179123842,0.5127858619842315,0.3548616179123842,0.5176926251945662,0.3548616179123842,0.4470682998770327
stars,R,240.0,0.0542,0.9075,0.0084,1948.5,230.6972,0.865,508.0491,1.9803,2.2082,0.8557,43.3975,0.519,0.6005,0.697,0.7038,0.8709,0.8887,5.2898,0.0002,SVC,0.9265931348728651,0.9232161106625075,0.9369112967483535,0.9369112967483535,0.9369112967483535,0.940187126492528,0.933385932056925,0.9265931348728651,0.9299230176475014
stars,A_M,240.0,0.4958,0.9835,-11.92,20.06,4.9226,10.58,10.5491,-0.259,-1.5952,6.64,20.22,0.6382,0.6975,0.6633,0.6953,0.836,0.8829,4.7729,0.0001,DecisionTree,0.9653067423938568,0.9653067423938568,0.9685060423418266,0.9719943226327635,0.9686148217799551,0.9653067423938568,0.9584335795787853,0.9618791607097884,0.9653067423938568
stars,A_M,240.0,0.4958,0.9835,-11.92,20.06,4.9226,10.58,10.5491,-0.259,-1.5952,6.64,20.22,0.6382,0.6975,0.6633,0.6953,0.836,0.8829,4.7729,0.0001,LogisticRegression,0.8064774514510736,0.813427715911124,0.9579963410994473,0.9649194115160213,0.9683421189828465,0.8712059048763139,0.8626809598027051,0.7660572006341307,0.7177193440759684
stars,A_M,240.0,0.4958,0.9835,-11.92,20.06,4.9226,10.58,10.5491,-0.259,-1.5952,6.64,20.22,0.6382,0.6975,0.6633,0.6953,0.836,0.8829,4.7729,0.0001,KNN,0.8903959635241518,0.9119110549763513,0.9156521740048713,0.9225565641094932,0.9122158499803119,0.9193243187451865,0.8304076882991819,0.813251585385677,0.8867553627934487
stars,A_M,240.0,0.4958,0.9835,-11.92,20.06,4.9226,10.58,10.5491,-0.259,-1.5952,6.64,20.22,0.6382,0.6975,0.6633,0.6953,0.836,0.8829,4.7729,0.0001,RandomForest,0.9721852216670979,0.9585494823725125,0.9896557586459152,0.9965277777777778,0.9861193567710491,0.975630679312117,0.9755983736548113,0.9687705585444935,0.982702671512033
stars,A_M,240.0,0.4958,0.9835,-11.92,20.06,4.9226,10.58,10.5491,-0.259,-1.5952,6.64,20.22,0.6382,0.6975,0.6633,0.6953,0.836,0.8829,4.7729,0.0001,AdaBoost,0.391465057751732,0.391465057751732,0.5384851179347566,0.5109720688998793,0.4827106570983236,0.391465057751732,0.391465057751732,0.391465057751732,0.391465057751732
stars,A_M,240.0,0.4958,0.9835,-11.92,20.06,4.9226,10.58,10.5491,-0.259,-1.5952,6.64,20.22,0.6382,0.6975,0.6633,0.6953,0.836,0.8829,4.7729,0.0001,SVC,0.8410078372605201,0.8225737753139435,0.9298789965921529,0.9367415453615249,0.94016764698497,0.8624493346781837,0.8833012835477967,0.8081837433763771,0.6997707397795723
stars,A_M,240.0,0.3875,0.9864,-11.92,20.06,4.4522,10.34,10.5084,-0.1359,-1.6481,8.0,19.7375,0.6056,0.7009,0.705,0.7243,0.8748,0.8982,4.9716,0.0001,DecisionTree,0.9653067423938568,0.9653067423938568,0.9757234090605235,0.9791641229141229,0.9721692911632287,0.9617214525053537,0.9652431825431335,0.9583754301189434,0.9653067423938568
stars,A_M,240.0,0.3875,0.9864,-11.92,20.06,4.4522,10.34,10.5084,-0.1359,-1.6481,8.0,19.7375,0.6056,0.7009,0.705,0.7243,0.8748,0.8982,4.9716,0.0001,LogisticRegression,0.7348888009213485,0.7007343820215619,0.9544388955599,0.9544137637157718,0.9613873291068609,0.8696008387416239,0.8892697694275197,0.6966740990246395,0.719241620476647
stars,A_M,240.0,0.3875,0.9864,-11.92,20.06,4.4522,10.34,10.5084,-0.1359,-1.6481,8.0,19.7375,0.6056,0.7009,0.705,0.7243,0.8748,0.8982,4.9716,0.0001,KNN,0.8968724686930949,0.9151613421369766,0.9056628444270156,0.8854880740790725,0.9051935699379089,0.904768732439032,0.8568354139747225,0.8612965694237098,0.9115642594481042
stars,A_M,240.0,0.3875,0.9864,-11.92,20.06,4.4522,10.34,10.5084,-0.1359,-1.6481,8.0,19.7375,0.6056,0.7009,0.705,0.7243,0.8748,0.8982,4.9716,0.0001,RandomForest,0.9722273320826558,0.9756629657946708,0.982638888888889,0.9826381197452104,0.9827165178562888,0.9791618291081121,0.9687223836663802,0.9686450656761765,0.9860923340809211
stars,A_M,240.0,0.3875,0.9864,-11.92,20.06,4.4522,10.34,10.5084,-0.1359,-1.6481,8.0,19.7375,0.6056,0.7009,0.705,0.7243,0.8748,0.8982,4.9716,0.0001,AdaBoost,0.391465057751732,0.391465057751732,0.391465057751732,0.391465057751732,0.391465057751732,0.391465057751732,0.391465057751732,0.391465057751732,0.391465057751732
stars,A_M,240.0,0.3875,0.9864,-11.92,20.06,4.4522,10.34,10.5084,-0.1359,-1.6481,8.0,19.7375,0.6056,0.7009,0.705,0.7243,0.8748,0.8982,4.9716,0.0001,SVC,0.7167974507755814,0.7058509898291205,0.9331848689656561,0.936683395901683,0.9331700810379826,0.8782601441972143,0.8916443907672084,0.7109870276264487,0.702575160084946
stars,A_M,240.0,0.4208,0.9568,-11.92,20.06,4.789,10.58,10.654,-0.1803,-1.6144,8.12,20.21,0.6379,0.7051,0.6475,0.687,0.8352,0.8794,4.8709,0.0002,DecisionTree,0.9618030118030119,0.9618030118030119,0.9753337933285849,0.9721501753153086,0.9515535181334835,0.9685931352598018,0.9583754301189434,0.9583754301189434,0.9618030118030119
stars,A_M,240.0,0.4208,0.9568,-11.92,20.06,4.789,10.58,10.654,-0.1803,-1.6144,8.12,20.21,0.6379,0.7051,0.6475,0.687,0.8352,0.8794,4.8709,0.0002,LogisticRegression,0.8339637943979867,0.8442948142937114,0.9685221373258276,0.9648265501894999,0.951067388933975,0.8943622998235728,0.8855683832508573,0.8331862328341407,0.801547878805548
stars,A_M,240.0,0.4208,0.9568,-11.92,20.06,4.789,10.58,10.654,-0.1803,-1.6144,8.12,20.21,0.6379,0.7051,0.6475,0.687,0.8352,0.8794,4.8709,0.0002,KNN,0.8795291009004443,0.8979424830910738,0.9157787374666352,0.9156521740048713,0.9091005141386386,0.8945822178773604,0.8114276657184218,0.8331677071820512,0.8730250247547184
stars,A_M,240.0,0.4208,0.9568,-11.92,20.06,4.789,10.58,10.654,-0.1803,-1.6144,8.12,20.21,0.6379,0.7051,0.6475,0.687,0.8352,0.8794,4.8709,0.0002,RandomForest,0.9619701255285933,0.9586229385454353,0.9859534453342269,0.9758436533800057,0.9653214289178301,0.9651472177513843,0.9582141330603333,0.9619701255285933,0.9688073066979317
stars,A_M,240.0,0.4208,0.9568,-11.92,20.06,4.789,10.58,10.654,-0.1803,-1.6144,8.12,20.21,0.6379,0.7051,0.6475,0.687,0.8352,0.8794,4.8709,0.0002,AdaBoost,0.391465057751732,0.391465057751732,0.391465057751732,0.4864333081071589,0.4316291121342144,0.391465057751732,0.391465057751732,0.391465057751732,0.391465057751732
stars,A_M,240.0,0.4208,0.9568,-11.92,20.06,4.789,10.58,10.654,-0.1803,-1.6144,8.12,20.21,0.6379,0.7051,0.6475,0.687,0.8352,0.8794,4.8709,0.0002,SVC,0.8721923582327655,0.8506819902213109,0.9334696459476086,0.9231986426063398,0.8989770092645729,0.903663205515639,0.9043465609171315,0.857486985444829,0.699101976018325
stars,A_M,240.0,0.3708,0.9801,-11.39,20.06,5.0928,10.58,10.4673,-0.1905,-1.6642,6.87,20.317,0.5566,0.7132,0.6703,0.7046,0.8488,0.8862,4.9897,0.0001,DecisionTree,0.9618030118030119,0.9618030118030119,0.9721501753153086,0.9652953562819014,0.961826996375833,0.9618030118030119,0.9583754301189434,0.9583754301189434,0.9618030118030119
stars,A_M,240.0,0.3708,0.9801,-11.39,20.06,5.0928,10.58,10.4673,-0.1905,-1.6642,6.87,20.317,0.5566,0.7132,0.6703,0.7046,0.8488,0.8862,4.9897,0.0001,LogisticRegression,0.8330069575238913,0.8104317904101682,0.9614906941060593,0.9579913980263538,0.9614906941060593,0.9022452054080641,0.8992594437828534,0.8019717696413322,0.8039790107206172
stars,A_M,240.0,0.3708,0.9801,-11.39,20.06,5.0928,10.58,10.4673,-0.1905,-1.6642,6.87,20.317,0.5566,0.7132,0.6703,0.7046,0.8488,0.8862,4.9897,0.0001,KNN,0.904758289610738,0.9226921538753897,0.9124776497128793,0.9088007491280841,0.9088007491280841,0.9194680753340219,0.8916472986994345,0.8727092078365462,0.894395954462499
stars,A_M,240.0,0.3708,0.9801,-11.39,20.06,5.0928,10.58,10.4673,-0.1905,-1.6642,6.87,20.317,0.5566,0.7132,0.6703,0.7046,0.8488,0.8862,4.9897,0.0001,RandomForest,0.9827375315656566,0.9791783576505799,0.9793577315808358,0.9793276690507733,0.9793276690507733,0.9790327423867006,0.9722526942268109,0.9688854912058508,0.9860952199338927
stars,A_M,240.0,0.3708,0.9801,-11.39,20.06,5.0928,10.58,10.4673,-0.1905,-1.6642,6.87,20.317,0.5566,0.7132,0.6703,0.7046,0.8488,0.8862,4.9897,0.0001,AdaBoost,0.391465057751732,0.391465057751732,0.4864333081071589,0.4355906095874865,0.4138912631822578,0.391465057751732,0.391465057751732,0.391465057751732,0.391465057751732
stars,A_M,240.0,0.3708,0.9801,-11.39,20.06,5.0928,10.58,10.4673,-0.1905,-1.6642,6.87,20.317,0.5566,0.7132,0.6703,0.7046,0.8488,0.8862,4.9897,0.0001,SVC,0.8613231460519951,0.8367783273868928,0.9264502791821908,0.9264502791821908,0.9264502791821908,0.9045698877362368,0.9113189015470322,0.8148132766947254,0.6960762815127456
stars,A_M,240.0,0.3292,0.9565,-11.39,20.06,4.7452,10.69,10.4454,-0.1679,-1.6479,6.76,20.265,0.6176,0.6959,0.6873,0.719,0.8642,0.8991,5.0211,0.0002,DecisionTree,0.9653067423938568,0.9653067423938568,0.9721501753153086,0.982490320975984,0.9616122278756687,0.9653067423938568,0.9545741631020442,0.9618791607097884,0.9619022181522182
stars,A_M,240.0,0.3292,0.9565,-11.39,20.06,4.7452,10.69,10.4454,-0.1679,-1.6479,6.76,20.265,0.6176,0.6959,0.6873,0.719,0.8642,0.8991,5.0211,0.0002,LogisticRegression,0.7821454453697653,0.7673743898070432,0.961383677881496,0.9613537656640838,0.9648037366241271,0.8880870652331782,0.8883405143524072,0.7602092935081994,0.7538114458527654
stars,A_M,240.0,0.3292,0.9565,-11.39,20.06,4.7452,10.69,10.4454,-0.1679,-1.6479,6.76,20.265,0.6176,0.6959,0.6873,0.719,0.8642,0.8991,5.0211,0.0002,KNN,0.8945172968146061,0.9193290745896665,0.9156521740048713,0.9259792715763183,0.9155985773997739,0.8985871873757795,0.874424849793344,0.8805794887740036,0.8947791246194581
stars,A_M,240.0,0.3292,0.9565,-11.39,20.06,4.7452,10.69,10.4454,-0.1679,-1.6479,6.76,20.265,0.6176,0.6959,0.6873,0.719,0.8642,0.8991,5.0211,0.0002,RandomForest,0.9791326861869059,0.9896144362179154,0.9792228278118116,0.9930364774114774,0.9720024809814392,0.986031473974833,0.9722311044772282,0.9722919984227262,0.9721597157417132
stars,A_M,240.0,0.3292,0.9565,-11.39,20.06,4.7452,10.69,10.4454,-0.1679,-1.6479,6.76,20.265,0.6176,0.6959,0.6873,0.719,0.8642,0.8991,5.0211,0.0002,AdaBoost,0.391465057751732,0.391465057751732,0.4864333081071589,0.5197766027249723,0.4092464614913081,0.391465057751732,0.391465057751732,0.391465057751732,0.391465057751732
stars,A_M,240.0,0.3292,0.9565,-11.39,20.06,4.7452,10.69,10.4454,-0.1679,-1.6479,6.76,20.265,0.6176,0.6959,0.6873,0.719,0.8642,0.8991,5.0211,0.0002,SVC,0.81487372378241,0.795434040038305,0.9262610531064183,0.9298384941838593,0.9367631227433314,0.8766843758897449,0.8835611036213576,0.7764101214199073,0.7027007531262522
stars,A_M,240.0,0.2333,0.9511,-11.92,20.06,4.3944,8.343,10.5893,-0.1442,-1.641,8.757,20.1175,0.6323,0.7114,0.687,0.7009,0.863,0.8874,5.1443,0.0002,DecisionTree,0.9653067423938568,0.9653067423938568,0.9791090082756749,0.985954246370913,0.985954246370913,0.9653067423938568,0.9686692841665785,0.9618791607097884,0.9653067423938568
stars,A_M,240.0,0.2333,0.9511,-11.92,20.06,4.3944,8.343,10.5893,-0.1442,-1.641,8.757,20.1175,0.6323,0.7114,0.687,0.7009,0.863,0.8874,5.1443,0.0002,LogisticRegression,0.7948502348447967,0.7771321271468601,0.9717692689458041,0.9648060474711696,0.9682699728660986,0.9203730275894968,0.9272389742584028,0.7729771654583493,0.751785980960433
stars,A_M,240.0,0.2333,0.9511,-11.92,20.06,4.3944,8.343,10.5893,-0.1442,-1.641,8.757,20.1175,0.6323,0.7114,0.687,0.7009,0.863,0.8874,5.1443,0.0002,KNN,0.9114822606369618,0.9188369812485939,0.9296561721611136,0.9296071007944253,0.9333335161346178,0.9011902137422177,0.8877319627631889,0.8813024296551979,0.9083862262098166
stars,A_M,240.0,0.2333,0.9511,-11.92,20.06,4.3944,8.343,10.5893,-0.1442,-1.641,8.757,20.1175,0.6323,0.7114,0.687,0.7009,0.863,0.8874,5.1443,0.0002,RandomForest,0.9757810556617833,0.9826249518538792,0.9931149036675603,0.9930687830687831,0.9930687830687831,0.9826582735073344,0.979345709767247,0.9793639906226422,0.9895877678444729
stars,A_M,240.0,0.2333,0.9511,-11.92,20.06,4.3944,8.343,10.5893,-0.1442,-1.641,8.757,20.1175,0.6323,0.7114,0.687,0.7009,0.863,0.8874,5.1443,0.0002,AdaBoost,0.391465057751732,0.391465057751732,0.44503648632316056,0.44503648632316056,0.44503648632316056,0.391465057751732,0.391465057751732,0.391465057751732,0.391465057751732
stars,A_M,240.0,0.2333,0.9511,-11.92,20.06,4.3944,8.343,10.5893,-0.1442,-1.641,8.757,20.1175,0.6323,0.7114,0.687,0.7009,0.863,0.8874,5.1443,0.0002,SVC,0.8024979704559863,0.778581571228713,0.9369112967483535,0.9369112967483535,0.9369112967483535,0.9053645469159863,0.9090496261122137,0.7933071293685934,0.6994798028229221
stars,A_M,240.0,0.1958,0.9585,-11.75,20.06,4.9845,10.69,10.4423,-0.2299,-1.592,6.87,20.07,0.6181,0.6902,0.6753,0.6974,0.8461,0.8839,5.2025,0.0001,DecisionTree,0.9720968658506468,0.9720968658506468,0.9613187980018045,0.9684341928949771,0.9718047968085779,0.9720968658506468,0.9686692841665785,0.9686692841665785,0.9720968658506468
stars,A_M,240.0,0.1958,0.9585,-11.75,20.06,4.9845,10.69,10.4423,-0.2299,-1.592,6.87,20.07,0.6181,0.6902,0.6753,0.6974,0.8461,0.8839,5.2025,0.0001,LogisticRegression,0.8474622179511019,0.7992935614417342,0.9576412199268631,0.9682142233123666,0.9576412199268631,0.8982480453199917,0.9115755287175331,0.7405064870823704,0.7433458410981604
stars,A_M,240.0,0.1958,0.9585,-11.75,20.06,4.9845,10.69,10.4423,-0.2299,-1.592,6.87,20.07,0.6181,0.6902,0.6753,0.6974,0.8461,0.8839,5.2025,0.0001,KNN,0.9296071007944253,0.9224700869885046,0.9156331298626029,0.9192879935174666,0.9156331298626029,0.9051753808299895,0.8944791141143158,0.8840021867855545,0.9194905197916604
stars,A_M,240.0,0.1958,0.9585,-11.75,20.06,4.9845,10.69,10.4423,-0.2299,-1.592,6.87,20.07,0.6181,0.6902,0.6753,0.6974,0.8461,0.8839,5.2025,0.0001,RandomForest,0.9895877678444729,0.9860964674781725,0.9857729214702649,0.9859438719189931,0.9857729214702649,0.9825135325173135,0.9790496978131387,0.9860964674781725,0.9965592861464005
stars,A_M,240.0,0.1958,0.9585,-11.75,20.06,4.9845,10.69,10.4423,-0.2299,-1.592,6.87,20.07,0.6181,0.6902,0.6753,0.6974,0.8461,0.8839,5.2025,0.0001,AdaBoost,0.391465057751732,0.391465057751732,0.46596641698558305,0.46839064022097654,0.4950496225697839,0.391465057751732,0.391465057751732,0.391465057751732,0.391465057751732
stars,A_M,240.0,0.1958,0.9585,-11.75,20.06,4.9845,10.69,10.4423,-0.2299,-1.592,6.87,20.07,0.6181,0.6902,0.6753,0.6974,0.8461,0.8839,5.2025,0.0001,SVC,0.8810779256102238,0.8042125216145652,0.9296465345621653,0.9296465345621653,0.9259916709073016,0.907527727421418,0.9123487132320927,0.8254544692816711,0.6964949100353978
stars,A_M,240.0,0.1333,0.9567,-11.92,20.06,4.1978,6.367,10.5793,-0.0697,-1.6704,10.417,20.2312,0.5965,0.7072,0.6897,0.7035,0.8668,0.8908,5.275,0.0001,DecisionTree,0.9790142364376081,0.9790142364376081,0.9755230028673616,0.9790064077698486,0.9790064077698486,0.9790142364376081,0.9722178723237669,0.9652938857239932,0.9861110797083269
stars,A_M,240.0,0.1333,0.9567,-11.92,20.06,4.1978,6.367,10.5793,-0.0697,-1.6704,10.417,20.2312,0.5965,0.7072,0.6897,0.7035,0.8668,0.8908,5.275,0.0001,LogisticRegression,0.9068540585761808,0.8891126267323383,0.9786874086764438,0.9752647012096186,0.9786874086764438,0.9409216809751808,0.9337896970428291,0.8667626365768688,0.7753825832446082
stars,A_M,240.0,0.1333,0.9567,-11.92,20.06,4.1978,6.367,10.5793,-0.0697,-1.6704,10.417,20.2312,0.5965,0.7072,0.6897,0.7035,0.8668,0.8908,5.275,0.0001,KNN,0.9262334646942886,0.9225565641094932,0.9259792715763183,0.9259792715763183,0.9259792715763183,0.9225565641094932,0.8953430577392032,0.8986160836203421,0.9153022439083132
stars,A_M,240.0,0.1333,0.9567,-11.92,20.06,4.1978,6.367,10.5793,-0.0697,-1.6704,10.417,20.2312,0.5965,0.7072,0.6897,0.7035,0.8668,0.8908,5.275,0.0001,RandomForest,0.9896487665481724,0.9896148417019561,1.0,1.0,1.0,0.9861155456222507,0.9861439097889952,0.972376078368112,0.9965592861464005
stars,A_M,240.0,0.1333,0.9567,-11.92,20.06,4.1978,6.367,10.5793,-0.0697,-1.6704,10.417,20.2312,0.5965,0.7072,0.6897,0.7035,0.8668,0.8908,5.275,0.0001,AdaBoost,0.391465057751732,0.391465057751732,0.515499988423125,0.5197766027249723,0.5197766027249723,0.391465057751732,0.38996117968535393,0.391465057751732,0.391465057751732
stars,A_M,240.0,0.1333,0.9567,-11.92,20.06,4.1978,6.367,10.5793,-0.0697,-1.6704,10.417,20.2312,0.5965,0.7072,0.6897,0.7035,0.8668,0.8908,5.275,0.0001,SVC,0.8954904110145141,0.885408106487765,0.9368231046591831,0.9335472749150084,0.940187126492528,0.9225771061472672,0.9193012764030927,0.858984919281784,0.6863978034797081
stars,A_M,240.0,0.1458,0.961,-11.92,20.06,4.2578,6.506,10.63,-0.0951,-1.6582,10.374,20.02,0.6194,0.6826,0.6938,0.7016,0.8656,0.8865,5.2664,0.0001,DecisionTree,0.9681950736522861,0.9681950736522861,0.982490320975984,0.982490320975984,0.982490320975984,0.9681950736522861,0.9579716355974612,0.9649576250762668,0.9681320569150407
stars,A_M,240.0,0.1458,0.961,-11.92,20.06,4.2578,6.506,10.63,-0.0951,-1.6582,10.374,20.02,0.6194,0.6826,0.6938,0.7016,0.8656,0.8865,5.2664,0.0001,LogisticRegression,0.8898202219782301,0.8899934029888843,0.9786874086764438,0.9786874086764438,0.9786874086764438,0.9162146987878051,0.913240388996968,0.8654884242403746,0.7708466215497466
stars,A_M,240.0,0.1458,0.961,-11.92,20.06,4.2578,6.506,10.63,-0.0951,-1.6582,10.374,20.02,0.6194,0.6826,0.6938,0.7016,0.8656,0.8865,5.2664,0.0001,KNN,0.9008488462835325,0.9151613421369766,0.9296071007944253,0.9259792715763183,0.9296071007944253,0.9081420859591349,0.873446762629793,0.8774175209342828,0.8914359140761035
stars,A_M,240.0,0.1458,0.961,-11.92,20.06,4.2578,6.506,10.63,-0.0951,-1.6582,10.374,20.02,0.6194,0.6826,0.6938,0.7016,0.8656,0.8865,5.2664,0.0001,RandomForest,0.9755365703547285,0.9654206860240631,1.0,1.0,1.0,0.9825157756445567,0.9720066606800324,0.9651784257777942,0.9895562594758502
stars,A_M,240.0,0.1458,0.961,-11.92,20.06,4.2578,6.506,10.63,-0.0951,-1.6582,10.374,20.02,0.6194,0.6826,0.6938,0.7016,0.8656,0.8865,5.2664,0.0001,AdaBoost,0.391465057751732,0.391465057751732,0.5197766027249723,0.5197766027249723,0.5197766027249723,0.391465057751732,0.391465057751732,0.391465057751732,0.391465057751732
stars,A_M,240.0,0.1458,0.961,-11.92,20.06,4.2578,6.506,10.63,-0.0951,-1.6582,10.374,20.02,0.6194,0.6826,0.6938,0.7016,0.8656,0.8865,5.2664,0.0001,SVC,0.8955047957166038,0.8989584032490339,0.9369112967483535,0.940187126492528,0.9369112967483535,0.9124118830682206,0.9124118830682206,0.8989584032490339,0.6888255487974535
stars,A_M,240.0,0.0375,0.9481,-11.92,20.06,4.168,5.49,10.4551,-0.089,-1.6528,10.06,19.73,0.6056,0.6909,0.7007,0.7088,0.8741,0.8931,5.3681,0.0001,DecisionTree,0.9825135325173135,0.9825135325173135,0.9790447398449809,0.982490320975984,0.982490320975984,0.9825135325173135,0.9790496071223845,0.975531088603866,0.9825135325173135
stars,A_M,240.0,0.0375,0.9481,-11.92,20.06,4.168,5.49,10.4551,-0.089,-1.6528,10.06,19.73,0.6056,0.6909,0.7007,0.7088,0.8741,0.8931,5.3681,0.0001,LogisticRegression,0.9204958197819215,0.8750697576416698,0.9786874086764438,0.9786874086764438,0.9786874086764438,0.9545699169209453,0.9342598887737777,0.8504022994972786,0.8810751639999725
stars,A_M,240.0,0.0375,0.9481,-11.92,20.06,4.168,5.49,10.4551,-0.089,-1.6528,10.06,19.73,0.6056,0.6909,0.7007,0.7088,0.8741,0.8931,5.3681,0.0001,KNN,0.9229043075474993,0.9226100607315132,0.9259792715763183,0.9259792715763183,0.9259792715763183,0.9124247360371337,0.9229043075474993,0.9223597095539785,0.9263986369773641
stars,A_M,240.0,0.0375,0.9481,-11.92,20.06,4.168,5.49,10.4551,-0.089,-1.6528,10.06,19.73,0.6056,0.6909,0.7007,0.7088,0.8741,0.8931,5.3681,0.0001,RandomForest,0.9930702289073433,0.9895709328276379,1.0,1.0,1.0,0.9896338884432501,0.9826074102391152,0.9791467347060714,0.9932903024497852
stars,A_M,240.0,0.0375,0.9481,-11.92,20.06,4.168,5.49,10.4551,-0.089,-1.6528,10.06,19.73,0.6056,0.6909,0.7007,0.7088,0.8741,0.8931,5.3681,0.0001,AdaBoost,0.3895001154085002,0.3895001154085002,0.5501771407487727,0.5197766027249723,0.5501771407487727,0.3895001154085002,0.391465057751732,0.391465057751732,0.3879928355295098
stars,A_M,240.0,0.0375,0.9481,-11.92,20.06,4.168,5.49,10.4551,-0.089,-1.6528,10.06,19.73,0.6056,0.6909,0.7007,0.7088,0.8741,0.8931,5.3681,0.0001,SVC,0.919526678091923,0.9129240825209827,0.9369112967483535,0.9369112967483535,0.9369112967483535,0.922952788383022,0.9127992115930265,0.9164226094570097,0.909221574557653
visualizing_soil,northing,8641.0,0.4979,0.8755,-0.01,3.806,1.9134,1.8183,1.1078,0.0109,-1.2684,0.9753,1.9184,0.0161,0.0221,0.0073,0.0291,0.0003,0.0412,8.1254,0.0,DecisionTree,0.8774366597852511,0.8750085743702215,0.8836042157957077,0.8971861294129543,0.8918761989751918,0.8948898137486405,0.8548207431564212,0.8722339823335479,0.8894906103415949
visualizing_soil,northing,8641.0,0.4979,0.8755,-0.01,3.806,1.9134,1.8183,1.1078,0.0109,-1.2684,0.9753,1.9184,0.0161,0.0221,0.0073,0.0291,0.0003,0.0412,8.1254,0.0,LogisticRegression,0.819831860849166,0.7882342068843633,0.8768028611577504,0.8817435861973562,0.884366519476126,0.8186111340685063,0.8189497170358846,0.8103233435672708,0.8770282310213784
visualizing_soil,northing,8641.0,0.4979,0.8755,-0.01,3.806,1.9134,1.8183,1.1078,0.0109,-1.2684,0.9753,1.9184,0.0161,0.0221,0.0073,0.0291,0.0003,0.0412,8.1254,0.0,KNN,0.8900908720342297,0.8875833836763726,0.8787759825739367,0.8875642940267319,0.8888826731104907,0.8899916710033063,0.888367093369008,0.8651954150428041,0.8877605382599255
visualizing_soil,northing,8641.0,0.4979,0.8755,-0.01,3.806,1.9134,1.8183,1.1078,0.0109,-1.2684,0.9753,1.9184,0.0161,0.0221,0.0073,0.0291,0.0003,0.0412,8.1254,0.0,RandomForest,0.8939039446923513,0.8924916964665226,0.8857080352774853,0.896992279693293,0.8923667334282299,0.8960250079470085,0.8750587370066171,0.8587954530270016,0.8908391419113183
visualizing_soil,northing,8641.0,0.4979,0.8755,-0.01,3.806,1.9134,1.8183,1.1078,0.0109,-1.2684,0.9753,1.9184,0.0161,0.0221,0.0073,0.0291,0.0003,0.0412,8.1254,0.0,AdaBoost,0.8900507645712216,0.8751619976331809,0.8798174500672613,0.8961291975406422,0.8913137608306917,0.8909086264774633,0.8640664275807126,0.8645354227584032,0.8885305395083946
visualizing_soil,northing,8641.0,0.4979,0.8755,-0.01,3.806,1.9134,1.8183,1.1078,0.0109,-1.2684,0.9753,1.9184,0.0161,0.0221,0.0073,0.0291,0.0003,0.0412,8.1254,0.0,SVC,0.8808356247386948,0.8865191912787567,0.8858740035927614,0.8956933493829946,0.8929338970787688,0.8813226788020336,0.8798670906684678,0.8737038761667595,0.8894916660548168
visualizing_soil,northing,8641.0,0.4499,0.8658,-0.01,3.806,1.9195,1.8729,1.1016,-0.0045,-1.2533,0.9597,1.901,0.0044,0.0141,0.005,0.0158,0.0016,0.0216,8.1975,0.0,DecisionTree,0.8600944417999565,0.8847162185097115,0.8977931715152008,0.8982353358031397,0.9000429699194462,0.8996571116599656,0.8683234283313338,0.8792997770290225,0.8973704995361731
visualizing_soil,northing,8641.0,0.4499,0.8658,-0.01,3.806,1.9195,1.8729,1.1016,-0.0045,-1.2533,0.9597,1.901,0.0044,0.0141,0.005,0.0158,0.0016,0.0216,8.1975,0.0,LogisticRegression,0.8342963994245736,0.7995880247262281,0.8833303720675878,0.8900370348344111,0.8842664751655044,0.8335398436015405,0.8296509019804797,0.8277447584318489,0.8837743427991755
visualizing_soil,northing,8641.0,0.4499,0.8658,-0.01,3.806,1.9195,1.8729,1.1016,-0.0045,-1.2533,0.9597,1.901,0.0044,0.0141,0.005,0.0158,0.0016,0.0216,8.1975,0.0,KNN,0.8970060180957533,0.894513463297261,0.8927855225621059,0.8946304365034222,0.8943446307888109,0.896991585041444,0.8943243084164298,0.8772706190546359,0.8926698318630599
visualizing_soil,northing,8641.0,0.4499,0.8658,-0.01,3.806,1.9195,1.8729,1.1016,-0.0045,-1.2533,0.9597,1.901,0.0044,0.0141,0.005,0.0158,0.0016,0.0216,8.1975,0.0,RandomForest,0.9031502086299558,0.8968110852563609,0.9003314324032313,0.9008401769793576,0.8998814358030787,0.9045930047608316,0.8732838387825417,0.8707400829727547,0.8997763974059936
visualizing_soil,northing,8641.0,0.4499,0.8658,-0.01,3.806,1.9195,1.8729,1.1016,-0.0045,-1.2533,0.9597,1.901,0.0044,0.0141,0.005,0.0158,0.0016,0.0216,8.1975,0.0,AdaBoost,0.8971577648166846,0.8811175384265114,0.8922158991265206,0.9010246112661221,0.8970481447638132,0.8998517481697412,0.8703134773950234,0.8777773708602574,0.8988634317027698
visualizing_soil,northing,8641.0,0.4499,0.8658,-0.01,3.806,1.9195,1.8729,1.1016,-0.0045,-1.2533,0.9597,1.901,0.0044,0.0141,0.005,0.0158,0.0016,0.0216,8.1975,0.0,SVC,0.8861671480990548,0.8922033627882919,0.899472499506482,0.8978044953772902,0.8945653775294469,0.8871438881437491,0.8832274773171702,0.8780431541331538,0.8965753379501573
visualizing_soil,northing,8641.0,0.4006,0.8577,-0.0038,3.806,1.9045,1.818,1.1074,0.011,-1.2598,0.9703,1.9117,0.0068,0.012,0.0048,0.0177,0.0031,0.0228,8.2589,0.0,DecisionTree,0.87453963289603,0.8964884766081035,0.9071248933850078,0.9130517234042999,0.9133454349403752,0.9110154380478213,0.8734142313435351,0.8912412699580156,0.9028374110307913
visualizing_soil,northing,8641.0,0.4006,0.8577,-0.0038,3.806,1.9045,1.818,1.1074,0.011,-1.2598,0.9703,1.9117,0.0068,0.012,0.0048,0.0177,0.0031,0.0228,8.2589,0.0,LogisticRegression,0.8483441760311372,0.8161834360820555,0.89661118364392,0.8980945109406351,0.8969505840239435,0.8485340596955311,0.8431838722735153,0.8441782686098086,0.8771221011046212
visualizing_soil,northing,8641.0,0.4006,0.8577,-0.0038,3.806,1.9045,1.818,1.1074,0.011,-1.2598,0.9703,1.9117,0.0068,0.012,0.0048,0.0177,0.0031,0.0228,8.2589,0.0,KNN,0.9047437500365755,0.9043507575679007,0.9004684056169635,0.9044307643637958,0.9054356710624276,0.9040612183981138,0.9027153681189005,0.8917962212172827,0.9044527081172309
visualizing_soil,northing,8641.0,0.4006,0.8577,-0.0038,3.806,1.9045,1.818,1.1074,0.011,-1.2598,0.9703,1.9117,0.0068,0.012,0.0048,0.0177,0.0031,0.0228,8.2589,0.0,RandomForest,0.9116006480374208,0.9056964026495534,0.9091624938319891,0.9131479282521525,0.9116104304834594,0.9122753160851331,0.8720331334338143,0.8781880579186251,0.9051637477645402
visualizing_soil,northing,8641.0,0.4006,0.8577,-0.0038,3.806,1.9045,1.818,1.1074,0.011,-1.2598,0.9703,1.9117,0.0068,0.012,0.0048,0.0177,0.0031,0.0228,8.2589,0.0,AdaBoost,0.9090860691826947,0.8954014513798207,0.9076277321706447,0.9136307434357385,0.9118038785207793,0.9161465371065961,0.8773538683843546,0.8883475030774945,0.9026532735916607
visualizing_soil,northing,8641.0,0.4006,0.8577,-0.0038,3.806,1.9045,1.818,1.1074,0.011,-1.2598,0.9703,1.9117,0.0068,0.012,0.0048,0.0177,0.0031,0.0228,8.2589,0.0,SVC,0.894691017365563,0.902376381001802,0.903981869187776,0.9102797640431699,0.9077190683062917,0.8948001970603641,0.88294030338488,0.8823718684206205,0.9052511147769293
visualizing_soil,northing,8641.0,0.3539,0.8617,-0.01,3.805,1.9137,1.8423,1.1066,-0.0031,-1.2662,0.9583,1.9156,0.0067,0.0089,0.0118,0.0198,0.007,0.0266,8.343,0.0,DecisionTree,0.8887858542273759,0.9092088501404634,0.919043504881754,0.9262991727596244,0.925280985403018,0.920310642634792,0.8874005866036456,0.8983174781430215,0.9187898435030377
visualizing_soil,northing,8641.0,0.3539,0.8617,-0.01,3.805,1.9137,1.8423,1.1066,-0.0031,-1.2662,0.9583,1.9156,0.0067,0.0089,0.0118,0.0198,0.007,0.0266,8.343,0.0,LogisticRegression,0.8598239045642041,0.8204856277190504,0.9092451491643013,0.909444333309188,0.9053741855999393,0.8598239045642041,0.8426996497837279,0.8541250320174213,0.8984959804292999
visualizing_soil,northing,8641.0,0.3539,0.8617,-0.01,3.805,1.9137,1.8423,1.1066,-0.0031,-1.2662,0.9583,1.9156,0.0067,0.0089,0.0118,0.0198,0.007,0.0266,8.343,0.0,KNN,0.9173257337036402,0.9170521866044404,0.912983707270175,0.9133146625268578,0.9143892700499394,0.9163493485832123,0.9143843225021402,0.899333121367538,0.9189751234097274
visualizing_soil,northing,8641.0,0.3539,0.8617,-0.01,3.805,1.9137,1.8423,1.1066,-0.0031,-1.2662,0.9583,1.9156,0.0067,0.0089,0.0118,0.0198,0.007,0.0266,8.343,0.0,RandomForest,0.9213272265661483,0.915740660359265,0.921860664263134,0.9220956353802529,0.9219980993029351,0.9208455945424091,0.8883381718962484,0.8908487766996205,0.9178611403279924
visualizing_soil,northing,8641.0,0.3539,0.8617,-0.01,3.805,1.9137,1.8423,1.1066,-0.0031,-1.2662,0.9583,1.9156,0.0067,0.0089,0.0118,0.0198,0.007,0.0266,8.343,0.0,AdaBoost,0.9183119275258855,0.8963340196397491,0.9200333992230084,0.9185196607328683,0.9165912072042965,0.9257252549900177,0.8853671341421078,0.8970364759462401,0.9150261772881111
visualizing_soil,northing,8641.0,0.3539,0.8617,-0.01,3.805,1.9137,1.8423,1.1066,-0.0031,-1.2662,0.9583,1.9156,0.0067,0.0089,0.0118,0.0198,0.007,0.0266,8.343,0.0,SVC,0.8993595489314913,0.9130353325804326,0.919519965312743,0.9180310930204407,0.9160907220574009,0.8985126781776867,0.8994066312629284,0.8926649948005477,0.9144692955541892
visualizing_soil,northing,8641.0,0.295,0.8485,-0.01,3.805,1.9166,1.8436,1.1104,-0.001,-1.2705,0.9636,1.9108,0.0062,0.0124,0.0061,0.0172,0.0006,0.0231,8.4041,0.0,DecisionTree,0.9053552426532296,0.920661650087075,0.9314798880061562,0.9331370035615795,0.9339201841770455,0.9318748339472602,0.8948969197962532,0.9040726820679713,0.9264674884877528
visualizing_soil,northing,8641.0,0.295,0.8485,-0.01,3.805,1.9166,1.8436,1.1104,-0.001,-1.2705,0.9636,1.9108,0.0062,0.0124,0.0061,0.0172,0.0006,0.0231,8.4041,0.0,LogisticRegression,0.876952915833064,0.8497992996122163,0.9197596823417793,0.9257332036826758,0.9208916247433226,0.8769528127242728,0.8564459010172197,0.8725938167772317,0.9110181945117148
visualizing_soil,northing,8641.0,0.295,0.8485,-0.01,3.805,1.9166,1.8436,1.1104,-0.001,-1.2705,0.9636,1.9108,0.0062,0.0124,0.0061,0.0172,0.0006,0.0231,8.4041,0.0,KNN,0.9301900305969202,0.9283521232353424,0.9215455331273406,0.9288517174955965,0.9274934722417316,0.9294137279643134,0.928644628463464,0.9155258478835098,0.9276704980702651
visualizing_soil,northing,8641.0,0.295,0.8485,-0.01,3.805,1.9166,1.8436,1.1104,-0.001,-1.2705,0.9636,1.9108,0.0062,0.0124,0.0061,0.0172,0.0006,0.0231,8.4041,0.0,RandomForest,0.9279520171086191,0.921456703446273,0.9310954177065617,0.9332483786648378,0.93507764212842,0.9286305117119664,0.8964494422002419,0.9050413315515715,0.9289156535538973
visualizing_soil,northing,8641.0,0.295,0.8485,-0.01,3.805,1.9166,1.8436,1.1104,-0.001,-1.2705,0.9636,1.9108,0.0062,0.0124,0.0061,0.0172,0.0006,0.0231,8.4041,0.0,AdaBoost,0.9337667842269354,0.9148621859884553,0.9305181569807373,0.9326477114620068,0.934396811209554,0.9343214698412281,0.8973491839404227,0.9114783057236193,0.930625554568588
visualizing_soil,northing,8641.0,0.295,0.8485,-0.01,3.805,1.9166,1.8436,1.1104,-0.001,-1.2705,0.9636,1.9108,0.0062,0.0124,0.0061,0.0172,0.0006,0.0231,8.4041,0.0,SVC,0.9077515736615119,0.9222761550330001,0.9276734647633493,0.9315562984446327,0.929465312072461,0.9067954358552666,0.908799991233977,0.905254460363062,0.9257157905077014
visualizing_soil,northing,8641.0,0.256,0.8415,-0.01,3.805,1.9161,1.8217,1.1077,-0.0017,-1.265,0.9719,1.9146,0.0059,0.0189,0.003,0.0169,0.0056,0.0226,8.4446,0.0,DecisionTree,0.9176789321107784,0.9317026249238044,0.9408075035956337,0.9413035060206947,0.9423767508792905,0.9350952888190247,0.9041977663530587,0.9189911865832808,0.9417950552980822
visualizing_soil,northing,8641.0,0.256,0.8415,-0.01,3.805,1.9161,1.8217,1.1077,-0.0017,-1.265,0.9719,1.9146,0.0059,0.0189,0.003,0.0169,0.0056,0.0226,8.4446,0.0,LogisticRegression,0.8849690778161672,0.8660544741811136,0.9299321153027984,0.9297387506622722,0.927767240667122,0.8844887528877743,0.8680195542779939,0.8839779587858708,0.9216650622073728
visualizing_soil,northing,8641.0,0.256,0.8415,-0.01,3.805,1.9161,1.8217,1.1077,-0.0017,-1.265,0.9719,1.9146,0.0059,0.0189,0.003,0.0169,0.0056,0.0226,8.4446,0.0,KNN,0.9345215088876354,0.9365534952126173,0.9385142147885851,0.9354120980259489,0.9353114032577046,0.9332606472508664,0.9336775109579594,0.9216971319477932,0.9358675394892624
visualizing_soil,northing,8641.0,0.256,0.8415,-0.01,3.805,1.9161,1.8217,1.1077,-0.0017,-1.265,0.9719,1.9146,0.0059,0.0189,0.003,0.0169,0.0056,0.0226,8.4446,0.0,RandomForest,0.9329563162932741,0.9321925240223816,0.9416700548985413,0.9408355294830297,0.9427677826085817,0.9342082173623409,0.8990726521560135,0.9175713545953913,0.9422785062502157
visualizing_soil,northing,8641.0,0.256,0.8415,-0.01,3.805,1.9161,1.8217,1.1077,-0.0017,-1.265,0.9719,1.9146,0.0059,0.0189,0.003,0.0169,0.0056,0.0226,8.4446,0.0,AdaBoost,0.9389673752961354,0.9236519830329247,0.9399425160143223,0.9394709025560399,0.9431457669881504,0.9419832149203701,0.9044005723170571,0.9179229223837571,0.9400542590210081
visualizing_soil,northing,8641.0,0.256,0.8415,-0.01,3.805,1.9161,1.8217,1.1077,-0.0017,-1.265,0.9719,1.9146,0.0059,0.0189,0.003,0.0169,0.0056,0.0226,8.4446,0.0,SVC,0.9134271057516052,0.9285911843573308,0.941154589892088,0.9380020156229627,0.9384033550045017,0.9105502049360882,0.9114043439042353,0.9116112519715887,0.936767724549743
visualizing_soil,northing,8641.0,0.1986,0.8332,-0.01,3.806,1.9072,1.8142,1.1058,0.0198,-1.2673,0.9716,1.9334,0.0154,0.0233,0.0015,0.0228,0.0075,0.0314,8.5007,0.0,DecisionTree,0.9397869660464842,0.9524145706403988,0.9517670287463618,0.9577583720835077,0.9596747135085222,0.9431837135672136,0.9132371288157997,0.9375495797300482,0.9579354006483388
visualizing_soil,northing,8641.0,0.1986,0.8332,-0.01,3.806,1.9072,1.8142,1.1058,0.0198,-1.2673,0.9716,1.9334,0.0154,0.0233,0.0015,0.0228,0.0075,0.0314,8.5007,0.0,LogisticRegression,0.9107184017575021,0.9047800428311003,0.9403823795142775,0.945580473217194,0.9458026297449232,0.9078211282985267,0.8866121988674817,0.9112213318753966,0.936588868446286
visualizing_soil,northing,8641.0,0.1986,0.8332,-0.01,3.806,1.9072,1.8142,1.1058,0.0198,-1.2673,0.9716,1.9334,0.0154,0.0233,0.0015,0.0228,0.0075,0.0314,8.5007,0.0,KNN,0.9487144480309043,0.948514050429783,0.9472932370489152,0.9493107419763798,0.9521130868134162,0.9493905259184737,0.9437781040043898,0.9455922301823828,0.9514163638932716
visualizing_soil,northing,8641.0,0.1986,0.8332,-0.01,3.806,1.9072,1.8142,1.1058,0.0198,-1.2673,0.9716,1.9334,0.0154,0.0233,0.0015,0.0228,0.0075,0.0314,8.5007,0.0,RandomForest,0.9437347965603115,0.9521311473935687,0.953883638484265,0.9589129490350939,0.9609279846020518,0.9421936074227399,0.9182494290648938,0.9401736331418266,0.9587061925032869
visualizing_soil,northing,8641.0,0.1986,0.8332,-0.01,3.806,1.9072,1.8142,1.1058,0.0198,-1.2673,0.9716,1.9334,0.0154,0.0233,0.0015,0.0228,0.0075,0.0314,8.5007,0.0,AdaBoost,0.9582048376717196,0.9429023703025035,0.9535948158678836,0.9595826672922986,0.9582284975564039,0.9585917842474736,0.9196043321217838,0.9415614644586487,0.9581251830650857
visualizing_soil,northing,8641.0,0.1986,0.8332,-0.01,3.806,1.9072,1.8142,1.1058,0.0198,-1.2673,0.9716,1.9334,0.0154,0.0233,0.0015,0.0228,0.0075,0.0314,8.5007,0.0,SVC,0.9311359437951606,0.9437637850337028,0.9484599031750123,0.9547425954417302,0.9556097775540247,0.9303668989926388,0.9220789693508793,0.9326539808351642,0.9514626810322301
visualizing_soil,northing,8641.0,0.1561,0.8319,-0.004,3.806,1.9134,1.8204,1.1068,0.0079,-1.2612,0.9633,1.9088,0.0122,0.019,0.0078,0.0267,0.0012,0.0368,8.551,0.0,DecisionTree,0.9482533745426185,0.9590087474900876,0.9654259528291466,0.9642814323474511,0.9642782002675812,0.9478683779521324,0.9380660896894562,0.947285276791998,0.9610094530477595
visualizing_soil,northing,8641.0,0.1561,0.8319,-0.004,3.806,1.9134,1.8204,1.1068,0.0079,-1.2612,0.9633,1.9088,0.0122,0.019,0.0078,0.0267,0.0012,0.0368,8.551,0.0,LogisticRegression,0.9207939195390044,0.9206288739900805,0.9523257507300488,0.9488653858487406,0.9462887736229011,0.9198271076097225,0.9114902101470321,0.9249173739811526,0.9444036872485501
visualizing_soil,northing,8641.0,0.1561,0.8319,-0.004,3.806,1.9134,1.8204,1.1068,0.0079,-1.2612,0.9633,1.9088,0.0122,0.019,0.0078,0.0267,0.0012,0.0368,8.551,0.0,KNN,0.959227827851484,0.9592202011583373,0.962903585262388,0.9618382146436047,0.9612555465483004,0.9569111725319522,0.9585377661223184,0.9540609780740463,0.9607687087601329
visualizing_soil,northing,8641.0,0.1561,0.8319,-0.004,3.806,1.9134,1.8204,1.1068,0.0079,-1.2612,0.9633,1.9088,0.0122,0.019,0.0078,0.0267,0.0012,0.0368,8.551,0.0,RandomForest,0.9510429099491218,0.9588165214870776,0.9665854470013292,0.9647660304457566,0.9631355302744183,0.9507543286197944,0.9392620354759837,0.9512280564161079,0.9623595975016364
visualizing_soil,northing,8641.0,0.1561,0.8319,-0.004,3.806,1.9134,1.8204,1.1068,0.0079,-1.2612,0.9633,1.9088,0.0122,0.019,0.0078,0.0267,0.0012,0.0368,8.551,0.0,AdaBoost,0.9617518918575485,0.9499571219927969,0.9663934452744889,0.9644725781776646,0.9639996983724756,0.9612781484822387,0.937187795649645,0.952072216144095,0.962735767514096
visualizing_soil,northing,8641.0,0.1561,0.8319,-0.004,3.806,1.9134,1.8204,1.1068,0.0079,-1.2612,0.9633,1.9088,0.0122,0.019,0.0078,0.0267,0.0012,0.0368,8.551,0.0,SVC,0.9405547583268674,0.9522842126369836,0.9610831193538574,0.961571420882595,0.9595564923284036,0.9404590865244553,0.9348105554493507,0.9419710061570614,0.9585777084441606
visualizing_soil,northing,8641.0,0.0981,0.8191,-0.01,3.806,1.9019,1.8121,1.1061,0.0256,-1.2639,0.9716,1.9403,0.0068,0.0172,0.0042,0.0183,0.0036,0.0245,8.5899,0.0,DecisionTree,0.97142317297762,0.9753953175531409,0.9779367885802615,0.9802519022849576,0.980252442056651,0.9717115852004076,0.9622679662877862,0.9685196560112157,0.9760141519112708
visualizing_soil,northing,8641.0,0.0981,0.8191,-0.01,3.806,1.9019,1.8121,1.1061,0.0256,-1.2639,0.9716,1.9403,0.0068,0.0172,0.0042,0.0183,0.0036,0.0245,8.5899,0.0,LogisticRegression,0.9508641253134599,0.9504935363377103,0.9704859289742409,0.9715449688378384,0.970678342074677,0.9485425300513837,0.9374053850658474,0.9519731900063454,0.965455355723736
visualizing_soil,northing,8641.0,0.0981,0.8191,-0.01,3.806,1.9019,1.8121,1.1061,0.0256,-1.2639,0.9716,1.9403,0.0068,0.0172,0.0042,0.0183,0.0036,0.0245,8.5899,0.0,KNN,0.9725385065648051,0.9730091008872903,0.9744621943768066,0.9736881281581047,0.97330005301674,0.9718632901838609,0.9663480054400952,0.9658035102981821,0.9729177311469253
visualizing_soil,northing,8641.0,0.0981,0.8191,-0.01,3.806,1.9019,1.8121,1.1061,0.0256,-1.2639,0.9716,1.9403,0.0068,0.0172,0.0042,0.0183,0.0036,0.0245,8.5899,0.0,RandomForest,0.9725766742852344,0.975591702810008,0.9789019292935262,0.9800621544239423,0.9799687447120145,0.972480543733828,0.9615754473416542,0.9700600955896124,0.9793868275451194
visualizing_soil,northing,8641.0,0.0981,0.8191,-0.01,3.806,1.9019,1.8121,1.1061,0.0256,-1.2639,0.9716,1.9403,0.0068,0.0172,0.0042,0.0183,0.0036,0.0245,8.5899,0.0,AdaBoost,0.9782271991867006,0.9673045075242848,0.9785165751830631,0.9795797226208366,0.9798699520445836,0.9770693937206724,0.9588987880245141,0.9695679736953454,0.978803608579357
visualizing_soil,northing,8641.0,0.0981,0.8191,-0.01,3.806,1.9019,1.8121,1.1061,0.0256,-1.2639,0.9716,1.9403,0.0068,0.0172,0.0042,0.0183,0.0036,0.0245,8.5899,0.0,SVC,0.9641005380158023,0.967688947796968,0.972248354406114,0.9764852129094685,0.9768732363005554,0.9628501625526652,0.9537993690819043,0.961772885165022,0.972818230335769
visualizing_soil,northing,8641.0,0.0501,0.8169,-0.01,3.806,1.9048,1.8146,1.1087,0.0159,-1.2643,0.9692,1.9346,0.0071,0.0184,0.0038,0.0181,0.0044,0.0241,8.6369,0.0,DecisionTree,0.9817810706275115,0.9865002751505935,0.9870868762278076,0.988824080878915,0.9890169245010222,0.9836255316295661,0.9820305708999627,0.9847784976869548,0.9888238380577524
visualizing_soil,northing,8641.0,0.0501,0.8169,-0.01,3.806,1.9048,1.8146,1.1087,0.0159,-1.2643,0.9692,1.9346,0.0071,0.0184,0.0038,0.0181,0.0044,0.0241,8.6369,0.0,LogisticRegression,0.9661570803652827,0.9773221325444135,0.9817752034931866,0.9855396619775877,0.9853460484342835,0.9660602810151296,0.9661168981780359,0.9719281776224713,0.981967570248342
visualizing_soil,northing,8641.0,0.0501,0.8169,-0.01,3.806,1.9048,1.8146,1.1087,0.0159,-1.2643,0.9692,1.9346,0.0071,0.0184,0.0038,0.0181,0.0044,0.0241,8.6369,0.0,KNN,0.9839041284382251,0.9838026104731256,0.9833254904286468,0.9852541298521296,0.9852532360928017,0.9841940197810108,0.980120640145281,0.9833291014426434,0.9855414989218213
visualizing_soil,northing,8641.0,0.0501,0.8169,-0.01,3.806,1.9048,1.8146,1.1087,0.0159,-1.2643,0.9692,1.9346,0.0071,0.0184,0.0038,0.0181,0.0044,0.0241,8.6369,0.0,RandomForest,0.9840174782096021,0.9874645047605313,0.9877618624389519,0.9897876016728089,0.9894984409818646,0.983921135891011,0.9818359631929165,0.9855507485439146,0.9898832234568655
visualizing_soil,northing,8641.0,0.0501,0.8169,-0.01,3.806,1.9048,1.8146,1.1087,0.0159,-1.2643,0.9692,1.9346,0.0071,0.0184,0.0038,0.0181,0.0044,0.0241,8.6369,0.0,AdaBoost,0.9879539563284313,0.9824429707313151,0.9871844567392829,0.9896911671090627,0.9892090008516397,0.9882439989020038,0.9840787060824903,0.9846838604768096,0.9894016109276695
visualizing_soil,northing,8641.0,0.0501,0.8169,-0.01,3.806,1.9048,1.8146,1.1087,0.0159,-1.2643,0.9692,1.9346,0.0071,0.0184,0.0038,0.0181,0.0044,0.0241,8.6369,0.0,SVC,0.9759236212544767,0.9774409390327197,0.9820711819448291,0.9874718815520109,0.9876632514993721,0.9745773155104479,0.9716996033335902,0.9780327345817315,0.9858318207459215
visualizing_soil,easting,8641.0,0.5004,0.8244,-0.004,1.56,0.7407,0.7253,0.4281,0.1882,-1.0889,0.3639,0.7376,0.0173,0.3542,0.025,0.2424,0.0334,0.3915,8.0946,0.0,DecisionTree,0.999903583372388,0.999903583372388,0.999903583372388,0.999903583372388,0.999903583372388,0.999903583372388,0.999903583372388,0.999903583372388,0.999903583372388
visualizing_soil,easting,8641.0,0.5004,0.8244,-0.004,1.56,0.7407,0.7253,0.4281,0.1882,-1.0889,0.3639,0.7376,0.0173,0.3542,0.025,0.2424,0.0334,0.3915,8.0946,0.0,LogisticRegression,0.9956594309781193,0.9983606444740458,0.9988429063348945,0.9978787035277187,0.9978786357195089,0.9959490575051849,0.9976855399471156,0.9964313487472066,0.9985535646103711
visualizing_soil,easting,8641.0,0.5004,0.8244,-0.004,1.56,0.7407,0.7253,0.4281,0.1882,-1.0889,0.3639,0.7376,0.0173,0.3542,0.025,0.2424,0.0334,0.3915,8.0946,0.0,KNN,0.993346932739935,0.9934426784936303,0.9949861021993462,0.9919955868519162,0.9920918879547547,0.9924785383115865,0.9933465970408117,0.9904538702111234,0.9919953902011012
visualizing_soil,easting,8641.0,0.5004,0.8244,-0.004,1.56,0.7407,0.7253,0.4281,0.1882,-1.0889,0.3639,0.7376,0.0173,0.3542,0.025,0.2424,0.0334,0.3915,8.0946,0.0,RandomForest,1.0,0.9999035897568042,1.0,1.0,1.0,1.0,1.0,1.0,1.0
visualizing_soil,easting,8641.0,0.5004,0.8244,-0.004,1.56,0.7407,0.7253,0.4281,0.1882,-1.0889,0.3639,0.7376,0.0173,0.3542,0.025,0.2424,0.0334,0.3915,8.0946,0.0,AdaBoost,0.999903583372388,0.999903583372388,0.999903583372388,0.999903583372388,0.999903583372388,0.999903583372388,0.999903583372388,0.999903583372388,0.999903583372388
visualizing_soil,easting,8641.0,0.5004,0.8244,-0.004,1.56,0.7407,0.7253,0.4281,0.1882,-1.0889,0.3639,0.7376,0.0173,0.3542,0.025,0.2424,0.0334,0.3915,8.0946,0.0,SVC,0.9988429859783753,0.9979751214165459,0.9991322671159668,0.9985538450725178,0.9985538284699957,0.9986502564295168,0.9984574295880204,0.9977822419899122,0.9984574093837477
visualizing_soil,easting,8641.0,0.4549,0.8068,-0.004,1.56,0.7403,0.7282,0.4317,0.1784,-1.0977,0.3663,0.7377,0.0103,0.3377,0.0193,0.2363,0.0258,0.3835,8.1548,0.0,DecisionTree,0.999903583372388,0.999903583372388,0.999903583372388,0.999903583372388,0.999903583372388,0.999903583372388,0.999903583372388,0.999903583372388,0.999903583372388
visualizing_soil,easting,8641.0,0.4549,0.8068,-0.004,1.56,0.7403,0.7282,0.4317,0.1784,-1.0977,0.3663,0.7377,0.0103,0.3377,0.0193,0.2363,0.0258,0.3835,8.1548,0.0,LogisticRegression,0.9959485603684894,0.9985535402425735,0.998842905801321,0.9976859367820268,0.9980715865051955,0.9964314181635504,0.9954664318579927,0.9965278464708046,0.9982644367544662
visualizing_soil,easting,8641.0,0.4549,0.8068,-0.004,1.56,0.7403,0.7282,0.4317,0.1784,-1.0977,0.3663,0.7377,0.0103,0.3377,0.0193,0.2363,0.0258,0.3835,8.1548,0.0,KNN,0.9936366829586506,0.9938285971276805,0.9954682554092855,0.9937325772716277,0.9923826647021435,0.9933467555670856,0.992961257535623,0.9898745080104953,0.9934427870951171
visualizing_soil,easting,8641.0,0.4549,0.8068,-0.004,1.56,0.7403,0.7282,0.4317,0.1784,-1.0977,0.3663,0.7377,0.0103,0.3377,0.0193,0.2363,0.0258,0.3835,8.1548,0.0,RandomForest,1.0,1.0,1.0,1.0,1.0,1.0,0.9999035897568042,1.0,1.0
visualizing_soil,easting,8641.0,0.4549,0.8068,-0.004,1.56,0.7403,0.7282,0.4317,0.1784,-1.0977,0.3663,0.7377,0.0103,0.3377,0.0193,0.2363,0.0258,0.3835,8.1548,0.0,AdaBoost,0.999903583372388,0.999903583372388,0.999903583372388,0.999903583372388,0.999903583372388,0.999903583372388,0.999903583372388,0.999903583372388,0.999903583372388
visualizing_soil,easting,8641.0,0.4549,0.8068,-0.004,1.56,0.7403,0.7282,0.4317,0.1784,-1.0977,0.3663,0.7377,0.0103,0.3377,0.0193,0.2363,0.0258,0.3835,8.1548,0.0,SVC,0.9983610899905605,0.9985538475868613,0.9994214801801813,0.9982646972043661,0.9982647299509466,0.9979754790328919,0.9979753893662967,0.9974928982535181,0.9981683024986993
visualizing_soil,easting,8641.0,0.399,0.7897,-0.003,1.5525,0.7408,0.7345,0.4307,0.1912,-1.0926,0.3719,0.7366,0.0057,0.3565,0.0107,0.2469,0.0127,0.3944,8.2201,0.0,DecisionTree,0.999903583372388,0.999903583372388,0.999903583372388,0.999903583372388,0.999903583372388,0.999903583372388,0.999903583372388,0.999903583372388,0.999903583372388
visualizing_soil,easting,8641.0,0.399,0.7897,-0.003,1.5525,0.7408,0.7345,0.4307,0.1912,-1.0926,0.3719,0.7366,0.0057,0.3565,0.0107,0.2469,0.0127,0.3944,8.2201,0.0,LogisticRegression,0.996141761725405,0.9985535511260597,0.9987464411352394,0.9983607211978281,0.9983607156440327,0.9968173105169736,0.9972996676911823,0.9972997475455007,0.997781987611437
visualizing_soil,easting,8641.0,0.399,0.7897,-0.003,1.5525,0.7408,0.7345,0.4307,0.1912,-1.0926,0.3719,0.7366,0.0057,0.3565,0.0107,0.2469,0.0127,0.3944,8.2201,0.0,KNN,0.9933469363858695,0.9940218211472962,0.9936362815449742,0.993250721560963,0.9943114219864502,0.9932505111363317,0.9934434129753764,0.9907430645339632,0.9935395682398519
visualizing_soil,easting,8641.0,0.399,0.7897,-0.003,1.5525,0.7408,0.7345,0.4307,0.1912,-1.0926,0.3719,0.7366,0.0057,0.3565,0.0107,0.2469,0.0127,0.3944,8.2201,0.0,RandomForest,1.0,1.0,1.0,1.0,1.0,1.0,1.0,1.0,1.0
visualizing_soil,easting,8641.0,0.399,0.7897,-0.003,1.5525,0.7408,0.7345,0.4307,0.1912,-1.0926,0.3719,0.7366,0.0057,0.3565,0.0107,0.2469,0.0127,0.3944,8.2201,0.0,AdaBoost,0.999903583372388,0.999903583372388,0.999903583372388,0.999903583372388,0.999903583372388,0.999903583372388,0.999903583372388,0.999903583372388,0.999903583372388
visualizing_soil,easting,8641.0,0.399,0.7897,-0.003,1.5525,0.7408,0.7345,0.4307,0.1912,-1.0926,0.3719,0.7366,0.0057,0.3565,0.0107,0.2469,0.0127,0.3944,8.2201,0.0,SVC,0.998071499508479,0.9987465755557179,0.9985535476824868,0.9987466031448937,0.9984575484594114,0.9973969122848894,0.9973969799451576,0.9978789068559488,0.9978785498174406
visualizing_soil,easting,8641.0,0.3445,0.7756,-0.004,1.5525,0.7428,0.7414,0.4308,0.1739,-1.1148,0.3787,0.7478,0.0011,0.3576,0.0123,0.252,0.0155,0.4026,8.2816,0.0,DecisionTree,0.999903583372388,0.999903583372388,0.999903583372388,0.999903583372388,0.999903583372388,0.999903583372388,0.999903583372388,0.999903583372388,0.999903583372388
visualizing_soil,easting,8641.0,0.3445,0.7756,-0.004,1.5525,0.7428,0.7414,0.4308,0.1739,-1.1148,0.3787,0.7478,0.0011,0.3576,0.0123,0.252,0.0155,0.4026,8.2816,0.0,LogisticRegression,0.9957555649765188,0.9987464411352394,0.9986500134200691,0.9981679044591127,0.9981678723946814,0.995755841269503,0.9982644259245403,0.996817349660585,0.9980714409109404
visualizing_soil,easting,8641.0,0.3445,0.7756,-0.004,1.5525,0.7428,0.7414,0.4308,0.1739,-1.1148,0.3787,0.7478,0.0011,0.3576,0.0123,0.252,0.0155,0.4026,8.2816,0.0,KNN,0.994504178996826,0.9948897492590341,0.9940228107612524,0.9937331515544063,0.9943112500373654,0.9946969619568012,0.9943112253998755,0.9911298646149249,0.9946968108462434
visualizing_soil,easting,8641.0,0.3445,0.7756,-0.004,1.5525,0.7428,0.7414,0.4308,0.1739,-1.1148,0.3787,0.7478,0.0011,0.3576,0.0123,0.252,0.0155,0.4026,8.2816,0.0,RandomForest,1.0,1.0,1.0,1.0,1.0,1.0,1.0,1.0,1.0
visualizing_soil,easting,8641.0,0.3445,0.7756,-0.004,1.5525,0.7428,0.7414,0.4308,0.1739,-1.1148,0.3787,0.7478,0.0011,0.3576,0.0123,0.252,0.0155,0.4026,8.2816,0.0,AdaBoost,0.999903583372388,0.999903583372388,0.999903583372388,0.999903583372388,0.999903583372388,0.999903583372388,0.999903583372388,0.999903583372388,0.999903583372388
visualizing_soil,easting,8641.0,0.3445,0.7756,-0.004,1.5525,0.7428,0.7414,0.4308,0.1739,-1.1148,0.3787,0.7478,0.0011,0.3576,0.0123,0.252,0.0155,0.4026,8.2816,0.0,SVC,0.9988429811795518,0.9986502801259634,0.999132254822594,0.9989395089369538,0.9986503244163564,0.9985539748406741,0.9984575982826005,0.9982644287833823,0.9987467097268257
visualizing_soil,easting,8641.0,0.2985,0.7709,-0.003,1.554,0.7398,0.7337,0.4286,0.179,-1.102,0.3713,0.7407,0.0087,0.3562,0.0186,0.2465,0.0249,0.3945,8.3386,0.0,DecisionTree,0.999903583372388,0.999903583372388,0.999903583372388,0.999903583372388,0.999903583372388,0.999903583372388,0.999903583372388,0.999903583372388,0.999903583372388
visualizing_soil,easting,8641.0,0.2985,0.7709,-0.003,1.554,0.7398,0.7337,0.4286,0.179,-1.102,0.3713,0.7407,0.0087,0.3562,0.0186,0.2465,0.0249,0.3945,8.3386,0.0,LogisticRegression,0.9971065167870664,0.9988428727074541,0.9987464632897465,0.9985535566377326,0.9986500134200691,0.9967206741651122,0.9977821538674538,0.9969138606195745,0.9984571250655179
visualizing_soil,easting,8641.0,0.2985,0.7709,-0.003,1.554,0.7398,0.7337,0.4286,0.179,-1.102,0.3713,0.7407,0.0087,0.3562,0.0186,0.2465,0.0249,0.3945,8.3386,0.0,KNN,0.9939250204598927,0.9945033381735074,0.9948901032894987,0.9935397853788871,0.9937317776792898,0.9932501039517917,0.9940215240694774,0.9926717323147819,0.9931535407537787
visualizing_soil,easting,8641.0,0.2985,0.7709,-0.003,1.554,0.7398,0.7337,0.4286,0.179,-1.102,0.3713,0.7407,0.0087,0.3562,0.0186,0.2465,0.0249,0.3945,8.3386,0.0,RandomForest,1.0,1.0,1.0,1.0,1.0,1.0,0.9999035897568042,0.9999035897568042,1.0
visualizing_soil,easting,8641.0,0.2985,0.7709,-0.003,1.554,0.7398,0.7337,0.4286,0.179,-1.102,0.3713,0.7407,0.0087,0.3562,0.0186,0.2465,0.0249,0.3945,8.3386,0.0,AdaBoost,0.999903583372388,0.999903583372388,0.999903583372388,0.999903583372388,0.999903583372388,0.999903583372388,0.999903583372388,0.999903583372388,0.999903583372388
visualizing_soil,easting,8641.0,0.2985,0.7709,-0.003,1.554,0.7398,0.7337,0.4286,0.179,-1.102,0.3713,0.7407,0.0087,0.3562,0.0186,0.2465,0.0249,0.3945,8.3386,0.0,SVC,0.9981679545804609,0.9984573342669606,0.9989393286724189,0.9976858528650658,0.9978787172605029,0.9975894325490364,0.9980715506236716,0.9978787200381062,0.9978786816370775
visualizing_soil,easting,8641.0,0.2465,0.7593,-0.004,1.56,0.7356,0.7248,0.4297,0.1879,-1.1024,0.3644,0.7359,0.0138,0.3485,0.0221,0.2419,0.0302,0.3882,8.3876,0.0,DecisionTree,0.999903583372388,0.999903583372388,0.999903583372388,0.999903583372388,0.999903583372388,0.999903583372388,0.999903583372388,0.999903583372388,0.999903583372388
visualizing_soil,easting,8641.0,0.2465,0.7593,-0.004,1.56,0.7356,0.7248,0.4297,0.1879,-1.1024,0.3644,0.7359,0.0138,0.3485,0.0221,0.2419,0.0302,0.3882,8.3876,0.0,LogisticRegression,0.9978782331478145,0.9990357493084763,0.9988428727074541,0.9984571472162475,0.9984571472162475,0.9974923694629206,0.998649994206221,0.9980711915234102,0.9985535022722779
visualizing_soil,easting,8641.0,0.2465,0.7593,-0.004,1.56,0.7356,0.7248,0.4297,0.1879,-1.1024,0.3644,0.7359,0.0138,0.3485,0.0221,0.2419,0.0302,0.3882,8.3876,0.0,KNN,0.993443163112119,0.9942145711381546,0.9937325974924285,0.9945040006326608,0.9939252374534272,0.9934432461191683,0.9936363797005122,0.9920933578906097,0.9934430355678598
visualizing_soil,easting,8641.0,0.2465,0.7593,-0.004,1.56,0.7356,0.7248,0.4297,0.1879,-1.1024,0.3644,0.7359,0.0138,0.3485,0.0221,0.2419,0.0302,0.3882,8.3876,0.0,RandomForest,1.0,1.0,1.0,1.0,1.0,1.0,0.9999035897568042,1.0,1.0
visualizing_soil,easting,8641.0,0.2465,0.7593,-0.004,1.56,0.7356,0.7248,0.4297,0.1879,-1.1024,0.3644,0.7359,0.0138,0.3485,0.0221,0.2419,0.0302,0.3882,8.3876,0.0,AdaBoost,0.999903583372388,0.999903583372388,0.999903583372388,0.999903583372388,0.999903583372388,0.999903583372388,0.999903583372388,0.999903583372388,0.999903583372388
visualizing_soil,easting,8641.0,0.2465,0.7593,-0.004,1.56,0.7356,0.7248,0.4297,0.1879,-1.1024,0.3644,0.7359,0.0138,0.3485,0.0221,0.2419,0.0302,0.3882,8.3876,0.0,SVC,0.9991322622350467,0.9994215275113012,0.9992286401661388,0.9991322548566838,0.9989393554388324,0.9989394399172076,0.9992287144051,0.998167917627421,0.999132283186642
visualizing_soil,easting,8641.0,0.1934,0.741,-0.004,1.56,0.7411,0.7337,0.4291,0.18,-1.0982,0.3714,0.7393,0.0046,0.3595,0.0163,0.2501,0.0216,0.4003,8.4267,0.0,DecisionTree,0.999903583372388,0.999903583372388,0.999903583372388,0.999903583372388,0.999903583372388,0.999903583372388,0.999903583372388,0.999903583372388,0.999903583372388
visualizing_soil,easting,8641.0,0.1934,0.741,-0.004,1.56,0.7411,0.7337,0.4291,0.18,-1.0982,0.3714,0.7393,0.0046,0.3595,0.0163,0.2501,0.0216,0.4003,8.4267,0.0,LogisticRegression,0.9979748037062359,0.9988428727074541,0.9986500134200691,0.9983608395594734,0.9981679942428917,0.9982642365695233,0.9988429207499111,0.9978784373413344,0.9984571940202593
visualizing_soil,easting,8641.0,0.1934,0.741,-0.004,1.56,0.7411,0.7337,0.4291,0.18,-1.0982,0.3714,0.7393,0.0046,0.3595,0.0163,0.2501,0.0216,0.4003,8.4267,0.0,KNN,0.9943114190778104,0.9953715349919874,0.9951789242387101,0.9941178000982898,0.994696728106652,0.9945041426753125,0.9944075505629422,0.9934430342222852,0.9944074835804592
visualizing_soil,easting,8641.0,0.1934,0.741,-0.004,1.56,0.7411,0.7337,0.4291,0.18,-1.0982,0.3714,0.7393,0.0046,0.3595,0.0163,0.2501,0.0216,0.4003,8.4267,0.0,RandomForest,1.0,1.0,1.0,1.0,1.0,1.0,1.0,1.0,1.0
visualizing_soil,easting,8641.0,0.1934,0.741,-0.004,1.56,0.7411,0.7337,0.4291,0.18,-1.0982,0.3714,0.7393,0.0046,0.3595,0.0163,0.2501,0.0216,0.4003,8.4267,0.0,AdaBoost,0.999903583372388,0.999903583372388,0.999903583372388,0.999903583372388,0.999903583372388,0.999903583372388,0.999903583372388,0.999903583372388,0.999903583372388
visualizing_soil,easting,8641.0,0.1934,0.741,-0.004,1.56,0.7411,0.7337,0.4291,0.18,-1.0982,0.3714,0.7393,0.0046,0.3595,0.0163,0.2501,0.0216,0.4003,8.4267,0.0,SVC,0.9992286100847982,0.9993250331847783,0.9986499861754463,0.9993250331847783,0.9991321902717676,0.9990357909531273,0.999228648142555,0.9987464350141879,0.9993250331847783
visualizing_soil,easting,8641.0,0.1563,0.7333,-0.003,1.554,0.7354,0.7248,0.4284,0.1946,-1.0918,0.3636,0.7309,0.0084,0.3535,0.019,0.241,0.0255,0.3888,8.4563,0.0,DecisionTree,0.999903583372388,0.999903583372388,0.999903583372388,0.999903583372388,0.999903583372388,0.999903583372388,0.999903583372388,0.999903583372388,0.999903583372388
visualizing_soil,easting,8641.0,0.1563,0.7333,-0.003,1.554,0.7354,0.7248,0.4284,0.1946,-1.0918,0.3636,0.7309,0.0084,0.3535,0.019,0.241,0.0255,0.3888,8.4563,0.0,LogisticRegression,0.998360631713872,0.9975896746471931,0.9985535566377326,0.9986499660554401,0.9985535566377326,0.9983606444740458,0.9983607909280384,0.9984570924995059,0.9986499660554401
visualizing_soil,easting,8641.0,0.1563,0.7333,-0.003,1.554,0.7354,0.7248,0.4284,0.1946,-1.0918,0.3636,0.7309,0.0084,0.3535,0.019,0.241,0.0255,0.3888,8.4563,0.0,KNN,0.9944069783376877,0.9940209809641458,0.9946968214517886,0.994117688994848,0.9945037577733699,0.994310915815996,0.9943104863772813,0.9930568723034955,0.9942139286661626
visualizing_soil,easting,8641.0,0.1563,0.7333,-0.003,1.554,0.7354,0.7248,0.4284,0.1946,-1.0918,0.3636,0.7309,0.0084,0.3535,0.019,0.241,0.0255,0.3888,8.4563,0.0,RandomForest,1.0,1.0,1.0,1.0,1.0,1.0,1.0,1.0,1.0
visualizing_soil,easting,8641.0,0.1563,0.7333,-0.003,1.554,0.7354,0.7248,0.4284,0.1946,-1.0918,0.3636,0.7309,0.0084,0.3535,0.019,0.241,0.0255,0.3888,8.4563,0.0,AdaBoost,0.999903583372388,0.999903583372388,0.999903583372388,0.999903583372388,0.999903583372388,0.999903583372388,0.999903583372388,0.999903583372388,0.999903583372388
visualizing_soil,easting,8641.0,0.1563,0.7333,-0.003,1.554,0.7354,0.7248,0.4284,0.1946,-1.0918,0.3636,0.7309,0.0084,0.3535,0.019,0.241,0.0255,0.3888,8.4563,0.0,SVC,0.9990357630006744,0.9991321755277196,0.998360679914089,0.9987464520365404,0.998457191045214,0.9986501231225038,0.9989393740633152,0.9989393733116696,0.9990357671717875
visualizing_soil,easting,8641.0,0.1016,0.7241,-0.004,1.56,0.7408,0.7332,0.4302,0.1862,-1.1024,0.371,0.7418,0.0038,0.3608,0.0158,0.249,0.0209,0.3995,8.5004,0.0,DecisionTree,0.999903583372388,0.999903583372388,0.999903583372388,0.999903583372388,0.999903583372388,0.999903583372388,0.999903583372388,0.999903583372388,0.999903583372388
visualizing_soil,easting,8641.0,0.1016,0.7241,-0.004,1.56,0.7408,0.7332,0.4302,0.1862,-1.1024,0.371,0.7418,0.0038,0.3608,0.0158,0.249,0.0209,0.3995,8.5004,0.0,LogisticRegression,0.9983605998278721,0.9979752520639447,0.9988428727074541,0.9988428727074541,0.9987464228377767,0.9983605998278721,0.9984571475729415,0.998457131144733,0.9987464228377767
visualizing_soil,easting,8641.0,0.1016,0.7241,-0.004,1.56,0.7408,0.7332,0.4302,0.1862,-1.1024,0.371,0.7418,0.0038,0.3608,0.0158,0.249,0.0209,0.3995,8.5004,0.0,KNN,0.9949863571330857,0.9954679034468777,0.9958539828401255,0.9947934700792207,0.9946007594811207,0.9946969024938004,0.9948897018312713,0.9940215538439531,0.994214941399294
visualizing_soil,easting,8641.0,0.1016,0.7241,-0.004,1.56,0.7408,0.7332,0.4302,0.1862,-1.1024,0.371,0.7418,0.0038,0.3608,0.0158,0.249,0.0209,0.3995,8.5004,0.0,RandomForest,1.0,1.0,1.0,1.0,1.0,1.0,1.0,1.0,1.0
visualizing_soil,easting,8641.0,0.1016,0.7241,-0.004,1.56,0.7408,0.7332,0.4302,0.1862,-1.1024,0.371,0.7418,0.0038,0.3608,0.0158,0.249,0.0209,0.3995,8.5004,0.0,AdaBoost,0.999903583372388,0.999903583372388,0.999903583372388,0.999903583372388,0.999903583372388,0.999903583372388,0.999903583372388,0.999903583372388,0.999903583372388
visualizing_soil,easting,8641.0,0.1016,0.7241,-0.004,1.56,0.7408,0.7332,0.4302,0.1862,-1.1024,0.371,0.7418,0.0038,0.3608,0.0158,0.249,0.0209,0.3995,8.5004,0.0,SVC,0.9986500378979153,0.9985536196717015,0.9989393240144833,0.9984571534990242,0.9983607444380107,0.9985536287179285,0.9986500623616449,0.9985536083255672,0.9985536287179285
visualizing_soil,easting,8641.0,0.0486,0.7104,-0.004,1.56,0.7381,0.728,0.4293,0.189,-1.0962,0.3664,0.7355,0.0113,0.3554,0.0206,0.2463,0.0283,0.3949,8.5324,0.0,DecisionTree,0.999903583372388,0.999903583372388,0.999903583372388,0.999903583372388,0.999903583372388,0.999903583372388,0.999903583372388,0.999903583372388,0.999903583372388
visualizing_soil,easting,8641.0,0.0486,0.7104,-0.004,1.56,0.7381,0.728,0.4293,0.189,-1.0962,0.3664,0.7355,0.0113,0.3554,0.0206,0.2463,0.0283,0.3949,8.5324,0.0,LogisticRegression,0.9983606490083133,0.9983608202790635,0.9987464411352394,0.9988428727074541,0.9988428727074541,0.9982641806908835,0.9986500137767632,0.9984570954970343,0.9988428727074541
visualizing_soil,easting,8641.0,0.0486,0.7104,-0.004,1.56,0.7381,0.728,0.4293,0.189,-1.0962,0.3664,0.7355,0.0113,0.3554,0.0206,0.2463,0.0283,0.3949,8.5324,0.0,KNN,0.9946971759407747,0.994889664861485,0.9949861737969539,0.9949861892208052,0.9946972355374433,0.9943110587212062,0.9943106112839573,0.9941180698149306,0.9944077808135334
visualizing_soil,easting,8641.0,0.0486,0.7104,-0.004,1.56,0.7381,0.728,0.4293,0.189,-1.0962,0.3664,0.7355,0.0113,0.3554,0.0206,0.2463,0.0283,0.3949,8.5324,0.0,RandomForest,1.0,1.0,1.0,1.0,1.0,1.0,1.0,1.0,1.0
visualizing_soil,easting,8641.0,0.0486,0.7104,-0.004,1.56,0.7381,0.728,0.4293,0.189,-1.0962,0.3664,0.7355,0.0113,0.3554,0.0206,0.2463,0.0283,0.3949,8.5324,0.0,AdaBoost,0.999903583372388,0.999903583372388,0.999903583372388,0.999903583372388,0.999903583372388,0.999903583372388,0.999903583372388,0.999903583372388,0.999903583372388
visualizing_soil,easting,8641.0,0.0486,0.7104,-0.004,1.56,0.7381,0.728,0.4293,0.189,-1.0962,0.3664,0.7355,0.0113,0.3554,0.0206,0.2463,0.0283,0.3949,8.5324,0.0,SVC,0.998553642359575,0.9983608321540953,0.9990357676175188,0.998650043504062,0.9984572331795882,0.9984572331795882,0.9982644391939681,0.9981679006422275,0.9985536343240752
visualizing_soil,resistivity,8641.0,0.5039,0.7985,0.92,162.42,50.8631,47.85,28.6566,0.5511,-0.0391,19.55,41.515,0.0117,0.3532,0.0057,0.2408,0.0002,0.3888,8.0646,0.0,DecisionTree,0.999903583372388,0.999903583372388,0.999903583372388,0.999903583372388,0.999903583372388,0.999903583372388,0.999903583372388,0.999903583372388,0.999903583372388
visualizing_soil,resistivity,8641.0,0.5039,0.7985,0.92,162.42,50.8631,47.85,28.6566,0.5511,-0.0391,19.55,41.515,0.0117,0.3532,0.0057,0.2408,0.0002,0.3888,8.0646,0.0,LogisticRegression,0.998650012266758,0.9984571056147441,0.9988428727074541,0.9992285995206895,0.9991321825109278,0.998650012266758,0.9985535623970806,0.9984571056147441,0.998650012266758
visualizing_soil,resistivity,8641.0,0.5039,0.7985,0.92,162.42,50.8631,47.85,28.6566,0.5511,-0.0391,19.55,41.515,0.0117,0.3532,0.0057,0.2408,0.0002,0.3888,8.0646,0.0,KNN,0.9950820465504201,0.9963358116804957,0.9965287692880713,0.9956609506040989,0.9960466547893726,0.9950819778654622,0.9946961302074865,0.9943109396044245,0.994985739091332
visualizing_soil,resistivity,8641.0,0.5039,0.7985,0.92,162.42,50.8631,47.85,28.6566,0.5511,-0.0391,19.55,41.515,0.0117,0.3532,0.0057,0.2408,0.0002,0.3888,8.0646,0.0,RandomForest,1.0,1.0,1.0,1.0,1.0,1.0,0.9999035897568042,1.0,1.0
visualizing_soil,resistivity,8641.0,0.5039,0.7985,0.92,162.42,50.8631,47.85,28.6566,0.5511,-0.0391,19.55,41.515,0.0117,0.3532,0.0057,0.2408,0.0002,0.3888,8.0646,0.0,AdaBoost,0.999903583372388,0.999903583372388,0.999903583372388,0.999903583372388,0.999903583372388,0.999903583372388,0.999903583372388,0.999903583372388,0.999903583372388
visualizing_soil,resistivity,8641.0,0.5039,0.7985,0.92,162.42,50.8631,47.85,28.6566,0.5511,-0.0391,19.55,41.515,0.0117,0.3532,0.0057,0.2408,0.0002,0.3888,8.0646,0.0,SVC,0.9994214699308079,0.9988428578027061,0.9989393157863231,0.9993250498504371,0.999228602002636,0.9992286012842817,0.9994214699308079,0.9984570936855207,0.9990357581039309
visualizing_soil,resistivity,8641.0,0.4429,0.7881,0.89,165.63,50.7965,47.925,28.4932,0.5264,-0.0788,19.435,41.515,0.0213,0.3519,0.0012,0.2398,0.007,0.3853,8.1599,0.0,DecisionTree,0.999903583372388,0.999903583372388,0.999903583372388,0.999903583372388,0.999903583372388,0.999903583372388,0.999903583372388,0.999903583372388,0.999903583372388
visualizing_soil,resistivity,8641.0,0.4429,0.7881,0.89,165.63,50.7965,47.925,28.4932,0.5264,-0.0788,19.435,41.515,0.0213,0.3519,0.0012,0.2398,0.007,0.3853,8.1599,0.0,LogisticRegression,0.9984571056147441,0.998360696193259,0.9991321825109278,0.9993250336101371,0.9992285995206895,0.9984571056147441,0.9984571056147441,0.9984571204400103,0.9991321825109278
visualizing_soil,resistivity,8641.0,0.4429,0.7881,0.89,165.63,50.7965,47.925,28.4932,0.5264,-0.0788,19.435,41.515,0.0213,0.3519,0.0012,0.2398,0.007,0.3853,8.1599,0.0,KNN,0.9949859200918343,0.9955642630221472,0.9950824365098713,0.994889232736491,0.9952753150503837,0.9943108458736994,0.9942144979977192,0.9920920097092233,0.9949863063720292
visualizing_soil,resistivity,8641.0,0.4429,0.7881,0.89,165.63,50.7965,47.925,28.4932,0.5264,-0.0788,19.435,41.515,0.0213,0.3519,0.0012,0.2398,0.007,0.3853,8.1599,0.0,RandomForest,1.0,0.9999035897568042,1.0,1.0,1.0,1.0,0.9999035897568042,0.9999035897568042,1.0
visualizing_soil,resistivity,8641.0,0.4429,0.7881,0.89,165.63,50.7965,47.925,28.4932,0.5264,-0.0788,19.435,41.515,0.0213,0.3519,0.0012,0.2398,0.007,0.3853,8.1599,0.0,AdaBoost,0.999903583372388,0.999903583372388,0.999903583372388,0.999903583372388,0.999903583372388,0.999903583372388,0.999903583372388,0.999903583372388,0.999903583372388
visualizing_soil,resistivity,8641.0,0.4429,0.7881,0.89,165.63,50.7965,47.925,28.4932,0.5264,-0.0788,19.435,41.515,0.0213,0.3519,0.0012,0.2398,0.007,0.3853,8.1599,0.0,SVC,0.998842917574825,0.9982642790747243,0.9993250559334299,0.9990357671717875,0.9991321991897335,0.998842917574825,0.998842917574825,0.9979749255766062,0.9987464814855107
visualizing_soil,resistivity,8641.0,0.405,0.7732,0.89,166.01,50.9174,47.75,28.8831,0.5859,0.0376,19.12,40.87,0.0157,0.3468,0.0048,0.2428,0.0014,0.3881,8.2021,0.0,DecisionTree,0.999903583372388,0.999903583372388,0.999903583372388,0.999903583372388,0.999903583372388,0.999903583372388,0.999903583372388,0.999903583372388,0.999903583372388
visualizing_soil,resistivity,8641.0,0.405,0.7732,0.89,166.01,50.9174,47.75,28.8831,0.5859,0.0376,19.12,40.87,0.0157,0.3468,0.0048,0.2428,0.0014,0.3881,8.2021,0.0,LogisticRegression,0.9985535566377326,0.9983607041141225,0.9984571056147441,0.9992285995206895,0.9989392969542054,0.9984571472162475,0.998360696193259,0.9984571056147441,0.9985535566377326
visualizing_soil,resistivity,8641.0,0.405,0.7732,0.89,166.01,50.9174,47.75,28.8831,0.5859,0.0376,19.12,40.87,0.0157,0.3468,0.0048,0.2428,0.0014,0.3881,8.2021,0.0,KNN,0.9962392434949002,0.9964320213376867,0.9955642863640517,0.9956605018695511,0.996914681783031,0.9954676832577172,0.9957569274505181,0.9929612356231423,0.9959498660933502
visualizing_soil,resistivity,8641.0,0.405,0.7732,0.89,166.01,50.9174,47.75,28.8831,0.5859,0.0376,19.12,40.87,0.0157,0.3468,0.0048,0.2428,0.0014,0.3881,8.2021,0.0,RandomForest,1.0,0.999903583372388,1.0,1.0,1.0,1.0,1.0,1.0,1.0
visualizing_soil,resistivity,8641.0,0.405,0.7732,0.89,166.01,50.9174,47.75,28.8831,0.5859,0.0376,19.12,40.87,0.0157,0.3468,0.0048,0.2428,0.0014,0.3881,8.2021,0.0,AdaBoost,0.999903583372388,0.999903583372388,0.999903583372388,0.999903583372388,0.999903583372388,0.999903583372388,0.999903583372388,0.999903583372388,0.999903583372388
visualizing_soil,resistivity,8641.0,0.405,0.7732,0.89,166.01,50.9174,47.75,28.8831,0.5859,0.0376,19.12,40.87,0.0157,0.3468,0.0048,0.2428,0.0014,0.3881,8.2021,0.0,SVC,0.9993250423569375,0.9990357695293985,0.9989393257302024,0.9990357695293985,0.9992286328334499,0.9995179083259853,0.9997107488497541,0.999035758977248,0.9994214786656501
visualizing_soil,resistivity,8641.0,0.351,0.7602,0.89,166.01,50.8274,47.75,28.7981,0.5557,-0.0335,19.625,41.325,0.0171,0.351,0.007,0.2452,0.0001,0.392,8.2689,0.0,DecisionTree,0.999903583372388,0.999903583372388,0.999903583372388,0.999903583372388,0.999903583372388,0.999903583372388,0.999903583372388,0.999903583372388,0.999903583372388
visualizing_soil,resistivity,8641.0,0.351,0.7602,0.89,166.01,50.8274,47.75,28.7981,0.5557,-0.0335,19.625,41.325,0.0171,0.351,0.007,0.2452,0.0001,0.392,8.2689,0.0,LogisticRegression,0.9988429063348945,0.9988428647296136,0.9987464228377767,0.9989393157526021,0.9988428727074541,0.9988429063348945,0.9987464632897465,0.9988428647296136,0.9988429063348945
visualizing_soil,resistivity,8641.0,0.351,0.7602,0.89,166.01,50.8274,47.75,28.7981,0.5557,-0.0335,19.625,41.325,0.0171,0.351,0.007,0.2452,0.0001,0.392,8.2689,0.0,KNN,0.9945999154249205,0.9952748727151803,0.9961431823597983,0.9941177037994297,0.9954677359681284,0.9942142078567903,0.9944068968375648,0.992381493544866,0.9940214018866815
visualizing_soil,resistivity,8641.0,0.351,0.7602,0.89,166.01,50.8274,47.75,28.7981,0.5557,-0.0335,19.625,41.325,0.0171,0.351,0.007,0.2452,0.0001,0.392,8.2689,0.0,RandomForest,1.0,1.0,1.0,1.0,1.0,1.0,1.0,1.0,1.0
visualizing_soil,resistivity,8641.0,0.351,0.7602,0.89,166.01,50.8274,47.75,28.7981,0.5557,-0.0335,19.625,41.325,0.0171,0.351,0.007,0.2452,0.0001,0.392,8.2689,0.0,AdaBoost,0.999903583372388,0.999903583372388,0.999903583372388,0.999903583372388,0.999903583372388,0.999903583372388,0.999903583372388,0.999903583372388,0.999903583372388
visualizing_soil,resistivity,8641.0,0.351,0.7602,0.89,166.01,50.8274,47.75,28.7981,0.5557,-0.0335,19.625,41.325,0.0171,0.351,0.007,0.2452,0.0001,0.392,8.2689,0.0,SVC,0.9995179015030227,0.9990357671717875,0.9991321767747984,0.9989393098439912,0.9992286222897135,0.999517907179214,0.999517907179214,0.998746464881545,0.9994214757464606
visualizing_soil,resistivity,8641.0,0.3058,0.7391,0.89,166.01,51.1701,47.86,29.0491,0.5689,-0.0027,19.66,41.915,0.0149,0.351,0.0054,0.2452,0.0025,0.3928,8.3,0.0,DecisionTree,0.999903583372388,0.999903583372388,0.999903583372388,0.999903583372388,0.999903583372388,0.999903583372388,0.999903583372388,0.999903583372388,0.999903583372388
visualizing_soil,resistivity,8641.0,0.3058,0.7391,0.89,166.01,51.1701,47.86,29.0491,0.5689,-0.0027,19.66,41.915,0.0149,0.351,0.0054,0.2452,0.0025,0.3928,8.3,0.0,LogisticRegression,0.9988428727074541,0.9986500134200691,0.9988428727074541,0.9991321825109278,0.9991321825109278,0.9989392969542054,0.9989392969542054,0.9987464632897465,0.9989392969542054
visualizing_soil,resistivity,8641.0,0.3058,0.7391,0.89,166.01,51.1701,47.86,29.0491,0.5689,-0.0027,19.66,41.915,0.0149,0.351,0.0054,0.2452,0.0025,0.3928,8.3,0.0,KNN,0.9946966254595329,0.9948896307944065,0.9946006353007397,0.9945039536411792,0.9943111403428094,0.9950824247652338,0.9945038960041089,0.9925747238960422,0.9952751659714694
visualizing_soil,resistivity,8641.0,0.3058,0.7391,0.89,166.01,51.1701,47.86,29.0491,0.5689,-0.0027,19.66,41.915,0.0149,0.351,0.0054,0.2452,0.0025,0.3928,8.3,0.0,RandomForest,1.0,1.0,1.0,1.0,1.0,1.0,1.0,1.0,1.0
visualizing_soil,resistivity,8641.0,0.3058,0.7391,0.89,166.01,51.1701,47.86,29.0491,0.5689,-0.0027,19.66,41.915,0.0149,0.351,0.0054,0.2452,0.0025,0.3928,8.3,0.0,AdaBoost,0.999903583372388,0.999903583372388,0.999903583372388,0.999903583372388,0.999903583372388,0.999903583372388,0.999903583372388,0.999903583372388,0.999903583372388
visualizing_soil,resistivity,8641.0,0.3058,0.7391,0.89,166.01,51.1701,47.86,29.0491,0.5689,-0.0027,19.66,41.915,0.0149,0.351,0.0054,0.2452,0.0025,0.3928,8.3,0.0,SVC,0.9993250731326052,0.9992286270545141,0.9992286108642461,0.9992286111315861,0.9992286111315861,0.9990358263315031,0.9992286557088165,0.9991322006503616,0.9991322205189177
visualizing_soil,resistivity,8641.0,0.2463,0.7221,0.89,166.01,51.0209,47.81,28.8662,0.5576,-0.0088,19.52,41.52,0.0155,0.3659,0.0053,0.2555,0.0029,0.4075,8.3516,0.0,DecisionTree,0.999903583372388,0.999903583372388,0.999903583372388,0.999903583372388,0.999903583372388,0.999903583372388,0.999903583372388,0.999903583372388,0.999903583372388
visualizing_soil,resistivity,8641.0,0.2463,0.7221,0.89,166.01,51.0209,47.81,28.8662,0.5576,-0.0088,19.52,41.52,0.0155,0.3659,0.0053,0.2555,0.0029,0.4075,8.3516,0.0,LogisticRegression,0.9985535623970806,0.9987464308141928,0.9987464228377767,0.9992285995206895,0.9990357399993534,0.9985535623970806,0.9987464228377767,0.9986500134200691,0.9990357399993534
visualizing_soil,resistivity,8641.0,0.2463,0.7221,0.89,166.01,51.0209,47.81,28.8662,0.5576,-0.0088,19.52,41.52,0.0155,0.3659,0.0053,0.2555,0.0029,0.4075,8.3516,0.0,KNN,0.9951786809358046,0.9953717080716823,0.9957572040249945,0.9951787139019679,0.9959500398544909,0.9947929993006879,0.9950821961729092,0.9935394499792456,0.994600394992402
visualizing_soil,resistivity,8641.0,0.2463,0.7221,0.89,166.01,51.0209,47.81,28.8662,0.5576,-0.0088,19.52,41.52,0.0155,0.3659,0.0053,0.2555,0.0029,0.4075,8.3516,0.0,RandomForest,1.0,1.0,1.0,1.0,1.0,1.0,1.0,1.0,1.0
visualizing_soil,resistivity,8641.0,0.2463,0.7221,0.89,166.01,51.0209,47.81,28.8662,0.5576,-0.0088,19.52,41.52,0.0155,0.3659,0.0053,0.2555,0.0029,0.4075,8.3516,0.0,AdaBoost,0.999903583372388,0.999903583372388,0.999903583372388,0.999903583372388,0.999903583372388,0.999903583372388,0.999903583372388,0.999903583372388,0.999903583372388
visualizing_soil,resistivity,8641.0,0.2463,0.7221,0.89,166.01,51.0209,47.81,28.8662,0.5576,-0.0088,19.52,41.52,0.0155,0.3659,0.0053,0.2555,0.0029,0.4075,8.3516,0.0,SVC,0.9994214825694232,0.9990357957945822,0.9990357690836672,0.9995179059367434,0.9996143314259653,0.9994214757464606,0.9994214757464606,0.9989393496194453,0.9996143314259653
visualizing_soil,resistivity,8641.0,0.1987,0.7142,0.92,166.01,51.0568,48.115,28.8284,0.5679,0.0139,19.56,41.1825,0.0158,0.3512,0.006,0.2444,0.0007,0.3913,8.4,0.0,DecisionTree,0.999903583372388,0.999903583372388,0.999903583372388,0.999903583372388,0.999903583372388,0.999903583372388,0.999903583372388,0.999903583372388,0.999903583372388
visualizing_soil,resistivity,8641.0,0.1987,0.7142,0.92,166.01,51.0568,48.115,28.8284,0.5679,0.0139,19.56,41.1825,0.0158,0.3512,0.006,0.2444,0.0007,0.3913,8.4,0.0,LogisticRegression,0.9988428647296136,0.9987464365135093,0.9988428727074541,0.9990357582641766,0.9989393157526021,0.9988428647296136,0.998746455311906,0.9988428459312169,0.9988428647296136
visualizing_soil,resistivity,8641.0,0.1987,0.7142,0.92,166.01,51.0568,48.115,28.8284,0.5679,0.0139,19.56,41.1825,0.0158,0.3512,0.006,0.2444,0.0007,0.3913,8.4,0.0,KNN,0.9930574364627693,0.9937319642356514,0.9952754834391901,0.9939248739494526,0.9944069557142252,0.9927678258796404,0.9929609942245612,0.9918031545192771,0.9932501642995017
visualizing_soil,resistivity,8641.0,0.1987,0.7142,0.92,166.01,51.0568,48.115,28.8284,0.5679,0.0139,19.56,41.1825,0.0158,0.3512,0.006,0.2444,0.0007,0.3913,8.4,0.0,RandomForest,1.0,1.0,1.0,1.0,1.0,1.0,1.0,1.0,1.0
visualizing_soil,resistivity,8641.0,0.1987,0.7142,0.92,166.01,51.0568,48.115,28.8284,0.5679,0.0139,19.56,41.1825,0.0158,0.3512,0.006,0.2444,0.0007,0.3913,8.4,0.0,AdaBoost,0.999903583372388,0.999903583372388,0.999903583372388,0.999903583372388,0.999903583372388,0.999903583372388,0.999903583372388,0.999903583372388,0.999903583372388
visualizing_soil,resistivity,8641.0,0.1987,0.7142,0.92,166.01,51.0568,48.115,28.8284,0.5679,0.0139,19.56,41.1825,0.0158,0.3512,0.006,0.2444,0.0007,0.3913,8.4,0.0,SVC,0.9992286270177972,0.9990357477601931,0.9987464402552904,0.9993250559334299,0.9989393098439912,0.999517893030788,0.9995178922346112,0.9991321926610095,0.9992286243612152
visualizing_soil,resistivity,8641.0,0.1504,0.7014,0.89,162.42,50.8572,47.91,28.6628,0.5484,-0.0173,19.48,41.36,0.0205,0.3635,0.0028,0.2501,0.0056,0.4005,8.4355,0.0,DecisionTree,0.999903583372388,0.999903583372388,0.999903583372388,0.999903583372388,0.999903583372388,0.999903583372388,0.999903583372388,0.999903583372388,0.999903583372388
visualizing_soil,resistivity,8641.0,0.1504,0.7014,0.89,162.42,50.8572,47.91,28.6628,0.5484,-0.0173,19.48,41.36,0.0205,0.3635,0.0028,0.2501,0.0056,0.4005,8.4355,0.0,LogisticRegression,0.9985535566377326,0.9984571056147441,0.9989393157526021,0.9991321825109278,0.9989393157526021,0.9985535566377326,0.9984571056147441,0.9984571056147441,0.9987464228377767
visualizing_soil,resistivity,8641.0,0.1504,0.7014,0.89,162.42,50.8572,47.91,28.6628,0.5484,-0.0173,19.48,41.36,0.0205,0.3635,0.0028,0.2501,0.0056,0.4005,8.4355,0.0,KNN,0.9933463619096068,0.9933460103912726,0.9947927309710907,0.9935396549162021,0.9943103262026551,0.9937323434356143,0.9939251163772829,0.992574667606708,0.994213950130388
visualizing_soil,resistivity,8641.0,0.1504,0.7014,0.89,162.42,50.8572,47.91,28.6628,0.5484,-0.0173,19.48,41.36,0.0205,0.3635,0.0028,0.2501,0.0056,0.4005,8.4355,0.0,RandomForest,1.0,1.0,1.0,1.0,1.0,1.0,0.9999035897568042,1.0,1.0
visualizing_soil,resistivity,8641.0,0.1504,0.7014,0.89,162.42,50.8572,47.91,28.6628,0.5484,-0.0173,19.48,41.36,0.0205,0.3635,0.0028,0.2501,0.0056,0.4005,8.4355,0.0,AdaBoost,0.999903583372388,0.999903583372388,0.999903583372388,0.999903583372388,0.999903583372388,0.999903583372388,0.999903583372388,0.999903583372388,0.999903583372388
visualizing_soil,resistivity,8641.0,0.1504,0.7014,0.89,162.42,50.8572,47.91,28.6628,0.5484,-0.0173,19.48,41.36,0.0205,0.3635,0.0028,0.2501,0.0056,0.4005,8.4355,0.0,SVC,0.9987464524822718,0.9988429286878895,0.9989393286313277,0.9991321945728892,0.9991321880316061,0.998746464881545,0.999035758371271,0.9988429286878895,0.99884289454188
visualizing_soil,resistivity,8641.0,0.0962,0.6876,0.89,166.01,50.775,47.705,28.7251,0.5604,-0.0044,19.415,41.265,0.0176,0.3562,0.004,0.2471,0.0039,0.3951,8.4743,0.0,DecisionTree,0.999903583372388,0.999903583372388,0.999903583372388,0.999903583372388,0.999903583372388,0.999903583372388,0.999903583372388,0.999903583372388,0.999903583372388
visualizing_soil,resistivity,8641.0,0.0962,0.6876,0.89,166.01,50.775,47.705,28.7251,0.5604,-0.0044,19.415,41.265,0.0176,0.3562,0.004,0.2471,0.0039,0.3951,8.4743,0.0,LogisticRegression,0.9987464228377767,0.9987464632897465,0.9988428727074541,0.9989393157526021,0.9988428727074541,0.9985535566377326,0.9985535566377326,0.9990357394657798,0.9988428727074541
visualizing_soil,resistivity,8641.0,0.0962,0.6876,0.89,166.01,50.775,47.705,28.7251,0.5604,-0.0044,19.415,41.265,0.0176,0.3562,0.004,0.2471,0.0039,0.3951,8.4743,0.0,KNN,0.9958543830347643,0.9951789859031188,0.9955649696865592,0.9952760731461123,0.9953722648755821,0.994889961133734,0.9956612828890886,0.9947932876778991,0.9960468695374651
visualizing_soil,resistivity,8641.0,0.0962,0.6876,0.89,166.01,50.775,47.705,28.7251,0.5604,-0.0044,19.415,41.265,0.0176,0.3562,0.004,0.2471,0.0039,0.3951,8.4743,0.0,RandomForest,1.0,1.0,1.0,1.0,1.0,1.0,1.0,1.0,1.0
visualizing_soil,resistivity,8641.0,0.0962,0.6876,0.89,166.01,50.775,47.705,28.7251,0.5604,-0.0044,19.415,41.265,0.0176,0.3562,0.004,0.2471,0.0039,0.3951,8.4743,0.0,AdaBoost,0.999903583372388,0.999903583372388,0.999903583372388,0.999903583372388,0.999903583372388,0.999903583372388,0.999903583372388,0.999903583372388,0.999903583372388
visualizing_soil,resistivity,8641.0,0.0962,0.6876,0.89,166.01,50.775,47.705,28.7251,0.5604,-0.0044,19.415,41.265,0.0176,0.3562,0.004,0.2471,0.0039,0.3951,8.4743,0.0,SVC,0.9991321970901221,0.9994214703328768,0.9992286242332242,0.9997107421158751,0.999421464756993,0.9993250525070192,0.9994214699308079,0.9992286145139109,0.9990357630006744
visualizing_soil,resistivity,8641.0,0.0551,0.6773,0.92,166.01,51.048,48.01,28.9607,0.5625,-0.0099,19.65,41.73,0.0195,0.3538,0.0018,0.2456,0.0069,0.394,8.5001,0.0,DecisionTree,0.999903583372388,0.999903583372388,0.999903583372388,0.999903583372388,0.999903583372388,0.999903583372388,0.999903583372388,0.999903583372388,0.999903583372388
visualizing_soil,resistivity,8641.0,0.0551,0.6773,0.92,166.01,51.048,48.01,28.9607,0.5625,-0.0099,19.65,41.73,0.0195,0.3538,0.0018,0.2456,0.0069,0.394,8.5001,0.0,LogisticRegression,0.9987464228377767,0.9986499808844839,0.9987464228377767,0.9988428727074541,0.9988428727074541,0.9987464228377767,0.9987464228377767,0.9987463903021915,0.9988428727074541
visualizing_soil,resistivity,8641.0,0.0551,0.6773,0.92,166.01,51.048,48.01,28.9607,0.5625,-0.0099,19.65,41.73,0.0195,0.3538,0.0018,0.2456,0.0069,0.394,8.5001,0.0,KNN,0.9949861159084643,0.9953719424935216,0.9953719483145285,0.995371895542044,0.995854080405012,0.9950828374390354,0.9952756663193982,0.9949862513779437,0.9946006200806722
visualizing_soil,resistivity,8641.0,0.0551,0.6773,0.92,166.01,51.048,48.01,28.9607,0.5625,-0.0099,19.65,41.73,0.0195,0.3538,0.0018,0.2456,0.0069,0.394,8.5001,0.0,RandomForest,1.0,1.0,1.0,1.0,1.0,1.0,0.9999035897568042,1.0,1.0
visualizing_soil,resistivity,8641.0,0.0551,0.6773,0.92,166.01,51.048,48.01,28.9607,0.5625,-0.0099,19.65,41.73,0.0195,0.3538,0.0018,0.2456,0.0069,0.394,8.5001,0.0,AdaBoost,0.999903583372388,0.999903583372388,0.999903583372388,0.999903583372388,0.999903583372388,0.999903583372388,0.999903583372388,0.999903583372388,0.999903583372388
visualizing_soil,resistivity,8641.0,0.0551,0.6773,0.92,166.01,51.048,48.01,28.9607,0.5625,-0.0099,19.65,41.73,0.0195,0.3538,0.0018,0.2456,0.0069,0.394,8.5001,0.0,SVC,0.9991322140779804,0.9984572170307069,0.9992286242332242,0.9992286328334499,0.9993250583226718,0.9992286383247317,0.9992286383247317,0.9982643618064873,0.9994214814226519
