name,column_name,n_tuples,missing_perc,uniqueness,min,max,mean,median,std,skewness,kurtosis,mad,iqr,p_min,p_max,k_min,k_max,s_min,s_max,entropy,density,ml_algorithm,impute_standard,impute_mean,impute_median,impute_random,impute_knn,impute_mice,impute_linear_regression,impute_random_forest,impute_cmeans
mv,x4,40768.0,0.5003,0.9785,-7.4998,2.498,-4.4,-5.737,3.0266,0.973,-0.5948,1.0451,4.9151,0.0094,0.7009,0.0053,0.4994,0.0078,0.6623,9.8919,0.0,DecisionTree,0.9519221116053355,0.9473786173617464,0.9519643577342416,0.9518624604283064,0.9520249335503244,0.9519221116053355,0.9519441659143425,0.9515396433744592,0.9519221116053355
mv,x4,40768.0,0.5003,0.9785,-7.4998,2.498,-4.4,-5.737,3.0266,0.973,-0.5948,1.0451,4.9151,0.0094,0.7009,0.0053,0.4994,0.0078,0.6623,9.8919,0.0,LogisticRegression,0.949199847521189,0.947627425627504,0.949428983629997,0.9493213348796723,0.9494252393156954,0.948953420064222,0.9495298990251042,0.9485086380070151,0.9493429417886432
mv,x4,40768.0,0.5003,0.9785,-7.4998,2.498,-4.4,-5.737,3.0266,0.973,-0.5948,1.0451,4.9151,0.0094,0.7009,0.0053,0.4994,0.0078,0.6623,9.8919,0.0,KNN,0.9491096561696437,0.9470636513493859,0.9487981089894871,0.9491094964049586,0.9481496401849765,0.9487385725033703,0.9489692191043649,0.948443703434771,0.9489263007027563
mv,x4,40768.0,0.5003,0.9785,-7.4998,2.498,-4.4,-5.737,3.0266,0.973,-0.5948,1.0451,4.9151,0.0094,0.7009,0.0053,0.4994,0.0078,0.6623,9.8919,0.0,RandomForest,0.9528888490698808,0.9519694103663103,0.9522314741461027,0.9525061590784123,0.9524228594241636,0.9520818198135957,0.9527353826240651,0.9520854673663912,0.9527183367169381
mv,x4,40768.0,0.5003,0.9785,-7.4998,2.498,-4.4,-5.737,3.0266,0.973,-0.5948,1.0451,4.9151,0.0094,0.7009,0.0053,0.4994,0.0078,0.6623,9.8919,0.0,AdaBoost,0.9523433243660837,0.9488005341381626,0.9519399257222116,0.9519874439019405,0.9519417591930573,0.9518044082089827,0.9519464275578096,0.9514330541923723,0.9521431355294209
mv,x4,40768.0,0.5003,0.9785,-7.4998,2.498,-4.4,-5.737,3.0266,0.973,-0.5948,1.0451,4.9151,0.0094,0.7009,0.0053,0.4994,0.0078,0.6623,9.8919,0.0,SVC,0.9143799404305918,0.9063477616374727,0.927043319203435,0.9269351427417943,0.927240862273879,0.9188554309185224,0.9145811327752628,0.9118839777964507,0.9264452189525694
mv,x4,40768.0,0.452,0.9754,-7.4999,2.4996,-4.3835,-5.7226,3.0258,0.9664,-0.6048,1.0514,4.9139,0.0086,0.7019,0.0047,0.4998,0.007,0.6627,9.9797,0.0,DecisionTree,0.9523519235488368,0.9477573047523843,0.9523114769057239,0.952291260240224,0.9523519235488368,0.9522696017388804,0.9525812497382142,0.9522159483665877,0.9522919345486984
mv,x4,40768.0,0.452,0.9754,-7.4999,2.4996,-4.3835,-5.7226,3.0258,0.9664,-0.6048,1.0514,4.9139,0.0086,0.7019,0.0047,0.4998,0.007,0.6627,9.9797,0.0,LogisticRegression,0.9502681549350609,0.948449321167881,0.9504136159796677,0.9505291860793341,0.9505709343776017,0.9498594451506888,0.9504099101932361,0.9495778955300263,0.950609730600679
mv,x4,40768.0,0.452,0.9754,-7.4999,2.4996,-4.3835,-5.7226,3.0258,0.9664,-0.6048,1.0514,4.9139,0.0086,0.7019,0.0047,0.4998,0.007,0.6627,9.9797,0.0,KNN,0.9503670246490336,0.9488933416093879,0.9490393262626866,0.9493356010628167,0.9488897409956094,0.9500387117631401,0.9502466188460048,0.9496700982714258,0.9493352663643255
mv,x4,40768.0,0.452,0.9754,-7.4999,2.4996,-4.3835,-5.7226,3.0258,0.9664,-0.6048,1.0514,4.9139,0.0086,0.7019,0.0047,0.4998,0.007,0.6627,9.9797,0.0,RandomForest,0.9528712327073069,0.9524248944971592,0.9530461648351345,0.9532292769314454,0.9527780488443681,0.9523246942017627,0.9526456888943218,0.9524007084839923,0.9527237136046188
mv,x4,40768.0,0.452,0.9754,-7.4999,2.4996,-4.3835,-5.7226,3.0258,0.9664,-0.6048,1.0514,4.9139,0.0086,0.7019,0.0047,0.4998,0.007,0.6627,9.9797,0.0,AdaBoost,0.9524855618320366,0.9501015987560317,0.952630775052167,0.9522652599669688,0.9526126676783694,0.9524550075665532,0.9527103449562624,0.9522120723618605,0.9526168761508412
mv,x4,40768.0,0.452,0.9754,-7.4999,2.4996,-4.3835,-5.7226,3.0258,0.9664,-0.6048,1.0514,4.9139,0.0086,0.7019,0.0047,0.4998,0.007,0.6627,9.9797,0.0,SVC,0.9143219518953947,0.9082085549183787,0.9255055685692157,0.9260249896459968,0.9262099234366922,0.9188387293700575,0.9149221577535857,0.9127727240168164,0.9261476707155908
mv,x4,40768.0,0.3993,0.9729,-7.4999,2.4986,-4.4043,-5.7394,3.0187,0.9815,-0.5714,1.026,4.8579,0.0039,0.6987,0.003,0.4962,0.0045,0.6589,10.0681,0.0,DecisionTree,0.9536453755869123,0.9490618533900869,0.9534235648005388,0.9536453755869123,0.9536861226379043,0.9536453755869123,0.9534858084811477,0.9536287078475962,0.953645706163993
mv,x4,40768.0,0.3993,0.9729,-7.4999,2.4986,-4.4043,-5.7394,3.0187,0.9815,-0.5714,1.026,4.8579,0.0039,0.6987,0.003,0.4962,0.0045,0.6589,10.0681,0.0,LogisticRegression,0.950941675708795,0.9490014883992348,0.950303882639369,0.9510244775987863,0.9507337828986295,0.9504713325983961,0.9512086975392462,0.9505967193812195,0.9508788896028332
mv,x4,40768.0,0.3993,0.9729,-7.4999,2.4986,-4.4043,-5.7394,3.0187,0.9815,-0.5714,1.026,4.8579,0.0039,0.6987,0.003,0.4962,0.0045,0.6589,10.0681,0.0,KNN,0.9514108955798252,0.9494694944396647,0.9504505373620723,0.9505116557747134,0.9507361350444804,0.9507327176151515,0.9509806361371067,0.9515487561353106,0.9504506034708011
mv,x4,40768.0,0.3993,0.9729,-7.4999,2.4986,-4.4043,-5.7394,3.0187,0.9815,-0.5714,1.026,4.8579,0.0039,0.6987,0.003,0.4962,0.0045,0.6589,10.0681,0.0,RandomForest,0.9541547258680784,0.9538059723787097,0.9544194739500648,0.9538596369193596,0.9539963823724206,0.9543236413011473,0.9548951936096973,0.9550032037872415,0.9543394297113055
mv,x4,40768.0,0.3993,0.9729,-7.4999,2.4986,-4.4043,-5.7394,3.0187,0.9815,-0.5714,1.026,4.8579,0.0039,0.6987,0.003,0.4962,0.0045,0.6589,10.0681,0.0,AdaBoost,0.9540050726163769,0.9509399843625048,0.953679884795324,0.9534997212441525,0.9532385636242704,0.9533340601603947,0.9540985449690329,0.9532041339836561,0.9537206013795255
mv,x4,40768.0,0.3993,0.9729,-7.4999,2.4986,-4.4043,-5.7394,3.0187,0.9815,-0.5714,1.026,4.8579,0.0039,0.6987,0.003,0.4962,0.0045,0.6589,10.0681,0.0,SVC,0.9165174628013032,0.9091521121208406,0.9243844601569076,0.9248927595110732,0.9248274661068593,0.9185840230141318,0.9174757249333229,0.9139578272842275,0.9246475038293465
mv,x4,40768.0,0.3518,0.9718,-7.4999,2.4997,-4.3962,-5.7304,3.0209,0.97,-0.5945,1.0499,4.8783,0.0035,0.6995,0.0036,0.4995,0.0054,0.6624,10.1425,0.0,DecisionTree,0.9536138216777829,0.9490858440176608,0.9535329386080121,0.9535733653889914,0.9535329365464662,0.9536138216777829,0.9532299794966091,0.9532530418970048,0.9536138216777829
mv,x4,40768.0,0.3518,0.9718,-7.4999,2.4997,-4.3962,-5.7304,3.0209,0.97,-0.5945,1.0499,4.8783,0.0035,0.6995,0.0036,0.4995,0.0054,0.6624,10.1425,0.0,LogisticRegression,0.9507915188858094,0.9492439569642624,0.9504455368064759,0.9509586546363256,0.950732496677658,0.9505693143947666,0.9508956812198656,0.9501022469331186,0.9508346785955982
mv,x4,40768.0,0.3518,0.9718,-7.4999,2.4997,-4.3962,-5.7304,3.0209,0.97,-0.5945,1.0499,4.8783,0.0035,0.6995,0.0036,0.4995,0.0054,0.6624,10.1425,0.0,KNN,0.9506442342289816,0.9486073465146945,0.9504491759844401,0.9499628252821151,0.9505776494603074,0.950749001040367,0.9504248211372957,0.9506253777028267,0.9507411907969807
mv,x4,40768.0,0.3518,0.9718,-7.4999,2.4997,-4.3962,-5.7304,3.0209,0.97,-0.5945,1.0499,4.8783,0.0035,0.6995,0.0036,0.4995,0.0054,0.6624,10.1425,0.0,RandomForest,0.9543556138772215,0.9528060341300738,0.9543529292307555,0.9539864087830999,0.9541633772885548,0.9538076552828507,0.9544030172311478,0.9538985462455235,0.9542732559203077
mv,x4,40768.0,0.3518,0.9718,-7.4999,2.4997,-4.3962,-5.7304,3.0209,0.97,-0.5945,1.0499,4.8783,0.0035,0.6995,0.0036,0.4995,0.0054,0.6624,10.1425,0.0,AdaBoost,0.9538945514296155,0.9508396176070876,0.9538049908321251,0.9539772364999548,0.9539184843511439,0.9537908718204763,0.9540363995884934,0.9535945263996042,0.9539293062111183
mv,x4,40768.0,0.3518,0.9718,-7.4999,2.4997,-4.3962,-5.7304,3.0209,0.97,-0.5945,1.0499,4.8783,0.0035,0.6995,0.0036,0.4995,0.0054,0.6624,10.1425,0.0,SVC,0.917509742835164,0.9111729735190315,0.9245382037919981,0.9243171694222393,0.9244458032714247,0.918802695713008,0.9182242166669485,0.9162385573446706,0.9243274407493134
mv,x4,40768.0,0.2983,0.9689,-7.4999,2.4997,-4.3928,-5.7298,3.0249,0.9679,-0.6008,1.0566,4.8993,0.0003,0.7017,0.0015,0.5015,0.0022,0.6648,10.2177,0.0,DecisionTree,0.9546150590657967,0.9506087578154242,0.9546767116561097,0.9545951587333362,0.9546356232313734,0.9546150590657967,0.9542138494335977,0.9544149929782051,0.9545951587333362
mv,x4,40768.0,0.2983,0.9689,-7.4999,2.4997,-4.3928,-5.7298,3.0249,0.9679,-0.6008,1.0566,4.8993,0.0003,0.7017,0.0015,0.5015,0.0022,0.6648,10.2177,0.0,LogisticRegression,0.9515907370678618,0.9499968236812929,0.951428140198698,0.9516492716533268,0.9516943720980874,0.9516560310675546,0.9519997918109107,0.9509608546851572,0.9517129568443129
mv,x4,40768.0,0.2983,0.9689,-7.4999,2.4997,-4.3928,-5.7298,3.0249,0.9679,-0.6008,1.0566,4.8993,0.0003,0.7017,0.0015,0.5015,0.0022,0.6648,10.2177,0.0,KNN,0.9528647917373996,0.9498415763057697,0.952635461270623,0.9520380487819119,0.9519540466873162,0.9522287805240005,0.9525803331774271,0.9520672734130421,0.9521994527783424
mv,x4,40768.0,0.2983,0.9689,-7.4999,2.4997,-4.3928,-5.7298,3.0249,0.9679,-0.6008,1.0566,4.8993,0.0003,0.7017,0.0015,0.5015,0.0022,0.6648,10.2177,0.0,RandomForest,0.9555356724000634,0.9544175936430557,0.9553737970958759,0.9552266036693604,0.9555645358242837,0.9552262716981544,0.9554596639800024,0.955057498698814,0.9548962542332795
mv,x4,40768.0,0.2983,0.9689,-7.4999,2.4997,-4.3928,-5.7298,3.0249,0.9679,-0.6008,1.0566,4.8993,0.0003,0.7017,0.0015,0.5015,0.0022,0.6648,10.2177,0.0,AdaBoost,0.9549455800094863,0.9533504398516879,0.9537061578868274,0.9548100978835431,0.9550236606952902,0.9547829822297492,0.9549987688439656,0.9548187615723281,0.9542906411087358
mv,x4,40768.0,0.2983,0.9689,-7.4999,2.4997,-4.3928,-5.7298,3.0249,0.9679,-0.6008,1.0566,4.8993,0.0003,0.7017,0.0015,0.5015,0.0022,0.6648,10.2177,0.0,SVC,0.9189666427693024,0.9100376816796863,0.9222300580827028,0.922502472136037,0.9224461019090406,0.9185821251331461,0.9192331308624353,0.9178246574881859,0.9225493699437628
mv,x4,40768.0,0.2469,0.9668,-7.4999,2.4997,-4.4079,-5.7407,3.0213,0.9797,-0.5762,1.0394,4.8614,0.0056,0.7013,0.0048,0.4996,0.0072,0.6624,10.2854,0.0,DecisionTree,0.9542045685716062,0.9528548435849132,0.9542045685716062,0.9541846598121029,0.9542045685716062,0.954245011587428,0.9533779978188275,0.9542710484280387,0.9541644542503809
mv,x4,40768.0,0.2469,0.9668,-7.4999,2.4997,-4.4079,-5.7407,3.0213,0.9797,-0.5762,1.0394,4.8614,0.0056,0.7013,0.0048,0.4996,0.0072,0.6624,10.2854,0.0,LogisticRegression,0.9506144563564325,0.9495390162431981,0.9512030972223104,0.9511597692778064,0.9511601469369373,0.9502686906050697,0.9507999674168273,0.9505510850227274,0.9511176243560565
mv,x4,40768.0,0.2469,0.9668,-7.4999,2.4997,-4.4079,-5.7407,3.0213,0.9797,-0.5762,1.0394,4.8614,0.0056,0.7013,0.0048,0.4996,0.0072,0.6624,10.2854,0.0,KNN,0.9532552465028361,0.9521823370286894,0.9517772807379734,0.952347464789803,0.95200048684227,0.953197494552742,0.9530505488990821,0.9523879147764951,0.9523657220724966
mv,x4,40768.0,0.2469,0.9668,-7.4999,2.4997,-4.4079,-5.7407,3.0213,0.9797,-0.5762,1.0394,4.8614,0.0056,0.7013,0.0048,0.4996,0.0072,0.6624,10.2854,0.0,RandomForest,0.9557325985355709,0.9557539069830587,0.9552566186889728,0.9542768112984905,0.9550639062324007,0.9551051366794383,0.9552084171722562,0.9552694653331701,0.9551146548074212
mv,x4,40768.0,0.2469,0.9668,-7.4999,2.4997,-4.4079,-5.7407,3.0213,0.9797,-0.5762,1.0394,4.8614,0.0056,0.7013,0.0048,0.4996,0.0072,0.6624,10.2854,0.0,AdaBoost,0.9544936247164875,0.9543385449732272,0.9551850065440385,0.9547649193398022,0.9544907516063367,0.9551756037811586,0.9547717168040541,0.9544773136719407,0.9545894968680688
mv,x4,40768.0,0.2469,0.9668,-7.4999,2.4997,-4.4079,-5.7407,3.0213,0.9797,-0.5762,1.0394,4.8614,0.0056,0.7013,0.0048,0.4996,0.0072,0.6624,10.2854,0.0,SVC,0.9191959784912339,0.9117668023782857,0.9210357544320839,0.921321466247162,0.9216587104073753,0.9176971295113739,0.9194596221032462,0.9181181699223455,0.9210014920722732
mv,x4,40768.0,0.2009,0.9653,-7.4999,2.4997,-4.394,-5.7298,3.0241,0.972,-0.5942,1.0454,4.8861,0.0096,0.7004,0.0069,0.4977,0.0103,0.6605,10.3428,0.0,DecisionTree,0.9555830114490035,0.9512165263839097,0.9555428472441263,0.9555830114490035,0.9556035664521321,0.9555830114490035,0.9555830114490035,0.9554238213842086,0.9555830114490035
mv,x4,40768.0,0.2009,0.9653,-7.4999,2.4997,-4.394,-5.7298,3.0241,0.972,-0.5942,1.0454,4.8861,0.0096,0.7004,0.0069,0.4977,0.0103,0.6605,10.3428,0.0,LogisticRegression,0.951490046944704,0.9504494352134807,0.9516710367292676,0.9517950312841256,0.9516495141633038,0.9515352427157248,0.9514487658746327,0.9513474067975187,0.9516921740001941
mv,x4,40768.0,0.2009,0.9653,-7.4999,2.4997,-4.394,-5.7298,3.0241,0.972,-0.5942,1.0454,4.8861,0.0096,0.7004,0.0069,0.4977,0.0103,0.6605,10.3428,0.0,KNN,0.9541885054574377,0.9523346598571047,0.9532039406511037,0.9537622479600113,0.953514461506713,0.9541058809510414,0.9541057059514138,0.9534290539140028,0.9532497711328787
mv,x4,40768.0,0.2009,0.9653,-7.4999,2.4997,-4.394,-5.7298,3.0241,0.972,-0.5942,1.0454,4.8861,0.0096,0.7004,0.0069,0.4977,0.0103,0.6605,10.3428,0.0,RandomForest,0.9566558389183448,0.9550980523327157,0.9562611789690415,0.9561936447903584,0.9562112523167184,0.9561314217163082,0.9568305839093025,0.9567561484762331,0.9564766493964588
mv,x4,40768.0,0.2009,0.9653,-7.4999,2.4997,-4.394,-5.7298,3.0241,0.972,-0.5942,1.0454,4.8861,0.0096,0.7004,0.0069,0.4977,0.0103,0.6605,10.3428,0.0,AdaBoost,0.9562945679222643,0.9538010730519213,0.9553984234137074,0.9555988662926116,0.955617093841744,0.9556463420205037,0.9556928925744068,0.9558609131645986,0.9558432298888266
mv,x4,40768.0,0.2009,0.9653,-7.4999,2.4997,-4.394,-5.7298,3.0241,0.972,-0.5942,1.0454,4.8861,0.0096,0.7004,0.0069,0.4977,0.0103,0.6605,10.3428,0.0,SVC,0.920626384394228,0.9139447026052034,0.9208634221493811,0.9217358947342055,0.9218586077353856,0.918940918229392,0.9208279763987284,0.9195601926037775,0.9216445966136902
mv,x4,40768.0,0.1482,0.9639,-7.4999,2.4997,-4.3896,-5.7228,3.0237,0.9703,-0.5938,1.053,4.8762,0.007,0.7016,0.0057,0.5013,0.0085,0.6644,10.4045,0.0,DecisionTree,0.9555856586452739,0.9534266135046272,0.9555249634950989,0.9555047431788375,0.9555452261510395,0.9555035009180539,0.9555856586452739,0.955350841649238,0.9555249596430544
mv,x4,40768.0,0.1482,0.9639,-7.4999,2.4997,-4.3896,-5.7228,3.0237,0.9703,-0.5938,1.053,4.8762,0.007,0.7016,0.0057,0.5013,0.0085,0.6644,10.4045,0.0,LogisticRegression,0.9516521557299813,0.9505716441005967,0.9520199404279888,0.9520398579699332,0.9519989705929384,0.9516537607672144,0.9517947807005818,0.9516323369421991,0.9519374001907146
mv,x4,40768.0,0.1482,0.9639,-7.4999,2.4997,-4.3896,-5.7228,3.0237,0.9703,-0.5938,1.053,4.8762,0.007,0.7016,0.0057,0.5013,0.0085,0.6644,10.4045,0.0,KNN,0.9531370266338635,0.9523380912691317,0.9533498126400908,0.9534010653184233,0.9530134108157313,0.9530554935480652,0.9530769420377423,0.9537770011639843,0.9535866747304752
mv,x4,40768.0,0.1482,0.9639,-7.4999,2.4997,-4.3896,-5.7228,3.0237,0.9703,-0.5938,1.053,4.8762,0.007,0.7016,0.0057,0.5013,0.0085,0.6644,10.4045,0.0,RandomForest,0.9569401391761362,0.9563303761652174,0.9568996077699692,0.9569845349811461,0.9570652535962615,0.9570860082579741,0.9573347553127216,0.9575540558412022,0.9572652948283318
mv,x4,40768.0,0.1482,0.9639,-7.4999,2.4997,-4.3896,-5.7228,3.0237,0.9703,-0.5938,1.053,4.8762,0.007,0.7016,0.0057,0.5013,0.0085,0.6644,10.4045,0.0,AdaBoost,0.9563791539625204,0.9546625362330684,0.9559444390632095,0.9558876720356237,0.9561267292294257,0.9560694937841543,0.9565595839165595,0.9563664628292314,0.9562870096423906
mv,x4,40768.0,0.1482,0.9639,-7.4999,2.4997,-4.3896,-5.7228,3.0237,0.9703,-0.5938,1.053,4.8762,0.007,0.7016,0.0057,0.5013,0.0085,0.6644,10.4045,0.0,SVC,0.9220517072665244,0.9156852760520683,0.9207173868462255,0.920999081954219,0.9210413337416772,0.9199043755158129,0.9219308166082817,0.9202389212683422,0.9209581344795896
mv,x4,40768.0,0.0989,0.9613,-7.4999,2.4997,-4.398,-5.7298,3.0201,0.9766,-0.5817,1.041,4.8714,0.0075,0.6993,0.0066,0.4982,0.0098,0.6609,10.457,0.0,DecisionTree,0.9559258135318143,0.9555702875850626,0.9561869555634108,0.9564065709251157,0.9561463098265307,0.9558847381693714,0.9558636678488702,0.9560695732432885,0.9561072578138587
mv,x4,40768.0,0.0989,0.9613,-7.4999,2.4997,-4.398,-5.7298,3.0201,0.9766,-0.5817,1.041,4.8714,0.0075,0.6993,0.0066,0.4982,0.0098,0.6609,10.457,0.0,LogisticRegression,0.9527587164075355,0.9517389865044082,0.9524717413639224,0.9527371004729221,0.9527375328293165,0.9525335082100459,0.952759080216088,0.9523921542396545,0.9527371159260274
mv,x4,40768.0,0.0989,0.9613,-7.4999,2.4997,-4.398,-5.7298,3.0201,0.9766,-0.5817,1.041,4.8714,0.0075,0.6993,0.0066,0.4982,0.0098,0.6609,10.457,0.0,KNN,0.9545570159195066,0.9543353263435966,0.9548209010239489,0.954804334501179,0.9548418082928088,0.9547610435326765,0.9543942395940984,0.9544131891695246,0.954887699051832
mv,x4,40768.0,0.0989,0.9613,-7.4999,2.4997,-4.398,-5.7298,3.0201,0.9766,-0.5817,1.041,4.8714,0.0075,0.6993,0.0066,0.4982,0.0098,0.6609,10.457,0.0,RandomForest,0.958396578125261,0.957610591323947,0.9577335962553692,0.9576896422917547,0.95779552228043,0.9579925872976316,0.9585702889763451,0.9583320145315564,0.9579805535807393
mv,x4,40768.0,0.0989,0.9613,-7.4999,2.4997,-4.398,-5.7298,3.0201,0.9766,-0.5817,1.041,4.8714,0.0075,0.6993,0.0066,0.4982,0.0098,0.6609,10.457,0.0,AdaBoost,0.9571033311018522,0.9575102128572579,0.9568436565789976,0.9567738533314092,0.9565289078288266,0.9564720157216039,0.9563350756623484,0.9571552041278918,0.956785011679623
mv,x4,40768.0,0.0989,0.9613,-7.4999,2.4997,-4.398,-5.7298,3.0201,0.9766,-0.5817,1.041,4.8714,0.0075,0.6993,0.0066,0.4982,0.0098,0.6609,10.457,0.0,SVC,0.9213169683244695,0.9159863920750217,0.9205719850803162,0.9203292672928423,0.9205144230249349,0.9191121975255288,0.9212419083024683,0.9210966077550922,0.9202502504663947
mv,x4,40768.0,0.0517,0.9591,-7.4999,2.4997,-4.3928,-5.7295,3.028,0.972,-0.5939,1.0483,4.8996,0.006,0.7022,0.0055,0.5012,0.0083,0.6645,10.505,0.0,DecisionTree,0.9568596210425748,0.9558830798329473,0.9569015316181182,0.9568607321153189,0.9567015267814696,0.9568194163089341,0.9568596210425748,0.9569855925702265,0.9568621624307361
mv,x4,40768.0,0.0517,0.9591,-7.4999,2.4997,-4.3928,-5.7295,3.028,0.972,-0.5939,1.0483,4.8996,0.006,0.7022,0.0055,0.5012,0.0083,0.6645,10.505,0.0,LogisticRegression,0.9530843814805041,0.9524932600359485,0.9530872531337973,0.9530864435989767,0.9530661820185521,0.9530252166220377,0.9530438711786438,0.952902452239274,0.953147604508392
mv,x4,40768.0,0.0517,0.9591,-7.4999,2.4997,-4.3928,-5.7295,3.028,0.972,-0.5939,1.0483,4.8996,0.006,0.7022,0.0055,0.5012,0.0083,0.6645,10.505,0.0,KNN,0.9554510332644149,0.9543040954790489,0.955148401217655,0.9553735424869003,0.9554137295410279,0.9550633785951963,0.9552885747508664,0.9551489272284129,0.9550889040643884
mv,x4,40768.0,0.0517,0.9591,-7.4999,2.4997,-4.3928,-5.7295,3.028,0.972,-0.5939,1.0483,4.8996,0.006,0.7022,0.0055,0.5012,0.0083,0.6645,10.505,0.0,RandomForest,0.9583899610352763,0.9575837811737745,0.9584903674508317,0.9586343281201265,0.9586140483152599,0.9582869542339967,0.9585488315846438,0.9582442801225795,0.9584088721800271
mv,x4,40768.0,0.0517,0.9591,-7.4999,2.4997,-4.3928,-5.7295,3.028,0.972,-0.5939,1.0483,4.8996,0.006,0.7022,0.0055,0.5012,0.0083,0.6645,10.505,0.0,AdaBoost,0.9571304219553616,0.9563225701577083,0.9573987198513243,0.9576158116856278,0.9577203175006584,0.957591117148447,0.957280643973545,0.9575917593123837,0.9572375111914657
mv,x4,40768.0,0.0517,0.9591,-7.4999,2.4997,-4.3928,-5.7295,3.028,0.972,-0.5939,1.0483,4.8996,0.006,0.7022,0.0055,0.5012,0.0083,0.6645,10.505,0.0,SVC,0.9199214042234254,0.9174501525540695,0.9194580561426229,0.9193957229222182,0.9194782748064522,0.9190616419334274,0.9200271794262682,0.9197522692790839,0.9194178688757273
mv,x5,40768.0,0.4991,0.9952,-0.9999,1.0,0.0014,0.0115,0.5781,-0.0161,-1.2018,0.4997,0.999,0.0098,0.0108,0.0064,0.0093,0.0096,0.014,9.9175,0.0,DecisionTree,0.9575823378512587,0.9575823378512587,0.9576191649996149,0.9576191649996149,0.9576191649996149,0.9576191649996149,0.9575795521543834,0.9575823378512587,0.9576191649996149
mv,x5,40768.0,0.4991,0.9952,-0.9999,1.0,0.0014,0.0115,0.5781,-0.0161,-1.2018,0.4997,0.999,0.0098,0.0108,0.0064,0.0093,0.0096,0.014,9.9175,0.0,LogisticRegression,0.9536381621438186,0.9536178744549741,0.9535777839940737,0.953577369751649,0.9535567276794222,0.9535980109299655,0.9536186814901917,0.9536195263538803,0.9535765789368823
mv,x5,40768.0,0.4991,0.9952,-0.9999,1.0,0.0014,0.0115,0.5781,-0.0161,-1.2018,0.4997,0.999,0.0098,0.0108,0.0064,0.0093,0.0096,0.014,9.9175,0.0,KNN,0.956405563859591,0.9555881161537529,0.955209429075182,0.9564910792995865,0.956981701692176,0.9565525515066761,0.9562661544964728,0.9561184949166819,0.9563493618075797
mv,x5,40768.0,0.4991,0.9952,-0.9999,1.0,0.0014,0.0115,0.5781,-0.0161,-1.2018,0.4997,0.999,0.0098,0.0108,0.0064,0.0093,0.0096,0.014,9.9175,0.0,RandomForest,0.9598396538960365,0.9600456016952146,0.959556268055896,0.9596355960102797,0.9596548071291126,0.9603248608671869,0.9596319123799635,0.9595417098045638,0.9598122563445324
mv,x5,40768.0,0.4991,0.9952,-0.9999,1.0,0.0014,0.0115,0.5781,-0.0161,-1.2018,0.4997,0.999,0.0098,0.0108,0.0064,0.0093,0.0096,0.014,9.9175,0.0,AdaBoost,0.9579652716974167,0.9578220985768149,0.9578275270989959,0.9581502499205039,0.9579463687778573,0.9580204342491652,0.9579664766841305,0.9580258604105797,0.9582929006896521
mv,x5,40768.0,0.4991,0.9952,-0.9999,1.0,0.0014,0.0115,0.5781,-0.0161,-1.2018,0.4997,0.999,0.0098,0.0108,0.0064,0.0093,0.0096,0.014,9.9175,0.0,SVC,0.9187389674517905,0.9194834679936248,0.9193486427853402,0.9195475719192304,0.9195871185784493,0.9195884481263132,0.9178395199586052,0.9184641756261311,0.9194240691017072
mv,x5,40768.0,0.4505,0.995,-0.9999,0.9999,-0.0004,0.0015,0.5804,-0.0028,-1.209,0.5051,1.0099,0.0057,0.008,0.0033,0.0035,0.005,0.0052,10.01,0.0,DecisionTree,0.9575823378512587,0.9575823378512587,0.9576191649996149,0.9576191649996149,0.9576191649996149,0.9576191649996149,0.9574536792596919,0.9575823378512587,0.9576191649996149
mv,x5,40768.0,0.4505,0.995,-0.9999,0.9999,-0.0004,0.0015,0.5804,-0.0028,-1.209,0.5051,1.0099,0.0057,0.008,0.0033,0.0035,0.005,0.0052,10.01,0.0,LogisticRegression,0.953700569982581,0.9537410233140382,0.9537819881339273,0.9537001053062281,0.9536794852342471,0.9536794407982027,0.9536794628580958,0.9535976582839047,0.9537203707267823
mv,x5,40768.0,0.4505,0.995,-0.9999,0.9999,-0.0004,0.0015,0.5804,-0.0028,-1.209,0.5051,1.0099,0.0057,0.008,0.0033,0.0035,0.005,0.0052,10.01,0.0,KNN,0.9566505780980811,0.9563070065239782,0.9563628211085211,0.9573105221133591,0.9573702114385634,0.957331382488203,0.9568986041302788,0.9559809616844823,0.9572304111082794
mv,x5,40768.0,0.4505,0.995,-0.9999,0.9999,-0.0004,0.0015,0.5804,-0.0028,-1.209,0.5051,1.0099,0.0057,0.008,0.0033,0.0035,0.005,0.0052,10.01,0.0,RandomForest,0.9594554820649317,0.9596354630984019,0.9598635730162519,0.95977810566264,0.9599182169414731,0.9599554123811086,0.9595549843530476,0.9593747837747655,0.9597392425449546
mv,x5,40768.0,0.4505,0.995,-0.9999,0.9999,-0.0004,0.0015,0.5804,-0.0028,-1.209,0.5051,1.0099,0.0057,0.008,0.0033,0.0035,0.005,0.0052,10.01,0.0,AdaBoost,0.9582851551072253,0.9577432734492083,0.9582040997343495,0.9580288300006052,0.9580462876722143,0.9581644548660767,0.9583653895041642,0.9582483818152616,0.9580288300006052
mv,x5,40768.0,0.4505,0.995,-0.9999,0.9999,-0.0004,0.0015,0.5804,-0.0028,-1.209,0.5051,1.0099,0.0057,0.008,0.0033,0.0035,0.005,0.0052,10.01,0.0,SVC,0.9184431746047091,0.9195001404820248,0.9191746824785542,0.9193118106442368,0.9192729568887078,0.919415150672202,0.917593777255998,0.9186875080915848,0.9191661248849179
mv,x5,40768.0,0.3998,0.9947,-0.9999,1.0,-0.0035,0.0008,0.5767,0.0002,-1.2002,0.4978,0.9958,0.0061,0.009,0.0044,0.0068,0.0066,0.0102,10.0978,0.0,DecisionTree,0.9575823378512587,0.9575823378512587,0.9575989205352987,0.9575989205352987,0.9575989205352987,0.9575989205352987,0.9576191649996149,0.9575823378512587,0.9575989205352987
mv,x5,40768.0,0.3998,0.9947,-0.9999,1.0,-0.0035,0.0008,0.5767,0.0002,-1.2002,0.4978,0.9958,0.0061,0.009,0.0044,0.0068,0.0066,0.0102,10.0978,0.0,LogisticRegression,0.9537187859604829,0.953739407622362,0.9536791115388109,0.9537609166164572,0.9537609166164572,0.9537609166164572,0.9536795293622631,0.9535762356539966,0.9537811644407872
mv,x5,40768.0,0.3998,0.9947,-0.9999,1.0,-0.0035,0.0008,0.5767,0.0002,-1.2002,0.4978,0.9958,0.0061,0.009,0.0044,0.0068,0.0066,0.0102,10.0978,0.0,KNN,0.9565268581861484,0.956017759082032,0.9559195544947139,0.9566145000413092,0.9565720158373758,0.9565516606716215,0.956141487659202,0.9557172287154296,0.9564283903120011
mv,x5,40768.0,0.3998,0.9947,-0.9999,1.0,-0.0035,0.0008,0.5767,0.0002,-1.2002,0.4978,0.9958,0.0061,0.009,0.0044,0.0068,0.0066,0.0102,10.0978,0.0,RandomForest,0.9597245149630915,0.9599197710578133,0.9597817998562954,0.9599439990243127,0.9598595470565477,0.9597947119639508,0.9596770994459715,0.9597040261435089,0.9596755590042048
mv,x5,40768.0,0.3998,0.9947,-0.9999,1.0,-0.0035,0.0008,0.5767,0.0002,-1.2002,0.4978,0.9958,0.0061,0.009,0.0044,0.0068,0.0066,0.0102,10.0978,0.0,AdaBoost,0.9585602006953253,0.9582957275145849,0.9582550063218804,0.9583661091753273,0.9581341478418398,0.9583272953142634,0.9587131472341721,0.9584386893029033,0.9577932080549865
mv,x5,40768.0,0.3998,0.9947,-0.9999,1.0,-0.0035,0.0008,0.5767,0.0002,-1.2002,0.4978,0.9958,0.0061,0.009,0.0044,0.0068,0.0066,0.0102,10.0978,0.0,SVC,0.9193393400827612,0.9201698877034772,0.9198285328262723,0.9197244621801435,0.9197862050601395,0.9199082165478465,0.916983902631622,0.9189042540390104,0.920110089240904
mv,x5,40768.0,0.3562,0.9946,-0.9999,1.0,-0.0037,-0.003,0.5773,0.0085,-1.1981,0.498,0.9955,0.0021,0.0035,0.0018,0.0025,0.0027,0.0037,10.1679,0.0,DecisionTree,0.9575823378512587,0.9575823378512587,0.9576191649996149,0.9576191649996149,0.9576191649996149,0.9576191649996149,0.9576191649996149,0.9575823378512587,0.9576191649996149
mv,x5,40768.0,0.3562,0.9946,-0.9999,1.0,-0.0037,-0.003,0.5773,0.0085,-1.1981,0.498,0.9955,0.0021,0.0035,0.0018,0.0025,0.0027,0.0037,10.1679,0.0,LogisticRegression,0.9535773912859765,0.953555956018836,0.9536988962010742,0.9536592050199885,0.9536592243720554,0.9536592050199885,0.9536385375944557,0.9534967618911104,0.9536587943092999
mv,x5,40768.0,0.3562,0.9946,-0.9999,1.0,-0.0037,-0.003,0.5773,0.0085,-1.1981,0.498,0.9955,0.0021,0.0035,0.0018,0.0025,0.0027,0.0037,10.1679,0.0,KNN,0.9564415454504889,0.9565047433851098,0.9556472599636345,0.9564450096053891,0.9565061644192273,0.956340517295051,0.9566301157752107,0.9554227168365645,0.9562009956920512
mv,x5,40768.0,0.3562,0.9946,-0.9999,1.0,-0.0037,-0.003,0.5773,0.0085,-1.1981,0.498,0.9955,0.0021,0.0035,0.0018,0.0025,0.0027,0.0037,10.1679,0.0,RandomForest,0.9594778099145236,0.9593951790139279,0.9597820515493525,0.9596582982336095,0.9600260207692832,0.9597571994003778,0.9599230051985779,0.9593151378730549,0.9595129548535906
mv,x5,40768.0,0.3562,0.9946,-0.9999,1.0,-0.0037,-0.003,0.5773,0.0085,-1.1981,0.498,0.9955,0.0021,0.0035,0.0018,0.0025,0.0027,0.0037,10.1679,0.0,AdaBoost,0.9583971671079182,0.9582746196296681,0.9586568635452295,0.9584800912664986,0.9583167067927554,0.9584142512087366,0.9585057459108888,0.9583660804348215,0.9586211461359897
mv,x5,40768.0,0.3562,0.9946,-0.9999,1.0,-0.0037,-0.003,0.5773,0.0085,-1.1981,0.498,0.9955,0.0021,0.0035,0.0018,0.0025,0.0027,0.0037,10.1679,0.0,SVC,0.9188553400561759,0.9193901123742985,0.9189960321512064,0.9190921670560986,0.9190713305644393,0.9191531631240089,0.9163588525556552,0.9186971676710504,0.9192329079691068
mv,x5,40768.0,0.3004,0.9932,-0.9999,1.0,-0.0013,0.0027,0.5768,-0.0028,-1.1987,0.4986,0.9978,0.0076,0.008,0.0051,0.0056,0.0076,0.0084,10.249,0.0,DecisionTree,0.9575823378512587,0.9575823378512587,0.9575786994742685,0.9575786994742685,0.9575786994742685,0.9575786994742685,0.9576191649996149,0.9575823378512587,0.9575786994742685
mv,x5,40768.0,0.3004,0.9932,-0.9999,1.0,-0.0013,0.0027,0.5768,-0.0028,-1.1987,0.4986,0.9978,0.0076,0.008,0.0051,0.0056,0.0076,0.0084,10.249,0.0,LogisticRegression,0.9533938331043659,0.9534954988322887,0.9534954884760894,0.953536004541019,0.953536004541019,0.9535157596743178,0.953618267149094,0.9536393286878113,0.9535562847710501
mv,x5,40768.0,0.3004,0.9932,-0.9999,1.0,-0.0013,0.0027,0.5768,-0.0028,-1.1987,0.4986,0.9978,0.0076,0.008,0.0051,0.0056,0.0076,0.0084,10.249,0.0,KNN,0.9556307492529045,0.9558761575350951,0.9562743028596878,0.9563555221271469,0.9563567324868898,0.956520073862098,0.9566147147397396,0.9559244395408834,0.9560911774153109
mv,x5,40768.0,0.3004,0.9932,-0.9999,1.0,-0.0013,0.0027,0.5768,-0.0028,-1.1987,0.4986,0.9978,0.0076,0.008,0.0051,0.0056,0.0076,0.0084,10.249,0.0,RandomForest,0.9599070932107595,0.9597345666416495,0.9598238673279607,0.9595969515363593,0.9599231408668696,0.9604659943657226,0.9598398722630404,0.9595597406768882,0.960125232505062
mv,x5,40768.0,0.3004,0.9932,-0.9999,1.0,-0.0013,0.0027,0.5768,-0.0028,-1.1987,0.4986,0.9978,0.0076,0.008,0.0051,0.0056,0.0076,0.0084,10.249,0.0,AdaBoost,0.9579000040166257,0.9584077430066578,0.9583623840740898,0.9579190213544656,0.9579699226054795,0.9577377278847462,0.9587229849117613,0.9579476250091814,0.9578193479760425
mv,x5,40768.0,0.3004,0.9932,-0.9999,1.0,-0.0013,0.0027,0.5768,-0.0028,-1.1987,0.4986,0.9978,0.0076,0.008,0.0051,0.0056,0.0076,0.0084,10.249,0.0,SVC,0.9188695984409704,0.9189453713705629,0.9187410721113183,0.9186161645006693,0.9186972502717499,0.9185967765321468,0.9172429009130384,0.9186928767402901,0.9186543134790351
mv,x5,40768.0,0.2472,0.9925,-0.9999,1.0,-0.004,-0.0021,0.5764,0.0031,-1.1936,0.4981,0.9955,0.005,0.0095,0.0053,0.0056,0.008,0.0084,10.3213,0.0,DecisionTree,0.9575823378512587,0.9575823378512587,0.9575989205352987,0.9575989205352987,0.9575989205352987,0.9575989205352987,0.9575786971838375,0.9575823378512587,0.9575989205352987
mv,x5,40768.0,0.2472,0.9925,-0.9999,1.0,-0.004,-0.0021,0.5764,0.0031,-1.1936,0.4981,0.9955,0.005,0.0095,0.0053,0.0056,0.008,0.0084,10.3213,0.0,LogisticRegression,0.9534954909962046,0.9534954858767033,0.953475273984734,0.953516160923662,0.953516160923662,0.953516160923662,0.9535161583131531,0.9535570855062914,0.953516160923662
mv,x5,40768.0,0.2472,0.9925,-0.9999,1.0,-0.004,-0.0021,0.5764,0.0031,-1.1936,0.4981,0.9955,0.005,0.0095,0.0053,0.0056,0.008,0.0084,10.3213,0.0,KNN,0.9572663201734454,0.956369189620886,0.9571257130950378,0.9572522833266851,0.9574990357519111,0.9571712754362147,0.9574926394857437,0.9566180786675346,0.9571291160304475
mv,x5,40768.0,0.2472,0.9925,-0.9999,1.0,-0.004,-0.0021,0.5764,0.0031,-1.1936,0.4981,0.9955,0.005,0.0095,0.0053,0.0056,0.008,0.0084,10.3213,0.0,RandomForest,0.959375256636713,0.9595757195068041,0.9600478170453021,0.9597410176355313,0.9596601062449297,0.9597763287482599,0.9590261831294502,0.9594373336405897,0.959451444711463
mv,x5,40768.0,0.2472,0.9925,-0.9999,1.0,-0.004,-0.0021,0.5764,0.0031,-1.1936,0.4981,0.9955,0.005,0.0095,0.0053,0.0056,0.008,0.0084,10.3213,0.0,AdaBoost,0.9585606672330442,0.9582269466287809,0.9580774525473501,0.9581193500132753,0.9581953931675519,0.9585514790283961,0.9579285492642844,0.9579898500320374,0.9580602767999613
mv,x5,40768.0,0.2472,0.9925,-0.9999,1.0,-0.004,-0.0021,0.5764,0.0031,-1.1936,0.4981,0.9955,0.005,0.0095,0.0053,0.0056,0.008,0.0084,10.3213,0.0,SVC,0.9189834834572206,0.9188648665375251,0.9186478685026831,0.9186687076614776,0.9186902006121733,0.9187089047002461,0.9178107361895299,0.918748001261108,0.9185257445223739
mv,x5,40768.0,0.2014,0.9921,-0.9999,0.9999,-0.0021,0.0032,0.5773,-0.0038,-1.1994,0.4991,0.9972,0.0054,0.0081,0.0037,0.0064,0.0056,0.0096,10.3798,0.0,DecisionTree,0.9575823378512587,0.9575823378512587,0.9576191649996149,0.9576191649996149,0.9576191649996149,0.9576191649996149,0.9575621109715218,0.9575823378512587,0.9576191649996149
mv,x5,40768.0,0.2014,0.9921,-0.9999,0.9999,-0.0021,0.0032,0.5773,-0.0038,-1.1994,0.4991,0.9972,0.0054,0.0081,0.0037,0.0064,0.0056,0.0096,10.3798,0.0,LogisticRegression,0.9535984366777115,0.9536186981310515,0.9535777633715178,0.9535984366777115,0.9535984366777115,0.9535984366777115,0.953516645858154,0.9536182944914574,0.9535984366777115
mv,x5,40768.0,0.2014,0.9921,-0.9999,0.9999,-0.0021,0.0032,0.5773,-0.0038,-1.1994,0.4991,0.9972,0.0054,0.0081,0.0037,0.0064,0.0056,0.0096,10.3798,0.0,KNN,0.955985189809031,0.9558056389966321,0.9553073922612823,0.9561680143489706,0.9561881135411142,0.9561065391966495,0.9559227600938626,0.9567983783645685,0.9560052439722053
mv,x5,40768.0,0.2014,0.9921,-0.9999,0.9999,-0.0021,0.0032,0.5773,-0.0038,-1.1994,0.4991,0.9972,0.0054,0.0081,0.0037,0.0064,0.0056,0.0096,10.3798,0.0,RandomForest,0.9597414930208867,0.9593129460286877,0.9592939997279691,0.959396644325422,0.9593582056080351,0.9594938192895615,0.9592933628571305,0.9593551236192637,0.9593943951566273
mv,x5,40768.0,0.2014,0.9921,-0.9999,0.9999,-0.0021,0.0032,0.5773,-0.0038,-1.1994,0.4991,0.9972,0.0054,0.0081,0.0037,0.0064,0.0056,0.0096,10.3798,0.0,AdaBoost,0.9582836523428486,0.9579568894713507,0.9581633689756399,0.9574372527621806,0.9576244855945064,0.9575545594485856,0.9579152485000367,0.9585779841626119,0.9575748004326733
mv,x5,40768.0,0.2014,0.9921,-0.9999,0.9999,-0.0021,0.0032,0.5773,-0.0038,-1.1994,0.4991,0.9972,0.0054,0.0081,0.0037,0.0064,0.0056,0.0096,10.3798,0.0,SVC,0.9190302712437388,0.9189080191973571,0.9190801314294094,0.9190197365197419,0.9190599582772512,0.9190190528970699,0.9181827531346654,0.9189760197711498,0.9189781452147251
mv,x5,40768.0,0.1484,0.9923,-0.9999,1.0,-0.0016,0.0022,0.5764,-0.0007,-1.1951,0.498,0.9959,0.0052,0.0064,0.0035,0.0057,0.0052,0.0086,10.4442,0.0,DecisionTree,0.9575823378512587,0.9575823378512587,0.9575989205352987,0.9575989205352987,0.9575989205352987,0.9575989205352987,0.9575787098275094,0.9575823378512587,0.9575989205352987
mv,x5,40768.0,0.1484,0.9923,-0.9999,1.0,-0.0016,0.0022,0.5764,-0.0007,-1.1951,0.498,0.9959,0.0052,0.0064,0.0035,0.0057,0.0052,0.0086,10.4442,0.0,LogisticRegression,0.9537187914396302,0.9536370005957125,0.9536572451205965,0.9536779110357076,0.9536981732265541,0.9536779110357076,0.9536572573439809,0.9536576220843568,0.953698572229134
mv,x5,40768.0,0.1484,0.9923,-0.9999,1.0,-0.0016,0.0022,0.5764,-0.0007,-1.1951,0.498,0.9959,0.0052,0.0064,0.0035,0.0057,0.0052,0.0086,10.4442,0.0,KNN,0.956559263072649,0.9565609242395975,0.9563549039602381,0.9567244840736759,0.9567853012697038,0.9567029043790464,0.9565559770021183,0.9563750271648318,0.9564180501180449
mv,x5,40768.0,0.1484,0.9923,-0.9999,1.0,-0.0016,0.0022,0.5764,-0.0007,-1.1951,0.498,0.9959,0.0052,0.0064,0.0035,0.0057,0.0052,0.0086,10.4442,0.0,RandomForest,0.9594160996425459,0.9596154449543329,0.959252135075415,0.959598034936895,0.959517602234919,0.9599015121108134,0.9594163961962889,0.9592738977869674,0.959451053663929
mv,x5,40768.0,0.1484,0.9923,-0.9999,1.0,-0.0016,0.0022,0.5764,-0.0007,-1.1951,0.498,0.9959,0.0052,0.0064,0.0035,0.0057,0.0052,0.0086,10.4442,0.0,AdaBoost,0.9584030810892599,0.9581211306359749,0.9583974084465063,0.957901102636751,0.9580148537459637,0.957901102636751,0.958158618660966,0.9581624647144562,0.9578606117881422
mv,x5,40768.0,0.1484,0.9923,-0.9999,1.0,-0.0016,0.0022,0.5764,-0.0007,-1.1951,0.498,0.9959,0.0052,0.0064,0.0035,0.0057,0.0052,0.0086,10.4442,0.0,SVC,0.919024188856304,0.918791719598054,0.9187486770469082,0.9187860820969904,0.9187868240830245,0.9188270103619911,0.9182999612964335,0.9188388518341865,0.9187257326738842
mv,x5,40768.0,0.0986,0.9918,-0.9999,1.0,-0.0005,0.0051,0.5764,-0.0043,-1.1967,0.4973,0.9948,0.0034,0.0054,0.0034,0.0037,0.005,0.0055,10.5005,0.0,DecisionTree,0.9575823378512587,0.9575823378512587,0.9576191649996149,0.9576191649996149,0.9576191649996149,0.9576191649996149,0.9576191649996149,0.9575823378512587,0.9576191649996149
mv,x5,40768.0,0.0986,0.9918,-0.9999,1.0,-0.0005,0.0051,0.5764,-0.0043,-1.1967,0.4973,0.9948,0.0034,0.0054,0.0034,0.0037,0.005,0.0055,10.5005,0.0,LogisticRegression,0.9535960062375787,0.9535137550395544,0.9535344277307766,0.9535546885728056,0.9535753643600956,0.953555099079768,0.953555491716843,0.9535344308268444,0.9535546885728056
mv,x5,40768.0,0.0986,0.9918,-0.9999,1.0,-0.0005,0.0051,0.5764,-0.0043,-1.1967,0.4973,0.9948,0.0034,0.0054,0.0034,0.0037,0.005,0.0055,10.5005,0.0,KNN,0.9564050788368168,0.9569208326204586,0.9566735746389143,0.9568814873867109,0.9569013693649413,0.9568612115999011,0.9563659558718257,0.9565095081781234,0.956841960925444
mv,x5,40768.0,0.0986,0.9918,-0.9999,1.0,-0.0005,0.0051,0.5764,-0.0043,-1.1967,0.4973,0.9948,0.0034,0.0054,0.0034,0.0037,0.005,0.0055,10.5005,0.0,RandomForest,0.9593727496216771,0.9594133533933138,0.9596957763404328,0.9593718830984614,0.9591888056745581,0.9592079110061602,0.9594147427490733,0.9593560077202815,0.959327816254181
mv,x5,40768.0,0.0986,0.9918,-0.9999,1.0,-0.0005,0.0051,0.5764,-0.0043,-1.1967,0.4973,0.9948,0.0034,0.0054,0.0034,0.0037,0.005,0.0055,10.5005,0.0,AdaBoost,0.9581275624702313,0.9581657095542296,0.9584454492110442,0.9582205136253795,0.9582229209253936,0.9581788049666651,0.9581980169453538,0.9581673817705367,0.9581223289661056
mv,x5,40768.0,0.0986,0.9918,-0.9999,1.0,-0.0005,0.0051,0.5764,-0.0043,-1.1967,0.4973,0.9948,0.0034,0.0054,0.0034,0.0037,0.005,0.0055,10.5005,0.0,SVC,0.918736886285752,0.9186909246910488,0.9187620454918679,0.918844607991126,0.9188445957920232,0.9188654179661774,0.9187341045400945,0.9187928423672629,0.9189299895794015
mv,x5,40768.0,0.0483,0.9912,-0.9999,1.0,-0.0028,0.0006,0.5769,0.002,-1.2,0.4994,0.9981,0.0061,0.0067,0.0042,0.0051,0.0063,0.0076,10.5538,0.0,DecisionTree,0.9576191649996149,0.9576191649996149,0.9576191649996149,0.9576191649996149,0.9576191649996149,0.9576191649996149,0.9576191649996149,0.9576191649996149,0.9576191649996149
mv,x5,40768.0,0.0483,0.9912,-0.9999,1.0,-0.0028,0.0006,0.5769,0.002,-1.2,0.4994,0.9981,0.0061,0.0067,0.0042,0.0051,0.0063,0.0076,10.5538,0.0,LogisticRegression,0.9535360668746983,0.9535976535006468,0.9536381592233009,0.9536381592233009,0.9536179145273395,0.9536381592233009,0.9536381807017525,0.9535765725973521,0.953658425397714
mv,x5,40768.0,0.0483,0.9912,-0.9999,1.0,-0.0028,0.0006,0.5769,0.002,-1.2,0.4994,0.9981,0.0061,0.0067,0.0042,0.0051,0.0063,0.0076,10.5538,0.0,KNN,0.95652901513767,0.9564119995992161,0.9565312908776908,0.9570595935318331,0.9570592351127423,0.9571619305224238,0.9566109714334805,0.9566338193878327,0.9568772401392267
mv,x5,40768.0,0.0483,0.9912,-0.9999,1.0,-0.0028,0.0006,0.5769,0.002,-1.2,0.4994,0.9981,0.0061,0.0067,0.0042,0.0051,0.0063,0.0076,10.5538,0.0,RandomForest,0.9592700796568834,0.9594377468731022,0.9593122456113988,0.9594558113948728,0.959313599254408,0.9594581463256906,0.9593757384228819,0.959395921928025,0.9595786969612436
mv,x5,40768.0,0.0483,0.9912,-0.9999,1.0,-0.0028,0.0006,0.5769,0.002,-1.2,0.4994,0.9981,0.0061,0.0067,0.0042,0.0051,0.0063,0.0076,10.5538,0.0,AdaBoost,0.9584803824632264,0.9586972302833137,0.958775357671608,0.9589539963262512,0.9589539963262512,0.958906150994047,0.9590766681431875,0.9583646400633559,0.9589539963262512
mv,x5,40768.0,0.0483,0.9912,-0.9999,1.0,-0.0028,0.0006,0.5769,0.002,-1.2,0.4994,0.9981,0.0061,0.0067,0.0042,0.0051,0.0063,0.0076,10.5538,0.0,SVC,0.9188533325105857,0.9188009280022281,0.9187679006265413,0.9188094998359357,0.9188088032483197,0.91874706822203,0.9188627271441897,0.9187694006244452,0.9188267356153018
mv,x6,40768.0,0.5027,0.9878,-37.3515,11.8705,-11.0304,-9.1693,10.8496,-0.3192,-0.9624,8.5387,18.3596,0.0102,0.7055,0.0059,0.5063,0.0088,0.6704,9.9001,0.0,DecisionTree,0.8935715430409992,0.8594427818961867,0.8914882815911941,0.8907259485787835,0.8923938248374584,0.8927039046267494,0.8935514534578766,0.8758625861785493,0.8928287576870364
mv,x6,40768.0,0.5027,0.9878,-37.3515,11.8705,-11.0304,-9.1693,10.8496,-0.3192,-0.9624,8.5387,18.3596,0.0102,0.7055,0.0059,0.5063,0.0088,0.6704,9.9001,0.0,LogisticRegression,0.8814838934685159,0.8317281947034082,0.8783332335045738,0.8787832331471732,0.8792095026860653,0.8786551612539112,0.8800888636789703,0.8611637906780389,0.8784255922813916
mv,x6,40768.0,0.5027,0.9878,-37.3515,11.8705,-11.0304,-9.1693,10.8496,-0.3192,-0.9624,8.5387,18.3596,0.0102,0.7055,0.0059,0.5063,0.0088,0.6704,9.9001,0.0,KNN,0.8842020316602971,0.8607995184359205,0.8873509461501665,0.8865175465019184,0.8863058710343864,0.8867074473354766,0.8839317528934911,0.8677221841368635,0.8867484270039544
mv,x6,40768.0,0.5027,0.9878,-37.3515,11.8705,-11.0304,-9.1693,10.8496,-0.3192,-0.9624,8.5387,18.3596,0.0102,0.7055,0.0059,0.5063,0.0088,0.6704,9.9001,0.0,RandomForest,0.8942980793515324,0.8739095525602034,0.8936368056648947,0.8950148579251651,0.8950768182528513,0.8934845065361476,0.8942732396757271,0.8759802474545691,0.8937686938911967
mv,x6,40768.0,0.5027,0.9878,-37.3515,11.8705,-11.0304,-9.1693,10.8496,-0.3192,-0.9624,8.5387,18.3596,0.0102,0.7055,0.0059,0.5063,0.0088,0.6704,9.9001,0.0,AdaBoost,0.8883491833529036,0.8765801924624846,0.8932778420504646,0.8947664045234122,0.892800636548994,0.894896896163869,0.8889144530184456,0.8749238159088261,0.8950932293673557
mv,x6,40768.0,0.5027,0.9878,-37.3515,11.8705,-11.0304,-9.1693,10.8496,-0.3192,-0.9624,8.5387,18.3596,0.0102,0.7055,0.0059,0.5063,0.0088,0.6704,9.9001,0.0,SVC,0.8449236775208275,0.8288856148329962,0.8552209225251555,0.8582996188579652,0.8582889157174867,0.8582783013780204,0.8504600843258481,0.8405472958946173,0.8587732236593102
mv,x6,40768.0,0.447,0.9866,-37.3515,12.0442,-11.0262,-9.1697,10.7794,-0.3288,-0.9366,8.4667,18.1699,0.0099,0.6979,0.0066,0.4974,0.0098,0.6598,10.0046,0.0,DecisionTree,0.9030429685140003,0.8663670604163082,0.9027691490755941,0.9005029226196222,0.9002282889120602,0.9030616268442456,0.9030229083342969,0.8880933132480526,0.903576484440328
mv,x6,40768.0,0.447,0.9866,-37.3515,12.0442,-11.0262,-9.1697,10.7794,-0.3288,-0.9366,8.4667,18.1699,0.0099,0.6979,0.0066,0.4974,0.0098,0.6598,10.0046,0.0,LogisticRegression,0.8900145139326021,0.8379139208775732,0.8887571711052649,0.8882317297850381,0.8884064020827543,0.8884417850748674,0.8885451408747662,0.8732662972704711,0.8884631235598295
mv,x6,40768.0,0.447,0.9866,-37.3515,12.0442,-11.0262,-9.1697,10.7794,-0.3288,-0.9366,8.4667,18.1699,0.0099,0.6979,0.0066,0.4974,0.0098,0.6598,10.0046,0.0,KNN,0.896716921893062,0.870621740596156,0.8989368635168418,0.8983300936625069,0.898653675588612,0.8980941931789052,0.8962703002853644,0.8801234123723625,0.8979727094779336
mv,x6,40768.0,0.447,0.9866,-37.3515,12.0442,-11.0262,-9.1697,10.7794,-0.3288,-0.9366,8.4667,18.1699,0.0099,0.6979,0.0066,0.4974,0.0098,0.6598,10.0046,0.0,RandomForest,0.90441066292663,0.8799725924431971,0.9036730243109989,0.9051031435260295,0.9056210612193587,0.9046350478018446,0.9048075533909063,0.8877040523999145,0.9045992274660397
mv,x6,40768.0,0.447,0.9866,-37.3515,12.0442,-11.0262,-9.1697,10.7794,-0.3288,-0.9366,8.4667,18.1699,0.0099,0.6979,0.0066,0.4974,0.0098,0.6598,10.0046,0.0,AdaBoost,0.8945191486396309,0.8835478889346038,0.902180587099423,0.905204804587957,0.9045334107341093,0.9040362235490753,0.8957105219182585,0.8855487719376026,0.9041641695518785
mv,x6,40768.0,0.447,0.9866,-37.3515,12.0442,-11.0262,-9.1697,10.7794,-0.3288,-0.9366,8.4667,18.1699,0.0099,0.6979,0.0066,0.4974,0.0098,0.6598,10.0046,0.0,SVC,0.8516896772518396,0.831032479235611,0.8626762527623517,0.8653575420563018,0.86558401420419,0.8655983414123631,0.8556766996774632,0.8486312860675508,0.865643217292652
mv,x6,40768.0,0.3996,0.9843,-37.2849,12.3802,-11.0473,-9.1817,10.8066,-0.3274,-0.941,8.4729,18.197,0.0017,0.6987,0.0006,0.4981,0.001,0.6606,10.0836,0.0,DecisionTree,0.9046737242850209,0.8699038684398008,0.9028377053748579,0.9014236768331909,0.901652959524867,0.9042421881667747,0.9046537733196742,0.8899164535190417,0.9035700954360101
mv,x6,40768.0,0.3996,0.9843,-37.2849,12.3802,-11.0473,-9.1817,10.8066,-0.3274,-0.941,8.4729,18.197,0.0017,0.6987,0.0006,0.4981,0.001,0.6606,10.0836,0.0,LogisticRegression,0.8926250359487522,0.8408042102405043,0.8913344855826044,0.8914275745810923,0.8919446462128297,0.8914847935322919,0.8912094129326475,0.876662154399688,0.8915269023229511
mv,x6,40768.0,0.3996,0.9843,-37.2849,12.3802,-11.0473,-9.1817,10.8066,-0.3274,-0.941,8.4729,18.197,0.0017,0.6987,0.0006,0.4981,0.001,0.6606,10.0836,0.0,KNN,0.8996337297872993,0.8745657661835741,0.9009349570902405,0.9006857089600695,0.9008874560853496,0.9006881252442903,0.8992701353563599,0.8840642270661158,0.9006286651936829
mv,x6,40768.0,0.3996,0.9843,-37.2849,12.3802,-11.0473,-9.1817,10.8066,-0.3274,-0.941,8.4729,18.197,0.0017,0.6987,0.0006,0.4981,0.001,0.6606,10.0836,0.0,RandomForest,0.9065624630290092,0.8830680692862356,0.906002883524166,0.906471915765426,0.906911159539123,0.9070765896745043,0.9057268342024105,0.8899041374150058,0.9071195692617628
mv,x6,40768.0,0.3996,0.9843,-37.2849,12.3802,-11.0473,-9.1817,10.8066,-0.3274,-0.941,8.4729,18.197,0.0017,0.6987,0.0006,0.4981,0.001,0.6606,10.0836,0.0,AdaBoost,0.900309087652369,0.8819003661187559,0.9046023945469726,0.9050058041659786,0.9064957855793627,0.906386338629968,0.9009490579933399,0.8872451302090945,0.9060447440471056
mv,x6,40768.0,0.3996,0.9843,-37.2849,12.3802,-11.0473,-9.1817,10.8066,-0.3274,-0.941,8.4729,18.197,0.0017,0.6987,0.0006,0.4981,0.001,0.6606,10.0836,0.0,SVC,0.8561423852375054,0.8328832149246463,0.8660247462586266,0.8679693431400217,0.8681567693777646,0.8677480792061769,0.8579058512597719,0.853222049168045,0.8677503359916805
mv,x6,40768.0,0.3465,0.985,-37.2849,12.3802,-11.0733,-9.2894,10.7908,-0.3201,-0.947,8.4959,18.1753,0.0054,0.7002,0.0035,0.4986,0.0052,0.6612,10.1691,0.0,DecisionTree,0.9050659192033033,0.8776549246192652,0.9083094699190932,0.9082792839361348,0.9083938022557875,0.9089679955324513,0.9025959774615072,0.8967506693794394,0.9096242176624418
mv,x6,40768.0,0.3465,0.985,-37.2849,12.3802,-11.0733,-9.2894,10.7908,-0.3201,-0.947,8.4959,18.1753,0.0054,0.7002,0.0035,0.4986,0.0052,0.6612,10.1691,0.0,LogisticRegression,0.8978900401682675,0.8491698705110736,0.8982922734121694,0.8985112314745269,0.8987780577363229,0.8985254463245422,0.8967886177878907,0.8819450572332967,0.8984121707021178
mv,x6,40768.0,0.3465,0.985,-37.2849,12.3802,-11.0733,-9.2894,10.7908,-0.3201,-0.947,8.4959,18.1753,0.0054,0.7002,0.0035,0.4986,0.0052,0.6612,10.1691,0.0,KNN,0.9086396132831747,0.8813789720886633,0.9104416001254835,0.9098816101364156,0.9090272365708416,0.9099656397293325,0.9070491155985355,0.894188252413551,0.9099232925976805
mv,x6,40768.0,0.3465,0.985,-37.2849,12.3802,-11.0733,-9.2894,10.7908,-0.3201,-0.947,8.4959,18.1753,0.0054,0.7002,0.0035,0.4986,0.0052,0.6612,10.1691,0.0,RandomForest,0.9136839843184282,0.8892941673324012,0.9142497892234661,0.9147598510101183,0.9153917653855004,0.9152105790253746,0.9134405489048504,0.8993006654548548,0.9144263533140564
mv,x6,40768.0,0.3465,0.985,-37.2849,12.3802,-11.0733,-9.2894,10.7908,-0.3201,-0.947,8.4959,18.1753,0.0054,0.7002,0.0035,0.4986,0.0052,0.6612,10.1691,0.0,AdaBoost,0.9064058417479872,0.8895147638270406,0.9128115308692143,0.913722424233527,0.9128985274360824,0.9139863010810241,0.9083663710099481,0.8958076439346583,0.9145184190063996
mv,x6,40768.0,0.3465,0.985,-37.2849,12.3802,-11.0733,-9.2894,10.7908,-0.3201,-0.947,8.4959,18.1753,0.0054,0.7002,0.0035,0.4986,0.0052,0.6612,10.1691,0.0,SVC,0.8642239121949973,0.8387055605732634,0.8730341492852275,0.8746549086416653,0.8747598556083906,0.8746050125082496,0.8654941019978454,0.8600482032399825,0.8749164511812453
mv,x6,40768.0,0.3022,0.9837,-37.3515,12.114,-11.026,-9.2138,10.7955,-0.319,-0.9459,8.5124,18.2197,0.0069,0.7014,0.0044,0.4992,0.0065,0.6622,10.233,0.0,DecisionTree,0.9107552395054355,0.8858165533659283,0.9162081199092742,0.9159084931883422,0.9164495745317729,0.9162192627204833,0.9051791363715596,0.9029466584783782,0.915986849023965
mv,x6,40768.0,0.3022,0.9837,-37.3515,12.114,-11.026,-9.2138,10.7955,-0.319,-0.9459,8.5124,18.2197,0.0069,0.7014,0.0044,0.4992,0.0065,0.6622,10.233,0.0,LogisticRegression,0.9033260188565396,0.8591768236285899,0.9045431743966682,0.9051547159354935,0.9049475997173712,0.9049017460492401,0.9023221979077065,0.8867981369489315,0.9043734369384139
mv,x6,40768.0,0.3022,0.9837,-37.3515,12.114,-11.026,-9.2138,10.7955,-0.319,-0.9459,8.5124,18.2197,0.0069,0.7014,0.0044,0.4992,0.0065,0.6622,10.233,0.0,KNN,0.9125387194543104,0.8850173946981218,0.91664931295356,0.914697841559496,0.9146866247533264,0.9147249837671868,0.9124105602112991,0.9004902986204203,0.9143417684346018
mv,x6,40768.0,0.3022,0.9837,-37.3515,12.114,-11.026,-9.2138,10.7955,-0.319,-0.9459,8.5124,18.2197,0.0069,0.7014,0.0044,0.4992,0.0065,0.6622,10.233,0.0,RandomForest,0.9203363391875725,0.8946048264994677,0.921133434817798,0.9219417605242199,0.9219220765139945,0.9220431016516611,0.9200536378824639,0.9054967090223675,0.9213738307043001
mv,x6,40768.0,0.3022,0.9837,-37.3515,12.114,-11.026,-9.2138,10.7955,-0.319,-0.9459,8.5124,18.2197,0.0069,0.7014,0.0044,0.4992,0.0065,0.6622,10.233,0.0,AdaBoost,0.912851068136062,0.8952330078031289,0.919029550860201,0.9203125608600545,0.9196384052650689,0.9208751407907593,0.9148226147752004,0.9032552740433608,0.9207863565717938
mv,x6,40768.0,0.3022,0.9837,-37.3515,12.114,-11.026,-9.2138,10.7955,-0.319,-0.9459,8.5124,18.2197,0.0069,0.7014,0.0044,0.4992,0.0065,0.6622,10.233,0.0,SVC,0.8703079571287224,0.8466769211438445,0.877576048212805,0.8791564319133481,0.878914029644715,0.8788278753020241,0.8726552828190142,0.8683585028979275,0.8795130306302079
mv,x6,40768.0,0.246,0.983,-37.2849,12.3802,-10.9847,-9.1721,10.7898,-0.3232,-0.9405,8.47,18.1455,0.005,0.7015,0.0033,0.4996,0.0049,0.6624,10.3095,0.0,DecisionTree,0.9164802276237763,0.8949844449810891,0.9280050460048256,0.9238853537807978,0.9281426601545139,0.9258736374222146,0.913324364167387,0.9098772631566299,0.9260751936122543
mv,x6,40768.0,0.246,0.983,-37.2849,12.3802,-10.9847,-9.1721,10.7898,-0.3232,-0.9405,8.47,18.1455,0.005,0.7015,0.0033,0.4996,0.0049,0.6624,10.3095,0.0,LogisticRegression,0.9114531409403873,0.8702228533967654,0.9133440575240928,0.9133720628547081,0.9136718536491546,0.9134839815024078,0.9106187965451304,0.8944585755563625,0.9133120275613522
mv,x6,40768.0,0.246,0.983,-37.2849,12.3802,-10.9847,-9.1721,10.7898,-0.3232,-0.9405,8.47,18.1455,0.005,0.7015,0.0033,0.4996,0.0049,0.6624,10.3095,0.0,KNN,0.9222341906066072,0.8963233464126767,0.9248497930826054,0.9240413879523774,0.9243641839028477,0.9243448489099444,0.9213084151069421,0.9116757625163451,0.9244667791710008
mv,x6,40768.0,0.246,0.983,-37.2849,12.3802,-10.9847,-9.1721,10.7898,-0.3232,-0.9405,8.47,18.1455,0.005,0.7015,0.0033,0.4996,0.0049,0.6624,10.3095,0.0,RandomForest,0.9290946829603461,0.9044771058246918,0.9298833722654448,0.9300951099475643,0.929863325084997,0.9297258957093946,0.9284739530312075,0.9148608225040274,0.9300696764487253
mv,x6,40768.0,0.246,0.983,-37.2849,12.3802,-10.9847,-9.1721,10.7898,-0.3232,-0.9405,8.47,18.1455,0.005,0.7015,0.0033,0.4996,0.0049,0.6624,10.3095,0.0,AdaBoost,0.9183580666417321,0.9018197576856555,0.9281536616540237,0.927651299644251,0.9283384339040481,0.9282042490400532,0.920826164646436,0.9099051352371341,0.9278840311796657
mv,x6,40768.0,0.246,0.983,-37.2849,12.3802,-10.9847,-9.1721,10.7898,-0.3232,-0.9405,8.47,18.1455,0.005,0.7015,0.0033,0.4996,0.0049,0.6624,10.3095,0.0,SVC,0.879693891969084,0.8572336655520211,0.8867611534768904,0.8875714145212128,0.8879049041643631,0.8876927140201385,0.881247040802656,0.8763687619777709,0.8877391159686548
mv,x6,40768.0,0.1982,0.9815,-37.3515,12.3802,-11.0199,-9.1493,10.8042,-0.3283,-0.9424,8.4566,18.2007,0.0059,0.7005,0.004,0.5003,0.0059,0.6631,10.3689,0.0,DecisionTree,0.9229522565186014,0.8984322374559142,0.9312361036886704,0.9294235091746049,0.9301557397343644,0.9308307151435515,0.9132037411471632,0.9174701739988386,0.9307847459821065
mv,x6,40768.0,0.1982,0.9815,-37.3515,12.3802,-11.0199,-9.1493,10.8042,-0.3283,-0.9424,8.4566,18.2007,0.0059,0.7005,0.004,0.5003,0.0059,0.6631,10.3689,0.0,LogisticRegression,0.9153148749817458,0.8785413563218484,0.9165479154043721,0.9173758515653023,0.9172034052517717,0.9172823945666395,0.9139875456251176,0.9012308179068661,0.916968504864067
mv,x6,40768.0,0.1982,0.9815,-37.3515,12.3802,-11.0199,-9.1493,10.8042,-0.3283,-0.9424,8.4566,18.2007,0.0059,0.7005,0.004,0.5003,0.0059,0.6631,10.3689,0.0,KNN,0.9266176798786196,0.902455616213039,0.9287087810750412,0.9283283730359218,0.9279807923073335,0.9283905602344948,0.9259860131053536,0.917745586274062,0.9282307563073254
mv,x6,40768.0,0.1982,0.9815,-37.3515,12.3802,-11.0199,-9.1493,10.8042,-0.3283,-0.9424,8.4566,18.2007,0.0059,0.7005,0.004,0.5003,0.0059,0.6631,10.3689,0.0,RandomForest,0.9324398225356401,0.908632022795726,0.9325006352034333,0.9331028927340259,0.9330400722416216,0.9331257203031673,0.9324553045312898,0.9228315727152585,0.9332677763787571
mv,x6,40768.0,0.1982,0.9815,-37.3515,12.3802,-11.0199,-9.1493,10.8042,-0.3283,-0.9424,8.4566,18.2007,0.0059,0.7005,0.004,0.5003,0.0059,0.6631,10.3689,0.0,AdaBoost,0.9257870903085956,0.9064030694475851,0.9310432816088646,0.9316969595325364,0.9311759439156055,0.931269017352764,0.9284624269016233,0.9172836818844344,0.9317927190902268
mv,x6,40768.0,0.1982,0.9815,-37.3515,12.3802,-11.0199,-9.1493,10.8042,-0.3283,-0.9424,8.4566,18.2007,0.0059,0.7005,0.004,0.5003,0.0059,0.6631,10.3689,0.0,SVC,0.8854178506637982,0.8649843077882506,0.890565962420497,0.8911202975001038,0.8913042776191054,0.891138955458612,0.8869601552505763,0.8831758932504543,0.8914681604149889
mv,x6,40768.0,0.1497,0.9797,-37.3515,12.3802,-11.0772,-9.2687,10.8119,-0.3193,-0.9495,8.5289,18.2604,0.0034,0.7001,0.0023,0.498,0.0035,0.6608,10.425,0.0,DecisionTree,0.9308384565850296,0.9131374084309605,0.9384749196359405,0.9389986676319614,0.9382882868515839,0.9391420491086739,0.9291467364227203,0.9305337279951367,0.939018210426659
mv,x6,40768.0,0.1497,0.9797,-37.3515,12.3802,-11.0772,-9.2687,10.8119,-0.3193,-0.9495,8.5289,18.2604,0.0034,0.7001,0.0023,0.498,0.0035,0.6608,10.425,0.0,LogisticRegression,0.9220754234608276,0.894214976908493,0.9266608266785286,0.9264478563225768,0.9265517727114343,0.9265265366829096,0.9178670191587639,0.9089052379015856,0.9265259091816535
mv,x6,40768.0,0.1497,0.9797,-37.3515,12.3802,-11.0772,-9.2687,10.8119,-0.3193,-0.9495,8.5289,18.2604,0.0034,0.7001,0.0023,0.498,0.0035,0.6608,10.425,0.0,KNN,0.9345069227149384,0.913954158289425,0.9367123012804243,0.9365583206631837,0.9365553597603993,0.9364992725981911,0.9344556703108685,0.9294398859871422,0.9365823323851601
mv,x6,40768.0,0.1497,0.9797,-37.3515,12.3802,-11.0772,-9.2687,10.8119,-0.3193,-0.9495,8.5289,18.2604,0.0034,0.7001,0.0023,0.498,0.0035,0.6608,10.425,0.0,RandomForest,0.9408912816343444,0.9184109833261546,0.9406118637440655,0.941536153006423,0.9415279160474499,0.9413711605119173,0.9407048008035415,0.933904837794352,0.9411679081748502
mv,x6,40768.0,0.1497,0.9797,-37.3515,12.3802,-11.0772,-9.2687,10.8119,-0.3193,-0.9495,8.5289,18.2604,0.0034,0.7001,0.0023,0.498,0.0035,0.6608,10.425,0.0,AdaBoost,0.9349697526726062,0.914369232803445,0.9390118105786085,0.9394709977449927,0.9388487759690117,0.939556003103396,0.936198560675791,0.9288940040610939,0.9401010905836422
mv,x6,40768.0,0.1497,0.9797,-37.3515,12.3802,-11.0772,-9.2687,10.8119,-0.3193,-0.9495,8.5289,18.2604,0.0034,0.7001,0.0023,0.498,0.0035,0.6608,10.425,0.0,SVC,0.8951944968293579,0.87820565395279,0.8986655540480185,0.8987280446108992,0.8988288635147728,0.8987474202737074,0.8959056176966185,0.8932798290380233,0.8987880862982643
mv,x6,40768.0,0.0991,0.9791,-37.3515,12.3802,-11.038,-9.1955,10.7944,-0.3214,-0.9442,8.476,18.2121,0.0075,0.7004,0.0047,0.4985,0.0071,0.6613,10.482,0.0,DecisionTree,0.9389241445163846,0.9252486617216994,0.9439877160901164,0.944123978327223,0.943526195942436,0.9440892661584357,0.9348932743347849,0.9343907614821241,0.9440290171163261
mv,x6,40768.0,0.0991,0.9791,-37.3515,12.3802,-11.038,-9.1955,10.7944,-0.3214,-0.9442,8.476,18.2121,0.0075,0.7004,0.0047,0.4985,0.0071,0.6613,10.482,0.0,LogisticRegression,0.919643739876303,0.9123371658783455,0.9340309710202102,0.933657358733547,0.933573161115457,0.9336527294796204,0.9178130383079711,0.916734161961295,0.933732242729146
mv,x6,40768.0,0.0991,0.9791,-37.3515,12.3802,-11.038,-9.1955,10.7944,-0.3214,-0.9442,8.476,18.2121,0.0075,0.7004,0.0047,0.4985,0.0071,0.6613,10.482,0.0,KNN,0.9412519458673192,0.9249745213246404,0.9419348433988194,0.9425424995489702,0.9423989617706148,0.9424629603525395,0.9414025629072005,0.9340078685424601,0.9423826606240744
mv,x6,40768.0,0.0991,0.9791,-37.3515,12.3802,-11.038,-9.1955,10.7944,-0.3214,-0.9442,8.476,18.2121,0.0075,0.7004,0.0047,0.4985,0.0071,0.6613,10.482,0.0,RandomForest,0.9452851604333656,0.9298415540959224,0.9456450803844441,0.9459781169135828,0.9458957705473908,0.9460813941721467,0.9452361714395008,0.9393866098627295,0.9458806630177322
mv,x6,40768.0,0.0991,0.9791,-37.3515,12.3802,-11.038,-9.1955,10.7944,-0.3214,-0.9442,8.476,18.2121,0.0075,0.7004,0.0047,0.4985,0.0071,0.6613,10.482,0.0,AdaBoost,0.940701477637328,0.9240083803342505,0.9438914553386034,0.9445173794845799,0.9440411632359118,0.9443288216581673,0.9401482010532121,0.935390703851772,0.9446700099518596
mv,x6,40768.0,0.0991,0.9791,-37.3515,12.3802,-11.038,-9.1955,10.7944,-0.3214,-0.9442,8.476,18.2121,0.0075,0.7004,0.0047,0.4985,0.0071,0.6613,10.482,0.0,SVC,0.9014171979731134,0.8909529438010165,0.9041737402188965,0.904482723446841,0.9044612616844959,0.9044399868095798,0.9021162016414852,0.8988649217921477,0.9044840011441083
mv,x6,40768.0,0.0496,0.9782,-37.3515,12.3802,-11.0458,-9.2166,10.8098,-0.3215,-0.9471,8.5033,18.2365,0.0061,0.701,0.0035,0.4995,0.0053,0.6624,10.5342,0.0,DecisionTree,0.9504021308337699,0.9343727508115977,0.9506960416967734,0.9508396845304112,0.9509322761068313,0.9508599141018389,0.9502220099943651,0.9460760279386204,0.9510243247927601
mv,x6,40768.0,0.0496,0.9782,-37.3515,12.3802,-11.0458,-9.2166,10.8098,-0.3215,-0.9471,8.5033,18.2365,0.0061,0.701,0.0035,0.4995,0.0053,0.6624,10.5342,0.0,LogisticRegression,0.9306107497902518,0.9341346541925898,0.9432413946508585,0.9433207263097674,0.9433187414952056,0.9433793778787678,0.9296208200828149,0.9301922825257389,0.9435042379959021
mv,x6,40768.0,0.0496,0.9782,-37.3515,12.3802,-11.0458,-9.2166,10.8098,-0.3215,-0.9471,8.5033,18.2365,0.0061,0.701,0.0035,0.4995,0.0053,0.6624,10.5342,0.0,KNN,0.9479299686047833,0.9374441855298391,0.9491249680197521,0.9489611385348978,0.9491228107618789,0.9490850633406402,0.9484452202467842,0.9447346886065454,0.9491052970195197
mv,x6,40768.0,0.0496,0.9782,-37.3515,12.3802,-11.0458,-9.2166,10.8098,-0.3215,-0.9471,8.5033,18.2365,0.0061,0.701,0.0035,0.4995,0.0053,0.6624,10.5342,0.0,RandomForest,0.9526743282181015,0.9426478932490422,0.9523527839425311,0.9525182651680457,0.9528792519137635,0.9524971223566376,0.952915096089332,0.9494802726187582,0.9524150449026375
mv,x6,40768.0,0.0496,0.9782,-37.3515,12.3802,-11.0458,-9.2166,10.8098,-0.3215,-0.9471,8.5033,18.2365,0.0061,0.701,0.0035,0.4995,0.0053,0.6624,10.5342,0.0,AdaBoost,0.9502864927402361,0.9369874928633937,0.9504615789777855,0.9511018209186538,0.9511391391019628,0.9513586053384213,0.94998959084413,0.946338161797811,0.9514142616414438
mv,x6,40768.0,0.0496,0.9782,-37.3515,12.3802,-11.0458,-9.2166,10.8098,-0.3215,-0.9471,8.5033,18.2365,0.0061,0.701,0.0035,0.4995,0.0053,0.6624,10.5342,0.0,SVC,0.9104215831613239,0.905202550717801,0.9116130528133718,0.9116489750292786,0.9115658994137174,0.911567317785198,0.910843080535186,0.909239995363931,0.9115099203674436
stars,L,240.0,0.5333,0.9554,0.0001,849420.0,117678.4269,8.975,189255.8575,2.1156,4.6514,8.9749,199999.9988,0.5706,0.644,0.7075,0.7104,0.8919,0.8937,4.6566,0.0004,DecisionTree,0.985954246370913,0.985954246370913,0.985954246370913,0.985954246370913,0.982490320975984,0.985954246370913,1.0,1.0,0.985954246370913
stars,L,240.0,0.5333,0.9554,0.0001,849420.0,117678.4269,8.975,189255.8575,2.1156,4.6514,8.9749,199999.9988,0.5706,0.644,0.7075,0.7104,0.8919,0.8937,4.6566,0.0004,LogisticRegression,0.9722059760544692,0.9654417801829704,0.9786874086764438,0.9788236621556904,0.9752286273144366,0.9754616510843378,0.9752234832815148,0.9654417801829704,0.9654417801829704
stars,L,240.0,0.5333,0.9554,0.0001,849420.0,117678.4269,8.975,189255.8575,2.1156,4.6514,8.9749,199999.9988,0.5706,0.644,0.7075,0.7104,0.8919,0.8937,4.6566,0.0004,KNN,0.9154084556943444,0.9114232628681553,0.9438596886896328,0.9475749221222991,0.9438596886896328,0.933167638078577,0.9262924028809735,0.9114232628681553,0.9114232628681553
stars,L,240.0,0.5333,0.9554,0.0001,849420.0,117678.4269,8.975,189255.8575,2.1156,4.6514,8.9749,199999.9988,0.5706,0.644,0.7075,0.7104,0.8919,0.8937,4.6566,0.0004,RandomForest,1.0,1.0,1.0,1.0,1.0,1.0,1.0,0.9895833333333334,1.0
stars,L,240.0,0.5333,0.9554,0.0001,849420.0,117678.4269,8.975,189255.8575,2.1156,4.6514,8.9749,199999.9988,0.5706,0.644,0.7075,0.7104,0.8919,0.8937,4.6566,0.0004,AdaBoost,0.5197766027249723,0.5197766027249723,0.5197766027249723,0.5197766027249723,0.5197766027249723,0.5197766027249723,0.5197766027249723,0.5197766027249723,0.5197766027249723
stars,L,240.0,0.5333,0.9554,0.0001,849420.0,117678.4269,8.975,189255.8575,2.1156,4.6514,8.9749,199999.9988,0.5706,0.644,0.7075,0.7104,0.8919,0.8937,4.6566,0.0004,SVC,0.9269237399629294,0.9370917692305041,0.9369112967483535,0.9369112967483535,0.940187126492528,0.940187126492528,0.9369112967483535,0.9370917692305041,0.9370917692305041
stars,L,240.0,0.4958,0.9256,0.0001,834042.0,101918.6196,0.0081,182351.6968,2.1829,4.7414,0.008,194999.999,0.5662,0.712,0.7017,0.7324,0.885,0.9089,4.6884,0.0006,DecisionTree,0.985954246370913,0.985954246370913,0.985954246370913,0.9821767275933942,0.982490320975984,0.985954246370913,1.0,1.0,0.985954246370913
stars,L,240.0,0.4958,0.9256,0.0001,834042.0,101918.6196,0.0081,182351.6968,2.1829,4.7414,0.008,194999.999,0.5662,0.712,0.7017,0.7324,0.885,0.9089,4.6884,0.0006,LogisticRegression,0.9789255764792667,0.9722059760544692,0.9786874086764438,0.975385985305576,0.9789095605787032,0.9754616510843378,0.9687254570049537,0.9722059760544692,0.9722059760544692
stars,L,240.0,0.4958,0.9256,0.0001,834042.0,101918.6196,0.0081,182351.6968,2.1829,4.7414,0.008,194999.999,0.5662,0.712,0.7017,0.7324,0.885,0.9089,4.6884,0.0006,KNN,0.933461478046161,0.9263817585957518,0.922917560190274,0.9369765093820736,0.9263584145494194,0.9335955776630191,0.9333091813397455,0.9263817585957518,0.9299956415199796
stars,L,240.0,0.4958,0.9256,0.0001,834042.0,101918.6196,0.0081,182351.6968,2.1829,4.7414,0.008,194999.999,0.5662,0.712,0.7017,0.7324,0.885,0.9089,4.6884,0.0006,RandomForest,0.9930667382358204,0.9965109427609428,0.9965277777777778,0.9965277777777778,1.0,0.9930345203454154,0.9826229977116705,0.989566160439347,0.9895394244590151
stars,L,240.0,0.4958,0.9256,0.0001,834042.0,101918.6196,0.0081,182351.6968,2.1829,4.7414,0.008,194999.999,0.5662,0.712,0.7017,0.7324,0.885,0.9089,4.6884,0.0006,AdaBoost,0.5197766027249723,0.5197766027249723,0.5197766027249723,0.5197766027249723,0.5197766027249723,0.5197766027249723,0.5197766027249723,0.5197766027249723,0.5197766027249723
stars,L,240.0,0.4958,0.9256,0.0001,834042.0,101918.6196,0.0081,182351.6968,2.1829,4.7414,0.008,194999.999,0.5662,0.712,0.7017,0.7324,0.885,0.9089,4.6884,0.0006,SVC,0.9371442935414924,0.9405083153748375,0.9369112967483535,0.9403278428926869,0.9439112426006385,0.9403278428926869,0.9511674864506753,0.9405083153748375,0.9405083153748375
stars,L,240.0,0.4208,0.9281,0.0001,783930.0,110893.9329,0.085,173625.9942,1.8449,3.3315,0.0848,199999.9991,0.4865,0.7181,0.6743,0.6894,0.8714,0.8804,4.831,0.0004,DecisionTree,0.985954246370913,0.985954246370913,0.9755375797042464,0.985954246370913,0.982490320975984,0.985954246370913,1.0,1.0,0.985954246370913
stars,L,240.0,0.4208,0.9281,0.0001,783930.0,110893.9329,0.085,173625.9942,1.8449,3.3315,0.0848,199999.9991,0.4865,0.7181,0.6743,0.6894,0.8714,0.8804,4.831,0.0004,LogisticRegression,0.9752234832815148,0.9722059760544692,0.9751983514373865,0.9610797453134061,0.9645296271575512,0.9786711359628026,0.972180844210341,0.9722059760544692,0.9722059760544692
stars,L,240.0,0.4208,0.9281,0.0001,783930.0,110893.9329,0.085,173625.9942,1.8449,3.3315,0.0848,199999.9991,0.4865,0.7181,0.6743,0.6894,0.8714,0.8804,4.831,0.0004,KNN,0.9514625895516332,0.9301324337940365,0.9506063280655823,0.9370177007329936,0.9504614491754928,0.9370672154883908,0.9370177007329936,0.9301324337940365,0.9336003579516159
stars,L,240.0,0.4208,0.9281,0.0001,783930.0,110893.9329,0.085,173625.9942,1.8449,3.3315,0.0848,199999.9991,0.4865,0.7181,0.6743,0.6894,0.8714,0.8804,4.831,0.0004,RandomForest,0.9930482351914446,1.0,1.0,1.0,1.0,0.9965109427609428,0.9965316400939316,0.9930482351914446,1.0
stars,L,240.0,0.4208,0.9281,0.0001,783930.0,110893.9329,0.085,173625.9942,1.8449,3.3315,0.0848,199999.9991,0.4865,0.7181,0.6743,0.6894,0.8714,0.8804,4.831,0.0004,AdaBoost,0.5197766027249723,0.5197766027249723,0.5197766027249723,0.5197766027249723,0.5197766027249723,0.5197766027249723,0.5197766027249723,0.5197766027249723,0.5197766027249723
stars,L,240.0,0.4208,0.9281,0.0001,783930.0,110893.9329,0.085,173625.9942,1.8449,3.3315,0.0848,199999.9991,0.4865,0.7181,0.6743,0.6894,0.8714,0.8804,4.831,0.0004,SVC,0.9403278428926869,0.9403278428926869,0.9444751105621673,0.9369112967483535,0.9369112967483535,0.9403278428926869,0.9403278428926869,0.9403278428926869,0.9403278428926869
stars,L,240.0,0.3417,0.8924,0.0001,834042.0,98212.232,0.0086,182598.7278,2.1589,4.4227,0.0085,181499.9991,0.5674,0.7,0.7144,0.7302,0.8866,0.9047,4.8947,0.0005,DecisionTree,0.985954246370913,0.9790362879520585,0.985954246370913,0.9787427079093746,0.985954246370913,0.985954246370913,1.0,1.0,0.985954246370913
stars,L,240.0,0.3417,0.8924,0.0001,834042.0,98212.232,0.0086,182598.7278,2.1589,4.4227,0.0085,181499.9991,0.5674,0.7,0.7144,0.7302,0.8866,0.9047,4.8947,0.0005,LogisticRegression,0.9685997662932274,0.9756699014493981,0.9823172022367929,0.97898246598539,0.972269503022427,0.9721354530224766,0.9721354530224766,0.9756699014493981,0.9756699014493981
stars,L,240.0,0.3417,0.8924,0.0001,834042.0,98212.232,0.0086,182598.7278,2.1589,4.4227,0.0085,181499.9991,0.5674,0.7,0.7144,0.7302,0.8866,0.9047,4.8947,0.0005,KNN,0.9055399033807868,0.9121717955064783,0.929466254719041,0.919442004278124,0.9404423459082549,0.9156192322225932,0.9089202984403262,0.9121717955064783,0.9121717955064783
stars,L,240.0,0.3417,0.8924,0.0001,834042.0,98212.232,0.0086,182598.7278,2.1589,4.4227,0.0085,181499.9991,0.5674,0.7,0.7144,0.7302,0.8866,0.9047,4.8947,0.0005,RandomForest,1.0,0.9965109427609428,1.0,0.9965277777777778,1.0,1.0,0.9965316400939316,0.9965316400939316,1.0
stars,L,240.0,0.3417,0.8924,0.0001,834042.0,98212.232,0.0086,182598.7278,2.1589,4.4227,0.0085,181499.9991,0.5674,0.7,0.7144,0.7302,0.8866,0.9047,4.8947,0.0005,AdaBoost,0.5197766027249723,0.5197766027249723,0.5197766027249723,0.5197766027249723,0.5197766027249723,0.5197766027249723,0.5197766027249723,0.5197766027249723,0.5197766027249723
stars,L,240.0,0.3417,0.8924,0.0001,834042.0,98212.232,0.0086,182598.7278,2.1589,4.4227,0.0085,181499.9991,0.5674,0.7,0.7144,0.7302,0.8866,0.9047,4.8947,0.0005,SVC,0.9480471567911695,0.9514510763175984,0.9369112967483535,0.9335377194358967,0.9369112967483535,0.9403278428926869,0.9369112967483535,0.9514510763175984,0.9514510763175984
stars,L,240.0,0.275,0.8966,0.0001,834042.0,103690.0949,0.0105,176462.6134,1.9998,3.947,0.0104,198149.9992,0.5311,0.7166,0.7022,0.7044,0.8846,0.8856,5.0096,0.0004,DecisionTree,0.985954246370913,0.9790362879520585,0.985954246370913,0.985954246370913,0.985954246370913,0.985954246370913,1.0,1.0,0.985954246370913
stars,L,240.0,0.275,0.8966,0.0001,834042.0,103690.0949,0.0105,176462.6134,1.9998,3.947,0.0104,198149.9992,0.5311,0.7166,0.7022,0.7044,0.8846,0.8856,5.0096,0.0004,LogisticRegression,0.9718057065006239,0.9651608702507117,0.9752234832815148,0.9751881125967383,0.9751881125967383,0.9752234832815148,0.9719678082516461,0.9651608702507117,0.9651608702507117
stars,L,240.0,0.275,0.8966,0.0001,834042.0,103690.0949,0.0105,176462.6134,1.9998,3.947,0.0104,198149.9992,0.5311,0.7166,0.7022,0.7044,0.8846,0.8856,5.0096,0.0004,KNN,0.9190140148768663,0.9188447968556367,0.9367750178659269,0.9224586797798645,0.9368145166901479,0.9261081306783012,0.9224021426866894,0.9188447968556367,0.9224586797798645
stars,L,240.0,0.275,0.8966,0.0001,834042.0,103690.0949,0.0105,176462.6134,1.9998,3.947,0.0104,198149.9992,0.5311,0.7166,0.7022,0.7044,0.8846,0.8856,5.0096,0.0004,RandomForest,0.9965316400939316,0.9965316400939316,1.0,1.0,1.0,0.9965109427609428,0.9824059696342305,0.978943776584708,1.0
stars,L,240.0,0.275,0.8966,0.0001,834042.0,103690.0949,0.0105,176462.6134,1.9998,3.947,0.0104,198149.9992,0.5311,0.7166,0.7022,0.7044,0.8846,0.8856,5.0096,0.0004,AdaBoost,0.5197766027249723,0.5197766027249723,0.5197766027249723,0.5197766027249723,0.5197766027249723,0.5197766027249723,0.5197766027249723,0.5197766027249723,0.5197766027249723
stars,L,240.0,0.275,0.8966,0.0001,834042.0,103690.0949,0.0105,176462.6134,1.9998,3.947,0.0104,198149.9992,0.5311,0.7166,0.7022,0.7044,0.8846,0.8856,5.0096,0.0004,SVC,0.9367535672642198,0.9436036726368614,0.9369112967483535,0.9369112967483535,0.9369112967483535,0.9403278428926869,0.9369112967483535,0.9436036726368614,0.9436036726368614
stars,L,240.0,0.2333,0.9022,0.0001,849420.0,97987.6496,0.0084,175567.7122,2.2366,5.2168,0.0083,183999.9992,0.5638,0.6976,0.7132,0.7149,0.893,0.8936,5.0736,0.0004,DecisionTree,0.985954246370913,0.985954246370913,0.985954246370913,0.985954246370913,0.982490320975984,0.985954246370913,1.0,1.0,0.985954246370913
stars,L,240.0,0.2333,0.9022,0.0001,849420.0,97987.6496,0.0084,175567.7122,2.2366,5.2168,0.0083,183999.9992,0.5638,0.6976,0.7132,0.7149,0.893,0.8936,5.0736,0.0004,LogisticRegression,0.9754616510843378,0.9722059760544692,0.9717546552159125,0.9682655979768553,0.9682402739956739,0.9751881125967383,0.9756699014493981,0.9722059760544692,0.9722059760544692
stars,L,240.0,0.2333,0.9022,0.0001,849420.0,97987.6496,0.0084,175567.7122,2.2366,5.2168,0.0083,183999.9992,0.5638,0.6976,0.7132,0.7149,0.893,0.8936,5.0736,0.0004,KNN,0.9296857258730504,0.9296857258730504,0.9296717795791712,0.9296717795791712,0.9369765093820736,0.9332996087972782,0.9296717795791712,0.9296857258730504,0.9296857258730504
stars,L,240.0,0.2333,0.9022,0.0001,849420.0,97987.6496,0.0084,175567.7122,2.2366,5.2168,0.0083,183999.9992,0.5638,0.6976,0.7132,0.7149,0.893,0.8936,5.0736,0.0004,RandomForest,0.9965316400939316,1.0,1.0,1.0,1.0,1.0,1.0,0.9965316400939316,1.0
stars,L,240.0,0.2333,0.9022,0.0001,849420.0,97987.6496,0.0084,175567.7122,2.2366,5.2168,0.0083,183999.9992,0.5638,0.6976,0.7132,0.7149,0.893,0.8936,5.0736,0.0004,AdaBoost,0.5197766027249723,0.5197766027249723,0.5197766027249723,0.5197766027249723,0.5197766027249723,0.5197766027249723,0.5197766027249723,0.5197766027249723,0.5197766027249723
stars,L,240.0,0.2333,0.9022,0.0001,849420.0,97987.6496,0.0084,175567.7122,2.2366,5.2168,0.0083,183999.9992,0.5638,0.6976,0.7132,0.7149,0.893,0.8936,5.0736,0.0004,SVC,0.9444535066668426,0.9405083153748375,0.940187126492528,0.9436036726368614,0.9405083153748375,0.9436036726368614,0.9405083153748375,0.9405083153748375,0.9443222483554371
stars,L,240.0,0.2125,0.8942,0.0001,849420.0,111171.0862,0.357,190076.3926,2.0675,4.0584,0.3569,194999.9991,0.5264,0.679,0.7092,0.7189,0.8923,0.8971,5.0895,0.0004,DecisionTree,0.985954246370913,0.985954246370913,0.985954246370913,0.985954246370913,0.982490320975984,0.985954246370913,1.0,1.0,0.985954246370913
stars,L,240.0,0.2125,0.8942,0.0001,849420.0,111171.0862,0.357,190076.3926,2.0675,4.0584,0.3569,194999.9991,0.5264,0.679,0.7092,0.7189,0.8923,0.8971,5.0895,0.0004,LogisticRegression,0.9720026563753431,0.9722059760544692,0.9786874086764438,0.9786874086764438,0.9786874086764438,0.9789255764792667,0.9756699014493981,0.9722059760544692,0.9722059760544692
stars,L,240.0,0.2125,0.8942,0.0001,849420.0,111171.0862,0.357,190076.3926,2.0675,4.0584,0.3569,194999.9991,0.5264,0.679,0.7092,0.7189,0.8923,0.8971,5.0895,0.0004,KNN,0.9223951666380467,0.9152832212951072,0.9406110301047168,0.9371451935785354,0.936749837905402,0.9299332594221568,0.9299034814362007,0.9152832212951072,0.919059280626722
stars,L,240.0,0.2125,0.8942,0.0001,849420.0,111171.0862,0.357,190076.3926,2.0675,4.0584,0.3569,194999.9991,0.5264,0.679,0.7092,0.7189,0.8923,0.8971,5.0895,0.0004,RandomForest,1.0,0.9930284816980723,0.996516595097513,0.9965277777777778,1.0,0.9930443728752908,0.9965316400939316,0.9895601217920039,1.0
stars,L,240.0,0.2125,0.8942,0.0001,849420.0,111171.0862,0.357,190076.3926,2.0675,4.0584,0.3569,194999.9991,0.5264,0.679,0.7092,0.7189,0.8923,0.8971,5.0895,0.0004,AdaBoost,0.5197766027249723,0.5197766027249723,0.5197766027249723,0.5197766027249723,0.5197766027249723,0.5197766027249723,0.5197766027249723,0.5197766027249723,0.5197766027249723
stars,L,240.0,0.2125,0.8942,0.0001,849420.0,111171.0862,0.357,190076.3926,2.0675,4.0584,0.3569,194999.9991,0.5264,0.679,0.7092,0.7189,0.8923,0.8971,5.0895,0.0004,SVC,0.940187126492528,0.940187126492528,0.9369112967483535,0.9369112967483535,0.9369112967483535,0.9369112967483535,0.9369112967483535,0.940187126492528,0.940187126492528
stars,L,240.0,0.1375,0.8986,0.0001,849420.0,108762.9312,0.63,176351.523,1.9678,4.0543,0.6299,199099.999,0.5637,0.699,0.7193,0.7232,0.8993,0.9006,5.1845,0.0003,DecisionTree,0.985954246370913,0.982490320975984,0.985954246370913,0.985954246370913,0.982490320975984,0.985954246370913,1.0,1.0,0.985954246370913
stars,L,240.0,0.1375,0.8986,0.0001,849420.0,108762.9312,0.63,176351.523,1.9678,4.0543,0.6299,199099.999,0.5637,0.699,0.7193,0.7232,0.8993,0.9006,5.1845,0.0003,LogisticRegression,0.9786874086764438,0.9652360089954413,0.9751983514373865,0.9751983514373865,0.9751983514373865,0.9751983514373865,0.9751983514373865,0.9652360089954413,0.965084517422381
stars,L,240.0,0.1375,0.8986,0.0001,849420.0,108762.9312,0.63,176351.523,1.9678,4.0543,0.6299,199099.999,0.5637,0.699,0.7193,0.7232,0.8993,0.9006,5.1845,0.0003,KNN,0.9298404637756331,0.9298404637756331,0.9298404637756331,0.9298404637756331,0.9298404637756331,0.9298404637756331,0.9371451935785354,0.9298404637756331,0.9298404637756331
stars,L,240.0,0.1375,0.8986,0.0001,849420.0,108762.9312,0.63,176351.523,1.9678,4.0543,0.6299,199099.999,0.5637,0.699,0.7193,0.7232,0.8993,0.9006,5.1845,0.0003,RandomForest,1.0,1.0,1.0,1.0,1.0,1.0,0.9965316400939316,1.0,1.0
stars,L,240.0,0.1375,0.8986,0.0001,849420.0,108762.9312,0.63,176351.523,1.9678,4.0543,0.6299,199099.999,0.5637,0.699,0.7193,0.7232,0.8993,0.9006,5.1845,0.0003,AdaBoost,0.5197766027249723,0.5197766027249723,0.5197766027249723,0.5197766027249723,0.5197766027249723,0.5197766027249723,0.5197766027249723,0.5197766027249723,0.5197766027249723
stars,L,240.0,0.1375,0.8986,0.0001,849420.0,108762.9312,0.63,176351.523,1.9678,4.0543,0.6299,199099.999,0.5637,0.699,0.7193,0.7232,0.8993,0.9006,5.1845,0.0003,SVC,0.940187126492528,0.940187126492528,0.940187126492528,0.940187126492528,0.940187126492528,0.940187126492528,0.940187126492528,0.940187126492528,0.940187126492528
stars,L,240.0,0.1042,0.8837,0.0001,849420.0,112420.0304,0.81,185253.2039,1.9925,3.9113,0.8099,198099.999,0.5238,0.6811,0.709,0.7095,0.893,0.8932,5.1957,0.0003,DecisionTree,0.985954246370913,0.985954246370913,0.985954246370913,0.985954246370913,0.982490320975984,0.985954246370913,1.0,1.0,0.9755652101198078
stars,L,240.0,0.1042,0.8837,0.0001,849420.0,112420.0304,0.81,185253.2039,1.9925,3.9113,0.8099,198099.999,0.5238,0.6811,0.709,0.7095,0.893,0.8932,5.1957,0.0003,LogisticRegression,0.9754616510843378,0.9684993966192292,0.9786874086764438,0.9716990553576811,0.9716990553576811,0.9821601932018599,0.9754709149211569,0.9684993966192292,0.9684993966192292
stars,L,240.0,0.1042,0.8837,0.0001,849420.0,112420.0304,0.81,185253.2039,1.9925,3.9113,0.8099,198099.999,0.5238,0.6811,0.709,0.7095,0.893,0.8932,5.1957,0.0003,KNN,0.9091142340774933,0.9262468355807119,0.936749837905402,0.9296071007944253,0.9259792715763183,0.9262963503361089,0.9259792715763183,0.9262468355807119,0.9262468355807119
stars,L,240.0,0.1042,0.8837,0.0001,849420.0,112420.0304,0.81,185253.2039,1.9925,3.9113,0.8099,198099.999,0.5238,0.6811,0.709,0.7095,0.893,0.8932,5.1957,0.0003,RandomForest,1.0,1.0,1.0,1.0,1.0,1.0,0.9930689964157706,0.9930599900666951,1.0
stars,L,240.0,0.1042,0.8837,0.0001,849420.0,112420.0304,0.81,185253.2039,1.9925,3.9113,0.8099,198099.999,0.5238,0.6811,0.709,0.7095,0.893,0.8932,5.1957,0.0003,AdaBoost,0.5197766027249723,0.5197766027249723,0.5197766027249723,0.5197766027249723,0.5197766027249723,0.5197766027249723,0.5197766027249723,0.5197766027249723,0.5197766027249723
stars,L,240.0,0.1042,0.8837,0.0001,849420.0,112420.0304,0.81,185253.2039,1.9925,3.9113,0.8099,198099.999,0.5238,0.6811,0.709,0.7095,0.893,0.8932,5.1957,0.0003,SVC,0.9367826022508895,0.940187126492528,0.9369112967483535,0.9369112967483535,0.9369112967483535,0.9369112967483535,0.940187126492528,0.940187126492528,0.9369112967483535
stars,L,240.0,0.0458,0.8734,0.0001,849420.0,106673.1737,0.056,178858.5673,2.0801,4.508,0.0559,197999.9992,0.5381,0.6944,0.7026,0.7035,0.8874,0.8894,5.2427,0.0003,DecisionTree,0.985954246370913,0.982490320975984,0.985954246370913,0.985954246370913,0.982490320975984,0.985954246370913,1.0,1.0,0.982490320975984
stars,L,240.0,0.0458,0.8734,0.0001,849420.0,106673.1737,0.056,178858.5673,2.0801,4.508,0.0559,197999.9992,0.5381,0.6944,0.7026,0.7035,0.8874,0.8894,5.2427,0.0003,LogisticRegression,0.9789255764792667,0.9754616510843378,0.9786874086764438,0.9786874086764438,0.9786874086764438,0.9786874086764438,0.9786874086764438,0.9754616510843378,0.9754616510843378
stars,L,240.0,0.0458,0.8734,0.0001,849420.0,106673.1737,0.056,178858.5673,2.0801,4.508,0.0559,197999.9992,0.5381,0.6944,0.7026,0.7035,0.8874,0.8894,5.2427,0.0003,KNN,0.9259792715763183,0.9259792715763183,0.9259792715763183,0.9259792715763183,0.9259792715763183,0.9259792715763183,0.9259792715763183,0.9259792715763183,0.9259792715763183
stars,L,240.0,0.0458,0.8734,0.0001,849420.0,106673.1737,0.056,178858.5673,2.0801,4.508,0.0559,197999.9992,0.5381,0.6944,0.7026,0.7035,0.8874,0.8894,5.2427,0.0003,RandomForest,1.0,1.0,1.0,1.0,1.0,1.0,0.9965316400939316,0.9825049646089228,1.0
stars,L,240.0,0.0458,0.8734,0.0001,849420.0,106673.1737,0.056,178858.5673,2.0801,4.508,0.0559,197999.9992,0.5381,0.6944,0.7026,0.7035,0.8874,0.8894,5.2427,0.0003,AdaBoost,0.5197766027249723,0.5197766027249723,0.5197766027249723,0.5197766027249723,0.5197766027249723,0.5197766027249723,0.5197766027249723,0.5197766027249723,0.5197766027249723
stars,L,240.0,0.0458,0.8734,0.0001,849420.0,106673.1737,0.056,178858.5673,2.0801,4.508,0.0559,197999.9992,0.5381,0.6944,0.7026,0.7035,0.8874,0.8894,5.2427,0.0003,SVC,0.940187126492528,0.940187126492528,0.940187126492528,0.940187126492528,0.940187126492528,0.940187126492528,0.940187126492528,0.940187126492528,0.940187126492528
stars,R,240.0,0.5417,0.9364,0.0084,1783.0,195.7626,0.77,468.3864,2.2481,3.3159,0.7606,35.9066,0.5034,0.5514,0.6603,0.6789,0.8477,0.8682,4.6075,0.0006,DecisionTree,1.0,1.0,0.9895916301606266,1.0,1.0,1.0,1.0,1.0,0.9930421146953405
stars,R,240.0,0.5417,0.9364,0.0084,1783.0,195.7626,0.77,468.3864,2.2481,3.3159,0.7606,35.9066,0.5034,0.5514,0.6603,0.6789,0.8477,0.8682,4.6075,0.0006,LogisticRegression,0.9514814296435881,0.9549704868826452,0.9652127288056778,0.9752452489842841,0.9686842253806226,0.9483420559908486,0.950966722564299,0.9378865843108255,0.9549704868826452
stars,R,240.0,0.5417,0.9364,0.0084,1783.0,195.7626,0.77,468.3864,2.2481,3.3159,0.7606,35.9066,0.5034,0.5514,0.6603,0.6789,0.8477,0.8682,4.6075,0.0006,KNN,0.8913491660230275,0.8909425165554917,0.9263973939023354,0.9333486801639665,0.9122521750705536,0.8975063713535064,0.8977447964997379,0.8836761170388128,0.8910674368110255
stars,R,240.0,0.5417,0.9364,0.0084,1783.0,195.7626,0.77,468.3864,2.2481,3.3159,0.7606,35.9066,0.5034,0.5514,0.6603,0.6789,0.8477,0.8682,4.6075,0.0006,RandomForest,0.9792681144386843,0.9826124903806998,1.0,0.9965277777777778,0.9965578403078403,0.9827699949227727,0.9792048712480655,0.9723212691671863,0.975766688613023
stars,R,240.0,0.5417,0.9364,0.0084,1783.0,195.7626,0.77,468.3864,2.2481,3.3159,0.7606,35.9066,0.5034,0.5514,0.6603,0.6789,0.8477,0.8682,4.6075,0.0006,AdaBoost,0.3548616179123842,0.3548616179123842,0.5114378407086739,0.3548616179123842,0.3548616179123842,0.3548616179123842,0.3548616179123842,0.3548616179123842,0.3548616179123842
stars,R,240.0,0.5417,0.9364,0.0084,1783.0,195.7626,0.77,468.3864,2.2481,3.3159,0.7606,35.9066,0.5034,0.5514,0.6603,0.6789,0.8477,0.8682,4.6075,0.0006,SVC,0.9023938778468966,0.899097077229403,0.9479449033621814,0.9514163999371262,0.9477785734141964,0.920209209412531,0.9127406358576353,0.8644371008355524,0.8892163119894892
stars,R,240.0,0.45,0.9394,0.0087,1948.5,197.1955,0.6725,479.2864,2.2832,3.5124,0.662,34.8918,0.5662,0.5773,0.6873,0.7096,0.8601,0.8946,4.7988,0.0004,DecisionTree,1.0,1.0,0.9930590489967825,1.0,0.9898269980506823,1.0,1.0,1.0,1.0
stars,R,240.0,0.45,0.9394,0.0087,1948.5,197.1955,0.6725,479.2864,2.2832,3.5124,0.662,34.8918,0.5662,0.5773,0.6873,0.7096,0.8601,0.8946,4.7988,0.0004,LogisticRegression,0.9448008099993881,0.9307740495186863,0.9719895739544155,0.9752452489842841,0.9752452489842841,0.937539458411288,0.9412177408176406,0.9413924337728705,0.9275740735775464
stars,R,240.0,0.45,0.9394,0.0087,1948.5,197.1955,0.6725,479.2864,2.2832,3.5124,0.662,34.8918,0.5662,0.5773,0.6873,0.7096,0.8601,0.8946,4.7988,0.0004,KNN,0.8664395052352629,0.8660576205304306,0.9333486801639665,0.9333486801639665,0.9333486801639665,0.883098096078581,0.8801189399668279,0.8762190193289752,0.8553650201281033
stars,R,240.0,0.45,0.9394,0.0087,1948.5,197.1955,0.6725,479.2864,2.2832,3.5124,0.662,34.8918,0.5662,0.5773,0.6873,0.7096,0.8601,0.8946,4.7988,0.0004,RandomForest,0.9861059670781893,0.9793572115810638,1.0,1.0,1.0,0.9826277062086242,0.9690225219180533,0.9689702988012167,0.9724485596707819
stars,R,240.0,0.45,0.9394,0.0087,1948.5,197.1955,0.6725,479.2864,2.2832,3.5124,0.662,34.8918,0.5662,0.5773,0.6873,0.7096,0.8601,0.8946,4.7988,0.0004,AdaBoost,0.3548616179123842,0.3548616179123842,0.3548616179123842,0.3548616179123842,0.3548616179123842,0.3548616179123842,0.3548616179123842,0.3548616179123842,0.3548616179123842
stars,R,240.0,0.45,0.9394,0.0087,1948.5,197.1955,0.6725,479.2864,2.2832,3.5124,0.662,34.8918,0.5662,0.5773,0.6873,0.7096,0.8601,0.8946,4.7988,0.0004,SVC,0.8677515163532515,0.881847536230722,0.9512756835369675,0.9514163999371262,0.9546922296813009,0.9064945307947426,0.8918992991342821,0.8541017908323071,0.8496218323017449
stars,R,240.0,0.4083,0.9085,0.0087,1779.0,208.2245,0.379,495.8772,2.1287,2.6716,0.3696,23.8908,0.5069,0.6143,0.685,0.7067,0.849,0.8882,4.8215,0.0006,DecisionTree,1.0,1.0,0.989415225047409,1.0,1.0,1.0,1.0,1.0,1.0
stars,R,240.0,0.4083,0.9085,0.0087,1779.0,208.2245,0.379,495.8772,2.1287,2.6716,0.3696,23.8908,0.5069,0.6143,0.685,0.7067,0.849,0.8882,4.8215,0.0006,LogisticRegression,0.9267868261347129,0.9333013508008939,0.9786874086764438,0.9786874086764438,0.9754232917269821,0.947649982068488,0.9368616854636591,0.9475136397990621,0.9333013508008939
stars,R,240.0,0.4083,0.9085,0.0087,1779.0,208.2245,0.379,495.8772,2.1287,2.6716,0.3696,23.8908,0.5069,0.6143,0.685,0.7067,0.849,0.8882,4.8215,0.0006,KNN,0.8699367381105639,0.8658726945899688,0.9188673262333789,0.9262941792157874,0.9260004181928596,0.8899842779242684,0.8829943195614487,0.8800201247789915,0.8623166744120849
stars,R,240.0,0.4083,0.9085,0.0087,1779.0,208.2245,0.379,495.8772,2.1287,2.6716,0.3696,23.8908,0.5069,0.6143,0.685,0.7067,0.849,0.8882,4.8215,0.0006,RandomForest,0.9826638073860297,0.9895820516165653,1.0,1.0,0.9965094062316284,0.9861210120746079,0.9687967080723306,0.9861398919244057,0.9861059670781893
stars,R,240.0,0.4083,0.9085,0.0087,1779.0,208.2245,0.379,495.8772,2.1287,2.6716,0.3696,23.8908,0.5069,0.6143,0.685,0.7067,0.849,0.8882,4.8215,0.0006,AdaBoost,0.3548616179123842,0.3548616179123842,0.3548616179123842,0.3548616179123842,0.3548616179123842,0.3548616179123842,0.3548616179123842,0.3548616179123842,0.3548616179123842
stars,R,240.0,0.4083,0.9085,0.0087,1779.0,208.2245,0.379,495.8772,2.1287,2.6716,0.3696,23.8908,0.5069,0.6143,0.685,0.7067,0.849,0.8882,4.8215,0.0006,SVC,0.8847554331544436,0.8854724344582368,0.9514163999371262,0.9514163999371262,0.951428112731839,0.9168030932358369,0.8920762957678475,0.874243426001434,0.8888671206836724
stars,R,240.0,0.3208,0.9387,0.0087,1948.5,246.7555,0.675,540.4245,1.9358,1.9648,0.665,41.9026,0.5253,0.6129,0.6825,0.6909,0.8601,0.8811,5.0023,0.0003,DecisionTree,1.0,1.0,0.9930590489967825,1.0,1.0,1.0,1.0,1.0,1.0
stars,R,240.0,0.3208,0.9387,0.0087,1948.5,246.7555,0.675,540.4245,1.9358,1.9648,0.665,41.9026,0.5253,0.6129,0.6825,0.6909,0.8601,0.8811,5.0023,0.0003,LogisticRegression,0.9479931099103636,0.9445203253849475,0.9752708625321104,0.9786874086764438,0.9786874086764438,0.9479757125903348,0.9545947824628003,0.9585625756041132,0.9448486410459978
stars,R,240.0,0.3208,0.9387,0.0087,1948.5,246.7555,0.675,540.4245,1.9358,1.9648,0.665,41.9026,0.5253,0.6129,0.6825,0.6909,0.8601,0.8811,5.0023,0.0003,KNN,0.890788101211219,0.8911688518682377,0.9335173643604284,0.9298404637756331,0.9298404637756331,0.9085675696325601,0.9087973604704782,0.8940722113688195,0.8794878743348857
stars,R,240.0,0.3208,0.9387,0.0087,1948.5,246.7555,0.675,540.4245,1.9358,1.9648,0.665,41.9026,0.5253,0.6129,0.6825,0.6909,0.8601,0.8811,5.0023,0.0003,RandomForest,0.9895721506530686,0.9930176467773068,0.996573898376555,1.0,1.0,0.9826205173427396,0.989564961787184,0.9791539011437909,0.975755077808218
stars,R,240.0,0.3208,0.9387,0.0087,1948.5,246.7555,0.675,540.4245,1.9358,1.9648,0.665,41.9026,0.5253,0.6129,0.6825,0.6909,0.8601,0.8811,5.0023,0.0003,AdaBoost,0.3548616179123842,0.3548616179123842,0.3548616179123842,0.3548616179123842,0.3548616179123842,0.3548616179123842,0.3548616179123842,0.3548616179123842,0.3548616179123842
stars,R,240.0,0.3208,0.9387,0.0087,1948.5,246.7555,0.675,540.4245,1.9358,1.9648,0.665,41.9026,0.5253,0.6129,0.6825,0.6909,0.8601,0.8811,5.0023,0.0003,SVC,0.8919322225191713,0.9060952996125019,0.9512756835369675,0.9512756835369675,0.9512756835369675,0.9173303705375602,0.9097494297669642,0.8731272212537965,0.8731272212537965
stars,R,240.0,0.2875,0.9123,0.0089,1948.5,269.0737,1.34,546.6832,1.7529,1.3172,1.3307,71.389,0.5126,0.6156,0.7198,0.721,0.8919,0.898,5.0139,0.0004,DecisionTree,1.0,1.0,0.9931061106654722,0.996496269409155,1.0,1.0,1.0,1.0,1.0
stars,R,240.0,0.2875,0.9123,0.0089,1948.5,269.0737,1.34,546.6832,1.7529,1.3172,1.3307,71.389,0.5126,0.6156,0.7198,0.721,0.8919,0.898,5.0139,0.0004,LogisticRegression,0.9648267850723166,0.9548066964724788,0.9752452489842841,0.9786874086764438,0.9752452489842841,0.9546531771522928,0.9581554619045776,0.957839148031908,0.9298765535293917
stars,R,240.0,0.2875,0.9123,0.0089,1948.5,269.0737,1.34,546.6832,1.7529,1.3172,1.3307,71.389,0.5126,0.6156,0.7198,0.721,0.8919,0.898,5.0139,0.0004,KNN,0.8941669850162542,0.9013513490786274,0.9259792715763183,0.9333486801639665,0.9296717795791712,0.9046586879576639,0.9051569793056286,0.8978992059657416,0.8943291338800939
stars,R,240.0,0.2875,0.9123,0.0089,1948.5,269.0737,1.34,546.6832,1.7529,1.3172,1.3307,71.389,0.5126,0.6156,0.7198,0.721,0.8919,0.898,5.0139,0.0004,RandomForest,0.9965338164251207,0.9895661604393469,1.0,0.9930323440142261,1.0,0.9965338164251207,0.9826374430503289,0.9965338164251207,0.9965338164251207
stars,R,240.0,0.2875,0.9123,0.0089,1948.5,269.0737,1.34,546.6832,1.7529,1.3172,1.3307,71.389,0.5126,0.6156,0.7198,0.721,0.8919,0.898,5.0139,0.0004,AdaBoost,0.3548616179123842,0.3548616179123842,0.3548616179123842,0.3548616179123842,0.3548616179123842,0.3548616179123842,0.3548616179123842,0.3548616179123842,0.3548616179123842
stars,R,240.0,0.2875,0.9123,0.0089,1948.5,269.0737,1.34,546.6832,1.7529,1.3172,1.3307,71.389,0.5126,0.6156,0.7198,0.721,0.8919,0.898,5.0139,0.0004,SVC,0.9089485612148871,0.9160106027491711,0.9369112967483535,0.9369112967483535,0.9369112967483535,0.9231945015360268,0.9264494011725055,0.8906208610640739,0.8834878796663866
stars,R,240.0,0.2,0.9115,0.0088,1948.5,216.8685,0.6475,497.8918,2.0962,2.6579,0.6379,35.9006,0.5158,0.5994,0.6962,0.7157,0.8656,0.898,5.1266,0.0003,DecisionTree,1.0,1.0,0.9859768179562182,0.996536074605071,0.9965322122889173,1.0,1.0,1.0,0.9965700360604012
stars,R,240.0,0.2,0.9115,0.0088,1948.5,216.8685,0.6475,497.8918,2.0962,2.6579,0.6379,35.9006,0.5158,0.5994,0.6962,0.7157,0.8656,0.898,5.1266,0.0003,LogisticRegression,0.9350989982031265,0.9381724332264325,0.9786874086764438,0.9752708625321104,0.9752708625321104,0.9198783999734292,0.9481130640395992,0.9380993711155383,0.9274681457277901
stars,R,240.0,0.2,0.9115,0.0088,1948.5,216.8685,0.6475,497.8918,2.0962,2.6579,0.6379,35.9006,0.5158,0.5994,0.6962,0.7157,0.8656,0.898,5.1266,0.0003,KNN,0.8647698486461666,0.8844723173898924,0.9298404637756331,0.9333870130118376,0.9298404637756331,0.885218667150692,0.89489803742034,0.8718595938158772,0.8716853646205597
stars,R,240.0,0.2,0.9115,0.0088,1948.5,216.8685,0.6475,497.8918,2.0962,2.6579,0.6379,35.9006,0.5158,0.5994,0.6962,0.7157,0.8656,0.898,5.1266,0.0003,RandomForest,0.9895721506530686,0.9826638073860297,1.0,1.0,1.0,0.9826277062086242,0.9895721506530686,0.9861059670781893,0.9895820516165653
stars,R,240.0,0.2,0.9115,0.0088,1948.5,216.8685,0.6475,497.8918,2.0962,2.6579,0.6379,35.9006,0.5158,0.5994,0.6962,0.7157,0.8656,0.898,5.1266,0.0003,AdaBoost,0.3548616179123842,0.3548616179123842,0.3548616179123842,0.3548616179123842,0.3548616179123842,0.3548616179123842,0.3548616179123842,0.3548616179123842,0.3548616179123842
stars,R,240.0,0.2,0.9115,0.0088,1948.5,216.8685,0.6475,497.8918,2.0962,2.6579,0.6379,35.9006,0.5158,0.5994,0.6962,0.7157,0.8656,0.898,5.1266,0.0003,SVC,0.8916947279363117,0.898970353386592,0.9436036726368614,0.9403278428926869,0.940187126492528,0.8997966301114022,0.9170637306299416,0.8827563271363252,0.9069927646772153
stars,R,240.0,0.2042,0.9267,0.0084,1948.5,218.2893,0.492,500.6515,2.0848,2.6168,0.4828,35.9008,0.5552,0.6032,0.6894,0.7055,0.86,0.887,5.1452,0.0002,DecisionTree,1.0,1.0,0.9859320544627562,1.0,0.9964890129363814,1.0,1.0,1.0,1.0
stars,R,240.0,0.2042,0.9267,0.0084,1948.5,218.2893,0.492,500.6515,2.0848,2.6168,0.4828,35.9008,0.5552,0.6032,0.6894,0.7055,0.86,0.887,5.1452,0.0002,LogisticRegression,0.9479795267715142,0.9511616956828498,0.9685096354598774,0.9786874086764438,0.9786874086764438,0.9584258479634942,0.9548717850825944,0.9473973834367657,0.937047053444594
stars,R,240.0,0.2042,0.9267,0.0084,1948.5,218.2893,0.492,500.6515,2.0848,2.6168,0.4828,35.9008,0.5552,0.6032,0.6894,0.7055,0.86,0.887,5.1452,0.0002,KNN,0.8858615431823467,0.8961738700396986,0.9226456400099282,0.9262265808514054,0.9262265808514054,0.9189442218526596,0.9149590290264705,0.8873813561440446,0.8852215391915345
stars,R,240.0,0.2042,0.9267,0.0084,1948.5,218.2893,0.492,500.6515,2.0848,2.6168,0.4828,35.9008,0.5552,0.6032,0.6894,0.7055,0.86,0.887,5.1452,0.0002,RandomForest,0.9896133958633959,0.996573898376555,0.996573898376555,1.0,1.0,0.9965338164251207,0.9861171497584542,0.9896133958633959,0.9930894804017719
stars,R,240.0,0.2042,0.9267,0.0084,1948.5,218.2893,0.492,500.6515,2.0848,2.6168,0.4828,35.9008,0.5552,0.6032,0.6894,0.7055,0.86,0.887,5.1452,0.0002,AdaBoost,0.3548616179123842,0.3548616179123842,0.4905200487916258,0.3548616179123842,0.3548616179123842,0.3548616179123842,0.3548616179123842,0.3548616179123842,0.3548616179123842
stars,R,240.0,0.2042,0.9267,0.0084,1948.5,218.2893,0.492,500.6515,2.0848,2.6168,0.4828,35.9008,0.5552,0.6032,0.6894,0.7055,0.86,0.887,5.1452,0.0002,SVC,0.9128041407681773,0.9166826408978117,0.936856346317742,0.9403278428926869,0.9403278428926869,0.9309108534729447,0.9345357192807815,0.8982107075355275,0.8870435888536183
stars,R,240.0,0.1375,0.9082,0.0087,1948.5,249.9574,1.106,521.4981,1.8204,1.5702,1.0971,51.39,0.5129,0.606,0.7115,0.7173,0.8824,0.8998,5.1979,0.0003,DecisionTree,1.0,1.0,0.9895663226189793,0.996573898376555,0.9861111111111112,1.0,1.0,1.0,0.9826196321234382
stars,R,240.0,0.1375,0.9082,0.0087,1948.5,249.9574,1.106,521.4981,1.8204,1.5702,1.0971,51.39,0.5129,0.606,0.7115,0.7173,0.8824,0.8998,5.1979,0.0003,LogisticRegression,0.958467781512112,0.958467781512112,0.9652420521024667,0.9786874086764438,0.9786874086764438,0.9583121948984522,0.9585260636585167,0.9550237789062319,0.9617318984615737
stars,R,240.0,0.1375,0.9082,0.0087,1948.5,249.9574,1.106,521.4981,1.8204,1.5702,1.0971,51.39,0.5129,0.606,0.7115,0.7173,0.8824,0.8998,5.1979,0.0003,KNN,0.9076443510087064,0.9076443510087064,0.915252093060893,0.9258801128294988,0.9296561721611136,0.9063178656513254,0.9076443510087064,0.9076443510087064,0.9113001049769605
stars,R,240.0,0.1375,0.9082,0.0087,1948.5,249.9574,1.106,521.4981,1.8204,1.5702,1.0971,51.39,0.5129,0.606,0.7115,0.7173,0.8824,0.8998,5.1979,0.0003,RandomForest,0.9826393971925373,0.9931055384704865,0.9931055384704865,0.996573898376555,0.996573898376555,0.9895871956494872,0.9861154817309133,0.9791026519076261,0.9965316400939316
stars,R,240.0,0.1375,0.9082,0.0087,1948.5,249.9574,1.106,521.4981,1.8204,1.5702,1.0971,51.39,0.5129,0.606,0.7115,0.7173,0.8824,0.8998,5.1979,0.0003,AdaBoost,0.3548616179123842,0.3548616179123842,0.4416690024246864,0.3548616179123842,0.3548616179123842,0.3548616179123842,0.3548616179123842,0.3548616179123842,0.3548616179123842
stars,R,240.0,0.1375,0.9082,0.0087,1948.5,249.9574,1.106,521.4981,1.8204,1.5702,1.0971,51.39,0.5129,0.606,0.7115,0.7173,0.8824,0.8998,5.1979,0.0003,SVC,0.9344538736295329,0.9344538736295329,0.9266651080065247,0.9403278428926869,0.9403278428926869,0.9409885482408922,0.9344538736295329,0.9307860194474622,0.9377179905789947
stars,R,240.0,0.125,0.919,0.0084,1948.5,229.9309,0.565,509.7347,1.9926,2.2542,0.5553,41.151,0.5072,0.6164,0.6787,0.7042,0.8555,0.8882,5.2299,0.0002,DecisionTree,1.0,0.9726951021687864,0.9826117836286214,0.9826966045678236,0.9896940460719701,0.9895482603815937,0.9965604575163399,1.0,0.9861714853357635
stars,R,240.0,0.125,0.919,0.0084,1948.5,229.9309,0.565,509.7347,1.9926,2.2542,0.5553,41.151,0.5072,0.6164,0.6787,0.7042,0.8555,0.8882,5.2299,0.0002,LogisticRegression,0.9312018357303806,0.9274494501645181,0.9786874086764438,0.9786874086764438,0.9786874086764438,0.9446105398525084,0.9548038691798355,0.9380371759539772,0.9274494501645181
stars,R,240.0,0.125,0.919,0.0084,1948.5,229.9309,0.565,509.7347,1.9926,2.2542,0.5553,41.151,0.5072,0.6164,0.6787,0.7042,0.8555,0.8882,5.2299,0.0002,KNN,0.8872729480731791,0.9119765001675049,0.9335173643604284,0.9298404637756331,0.9335173643604284,0.9114981824665485,0.9189396928035902,0.8971643299338787,0.9119765001675049
stars,R,240.0,0.125,0.919,0.0084,1948.5,229.9309,0.565,509.7347,1.9926,2.2542,0.5553,41.151,0.5072,0.6164,0.6787,0.7042,0.8555,0.8882,5.2299,0.0002,RandomForest,0.9794077143167861,0.9828276738412458,1.0,0.996496269409155,1.0,0.9825588617513282,0.9895518249647106,0.9721616390345534,0.9862313159167628
stars,R,240.0,0.125,0.919,0.0084,1948.5,229.9309,0.565,509.7347,1.9926,2.2542,0.5553,41.151,0.5072,0.6164,0.6787,0.7042,0.8555,0.8882,5.2299,0.0002,AdaBoost,0.3548616179123842,0.3548616179123842,0.3928534719712822,0.3548616179123842,0.3548616179123842,0.35286656796150756,0.35333040153578005,0.3548616179123842,0.44805857102313046
stars,R,240.0,0.125,0.919,0.0084,1948.5,229.9309,0.565,509.7347,1.9926,2.2542,0.5553,41.151,0.5072,0.6164,0.6787,0.7042,0.8555,0.8882,5.2299,0.0002,SVC,0.8993531324932406,0.9092876606210152,0.9479998537927928,0.9479998537927928,0.9479998537927928,0.9169089219556555,0.9165868287424339,0.9023466814106416,0.9092876606210152
stars,R,240.0,0.0292,0.9056,0.0084,1948.5,234.9952,0.73,515.9434,1.9534,2.0698,0.7205,41.891,0.5375,0.6059,0.6943,0.7082,0.867,0.8917,5.3112,0.0002,DecisionTree,0.9897645098409105,0.9755458765315396,0.982490320975984,0.9790180987537618,0.979046021561749,0.9862922876186884,0.9862262903417159,0.9895664983164983,0.9717921610282722
stars,R,240.0,0.0292,0.9056,0.0084,1948.5,234.9952,0.73,515.9434,1.9534,2.0698,0.7205,41.891,0.5375,0.6059,0.6943,0.7082,0.867,0.8917,5.3112,0.0002,LogisticRegression,0.9686315962397574,0.9614907375064656,0.9786874086764438,0.9786874086764438,0.9786874086764438,0.9684535534970594,0.9718957131892191,0.9686315962397574,0.9614907375064656
stars,R,240.0,0.0292,0.9056,0.0084,1948.5,234.9952,0.73,515.9434,1.9534,2.0698,0.7205,41.891,0.5375,0.6059,0.6943,0.7082,0.867,0.8917,5.3112,0.0002,KNN,0.9259792715763183,0.922356586391133,0.9259792715763183,0.9259792715763183,0.9259792715763183,0.9259792715763183,0.9259792715763183,0.9259792715763183,0.922356586391133
stars,R,240.0,0.0292,0.9056,0.0084,1948.5,234.9952,0.73,515.9434,1.9534,2.0698,0.7205,41.891,0.5375,0.6059,0.6943,0.7082,0.867,0.8917,5.3112,0.0002,RandomForest,1.0,1.0,1.0,1.0,1.0,1.0,0.9965007039202946,0.9929761904761905,0.9930594178717094
stars,R,240.0,0.0292,0.9056,0.0084,1948.5,234.9952,0.73,515.9434,1.9534,2.0698,0.7205,41.891,0.5375,0.6059,0.6943,0.7082,0.867,0.8917,5.3112,0.0002,AdaBoost,0.35075880820612615,0.5163043805027501,0.5197766027249723,0.5127858619842315,0.4907158771218541,0.35075880820612615,0.48322207117532745,0.35075880820612615,0.3436232996817288
stars,R,240.0,0.0292,0.9056,0.0084,1948.5,234.9952,0.73,515.9434,1.9534,2.0698,0.7205,41.891,0.5375,0.6059,0.6943,0.7082,0.867,0.8917,5.3112,0.0002,SVC,0.940187126492528,0.9299248925149676,0.9403278428926869,0.9403278428926869,0.9403278428926869,0.9299248925149676,0.933385932056925,0.940187126492528,0.9299248925149676
stars,A_M,240.0,0.4833,0.9597,-11.92,20.06,4.751,10.26,10.7087,-0.1695,-1.6288,7.99,20.145,0.6426,0.7045,0.676,0.72,0.8514,0.8968,4.7644,0.0003,DecisionTree,0.9618030118030119,0.9618030118030119,0.9546415534696785,0.9652057308708641,0.9721247055940287,0.9651670336363568,0.9617394519522885,0.9549298489879403,0.9583574306720087
stars,A_M,240.0,0.4833,0.9597,-11.92,20.06,4.751,10.26,10.7087,-0.1695,-1.6288,7.99,20.145,0.6426,0.7045,0.676,0.72,0.8514,0.8968,4.7644,0.0003,LogisticRegression,0.8108995421132873,0.8216461528233482,0.9264940456903302,0.9683421189828465,0.9510572090269908,0.8778779394612534,0.8887881416400067,0.7906102793681026,0.7669256594050688
stars,A_M,240.0,0.4833,0.9597,-11.92,20.06,4.751,10.26,10.7087,-0.1695,-1.6288,7.99,20.145,0.6426,0.7045,0.676,0.72,0.8514,0.8968,4.7644,0.0003,KNN,0.9078553419641859,0.9049481346205028,0.8917244605965714,0.9156521740048713,0.9087609434119909,0.8986663490258516,0.853212805416035,0.8215725121752379,0.9047440858144361
stars,A_M,240.0,0.4833,0.9597,-11.92,20.06,4.751,10.26,10.7087,-0.1695,-1.6288,7.99,20.145,0.6426,0.7045,0.676,0.72,0.8514,0.8968,4.7644,0.0003,RandomForest,0.9411706078599849,0.9516231876875647,0.9861364704855622,0.9896547103064027,0.9826705002576706,0.9577220421717575,0.9646673680642183,0.9446775909275908,0.9791778493469314
stars,A_M,240.0,0.4833,0.9597,-11.92,20.06,4.751,10.26,10.7087,-0.1695,-1.6288,7.99,20.145,0.6426,0.7045,0.676,0.72,0.8514,0.8968,4.7644,0.0003,AdaBoost,0.391465057751732,0.391465057751732,0.391465057751732,0.4864333081071589,0.391465057751732,0.391465057751732,0.391465057751732,0.391465057751732,0.391465057751732
stars,A_M,240.0,0.4833,0.9597,-11.92,20.06,4.751,10.26,10.7087,-0.1695,-1.6288,7.99,20.145,0.6426,0.7045,0.676,0.72,0.8514,0.8968,4.7644,0.0003,SVC,0.833485271583326,0.8245953057654654,0.9085940269811866,0.9333370211198864,0.9300124957614598,0.8840961416493008,0.8908451554600962,0.8039554828245398,0.6972388635699355
stars,A_M,240.0,0.3708,0.9868,-11.92,20.06,3.4875,2.44,10.6144,0.0171,-1.6924,10.11,20.18,0.6107,0.7158,0.7014,0.7041,0.8799,0.8888,4.9989,0.0001,DecisionTree,0.9653067423938568,0.9653067423938568,0.9546666251520258,0.9616957210034651,0.954786214477533,0.9686707642272018,0.9652431825431335,0.9618791607097884,0.9653067423938568
stars,A_M,240.0,0.3708,0.9868,-11.92,20.06,3.4875,2.44,10.6144,0.0171,-1.6924,10.11,20.18,0.6107,0.7158,0.7014,0.7041,0.8799,0.8888,4.9989,0.0001,LogisticRegression,0.7563362197029471,0.7233215691354486,0.9544440560323557,0.9407718623230651,0.9443724688958176,0.8296304172130504,0.8055933950657477,0.7106864547642231,0.7075648618509636
stars,A_M,240.0,0.3708,0.9868,-11.92,20.06,3.4875,2.44,10.6144,0.0171,-1.6924,10.11,20.18,0.6107,0.7158,0.7014,0.7041,0.8799,0.8888,4.9989,0.0001,KNN,0.9017947050333025,0.9262537200894667,0.9053214009283307,0.9019184993636644,0.9021540296332065,0.8987662620890711,0.8614949967826497,0.8615518303461757,0.8876510550261257
stars,A_M,240.0,0.3708,0.9868,-11.92,20.06,3.4875,2.44,10.6144,0.0171,-1.6924,10.11,20.18,0.6107,0.7158,0.7014,0.7041,0.8799,0.8888,4.9989,0.0001,RandomForest,0.9757645759746048,0.9895916301606267,0.9757244639181979,0.9618547974681222,0.9653438547071794,0.9895877678444729,0.9930870639241783,0.961914135694329,0.9826859505575787
stars,A_M,240.0,0.3708,0.9868,-11.92,20.06,3.4875,2.44,10.6144,0.0171,-1.6924,10.11,20.18,0.6107,0.7158,0.7014,0.7041,0.8799,0.8888,4.9989,0.0001,AdaBoost,0.391465057751732,0.391465057751732,0.43395414068940363,0.4331958648637731,0.43271035957096887,0.391465057751732,0.391465057751732,0.391465057751732,0.391465057751732
stars,A_M,240.0,0.3708,0.9868,-11.92,20.06,3.4875,2.44,10.6144,0.0171,-1.6924,10.11,20.18,0.6107,0.7158,0.7014,0.7041,0.8799,0.8888,4.9989,0.0001,SVC,0.7168729806327666,0.7131968342482868,0.9196931256481451,0.8854975442701856,0.9094290687123338,0.7948244727323317,0.7837153818415856,0.7137898902324247,0.6990497953935175
stars,A_M,240.0,0.3958,0.9655,-11.36,20.06,4.9733,10.48,10.4012,-0.2105,-1.5888,6.97,20.07,0.6018,0.6793,0.6751,0.7149,0.8442,0.8978,4.9289,0.0002,DecisionTree,0.9653067423938568,0.9653067423938568,0.9721971054308012,0.9721971054308012,0.961567833283411,0.9618611612628537,0.9618791607097884,0.9618791607097884,0.9653067423938568
stars,A_M,240.0,0.3958,0.9655,-11.36,20.06,4.9733,10.48,10.4012,-0.2105,-1.5888,6.97,20.07,0.6018,0.6793,0.6751,0.7149,0.8442,0.8978,4.9289,0.0002,LogisticRegression,0.8031726483794489,0.8034242314563244,0.9544599981186239,0.9578928401845068,0.9545002994893346,0.8588968890114822,0.8472126771196938,0.742956829464378,0.7198150825398816
stars,A_M,240.0,0.3958,0.9655,-11.36,20.06,4.9733,10.48,10.4012,-0.2105,-1.5888,6.97,20.07,0.6018,0.6793,0.6751,0.7149,0.8442,0.8978,4.9289,0.0002,KNN,0.9012890740728378,0.9015045112626522,0.9161337305957463,0.9021141897329659,0.9126678940695649,0.892119798864309,0.841416705032143,0.848159179165808,0.9160410378709617
stars,A_M,240.0,0.3958,0.9655,-11.36,20.06,4.9733,10.48,10.4012,-0.2105,-1.5888,6.97,20.07,0.6018,0.6793,0.6751,0.7149,0.8442,0.8978,4.9289,0.0002,RandomForest,0.9618179382576018,0.9723323326339037,0.9757076719576719,0.9757677159378262,0.9687400159718982,0.9686937978148135,0.9686937978148135,0.9513156672765015,0.9862286086829576
stars,A_M,240.0,0.3958,0.9655,-11.36,20.06,4.9733,10.48,10.4012,-0.2105,-1.5888,6.97,20.07,0.6018,0.6793,0.6751,0.7149,0.8442,0.8978,4.9289,0.0002,AdaBoost,0.391465057751732,0.391465057751732,0.4380920418787161,0.4380920418787161,0.4380920418787161,0.391465057751732,0.391465057751732,0.391465057751732,0.391465057751732
stars,A_M,240.0,0.3958,0.9655,-11.36,20.06,4.9733,10.48,10.4012,-0.2105,-1.5888,6.97,20.07,0.6018,0.6793,0.6751,0.7149,0.8442,0.8978,4.9289,0.0002,SVC,0.8399090526110922,0.8048133438060943,0.9196923663714648,0.9231513610804595,0.9060644177408703,0.8718439414877337,0.868723605034064,0.8130044603521562,0.6960066187563012
stars,A_M,240.0,0.3583,0.987,-11.75,20.06,4.676,10.53,10.8062,-0.1369,-1.6569,8.14,20.4405,0.6118,0.6914,0.693,0.7098,0.8663,0.8916,5.0189,0.0001,DecisionTree,0.9686411780199591,0.9686411780199591,0.9616122278756688,0.9652772911676015,0.9755662022198975,0.9718959479413957,0.9649576250762668,0.9654037294439399,0.9686411780199591
stars,A_M,240.0,0.3583,0.987,-11.75,20.06,4.676,10.53,10.8062,-0.1369,-1.6569,8.14,20.4405,0.6118,0.6914,0.693,0.7098,0.8663,0.8916,5.0189,0.0001,LogisticRegression,0.8508643856709484,0.8030073047138212,0.9545261080283446,0.9582125410693965,0.968383175872211,0.909627583452358,0.9092166596655381,0.7875335295178237,0.7958779537186901
stars,A_M,240.0,0.3583,0.987,-11.75,20.06,4.676,10.53,10.8062,-0.1369,-1.6569,8.14,20.4405,0.6118,0.6914,0.693,0.7098,0.8663,0.8916,5.0189,0.0001,KNN,0.8818325175219048,0.915445315265236,0.9156953810840945,0.9225424200388727,0.9225424200388727,0.8903264597863598,0.8639364238840636,0.8490904367778738,0.8935564595780712
stars,A_M,240.0,0.3583,0.987,-11.75,20.06,4.676,10.53,10.8062,-0.1369,-1.6569,8.14,20.4405,0.6118,0.6914,0.693,0.7098,0.8663,0.8916,5.0189,0.0001,RandomForest,0.965462846348585,0.9724583636913247,0.9895649379020522,0.9792786677628363,0.9965592861464005,0.9791673179766796,0.9654713185326267,0.9654820440996399,0.9791841529935146
stars,A_M,240.0,0.3583,0.987,-11.75,20.06,4.676,10.53,10.8062,-0.1369,-1.6569,8.14,20.4405,0.6118,0.6914,0.693,0.7098,0.8663,0.8916,5.0189,0.0001,AdaBoost,0.391465057751732,0.391465057751732,0.4532547814054252,0.42116891809578233,0.41603485887239255,0.391465057751732,0.391465057751732,0.391465057751732,0.391465057751732
stars,A_M,240.0,0.3583,0.987,-11.75,20.06,4.676,10.53,10.8062,-0.1369,-1.6569,8.14,20.4405,0.6118,0.6914,0.693,0.7098,0.8663,0.8916,5.0189,0.0001,SVC,0.8510068685984146,0.7990966898523141,0.9230683876944297,0.9299309364638018,0.9163492420069392,0.9120012924264135,0.9187503062372088,0.787033255804231,0.7027007531262522
stars,A_M,240.0,0.2583,0.9607,-11.92,20.06,3.8975,4.57,10.7209,-0.0159,-1.6576,10.485,20.4775,0.6213,0.6803,0.7046,0.7128,0.8817,0.8909,5.1273,0.0001,DecisionTree,0.9618030118030119,0.9618030118030119,0.9825086652399099,0.9790361066402733,0.985954246370913,0.9583574306720087,0.9652431825431335,0.9583754301189434,0.9618030118030119
stars,A_M,240.0,0.2583,0.9607,-11.92,20.06,3.8975,4.57,10.7209,-0.0159,-1.6576,10.485,20.4775,0.6213,0.6803,0.7046,0.7128,0.8817,0.8909,5.1273,0.0001,LogisticRegression,0.8119397388111673,0.797527629950529,0.9651406212715824,0.9682699728660986,0.961406551545674,0.9066258638092932,0.9264285430756745,0.7904611134297821,0.7950595325525289
stars,A_M,240.0,0.2583,0.9607,-11.92,20.06,3.8975,4.57,10.7209,-0.0159,-1.6576,10.485,20.4775,0.6213,0.6803,0.7046,0.7128,0.8817,0.8909,5.1273,0.0001,KNN,0.9189857670694357,0.9156027146186814,0.9259792715763183,0.9191024678245147,0.9259792715763183,0.9015506216142785,0.8949177965351266,0.881766851593348,0.9085080458230363
stars,A_M,240.0,0.2583,0.9607,-11.92,20.06,3.8975,4.57,10.7209,-0.0159,-1.6576,10.485,20.4775,0.6213,0.6803,0.7046,0.7128,0.8817,0.8909,5.1273,0.0001,RandomForest,0.9756284361848737,0.97575951737685,0.9965544188689969,0.9896004231627147,0.9930687830687831,0.9757400378692919,0.9792113711457328,0.9791484155301206,0.9861287731354782
stars,A_M,240.0,0.2583,0.9607,-11.92,20.06,3.8975,4.57,10.7209,-0.0159,-1.6576,10.485,20.4775,0.6213,0.6803,0.7046,0.7128,0.8817,0.8909,5.1273,0.0001,AdaBoost,0.391465057751732,0.391465057751732,0.391465057751732,0.38996117968535393,0.44503648632316056,0.391465057751732,0.391465057751732,0.391465057751732,0.391465057751732
stars,A_M,240.0,0.2583,0.9607,-11.92,20.06,3.8975,4.57,10.7209,-0.0159,-1.6576,10.485,20.4775,0.6213,0.6803,0.7046,0.7128,0.8817,0.8909,5.1273,0.0001,SVC,0.8341007766931967,0.8095043699740279,0.940187126492528,0.9369112967483535,0.9369112967483535,0.9257864051609425,0.926398242846102,0.8298742682817468,0.7911618143519566
stars,A_M,240.0,0.2167,0.9574,-11.39,20.06,4.1387,5.859,10.3533,-0.0916,-1.674,10.26,19.7288,0.5944,0.687,0.6958,0.7068,0.8777,0.8857,5.1775,0.0001,DecisionTree,0.9618030118030119,0.9618030118030119,0.9789719781549846,0.9789719781549846,0.9860772450393593,0.9618030118030119,0.954383582483832,0.9583754301189434,0.9618030118030119
stars,A_M,240.0,0.2167,0.9574,-11.39,20.06,4.1387,5.859,10.3533,-0.0916,-1.674,10.26,19.7288,0.5944,0.687,0.6958,0.7068,0.8777,0.8857,5.1775,0.0001,LogisticRegression,0.7366012673246863,0.730619511320912,0.9682509261248047,0.9786874086764438,0.9683465614789789,0.8832667322175035,0.9035300154321989,0.7139628891024854,0.7131969633793581
stars,A_M,240.0,0.2167,0.9574,-11.39,20.06,4.1387,5.859,10.3533,-0.0916,-1.674,10.26,19.7288,0.5944,0.687,0.6958,0.7068,0.8777,0.8857,5.1775,0.0001,KNN,0.9006154389159486,0.9222032122447035,0.9298706652786514,0.922565935475749,0.9263208179577039,0.9113411022188596,0.8669730804941412,0.8848438470792871,0.9044623086505346
stars,A_M,240.0,0.2167,0.9574,-11.39,20.06,4.1387,5.859,10.3533,-0.0916,-1.674,10.26,19.7288,0.5944,0.687,0.6958,0.7068,0.8777,0.8857,5.1775,0.0001,RandomForest,0.9757133242942422,0.975717186610396,0.9964816571790006,0.9964816571790006,0.9895871956494872,0.9791243769812591,0.9687372596869479,0.9861299909609089,0.9756045249358803
stars,A_M,240.0,0.2167,0.9574,-11.39,20.06,4.1387,5.859,10.3533,-0.0916,-1.674,10.26,19.7288,0.5944,0.687,0.6958,0.7068,0.8777,0.8857,5.1775,0.0001,AdaBoost,0.391465057751732,0.391465057751732,0.5837165981984191,0.517643110439169,0.44151796780464203,0.391465057751732,0.391465057751732,0.391465057751732,0.391465057751732
stars,A_M,240.0,0.2167,0.9574,-11.39,20.06,4.1387,5.859,10.3533,-0.0916,-1.674,10.26,19.7288,0.5944,0.687,0.6958,0.7068,0.8777,0.8857,5.1775,0.0001,SVC,0.7541206043563025,0.7287441845973153,0.936683395901683,0.9335472749150084,0.9369112967483535,0.8786140862684956,0.8681588353475674,0.7206434971575697,0.6888118790115708
stars,A_M,240.0,0.2,0.9531,-11.92,20.02,4.1229,5.859,10.7033,-0.0986,-1.6524,10.494,20.11,0.6512,0.6905,0.6898,0.7068,0.8771,0.8818,5.1925,0.0001,DecisionTree,0.9512390673074264,0.965195596888956,0.9827442354056231,0.9721352333190488,0.9861647946570292,0.9515036305925627,0.9617976014121303,0.9619581483129368,0.9686411780199591
stars,A_M,240.0,0.2,0.9531,-11.92,20.02,4.1229,5.859,10.7033,-0.0986,-1.6524,10.494,20.11,0.6512,0.6905,0.6898,0.7068,0.8771,0.8818,5.1925,0.0001,LogisticRegression,0.8347626639261057,0.7883796506191351,0.9786874086764438,0.9718191200786155,0.9718191200786155,0.9030166349824171,0.9105582273542701,0.7930582925671359,0.7468711294519492
stars,A_M,240.0,0.2,0.9531,-11.92,20.02,4.1229,5.859,10.7033,-0.0986,-1.6524,10.494,20.11,0.6512,0.6905,0.6898,0.7068,0.8771,0.8818,5.1925,0.0001,KNN,0.9015902283615945,0.9159241734020613,0.9259792715763183,0.91911098297849,0.91911098297849,0.9015516285624208,0.8775368131658229,0.8949170270080634,0.8946045832830688
stars,A_M,240.0,0.2,0.9531,-11.92,20.02,4.1229,5.859,10.7033,-0.0986,-1.6524,10.494,20.11,0.6512,0.6905,0.6898,0.7068,0.8771,0.8818,5.1925,0.0001,RandomForest,0.965213536473674,0.9617472488633427,0.9965007039202946,0.9931283172455518,0.9931283172455518,0.9755654805692616,0.9721198994382585,0.9549067081846258,0.9758139311674103
stars,A_M,240.0,0.2,0.9531,-11.92,20.02,4.1229,5.859,10.7033,-0.0986,-1.6524,10.494,20.11,0.6512,0.6905,0.6898,0.7068,0.8771,0.8818,5.1925,0.0001,AdaBoost,0.38329155345623456,0.391465057751732,0.44503648632316056,0.432737987192658,0.5433054579943244,0.38556639970244316,0.391465057751732,0.391465057751732,0.391465057751732
stars,A_M,240.0,0.2,0.9531,-11.92,20.02,4.1229,5.859,10.7033,-0.0986,-1.6524,10.494,20.11,0.6512,0.6905,0.6898,0.7068,0.8771,0.8818,5.1925,0.0001,SVC,0.8522027066190557,0.8202526429734637,0.9334127698123266,0.9333775235281799,0.9333775235281799,0.9160989036315557,0.8890271900100165,0.7961714905591444,0.699101976018325
stars,A_M,240.0,0.15,0.9559,-11.75,20.06,4.449,6.367,10.5273,-0.1024,-1.6463,10.345,20.2225,0.5979,0.6941,0.6998,0.7004,0.8728,0.8882,5.2544,0.0001,DecisionTree,0.9755837003030235,0.9755837003030235,0.9789719781549846,0.9720098759328305,0.9789719781549846,0.9755837003030235,0.9650824014392695,0.9721197749080945,0.985954246370913
stars,A_M,240.0,0.15,0.9559,-11.75,20.06,4.449,6.367,10.5273,-0.1024,-1.6463,10.345,20.2225,0.5979,0.6941,0.6998,0.7004,0.8728,0.8882,5.2544,0.0001,LogisticRegression,0.9057548218496732,0.8930827357000539,0.9682509261248047,0.9716990553576811,0.9752284139674491,0.9478006124210894,0.9441827438825794,0.8897488752741631,0.8557781592429199
stars,A_M,240.0,0.15,0.9559,-11.75,20.06,4.449,6.367,10.5273,-0.1024,-1.6463,10.345,20.2225,0.5979,0.6941,0.6998,0.7004,0.8728,0.8882,5.2544,0.0001,KNN,0.9117033640757088,0.9190182806183514,0.9261937646938561,0.9259792715763183,0.9261937646938561,0.9086182403819251,0.8981740163960344,0.898097541264931,0.911445204106666
stars,A_M,240.0,0.15,0.9559,-11.75,20.06,4.449,6.367,10.5273,-0.1024,-1.6463,10.345,20.2225,0.5979,0.6941,0.6998,0.7004,0.8728,0.8882,5.2544,0.0001,RandomForest,0.9756279639848211,0.9790963238908895,0.9964816571790006,1.0,0.9964816571790006,0.9755207446874113,0.9791036796482703,0.9825297812717153,0.9895871956494872
stars,A_M,240.0,0.15,0.9559,-11.75,20.06,4.449,6.367,10.5273,-0.1024,-1.6463,10.345,20.2225,0.5979,0.6941,0.6998,0.7004,0.8728,0.8882,5.2544,0.0001,AdaBoost,0.391465057751732,0.391465057751732,0.5837165981984191,0.5130535529920541,0.517643110439169,0.391465057751732,0.391465057751732,0.391465057751732,0.391465057751732
stars,A_M,240.0,0.15,0.9559,-11.75,20.06,4.449,6.367,10.5273,-0.1024,-1.6463,10.345,20.2225,0.5979,0.6941,0.6998,0.7004,0.8728,0.8882,5.2544,0.0001,SVC,0.9093211918309777,0.8909043735014299,0.9334075661575085,0.9334127698123266,0.9369112967483535,0.9295742849471025,0.9295742849471025,0.8822261024076998,0.7002398198185713
stars,A_M,240.0,0.1042,0.9488,-11.92,20.06,4.1492,5.49,10.5315,-0.09,-1.6586,10.6,19.856,0.6047,0.69,0.6978,0.7045,0.8731,0.8906,5.2973,0.0001,DecisionTree,0.9754313014767492,0.9754313014767492,0.9684497461950441,0.9650166844774688,0.9684347011986256,0.9754313014767492,0.9721938529007299,0.9587017894086665,0.9652982101276869
stars,A_M,240.0,0.1042,0.9488,-11.92,20.06,4.1492,5.49,10.5315,-0.09,-1.6586,10.6,19.856,0.6047,0.69,0.6978,0.7045,0.8731,0.8906,5.2973,0.0001,LogisticRegression,0.9125753506227954,0.8887505745101062,0.9612960835817268,0.9612960835817268,0.9577975566457,0.9295980521517425,0.9365456955069278,0.8605115594947519,0.8650970174866661
stars,A_M,240.0,0.1042,0.9488,-11.92,20.06,4.1492,5.49,10.5315,-0.09,-1.6586,10.6,19.856,0.6047,0.69,0.6978,0.7045,0.8731,0.8906,5.2973,0.0001,KNN,0.9030793829809487,0.8994024823961534,0.9156110929326712,0.9156110929326712,0.9156110929326712,0.8988819012596302,0.9119463303986654,0.8814348063352377,0.899301438892332
stars,A_M,240.0,0.1042,0.9488,-11.92,20.06,4.1492,5.49,10.5315,-0.09,-1.6586,10.6,19.856,0.6047,0.69,0.6978,0.7045,0.8731,0.8906,5.2973,0.0001,RandomForest,0.9965592861464005,0.9896990167861313,0.9894277851251285,0.9894277851251285,0.9894277851251285,0.9895877678444729,0.9861696619344329,0.9825097369972137,0.9965592861464005
stars,A_M,240.0,0.1042,0.9488,-11.92,20.06,4.1492,5.49,10.5315,-0.09,-1.6586,10.6,19.856,0.6047,0.69,0.6978,0.7045,0.8731,0.8906,5.2973,0.0001,AdaBoost,0.4339966002832745,0.4339966002832745,0.46839064022097654,0.46839064022097654,0.46640125686179423,0.4339966002832745,0.391465057751732,0.4339966002832745,0.4339966002832745
stars,A_M,240.0,0.1042,0.9488,-11.92,20.06,4.1492,5.49,10.5315,-0.09,-1.6586,10.6,19.856,0.6047,0.69,0.6978,0.7045,0.8731,0.8906,5.2973,0.0001,SVC,0.9015040090137949,0.9015040090137949,0.9297968064414358,0.9368334920834346,0.9195383174560728,0.9048108873206733,0.9114928017209323,0.885140639872648,0.7529974495095173
stars,A_M,240.0,0.0458,0.952,-11.92,20.06,4.6603,10.48,10.55,-0.1729,-1.6309,7.61,20.21,0.6182,0.6975,0.6793,0.7026,0.8547,0.8895,5.3648,0.0001,DecisionTree,0.982490320975984,0.982490320975984,0.9721352333190488,0.9756186382215358,0.9756186382215358,0.982490320975984,0.9790252876196462,0.9790252876196462,0.982490320975984
stars,A_M,240.0,0.0458,0.952,-11.92,20.06,4.6603,10.48,10.55,-0.1729,-1.6309,7.61,20.21,0.6182,0.6975,0.6793,0.7026,0.8547,0.8895,5.3648,0.0001,LogisticRegression,0.9580983200793143,0.9720535780164997,0.9718191200786155,0.96831982399891,0.96831982399891,0.9614293940374308,0.9751607078016392,0.9685563060234114,0.8143478753663972
stars,A_M,240.0,0.0458,0.952,-11.92,20.06,4.6603,10.48,10.55,-0.1729,-1.6309,7.61,20.21,0.6182,0.6975,0.6793,0.7026,0.8547,0.8895,5.3648,0.0001,KNN,0.912002349578563,0.9188878867131943,0.9227878835632854,0.9227878835632854,0.9227878835632854,0.9188878867131943,0.9188878867131943,0.9123700375813901,0.9178508563329639
stars,A_M,240.0,0.0458,0.952,-11.92,20.06,4.6603,10.48,10.55,-0.1729,-1.6309,7.61,20.21,0.6182,0.6975,0.6793,0.7026,0.8547,0.8895,5.3648,0.0001,RandomForest,0.9930284816980723,0.9965007039202946,0.9931283172455518,0.9896560950233296,0.9931283172455518,0.9859733245149912,0.9895642551892552,0.9895371813317719,0.9965277777777778
stars,A_M,240.0,0.0458,0.952,-11.92,20.06,4.6603,10.48,10.55,-0.1729,-1.6309,7.61,20.21,0.6182,0.6975,0.6793,0.7026,0.8547,0.8895,5.3648,0.0001,AdaBoost,0.5197766027249723,0.5197766027249723,0.5150325150738088,0.43669231289507215,0.43669231289507215,0.5197766027249723,0.5197766027249723,0.5197766027249723,0.5197766027249723
stars,A_M,240.0,0.0458,0.952,-11.92,20.06,4.6603,10.48,10.55,-0.1729,-1.6309,7.61,20.21,0.6182,0.6975,0.6793,0.7026,0.8547,0.8895,5.3648,0.0001,SVC,0.933201529784709,0.9335543738593116,0.9333775235281799,0.9333775235281799,0.9333775235281799,0.9301622829375581,0.9334127698123266,0.930279219321885,0.6888544682196478
visualizing_soil,northing,8641.0,0.5079,0.8728,-0.01,3.805,1.907,1.8218,1.1027,-0.0032,-1.2623,0.9616,1.9061,0.0027,0.0107,0.0068,0.0121,0.0018,0.0144,8.1041,0.0,DecisionTree,0.8708974257491333,0.8673690426553924,0.8834902412334775,0.8904375414582583,0.8884948435134526,0.8885282395588913,0.8479991663987942,0.8670675446373242,0.8820106452003159
visualizing_soil,northing,8641.0,0.5079,0.8728,-0.01,3.805,1.907,1.8218,1.1027,-0.0032,-1.2623,0.9616,1.9061,0.0027,0.0107,0.0068,0.0121,0.0018,0.0144,8.1041,0.0,LogisticRegression,0.8135803136325152,0.7892806442212739,0.8748294297892265,0.8816186496559801,0.8791931683968374,0.8133923849905438,0.8136184801390348,0.8105155489119489,0.8645038586792203
visualizing_soil,northing,8641.0,0.5079,0.8728,-0.01,3.805,1.907,1.8218,1.1027,-0.0032,-1.2623,0.9616,1.9061,0.0027,0.0107,0.0068,0.0121,0.0018,0.0144,8.1041,0.0,KNN,0.8897275719153074,0.8862547371370855,0.879994233557113,0.888780799651981,0.8870279453883317,0.8895263303368612,0.8889559159555612,0.8625419701371966,0.8876856584286571
visualizing_soil,northing,8641.0,0.5079,0.8728,-0.01,3.805,1.907,1.8218,1.1027,-0.0032,-1.2623,0.9616,1.9061,0.0027,0.0107,0.0068,0.0121,0.0018,0.0144,8.1041,0.0,RandomForest,0.8885198466428047,0.8846027359382723,0.883763130087963,0.8908248833055384,0.8905283514980769,0.8903566806120513,0.8624441635375819,0.8549227146548473,0.884383987886376
visualizing_soil,northing,8641.0,0.5079,0.8728,-0.01,3.805,1.907,1.8218,1.1027,-0.0032,-1.2623,0.9616,1.9061,0.0027,0.0107,0.0068,0.0121,0.0018,0.0144,8.1041,0.0,AdaBoost,0.8825525748241696,0.8669158656367864,0.8796304405023408,0.8884316143029056,0.8871716990578288,0.8957987851591762,0.8650983195336084,0.8653045160313424,0.8843501578165633
visualizing_soil,northing,8641.0,0.5079,0.8728,-0.01,3.805,1.907,1.8218,1.1027,-0.0032,-1.2623,0.9616,1.9061,0.0027,0.0107,0.0068,0.0121,0.0018,0.0144,8.1041,0.0,SVC,0.8723052504394512,0.8806916158890397,0.883767220413695,0.8872436901315071,0.8851554599483173,0.8721169351495457,0.8714799402535077,0.8654359972342186,0.8816887901501917
visualizing_soil,northing,8641.0,0.4474,0.8595,-0.0032,3.806,1.8938,1.7761,1.11,0.0302,-1.2598,0.9613,1.941,0.005,0.0287,0.0013,0.0083,0.0107,0.0132,8.1946,0.0,DecisionTree,0.8802265284611733,0.8898642392674112,0.8982418390385737,0.9024076247455266,0.9002565349559503,0.9053339441728014,0.872266717555443,0.8796508440338111,0.8968895869773015
visualizing_soil,northing,8641.0,0.4474,0.8595,-0.0032,3.806,1.8938,1.7761,1.11,0.0302,-1.2598,0.9613,1.941,0.005,0.0287,0.0013,0.0083,0.0107,0.0132,8.1946,0.0,LogisticRegression,0.8369942002956333,0.8023108325857048,0.8902687569931815,0.8872648940862407,0.8814092219076939,0.8364268633297876,0.8261711602482052,0.8332406533297301,0.8801349341799315
visualizing_soil,northing,8641.0,0.4474,0.8595,-0.0032,3.806,1.8938,1.7761,1.11,0.0302,-1.2598,0.9613,1.941,0.005,0.0287,0.0013,0.0083,0.0107,0.0132,8.1946,0.0,KNN,0.8993801026571098,0.8969733211214146,0.8896598664130971,0.8979382179956785,0.8949697046103439,0.8998565768711504,0.8963790361889797,0.8769374708582346,0.8982116154061308
visualizing_soil,northing,8641.0,0.4474,0.8595,-0.0032,3.806,1.8938,1.7761,1.11,0.0302,-1.2598,0.9613,1.941,0.005,0.0287,0.0013,0.0083,0.0107,0.0132,8.1946,0.0,RandomForest,0.9059372498455783,0.8993833708773421,0.899507737481611,0.9048733001718187,0.9015972369241999,0.9066113316808682,0.865903374202342,0.8683527008894305,0.8988054888587154
visualizing_soil,northing,8641.0,0.4474,0.8595,-0.0032,3.806,1.8938,1.7761,1.11,0.0302,-1.2598,0.9613,1.941,0.005,0.0287,0.0013,0.0083,0.0107,0.0132,8.1946,0.0,AdaBoost,0.9024692941032609,0.8835791034005818,0.8943916674037472,0.9016077592924101,0.895546194023968,0.9007398762388333,0.8694767828664502,0.8808694598463829,0.8912319612338743
visualizing_soil,northing,8641.0,0.4474,0.8595,-0.0032,3.806,1.8938,1.7761,1.11,0.0302,-1.2598,0.9613,1.941,0.005,0.0287,0.0013,0.0083,0.0107,0.0132,8.1946,0.0,SVC,0.886094157147368,0.8904614323633819,0.8961760307567369,0.9013421815285977,0.9009235878158265,0.8854329815808499,0.8856421827438041,0.8797700198519596,0.8949172394584425
visualizing_soil,northing,8641.0,0.3973,0.8619,-0.01,3.806,1.9034,1.8082,1.1114,0.0265,-1.2743,0.9788,1.9704,0.0193,0.0237,0.0003,0.0253,0.0106,0.0352,8.2778,0.0,DecisionTree,0.8775963579560675,0.8970257311823442,0.9170960125855264,0.9189100029342504,0.9129503744550115,0.907922847051855,0.8757986447549374,0.8931434479877488,0.916001514503734
visualizing_soil,northing,8641.0,0.3973,0.8619,-0.01,3.806,1.9034,1.8082,1.1114,0.0265,-1.2743,0.9788,1.9704,0.0193,0.0237,0.0003,0.0253,0.0106,0.0352,8.2778,0.0,LogisticRegression,0.8497631946351308,0.819864648478458,0.9076041378162318,0.9032424760131397,0.9005007470849823,0.8489077279813442,0.8321724580374126,0.8499481901948074,0.896784184402595
visualizing_soil,northing,8641.0,0.3973,0.8619,-0.01,3.806,1.9034,1.8082,1.1114,0.0265,-1.2743,0.9788,1.9704,0.0193,0.0237,0.0003,0.0253,0.0106,0.0352,8.2778,0.0,KNN,0.9084844805128443,0.9070513086314285,0.9046674195306169,0.9059746334171872,0.9070415224695595,0.907898249929036,0.9077164962700843,0.8941358052775567,0.9062637298359975
visualizing_soil,northing,8641.0,0.3973,0.8619,-0.01,3.806,1.9034,1.8082,1.1114,0.0265,-1.2743,0.9788,1.9704,0.0193,0.0237,0.0003,0.0253,0.0106,0.0352,8.2778,0.0,RandomForest,0.9174793944788878,0.9079817874964426,0.9177997547557675,0.919583984004687,0.9157475300941973,0.9133376986641406,0.8753403665641523,0.8851449027304571,0.9159150473470881
visualizing_soil,northing,8641.0,0.3973,0.8619,-0.01,3.806,1.9034,1.8082,1.1114,0.0265,-1.2743,0.9788,1.9704,0.0193,0.0237,0.0003,0.0253,0.0106,0.0352,8.2778,0.0,AdaBoost,0.9148407549722446,0.8986922707352624,0.9140000692848188,0.9159955698992963,0.9143071600186122,0.913341980175509,0.875391267190067,0.8924866713550506,0.9143541810281498
visualizing_soil,northing,8641.0,0.3973,0.8619,-0.01,3.806,1.9034,1.8082,1.1114,0.0265,-1.2743,0.9788,1.9704,0.0193,0.0237,0.0003,0.0253,0.0106,0.0352,8.2778,0.0,SVC,0.8963296863660449,0.9044526688823278,0.9136107625165225,0.9159440561108513,0.915536866362806,0.8945193039506845,0.8893422040575041,0.8896844336658224,0.9107795408977006
visualizing_soil,northing,8641.0,0.3533,0.8524,-0.0038,3.806,1.9225,1.8401,1.1063,0.0048,-1.269,0.9542,1.9096,0.0098,0.0153,0.0071,0.0239,0.0016,0.0326,8.3299,0.0,DecisionTree,0.8879031690722474,0.9088096704596557,0.9177992523148963,0.9253416438769376,0.9224704865356775,0.9233824074598649,0.8886706074219936,0.900305295517525,0.911184604292745
visualizing_soil,northing,8641.0,0.3533,0.8524,-0.0038,3.806,1.9225,1.8401,1.1063,0.0048,-1.269,0.9542,1.9096,0.0098,0.0153,0.0071,0.0239,0.0016,0.0326,8.3299,0.0,LogisticRegression,0.8595186688354496,0.8261518845575417,0.9037017238407021,0.9105997227943052,0.9021012290866386,0.8581830026499631,0.8464013689614402,0.8534741210595337,0.896576653751435
visualizing_soil,northing,8641.0,0.3533,0.8524,-0.0038,3.806,1.9225,1.8401,1.1063,0.0048,-1.269,0.9542,1.9096,0.0098,0.0153,0.0071,0.0239,0.0016,0.0326,8.3299,0.0,KNN,0.9174486793583428,0.9158938202589343,0.9128049510796395,0.9176587163420329,0.918241875973229,0.9171577125515229,0.9167731804548565,0.9016472958977868,0.9137635232568954
visualizing_soil,northing,8641.0,0.3533,0.8524,-0.0038,3.806,1.9225,1.8401,1.1063,0.0048,-1.269,0.9542,1.9096,0.0098,0.0153,0.0071,0.0239,0.0016,0.0326,8.3299,0.0,RandomForest,0.9254594687828301,0.9143730298008259,0.917631053139303,0.9243894053384638,0.9234446245619099,0.9226740254651138,0.8877463648284667,0.8928608360751089,0.9137297745298361
visualizing_soil,northing,8641.0,0.3533,0.8524,-0.0038,3.806,1.9225,1.8401,1.1063,0.0048,-1.269,0.9542,1.9096,0.0098,0.0153,0.0071,0.0239,0.0016,0.0326,8.3299,0.0,AdaBoost,0.9234053108934228,0.9024684239780625,0.9155255818895258,0.9226284038767587,0.9214056095920021,0.9250468428831509,0.8923153056091851,0.9013499000270038,0.9155975834461838
visualizing_soil,northing,8641.0,0.3533,0.8524,-0.0038,3.806,1.9225,1.8401,1.1063,0.0048,-1.269,0.9542,1.9096,0.0098,0.0153,0.0071,0.0239,0.0016,0.0326,8.3299,0.0,SVC,0.9024041456203012,0.9113670764887906,0.9140985397847989,0.9235634638991449,0.9210177231041541,0.9029992025999245,0.9047790798561234,0.894096649781127,0.910038614200166
visualizing_soil,northing,8641.0,0.3008,0.8484,-0.004,3.806,1.9173,1.8588,1.1079,0.0037,-1.2713,0.9582,1.91,0.0082,0.0133,0.0041,0.0187,0.0041,0.0249,8.3973,0.0,DecisionTree,0.9091496059957045,0.9274776822794949,0.9322441604244202,0.9376606005331296,0.9354631456760266,0.937142942073786,0.9004998204086543,0.910074657142235,0.936122476033042
visualizing_soil,northing,8641.0,0.3008,0.8484,-0.004,3.806,1.9173,1.8588,1.1079,0.0037,-1.2713,0.9582,1.91,0.0082,0.0133,0.0041,0.0187,0.0041,0.0249,8.3973,0.0,LogisticRegression,0.8780361861868451,0.8517264791701167,0.9188740231683183,0.9232286200954195,0.91908746603876,0.8782280396867819,0.8598055260897894,0.8765959933012057,0.9188872389546464
visualizing_soil,northing,8641.0,0.3008,0.8484,-0.004,3.806,1.9173,1.8588,1.1079,0.0037,-1.2713,0.9582,1.91,0.0082,0.0133,0.0041,0.0187,0.0041,0.0249,8.3973,0.0,KNN,0.9326837556847132,0.9313391838163493,0.9271789588249523,0.9317428141448908,0.9289811125271007,0.9316198011533694,0.9331743685449949,0.9202541388927159,0.9328828426135279
visualizing_soil,northing,8641.0,0.3008,0.8484,-0.004,3.806,1.9173,1.8588,1.1079,0.0037,-1.2713,0.9582,1.91,0.0082,0.0133,0.0041,0.0187,0.0041,0.0249,8.3973,0.0,RandomForest,0.9361395437971188,0.9339025603631137,0.9331283999227827,0.9389194830721191,0.9371959517547419,0.9366217913024121,0.9029858840041297,0.9139074336634174,0.9389050116330284
visualizing_soil,northing,8641.0,0.3008,0.8484,-0.004,3.806,1.9173,1.8588,1.1079,0.0037,-1.2713,0.9582,1.91,0.0082,0.0133,0.0041,0.0187,0.0041,0.0249,8.3973,0.0,AdaBoost,0.9361844704895291,0.9239815197353283,0.9340804650122732,0.9358162420542275,0.9347773914694281,0.9329350840878541,0.9052491747814588,0.9177275026926827,0.9375524369622603
visualizing_soil,northing,8641.0,0.3008,0.8484,-0.004,3.806,1.9173,1.8588,1.1079,0.0037,-1.2713,0.9582,1.91,0.0082,0.0133,0.0041,0.0187,0.0041,0.0249,8.3973,0.0,SVC,0.9170594999740972,0.925746526468597,0.9276940431608514,0.9310986097318457,0.9325650555975749,0.9133265340470078,0.9089511464541264,0.9114072179811838,0.9294524350321175
visualizing_soil,northing,8641.0,0.2589,0.8457,-0.004,3.805,1.9132,1.8194,1.1061,-0.0001,-1.2611,0.9694,1.9076,0.013,0.0196,0.0016,0.0224,0.0082,0.0306,8.4469,0.0,DecisionTree,0.916707970551858,0.9303010104994839,0.9378171872736878,0.9420843663863407,0.9392101250012084,0.9407990207554483,0.9039553170584914,0.9150837184100158,0.9406350667185511
visualizing_soil,northing,8641.0,0.2589,0.8457,-0.004,3.805,1.9132,1.8194,1.1061,-0.0001,-1.2611,0.9694,1.9076,0.013,0.0196,0.0016,0.0224,0.0082,0.0306,8.4469,0.0,LogisticRegression,0.884778393703592,0.8619948333646741,0.9273822458167074,0.9292852286362523,0.9228784884330795,0.8837207287252883,0.8632686311693314,0.8857343588150937,0.922356619256718
visualizing_soil,northing,8641.0,0.2589,0.8457,-0.004,3.805,1.9132,1.8194,1.1061,-0.0001,-1.2611,0.9694,1.9076,0.013,0.0196,0.0016,0.0224,0.0082,0.0306,8.4469,0.0,KNN,0.9354221407683331,0.9348470639237572,0.9309125999682145,0.9380281775308819,0.9360085476196399,0.9356150340879394,0.9367613567665167,0.9285491426138703,0.9372460730817723
visualizing_soil,northing,8641.0,0.2589,0.8457,-0.004,3.805,1.9132,1.8194,1.1061,-0.0001,-1.2611,0.9694,1.9076,0.013,0.0196,0.0016,0.0224,0.0082,0.0306,8.4469,0.0,RandomForest,0.9301620873613851,0.9303108640650009,0.9395449431433099,0.9409382415975325,0.9417058134288354,0.9272672364578639,0.8990129061604466,0.9190131909094192,0.9405478494317107
visualizing_soil,northing,8641.0,0.2589,0.8457,-0.004,3.805,1.9132,1.8194,1.1061,-0.0001,-1.2611,0.9694,1.9076,0.013,0.0196,0.0016,0.0224,0.0082,0.0306,8.4469,0.0,AdaBoost,0.9409097546442386,0.9222297617699713,0.9388769331012049,0.9421800284153051,0.9376568942004273,0.9371374595833237,0.9022321155735386,0.9197394721654123,0.9395862550275769
visualizing_soil,northing,8641.0,0.2589,0.8457,-0.004,3.805,1.9132,1.8194,1.1061,-0.0001,-1.2611,0.9694,1.9076,0.013,0.0196,0.0016,0.0224,0.0082,0.0306,8.4469,0.0,SVC,0.9129565396268722,0.928407891238479,0.9359525307515048,0.9424385226697161,0.9387173870598329,0.9126667980051034,0.9136122145089511,0.9143041352326228,0.9335127973764603
visualizing_soil,northing,8641.0,0.203,0.8361,-0.01,3.805,1.9014,1.8154,1.1067,0.0195,-1.2633,0.9684,1.9424,0.0087,0.0149,0.0059,0.0188,0.0,0.0255,8.5048,0.0,DecisionTree,0.9380522849854811,0.9480688821223053,0.9531053225349062,0.9562981167903394,0.9559149804722014,0.9510970081717964,0.9178541154883927,0.935077187274131,0.9487843023819286
visualizing_soil,northing,8641.0,0.203,0.8361,-0.01,3.805,1.9014,1.8154,1.1067,0.0195,-1.2633,0.9684,1.9424,0.0087,0.0149,0.0059,0.0188,0.0,0.0255,8.5048,0.0,LogisticRegression,0.9116935754250758,0.8953201568708724,0.9420133499629841,0.9421108106054497,0.9423131106569314,0.9088952685265689,0.892255516189152,0.9090358702219862,0.9362578804538393
visualizing_soil,northing,8641.0,0.203,0.8361,-0.01,3.805,1.9014,1.8154,1.1067,0.0195,-1.2633,0.9684,1.9424,0.0087,0.0149,0.0059,0.0188,0.0,0.0255,8.5048,0.0,KNN,0.9479426324110998,0.9493791604010334,0.9461225045991057,0.9470744232754882,0.949401810347617,0.9486149457091857,0.9471444589403775,0.9375808247072495,0.9496673053429951
visualizing_soil,northing,8641.0,0.203,0.8361,-0.01,3.805,1.9014,1.8154,1.1067,0.0195,-1.2633,0.9684,1.9424,0.0087,0.0149,0.0059,0.0188,0.0,0.0255,8.5048,0.0,RandomForest,0.9442136424880749,0.9478782831200372,0.9533021853350491,0.9565896340232598,0.9560199286330416,0.9453695402327934,0.9215926476698362,0.9382502109884373,0.951882544724889
visualizing_soil,northing,8641.0,0.203,0.8361,-0.01,3.805,1.9014,1.8154,1.1067,0.0195,-1.2633,0.9684,1.9424,0.0087,0.0149,0.0059,0.0188,0.0,0.0255,8.5048,0.0,AdaBoost,0.9541750415808496,0.9401913046500029,0.9523472328340272,0.9563945303631424,0.9552451344819571,0.9545180712468564,0.9189653204275166,0.9403875995191141,0.9512835315605894
visualizing_soil,northing,8641.0,0.203,0.8361,-0.01,3.805,1.9014,1.8154,1.1067,0.0195,-1.2633,0.9684,1.9424,0.0087,0.0149,0.0059,0.0188,0.0,0.0255,8.5048,0.0,SVC,0.9307482697789253,0.9435093133777428,0.9493213064181814,0.9528208906278025,0.9512884653425426,0.9300775841116357,0.9313910265976743,0.9297749750358104,0.947245183192326
visualizing_soil,northing,8641.0,0.1486,0.831,-0.01,3.806,1.9177,1.8729,1.1075,0.0042,-1.2686,0.9656,1.9137,0.0067,0.0178,0.0024,0.0176,0.0066,0.0234,8.5556,0.0,DecisionTree,0.9473904086459306,0.9610540821942047,0.9629342404469758,0.9650636814680191,0.9656427821580791,0.9473496655696199,0.9393021861430091,0.950175492460036,0.9642028156902894
visualizing_soil,northing,8641.0,0.1486,0.831,-0.01,3.806,1.9177,1.8729,1.1075,0.0042,-1.2686,0.9656,1.9137,0.0067,0.0178,0.0024,0.0176,0.0066,0.0234,8.5556,0.0,LogisticRegression,0.919546824038243,0.9265827213767303,0.9518694235836598,0.9490921025380314,0.9484319659385644,0.9179039614442015,0.9113034260706105,0.9242441254639235,0.9473439056986909
visualizing_soil,northing,8641.0,0.1486,0.831,-0.01,3.806,1.9177,1.8729,1.1075,0.0042,-1.2686,0.9656,1.9137,0.0067,0.0178,0.0024,0.0176,0.0066,0.0234,8.5556,0.0,KNN,0.9591363433988797,0.9604708108790511,0.9622319272270362,0.9626112868010369,0.9617421211332815,0.9584597981225644,0.9554518653514711,0.9574382167413665,0.9613505091229124
visualizing_soil,northing,8641.0,0.1486,0.831,-0.01,3.806,1.9177,1.8729,1.1075,0.0042,-1.2686,0.9656,1.9137,0.0067,0.0178,0.0024,0.0176,0.0066,0.0234,8.5556,0.0,RandomForest,0.9506607125660378,0.9614429805692872,0.9638990295110808,0.9642070604175685,0.9643979070271196,0.9501802616569809,0.9395511227362479,0.9518101872653062,0.9658382226775332
visualizing_soil,northing,8641.0,0.1486,0.831,-0.01,3.806,1.9177,1.8729,1.1075,0.0042,-1.2686,0.9656,1.9137,0.0067,0.0178,0.0024,0.0176,0.0066,0.0234,8.5556,0.0,AdaBoost,0.9655153523359716,0.952507579386162,0.9635139499288826,0.9647791760821378,0.9644925971821474,0.9643452796458573,0.9380213506168407,0.9540940439556802,0.9652612717871728
visualizing_soil,northing,8641.0,0.1486,0.831,-0.01,3.806,1.9177,1.8729,1.1075,0.0042,-1.2686,0.9656,1.9137,0.0067,0.0178,0.0024,0.0176,0.0066,0.0234,8.5556,0.0,SVC,0.9400768846121687,0.9527839957599383,0.958870993871521,0.9598506870646304,0.9594701358161392,0.939308349152187,0.9358868448233196,0.9443906481096265,0.9595681046666554
visualizing_soil,northing,8641.0,0.0937,0.8201,-0.01,3.805,1.9039,1.8152,1.1059,0.0167,-1.2636,0.9686,1.931,0.0114,0.0167,0.0081,0.025,0.002,0.0344,8.5991,0.0,DecisionTree,0.9692117872945869,0.9730815759040947,0.9735031913859536,0.976499342243078,0.9780423715853747,0.9701729141631711,0.9667469995278729,0.9664989318555695,0.9769703320675225
visualizing_soil,northing,8641.0,0.0937,0.8201,-0.01,3.805,1.9039,1.8152,1.1059,0.0167,-1.2636,0.9686,1.931,0.0114,0.0167,0.0081,0.025,0.002,0.0344,8.5991,0.0,LogisticRegression,0.9437220176765313,0.9504788949522129,0.9652631816879788,0.9676802104900568,0.9672075187129914,0.9426565635671934,0.945543788282316,0.9483958802741267,0.9667111180081313
visualizing_soil,northing,8641.0,0.0937,0.8201,-0.01,3.805,1.9039,1.8152,1.1059,0.0167,-1.2636,0.9686,1.931,0.0114,0.0167,0.0081,0.025,0.002,0.0344,8.5991,0.0,KNN,0.9690657272646999,0.9695334028433167,0.9699283161797698,0.9725290257545914,0.9730125345580141,0.9697373198158343,0.9636185711217354,0.9662893056048252,0.9712648932370684
visualizing_soil,northing,8641.0,0.0937,0.8201,-0.01,3.805,1.9039,1.8152,1.1059,0.0167,-1.2636,0.9686,1.931,0.0114,0.0167,0.0081,0.025,0.002,0.0344,8.5991,0.0,RandomForest,0.9708461479298331,0.9744344709436341,0.9749483777267045,0.9785228047853276,0.9780452868100689,0.9708461479298331,0.9651077728667299,0.9683280697988942,0.9771633831570936
visualizing_soil,northing,8641.0,0.0937,0.8201,-0.01,3.805,1.9039,1.8152,1.1059,0.0167,-1.2636,0.9686,1.931,0.0114,0.0167,0.0081,0.025,0.002,0.0344,8.5991,0.0,AdaBoost,0.977161849314699,0.9672921302091666,0.9743693689821753,0.9783298722506519,0.9773718027792576,0.9761107684443509,0.9662524298515988,0.9676503325429082,0.9769714188808802
visualizing_soil,northing,8641.0,0.0937,0.8201,-0.01,3.805,1.9039,1.8152,1.1059,0.0167,-1.2636,0.9686,1.931,0.0114,0.0167,0.0081,0.025,0.002,0.0344,8.5991,0.0,SVC,0.9611212403083397,0.9645077604853532,0.9676250219971181,0.9755265371178576,0.9758243276887453,0.9605436204681973,0.9555513346496709,0.9603365296154381,0.9726307227594786
visualizing_soil,northing,8641.0,0.0478,0.8172,-0.01,3.806,1.909,1.818,1.1072,0.0121,-1.264,0.9658,1.9159,0.009,0.0211,0.0022,0.0194,0.0063,0.0264,8.6408,0.0,DecisionTree,0.9849723458879922,0.9890078303879455,0.9901694044219633,0.9909406786668923,0.9912314049511559,0.984576311342591,0.9816610613224547,0.9853569124520368,0.9890122590349282
visualizing_soil,northing,8641.0,0.0478,0.8172,-0.01,3.806,1.909,1.818,1.1072,0.0121,-1.264,0.9658,1.9159,0.009,0.0211,0.0022,0.0194,0.0063,0.0264,8.6408,0.0,LogisticRegression,0.9688493334324918,0.9807974871956886,0.9854328330831614,0.986691688942797,0.9862103179346453,0.9688493334324918,0.9656637906436478,0.9706676879687062,0.9829275721269836
visualizing_soil,northing,8641.0,0.0478,0.8172,-0.01,3.806,1.909,1.818,1.1072,0.0121,-1.264,0.9658,1.9159,0.009,0.0211,0.0022,0.0194,0.0063,0.0264,8.6408,0.0,KNN,0.9845799542101545,0.984958299825033,0.9880461591098169,0.9865051170153075,0.9868914262310551,0.9842909758470793,0.9815714421791876,0.9837152065524853,0.985346425614796
visualizing_soil,northing,8641.0,0.0478,0.8172,-0.01,3.806,1.909,1.818,1.1072,0.0121,-1.264,0.9658,1.9159,0.009,0.0211,0.0022,0.0194,0.0063,0.0264,8.6408,0.0,RandomForest,0.9869030826557481,0.9895861072776091,0.9916145381335165,0.9923865006158529,0.9917129181537393,0.9869030826557481,0.9819537529312838,0.9858392969384269,0.9896882817669295
visualizing_soil,northing,8641.0,0.0478,0.8172,-0.01,3.806,1.909,1.818,1.1072,0.0121,-1.264,0.9658,1.9159,0.009,0.0211,0.0022,0.0194,0.0063,0.0264,8.6408,0.0,AdaBoost,0.9888185479159088,0.9860136143816713,0.9914214327007388,0.9924825966615006,0.9915200478161907,0.9890159033378838,0.9824316835025573,0.9856458432906006,0.9892041901094392
visualizing_soil,northing,8641.0,0.0478,0.8172,-0.01,3.806,1.909,1.818,1.1072,0.0121,-1.264,0.9658,1.9159,0.009,0.0211,0.0022,0.0194,0.0063,0.0264,8.6408,0.0,SVC,0.9775567074769039,0.9799424102257839,0.9873680238177824,0.9892992512055134,0.9890109522307708,0.9770757107668184,0.9726036438398652,0.9763967655947328,0.98370442129217
visualizing_soil,easting,8641.0,0.4992,0.8181,-0.003,1.554,0.738,0.7245,0.4321,0.194,-1.1126,0.3654,0.7407,0.0163,0.3586,0.0234,0.2437,0.0329,0.392,8.0833,0.0,DecisionTree,0.999903583372388,0.999903583372388,0.999903583372388,0.999903583372388,0.999903583372388,0.999903583372388,0.999903583372388,0.999903583372388,0.999903583372388
visualizing_soil,easting,8641.0,0.4992,0.8181,-0.003,1.554,0.738,0.7245,0.4321,0.194,-1.1126,0.3654,0.7407,0.0163,0.3586,0.0234,0.2437,0.0329,0.392,8.0833,0.0,LogisticRegression,0.9967207897068243,0.9985535522793708,0.9987464803940536,0.9982643236683316,0.9984571940202593,0.9965280354190176,0.9977821121704983,0.9973961434630492,0.998360696193259
visualizing_soil,easting,8641.0,0.4992,0.8181,-0.003,1.554,0.738,0.7245,0.4321,0.194,-1.1126,0.3654,0.7407,0.0163,0.3586,0.0234,0.2437,0.0329,0.392,8.0833,0.0,KNN,0.9945034108610706,0.9940214885206402,0.9946966533972645,0.993249613743628,0.9941182535083478,0.9945997392168942,0.9946000889655939,0.9909346833113304,0.9948888367846155
visualizing_soil,easting,8641.0,0.4992,0.8181,-0.003,1.554,0.738,0.7245,0.4321,0.194,-1.1126,0.3654,0.7407,0.0163,0.3586,0.0234,0.2437,0.0329,0.392,8.0833,0.0,RandomForest,1.0,1.0,1.0,1.0,1.0,1.0,1.0,0.9999035897568042,1.0
visualizing_soil,easting,8641.0,0.4992,0.8181,-0.003,1.554,0.738,0.7245,0.4321,0.194,-1.1126,0.3654,0.7407,0.0163,0.3586,0.0234,0.2437,0.0329,0.392,8.0833,0.0,AdaBoost,0.999903583372388,0.999903583372388,0.999903583372388,0.999903583372388,0.999903583372388,0.999903583372388,0.999903583372388,0.999903583372388,0.999903583372388
visualizing_soil,easting,8641.0,0.4992,0.8181,-0.003,1.554,0.738,0.7245,0.4321,0.194,-1.1126,0.3654,0.7407,0.0163,0.3586,0.0234,0.2437,0.0329,0.392,8.0833,0.0,SVC,0.9988430606709231,0.9979752544586175,0.9998071735111819,0.9990358946047415,0.9985539148389118,0.9985538900044133,0.9985538900044133,0.998168053064536,0.9986503321736171
visualizing_soil,easting,8641.0,0.4473,0.8051,-0.004,1.56,0.7434,0.7439,0.4263,0.173,-1.0814,0.3776,0.7383,0.0055,0.3555,0.0098,0.2472,0.0113,0.3962,8.1563,0.0,DecisionTree,0.999903583372388,0.999903583372388,0.999903583372388,0.999903583372388,0.999903583372388,0.999903583372388,0.999903583372388,0.999903583372388,0.999903583372388
visualizing_soil,easting,8641.0,0.4473,0.8051,-0.004,1.56,0.7434,0.7439,0.4263,0.173,-1.0814,0.3776,0.7383,0.0055,0.3555,0.0098,0.2472,0.0113,0.3962,8.1563,0.0,LogisticRegression,0.995948834452182,0.9982641951439258,0.9983606918386747,0.9981678357229161,0.998650024359429,0.9966244844198614,0.9961421181822067,0.9963348702937757,0.9986499991493071
visualizing_soil,easting,8641.0,0.4473,0.8051,-0.004,1.56,0.7434,0.7439,0.4263,0.173,-1.0814,0.3776,0.7383,0.0055,0.3555,0.0098,0.2472,0.0113,0.3962,8.1563,0.0,KNN,0.9939253468428835,0.9933472549359389,0.993732562725248,0.9919976331205894,0.9922866598184679,0.9936364875669427,0.9935399639487348,0.992382697973312,0.9935404253708816
visualizing_soil,easting,8641.0,0.4473,0.8051,-0.004,1.56,0.7434,0.7439,0.4263,0.173,-1.0814,0.3776,0.7383,0.0055,0.3555,0.0098,0.2472,0.0113,0.3962,8.1563,0.0,RandomForest,1.0,1.0,1.0,1.0,1.0,1.0,1.0,1.0,1.0
visualizing_soil,easting,8641.0,0.4473,0.8051,-0.004,1.56,0.7434,0.7439,0.4263,0.173,-1.0814,0.3776,0.7383,0.0055,0.3555,0.0098,0.2472,0.0113,0.3962,8.1563,0.0,AdaBoost,0.999903583372388,0.999903583372388,0.999903583372388,0.999903583372388,0.999903583372388,0.999903583372388,0.999903583372388,0.999903583372388,0.999903583372388
visualizing_soil,easting,8641.0,0.4473,0.8051,-0.004,1.56,0.7434,0.7439,0.4263,0.173,-1.0814,0.3776,0.7383,0.0055,0.3555,0.0098,0.2472,0.0113,0.3962,8.1563,0.0,SVC,0.9976858869637102,0.9972035094917837,0.9992286274198661,0.9978787573156379,0.9974932338677731,0.9973968433935945,0.9973968433935945,0.9971071370406426,0.9979753604772927
visualizing_soil,easting,8641.0,0.404,0.7924,-0.003,1.56,0.7404,0.7345,0.4277,0.1894,-1.1024,0.3718,0.7384,0.0073,0.3736,0.0188,0.2569,0.025,0.4099,8.2153,0.0,DecisionTree,0.999903583372388,0.999903583372388,0.999903583372388,0.999903583372388,0.999903583372388,0.999903583372388,0.999903583372388,0.999903583372388,0.999903583372388
visualizing_soil,easting,8641.0,0.404,0.7924,-0.003,1.56,0.7404,0.7345,0.4277,0.1894,-1.1024,0.3718,0.7384,0.0073,0.3736,0.0188,0.2569,0.025,0.4099,8.2153,0.0,LogisticRegression,0.9968170282619547,0.9982641806908835,0.9987464228377767,0.9982643885684692,0.9982643885684692,0.9967208649127336,0.9974928595454656,0.9968173414957497,0.9982642929182634
visualizing_soil,easting,8641.0,0.404,0.7924,-0.003,1.56,0.7404,0.7345,0.4277,0.1894,-1.1024,0.3718,0.7384,0.0073,0.3736,0.0188,0.2569,0.025,0.4099,8.2153,0.0,KNN,0.9933459995917182,0.9938281833915336,0.9942140143118605,0.9927671168193601,0.9937315968709481,0.993924541566478,0.9943106524918714,0.9901636802213627,0.9934421045820655
visualizing_soil,easting,8641.0,0.404,0.7924,-0.003,1.56,0.7404,0.7345,0.4277,0.1894,-1.1024,0.3718,0.7384,0.0073,0.3736,0.0188,0.2569,0.025,0.4099,8.2153,0.0,RandomForest,1.0,0.9999035897568042,1.0,1.0,1.0,1.0,0.9999035897568042,1.0,1.0
visualizing_soil,easting,8641.0,0.404,0.7924,-0.003,1.56,0.7404,0.7345,0.4277,0.1894,-1.1024,0.3718,0.7384,0.0073,0.3736,0.0188,0.2569,0.025,0.4099,8.2153,0.0,AdaBoost,0.999903583372388,0.999903583372388,0.999903583372388,0.999903583372388,0.999903583372388,0.999903583372388,0.999903583372388,0.999903583372388,0.999903583372388
visualizing_soil,easting,8641.0,0.404,0.7924,-0.003,1.56,0.7404,0.7345,0.4277,0.1894,-1.1024,0.3718,0.7384,0.0073,0.3736,0.0188,0.2569,0.025,0.4099,8.2153,0.0,SVC,0.998360992474403,0.9985538471186384,0.9993250168246619,0.9985539048946364,0.99836102205527,0.9979755661420537,0.9982646965865629,0.9973966246001327,0.9981682815811506
visualizing_soil,easting,8641.0,0.3438,0.7709,-0.003,1.56,0.7346,0.7252,0.4251,0.1849,-1.0864,0.3638,0.7296,0.024,0.3407,0.0291,0.2365,0.041,0.3817,8.2731,0.0,DecisionTree,0.999903583372388,0.999903583372388,0.999903583372388,0.999903583372388,0.999903583372388,0.999903583372388,0.999903583372388,0.999903583372388,0.999903583372388
visualizing_soil,easting,8641.0,0.3438,0.7709,-0.003,1.56,0.7346,0.7252,0.4251,0.1849,-1.0864,0.3638,0.7296,0.024,0.3407,0.0291,0.2365,0.041,0.3817,8.2731,0.0,LogisticRegression,0.9974924990131027,0.9988428841803874,0.9988429202449005,0.9985536219143599,0.9985536037930314,0.997396204797738,0.9979750613018071,0.9975890760612235,0.9987464803940536
visualizing_soil,easting,8641.0,0.3438,0.7709,-0.003,1.56,0.7346,0.7252,0.4251,0.1849,-1.0864,0.3638,0.7296,0.024,0.3407,0.0291,0.2365,0.041,0.3817,8.2731,0.0,KNN,0.9946004179541716,0.9949853086248441,0.9942144497901946,0.9939255803047087,0.9940211564545446,0.9948894525495258,0.9949856497654658,0.9885255934378991,0.9947931716040509
visualizing_soil,easting,8641.0,0.3438,0.7709,-0.003,1.56,0.7346,0.7252,0.4251,0.1849,-1.0864,0.3638,0.7296,0.024,0.3407,0.0291,0.2365,0.041,0.3817,8.2731,0.0,RandomForest,1.0,1.0,1.0,1.0,1.0,1.0,1.0,1.0,1.0
visualizing_soil,easting,8641.0,0.3438,0.7709,-0.003,1.56,0.7346,0.7252,0.4251,0.1849,-1.0864,0.3638,0.7296,0.024,0.3407,0.0291,0.2365,0.041,0.3817,8.2731,0.0,AdaBoost,0.999903583372388,0.999903583372388,0.999903583372388,0.999903583372388,0.999903583372388,0.999903583372388,0.999903583372388,0.999903583372388,0.999903583372388
visualizing_soil,easting,8641.0,0.3438,0.7709,-0.003,1.56,0.7346,0.7252,0.4251,0.1849,-1.0864,0.3638,0.7296,0.024,0.3407,0.0291,0.2365,0.041,0.3817,8.2731,0.0,SVC,0.9984572777624983,0.998168049076137,0.9990357468354628,0.9986501886986455,0.9980717995682411,0.9976860770636734,0.9979754038865514,0.9980715074797584,0.9984574169028516
visualizing_soil,easting,8641.0,0.2953,0.7671,-0.004,1.56,0.7406,0.7349,0.4305,0.1783,-1.1058,0.3731,0.7461,0.003,0.352,0.0157,0.2446,0.0205,0.3937,8.3378,0.0,DecisionTree,0.999903583372388,0.999903583372388,0.999903583372388,0.999903583372388,0.999903583372388,0.999903583372388,0.999903583372388,0.999903583372388,0.999903583372388
visualizing_soil,easting,8641.0,0.2953,0.7671,-0.004,1.56,0.7406,0.7349,0.4305,0.1783,-1.1058,0.3731,0.7461,0.003,0.352,0.0157,0.2446,0.0205,0.3937,8.3378,0.0,LogisticRegression,0.9974925169702921,0.9987464216844656,0.9985535402425735,0.9987464216844656,0.9988428727074541,0.9976856605131904,0.998071562401338,0.99710680937283,0.9985535150324516
visualizing_soil,easting,8641.0,0.2953,0.7671,-0.004,1.56,0.7406,0.7349,0.4305,0.1783,-1.1058,0.3731,0.7461,0.003,0.352,0.0157,0.2446,0.0205,0.3937,8.3378,0.0,KNN,0.9943116877101117,0.995178742796231,0.995757898483569,0.9946001369637109,0.9944076913389794,0.9947934699374651,0.994986473922228,0.9913220052577749,0.9944075554739238
visualizing_soil,easting,8641.0,0.2953,0.7671,-0.004,1.56,0.7406,0.7349,0.4305,0.1783,-1.1058,0.3731,0.7461,0.003,0.352,0.0157,0.2446,0.0205,0.3937,8.3378,0.0,RandomForest,1.0,1.0,1.0,1.0,1.0,1.0,1.0,1.0,1.0
visualizing_soil,easting,8641.0,0.2953,0.7671,-0.004,1.56,0.7406,0.7349,0.4305,0.1783,-1.1058,0.3731,0.7461,0.003,0.352,0.0157,0.2446,0.0205,0.3937,8.3378,0.0,AdaBoost,0.999903583372388,0.999903583372388,0.999903583372388,0.999903583372388,0.999903583372388,0.999903583372388,0.999903583372388,0.999903583372388,0.999903583372388
visualizing_soil,easting,8641.0,0.2953,0.7671,-0.004,1.56,0.7406,0.7349,0.4305,0.1783,-1.1058,0.3731,0.7461,0.003,0.352,0.0157,0.2446,0.0205,0.3937,8.3378,0.0,SVC,0.9989394291330727,0.9991322862027237,0.9992286222897135,0.999035829133911,0.9983610315371072,0.9984574096354104,0.998650287120662,0.9984572324070754,0.9985538265024062
visualizing_soil,easting,8641.0,0.2551,0.7569,-0.003,1.554,0.7374,0.7178,0.4304,0.1936,-1.1116,0.3609,0.7428,0.0103,0.3535,0.0196,0.2445,0.0262,0.3929,8.3707,0.0,DecisionTree,0.999903583372388,0.999903583372388,0.999903583372388,0.999903583372388,0.999903583372388,0.999903583372388,0.999903583372388,0.999903583372388,0.999903583372388
visualizing_soil,easting,8641.0,0.2551,0.7569,-0.003,1.554,0.7374,0.7178,0.4304,0.1936,-1.1116,0.3609,0.7428,0.0103,0.3535,0.0196,0.2445,0.0262,0.3929,8.3707,0.0,LogisticRegression,0.9965275434073317,0.9987464451941962,0.9987464632897465,0.9986500317175317,0.9986500317175317,0.9967207598680544,0.9982643840824127,0.9972031922715846,0.9989392994387989
visualizing_soil,easting,8641.0,0.2551,0.7569,-0.003,1.554,0.7374,0.7178,0.4304,0.1936,-1.1116,0.3609,0.7428,0.0103,0.3535,0.0196,0.2445,0.0262,0.3929,8.3707,0.0,KNN,0.9954679364288863,0.9956608156214533,0.995179151536169,0.9952751317731302,0.9955644633580758,0.9950826857191117,0.9951788899076024,0.9937324971112832,0.9950822964081577
visualizing_soil,easting,8641.0,0.2551,0.7569,-0.003,1.554,0.7374,0.7178,0.4304,0.1936,-1.1116,0.3609,0.7428,0.0103,0.3535,0.0196,0.2445,0.0262,0.3929,8.3707,0.0,RandomForest,1.0,1.0,1.0,1.0,1.0,1.0,1.0,1.0,1.0
visualizing_soil,easting,8641.0,0.2551,0.7569,-0.003,1.554,0.7374,0.7178,0.4304,0.1936,-1.1116,0.3609,0.7428,0.0103,0.3535,0.0196,0.2445,0.0262,0.3929,8.3707,0.0,AdaBoost,0.999903583372388,0.999903583372388,0.999903583372388,0.999903583372388,0.999903583372388,0.999903583372388,0.999903583372388,0.999903583372388,0.999903583372388
visualizing_soil,easting,8641.0,0.2551,0.7569,-0.003,1.554,0.7374,0.7178,0.4304,0.1936,-1.1116,0.3609,0.7428,0.0103,0.3535,0.0196,0.2445,0.0262,0.3929,8.3707,0.0,SVC,0.9985536138437269,0.9985536097550688,0.9989393326147089,0.9986500790996489,0.9984572688941692,0.9983608593278753,0.998457298196062,0.9984571484347206,0.9984572932092444
visualizing_soil,easting,8641.0,0.1981,0.7486,-0.004,1.56,0.7382,0.725,0.4278,0.1954,-1.0877,0.3634,0.7337,0.0144,0.3542,0.023,0.2436,0.0315,0.392,8.4337,0.0,DecisionTree,0.999903583372388,0.999903583372388,0.999903583372388,0.999903583372388,0.999903583372388,0.999903583372388,0.999903583372388,0.999903583372388,0.999903583372388
visualizing_soil,easting,8641.0,0.1981,0.7486,-0.004,1.56,0.7382,0.725,0.4278,0.1954,-1.0877,0.3634,0.7337,0.0144,0.3542,0.023,0.2436,0.0315,0.392,8.4337,0.0,LogisticRegression,0.9978785486662902,0.998650111161786,0.9988428727074541,0.9984572009935895,0.9984572009935895,0.9974928362250072,0.9983607111137434,0.9984571126818499,0.9985536250929635
visualizing_soil,easting,8641.0,0.1981,0.7486,-0.004,1.56,0.7382,0.725,0.4278,0.1954,-1.0877,0.3634,0.7337,0.0144,0.3542,0.023,0.2436,0.0315,0.392,8.4337,0.0,KNN,0.9943114064041798,0.9948894617168598,0.995275219422094,0.9940219669251567,0.9939252252997025,0.9943109899679903,0.994600158263924,0.9917075962140366,0.9943107167340572
visualizing_soil,easting,8641.0,0.1981,0.7486,-0.004,1.56,0.7382,0.725,0.4278,0.1954,-1.0877,0.3634,0.7337,0.0144,0.3542,0.023,0.2436,0.0315,0.392,8.4337,0.0,RandomForest,1.0,1.0,1.0,1.0,1.0,1.0,1.0,1.0,1.0
visualizing_soil,easting,8641.0,0.1981,0.7486,-0.004,1.56,0.7382,0.725,0.4278,0.1954,-1.0877,0.3634,0.7337,0.0144,0.3542,0.023,0.2436,0.0315,0.392,8.4337,0.0,AdaBoost,0.999903583372388,0.999903583372388,0.999903583372388,0.999903583372388,0.999903583372388,0.999903583372388,0.999903583372388,0.999903583372388,0.999903583372388
visualizing_soil,easting,8641.0,0.1981,0.7486,-0.004,1.56,0.7382,0.725,0.4278,0.1954,-1.0877,0.3634,0.7337,0.0144,0.3542,0.023,0.2436,0.0315,0.392,8.4337,0.0,SVC,0.9992286012842817,0.9992286145139109,0.9993250441742458,0.9992286145139109,0.9993250441742458,0.9991322426740348,0.9990357955604299,0.9991321970901221,0.9993250460861256
visualizing_soil,easting,8641.0,0.1531,0.7352,-0.004,1.56,0.7393,0.7284,0.4299,0.1898,-1.0999,0.3672,0.7434,0.0039,0.3516,0.0157,0.242,0.0202,0.3894,8.4628,0.0,DecisionTree,0.999903583372388,0.999903583372388,0.999903583372388,0.999903583372388,0.999903583372388,0.999903583372388,0.999903583372388,0.999903583372388,0.999903583372388
visualizing_soil,easting,8641.0,0.1531,0.7352,-0.004,1.56,0.7393,0.7284,0.4299,0.1898,-1.0999,0.3672,0.7434,0.0039,0.3516,0.0157,0.242,0.0202,0.3894,8.4628,0.0,LogisticRegression,0.9976854208970868,0.9983608507149084,0.9988428727074541,0.9986500317175317,0.9987464632897465,0.9981677552016616,0.998649986643832,0.9979749220193365,0.9983606952196312
visualizing_soil,easting,8641.0,0.1531,0.7352,-0.004,1.56,0.7393,0.7284,0.4299,0.1898,-1.0999,0.3672,0.7434,0.0039,0.3516,0.0157,0.242,0.0202,0.3894,8.4628,0.0,KNN,0.9941182883071561,0.9947929737806328,0.9945040119812767,0.9942145095576962,0.9946964573543713,0.9948896040124836,0.9946962072438145,0.9924796144720367,0.9946003449827246
visualizing_soil,easting,8641.0,0.1531,0.7352,-0.004,1.56,0.7393,0.7284,0.4299,0.1898,-1.0999,0.3672,0.7434,0.0039,0.3516,0.0157,0.242,0.0202,0.3894,8.4628,0.0,RandomForest,1.0,1.0,1.0,1.0,1.0,1.0,1.0,1.0,1.0
visualizing_soil,easting,8641.0,0.1531,0.7352,-0.004,1.56,0.7393,0.7284,0.4299,0.1898,-1.0999,0.3672,0.7434,0.0039,0.3516,0.0157,0.242,0.0202,0.3894,8.4628,0.0,AdaBoost,0.999903583372388,0.999903583372388,0.999903583372388,0.999903583372388,0.999903583372388,0.999903583372388,0.999903583372388,0.999903583372388,0.999903583372388
visualizing_soil,easting,8641.0,0.1531,0.7352,-0.004,1.56,0.7393,0.7284,0.4299,0.1898,-1.0999,0.3672,0.7434,0.0039,0.3516,0.0157,0.242,0.0202,0.3894,8.4628,0.0,SVC,0.9982644477535675,0.9983608901461687,0.9988429481929806,0.9983608901461687,0.9983608901461687,0.9981680088853808,0.9982644477535675,0.9982643757631107,0.9983608852782337
visualizing_soil,easting,8641.0,0.0987,0.7205,-0.003,1.56,0.7383,0.7286,0.4292,0.187,-1.0973,0.3671,0.7394,0.0087,0.3503,0.0186,0.2426,0.0251,0.3903,8.4953,0.0,DecisionTree,0.999903583372388,0.999903583372388,0.999903583372388,0.999903583372388,0.999903583372388,0.999903583372388,0.999903583372388,0.999903583372388,0.999903583372388
visualizing_soil,easting,8641.0,0.0987,0.7205,-0.003,1.56,0.7383,0.7286,0.4292,0.187,-1.0973,0.3671,0.7394,0.0087,0.3503,0.0186,0.2426,0.0251,0.3903,8.4953,0.0,LogisticRegression,0.9979747852805115,0.998457190194428,0.998649991265562,0.9987464228377767,0.9987464228377767,0.9981676962891902,0.998746389238577,0.9980713017087426,0.9988428402615654
visualizing_soil,easting,8641.0,0.0987,0.7205,-0.003,1.56,0.7383,0.7286,0.4292,0.187,-1.0973,0.3671,0.7394,0.0087,0.3503,0.0186,0.2426,0.0251,0.3903,8.4953,0.0,KNN,0.995564752005144,0.9955647629519478,0.9946005633856108,0.9947931414037419,0.995757676478464,0.9953720832974895,0.9949862270535457,0.9938297389070515,0.9955647170204782
visualizing_soil,easting,8641.0,0.0987,0.7205,-0.003,1.56,0.7383,0.7286,0.4292,0.187,-1.0973,0.3671,0.7394,0.0087,0.3503,0.0186,0.2426,0.0251,0.3903,8.4953,0.0,RandomForest,1.0,1.0,1.0,1.0,1.0,1.0,1.0,1.0,1.0
visualizing_soil,easting,8641.0,0.0987,0.7205,-0.003,1.56,0.7383,0.7286,0.4292,0.187,-1.0973,0.3671,0.7394,0.0087,0.3503,0.0186,0.2426,0.0251,0.3903,8.4953,0.0,AdaBoost,0.999903583372388,0.999903583372388,0.999903583372388,0.999903583372388,0.999903583372388,0.999903583372388,0.999903583372388,0.999903583372388,0.999903583372388
visualizing_soil,easting,8641.0,0.0987,0.7205,-0.003,1.56,0.7383,0.7286,0.4292,0.187,-1.0973,0.3671,0.7394,0.0087,0.3503,0.0186,0.2426,0.0251,0.3903,8.4953,0.0,SVC,0.9987464853155796,0.9986500516718633,0.9990357690836672,0.9988429149759147,0.9987464813321983,0.9988429149759147,0.9992286318842409,0.998457176494964,0.9988429149759147
visualizing_soil,easting,8641.0,0.0523,0.7119,-0.004,1.56,0.7392,0.7307,0.4287,0.1848,-1.0932,0.3686,0.7374,0.0097,0.3554,0.0198,0.2471,0.0268,0.3961,8.5301,0.0,DecisionTree,0.999903583372388,0.999903583372388,0.999903583372388,0.999903583372388,0.999903583372388,0.999903583372388,0.999903583372388,0.999903583372388,0.999903583372388
visualizing_soil,easting,8641.0,0.0523,0.7119,-0.004,1.56,0.7392,0.7307,0.4287,0.1848,-1.0932,0.3686,0.7374,0.0097,0.3554,0.0198,0.2471,0.0268,0.3961,8.5301,0.0,LogisticRegression,0.9987464632897465,0.9986500538432688,0.9988428727074541,0.9987464632897465,0.9987464632897465,0.9987464632897465,0.9987464228377767,0.9987464632897465,0.9987464632897465
visualizing_soil,easting,8641.0,0.0523,0.7119,-0.004,1.56,0.7392,0.7307,0.4287,0.1848,-1.0932,0.3686,0.7374,0.0097,0.3554,0.0198,0.2471,0.0268,0.3961,8.5301,0.0,KNN,0.9952754236705603,0.9956611928228973,0.9959504000997337,0.9954681719061045,0.9956610298008791,0.9954682667895145,0.9955647340915765,0.9955645558791972,0.9952754299215081
visualizing_soil,easting,8641.0,0.0523,0.7119,-0.004,1.56,0.7392,0.7307,0.4287,0.1848,-1.0932,0.3686,0.7374,0.0097,0.3554,0.0198,0.2471,0.0268,0.3961,8.5301,0.0,RandomForest,1.0,1.0,1.0,1.0,1.0,1.0,1.0,1.0,1.0
visualizing_soil,easting,8641.0,0.0523,0.7119,-0.004,1.56,0.7392,0.7307,0.4287,0.1848,-1.0932,0.3686,0.7374,0.0097,0.3554,0.0198,0.2471,0.0268,0.3961,8.5301,0.0,AdaBoost,0.999903583372388,0.999903583372388,0.999903583372388,0.999903583372388,0.999903583372388,0.999903583372388,0.999903583372388,0.999903583372388,0.999903583372388
visualizing_soil,easting,8641.0,0.0523,0.7119,-0.004,1.56,0.7392,0.7307,0.4287,0.1848,-1.0932,0.3686,0.7374,0.0097,0.3554,0.0198,0.2471,0.0268,0.3961,8.5301,0.0,SVC,0.9993250460861256,0.9992286119966779,0.9989393375114525,0.9994214703328768,0.9994214703328768,0.9993250460861256,0.9990357716009002,0.9993250460861256,0.9994214703328768
visualizing_soil,resistivity,8641.0,0.5024,0.8,0.92,166.01,50.8929,47.7,28.9823,0.5826,0.0198,19.485,41.68,0.0006,0.3534,0.015,0.2481,0.0113,0.3964,8.0704,0.0,DecisionTree,0.999903583372388,0.999903583372388,0.999903583372388,0.999903583372388,0.999903583372388,0.999903583372388,0.999903583372388,0.999903583372388,0.999903583372388
visualizing_soil,resistivity,8641.0,0.5024,0.8,0.92,166.01,50.8929,47.7,28.9823,0.5826,0.0198,19.485,41.68,0.0006,0.3534,0.015,0.2481,0.0113,0.3964,8.0704,0.0,LogisticRegression,0.9986499991493071,0.9987464228377767,0.9988428727074541,0.9995178873426385,0.9992285995206895,0.9986500134200691,0.9985535623970806,0.9988428653493512,0.9989393300480722
visualizing_soil,resistivity,8641.0,0.5024,0.8,0.92,166.01,50.8929,47.7,28.9823,0.5826,0.0198,19.485,41.68,0.0006,0.3534,0.015,0.2481,0.0113,0.3964,8.0704,0.0,KNN,0.9947931980324739,0.9945040870701741,0.9954678578900422,0.9957574900963733,0.9956606041255449,0.9941179216925689,0.9934424845034903,0.9910303686576701,0.9947927693419787
visualizing_soil,resistivity,8641.0,0.5024,0.8,0.92,166.01,50.8929,47.7,28.9823,0.5826,0.0198,19.485,41.68,0.0006,0.3534,0.015,0.2481,0.0113,0.3964,8.0704,0.0,RandomForest,1.0,0.9998071731585036,1.0,1.0,1.0,1.0,1.0,1.0,1.0
visualizing_soil,resistivity,8641.0,0.5024,0.8,0.92,166.01,50.8929,47.7,28.9823,0.5826,0.0198,19.485,41.68,0.0006,0.3534,0.015,0.2481,0.0113,0.3964,8.0704,0.0,AdaBoost,0.999903583372388,0.999903583372388,0.999903583372388,0.999903583372388,0.999903583372388,0.999903583372388,0.999903583372388,0.999903583372388,0.999903583372388
visualizing_soil,resistivity,8641.0,0.5024,0.8,0.92,166.01,50.8929,47.7,28.9823,0.5826,0.0198,19.485,41.68,0.0006,0.3534,0.015,0.2481,0.0113,0.3964,8.0704,0.0,SVC,0.9992286100847982,0.9988428782388338,0.999325052909088,0.9992286229907537,0.9989393327749546,0.9992285991454385,0.99913214812245,0.9985535777298153,0.9991321970901221
visualizing_soil,resistivity,8641.0,0.4504,0.7837,0.92,166.01,50.6036,47.73,28.683,0.573,0.0571,19.24,40.27,0.0238,0.3515,0.0011,0.243,0.0098,0.3903,8.1404,0.0,DecisionTree,0.999903583372388,0.999903583372388,0.999903583372388,0.999903583372388,0.999903583372388,0.999903583372388,0.999903583372388,0.999903583372388,0.999903583372388
visualizing_soil,resistivity,8641.0,0.4504,0.7837,0.92,166.01,50.6036,47.73,28.683,0.573,0.0571,19.24,40.27,0.0238,0.3515,0.0011,0.243,0.0098,0.3903,8.1404,0.0,LogisticRegression,0.9987464228377767,0.9985535623970806,0.9986500134200691,0.9992285995206895,0.9992285995206895,0.9987464228377767,0.9987464228377767,0.9985535623970806,0.998842847084528
visualizing_soil,resistivity,8641.0,0.4504,0.7837,0.92,166.01,50.6036,47.73,28.683,0.573,0.0571,19.24,40.27,0.0238,0.3515,0.0011,0.243,0.0098,0.3903,8.1404,0.0,KNN,0.9954684934442832,0.9954685236068417,0.9935391535188727,0.9947930871737817,0.9950823220056199,0.9949862932503071,0.9949862133447775,0.9927676063309656,0.9954680458431752
visualizing_soil,resistivity,8641.0,0.4504,0.7837,0.92,166.01,50.6036,47.73,28.683,0.573,0.0571,19.24,40.27,0.0238,0.3515,0.0011,0.243,0.0098,0.3903,8.1404,0.0,RandomForest,1.0,1.0,1.0,1.0,1.0,1.0,1.0,1.0,1.0
visualizing_soil,resistivity,8641.0,0.4504,0.7837,0.92,166.01,50.6036,47.73,28.683,0.573,0.0571,19.24,40.27,0.0238,0.3515,0.0011,0.243,0.0098,0.3903,8.1404,0.0,AdaBoost,0.999903583372388,0.999903583372388,0.999903583372388,0.999903583372388,0.999903583372388,0.999903583372388,0.999903583372388,0.999903583372388,0.999903583372388
visualizing_soil,resistivity,8641.0,0.4504,0.7837,0.92,166.01,50.6036,47.73,28.683,0.573,0.0571,19.24,40.27,0.0238,0.3515,0.0011,0.243,0.0098,0.3903,8.1404,0.0,SVC,0.9993250639347191,0.9992286124470173,0.9993250570802013,0.9990357651002859,0.9991321893470373,0.9995178995791849,0.9992286499903866,0.998842880866415,0.9991322009247052
visualizing_soil,resistivity,8641.0,0.4024,0.7713,0.89,165.63,50.9085,48.025,28.7117,0.5492,-0.0351,19.545,41.125,0.027,0.3576,0.0032,0.243,0.0138,0.3936,8.2053,0.0,DecisionTree,0.999903583372388,0.999903583372388,0.999903583372388,0.999903583372388,0.999903583372388,0.999903583372388,0.999903583372388,0.999903583372388,0.999903583372388
visualizing_soil,resistivity,8641.0,0.4024,0.7713,0.89,165.63,50.9085,48.025,28.7117,0.5492,-0.0351,19.545,41.125,0.027,0.3576,0.0032,0.243,0.0138,0.3936,8.2053,0.0,LogisticRegression,0.998746455311906,0.9983607185291391,0.9987464228377767,0.9994214510339259,0.9992285995206895,0.9984571056147441,0.9984571056147441,0.9985535623970806,0.9989393157526021
visualizing_soil,resistivity,8641.0,0.4024,0.7713,0.89,165.63,50.9085,48.025,28.7117,0.5492,-0.0351,19.545,41.125,0.027,0.3576,0.0032,0.243,0.0138,0.3936,8.2053,0.0,KNN,0.9942143694195714,0.9953711720056511,0.9958535808399048,0.9949866376547511,0.9949864781026359,0.9941177703926808,0.9940212142532519,0.9930572877626904,0.9945035916549952
visualizing_soil,resistivity,8641.0,0.4024,0.7713,0.89,165.63,50.9085,48.025,28.7117,0.5492,-0.0351,19.545,41.125,0.027,0.3576,0.0032,0.243,0.0138,0.3936,8.2053,0.0,RandomForest,1.0,1.0,1.0,1.0,1.0,1.0,1.0,1.0,1.0
visualizing_soil,resistivity,8641.0,0.4024,0.7713,0.89,165.63,50.9085,48.025,28.7117,0.5492,-0.0351,19.545,41.125,0.027,0.3576,0.0032,0.243,0.0138,0.3936,8.2053,0.0,AdaBoost,0.999903583372388,0.999903583372388,0.999903583372388,0.999903583372388,0.999903583372388,0.999903583372388,0.999903583372388,0.999903583372388,0.999903583372388
visualizing_soil,resistivity,8641.0,0.4024,0.7713,0.89,165.63,50.9085,48.025,28.7117,0.5492,-0.0351,19.545,41.125,0.027,0.3576,0.0032,0.243,0.0138,0.3936,8.2053,0.0,SVC,0.9994214756069992,0.9988428617064791,0.9986500229942284,0.9989393286313277,0.9989393379571838,0.9994214756069992,0.9994214756069992,0.9982641949284693,0.9992286267504571
visualizing_soil,resistivity,8641.0,0.3496,0.75,0.89,165.63,50.8214,47.8,28.6514,0.5523,-0.0121,19.59,41.775,0.0149,0.3738,0.0036,0.2596,0.0038,0.4141,8.2522,0.0,DecisionTree,0.999903583372388,0.999903583372388,0.999903583372388,0.999903583372388,0.999903583372388,0.999903583372388,0.999903583372388,0.999903583372388,0.999903583372388
visualizing_soil,resistivity,8641.0,0.3496,0.75,0.89,165.63,50.8214,47.8,28.6514,0.5523,-0.0121,19.59,41.775,0.0149,0.3738,0.0036,0.2596,0.0038,0.4141,8.2522,0.0,LogisticRegression,0.998650012266758,0.9989392969542054,0.9988428727074541,0.9992285995206895,0.9992285995206895,0.9985535623970806,0.9985535623970806,0.9989392969542054,0.9987464632897465
visualizing_soil,resistivity,8641.0,0.3496,0.75,0.89,165.63,50.8214,47.8,28.6514,0.5523,-0.0121,19.59,41.775,0.0149,0.3738,0.0036,0.2596,0.0038,0.4141,8.2522,0.0,KNN,0.9957569268016492,0.9956606975430926,0.995371141276135,0.9953715180583159,0.9965284318871611,0.9952748266052802,0.9953713312730994,0.9939245178802327,0.9958534106917726
visualizing_soil,resistivity,8641.0,0.3496,0.75,0.89,165.63,50.8214,47.8,28.6514,0.5523,-0.0121,19.59,41.775,0.0149,0.3738,0.0036,0.2596,0.0038,0.4141,8.2522,0.0,RandomForest,1.0,1.0,1.0,1.0,1.0,1.0,1.0,1.0,1.0
visualizing_soil,resistivity,8641.0,0.3496,0.75,0.89,165.63,50.8214,47.8,28.6514,0.5523,-0.0121,19.59,41.775,0.0149,0.3738,0.0036,0.2596,0.0038,0.4141,8.2522,0.0,AdaBoost,0.999903583372388,0.999903583372388,0.999903583372388,0.999903583372388,0.999903583372388,0.999903583372388,0.999903583372388,0.999903583372388,0.999903583372388
visualizing_soil,resistivity,8641.0,0.3496,0.75,0.89,165.63,50.8214,47.8,28.6514,0.5523,-0.0121,19.59,41.775,0.0149,0.3738,0.0036,0.2596,0.0038,0.4141,8.2522,0.0,SVC,0.9992286673206761,0.9992286686140224,0.9987464526545635,0.9996143314259653,0.9993250559334299,0.9995179271298053,0.9994215105901105,0.9994215173239895,0.9988429754615609
visualizing_soil,resistivity,8641.0,0.2985,0.7402,0.89,166.01,51.0989,47.83,28.925,0.5684,0.0075,19.595,41.8375,0.0112,0.3604,0.0072,0.248,0.001,0.3989,8.3121,0.0,DecisionTree,0.999903583372388,0.999903583372388,0.999903583372388,0.999903583372388,0.999903583372388,0.999903583372388,0.999903583372388,0.999903583372388,0.999903583372388
visualizing_soil,resistivity,8641.0,0.2985,0.7402,0.89,166.01,51.0989,47.83,28.925,0.5684,0.0075,19.595,41.8375,0.0112,0.3604,0.0072,0.248,0.001,0.3989,8.3121,0.0,LogisticRegression,0.9986500134200691,0.9985535623970806,0.9987464228377767,0.9990357582641766,0.9989393157526021,0.9986500134200691,0.9986500134200691,0.9985535623970806,0.9989393157526021
visualizing_soil,resistivity,8641.0,0.2985,0.7402,0.89,166.01,51.0989,47.83,28.925,0.5684,0.0075,19.595,41.8375,0.0112,0.3604,0.0072,0.248,0.001,0.3989,8.3121,0.0,KNN,0.9945998071152077,0.9953712649008908,0.995178496243641,0.9948896041482995,0.9953716677675566,0.9945036277857987,0.994889065442714,0.9939242699230265,0.9951787896703742
visualizing_soil,resistivity,8641.0,0.2985,0.7402,0.89,166.01,51.0989,47.83,28.925,0.5684,0.0075,19.595,41.8375,0.0112,0.3604,0.0072,0.248,0.001,0.3989,8.3121,0.0,RandomForest,1.0,1.0,1.0,1.0,1.0,1.0,1.0,1.0,1.0
visualizing_soil,resistivity,8641.0,0.2985,0.7402,0.89,166.01,51.0989,47.83,28.925,0.5684,0.0075,19.595,41.8375,0.0112,0.3604,0.0072,0.248,0.001,0.3989,8.3121,0.0,AdaBoost,0.999903583372388,0.999903583372388,0.999903583372388,0.999903583372388,0.999903583372388,0.999903583372388,0.999903583372388,0.999903583372388,0.999903583372388
visualizing_soil,resistivity,8641.0,0.2985,0.7402,0.89,166.01,51.0989,47.83,28.925,0.5684,0.0075,19.595,41.8375,0.0112,0.3604,0.0072,0.248,0.001,0.3989,8.3121,0.0,SVC,0.999517899993212,0.9989393087740019,0.9991321987440023,0.9990357651002859,0.9995179056694032,0.999421464756993,0.9991321987440023,0.9990357477601931,0.9996143222970151
visualizing_soil,resistivity,8641.0,0.248,0.7211,0.89,166.01,50.682,47.56,28.8923,0.5887,0.0235,19.39,40.78,0.0227,0.3555,0.0014,0.2475,0.0124,0.3972,8.3478,0.0,DecisionTree,0.999903583372388,0.999903583372388,0.999903583372388,0.999903583372388,0.999903583372388,0.999903583372388,0.999903583372388,0.999903583372388,0.999903583372388
visualizing_soil,resistivity,8641.0,0.248,0.7211,0.89,166.01,50.682,47.56,28.8923,0.5887,0.0235,19.39,40.78,0.0227,0.3555,0.0014,0.2475,0.0124,0.3972,8.3478,0.0,LogisticRegression,0.9988428647296136,0.9987464365135093,0.9985535623970806,0.9989393157526021,0.9989393157526021,0.9990357399993534,0.9989393157526021,0.9989392969542054,0.9988428647296136
visualizing_soil,resistivity,8641.0,0.248,0.7211,0.89,166.01,50.682,47.56,28.8923,0.5887,0.0235,19.39,40.78,0.0227,0.3555,0.0014,0.2475,0.0124,0.3972,8.3478,0.0,KNN,0.9951795660296138,0.995179691302208,0.996432657816628,0.9958539766083203,0.9964329984294845,0.9952760694316654,0.9952759865869871,0.9938298255659571,0.9946973341096821
visualizing_soil,resistivity,8641.0,0.248,0.7211,0.89,166.01,50.682,47.56,28.8923,0.5887,0.0235,19.39,40.78,0.0227,0.3555,0.0014,0.2475,0.0124,0.3972,8.3478,0.0,RandomForest,1.0,1.0,1.0,1.0,1.0,1.0,0.9999035897568042,1.0,1.0
visualizing_soil,resistivity,8641.0,0.248,0.7211,0.89,166.01,50.682,47.56,28.8923,0.5887,0.0235,19.39,40.78,0.0227,0.3555,0.0014,0.2475,0.0124,0.3972,8.3478,0.0,AdaBoost,0.999903583372388,0.999903583372388,0.999903583372388,0.999903583372388,0.999903583372388,0.999903583372388,0.999903583372388,0.999903583372388,0.999903583372388
visualizing_soil,resistivity,8641.0,0.248,0.7211,0.89,166.01,50.682,47.56,28.8923,0.5887,0.0235,19.39,40.78,0.0227,0.3555,0.0014,0.2475,0.0124,0.3972,8.3478,0.0,SVC,0.9990357890344896,0.9984572326972602,0.9987464526545635,0.9989393286313277,0.9988428867440111,0.9992286378323912,0.9992286484347681,0.99874646266228,0.9991321959450747
visualizing_soil,resistivity,8641.0,0.1944,0.7105,0.89,166.01,50.8838,47.8,28.641,0.5564,-0.0095,19.42,41.5,0.0016,0.3586,0.0143,0.2469,0.0116,0.3966,8.4,0.0,DecisionTree,0.999903583372388,0.999903583372388,0.999903583372388,0.999903583372388,0.999903583372388,0.999903583372388,0.999903583372388,0.999903583372388,0.999903583372388
visualizing_soil,resistivity,8641.0,0.1944,0.7105,0.89,166.01,50.8838,47.8,28.641,0.5564,-0.0095,19.42,41.5,0.0016,0.3586,0.0143,0.2469,0.0116,0.3966,8.4,0.0,LogisticRegression,0.9987464559316436,0.9987464228377767,0.9988428727074541,0.9991321825109278,0.9991321825109278,0.9986500134200691,0.9986500134200691,0.9989392895961025,0.9989393300480722
visualizing_soil,resistivity,8641.0,0.1944,0.7105,0.89,166.01,50.8838,47.8,28.641,0.5564,-0.0095,19.42,41.5,0.0016,0.3586,0.0143,0.2469,0.0116,0.3966,8.4,0.0,KNN,0.9946006094808651,0.9954682680933735,0.9963360323749256,0.9958539890969818,0.9953716825552896,0.9945042948639784,0.9946007355353998,0.9941185053704156,0.9946006122343788
visualizing_soil,resistivity,8641.0,0.1944,0.7105,0.89,166.01,50.8838,47.8,28.641,0.5564,-0.0095,19.42,41.5,0.0016,0.3586,0.0143,0.2469,0.0116,0.3966,8.4,0.0,RandomForest,1.0,1.0,1.0,1.0,1.0,1.0,0.9999035897568042,1.0,1.0
visualizing_soil,resistivity,8641.0,0.1944,0.7105,0.89,166.01,50.8838,47.8,28.641,0.5564,-0.0095,19.42,41.5,0.0016,0.3586,0.0143,0.2469,0.0116,0.3966,8.4,0.0,AdaBoost,0.999903583372388,0.999903583372388,0.999903583372388,0.999903583372388,0.999903583372388,0.999903583372388,0.999903583372388,0.999903583372388,0.999903583372388
visualizing_soil,resistivity,8641.0,0.1944,0.7105,0.89,166.01,50.8838,47.8,28.641,0.5564,-0.0095,19.42,41.5,0.0016,0.3586,0.0143,0.2469,0.0116,0.3966,8.4,0.0,SVC,0.9994215249160435,0.9991321705597007,0.9993250583226718,0.999614322679165,0.9995179056694032,0.9994215046163463,0.9996143246030027,0.9991321644694824,0.9992286315017691
visualizing_soil,resistivity,8641.0,0.1465,0.6974,0.89,166.01,50.7781,47.66,28.8332,0.5581,-0.031,19.47,41.525,0.0114,0.3577,0.0081,0.2481,0.0026,0.397,8.4344,0.0,DecisionTree,0.999903583372388,0.999903583372388,0.999903583372388,0.999903583372388,0.999903583372388,0.999903583372388,0.999903583372388,0.999903583372388,0.999903583372388
visualizing_soil,resistivity,8641.0,0.1465,0.6974,0.89,166.01,50.7781,47.66,28.8332,0.5581,-0.031,19.47,41.525,0.0114,0.3577,0.0081,0.2481,0.0026,0.397,8.4344,0.0,LogisticRegression,0.9989393157526021,0.9991321825109278,0.9989393157526021,0.9991321825109278,0.9991321825109278,0.9989393157526021,0.9989393157526021,0.9992285995206895,0.9989393157526021
visualizing_soil,resistivity,8641.0,0.1465,0.6974,0.89,166.01,50.7781,47.66,28.8332,0.5581,-0.031,19.47,41.525,0.0114,0.3577,0.0081,0.2481,0.0026,0.397,8.4344,0.0,KNN,0.9945045684084359,0.9949862100628586,0.9953720183273309,0.9939260637379367,0.9948902660892285,0.9941182992185963,0.9946971841574673,0.9929612714223925,0.9945040978304601
visualizing_soil,resistivity,8641.0,0.1465,0.6974,0.89,166.01,50.7781,47.66,28.8332,0.5581,-0.031,19.47,41.525,0.0114,0.3577,0.0081,0.2481,0.0026,0.397,8.4344,0.0,RandomForest,1.0,1.0,1.0,1.0,1.0,1.0,0.9999035897568042,1.0,1.0
visualizing_soil,resistivity,8641.0,0.1465,0.6974,0.89,166.01,50.7781,47.66,28.8332,0.5581,-0.031,19.47,41.525,0.0114,0.3577,0.0081,0.2481,0.0026,0.397,8.4344,0.0,AdaBoost,0.999903583372388,0.999903583372388,0.999903583372388,0.999903583372388,0.999903583372388,0.999903583372388,0.999903583372388,0.999903583372388,0.999903583372388
visualizing_soil,resistivity,8641.0,0.1465,0.6974,0.89,166.01,50.7781,47.66,28.8332,0.5581,-0.031,19.47,41.525,0.0114,0.3577,0.0081,0.2481,0.0026,0.397,8.4344,0.0,SVC,0.9997107488497541,0.9993250404462466,0.9996143222970151,0.9998071654773659,0.9997107397208038,0.999614325749774,0.999807160272408,0.999421472293027,0.9997107397208038
visualizing_soil,resistivity,8641.0,0.1009,0.6848,0.89,166.01,50.6493,47.63,28.6287,0.5665,-0.002,19.28,40.77,0.0167,0.3592,0.005,0.2492,0.0026,0.3986,8.4637,0.0,DecisionTree,0.999903583372388,0.999903583372388,0.999903583372388,0.999903583372388,0.999903583372388,0.999903583372388,0.999903583372388,0.999903583372388,0.999903583372388
visualizing_soil,resistivity,8641.0,0.1009,0.6848,0.89,166.01,50.6493,47.63,28.6287,0.5665,-0.002,19.28,40.77,0.0167,0.3592,0.005,0.2492,0.0026,0.3986,8.4637,0.0,LogisticRegression,0.9988428727074541,0.9984571056147441,0.9987464228377767,0.9989393157526021,0.9989393157526021,0.9989393152190286,0.9990357582641766,0.9984571056147441,0.9989393157526021
visualizing_soil,resistivity,8641.0,0.1009,0.6848,0.89,166.01,50.6493,47.63,28.6287,0.5665,-0.002,19.28,40.77,0.0167,0.3592,0.005,0.2492,0.0026,0.3986,8.4637,0.0,KNN,0.9948896089998629,0.9941181721691373,0.9946966484976947,0.9946965330021301,0.9952751842836656,0.9946968785684658,0.9945038019661611,0.9937324360598125,0.9946002302084667
visualizing_soil,resistivity,8641.0,0.1009,0.6848,0.89,166.01,50.6493,47.63,28.6287,0.5665,-0.002,19.28,40.77,0.0167,0.3592,0.005,0.2492,0.0026,0.3986,8.4637,0.0,RandomForest,1.0,1.0,1.0,1.0,1.0,1.0,0.9999035897568042,1.0,1.0
visualizing_soil,resistivity,8641.0,0.1009,0.6848,0.89,166.01,50.6493,47.63,28.6287,0.5665,-0.002,19.28,40.77,0.0167,0.3592,0.005,0.2492,0.0026,0.3986,8.4637,0.0,AdaBoost,0.999903583372388,0.999903583372388,0.999903583372388,0.999903583372388,0.999903583372388,0.999903583372388,0.999903583372388,0.999903583372388,0.999903583372388
visualizing_soil,resistivity,8641.0,0.1009,0.6848,0.89,166.01,50.6493,47.63,28.6287,0.5665,-0.002,19.28,40.77,0.0167,0.3592,0.005,0.2492,0.0026,0.3986,8.4637,0.0,SVC,0.9993250712087676,0.9990358187903249,0.9991322012612351,0.9993250465364649,0.9994214801801813,0.9994214886325563,0.9993250712087676,0.9992286378323912,0.9993250583226718
visualizing_soil,resistivity,8641.0,0.0491,0.6749,0.89,166.01,50.9508,47.89,28.7939,0.5589,0.003,19.49,41.53,0.0179,0.3559,0.0035,0.2463,0.0045,0.3945,8.5021,0.0,DecisionTree,0.999903583372388,0.999903583372388,0.999903583372388,0.999903583372388,0.999903583372388,0.999903583372388,0.999903583372388,0.999903583372388,0.999903583372388
visualizing_soil,resistivity,8641.0,0.0491,0.6749,0.89,166.01,50.9508,47.89,28.7939,0.5589,0.003,19.49,41.53,0.0179,0.3559,0.0035,0.2463,0.0045,0.3945,8.5021,0.0,LogisticRegression,0.9989393157526021,0.9989393157526021,0.9988428727074541,0.9988428727074541,0.9988428727074541,0.9989393157526021,0.9989393157526021,0.9989393157526021,0.9988428727074541
visualizing_soil,resistivity,8641.0,0.0491,0.6749,0.89,166.01,50.9508,47.89,28.7939,0.5589,0.003,19.49,41.53,0.0179,0.3559,0.0035,0.2463,0.0045,0.3945,8.5021,0.0,KNN,0.9960469278891639,0.9955644924285413,0.995854059765997,0.9952754012788496,0.9959503498644963,0.9955645873279495,0.9955645873279495,0.9947929781228493,0.9957574175107601
visualizing_soil,resistivity,8641.0,0.0491,0.6749,0.89,166.01,50.9508,47.89,28.7939,0.5589,0.003,19.49,41.53,0.0179,0.3559,0.0035,0.2463,0.0045,0.3945,8.5021,0.0,RandomForest,1.0,1.0,1.0,1.0,1.0,1.0,0.9999035897568042,1.0,1.0
visualizing_soil,resistivity,8641.0,0.0491,0.6749,0.89,166.01,50.9508,47.89,28.7939,0.5589,0.003,19.49,41.53,0.0179,0.3559,0.0035,0.2463,0.0045,0.3945,8.5021,0.0,AdaBoost,0.999903583372388,0.999903583372388,0.999903583372388,0.999903583372388,0.999903583372388,0.999903583372388,0.999903583372388,0.999903583372388,0.999903583372388
visualizing_soil,resistivity,8641.0,0.0491,0.6749,0.89,166.01,50.9508,47.89,28.7939,0.5589,0.003,19.49,41.53,0.0179,0.3559,0.0035,0.2463,0.0045,0.3945,8.5021,0.0,SVC,0.9991322015950634,0.9988429016484712,0.9991321853750241,0.9990357622750441,0.9989393157863231,0.9991322150920325,0.9991322150920325,0.9986500061658427,0.9992286243612152
