name,column_name,n_tuples,missing_perc,uniqueness,min,max,mean,median,std,skewness,kurtosis,mad,iqr,p_min,p_max,k_min,k_max,s_min,s_max,entropy,density,ml_algorithm,impute_standard,impute_mean,impute_median,impute_random,impute_knn,impute_mice,impute_linear_regression,impute_random_forest,impute_cmeans
mv,x4,40768.0,0.4964,0.9793,-7.4998,2.4996,-4.3796,-5.7223,3.0285,0.9618,-0.6161,1.0541,4.9023,0.0043,0.7013,0.0038,0.5035,0.0058,0.6672,9.9008,0.0,DecisionTree,0.9524957570796189,0.9477591874883022,0.9524971568720232,0.952516318723906,0.9524957570796189,0.9524954256814108,0.952362317418193,0.9523597385673541,0.9524957570796189
mv,x4,40768.0,0.4964,0.9793,-7.4998,2.4996,-4.3796,-5.7223,3.0285,0.9618,-0.6161,1.0541,4.9023,0.0043,0.7013,0.0038,0.5035,0.0058,0.6672,9.9008,0.0,LogisticRegression,0.9495347139405205,0.9477741159891823,0.9493661132856815,0.9500591451229994,0.950016017191347,0.949311594507446,0.9495307408662665,0.9493545452866079,0.950102229606615
mv,x4,40768.0,0.4964,0.9793,-7.4998,2.4996,-4.3796,-5.7223,3.0285,0.9618,-0.6161,1.0541,4.9023,0.0043,0.7013,0.0038,0.5035,0.0058,0.6672,9.9008,0.0,KNN,0.9499817205534933,0.9481924783203589,0.9491438766897267,0.9496491141534417,0.9491620224306343,0.9500473550034869,0.9500458227197703,0.9489136642588829,0.9492255936424978
mv,x4,40768.0,0.4964,0.9793,-7.4998,2.4996,-4.3796,-5.7223,3.0285,0.9618,-0.6161,1.0541,4.9023,0.0043,0.7013,0.0038,0.5035,0.0058,0.6672,9.9008,0.0,RandomForest,0.9536459063721318,0.9523785012323399,0.9534952712308934,0.9532143301270957,0.9529709940682545,0.9532506239627063,0.953097571342801,0.9533100322457599,0.9532047726021645
mv,x4,40768.0,0.4964,0.9793,-7.4998,2.4996,-4.3796,-5.7223,3.0285,0.9618,-0.6161,1.0541,4.9023,0.0043,0.7013,0.0038,0.5035,0.0058,0.6672,9.9008,0.0,AdaBoost,0.9521514108427955,0.9495464756270419,0.9525694807256251,0.9526809760687052,0.9525589174454365,0.95226350808849,0.9522475532579819,0.9522128336466948,0.9523615302900803
mv,x4,40768.0,0.4964,0.9793,-7.4998,2.4996,-4.3796,-5.7223,3.0285,0.9618,-0.6161,1.0541,4.9023,0.0043,0.7013,0.0038,0.5035,0.0058,0.6672,9.9008,0.0,SVC,0.9135397605615743,0.9068682682265272,0.9271340344134479,0.9273670490044527,0.9274526568268737,0.9180137736693539,0.914288123424136,0.9120426733076911,0.9272299361782144
mv,x4,40768.0,0.4467,0.9754,-7.4998,2.4996,-4.3976,-5.7359,3.0265,0.9743,-0.5892,1.041,4.9079,0.0018,0.7036,0.0005,0.4994,0.0008,0.662,9.9893,0.0,DecisionTree,0.9530739709450188,0.9486772090107596,0.9530544414714621,0.9530537589309245,0.9531372633608132,0.9530739709450188,0.9529934089454848,0.953000434922282,0.9530739709450188
mv,x4,40768.0,0.4467,0.9754,-7.4998,2.4996,-4.3976,-5.7359,3.0265,0.9743,-0.5892,1.041,4.9079,0.0018,0.7036,0.0005,0.4994,0.0008,0.662,9.9893,0.0,LogisticRegression,0.9500578505907227,0.9485429151568574,0.9504088364209393,0.950647902216112,0.9506268191318067,0.9498947243192618,0.9502844869263922,0.9495047937062164,0.9506703164902692
mv,x4,40768.0,0.4467,0.9754,-7.4998,2.4996,-4.3976,-5.7359,3.0265,0.9743,-0.5892,1.041,4.9079,0.0018,0.7036,0.0005,0.4994,0.0008,0.662,9.9893,0.0,KNN,0.9496794734711883,0.9475747460916742,0.9493060058822749,0.949602191570012,0.9493745069886534,0.9495145210667922,0.9495725315599546,0.9492278752352208,0.9489224446428559
mv,x4,40768.0,0.4467,0.9754,-7.4998,2.4996,-4.3976,-5.7359,3.0265,0.9743,-0.5892,1.041,4.9079,0.0018,0.7036,0.0005,0.4994,0.0008,0.662,9.9893,0.0,RandomForest,0.9540591760555638,0.9527017458068139,0.9533497536125306,0.953413972741088,0.9537417318215752,0.9530109739993711,0.9536991088482137,0.9532850631467638,0.9537375362459977
mv,x4,40768.0,0.4467,0.9754,-7.4998,2.4996,-4.3976,-5.7359,3.0265,0.9743,-0.5892,1.041,4.9079,0.0018,0.7036,0.0005,0.4994,0.0008,0.662,9.9893,0.0,AdaBoost,0.9531287046864421,0.9486087388717106,0.9525839259485589,0.9533198431413965,0.9533808757641731,0.953077829641182,0.9530221247342211,0.9529655268719601,0.9533634144793918
mv,x4,40768.0,0.4467,0.9754,-7.4998,2.4996,-4.3976,-5.7359,3.0265,0.9743,-0.5892,1.041,4.9079,0.0018,0.7036,0.0005,0.4994,0.0008,0.662,9.9893,0.0,SVC,0.9157452729996236,0.909880421521004,0.9258297691695745,0.9259075288047867,0.9263256905216627,0.919500442683458,0.9155473003991824,0.9137458100875173,0.9261135950267505
mv,x4,40768.0,0.4004,0.974,-7.4995,2.4997,-4.3915,-5.7351,3.0238,0.9673,-0.6048,1.0412,4.9047,0.0071,0.7008,0.0047,0.5019,0.007,0.6652,10.0677,0.0,DecisionTree,0.9527682423319177,0.9491111222502812,0.953204411526062,0.9527480063957261,0.9527480173885121,0.9527682423319177,0.9532054130601885,0.9526085106441351,0.9528086701765031
mv,x4,40768.0,0.4004,0.974,-7.4995,2.4997,-4.3915,-5.7351,3.0238,0.9673,-0.6048,1.0412,4.9047,0.0071,0.7008,0.0047,0.5019,0.007,0.6652,10.0677,0.0,LogisticRegression,0.950514923615107,0.9481392517791183,0.9507628920313467,0.9512256464443245,0.9511221881289118,0.9499607058346008,0.9508021800797831,0.9499847546956358,0.951145937250659
mv,x4,40768.0,0.4004,0.974,-7.4995,2.4997,-4.3915,-5.7351,3.0238,0.9673,-0.6048,1.0412,4.9047,0.0071,0.7008,0.0047,0.5019,0.007,0.6652,10.0677,0.0,KNN,0.9505938081871863,0.9483709984978423,0.9493516762793592,0.9506883686654524,0.9503155414741316,0.9502291221668712,0.9505574254840679,0.9493261118007609,0.9505069318740134
mv,x4,40768.0,0.4004,0.974,-7.4995,2.4997,-4.3915,-5.7351,3.0238,0.9673,-0.6048,1.0412,4.9047,0.0071,0.7008,0.0047,0.5019,0.007,0.6652,10.0677,0.0,RandomForest,0.9539314319322827,0.9518928790272507,0.9534381562920737,0.9532146284705276,0.9534163873206716,0.9525425996937519,0.954296405722713,0.9537367077439349,0.9532947693536795
mv,x4,40768.0,0.4004,0.974,-7.4995,2.4997,-4.3915,-5.7351,3.0238,0.9673,-0.6048,1.0412,4.9047,0.0071,0.7008,0.0047,0.5019,0.007,0.6652,10.0677,0.0,AdaBoost,0.9538114450210063,0.9495643114511879,0.9537111649898053,0.9534794601750457,0.9534996062200308,0.9533797620022286,0.9536885548976557,0.9529638865760052,0.9534991776039554
mv,x4,40768.0,0.4004,0.974,-7.4995,2.4997,-4.3915,-5.7351,3.0238,0.9673,-0.6048,1.0412,4.9047,0.0071,0.7008,0.0047,0.5019,0.007,0.6652,10.0677,0.0,SVC,0.916251048599268,0.9106378933776833,0.9247142922998682,0.924081332826364,0.9242335157124215,0.9191166030074015,0.9179853392048506,0.9153840386936952,0.924465313615703
mv,x4,40768.0,0.3479,0.9728,-7.4999,2.4997,-4.4019,-5.737,3.0305,0.9731,-0.5919,1.0558,4.8984,0.011,0.7005,0.008,0.4989,0.012,0.6618,10.1501,0.0,DecisionTree,0.9541439609963827,0.9491153485247299,0.9539215190813759,0.9541439609963827,0.9540836027798797,0.9541439609963827,0.9541439609963827,0.9538839176794377,0.9541439609963827
mv,x4,40768.0,0.3479,0.9728,-7.4999,2.4997,-4.4019,-5.737,3.0305,0.9731,-0.5919,1.0558,4.8984,0.011,0.7005,0.008,0.4989,0.012,0.6618,10.1501,0.0,LogisticRegression,0.9513301557446613,0.949186870266594,0.9509547527890057,0.9514023945672598,0.9514681194344803,0.9509437984555211,0.9517177857086904,0.9504970524628211,0.9515074273222849
mv,x4,40768.0,0.3479,0.9728,-7.4999,2.4997,-4.4019,-5.737,3.0305,0.9731,-0.5919,1.0558,4.8984,0.011,0.7005,0.008,0.4989,0.012,0.6618,10.1501,0.0,KNN,0.9515230574450392,0.9490706558617044,0.9491234176381813,0.9504216382285267,0.9504685713235215,0.9513255454250962,0.9512997024047425,0.9507152287613204,0.9501412929014903
mv,x4,40768.0,0.3479,0.9728,-7.4999,2.4997,-4.4019,-5.737,3.0305,0.9731,-0.5919,1.0558,4.8984,0.011,0.7005,0.008,0.4989,0.012,0.6618,10.1501,0.0,RandomForest,0.9551327404378515,0.9548757752436416,0.9548950189932481,0.9550760758821544,0.9556035567833377,0.9549392663682961,0.9553611870774359,0.9550690143484237,0.9548911790020214
mv,x4,40768.0,0.3479,0.9728,-7.4999,2.4997,-4.4019,-5.737,3.0305,0.9731,-0.5919,1.0558,4.8984,0.011,0.7005,0.008,0.4989,0.012,0.6618,10.1501,0.0,AdaBoost,0.9543282019446644,0.9524310119328662,0.9545122020021686,0.9545995062568471,0.9546186893776418,0.9548499200321866,0.9545371564002609,0.9542935564233099,0.954356817287771
mv,x4,40768.0,0.3479,0.9728,-7.4999,2.4997,-4.4019,-5.737,3.0305,0.9731,-0.5919,1.0558,4.8984,0.011,0.7005,0.008,0.4989,0.012,0.6618,10.1501,0.0,SVC,0.9160816243949971,0.9098541227214143,0.9242455379463165,0.9242263652691665,0.924335329499991,0.9177356708482072,0.917499873873741,0.9152251268948597,0.9238901259235982
mv,x4,40768.0,0.3016,0.9693,-7.4999,2.4997,-4.3873,-5.7304,3.0274,0.9696,-0.5957,1.049,4.8892,0.0101,0.7007,0.0066,0.4975,0.0099,0.6603,10.2136,0.0,DecisionTree,0.9543070795647641,0.9514346554939632,0.9537856937972232,0.9542666103063304,0.9542868502666602,0.9543070795647641,0.9542467158510362,0.9541127165914163,0.9542059786172012
mv,x4,40768.0,0.3016,0.9693,-7.4999,2.4997,-4.3873,-5.7304,3.0274,0.9696,-0.5957,1.049,4.8892,0.0101,0.7007,0.0066,0.4975,0.0099,0.6603,10.2136,0.0,LogisticRegression,0.9515121416498356,0.9497738917807653,0.9510370243872217,0.9514075064806773,0.9514479838917436,0.9512662708311739,0.9515484427416381,0.9511638315293889,0.9516505814639373
mv,x4,40768.0,0.3016,0.9693,-7.4999,2.4997,-4.3873,-5.7304,3.0274,0.9696,-0.5957,1.049,4.8892,0.0101,0.7007,0.0066,0.4975,0.0099,0.6603,10.2136,0.0,KNN,0.951290648414614,0.950369374790337,0.9514091966785146,0.9507938424702327,0.9510849442083458,0.9510261149823411,0.9508051341550041,0.9508428740229931,0.9509202336205544
mv,x4,40768.0,0.3016,0.9693,-7.4999,2.4997,-4.3873,-5.7304,3.0274,0.9696,-0.5957,1.049,4.8892,0.0101,0.7007,0.0066,0.4975,0.0099,0.6603,10.2136,0.0,RandomForest,0.9550885507940639,0.9541131068772835,0.9541394797115039,0.954805288576605,0.9547988939455213,0.9548690325446773,0.9549292979710511,0.9551480046616057,0.9543006102131572
mv,x4,40768.0,0.3016,0.9693,-7.4999,2.4997,-4.3873,-5.7304,3.0274,0.9696,-0.5957,1.049,4.8892,0.0101,0.7007,0.0066,0.4975,0.0099,0.6603,10.2136,0.0,AdaBoost,0.9547642081305773,0.9528348119555475,0.9542291914571589,0.9541239737251207,0.9546594108138319,0.954164077289648,0.9545320926118667,0.9540622656276139,0.9540322481781014
mv,x4,40768.0,0.3016,0.9693,-7.4999,2.4997,-4.3873,-5.7304,3.0274,0.9696,-0.5957,1.049,4.8892,0.0101,0.7007,0.0066,0.4975,0.0099,0.6603,10.2136,0.0,SVC,0.9185421435221611,0.9117073602135302,0.9233017713306708,0.9236121544724741,0.9236551086085458,0.9192485099957023,0.9199939620252303,0.917515250077507,0.9233594362600888
mv,x4,40768.0,0.2511,0.9685,-7.4995,2.4997,-4.3856,-5.7235,3.0264,0.9702,-0.5961,1.0513,4.8822,0.0063,0.7011,0.0049,0.5009,0.0073,0.6644,10.2823,0.0,DecisionTree,0.9548828388108601,0.9509211072933414,0.9547817150458513,0.9547213451882606,0.9548423904525176,0.9548211727489624,0.9544379650174053,0.9547434749369945,0.9547618246116597
mv,x4,40768.0,0.2511,0.9685,-7.4995,2.4997,-4.3856,-5.7235,3.0264,0.9702,-0.5961,1.0513,4.8822,0.0063,0.7011,0.0049,0.5009,0.0073,0.6644,10.2823,0.0,LogisticRegression,0.9516731175333181,0.9498163657203077,0.9513262712081604,0.9517732332465585,0.9519191499090447,0.951389710090916,0.9517765237336387,0.9515137708686965,0.9519778486075334
mv,x4,40768.0,0.2511,0.9685,-7.4995,2.4997,-4.3856,-5.7235,3.0264,0.9702,-0.5961,1.0513,4.8822,0.0063,0.7011,0.0049,0.5009,0.0073,0.6644,10.2823,0.0,KNN,0.9503084442782684,0.9491158467945768,0.9518602296102768,0.951637493248582,0.9514111880965231,0.9503638313924377,0.9501477159339493,0.9512062011088745,0.9508833467998214
mv,x4,40768.0,0.2511,0.9685,-7.4995,2.4997,-4.3856,-5.7235,3.0264,0.9702,-0.5961,1.0513,4.8822,0.0063,0.7011,0.0049,0.5009,0.0073,0.6644,10.2823,0.0,RandomForest,0.9557507357588112,0.9537553536803405,0.9550693291457817,0.9561243564368622,0.9554971375161573,0.9555931680374335,0.9559398537520956,0.9556953278036943,0.9556367761746667
mv,x4,40768.0,0.2511,0.9685,-7.4995,2.4997,-4.3856,-5.7235,3.0264,0.9702,-0.5961,1.0513,4.8822,0.0063,0.7011,0.0049,0.5009,0.0073,0.6644,10.2823,0.0,AdaBoost,0.9552728647491696,0.9537058336806098,0.9551534298152404,0.9551722432360666,0.9548294519188149,0.9550391682176604,0.9553555949190138,0.9548274643547874,0.9552664103487263
mv,x4,40768.0,0.2511,0.9685,-7.4995,2.4997,-4.3856,-5.7235,3.0264,0.9702,-0.5961,1.0513,4.8822,0.0063,0.7011,0.0049,0.5009,0.0073,0.6644,10.2823,0.0,SVC,0.9195575629966455,0.91302931060896,0.9225453701411824,0.9227640770761066,0.9228043129680168,0.9195440523254581,0.9207537559933858,0.9188007442634029,0.9224279792381401
mv,x4,40768.0,0.2015,0.966,-7.4999,2.4997,-4.3903,-5.7251,3.0237,0.9679,-0.6019,1.0544,4.9013,0.008,0.7009,0.0061,0.5003,0.0092,0.6631,10.3428,0.0,DecisionTree,0.955503603346177,0.9521345341872427,0.9554229938583627,0.9554833787158106,0.9554836740367698,0.955503603346177,0.9549432256095192,0.9556488056319825,0.9554833787158106
mv,x4,40768.0,0.2015,0.966,-7.4999,2.4997,-4.3903,-5.7251,3.0237,0.9679,-0.6019,1.0544,4.9013,0.008,0.7009,0.0061,0.5003,0.0092,0.6631,10.3428,0.0,LogisticRegression,0.9517976441853083,0.9503715342121442,0.9516705970755797,0.9518756438126316,0.9518558176406877,0.9517593321381685,0.9514471038334481,0.9514293704129997,0.9518334874786591
mv,x4,40768.0,0.2015,0.966,-7.4999,2.4997,-4.3903,-5.7251,3.0237,0.9679,-0.6019,1.0544,4.9013,0.008,0.7009,0.0061,0.5003,0.0092,0.6631,10.3428,0.0,KNN,0.9532236607727645,0.9518817938559261,0.9530909667046432,0.9535080453612312,0.9527924531403098,0.9533884465787669,0.9534325284075048,0.9532722703004588,0.9533814781091501
mv,x4,40768.0,0.2015,0.966,-7.4999,2.4997,-4.3903,-5.7251,3.0237,0.9679,-0.6019,1.0544,4.9013,0.008,0.7009,0.0061,0.5003,0.0092,0.6631,10.3428,0.0,RandomForest,0.9571230525673722,0.9556847179336007,0.9560577949378156,0.956517078889792,0.9564837713254798,0.9564824288398162,0.9575253469415148,0.9572033784879277,0.9562970922927978
mv,x4,40768.0,0.2015,0.966,-7.4999,2.4997,-4.3903,-5.7251,3.0237,0.9679,-0.6019,1.0544,4.9013,0.008,0.7009,0.0061,0.5003,0.0092,0.6631,10.3428,0.0,AdaBoost,0.9558813929533123,0.9535563770513261,0.9554586776527227,0.9563134074794706,0.9565397916232901,0.9559765727157683,0.9558929867478675,0.956252430260215,0.9562763639886201
mv,x4,40768.0,0.2015,0.966,-7.4999,2.4997,-4.3903,-5.7251,3.0237,0.9679,-0.6019,1.0544,4.9013,0.008,0.7009,0.0061,0.5003,0.0092,0.6631,10.3428,0.0,SVC,0.9207493467399961,0.9145112156641454,0.9216097792860624,0.921246974676958,0.9213349062472145,0.9195583275266891,0.9212557971173901,0.9206516891491439,0.9212068677462728
mv,x4,40768.0,0.1509,0.9623,-7.4999,2.4997,-4.4004,-5.7311,3.0201,0.9766,-0.5813,1.0442,4.8744,0.0049,0.7009,0.0038,0.4999,0.0058,0.6628,10.399,0.0,DecisionTree,0.9558083343369211,0.9537179323179874,0.9557476507877499,0.9558083343369211,0.9558083343369211,0.9558083343369211,0.9558083343369211,0.9556906143261082,0.9558288720656525
mv,x4,40768.0,0.1509,0.9623,-7.4999,2.4997,-4.4004,-5.7311,3.0201,0.9766,-0.5813,1.0442,4.8744,0.0049,0.7009,0.0038,0.4999,0.0058,0.6628,10.399,0.0,LogisticRegression,0.95241603998349,0.951495646131046,0.952579145268164,0.9527007505355211,0.9524973333038294,0.952334627376572,0.9525400252229606,0.9523336404135403,0.9526399789267386
mv,x4,40768.0,0.1509,0.9623,-7.4999,2.4997,-4.4004,-5.7311,3.0201,0.9766,-0.5813,1.0442,4.8744,0.0049,0.7009,0.0038,0.4999,0.0058,0.6628,10.399,0.0,KNN,0.9540301075781413,0.953221354423329,0.9547427565876514,0.9544171977086173,0.954523948660857,0.9540317257546524,0.954355505055459,0.9544359437801474,0.954336218630045
mv,x4,40768.0,0.1509,0.9623,-7.4999,2.4997,-4.4004,-5.7311,3.0201,0.9766,-0.5813,1.0442,4.8744,0.0049,0.7009,0.0038,0.4999,0.0058,0.6628,10.399,0.0,RandomForest,0.9573915623609107,0.9567794253535057,0.9571583145480176,0.9572123874403513,0.9570519899034386,0.9573597078436351,0.9576492037741382,0.9573688394785859,0.9571511338170022
mv,x4,40768.0,0.1509,0.9623,-7.4999,2.4997,-4.4004,-5.7311,3.0201,0.9766,-0.5813,1.0442,4.8744,0.0049,0.7009,0.0038,0.4999,0.0058,0.6628,10.399,0.0,AdaBoost,0.9566102171101645,0.95582038170858,0.9565753679229451,0.9565908871675344,0.9564423461366429,0.9563017375711372,0.9563200311759301,0.9562974190382663,0.9563408623598586
mv,x4,40768.0,0.1509,0.9623,-7.4999,2.4997,-4.4004,-5.7311,3.0201,0.9766,-0.5813,1.0442,4.8744,0.0049,0.7009,0.0038,0.4999,0.0058,0.6628,10.399,0.0,SVC,0.9202871684901667,0.9147867333435824,0.9203166972560253,0.920747351962885,0.9206723210215442,0.9184824799632494,0.9199691886352747,0.9202325284688886,0.9206037852261568
mv,x4,40768.0,0.101,0.9617,-7.4999,2.4997,-4.3908,-5.726,3.0249,0.9691,-0.5967,1.0548,4.8927,0.0044,0.702,0.0041,0.5011,0.0062,0.6642,10.4553,0.0,DecisionTree,0.9566523142590817,0.9546165944995856,0.9565514547005521,0.9565517355077542,0.9565916319965806,0.9566523142590817,0.9566523142590817,0.9564512138075305,0.9564906844286228
mv,x4,40768.0,0.101,0.9617,-7.4999,2.4997,-4.3908,-5.726,3.0249,0.9691,-0.5967,1.0548,4.8927,0.0044,0.702,0.0041,0.5011,0.0062,0.6642,10.4553,0.0,LogisticRegression,0.9527832859279104,0.9515570499944979,0.9529237974451394,0.9531094140380257,0.9531300591815208,0.9527007345202512,0.9527618216867411,0.9526391518051287,0.9531499349890784
mv,x4,40768.0,0.101,0.9617,-7.4999,2.4997,-4.3908,-5.726,3.0249,0.9691,-0.5967,1.0548,4.8927,0.0044,0.702,0.0041,0.5011,0.0062,0.6642,10.4553,0.0,KNN,0.9543754334943285,0.9531306079672275,0.954309243483516,0.9541524712905266,0.9545439893291229,0.9544355013117698,0.9541106833654016,0.9541168240284892,0.9542539196454007
mv,x4,40768.0,0.101,0.9617,-7.4999,2.4997,-4.3908,-5.726,3.0249,0.9691,-0.5967,1.0548,4.8927,0.0044,0.702,0.0041,0.5011,0.0062,0.6642,10.4553,0.0,RandomForest,0.9580904526799972,0.956635452887374,0.9585071677035621,0.9582826107497487,0.958360139962463,0.957812925990976,0.9584016332220083,0.9583257798688357,0.9584838320076622
mv,x4,40768.0,0.101,0.9617,-7.4999,2.4997,-4.3908,-5.726,3.0249,0.9691,-0.5967,1.0548,4.8927,0.0044,0.702,0.0041,0.5011,0.0062,0.6642,10.4553,0.0,AdaBoost,0.9577449549363148,0.9561640519469627,0.9568961485438057,0.9570785065250738,0.9569765209521524,0.956970716155946,0.9571615169478591,0.957099572727633,0.9568209872213548
mv,x4,40768.0,0.101,0.9617,-7.4999,2.4997,-4.3908,-5.726,3.0249,0.9691,-0.5967,1.0548,4.8927,0.0044,0.702,0.0041,0.5011,0.0062,0.6642,10.4553,0.0,SVC,0.9210961989691048,0.9162275526385582,0.9189833141377026,0.9191668328925314,0.9193062910261646,0.9187911615811766,0.9209801649805673,0.9204184622102762,0.9194268936679044
mv,x4,40768.0,0.0508,0.9585,-7.4999,2.4997,-4.397,-5.7301,3.023,0.9748,-0.5861,1.0456,4.877,0.0055,0.701,0.005,0.4995,0.0075,0.6624,10.5049,0.0,DecisionTree,0.9571875703404844,0.9562934567124168,0.9571297583356483,0.9571875703404844,0.9571875703404844,0.9571875703404844,0.9571875703404844,0.9571682046242143,0.9571875703404844
mv,x4,40768.0,0.0508,0.9585,-7.4999,2.4997,-4.397,-5.7301,3.023,0.9748,-0.5861,1.0456,4.877,0.0055,0.701,0.005,0.4995,0.0075,0.6624,10.5049,0.0,LogisticRegression,0.9534967361996234,0.952846273034357,0.9534133089548023,0.9533731934447846,0.9534141154362172,0.9532930343672519,0.9534760831503443,0.9532731678841728,0.9532707525055573
mv,x4,40768.0,0.0508,0.9585,-7.4999,2.4997,-4.397,-5.7301,3.023,0.9748,-0.5861,1.0456,4.877,0.0055,0.701,0.005,0.4995,0.0075,0.6624,10.5049,0.0,KNN,0.9552650871546493,0.9550370064275625,0.9554569597058912,0.9556821817246954,0.9555417251034336,0.9552672503477377,0.9552867773471043,0.9551912505371936,0.9552352520644013
mv,x4,40768.0,0.0508,0.9585,-7.4999,2.4997,-4.397,-5.7301,3.023,0.9748,-0.5861,1.0456,4.877,0.0055,0.701,0.005,0.4995,0.0075,0.6624,10.5049,0.0,RandomForest,0.9591280372660133,0.9580154991915658,0.9591463316983145,0.9591274842672398,0.9591863880217034,0.9587207578557049,0.9594487349272831,0.9591671683430637,0.9592649793088421
mv,x4,40768.0,0.0508,0.9585,-7.4999,2.4997,-4.397,-5.7301,3.023,0.9748,-0.5861,1.0456,4.877,0.0055,0.701,0.005,0.4995,0.0075,0.6624,10.5049,0.0,AdaBoost,0.9577644505548104,0.9575262493292009,0.957982334841697,0.9579329670745694,0.9572782726518312,0.9573319221931555,0.9576587134543253,0.9578318556071963,0.957579998865523
mv,x4,40768.0,0.0508,0.9585,-7.4999,2.4997,-4.397,-5.7301,3.023,0.9748,-0.5861,1.0456,4.877,0.0055,0.701,0.005,0.4995,0.0075,0.6624,10.5049,0.0,SVC,0.9193049483014153,0.9176557108097625,0.9193611901202429,0.9195082595361783,0.919509669734019,0.918894486405726,0.9195167112466112,0.9195509264099342,0.9193688834096154
mv,x5,40768.0,0.5023,0.9953,-0.9999,1.0,-0.0025,0.0042,0.5777,-0.0014,-1.2031,0.501,1.0016,0.0102,0.0158,0.0067,0.011,0.0101,0.0165,9.9113,0.0,DecisionTree,0.9575823378512587,0.9575823378512587,0.9576191649996149,0.9576191649996149,0.9576191649996149,0.9576191649996149,0.9576191649996149,0.9575823378512587,0.9576191649996149
mv,x5,40768.0,0.5023,0.9953,-0.9999,1.0,-0.0025,0.0042,0.5777,-0.0014,-1.2031,0.501,1.0016,0.0102,0.0158,0.0067,0.011,0.0101,0.0165,9.9113,0.0,LogisticRegression,0.9536187403417669,0.9535571497323778,0.9535162241382777,0.9535571714001453,0.9535571714001453,0.9535571714001453,0.9535984512052732,0.9536183284362303,0.953618734897439
mv,x5,40768.0,0.5023,0.9953,-0.9999,1.0,-0.0025,0.0042,0.5777,-0.0014,-1.2031,0.501,1.0016,0.0102,0.0158,0.0067,0.011,0.0101,0.0165,9.9113,0.0,KNN,0.9572694355434229,0.9569634789821824,0.9572606592482215,0.9575756340906033,0.9572918455325616,0.9575762789818729,0.9577346934977269,0.9561212899612603,0.957637679391198
mv,x5,40768.0,0.5023,0.9953,-0.9999,1.0,-0.0025,0.0042,0.5777,-0.0014,-1.2031,0.501,1.0016,0.0102,0.0158,0.0067,0.011,0.0101,0.0165,9.9113,0.0,RandomForest,0.959333304581965,0.9595495287462765,0.9594558213742691,0.9595544906907167,0.9593550969194483,0.9599110029555319,0.9595931427707314,0.9592530059572707,0.9597361520980753
mv,x5,40768.0,0.5023,0.9953,-0.9999,1.0,-0.0025,0.0042,0.5777,-0.0014,-1.2031,0.501,1.0016,0.0102,0.0158,0.0067,0.011,0.0101,0.0165,9.9113,0.0,AdaBoost,0.9580738996758805,0.9583037162337606,0.9579476499248696,0.9580805058973019,0.9581688316857584,0.9579964514967159,0.9581942911323381,0.9578017078735356,0.9582096090034454
mv,x5,40768.0,0.5023,0.9953,-0.9999,1.0,-0.0025,0.0042,0.5777,-0.0014,-1.2031,0.501,1.0016,0.0102,0.0158,0.0067,0.011,0.0101,0.0165,9.9113,0.0,SVC,0.9179681299491267,0.9191859108514402,0.9192826322829794,0.9193796016948867,0.9193796407195023,0.9193178404998467,0.9176241092512164,0.9179846740805643,0.9193831162218992
mv,x5,40768.0,0.4484,0.9951,-0.9999,0.9999,0.0008,0.0071,0.5759,-0.0078,-1.199,0.4972,0.9945,0.0005,0.003,0.0,0.004,0.0,0.006,10.0139,0.0,DecisionTree,0.9575823378512587,0.9575823378512587,0.9576191649996149,0.9576191649996149,0.9576191649996149,0.9576191649996149,0.9576191649996149,0.9575823378512587,0.9576191649996149
mv,x5,40768.0,0.4484,0.9951,-0.9999,0.9999,0.0008,0.0071,0.5759,-0.0078,-1.199,0.4972,0.9945,0.0005,0.003,0.0,0.004,0.0,0.006,10.0139,0.0,LogisticRegression,0.9537199150822908,0.9536794173195628,0.9536591428388285,0.9536798111226756,0.9536595657457778,0.953659143591925,0.9537000442303143,0.9537402224316176,0.9536797895342718
mv,x5,40768.0,0.4484,0.9951,-0.9999,0.9999,0.0008,0.0071,0.5759,-0.0078,-1.199,0.4972,0.9945,0.0005,0.003,0.0,0.004,0.0,0.006,10.0139,0.0,KNN,0.9578828849914721,0.9573541249734778,0.9565116197415415,0.9566839996624023,0.9567863016417582,0.9569311106965702,0.9568845095691547,0.9566990531157833,0.9566860131539529
mv,x5,40768.0,0.4484,0.9951,-0.9999,0.9999,0.0008,0.0071,0.5759,-0.0078,-1.199,0.4972,0.9945,0.0005,0.003,0.0,0.004,0.0,0.006,10.0139,0.0,RandomForest,0.9597026069060701,0.9593643567213463,0.9594578397014152,0.9599168227336021,0.9594272331016602,0.959787984943677,0.959206412450029,0.9596603615502592,0.9598362379163163
mv,x5,40768.0,0.4484,0.9951,-0.9999,0.9999,0.0008,0.0071,0.5759,-0.0078,-1.199,0.4972,0.9945,0.0005,0.003,0.0,0.004,0.0,0.006,10.0139,0.0,AdaBoost,0.9578662155417375,0.958136230305809,0.9584320732374795,0.9579346628908498,0.95800618235927,0.9582332109035423,0.9580318722753526,0.95784604695444,0.9578707327446733
mv,x5,40768.0,0.4484,0.9951,-0.9999,0.9999,0.0008,0.0071,0.5759,-0.0078,-1.199,0.4972,0.9945,0.0005,0.003,0.0,0.004,0.0,0.006,10.0139,0.0,SVC,0.9180377608688425,0.9190568156325308,0.9191784931344519,0.9194199211941665,0.9194615487504972,0.9193997878664898,0.9176872657626465,0.9182535734862096,0.9194171638566896
mv,x5,40768.0,0.4042,0.9946,-0.9999,1.0,-0.0003,0.0061,0.5773,-0.0029,-1.1987,0.4989,0.9988,0.0052,0.0101,0.0032,0.0055,0.0048,0.0083,10.0903,0.0,DecisionTree,0.9575823378512587,0.9575823378512587,0.9576191649996149,0.9576191649996149,0.9576191649996149,0.9576191649996149,0.9576191649996149,0.9575823378512587,0.9576191649996149
mv,x5,40768.0,0.4042,0.9946,-0.9999,1.0,-0.0003,0.0061,0.5773,-0.0029,-1.1987,0.4989,0.9988,0.0052,0.0101,0.0032,0.0055,0.0048,0.0083,10.0903,0.0,LogisticRegression,0.9535162498515515,0.9535579714068219,0.9534959439690281,0.953578180512016,0.9535575152849142,0.9535782149981551,0.9534963581687942,0.9535584022263089,0.9534967442515738
mv,x5,40768.0,0.4042,0.9946,-0.9999,1.0,-0.0003,0.0061,0.5773,-0.0029,-1.1987,0.4989,0.9988,0.0052,0.0101,0.0032,0.0055,0.0048,0.0083,10.0903,0.0,KNN,0.9560081432727301,0.9558569300487474,0.9564431861453538,0.957187908779887,0.957086010303253,0.9570677723945598,0.9566407357645708,0.9558336419702909,0.9569471097719369
mv,x5,40768.0,0.4042,0.9946,-0.9999,1.0,-0.0003,0.0061,0.5773,-0.0029,-1.1987,0.4989,0.9988,0.0052,0.0101,0.0032,0.0055,0.0048,0.0083,10.0903,0.0,RandomForest,0.959479655748701,0.9596198256019544,0.9597375863971354,0.9594530154474322,0.9591510333965012,0.9595105657293298,0.9594936852507723,0.9592363522808147,0.959204985033202
mv,x5,40768.0,0.4042,0.9946,-0.9999,1.0,-0.0003,0.0061,0.5773,-0.0029,-1.1987,0.4989,0.9988,0.0052,0.0101,0.0032,0.0055,0.0048,0.0083,10.0903,0.0,AdaBoost,0.9578207697382345,0.9580454082058585,0.95792863793114,0.9579726421489181,0.9580099894762955,0.9580305271348315,0.9578825628044852,0.957514154474712,0.9579140334210905
mv,x5,40768.0,0.4042,0.9946,-0.9999,1.0,-0.0003,0.0061,0.5773,-0.0029,-1.1987,0.4989,0.9988,0.0052,0.0101,0.0032,0.0055,0.0048,0.0083,10.0903,0.0,SVC,0.918962155705405,0.9195311852806369,0.9192737399967511,0.9191840676436971,0.9191840903977949,0.9192056007691829,0.9166727872273079,0.9189478120154071,0.9192636841505704
mv,x5,40768.0,0.3544,0.9938,-0.9999,1.0,0.0004,0.0048,0.5756,-0.0025,-1.194,0.4973,0.994,0.0047,0.0082,0.0028,0.0049,0.0042,0.0073,10.1693,0.0,DecisionTree,0.9575823378512587,0.9575823378512587,0.9576191649996149,0.9576191649996149,0.9576191649996149,0.9576191649996149,0.9575823378512587,0.9575823378512587,0.9576191649996149
mv,x5,40768.0,0.3544,0.9938,-0.9999,1.0,0.0004,0.0048,0.5756,-0.0025,-1.194,0.4973,0.994,0.0047,0.0082,0.0028,0.0049,0.0042,0.0073,10.1693,0.0,LogisticRegression,0.9536778807774751,0.9536580484504905,0.9536993192097216,0.9536794688590919,0.9536997339356932,0.9536794688590919,0.9536993291378941,0.9537192322354626,0.953740634961505
mv,x5,40768.0,0.3544,0.9938,-0.9999,1.0,0.0004,0.0048,0.5756,-0.0025,-1.194,0.4973,0.994,0.0047,0.0082,0.0028,0.0049,0.0042,0.0073,10.1693,0.0,KNN,0.9565966367699404,0.956126117937525,0.956164686358401,0.9570222304942092,0.9567763752937555,0.9569401735522609,0.9567560396761763,0.9566992513111153,0.9568174679129502
mv,x5,40768.0,0.3544,0.9938,-0.9999,1.0,0.0004,0.0048,0.5756,-0.0025,-1.194,0.4973,0.994,0.0047,0.0082,0.0028,0.0049,0.0042,0.0073,10.1693,0.0,RandomForest,0.9595540702558257,0.9598394961439877,0.959581025541168,0.9598975289904677,0.9592917356877073,0.9595690384736425,0.9592717802531817,0.9593339330588938,0.9599006645787845
mv,x5,40768.0,0.3544,0.9938,-0.9999,1.0,0.0004,0.0048,0.5756,-0.0025,-1.194,0.4973,0.994,0.0047,0.0082,0.0028,0.0049,0.0042,0.0073,10.1693,0.0,AdaBoost,0.9584546981552384,0.958535384305234,0.958195218441045,0.9583201698633919,0.9583883930731311,0.958022229763467,0.9584259006831837,0.9584268263030997,0.9584446318820393
mv,x5,40768.0,0.3544,0.9938,-0.9999,1.0,0.0004,0.0048,0.5756,-0.0025,-1.194,0.4973,0.994,0.0047,0.0082,0.0028,0.0049,0.0042,0.0073,10.1693,0.0,SVC,0.9190773309788824,0.9196694074388654,0.9191468469319333,0.9190248179972582,0.9190054418927015,0.919067846901668,0.9181211759741913,0.9192784104764352,0.9192029966915
mv,x5,40768.0,0.3045,0.9938,-0.9999,1.0,0.0009,0.0076,0.5763,-0.0085,-1.1948,0.4976,0.9974,0.0065,0.0075,0.004,0.006,0.006,0.0091,10.2438,0.0,DecisionTree,0.9575823378512587,0.9575823378512587,0.9576191649996149,0.9576191649996149,0.9576191649996149,0.9576191649996149,0.9575823378512587,0.9575823378512587,0.9576191649996149
mv,x5,40768.0,0.3045,0.9938,-0.9999,1.0,0.0009,0.0076,0.5763,-0.0085,-1.1948,0.4976,0.9974,0.0065,0.0075,0.004,0.006,0.006,0.0091,10.2438,0.0,LogisticRegression,0.9536381191361842,0.9536583255876173,0.9535972312572761,0.9537199730945439,0.9537402347432143,0.9537402387195996,0.9537394275527236,0.9536393102400691,0.9537402387195996
mv,x5,40768.0,0.3045,0.9938,-0.9999,1.0,0.0009,0.0076,0.5763,-0.0085,-1.1948,0.4976,0.9974,0.0065,0.0075,0.004,0.006,0.006,0.0091,10.2438,0.0,KNN,0.9554692777654632,0.9553067533686941,0.9559825816891064,0.9556550334314076,0.9557776202374035,0.9558589566399831,0.955673549112731,0.956055883838431,0.9556576801136176
mv,x5,40768.0,0.3045,0.9938,-0.9999,1.0,0.0009,0.0076,0.5763,-0.0085,-1.1948,0.4976,0.9974,0.0065,0.0075,0.004,0.006,0.006,0.0091,10.2438,0.0,RandomForest,0.9595588055198743,0.9597173292263115,0.9593341015059049,0.9595576676368868,0.9593971053485385,0.9600607640364784,0.9598225539248512,0.9594767195633632,0.9594100204595338
mv,x5,40768.0,0.3045,0.9938,-0.9999,1.0,0.0009,0.0076,0.5763,-0.0085,-1.1948,0.4976,0.9974,0.0065,0.0075,0.004,0.006,0.006,0.0091,10.2438,0.0,AdaBoost,0.9584814343794629,0.9583650529120163,0.9583361991112987,0.9582450043515478,0.9581092223765781,0.958263690633581,0.9581112655248324,0.9580263152230752,0.9580323793872227
mv,x5,40768.0,0.3045,0.9938,-0.9999,1.0,0.0009,0.0076,0.5763,-0.0085,-1.1948,0.4976,0.9974,0.0065,0.0075,0.004,0.006,0.006,0.0091,10.2438,0.0,SVC,0.918490441913912,0.9187558324681384,0.9187148227974777,0.9186717873132892,0.9186724996074686,0.918651685194507,0.917382989875451,0.9183621739748817,0.9187099605702577
mv,x5,40768.0,0.25,0.9929,-0.9999,1.0,-0.0032,0.0004,0.5762,0.0025,-1.1947,0.4974,0.9936,0.0049,0.0069,0.0038,0.0045,0.0058,0.0068,10.3182,0.0,DecisionTree,0.9575823378512587,0.9575823378512587,0.9575989308885395,0.9576191649996149,0.9576191649996149,0.9576191649996149,0.9576191649996149,0.9575823378512587,0.9576191649996149
mv,x5,40768.0,0.25,0.9929,-0.9999,1.0,-0.0032,0.0004,0.5762,0.0025,-1.1947,0.4974,0.9936,0.0049,0.0069,0.0038,0.0045,0.0058,0.0068,10.3182,0.0,LogisticRegression,0.9537199390703055,0.953698900232804,0.9536579987022678,0.9537406020062835,0.9536993012444133,0.9537199615508525,0.9537401980774722,0.9537811188569549,0.953740610456919
mv,x5,40768.0,0.25,0.9929,-0.9999,1.0,-0.0032,0.0004,0.5762,0.0025,-1.1947,0.4974,0.9936,0.0049,0.0069,0.0038,0.0045,0.0058,0.0068,10.3182,0.0,KNN,0.9563613640044406,0.9556329737009024,0.9554886281065715,0.9555922461753938,0.9557571489987137,0.9556125514020004,0.955259147878307,0.9543636584971784,0.9554741389000803
mv,x5,40768.0,0.25,0.9929,-0.9999,1.0,-0.0032,0.0004,0.5762,0.0025,-1.1947,0.4974,0.9936,0.0049,0.0069,0.0038,0.0045,0.0058,0.0068,10.3182,0.0,RandomForest,0.9595776556357586,0.9594331875352872,0.9597176043261608,0.959677696593304,0.9594517882748712,0.9598001156481544,0.9595332108850951,0.9592313769933989,0.9594499587996147
mv,x5,40768.0,0.25,0.9929,-0.9999,1.0,-0.0032,0.0004,0.5762,0.0025,-1.1947,0.4974,0.9936,0.0049,0.0069,0.0038,0.0045,0.0058,0.0068,10.3182,0.0,AdaBoost,0.9588402919508952,0.9586019074263653,0.9581875148736434,0.9582787076580735,0.958168818102994,0.9584685011408499,0.9585976694623829,0.9582496948765109,0.9583099681842118
mv,x5,40768.0,0.25,0.9929,-0.9999,1.0,-0.0032,0.0004,0.5762,0.0025,-1.1947,0.4974,0.9936,0.0049,0.0069,0.0038,0.0045,0.0058,0.0068,10.3182,0.0,SVC,0.9189820519629963,0.9191886424018245,0.9190383363272815,0.9191791339737926,0.9191597210843624,0.9192013744262837,0.9185338163644485,0.918877739617034,0.9193011540334027
mv,x5,40768.0,0.1939,0.9927,-0.9999,1.0,-0.0003,0.0053,0.577,-0.0057,-1.2011,0.4993,1.0,0.0031,0.0037,0.0015,0.0044,0.0022,0.0066,10.39,0.0,DecisionTree,0.9575823378512587,0.9575823378512587,0.9576191649996149,0.9576191649996149,0.9576191649996149,0.9576191649996149,0.9576191649996149,0.9575823378512587,0.9576191649996149
mv,x5,40768.0,0.1939,0.9927,-0.9999,1.0,-0.0003,0.0053,0.577,-0.0057,-1.2011,0.4993,1.0,0.0031,0.0037,0.0015,0.0044,0.0022,0.0066,10.39,0.0,LogisticRegression,0.953658020653125,0.9536580478292492,0.9536993672498616,0.9536993712518921,0.9536786965211185,0.9536786965211185,0.9537402826994251,0.9536171041607111,0.9536993712518921
mv,x5,40768.0,0.1939,0.9927,-0.9999,1.0,-0.0003,0.0053,0.577,-0.0057,-1.2011,0.4993,1.0,0.0031,0.0037,0.0015,0.0044,0.0022,0.0066,10.39,0.0,KNN,0.9558812061171504,0.9557289100374895,0.9555183265164944,0.9556023927731907,0.9554997063891189,0.9554787874517698,0.9554334255557331,0.9559232295421345,0.9559287733608618
mv,x5,40768.0,0.1939,0.9927,-0.9999,1.0,-0.0003,0.0053,0.577,-0.0057,-1.2011,0.4993,1.0,0.0031,0.0037,0.0015,0.0044,0.0022,0.0066,10.39,0.0,RandomForest,0.9592340785407836,0.959172089965006,0.9592321021142831,0.9595777054294667,0.9593087027642364,0.9593093525037791,0.958987964362621,0.95929269531753,0.9591439291361828
mv,x5,40768.0,0.1939,0.9927,-0.9999,1.0,-0.0003,0.0053,0.577,-0.0057,-1.2011,0.4993,1.0,0.0031,0.0037,0.0015,0.0044,0.0022,0.0066,10.39,0.0,AdaBoost,0.9579613575830146,0.9581493193741695,0.9577153365813618,0.9576296706662147,0.9577308659500364,0.9576296706662147,0.9576886169986083,0.9580069183319407,0.9577885557737309
mv,x5,40768.0,0.1939,0.9927,-0.9999,1.0,-0.0003,0.0053,0.577,-0.0057,-1.2011,0.4993,1.0,0.0031,0.0037,0.0015,0.0044,0.0022,0.0066,10.39,0.0,SVC,0.918893833260904,0.9189035446737094,0.9188913371392209,0.918888431550659,0.9189092598271215,0.918889165191507,0.9179140806665204,0.918604385899794,0.9189300266226887
mv,x5,40768.0,0.1489,0.9921,-0.9999,0.9999,-0.0022,0.0024,0.5784,-0.002,-1.2018,0.501,1.0033,0.0068,0.0074,0.0047,0.0052,0.007,0.0078,10.4434,0.0,DecisionTree,0.9575823378512587,0.9575823378512587,0.9576191649996149,0.9576191649996149,0.9576191649996149,0.9576191649996149,0.9576191649996149,0.9575823378512587,0.9576191649996149
mv,x5,40768.0,0.1489,0.9921,-0.9999,0.9999,-0.0022,0.0024,0.5784,-0.002,-1.2018,0.501,1.0033,0.0068,0.0074,0.0047,0.0052,0.007,0.0078,10.4434,0.0,LogisticRegression,0.9534753140628562,0.9535571338154379,0.9535980449222877,0.9535773701597918,0.9535571050831906,0.9535773701597918,0.9535364638363987,0.9534352260644308,0.953577366109883
mv,x5,40768.0,0.1489,0.9921,-0.9999,0.9999,-0.0022,0.0024,0.5784,-0.002,-1.2018,0.501,1.0033,0.0068,0.0074,0.0047,0.0052,0.007,0.0078,10.4434,0.0,KNN,0.9548741691407922,0.9551639318355454,0.9562874504732325,0.9560832755948454,0.9560635530730114,0.95618842916856,0.955691399444131,0.9555529083483423,0.9564156233183432
mv,x5,40768.0,0.1489,0.9921,-0.9999,0.9999,-0.0022,0.0024,0.5784,-0.002,-1.2018,0.501,1.0033,0.0068,0.0074,0.0047,0.0052,0.007,0.0078,10.4434,0.0,RandomForest,0.9595954949352464,0.9594117173534832,0.9593335020194946,0.9593535436874852,0.9593510979307085,0.9594490996126045,0.9594754581462831,0.9595194302820446,0.9594748917125323
mv,x5,40768.0,0.1489,0.9921,-0.9999,0.9999,-0.0022,0.0024,0.5784,-0.002,-1.2018,0.501,1.0033,0.0068,0.0074,0.0047,0.0052,0.007,0.0078,10.4434,0.0,AdaBoost,0.958081376579798,0.9581577597522736,0.9583277672218096,0.9580436352345032,0.9579623826415965,0.9579623826415965,0.9580186550816614,0.9576215476457355,0.9579623826415965
mv,x5,40768.0,0.1489,0.9921,-0.9999,0.9999,-0.0022,0.0024,0.5784,-0.002,-1.2018,0.501,1.0033,0.0068,0.0074,0.0047,0.0052,0.007,0.0078,10.4434,0.0,SVC,0.9189517303218947,0.9187169345327092,0.9187376069832571,0.9187762715518599,0.9187963772783656,0.9187561610100001,0.9183298439516644,0.9189050365819037,0.9187985160648119
mv,x5,40768.0,0.1,0.9914,-0.9999,1.0,-0.0007,0.0042,0.5765,-0.0041,-1.1959,0.4981,0.9968,0.0051,0.0051,0.0031,0.0043,0.0046,0.0065,10.4984,0.0,DecisionTree,0.9575823378512587,0.9575823378512587,0.9576191649996149,0.9576191649996149,0.9576191649996149,0.9576191649996149,0.9576191649996149,0.9575823378512587,0.9576191649996149
mv,x5,40768.0,0.1,0.9914,-0.9999,1.0,-0.0007,0.0042,0.5765,-0.0041,-1.1959,0.4981,0.9968,0.0051,0.0051,0.0031,0.0043,0.0046,0.0065,10.4984,0.0,LogisticRegression,0.9535567315469311,0.9535567315469311,0.9535364731479653,0.9535360382247521,0.9535360382247521,0.9535360382247521,0.9535356440399091,0.9534959613693846,0.9535356389608393
mv,x5,40768.0,0.1,0.9914,-0.9999,1.0,-0.0007,0.0042,0.5765,-0.0041,-1.1959,0.4981,0.9968,0.0051,0.0051,0.0031,0.0043,0.0046,0.0065,10.4984,0.0,KNN,0.9561811390196037,0.9558172616686131,0.9562063092908186,0.9560188888083812,0.9562029979643017,0.9561208644409306,0.9561205851527633,0.9559432128160541,0.9562850643130727
mv,x5,40768.0,0.1,0.9914,-0.9999,1.0,-0.0007,0.0042,0.5765,-0.0041,-1.1959,0.4981,0.9968,0.0051,0.0051,0.0031,0.0043,0.0046,0.0065,10.4984,0.0,RandomForest,0.9595574673708521,0.9596574411733204,0.9596190254575305,0.9594748693331613,0.9593534708176992,0.9593117938855064,0.9590271560362481,0.9594973862956141,0.9596981541495635
mv,x5,40768.0,0.1,0.9914,-0.9999,1.0,-0.0007,0.0042,0.5765,-0.0041,-1.1959,0.4981,0.9968,0.0051,0.0051,0.0031,0.0043,0.0046,0.0065,10.4984,0.0,AdaBoost,0.9579000707647505,0.9575235311102601,0.9575488545271638,0.957575704565472,0.9576295469853198,0.9579218550095976,0.9574339910699692,0.9576150588146088,0.957803042034417
mv,x5,40768.0,0.1,0.9914,-0.9999,1.0,-0.0007,0.0042,0.5765,-0.0041,-1.1959,0.4981,0.9968,0.0051,0.0051,0.0031,0.0043,0.0046,0.0065,10.4984,0.0,SVC,0.9186700852888366,0.9185854535885624,0.9187858515250363,0.9188863138670674,0.9188461174393806,0.9189271841701104,0.9184871829513936,0.9184781628240833,0.9188432581525107
mv,x5,40768.0,0.0492,0.9913,-0.9999,1.0,-0.0019,0.0022,0.5771,-0.0007,-1.1984,0.4994,0.9984,0.0051,0.0073,0.0042,0.005,0.0064,0.0075,10.5531,0.0,DecisionTree,0.9576191649996149,0.9576191649996149,0.9576191649996149,0.9576191649996149,0.9576191649996149,0.9576191649996149,0.9576191649996149,0.9576191649996149,0.9576191649996149
mv,x5,40768.0,0.0492,0.9913,-0.9999,1.0,-0.0019,0.0022,0.5771,-0.0007,-1.1984,0.4994,0.9984,0.0051,0.0073,0.0042,0.005,0.0064,0.0075,10.5531,0.0,LogisticRegression,0.9535157724312335,0.953576982437815,0.9535558973489214,0.9535765673457502,0.9535765673457502,0.9535765673457502,0.9535964135794419,0.9535162024868505,0.9535558973489214
mv,x5,40768.0,0.0492,0.9913,-0.9999,1.0,-0.0019,0.0022,0.5771,-0.0007,-1.1984,0.4994,0.9984,0.0051,0.0073,0.0042,0.005,0.0064,0.0075,10.5531,0.0,KNN,0.9561275553091269,0.9561273088162829,0.9564318593987438,0.9561654460506499,0.9562879788736776,0.9561640054519039,0.95587685627403,0.956145187107828,0.9563903409236537
mv,x5,40768.0,0.0492,0.9913,-0.9999,1.0,-0.0019,0.0022,0.5771,-0.0007,-1.1984,0.4994,0.9984,0.0051,0.0073,0.0042,0.005,0.0064,0.0075,10.5531,0.0,RandomForest,0.9593966053120191,0.959334574722344,0.9593129744564091,0.9593118269068952,0.9591292539157417,0.9591700341731912,0.959417134444418,0.9593548212134402,0.9591679621751854
mv,x5,40768.0,0.0492,0.9913,-0.9999,1.0,-0.0019,0.0022,0.5771,-0.0007,-1.1984,0.4994,0.9984,0.0051,0.0073,0.0042,0.005,0.0064,0.0075,10.5531,0.0,AdaBoost,0.9579673851036534,0.9583845647927629,0.9583070758360173,0.9582642915006867,0.9582642915006867,0.9582642915006867,0.9584812564767847,0.9580457094854435,0.9582642915006867
mv,x5,40768.0,0.0492,0.9913,-0.9999,1.0,-0.0019,0.0022,0.5771,-0.0007,-1.1984,0.4994,0.9984,0.0051,0.0073,0.0042,0.005,0.0064,0.0075,10.5531,0.0,SVC,0.9185460221949191,0.9186802351551999,0.9185846839889706,0.9185444851199294,0.9185021107563365,0.9185437575988771,0.9185609885013198,0.9185855673400837,0.9185229390143735
mv,x6,40768.0,0.5004,0.9883,-37.2849,12.3802,-10.8693,-9.0076,10.7662,-0.3449,-0.9078,8.33,17.8954,0.0165,0.7029,0.0108,0.5056,0.0162,0.6695,9.9054,0.0,DecisionTree,0.8932866384179569,0.8593127017243367,0.8910211489555445,0.8903452503893179,0.8913927259504003,0.8934543852694923,0.8931656263870977,0.8782271401244768,0.8931925310972613
mv,x6,40768.0,0.5004,0.9883,-37.2849,12.3802,-10.8693,-9.0076,10.7662,-0.3449,-0.9078,8.33,17.8954,0.0165,0.7029,0.0108,0.5056,0.0162,0.6695,9.9054,0.0,LogisticRegression,0.8821217430012392,0.8306884611745361,0.879437889916481,0.8814282159650052,0.8811867188786036,0.8813926035776025,0.8810330346352719,0.8622849780844715,0.8806038486709669
mv,x6,40768.0,0.5004,0.9883,-37.2849,12.3802,-10.8693,-9.0076,10.7662,-0.3449,-0.9078,8.33,17.8954,0.0165,0.7029,0.0108,0.5056,0.0162,0.6695,9.9054,0.0,KNN,0.8883439910239052,0.8648999700551687,0.8877499005082599,0.8893430355046974,0.8893913366609262,0.8889623012017734,0.8880062214460493,0.8689790206569024,0.8894777637753721
mv,x6,40768.0,0.5004,0.9883,-37.2849,12.3802,-10.8693,-9.0076,10.7662,-0.3449,-0.9078,8.33,17.8954,0.0165,0.7029,0.0108,0.5056,0.0162,0.6695,9.9054,0.0,RandomForest,0.8957150081470042,0.8783100209727318,0.8939694289074531,0.8961027469714972,0.8961949815827653,0.8961406392477799,0.8953078876563172,0.877709119804149,0.8958456405782773
mv,x6,40768.0,0.5004,0.9883,-37.2849,12.3802,-10.8693,-9.0076,10.7662,-0.3449,-0.9078,8.33,17.8954,0.0165,0.7029,0.0108,0.5056,0.0162,0.6695,9.9054,0.0,AdaBoost,0.8902898590663958,0.8774820676227504,0.893824896159946,0.8960186926812024,0.8954907258943688,0.8962126545600955,0.889459203963581,0.8760674410706888,0.8955846725141782
mv,x6,40768.0,0.5004,0.9883,-37.2849,12.3802,-10.8693,-9.0076,10.7662,-0.3449,-0.9078,8.33,17.8954,0.0165,0.7029,0.0108,0.5056,0.0162,0.6695,9.9054,0.0,SVC,0.8426395704775901,0.8288098846383748,0.8537891097829758,0.8572465047014994,0.8578652574973933,0.8570159043704828,0.8508138882144087,0.8390951481675077,0.8579320957989693
mv,x6,40768.0,0.4509,0.9862,-37.3515,12.3802,-11.0684,-9.2433,10.7834,-0.3244,-0.9524,8.4914,18.1836,0.0092,0.6973,0.0059,0.4962,0.0088,0.659,9.9969,0.0,DecisionTree,0.903042947152073,0.865625823869548,0.8990123505970432,0.9009294612497328,0.8994903790401202,0.9028277972604327,0.9030027781252249,0.8868446613505547,0.9017047601774223
mv,x6,40768.0,0.4509,0.9862,-37.3515,12.3802,-11.0684,-9.2433,10.7834,-0.3244,-0.9524,8.4914,18.1836,0.0092,0.6973,0.0059,0.4962,0.0088,0.659,9.9969,0.0,LogisticRegression,0.8896703714991816,0.8397844479527272,0.8884734578100993,0.8882955089493049,0.8883283493858484,0.8882041751168318,0.8883394929977131,0.8724773134994419,0.8885383079987459
mv,x6,40768.0,0.4509,0.9862,-37.3515,12.3802,-11.0684,-9.2433,10.7834,-0.3244,-0.9524,8.4914,18.1836,0.0092,0.6973,0.0059,0.4962,0.0088,0.659,9.9969,0.0,KNN,0.8938398305635107,0.8680556815633658,0.8980550795112567,0.8947220108511131,0.8951046804249697,0.8956819054058152,0.8933496163641329,0.8787817855512634,0.8953538280731391
mv,x6,40768.0,0.4509,0.9862,-37.3515,12.3802,-11.0684,-9.2433,10.7834,-0.3244,-0.9524,8.4914,18.1836,0.0092,0.6973,0.0059,0.4962,0.0088,0.659,9.9969,0.0,RandomForest,0.904292908783014,0.8815514488922811,0.9041580702332763,0.9035281401560505,0.9040838041041497,0.903744062092015,0.9035040667370654,0.8869151101126966,0.9044111287456287
mv,x6,40768.0,0.4509,0.9862,-37.3515,12.3802,-11.0684,-9.2433,10.7834,-0.3244,-0.9524,8.4914,18.1836,0.0092,0.6973,0.0059,0.4962,0.0088,0.659,9.9969,0.0,AdaBoost,0.89684151937042,0.8829248866032265,0.9015553875227786,0.9031837681045536,0.900829575267986,0.9034642881165171,0.8966063811316525,0.8839254916987974,0.9032588462251838
mv,x6,40768.0,0.4509,0.9862,-37.3515,12.3802,-11.0684,-9.2433,10.7834,-0.3244,-0.9524,8.4914,18.1836,0.0092,0.6973,0.0059,0.4962,0.0088,0.659,9.9969,0.0,SVC,0.8518177927700821,0.8310461766800853,0.8623278924174962,0.8644284393948236,0.8645608183462141,0.8643034456706988,0.8544729598179059,0.8489474009238553,0.8635259433978928
mv,x6,40768.0,0.3987,0.987,-37.3515,12.3802,-11.1359,-9.4366,10.8343,-0.2997,-0.9661,8.6657,18.3648,0.0089,0.7018,0.0057,0.4965,0.0086,0.6593,10.0887,0.0,DecisionTree,0.9049995085584293,0.8708407508799463,0.9026476430771911,0.9028926566698143,0.9036630535471086,0.9040198187638897,0.8946358793948817,0.88969803051854,0.9034653898586353
mv,x6,40768.0,0.3987,0.987,-37.3515,12.3802,-11.1359,-9.4366,10.8343,-0.2997,-0.9661,8.6657,18.3648,0.0089,0.7018,0.0057,0.4965,0.0086,0.6593,10.0887,0.0,LogisticRegression,0.8932651236181091,0.8421897124951442,0.8920004274559821,0.8919439761779032,0.8921026507994361,0.8919469080096663,0.8926499040087392,0.8746209946287745,0.8917331691144781
mv,x6,40768.0,0.3987,0.987,-37.3515,12.3802,-11.1359,-9.4366,10.8343,-0.2997,-0.9661,8.6657,18.3648,0.0089,0.7018,0.0057,0.4965,0.0086,0.6593,10.0887,0.0,KNN,0.8995882770284171,0.873442197012941,0.9011306805584639,0.8990664445302778,0.8990971524465681,0.8992100149879924,0.8983613292689967,0.8843468043424356,0.8992373385194888
mv,x6,40768.0,0.3987,0.987,-37.3515,12.3802,-11.1359,-9.4366,10.8343,-0.2997,-0.9661,8.6657,18.3648,0.0089,0.7018,0.0057,0.4965,0.0086,0.6593,10.0887,0.0,RandomForest,0.9069739186285843,0.8831511023378735,0.9065124225986952,0.9063601665877423,0.9077082326796437,0.9067801756298317,0.9073663919550023,0.8917197816589968,0.9062693467004858
mv,x6,40768.0,0.3987,0.987,-37.3515,12.3802,-11.1359,-9.4366,10.8343,-0.2997,-0.9661,8.6657,18.3648,0.0089,0.7018,0.0057,0.4965,0.0086,0.6593,10.0887,0.0,AdaBoost,0.9005819490952485,0.8835018368995453,0.9057123530136357,0.9066596736590028,0.9062585970852128,0.9069642950838273,0.8995920270261943,0.8879572219772488,0.9066841410665283
mv,x6,40768.0,0.3987,0.987,-37.3515,12.3802,-11.1359,-9.4366,10.8343,-0.2997,-0.9661,8.6657,18.3648,0.0089,0.7018,0.0057,0.4965,0.0086,0.6593,10.0887,0.0,SVC,0.8570996573257192,0.8333357545832079,0.8667027066950839,0.8681660115034044,0.8682739255442403,0.8682868502748239,0.860887096187958,0.8525302001175424,0.8681197287251206
mv,x6,40768.0,0.3461,0.985,-37.3515,12.3802,-11.0178,-9.1767,10.8244,-0.3214,-0.9488,8.5167,18.2448,0.0066,0.7025,0.0043,0.5025,0.0064,0.6654,10.1699,0.0,DecisionTree,0.9067266555661909,0.8801624067950318,0.9152191231857042,0.9110502641310845,0.9126439608658261,0.9122432585322109,0.9043350740745528,0.8972336841942509,0.9126220598754476
mv,x6,40768.0,0.3461,0.985,-37.3515,12.3802,-11.0178,-9.1767,10.8244,-0.3214,-0.9488,8.5167,18.2448,0.0066,0.7025,0.0043,0.5025,0.0064,0.6654,10.1699,0.0,LogisticRegression,0.9018073601752323,0.8506939509461885,0.9017075518871243,0.9014668653651314,0.9015069165529217,0.9013028910663712,0.9003788444332175,0.8850061902544625,0.901051720547678
mv,x6,40768.0,0.3461,0.985,-37.3515,12.3802,-11.0178,-9.1767,10.8244,-0.3214,-0.9488,8.5167,18.2448,0.0066,0.7025,0.0043,0.5025,0.0064,0.6654,10.1699,0.0,KNN,0.9099374924236026,0.8824088641940468,0.9132078126373776,0.9115173493176963,0.9114193822681248,0.9111703734826215,0.9093884231080066,0.8963003778038404,0.9112950771232815
mv,x6,40768.0,0.3461,0.985,-37.3515,12.3802,-11.0178,-9.1767,10.8244,-0.3214,-0.9488,8.5167,18.2448,0.0066,0.7025,0.0043,0.5025,0.0064,0.6654,10.1699,0.0,RandomForest,0.9164758653796002,0.8899837066656502,0.9171510011108145,0.9172578994327425,0.9182764002341407,0.9175405023019984,0.9165180944147961,0.9011462700552954,0.9173171081703675
mv,x6,40768.0,0.3461,0.985,-37.3515,12.3802,-11.0178,-9.1767,10.8244,-0.3214,-0.9488,8.5167,18.2448,0.0066,0.7025,0.0043,0.5025,0.0064,0.6654,10.1699,0.0,AdaBoost,0.9067367211905834,0.8922731009124247,0.9155843474368976,0.9171257661254557,0.9165472675889975,0.9171442967930958,0.9093329605284373,0.8951747787364623,0.9169471674264252
mv,x6,40768.0,0.3461,0.985,-37.3515,12.3802,-11.0178,-9.1767,10.8244,-0.3214,-0.9488,8.5167,18.2448,0.0066,0.7025,0.0043,0.5025,0.0064,0.6654,10.1699,0.0,SVC,0.8660465562877884,0.838655739891251,0.8756056885807665,0.8763328342387717,0.8764547110663614,0.8763289141781743,0.8674888509158092,0.8610774311151194,0.8763791367426496
mv,x6,40768.0,0.297,0.9838,-37.3515,12.3802,-11.0427,-9.1701,10.8335,-0.3237,-0.9537,8.5034,18.3057,0.0089,0.7021,0.0058,0.5031,0.0086,0.6668,10.2408,0.0,DecisionTree,0.9106959289665956,0.8854898088643616,0.9161822225783357,0.9161779511939524,0.9176270227909314,0.9181959216482632,0.9081825636833813,0.9017189393917517,0.9165483932548235
mv,x6,40768.0,0.297,0.9838,-37.3515,12.3802,-11.0427,-9.1701,10.8335,-0.3237,-0.9537,8.5034,18.3057,0.0089,0.7021,0.0058,0.5031,0.0086,0.6668,10.2408,0.0,LogisticRegression,0.9042399495631532,0.8590252055031046,0.9052451674068251,0.9059278326568347,0.9060166436312727,0.905970738368982,0.9031227293159791,0.8902805518166713,0.9057329075654756
mv,x6,40768.0,0.297,0.9838,-37.3515,12.3802,-11.0427,-9.1701,10.8335,-0.3237,-0.9537,8.5034,18.3057,0.0089,0.7021,0.0058,0.5031,0.0086,0.6668,10.2408,0.0,KNN,0.913566598851723,0.8856584390146933,0.9161144646030439,0.9156751851301906,0.9154108475739737,0.9157826138707625,0.9139747235241533,0.9028074771156924,0.9158649190208021
mv,x6,40768.0,0.297,0.9838,-37.3515,12.3802,-11.0427,-9.1701,10.8335,-0.3237,-0.9537,8.5034,18.3057,0.0089,0.7021,0.0058,0.5031,0.0086,0.6668,10.2408,0.0,RandomForest,0.9211179093425785,0.8936521921780819,0.9211772606940041,0.9217967510859472,0.9222301387339187,0.9220994565426746,0.9209241766326964,0.9071567543351642,0.9224253781490086
mv,x6,40768.0,0.297,0.9838,-37.3515,12.3802,-11.0427,-9.1701,10.8335,-0.3237,-0.9537,8.5034,18.3057,0.0089,0.7021,0.0058,0.5031,0.0086,0.6668,10.2408,0.0,AdaBoost,0.9136907808098795,0.894026232483252,0.9185579011476955,0.9206020916215836,0.9195530531008325,0.9207355020362717,0.916082237218233,0.9024995922038934,0.9213797673418449
mv,x6,40768.0,0.297,0.9838,-37.3515,12.3802,-11.0427,-9.1701,10.8335,-0.3237,-0.9537,8.5034,18.3057,0.0089,0.7021,0.0058,0.5031,0.0086,0.6668,10.2408,0.0,SVC,0.8714567995087655,0.8473073541431456,0.8786692098951011,0.8795339557522488,0.8802357554733939,0.8794733630761804,0.8739795737014766,0.8689840777203561,0.8800756601064957
mv,x6,40768.0,0.2491,0.9829,-37.3515,12.3802,-11.103,-9.3414,10.8322,-0.3111,-0.956,8.5835,18.2903,0.0051,0.7015,0.0029,0.4979,0.0044,0.6605,10.3053,0.0,DecisionTree,0.9165404329279205,0.8909251341412088,0.9202728166119534,0.9196315442694274,0.9202999569527792,0.9199578613340932,0.9160358408303377,0.9081279218526317,0.921212022014521
mv,x6,40768.0,0.2491,0.9829,-37.3515,12.3802,-11.103,-9.3414,10.8322,-0.3111,-0.956,8.5835,18.2903,0.0051,0.7015,0.0029,0.4979,0.0044,0.6605,10.3053,0.0,LogisticRegression,0.9088895446442692,0.8696215297461272,0.9106343225400801,0.9102315951724029,0.9101742880125984,0.9102324209947785,0.9083276076360365,0.8937471972053357,0.9098351241912008
mv,x6,40768.0,0.2491,0.9829,-37.3515,12.3802,-11.103,-9.3414,10.8322,-0.3111,-0.956,8.5835,18.2903,0.0051,0.7015,0.0029,0.4979,0.0044,0.6605,10.3053,0.0,KNN,0.9186777715338761,0.8943497608771303,0.9225511116220567,0.9207034561331547,0.9203093039622716,0.9205868813834068,0.9186695070345183,0.909798014288663,0.9201839806110279
mv,x6,40768.0,0.2491,0.9829,-37.3515,12.3802,-11.103,-9.3414,10.8322,-0.3111,-0.956,8.5835,18.2903,0.0051,0.7015,0.0029,0.4979,0.0044,0.6605,10.3053,0.0,RandomForest,0.9252750685761488,0.9034969775782997,0.9262492211442596,0.9268212541075893,0.9266741791675317,0.9264326314111752,0.9250596046691805,0.9129602745598493,0.9260338874872601
mv,x6,40768.0,0.2491,0.9829,-37.3515,12.3802,-11.103,-9.3414,10.8322,-0.3111,-0.956,8.5835,18.2903,0.0051,0.7015,0.0029,0.4979,0.0044,0.6605,10.3053,0.0,AdaBoost,0.9174579203291152,0.9016892460859799,0.9230709978421079,0.9250094008106509,0.9241198004675009,0.9257965007308718,0.919450045061363,0.9084879837863695,0.9250958838571288
mv,x6,40768.0,0.2491,0.9829,-37.3515,12.3802,-11.103,-9.3414,10.8322,-0.3111,-0.956,8.5835,18.2903,0.0051,0.7015,0.0029,0.4979,0.0044,0.6605,10.3053,0.0,SVC,0.8790661013345317,0.8580337757169222,0.8849955964503983,0.8856312711316526,0.8858155798044979,0.8855898709716457,0.8808364525631078,0.87488678875981,0.8855788922963328
mv,x6,40768.0,0.1997,0.9805,-37.3515,12.3802,-11.0096,-9.1452,10.8028,-0.3273,-0.9449,8.4845,18.2334,0.0053,0.7002,0.0035,0.4995,0.0053,0.6629,10.3656,0.0,DecisionTree,0.9231546840059135,0.9000309529094492,0.9306784644850493,0.9307014471596451,0.9304590094735393,0.9318498560807899,0.9233359950955315,0.914948543515294,0.9313944595164303
mv,x6,40768.0,0.1997,0.9805,-37.3515,12.3802,-11.0096,-9.1452,10.8028,-0.3273,-0.9449,8.4845,18.2334,0.0053,0.7002,0.0035,0.4995,0.0053,0.6629,10.3656,0.0,LogisticRegression,0.917151774758001,0.8755404225184377,0.9191831850678334,0.9201419257940668,0.9197095365572175,0.9198060365575751,0.9157841541377043,0.8996581211655604,0.919840097805336
mv,x6,40768.0,0.1997,0.9805,-37.3515,12.3802,-11.0096,-9.1452,10.8028,-0.3273,-0.9449,8.4845,18.2334,0.0053,0.7002,0.0035,0.4995,0.0053,0.6629,10.3656,0.0,KNN,0.9284095108450167,0.905481866375524,0.9316008856817086,0.9308738754706459,0.9307683236621153,0.9312875464558045,0.9280018930477564,0.9169498854540872,0.9313072628230153
mv,x6,40768.0,0.1997,0.9805,-37.3515,12.3802,-11.0096,-9.1452,10.8028,-0.3273,-0.9449,8.4845,18.2334,0.0053,0.7002,0.0035,0.4995,0.0053,0.6629,10.3656,0.0,RandomForest,0.9341339333246347,0.9106883108609712,0.9342786321447523,0.9349584063494746,0.9353153262452194,0.9348123496189076,0.9337038565229435,0.9217461832439395,0.9348499800666186
mv,x6,40768.0,0.1997,0.9805,-37.3515,12.3802,-11.0096,-9.1452,10.8028,-0.3273,-0.9449,8.4845,18.2334,0.0053,0.7002,0.0035,0.4995,0.0053,0.6629,10.3656,0.0,AdaBoost,0.9267670021562294,0.9057538298780095,0.9317924324205653,0.9330228752932926,0.9328929811840754,0.9337880370967708,0.928266395662405,0.917350246798048,0.9334581689086028
mv,x6,40768.0,0.1997,0.9805,-37.3515,12.3802,-11.0096,-9.1452,10.8028,-0.3273,-0.9449,8.4845,18.2334,0.0053,0.7002,0.0035,0.4995,0.0053,0.6629,10.3656,0.0,SVC,0.8858451351712241,0.8654793821598821,0.8914082925405304,0.8915282682418022,0.8916904256185326,0.89150886453052,0.8873853757580087,0.8831822147739724,0.8916965436727531
mv,x6,40768.0,0.1513,0.9804,-37.3515,12.3802,-11.0599,-9.2499,10.8223,-0.3193,-0.9526,8.523,18.2784,0.0074,0.7017,0.0045,0.5001,0.0067,0.6632,10.4242,0.0,DecisionTree,0.9311330539521231,0.916792343147043,0.9367842412235927,0.9383852456468228,0.93760362592701,0.9385085297697146,0.9288462105758546,0.9227971674059691,0.9384277190874792
mv,x6,40768.0,0.1513,0.9804,-37.3515,12.3802,-11.0599,-9.2499,10.8223,-0.3193,-0.9526,8.523,18.2784,0.0074,0.7017,0.0045,0.5001,0.0067,0.6632,10.4242,0.0,LogisticRegression,0.9209327468297388,0.8950410140791726,0.924809099723119,0.9248823576974369,0.9250889408275093,0.9250044872529438,0.915476555139672,0.9057520797607325,0.9249407662410212
mv,x6,40768.0,0.1513,0.9804,-37.3515,12.3802,-11.0599,-9.2499,10.8223,-0.3193,-0.9526,8.523,18.2784,0.0074,0.7017,0.0045,0.5001,0.0067,0.6632,10.4242,0.0,KNN,0.9330873677087083,0.9119461269683342,0.9364418741783788,0.9361630911385693,0.9359769428180365,0.9355904339311181,0.9345836280002255,0.9256604549201132,0.9357726880195519
mv,x6,40768.0,0.1513,0.9804,-37.3515,12.3802,-11.0599,-9.2499,10.8223,-0.3193,-0.9526,8.523,18.2784,0.0074,0.7017,0.0045,0.5001,0.0067,0.6632,10.4242,0.0,RandomForest,0.9391163992986122,0.9206323641376509,0.939959567252599,0.9401284748286057,0.9401810568677664,0.939864829714742,0.9389168579298064,0.9291949054188627,0.9401293793358567
mv,x6,40768.0,0.1513,0.9804,-37.3515,12.3802,-11.0599,-9.2499,10.8223,-0.3193,-0.9526,8.523,18.2784,0.0074,0.7017,0.0045,0.5001,0.0067,0.6632,10.4242,0.0,AdaBoost,0.9336890266979399,0.9130615465351335,0.9371263165343195,0.9379106658620253,0.9381997565689485,0.9383860891612313,0.9336173975569859,0.9257644621450755,0.9383016978614549
mv,x6,40768.0,0.1513,0.9804,-37.3515,12.3802,-11.0599,-9.2499,10.8223,-0.3193,-0.9526,8.523,18.2784,0.0074,0.7017,0.0045,0.5001,0.0067,0.6632,10.4242,0.0,SVC,0.8947119252533389,0.8790053444358337,0.8976995473432329,0.8977613917772171,0.8979289483348116,0.8978377480049535,0.8957485741091585,0.8922288180266004,0.8979070570292965
mv,x6,40768.0,0.0985,0.979,-37.3515,12.114,-11.0609,-9.2497,10.8165,-0.3193,-0.9525,8.5333,18.2793,0.0057,0.7007,0.0035,0.4989,0.0052,0.6617,10.4825,0.0,DecisionTree,0.9404817102403775,0.9261908970072783,0.9457848129932627,0.9459487953200827,0.9458878912715543,0.9459462897466925,0.9392964260369491,0.9392841888249841,0.9460903514136494
mv,x6,40768.0,0.0985,0.979,-37.3515,12.114,-11.0609,-9.2497,10.8165,-0.3193,-0.9525,8.5333,18.2793,0.0057,0.7007,0.0035,0.4989,0.0052,0.6617,10.4825,0.0,LogisticRegression,0.9196989821322665,0.9122859518021703,0.9354815967349634,0.9359303130049089,0.935739464617721,0.9357994316319052,0.9184318925649931,0.9187923922777366,0.9354009362882839
mv,x6,40768.0,0.0985,0.979,-37.3515,12.114,-11.0609,-9.2497,10.8165,-0.3193,-0.9525,8.5333,18.2793,0.0057,0.7007,0.0035,0.4989,0.0052,0.6617,10.4825,0.0,KNN,0.9418335454341689,0.9249170495527124,0.9437575241283594,0.9441609346971855,0.9443417464491695,0.9440588713598648,0.9418853739779567,0.9380965985675686,0.944123697367472
mv,x6,40768.0,0.0985,0.979,-37.3515,12.114,-11.0609,-9.2497,10.8165,-0.3193,-0.9525,8.5333,18.2793,0.0057,0.7007,0.0035,0.4989,0.0052,0.6617,10.4825,0.0,RandomForest,0.9477161391686906,0.9301697761415226,0.9473859468040665,0.9477543066122155,0.9479093663719789,0.9476528651739418,0.9470640990766384,0.9427111433321453,0.947511602676056
mv,x6,40768.0,0.0985,0.979,-37.3515,12.114,-11.0609,-9.2497,10.8165,-0.3193,-0.9525,8.5333,18.2793,0.0057,0.7007,0.0035,0.4989,0.0052,0.6617,10.4825,0.0,AdaBoost,0.9421663856620318,0.9242633823208523,0.9459979313465053,0.9463124958950997,0.9460755680754032,0.9465171703951325,0.9427732064313479,0.9381189508698742,0.9468012998002151
mv,x6,40768.0,0.0985,0.979,-37.3515,12.114,-11.0609,-9.2497,10.8165,-0.3193,-0.9525,8.5333,18.2793,0.0057,0.7007,0.0035,0.4989,0.0052,0.6617,10.4825,0.0,SVC,0.9036335702775858,0.8920592912735817,0.9062456026392449,0.9067169172909983,0.9067343359013145,0.9067745410161737,0.9040300666002905,0.9023123550012937,0.9069764411661527
mv,x6,40768.0,0.0496,0.9781,-37.3515,12.3802,-11.0389,-9.2138,10.807,-0.3215,-0.9467,8.5079,18.2066,0.0055,0.701,0.0032,0.4996,0.0047,0.6624,10.534,0.0,DecisionTree,0.9493931460450518,0.9366733290622661,0.9511682172356213,0.951272569806634,0.9511976152702138,0.9511935529142227,0.9490747817354418,0.9478424347699423,0.9509910092023073
mv,x6,40768.0,0.0496,0.9781,-37.3515,12.3802,-11.0389,-9.2138,10.807,-0.3215,-0.9467,8.5079,18.2066,0.0055,0.701,0.0032,0.4996,0.0047,0.6624,10.534,0.0,LogisticRegression,0.9307255331973562,0.9340674927711223,0.9432597006575496,0.9434427020952993,0.9433800548138725,0.9434199786310913,0.9297208550642874,0.9301945340804323,0.9435453034648011
mv,x6,40768.0,0.0496,0.9781,-37.3515,12.3802,-11.0389,-9.2138,10.807,-0.3215,-0.9467,8.5079,18.2066,0.0055,0.701,0.0032,0.4996,0.0047,0.6624,10.534,0.0,KNN,0.9485954706641452,0.9379032829551825,0.9497326820477027,0.9494894308070263,0.9494610541481667,0.9494897693060635,0.9484661223694358,0.9458726901778526,0.9493670470977109
mv,x6,40768.0,0.0496,0.9781,-37.3515,12.3802,-11.0389,-9.2138,10.807,-0.3215,-0.9467,8.5079,18.2066,0.0055,0.701,0.0032,0.4996,0.0047,0.6624,10.534,0.0,RandomForest,0.9524138779784369,0.9418206761076416,0.9527440572823924,0.9525442666979071,0.9528580706305465,0.9526446368209258,0.9522680598228533,0.9500416034218105,0.9526860282818614
mv,x6,40768.0,0.0496,0.9781,-37.3515,12.3802,-11.0389,-9.2138,10.807,-0.3215,-0.9467,8.5079,18.2066,0.0055,0.701,0.0032,0.4996,0.0047,0.6624,10.534,0.0,AdaBoost,0.9507799162720634,0.9370508545437808,0.9507275481810656,0.9509635559665963,0.9507251046499019,0.9510801837651678,0.9502956050992992,0.9472927814453383,0.9510995866296694
mv,x6,40768.0,0.0496,0.9781,-37.3515,12.3802,-11.0389,-9.2138,10.807,-0.3215,-0.9467,8.5079,18.2066,0.0055,0.701,0.0032,0.4996,0.0047,0.6624,10.534,0.0,SVC,0.9106268726903607,0.905238217470832,0.9116559856206297,0.911683006129629,0.9117218303219934,0.9116608522743065,0.9109292579204783,0.9101092415211789,0.9116414064916847
stars,L,240.0,0.4875,0.9187,0.0001,630000.0,106402.4377,1.43,152997.0582,1.4272,1.4547,1.4299,199999.9992,0.4988,0.7393,0.6952,0.6975,0.8825,0.8856,4.6882,0.0006,DecisionTree,0.985954246370913,0.985954246370913,0.985954246370913,0.985954246370913,0.985954246370913,0.985954246370913,1.0,1.0,0.985954246370913
stars,L,240.0,0.4875,0.9187,0.0001,630000.0,106402.4377,1.43,152997.0582,1.4272,1.4547,1.4299,199999.9992,0.4988,0.7393,0.6952,0.6975,0.8825,0.8856,4.6882,0.0006,LogisticRegression,0.9720026563753431,0.9754616510843378,0.9608082023834947,0.9645385266754133,0.9645385266754133,0.968396732469278,0.9754365192402096,0.9754616510843378,0.9754616510843378
stars,L,240.0,0.4875,0.9187,0.0001,630000.0,106402.4377,1.43,152997.0582,1.4272,1.4547,1.4299,199999.9992,0.4988,0.7393,0.6952,0.6975,0.8825,0.8856,4.6882,0.0006,KNN,0.9374013594786693,0.937793913491015,0.9368544794566915,0.9442367459912394,0.940599901008304,0.9368497824822,0.9516537035090871,0.937793913491015,0.937793913491015
stars,L,240.0,0.4875,0.9187,0.0001,630000.0,106402.4377,1.43,152997.0582,1.4272,1.4547,1.4299,199999.9992,0.4988,0.7393,0.6952,0.6975,0.8825,0.8856,4.6882,0.0006,RandomForest,0.996516595097513,0.996516595097513,1.0,1.0,1.0,1.0,0.9965007039202946,0.9965277777777778,0.996516595097513
stars,L,240.0,0.4875,0.9187,0.0001,630000.0,106402.4377,1.43,152997.0582,1.4272,1.4547,1.4299,199999.9992,0.4988,0.7393,0.6952,0.6975,0.8825,0.8856,4.6882,0.0006,AdaBoost,0.5197766027249723,0.5197766027249723,0.5197766027249723,0.5197766027249723,0.5197766027249723,0.5197766027249723,0.5197766027249723,0.5197766027249723,0.5197766027249723
stars,L,240.0,0.4875,0.9187,0.0001,630000.0,106402.4377,1.43,152997.0582,1.4272,1.4547,1.4299,199999.9992,0.4988,0.7393,0.6952,0.6975,0.8825,0.8856,4.6882,0.0006,SVC,0.9402396508035165,0.9436036726368614,0.9514163999371262,0.9514163999371262,0.9403278428926869,0.944215510322021,0.940851488488676,0.9436036726368614,0.9436036726368614
stars,L,240.0,0.5,0.9083,0.0001,849420.0,93497.4689,0.0073,169882.1769,2.3978,6.4308,0.0072,189749.9993,0.5347,0.6898,0.683,0.6936,0.8684,0.8777,4.6604,0.0008,DecisionTree,0.985954246370913,0.982490320975984,0.985954246370913,0.985954246370913,0.985954246370913,0.985954246370913,1.0,1.0,0.985954246370913
stars,L,240.0,0.5,0.9083,0.0001,849420.0,93497.4689,0.0073,169882.1769,2.3978,6.4308,0.0072,189749.9993,0.5347,0.6898,0.683,0.6936,0.8684,0.8777,4.6604,0.0008,LogisticRegression,0.9687798744310241,0.96532392287097,0.961121318577459,0.961121318577459,0.961121318577459,0.9612019518294278,0.964898900994258,0.96532392287097,0.96532392287097
stars,L,240.0,0.5,0.9083,0.0001,849420.0,93497.4689,0.0073,169882.1769,2.3978,6.4308,0.0072,189749.9993,0.5347,0.6898,0.683,0.6936,0.8684,0.8777,4.6604,0.0008,KNN,0.9259939230738167,0.9112766450878605,0.9293934259238027,0.9258422501228143,0.9293934259238027,0.9184904641551279,0.9258422501228143,0.9112766450878605,0.9148905280120884
stars,L,240.0,0.5,0.9083,0.0001,849420.0,93497.4689,0.0073,169882.1769,2.3978,6.4308,0.0072,189749.9993,0.5347,0.6898,0.683,0.6936,0.8684,0.8777,4.6604,0.0008,RandomForest,0.9930594178717094,1.0,1.0,0.9930284816980723,1.0,0.9930172990178076,0.9894494090533672,0.9895601217920039,1.0
stars,L,240.0,0.5,0.9083,0.0001,849420.0,93497.4689,0.0073,169882.1769,2.3978,6.4308,0.0072,189749.9993,0.5347,0.6898,0.683,0.6936,0.8684,0.8777,4.6604,0.0008,AdaBoost,0.5197766027249723,0.5197766027249723,0.5197766027249723,0.5197766027249723,0.5197766027249723,0.5197766027249723,0.5197766027249723,0.5197766027249723,0.5197766027249723
stars,L,240.0,0.5,0.9083,0.0001,849420.0,93497.4689,0.0073,169882.1769,2.3978,6.4308,0.0072,189749.9993,0.5347,0.6898,0.683,0.6936,0.8684,0.8777,4.6604,0.0008,SVC,0.9236135389959591,0.9372526403449688,0.9369112967483535,0.940187126492528,0.9369112967483535,0.944215510322021,0.9441273182328506,0.9372526403449688,0.9372526403449688
stars,L,240.0,0.4167,0.9286,0.0001,849420.0,95921.5781,0.0475,173151.131,2.2902,5.6384,0.0474,173849.9991,0.5347,0.6688,0.7169,0.7204,0.8981,0.8987,4.8389,0.0004,DecisionTree,0.985954246370913,0.985954246370913,0.985954246370913,0.985954246370913,0.982490320975984,0.985954246370913,1.0,1.0,0.985954246370913
stars,L,240.0,0.4167,0.9286,0.0001,849420.0,95921.5781,0.0475,173151.131,2.2902,5.6384,0.0474,173849.9991,0.5347,0.6688,0.7169,0.7204,0.8981,0.8987,4.8389,0.0004,LogisticRegression,0.9653208797220294,0.9722059760544692,0.9786874086764438,0.9683945949833282,0.9718353088369277,0.9756142759395683,0.9789255764792667,0.9722059760544692,0.9722059760544692
stars,L,240.0,0.4167,0.9286,0.0001,849420.0,95921.5781,0.0475,173151.131,2.2902,5.6384,0.0474,173849.9991,0.5347,0.6688,0.7169,0.7204,0.8981,0.8987,4.8389,0.0004,KNN,0.9332669290587161,0.9152840172489523,0.926201293484731,0.9297288545232225,0.9332996087972782,0.9297077488587346,0.9297077488587346,0.9152840172489523,0.9152840172489523
stars,L,240.0,0.4167,0.9286,0.0001,849420.0,95921.5781,0.0475,173151.131,2.2902,5.6384,0.0474,173849.9991,0.5347,0.6688,0.7169,0.7204,0.8981,0.8987,4.8389,0.0004,RandomForest,1.0,1.0,1.0,1.0,1.0,1.0,1.0,0.9965007039202946,1.0
stars,L,240.0,0.4167,0.9286,0.0001,849420.0,95921.5781,0.0475,173151.131,2.2902,5.6384,0.0474,173849.9991,0.5347,0.6688,0.7169,0.7204,0.8981,0.8987,4.8389,0.0004,AdaBoost,0.5197766027249723,0.5197766027249723,0.5197766027249723,0.5197766027249723,0.5197766027249723,0.5197766027249723,0.5197766027249723,0.5197766027249723,0.5197766027249723
stars,L,240.0,0.4167,0.9286,0.0001,849420.0,95921.5781,0.0475,173151.131,2.2902,5.6384,0.0474,173849.9991,0.5347,0.6688,0.7169,0.7204,0.8981,0.8987,4.8389,0.0004,SVC,0.9370097884388106,0.9369677510009399,0.940187126492528,0.9436036726368614,0.9436036726368614,0.9436036726368614,0.9436036726368614,0.9369677510009399,0.9369677510009399
stars,L,240.0,0.3833,0.9324,0.0001,849420.0,105983.1151,0.0475,181972.1881,2.1694,4.9571,0.0474,198049.9991,0.5216,0.687,0.6901,0.7096,0.8778,0.8905,4.9,0.0004,DecisionTree,0.985954246370913,0.985954246370913,0.985954246370913,0.985954246370913,0.982490320975984,0.985954246370913,1.0,1.0,0.985954246370913
stars,L,240.0,0.3833,0.9324,0.0001,849420.0,105983.1151,0.0475,181972.1881,2.1694,4.9571,0.0474,198049.9991,0.5216,0.687,0.6901,0.7096,0.8778,0.8905,4.9,0.0004,LogisticRegression,0.9752234832815148,0.9722059760544692,0.9822824435176976,0.9751983514373865,0.9719426764075179,0.9752234832815148,0.9752234832815148,0.9722059760544692,0.9722059760544692
stars,L,240.0,0.3833,0.9324,0.0001,849420.0,105983.1151,0.0475,181972.1881,2.1694,4.9571,0.0474,198049.9991,0.5216,0.687,0.6901,0.7096,0.8778,0.8905,4.9,0.0004,KNN,0.9150990891168735,0.9047423203590914,0.9153335790168359,0.9261848528261154,0.9260979162066117,0.9153264493825478,0.9153264493825478,0.9047423203590914,0.9116220776226205
stars,L,240.0,0.3833,0.9324,0.0001,849420.0,105983.1151,0.0475,181972.1881,2.1694,4.9571,0.0474,198049.9991,0.5216,0.687,0.6901,0.7096,0.8778,0.8905,4.9,0.0004,RandomForest,1.0,0.9965277777777778,0.9965277777777778,0.9965277777777778,1.0,1.0,1.0,0.9930323440142261,0.9965277777777778
stars,L,240.0,0.3833,0.9324,0.0001,849420.0,105983.1151,0.0475,181972.1881,2.1694,4.9571,0.0474,198049.9991,0.5216,0.687,0.6901,0.7096,0.8778,0.8905,4.9,0.0004,AdaBoost,0.5197766027249723,0.5197766027249723,0.5197766027249723,0.5197766027249723,0.5197766027249723,0.5197766027249723,0.5197766027249723,0.5197766027249723,0.5197766027249723
stars,L,240.0,0.3833,0.9324,0.0001,849420.0,105983.1151,0.0475,181972.1881,2.1694,4.9571,0.0474,198049.9991,0.5216,0.687,0.6901,0.7096,0.8778,0.8905,4.9,0.0004,SVC,0.933646188099501,0.9370917692305041,0.940187126492528,0.9338159394863296,0.9338159394863296,0.9369112967483535,0.9369112967483535,0.9370917692305041,0.9370917692305041
stars,L,240.0,0.2583,0.9045,0.0001,849420.0,101345.2164,0.0105,182117.7377,2.1587,4.5427,0.0104,186999.9992,0.5218,0.6757,0.7082,0.7165,0.8895,0.895,5.0416,0.0004,DecisionTree,0.985954246370913,0.985954246370913,0.985954246370913,0.985954246370913,0.985954246370913,0.985954246370913,1.0,1.0,0.985954246370913
stars,L,240.0,0.2583,0.9045,0.0001,849420.0,101345.2164,0.0105,182117.7377,2.1587,4.5427,0.0104,186999.9992,0.5218,0.6757,0.7082,0.7165,0.8895,0.895,5.0416,0.0004,LogisticRegression,0.9754616510843378,0.9754616510843378,0.9751881125967383,0.9716990553576811,0.9683293678128378,0.9751881125967383,0.9754262803995614,0.9754616510843378,0.9754616510843378
stars,L,240.0,0.2583,0.9045,0.0001,849420.0,101345.2164,0.0105,182117.7377,2.1587,4.5427,0.0104,186999.9992,0.5218,0.6757,0.7082,0.7165,0.8895,0.895,5.0416,0.0004,KNN,0.9260395133013992,0.9257922040263121,0.9440283728860946,0.9332375011638986,0.921854674885239,0.9296533962256269,0.9186191073064318,0.9257922040263121,0.9257922040263121
stars,L,240.0,0.2583,0.9045,0.0001,849420.0,101345.2164,0.0105,182117.7377,2.1587,4.5427,0.0104,186999.9992,0.5218,0.6757,0.7082,0.7165,0.8895,0.895,5.0416,0.0004,RandomForest,1.0,1.0,1.0,1.0,1.0,0.9965277777777778,0.9895833333333334,0.9895601217920039,1.0
stars,L,240.0,0.2583,0.9045,0.0001,849420.0,101345.2164,0.0105,182117.7377,2.1587,4.5427,0.0104,186999.9992,0.5218,0.6757,0.7082,0.7165,0.8895,0.895,5.0416,0.0004,AdaBoost,0.5197766027249723,0.5197766027249723,0.5197766027249723,0.5197766027249723,0.5197766027249723,0.5197766027249723,0.5197766027249723,0.5197766027249723,0.5197766027249723
stars,L,240.0,0.2583,0.9045,0.0001,849420.0,101345.2164,0.0105,182117.7377,2.1587,4.5427,0.0104,186999.9992,0.5218,0.6757,0.7082,0.7165,0.8895,0.895,5.0416,0.0004,SVC,0.9376298724669293,0.9338159394863296,0.9369112967483535,0.9369112967483535,0.9369112967483535,0.9369112967483535,0.9369112967483535,0.9338159394863296,0.9338159394863296
stars,L,240.0,0.2208,0.8824,0.0001,849420.0,116502.0696,0.819,184240.9269,1.9157,3.604,0.8189,199999.999,0.4725,0.6837,0.6987,0.7043,0.887,0.8903,5.0462,0.0004,DecisionTree,0.985954246370913,0.985954246370913,0.985954246370913,0.985954246370913,0.982490320975984,0.985954246370913,1.0,1.0,0.985954246370913
stars,L,240.0,0.2208,0.8824,0.0001,849420.0,116502.0696,0.819,184240.9269,1.9157,3.604,0.8189,199999.999,0.4725,0.6837,0.6987,0.7043,0.887,0.8903,5.0462,0.0004,LogisticRegression,0.972040480146827,0.9860433431119304,0.9752234832815148,0.9751983514373865,0.9751983514373865,0.9754616510843378,0.9719811320348223,0.9860433431119304,0.9860433431119304
stars,L,240.0,0.2208,0.8824,0.0001,849420.0,116502.0696,0.819,184240.9269,1.9157,3.604,0.8189,199999.999,0.4725,0.6837,0.6987,0.7043,0.887,0.8903,5.0462,0.0004,KNN,0.9189173229348997,0.9151661898945509,0.9332375011638986,0.9297619386605583,0.9297619386605583,0.9223400304017247,0.9257205549963298,0.9151661898945509,0.9151661898945509
stars,L,240.0,0.2208,0.8824,0.0001,849420.0,116502.0696,0.819,184240.9269,1.9157,3.604,0.8189,199999.999,0.4725,0.6837,0.6987,0.7043,0.887,0.8903,5.0462,0.0004,RandomForest,0.9965007039202946,1.0,1.0,1.0,1.0,1.0,0.9965316400939316,0.9965007039202946,1.0
stars,L,240.0,0.2208,0.8824,0.0001,849420.0,116502.0696,0.819,184240.9269,1.9157,3.604,0.8189,199999.999,0.4725,0.6837,0.6987,0.7043,0.887,0.8903,5.0462,0.0004,AdaBoost,0.5197766027249723,0.5197766027249723,0.5197766027249723,0.5197766027249723,0.5197766027249723,0.5197766027249723,0.5197766027249723,0.5197766027249723,0.5197766027249723
stars,L,240.0,0.2208,0.8824,0.0001,849420.0,116502.0696,0.819,184240.9269,1.9157,3.604,0.8189,199999.999,0.4725,0.6837,0.6987,0.7043,0.887,0.8903,5.0462,0.0004,SVC,0.9301016937840053,0.940187126492528,0.9369112967483535,0.9369112967483535,0.9369112967483535,0.9369112967483535,0.9369112967483535,0.940187126492528,0.9369112967483535
stars,L,240.0,0.225,0.8978,0.0001,834042.0,103516.5093,0.0086,183070.7382,2.1099,4.2364,0.0085,181499.9993,0.552,0.6878,0.7082,0.7099,0.8889,0.8945,5.0651,0.0004,DecisionTree,0.985954246370913,0.985954246370913,0.985954246370913,0.985954246370913,0.982490320975984,0.985954246370913,1.0,1.0,0.985954246370913
stars,L,240.0,0.225,0.8978,0.0001,834042.0,103516.5093,0.0086,183070.7382,2.1099,4.2364,0.0085,181499.9993,0.552,0.6878,0.7082,0.7099,0.8889,0.8945,5.0651,0.0004,LogisticRegression,0.972007436748627,0.9756699014493981,0.9786874086764438,0.972057119917783,0.9861355363573105,0.9754616510843378,0.9687469813454745,0.9791426859748142,0.9756699014493981
stars,L,240.0,0.225,0.8978,0.0001,834042.0,103516.5093,0.0086,183070.7382,2.1099,4.2364,0.0085,181499.9993,0.552,0.6878,0.7082,0.7099,0.8889,0.8945,5.0651,0.0004,KNN,0.929922147001618,0.9368367745249058,0.9192185341971977,0.9083503462151654,0.9263612713081744,0.9367989507534218,0.9369976810052566,0.9368367745249058,0.9368367745249058
stars,L,240.0,0.225,0.8978,0.0001,834042.0,103516.5093,0.0086,183070.7382,2.1099,4.2364,0.0085,181499.9993,0.552,0.6878,0.7082,0.7099,0.8889,0.8945,5.0651,0.0004,RandomForest,0.9930594178717094,0.9965277777777778,0.9930364774114774,0.9895474201724201,0.9930364774114774,1.0,1.0,0.9895674421561149,0.9965277777777778
stars,L,240.0,0.225,0.8978,0.0001,834042.0,103516.5093,0.0086,183070.7382,2.1099,4.2364,0.0085,181499.9993,0.552,0.6878,0.7082,0.7099,0.8889,0.8945,5.0651,0.0004,AdaBoost,0.5197766027249723,0.5197766027249723,0.5197766027249723,0.5197766027249723,0.5197766027249723,0.5197766027249723,0.5197766027249723,0.5197766027249723,0.5197766027249723
stars,L,240.0,0.225,0.8978,0.0001,834042.0,103516.5093,0.0086,183070.7382,2.1099,4.2364,0.0085,181499.9993,0.552,0.6878,0.7082,0.7099,0.8889,0.8945,5.0651,0.0004,SVC,0.9401051457008345,0.9436036726368614,0.940187126492528,0.940187126492528,0.940187126492528,0.9436036726368614,0.9436036726368614,0.9436036726368614,0.9436036726368614
stars,L,240.0,0.15,0.8922,0.0001,849420.0,112648.2034,0.255,185183.6706,2.0252,4.1145,0.2549,198649.9991,0.5,0.6888,0.7006,0.7011,0.8864,0.8888,5.1593,0.0003,DecisionTree,0.985954246370913,0.985954246370913,0.9783237369021682,0.985954246370913,0.982490320975984,0.985954246370913,1.0,1.0,0.985954246370913
stars,L,240.0,0.15,0.8922,0.0001,849420.0,112648.2034,0.255,185183.6706,2.0252,4.1145,0.2549,198649.9991,0.5,0.6888,0.7006,0.7011,0.8864,0.8888,5.1593,0.0003,LogisticRegression,0.9789255764792667,0.9686983831474705,0.9682655979768553,0.9647251072856293,0.9681585646664551,0.9647251072856293,0.9649632750884524,0.9686983831474705,0.9686983831474705
stars,L,240.0,0.15,0.8922,0.0001,849420.0,112648.2034,0.255,185183.6706,2.0252,4.1145,0.2549,198649.9991,0.5,0.6888,0.7006,0.7011,0.8864,0.8888,5.1593,0.0003,KNN,0.9259792715763183,0.9259792715763183,0.9259792715763183,0.9259792715763183,0.9259792715763183,0.9259792715763183,0.9259792715763183,0.9259792715763183,0.9259792715763183
stars,L,240.0,0.15,0.8922,0.0001,849420.0,112648.2034,0.255,185183.6706,2.0252,4.1145,0.2549,198649.9991,0.5,0.6888,0.7006,0.7011,0.8864,0.8888,5.1593,0.0003,RandomForest,1.0,1.0,1.0,1.0,1.0,1.0,1.0,1.0,1.0
stars,L,240.0,0.15,0.8922,0.0001,849420.0,112648.2034,0.255,185183.6706,2.0252,4.1145,0.2549,198649.9991,0.5,0.6888,0.7006,0.7011,0.8864,0.8888,5.1593,0.0003,AdaBoost,0.5197766027249723,0.5197766027249723,0.5197766027249723,0.5197766027249723,0.5197766027249723,0.5197766027249723,0.5197766027249723,0.5197766027249723,0.5197766027249723
stars,L,240.0,0.15,0.8922,0.0001,849420.0,112648.2034,0.255,185183.6706,2.0252,4.1145,0.2549,198649.9991,0.5,0.6888,0.7006,0.7011,0.8864,0.8888,5.1593,0.0003,SVC,0.940187126492528,0.940187126492528,0.940187126492528,0.940187126492528,0.940187126492528,0.940187126492528,0.940187126492528,0.940187126492528,0.940187126492528
stars,L,240.0,0.0792,0.8643,0.0001,849420.0,105976.1752,0.63,173158.818,2.0177,4.32,0.6299,197999.9992,0.4761,0.6825,0.7078,0.7135,0.8925,0.8968,5.1916,0.0004,DecisionTree,0.985954246370913,0.982490320975984,0.985954246370913,0.9790098019264686,0.982490320975984,0.985954246370913,1.0,1.0,0.985954246370913
stars,L,240.0,0.0792,0.8643,0.0001,849420.0,105976.1752,0.63,173158.818,2.0177,4.32,0.6299,197999.9992,0.4761,0.6825,0.7078,0.7135,0.8925,0.8968,5.1916,0.0004,LogisticRegression,0.9786874086764438,0.9786874086764438,0.9786874086764438,0.9786874086764438,0.9786874086764438,0.9786874086764438,0.9786874086764438,0.9786874086764438,0.9786874086764438
stars,L,240.0,0.0792,0.8643,0.0001,849420.0,105976.1752,0.63,173158.818,2.0177,4.32,0.6299,197999.9992,0.4761,0.6825,0.7078,0.7135,0.8925,0.8968,5.1916,0.0004,KNN,0.9297919200328955,0.9332375011638986,0.9332375011638986,0.9332375011638986,0.9332375011638986,0.9332375011638986,0.9332375011638986,0.9332375011638986,0.9332375011638986
stars,L,240.0,0.0792,0.8643,0.0001,849420.0,105976.1752,0.63,173158.818,2.0177,4.32,0.6299,197999.9992,0.4761,0.6825,0.7078,0.7135,0.8925,0.8968,5.1916,0.0004,RandomForest,1.0,1.0,1.0,1.0,1.0,1.0,1.0,1.0,1.0
stars,L,240.0,0.0792,0.8643,0.0001,849420.0,105976.1752,0.63,173158.818,2.0177,4.32,0.6299,197999.9992,0.4761,0.6825,0.7078,0.7135,0.8925,0.8968,5.1916,0.0004,AdaBoost,0.5197766027249723,0.5197766027249723,0.5197766027249723,0.5197766027249723,0.5197766027249723,0.5197766027249723,0.5197766027249723,0.5197766027249723,0.5197766027249723
stars,L,240.0,0.0792,0.8643,0.0001,849420.0,105976.1752,0.63,173158.818,2.0177,4.32,0.6299,197999.9992,0.4761,0.6825,0.7078,0.7135,0.8925,0.8968,5.1916,0.0004,SVC,0.9369112967483535,0.9369112967483535,0.9369112967483535,0.9369112967483535,0.9369112967483535,0.9369112967483535,0.9369112967483535,0.9369112967483535,0.9369112967483535
stars,L,240.0,0.0333,0.875,0.0001,849420.0,107648.9922,0.0305,181362.6712,2.04,4.1989,0.0304,198649.9992,0.5285,0.6945,0.6965,0.7031,0.8859,0.8886,5.2607,0.0003,DecisionTree,0.982490320975984,0.979026336318003,0.982490320975984,0.979026336318003,0.982490320975984,0.979026336318003,1.0,0.9897119341563786,0.979026336318003
stars,L,240.0,0.0333,0.875,0.0001,849420.0,107648.9922,0.0305,181362.6712,2.04,4.1989,0.0304,198649.9992,0.5285,0.6945,0.6965,0.7031,0.8859,0.8886,5.2607,0.0003,LogisticRegression,0.9791105896513992,0.9755734998618859,0.9786874086764438,0.9786874086764438,0.9786874086764438,0.9754616510843378,0.9683484180596463,0.9755734998618859,0.9789301100872392
stars,L,240.0,0.0333,0.875,0.0001,849420.0,107648.9922,0.0305,181362.6712,2.04,4.1989,0.0304,198649.9992,0.5285,0.6945,0.6965,0.7031,0.8859,0.8886,5.2607,0.0003,KNN,0.9114202949848629,0.9151970981037713,0.9259792715763183,0.9226190063626049,0.9226190063626049,0.9151970981037713,0.9259792715763183,0.9151970981037713,0.9151970981037713
stars,L,240.0,0.0333,0.875,0.0001,849420.0,107648.9922,0.0305,181362.6712,2.04,4.1989,0.0304,198649.9992,0.5285,0.6945,0.6965,0.7031,0.8859,0.8886,5.2607,0.0003,RandomForest,0.9965109427609428,1.0,1.0,1.0,1.0,1.0,1.0,0.993025328903701,1.0
stars,L,240.0,0.0333,0.875,0.0001,849420.0,107648.9922,0.0305,181362.6712,2.04,4.1989,0.0304,198649.9992,0.5285,0.6945,0.6965,0.7031,0.8859,0.8886,5.2607,0.0003,AdaBoost,0.5197766027249723,0.5197766027249723,0.5197766027249723,0.5197766027249723,0.5197766027249723,0.5197766027249723,0.5197766027249723,0.5197766027249723,0.5197766027249723
stars,L,240.0,0.0333,0.875,0.0001,849420.0,107648.9922,0.0305,181362.6712,2.04,4.1989,0.0304,198649.9992,0.5285,0.6945,0.6965,0.7031,0.8859,0.8886,5.2607,0.0003,SVC,0.940187126492528,0.9369112967483535,0.9369112967483535,0.9369112967483535,0.9369112967483535,0.9369112967483535,0.9369112967483535,0.9369112967483535,0.9369112967483535
stars,R,240.0,0.4917,0.9836,0.0088,1948.5,251.0251,0.83,530.1862,1.8523,1.7505,0.82,35.6407,0.6217,0.63,0.7255,0.7369,0.8835,0.9046,4.7813,0.0001,DecisionTree,1.0,1.0,0.9894670388091441,1.0,1.0,1.0,1.0,1.0,1.0
stars,R,240.0,0.4917,0.9836,0.0088,1948.5,251.0251,0.83,530.1862,1.8523,1.7505,0.82,35.6407,0.6217,0.63,0.7255,0.7369,0.8835,0.9046,4.7813,0.0001,LogisticRegression,0.9205329476409976,0.9482854079323251,0.9752452489842841,0.9786874086764438,0.9652931453829869,0.9375960821695859,0.930880211856572,0.9311169650272166,0.9242233880062034
stars,R,240.0,0.4917,0.9836,0.0088,1948.5,251.0251,0.83,530.1862,1.8523,1.7505,0.82,35.6407,0.6217,0.63,0.7255,0.7369,0.8835,0.9046,4.7813,0.0001,KNN,0.8874286103594088,0.8729306802952231,0.9296561721611136,0.9296561721611136,0.9041909243100439,0.8556157436911352,0.8842504131841715,0.876554404979419,0.8949073422689428
stars,R,240.0,0.4917,0.9836,0.0088,1948.5,251.0251,0.83,530.1862,1.8523,1.7505,0.82,35.6407,0.6217,0.63,0.7255,0.7369,0.8835,0.9046,4.7813,0.0001,RandomForest,0.9895988866334003,0.9860981384104299,0.9965181992337165,0.9965181992337165,0.9895781893004116,0.9861098293943432,0.99304104632556,0.9757819044409474,0.9827413938818104
stars,R,240.0,0.4917,0.9836,0.0088,1948.5,251.0251,0.83,530.1862,1.8523,1.7505,0.82,35.6407,0.6217,0.63,0.7255,0.7369,0.8835,0.9046,4.7813,0.0001,AdaBoost,0.3548616179123842,0.3548616179123842,0.3548616179123842,0.3548616179123842,0.3548616179123842,0.3548616179123842,0.3548616179123842,0.3548616179123842,0.3548616179123842
stars,R,240.0,0.4917,0.9836,0.0088,1948.5,251.0251,0.83,530.1862,1.8523,1.7505,0.82,35.6407,0.6217,0.63,0.7255,0.7369,0.8835,0.9046,4.7813,0.0001,SVC,0.8505707737587013,0.8544222990185404,0.9514163999371262,0.9514163999371262,0.9244367361729411,0.8824018700719335,0.8750351107799687,0.8675460414784896,0.8593792870420878
stars,R,240.0,0.4375,0.9333,0.0084,1783.0,253.1927,0.9,526.8853,1.8129,1.5095,0.891,69.889,0.5844,0.6248,0.6845,0.7262,0.8644,0.9035,4.809,0.0004,DecisionTree,1.0,1.0,0.9722325102880658,1.0,0.9965160867938646,1.0,1.0,1.0,1.0
stars,R,240.0,0.4375,0.9333,0.0084,1783.0,253.1927,0.9,526.8853,1.8129,1.5095,0.891,69.889,0.5844,0.6248,0.6845,0.7262,0.8644,0.9035,4.809,0.0004,LogisticRegression,0.9337605203081112,0.9370412379498518,0.9656563383243049,0.9586641690863431,0.9654405167792286,0.9406071132480446,0.9406147021396745,0.9547412932118322,0.9028243068293106
stars,R,240.0,0.4375,0.9333,0.0084,1783.0,253.1927,0.9,526.8853,1.8129,1.5095,0.891,69.889,0.5844,0.6248,0.6845,0.7262,0.8644,0.9035,4.809,0.0004,KNN,0.8397271543406871,0.8525957226057774,0.9118590687020478,0.9188638393262083,0.91907233709452,0.8720215652556734,0.8585360979485215,0.8617311024952594,0.8343710628991777
stars,R,240.0,0.4375,0.9333,0.0084,1783.0,253.1927,0.9,526.8853,1.8129,1.5095,0.891,69.889,0.5844,0.6248,0.6845,0.7262,0.8644,0.9035,4.809,0.0004,RandomForest,0.9828090604239896,0.9757819044409474,0.99304104632556,0.9965338164251207,0.9930347943312295,0.9757580141694725,0.9687310653737723,0.9828090604239896,0.9758646159795452
stars,R,240.0,0.4375,0.9333,0.0084,1783.0,253.1927,0.9,526.8853,1.8129,1.5095,0.891,69.889,0.5844,0.6248,0.6845,0.7262,0.8644,0.9035,4.809,0.0004,AdaBoost,0.3548616179123842,0.3548616179123842,0.38769777519947135,0.3548616179123842,0.3548616179123842,0.3548616179123842,0.3548616179123842,0.3548616179123842,0.3548616179123842
stars,R,240.0,0.4375,0.9333,0.0084,1783.0,253.1927,0.9,526.8853,1.8129,1.5095,0.891,69.889,0.5844,0.6248,0.6845,0.7262,0.8644,0.9035,4.809,0.0004,SVC,0.8916335132946542,0.8816783508646053,0.9341783217822826,0.9512403759124181,0.9479449033621814,0.8926543594408022,0.8854439500245104,0.8745112810118417,0.8758048943469992
stars,R,240.0,0.4333,0.9779,0.0084,1779.0,245.1618,0.7,520.7611,1.8735,1.7213,0.6909,68.3925,0.479,0.6119,0.6779,0.6822,0.8605,0.8734,4.8821,0.0001,DecisionTree,1.0,1.0,0.9964646464646465,1.0,1.0,1.0,1.0,1.0,1.0
stars,R,240.0,0.4333,0.9779,0.0084,1779.0,245.1618,0.7,520.7611,1.8735,1.7213,0.6909,68.3925,0.479,0.6119,0.6779,0.6822,0.8605,0.8734,4.8821,0.0001,LogisticRegression,0.9346001461683695,0.9308088375744294,0.9686082781366452,0.9786874086764438,0.97207977471159,0.9344470500207624,0.9272807019508831,0.9341999229517506,0.9342544312565606
stars,R,240.0,0.4333,0.9779,0.0084,1779.0,245.1618,0.7,520.7611,1.8735,1.7213,0.6909,68.3925,0.479,0.6119,0.6779,0.6822,0.8605,0.8734,4.8821,0.0001,KNN,0.8692783100886805,0.8774627068486986,0.91907233709452,0.9226433855649937,0.9159079290388075,0.8828983394322559,0.8759764484206911,0.8589620294286134,0.857998164590345
stars,R,240.0,0.4333,0.9779,0.0084,1779.0,245.1618,0.7,520.7611,1.8735,1.7213,0.6909,68.3925,0.479,0.6119,0.6779,0.6822,0.8605,0.8734,4.8821,0.0001,RandomForest,0.982638888888889,0.979201604585179,1.0,1.0,1.0,0.9757129646546698,0.965307480668268,0.9690224580473368,0.9689602534865348
stars,R,240.0,0.4333,0.9779,0.0084,1779.0,245.1618,0.7,520.7611,1.8735,1.7213,0.6909,68.3925,0.479,0.6119,0.6779,0.6822,0.8605,0.8734,4.8821,0.0001,AdaBoost,0.3548616179123842,0.3548616179123842,0.443664052375563,0.3548616179123842,0.3548616179123842,0.3548616179123842,0.3548616179123842,0.3548616179123842,0.3548616179123842
stars,R,240.0,0.4333,0.9779,0.0084,1779.0,245.1618,0.7,520.7611,1.8735,1.7213,0.6909,68.3925,0.479,0.6119,0.6779,0.6822,0.8605,0.8734,4.8821,0.0001,SVC,0.8714808187698947,0.8713468475810864,0.936856346317742,0.9403278428926869,0.936856346317742,0.8887116770711032,0.8887116770711032,0.8605246370858685,0.8613657476015906
stars,R,240.0,0.3333,0.9062,0.0088,1948.5,241.9959,0.905,533.0522,1.9821,2.1746,0.8952,45.1385,0.5184,0.5842,0.7169,0.7316,0.8853,0.907,4.9387,0.0004,DecisionTree,1.0,1.0,0.9859768179562182,1.0,1.0,0.9823412698412698,0.9859854198089493,1.0,1.0
stars,R,240.0,0.3333,0.9062,0.0088,1948.5,241.9959,0.905,533.0522,1.9821,2.1746,0.8952,45.1385,0.5184,0.5842,0.7169,0.7316,0.8853,0.907,4.9387,0.0004,LogisticRegression,0.9309157800709229,0.9272127580271341,0.9786874086764438,0.9716926068570806,0.9752286273144366,0.923560861587531,0.9305891056548842,0.9482193141623901,0.9416328165334877
stars,R,240.0,0.3333,0.9062,0.0088,1948.5,241.9959,0.905,533.0522,1.9821,2.1746,0.8952,45.1385,0.5184,0.5842,0.7169,0.7316,0.8853,0.907,4.9387,0.0004,KNN,0.8907218541642956,0.8841895739757186,0.9298404637756331,0.9298404637756331,0.9298404637756331,0.8867661172436869,0.8871358108440568,0.897214002746498,0.880483611150253
stars,R,240.0,0.3333,0.9062,0.0088,1948.5,241.9959,0.905,533.0522,1.9821,2.1746,0.8952,45.1385,0.5184,0.5842,0.7169,0.7316,0.8853,0.907,4.9387,0.0004,RandomForest,0.9827362498488886,0.9861632703572314,0.996573898376555,0.996573898376555,0.996573898376555,0.979149709656956,0.9723039078892792,0.9654180203940607,0.9689602534865349
stars,R,240.0,0.3333,0.9062,0.0088,1948.5,241.9959,0.905,533.0522,1.9821,2.1746,0.8952,45.1385,0.5184,0.5842,0.7169,0.7316,0.8853,0.907,4.9387,0.0004,AdaBoost,0.3548616179123842,0.3548616179123842,0.3548616179123842,0.3548616179123842,0.3548616179123842,0.3548616179123842,0.3548616179123842,0.3548616179123842,0.3548616179123842
stars,R,240.0,0.3333,0.9062,0.0088,1948.5,241.9959,0.905,533.0522,1.9821,2.1746,0.8952,45.1385,0.5184,0.5842,0.7169,0.7316,0.8853,0.907,4.9387,0.0004,SVC,0.9100805736721271,0.902651154280967,0.940187126492528,0.9369112967483535,0.940187126492528,0.8887621327810991,0.902651154280967,0.8685224222751318,0.865027226638918
stars,R,240.0,0.3042,0.9341,0.0088,1948.5,212.5549,0.675,499.9342,2.1602,2.9283,0.6653,35.9026,0.4669,0.5791,0.6713,0.6901,0.8496,0.877,5.0204,0.0003,DecisionTree,1.0,1.0,0.9965007039202946,1.0,0.9863277019709769,1.0,1.0,1.0,1.0
stars,R,240.0,0.3042,0.9341,0.0088,1948.5,212.5549,0.675,499.9342,2.1602,2.9283,0.6653,35.9026,0.4669,0.5791,0.6713,0.6901,0.8496,0.877,5.0204,0.0003,LogisticRegression,0.9445496237797129,0.9474214562384837,0.9786874086764438,0.9752286273144366,0.9786874086764438,0.9546133346023697,0.9615658207281392,0.9478527287933635,0.9472198433352578
stars,R,240.0,0.3042,0.9341,0.0088,1948.5,212.5549,0.675,499.9342,2.1602,2.9283,0.6653,35.9026,0.4669,0.5791,0.6713,0.6901,0.8496,0.877,5.0204,0.0003,KNN,0.8972994331316692,0.9117339972522237,0.9262265808514054,0.9333870130118376,0.9262265808514054,0.9001394361583982,0.900089921403001,0.8900877429051843,0.8885842619166023
stars,R,240.0,0.3042,0.9341,0.0088,1948.5,212.5549,0.675,499.9342,2.1602,2.9283,0.6653,35.9026,0.4669,0.5791,0.6713,0.6901,0.8496,0.877,5.0204,0.0003,RandomForest,0.9896133958633959,0.9895945160135982,1.0,1.0,1.0,0.9965316400939316,0.9861171497584542,0.9828142044569114,0.9930706005519742
stars,R,240.0,0.3042,0.9341,0.0088,1948.5,212.5549,0.675,499.9342,2.1602,2.9283,0.6653,35.9026,0.4669,0.5791,0.6713,0.6901,0.8496,0.877,5.0204,0.0003,AdaBoost,0.3548616179123842,0.3548616179123842,0.44805857102313046,0.3548616179123842,0.3548616179123842,0.3548616179123842,0.3548616179123842,0.3548616179123842,0.3548616179123842
stars,R,240.0,0.3042,0.9341,0.0088,1948.5,212.5549,0.675,499.9342,2.1602,2.9283,0.6653,35.9026,0.4669,0.5791,0.6713,0.6901,0.8496,0.877,5.0204,0.0003,SVC,0.8909924567337753,0.8982336735675038,0.9546922296813009,0.9514163999371262,0.9514163999371262,0.9198545563749808,0.898528637267792,0.8767360947480932,0.9195817142934691
stars,R,240.0,0.2042,0.9319,0.0084,1948.5,278.7682,0.98,550.5508,1.6585,0.9999,0.9708,64.39,0.5671,0.6446,0.713,0.7133,0.8844,0.8962,5.1524,0.0002,DecisionTree,0.9930555555555556,0.996496269409155,0.9826534942680776,0.996496269409155,0.9861409242059398,0.9725189933523266,0.9859871031746031,0.9862097537878788,0.9861825426639768
stars,R,240.0,0.2042,0.9319,0.0084,1948.5,278.7682,0.98,550.5508,1.6585,0.9999,0.9708,64.39,0.5671,0.6446,0.713,0.7133,0.8844,0.8962,5.1524,0.0002,LogisticRegression,0.955178663381557,0.955107134523224,0.9786874086764438,0.9786874086764438,0.9786874086764438,0.9372876885932692,0.9585742127125244,0.9583023895695936,0.9345104000684316
stars,R,240.0,0.2042,0.9319,0.0084,1948.5,278.7682,0.98,550.5508,1.6585,0.9999,0.9708,64.39,0.5671,0.6446,0.713,0.7133,0.8844,0.8962,5.1524,0.0002,KNN,0.9040888157960831,0.9082744815780341,0.9259792715763183,0.9259792715763183,0.9296561721611136,0.9029030096208497,0.9079317631495669,0.9042825963192287,0.8761496595744536
stars,R,240.0,0.2042,0.9319,0.0084,1948.5,278.7682,0.98,550.5508,1.6585,0.9999,0.9708,64.39,0.5671,0.6446,0.713,0.7133,0.8844,0.8962,5.1524,0.0002,RandomForest,0.9895988866334003,0.9793779057043064,1.0,0.996496269409155,1.0,0.9793561400015371,0.9895635159486238,0.9824615321996191,0.9760703928377121
stars,R,240.0,0.2042,0.9319,0.0084,1948.5,278.7682,0.98,550.5508,1.6585,0.9999,0.9708,64.39,0.5671,0.6446,0.713,0.7133,0.8844,0.8962,5.1524,0.0002,AdaBoost,0.35075880820612615,0.3548616179123842,0.4587210205756401,0.3548616179123842,0.3548616179123842,0.34091861945968743,0.346152646745126,0.3467756273566259,0.3548616179123842
stars,R,240.0,0.2042,0.9319,0.0084,1948.5,278.7682,0.98,550.5508,1.6585,0.9999,0.9708,64.39,0.5671,0.6446,0.713,0.7133,0.8844,0.8962,5.1524,0.0002,SVC,0.9194269147290961,0.9198682408084504,0.9369112967483535,0.9369112967483535,0.9369112967483535,0.9094848191496248,0.9196779105465879,0.9194269147290961,0.9028849670450737
stars,R,240.0,0.1792,0.9239,0.0084,1783.0,239.9848,0.795,508.8129,1.8706,1.742,0.7856,61.884,0.4984,0.609,0.697,0.7007,0.8726,0.8876,5.1723,0.0002,DecisionTree,1.0,0.9826664462081128,0.9825875928544057,1.0,0.9790817498237089,1.0,0.9930332977207977,1.0,1.0
stars,R,240.0,0.1792,0.9239,0.0084,1783.0,239.9848,0.795,508.8129,1.8706,1.742,0.7856,61.884,0.4984,0.609,0.697,0.7007,0.8726,0.8876,5.1723,0.0002,LogisticRegression,0.9477205709682842,0.9547677237632552,0.9786874086764438,0.9786874086764438,0.9752452489842841,0.9509444463462279,0.9613993421262245,0.9577376900833594,0.940568312182704
stars,R,240.0,0.1792,0.9239,0.0084,1783.0,239.9848,0.795,508.8129,1.8706,1.742,0.7856,61.884,0.4984,0.609,0.697,0.7007,0.8726,0.8876,5.1723,0.0002,KNN,0.8972509607253281,0.912105284430576,0.9297600157419686,0.9226433855649937,0.9297600157419686,0.9156141829394746,0.9262877935197464,0.8939418465851208,0.8941673155605897
stars,R,240.0,0.1792,0.9239,0.0084,1783.0,239.9848,0.795,508.8129,1.8706,1.742,0.7856,61.884,0.4984,0.609,0.697,0.7007,0.8726,0.8876,5.1723,0.0002,RandomForest,0.9930687830687831,0.9928882575757576,1.0,0.9965109427609428,1.0,0.9930856180856181,0.9895340016410923,0.968565790169051,0.9965578403078403
stars,R,240.0,0.1792,0.9239,0.0084,1783.0,239.9848,0.795,508.8129,1.8706,1.742,0.7856,61.884,0.4984,0.609,0.697,0.7007,0.8726,0.8876,5.1723,0.0002,AdaBoost,0.3548616179123842,0.3548616179123842,0.5176438038761697,0.3548616179123842,0.3548616179123842,0.3548616179123842,0.3548616179123842,0.3548616179123842,0.3548616179123842
stars,R,240.0,0.1792,0.9239,0.0084,1783.0,239.9848,0.795,508.8129,1.8706,1.742,0.7856,61.884,0.4984,0.609,0.697,0.7007,0.8726,0.8876,5.1723,0.0002,SVC,0.9126736256156247,0.9198502589868327,0.9369112967483535,0.9369112967483535,0.9369112967483535,0.92680106849199,0.9266609121018335,0.9083859572654565,0.9010762864835635
stars,R,240.0,0.1583,0.9158,0.0088,1679.0,221.2229,0.59,493.7592,1.985,2.1336,0.5802,35.8996,0.5289,0.6156,0.6916,0.7006,0.8615,0.8878,5.1838,0.0002,DecisionTree,1.0,1.0,0.9965007039202946,1.0,0.9853555990251897,1.0,1.0,1.0,0.9825540034487154
stars,R,240.0,0.1583,0.9158,0.0088,1679.0,221.2229,0.59,493.7592,1.985,2.1336,0.5802,35.8996,0.5289,0.6156,0.6916,0.7006,0.8615,0.8878,5.1838,0.0002,LogisticRegression,0.9273595516684967,0.9308549004252833,0.9786874086764438,0.9786874086764438,0.9786874086764438,0.9310104563103063,0.9378835717858512,0.9272549452816148,0.9263642125372901
stars,R,240.0,0.1583,0.9158,0.0088,1679.0,221.2229,0.59,493.7592,1.985,2.1336,0.5802,35.8996,0.5289,0.6156,0.6916,0.7006,0.8615,0.8878,5.1838,0.0002,KNN,0.8640964729180381,0.8683034558696332,0.9298404637756331,0.9298404637756331,0.9259792715763183,0.8899398858488025,0.8782812126839977,0.8685625623841275,0.8759947800286967
stars,R,240.0,0.1583,0.9158,0.0088,1679.0,221.2229,0.59,493.7592,1.985,2.1336,0.5802,35.8996,0.5289,0.6156,0.6916,0.7006,0.8615,0.8878,5.1838,0.0002,RandomForest,0.9789266513056836,0.9895721506530686,1.0,1.0,1.0,0.9825976436785616,0.986081556884697,0.9648603251000494,0.9895721506530686
stars,R,240.0,0.1583,0.9158,0.0088,1679.0,221.2229,0.59,493.7592,1.985,2.1336,0.5802,35.8996,0.5289,0.6156,0.6916,0.7006,0.8615,0.8878,5.1838,0.0002,AdaBoost,0.3548616179123842,0.3548616179123842,0.44805857102313046,0.3548616179123842,0.3548616179123842,0.3548616179123842,0.3548616179123842,0.3548616179123842,0.42573229886832736
stars,R,240.0,0.1583,0.9158,0.0088,1679.0,221.2229,0.59,493.7592,1.985,2.1336,0.5802,35.8996,0.5289,0.6156,0.6916,0.7006,0.8615,0.8878,5.1838,0.0002,SVC,0.9059970523652511,0.903048159785305,0.9436036726368614,0.9436036726368614,0.940187126492528,0.9105604394668844,0.9029688673372815,0.906042249268548,0.9029954955436716
stars,R,240.0,0.1,0.912,0.0087,1783.0,231.9521,0.6725,511.6401,1.9556,2.0324,0.663,39.6515,0.4774,0.6094,0.6887,0.7066,0.8615,0.8914,5.2461,0.0002,DecisionTree,1.0,1.0,0.9895816827416385,1.0,1.0,1.0,1.0,1.0,1.0
stars,R,240.0,0.1,0.912,0.0087,1783.0,231.9521,0.6725,511.6401,1.9556,2.0324,0.663,39.6515,0.4774,0.6094,0.6887,0.7066,0.8615,0.8914,5.2461,0.0002,LogisticRegression,0.958169960183849,0.9578879682529151,0.9752452489842841,0.9752452489842841,0.9683828255467598,0.9547119637439963,0.9647434640973149,0.9617743262391678,0.9550462838947771
stars,R,240.0,0.1,0.912,0.0087,1783.0,231.9521,0.6725,511.6401,1.9556,2.0324,0.663,39.6515,0.4774,0.6094,0.6887,0.7066,0.8615,0.8914,5.2461,0.0002,KNN,0.9226491768446257,0.9260139371168192,0.9226433855649937,0.9259792715763183,0.9259792715763183,0.922514632977002,0.9223861078987123,0.9153705539757251,0.9153705539757251
stars,R,240.0,0.1,0.912,0.0087,1783.0,231.9521,0.6725,511.6401,1.9556,2.0324,0.663,39.6515,0.4774,0.6094,0.6887,0.7066,0.8615,0.8914,5.2461,0.0002,RandomForest,0.9930894804017719,0.9965316400939316,0.9965109427609428,1.0,1.0,0.9930916567329611,1.0,0.9930894804017719,0.9930894804017719
stars,R,240.0,0.1,0.912,0.0087,1783.0,231.9521,0.6725,511.6401,1.9556,2.0324,0.663,39.6515,0.4774,0.6094,0.6887,0.7066,0.8615,0.8914,5.2461,0.0002,AdaBoost,0.3548616179123842,0.3548616179123842,0.3548616179123842,0.3548616179123842,0.3548616179123842,0.3548616179123842,0.44805857102313046,0.3548616179123842,0.3548616179123842
stars,R,240.0,0.1,0.912,0.0087,1783.0,231.9521,0.6725,511.6401,1.9556,2.0324,0.663,39.6515,0.4774,0.6094,0.6887,0.7066,0.8615,0.8914,5.2461,0.0002,SVC,0.926703373485574,0.9267330781023929,0.9512756835369675,0.9512756835369675,0.9512756835369675,0.9305955671989283,0.9301101023127504,0.922889564408851,0.922889564408851
stars,R,240.0,0.0375,0.9048,0.0084,1948.5,245.9903,0.865,524.0301,1.8725,1.7621,0.8558,45.39,0.532,0.614,0.6983,0.7046,0.8719,0.8898,5.3013,0.0002,DecisionTree,0.9964646464646465,0.9930521613989356,0.9790860734745143,0.996536074605071,0.9789889288959607,1.0,0.9929863855950813,0.9895808318489748,0.9929807332585111
stars,R,240.0,0.0375,0.9048,0.0084,1948.5,245.9903,0.865,524.0301,1.8725,1.7621,0.8558,45.39,0.532,0.614,0.6983,0.7046,0.8719,0.8898,5.3013,0.0002,LogisticRegression,0.9786874086764438,0.9685096354598774,0.9786874086764438,0.9786874086764438,0.9786874086764438,0.9752452489842841,0.9786874086764438,0.9786874086764438,0.9582544875479195
stars,R,240.0,0.0375,0.9048,0.0084,1948.5,245.9903,0.865,524.0301,1.8725,1.7621,0.8558,45.39,0.532,0.614,0.6983,0.7046,0.8719,0.8898,5.3013,0.0002,KNN,0.9259792715763183,0.9224082231058446,0.9259792715763183,0.9259792715763183,0.9259792715763183,0.9259792715763183,0.9259792715763183,0.9259792715763183,0.9224082231058446
stars,R,240.0,0.0375,0.9048,0.0084,1948.5,245.9903,0.865,524.0301,1.8725,1.7621,0.8558,45.39,0.532,0.614,0.6983,0.7046,0.8719,0.8898,5.3013,0.0002,RandomForest,1.0,1.0,1.0,1.0,1.0,1.0,0.9965007039202946,1.0,0.996516595097513
stars,R,240.0,0.0375,0.9048,0.0084,1948.5,245.9903,0.865,524.0301,1.8725,1.7621,0.8558,45.39,0.532,0.614,0.6983,0.7046,0.8719,0.8898,5.3013,0.0002,AdaBoost,0.44453490847169014,0.3548616179123842,0.3940820498591093,0.3548616179123842,0.443664052375563,0.3548616179123842,0.4836797346992383,0.3548616179123842,0.3548616179123842
stars,R,240.0,0.0375,0.9048,0.0084,1948.5,245.9903,0.865,524.0301,1.8725,1.7621,0.8558,45.39,0.532,0.614,0.6983,0.7046,0.8719,0.8898,5.3013,0.0002,SVC,0.940187126492528,0.9332929789814914,0.940187126492528,0.940187126492528,0.940187126492528,0.940187126492528,0.9369112967483535,0.940187126492528,0.929915954771134
stars,A_M,240.0,0.5458,0.9633,-11.33,20.02,3.1565,2.41,10.3086,0.0634,-1.6244,9.75,19.21,0.6103,0.6832,0.7176,0.7218,0.8875,0.8966,4.6405,0.0003,DecisionTree,0.9653067423938568,0.9653067423938568,0.9374611540786033,0.9443897664893327,0.9584566370212151,0.9720968658506468,0.9584116897495013,0.9584335795787853,0.9653067423938568
stars,A_M,240.0,0.5458,0.9633,-11.33,20.02,3.1565,2.41,10.3086,0.0634,-1.6244,9.75,19.21,0.6103,0.6832,0.7176,0.7218,0.8875,0.8966,4.6405,0.0003,LogisticRegression,0.8022546657659136,0.8085124278509838,0.9409319418215145,0.9341070254498495,0.927150885121242,0.817428155861294,0.7997611825450843,0.7578331932323521,0.6992530882958882
stars,A_M,240.0,0.5458,0.9633,-11.33,20.02,3.1565,2.41,10.3086,0.0634,-1.6244,9.75,19.21,0.6103,0.6832,0.7176,0.7218,0.8875,0.8966,4.6405,0.0003,KNN,0.8942383928695163,0.9053695096274607,0.8991804046076132,0.8888628131699159,0.8750091378604452,0.887587902011235,0.8164951186938171,0.783284163925415,0.8763990275694022
stars,A_M,240.0,0.5458,0.9633,-11.33,20.02,3.1565,2.41,10.3086,0.0634,-1.6244,9.75,19.21,0.6103,0.6832,0.7176,0.7218,0.8875,0.8966,4.6405,0.0003,RandomForest,0.9446543468683383,0.9481613299359443,0.9656127244668911,0.9586453743655116,0.965506478142468,0.9618121611649004,0.9721300137487429,0.948035874093731,0.9756556758317629
stars,A_M,240.0,0.5458,0.9633,-11.33,20.02,3.1565,2.41,10.3086,0.0634,-1.6244,9.75,19.21,0.6103,0.6832,0.7176,0.7218,0.8875,0.8966,4.6405,0.0003,AdaBoost,0.391465057751732,0.391465057751732,0.391465057751732,0.4341162580167842,0.391465057751732,0.391465057751732,0.391465057751732,0.391465057751732,0.391465057751732
stars,A_M,240.0,0.5458,0.9633,-11.33,20.02,3.1565,2.41,10.3086,0.0634,-1.6244,9.75,19.21,0.6103,0.6832,0.7176,0.7218,0.8875,0.8966,4.6405,0.0003,SVC,0.7586814012227503,0.7669931085861819,0.8672574741794453,0.9129629099804091,0.8955436931969522,0.777461469969217,0.7883822293656673,0.759829611412673,0.6997707397795723
stars,A_M,240.0,0.425,0.9638,-11.75,20.02,3.9474,4.21,10.3908,-0.0371,-1.6871,10.125,19.44,0.5682,0.6828,0.6899,0.7226,0.8687,0.9048,4.877,0.0002,DecisionTree,0.9653067423938568,0.9653067423938568,0.9516585509009894,0.9514037995117477,0.944479106573783,0.9653067423938568,0.954934716265344,0.9618791607097884,0.9653067423938568
stars,A_M,240.0,0.425,0.9638,-11.75,20.02,3.9474,4.21,10.3908,-0.0371,-1.6871,10.125,19.44,0.5682,0.6828,0.6899,0.7226,0.8687,0.9048,4.877,0.0002,LogisticRegression,0.7940219794524987,0.7426883497627481,0.934348865002366,0.9240671078299002,0.9203183809232784,0.8319986820961519,0.823432257026298,0.7483220791030638,0.7356061048406832
stars,A_M,240.0,0.425,0.9638,-11.75,20.02,3.9474,4.21,10.3908,-0.0371,-1.6871,10.125,19.44,0.5682,0.6828,0.6899,0.7226,0.8687,0.9048,4.877,0.0002,KNN,0.8733052982038377,0.8912123198047136,0.8850530433556592,0.8987879194653137,0.8785000317715557,0.8772346477214226,0.8463431853252017,0.8098158863061945,0.8671895177292948
stars,A_M,240.0,0.425,0.9638,-11.75,20.02,3.9474,4.21,10.3908,-0.0371,-1.6871,10.125,19.44,0.5682,0.6828,0.6899,0.7226,0.8687,0.9048,4.877,0.0002,RandomForest,0.9550851690212416,0.9618608248854392,0.9586116693054033,0.9549857999854677,0.9515739462965467,0.9618608248854392,0.9688188332205255,0.955157930711238,0.9585708756985911
stars,A_M,240.0,0.425,0.9638,-11.75,20.02,3.9474,4.21,10.3908,-0.0371,-1.6871,10.125,19.44,0.5682,0.6828,0.6899,0.7226,0.8687,0.9048,4.877,0.0002,AdaBoost,0.391465057751732,0.391465057751732,0.4346997429301512,0.4346997429301512,0.4312878892412302,0.391465057751732,0.391465057751732,0.391465057751732,0.391465057751732
stars,A_M,240.0,0.425,0.9638,-11.75,20.02,3.9474,4.21,10.3908,-0.0371,-1.6871,10.125,19.44,0.5682,0.6828,0.6899,0.7226,0.8687,0.9048,4.877,0.0002,SVC,0.7353995578681857,0.7380808349244627,0.8954513585961559,0.9025526424244135,0.9025526424244135,0.8453007160376227,0.8416067908053539,0.7674884236197859,0.728455923881423
stars,A_M,240.0,0.45,0.9773,-11.75,20.06,3.7672,3.805,10.4284,0.0049,-1.6625,10.005,19.35,0.5901,0.691,0.7255,0.7416,0.8918,0.9113,4.8513,0.0001,DecisionTree,0.9653067423938568,0.9653067423938568,0.961785588465696,0.9721501753153086,0.9583916870454787,0.9653067423938568,0.9618791607097884,0.9618791607097884,0.9653067423938568
stars,A_M,240.0,0.45,0.9773,-11.75,20.06,3.7672,3.805,10.4284,0.0049,-1.6625,10.005,19.35,0.5901,0.691,0.7255,0.7416,0.8918,0.9113,4.8513,0.0001,LogisticRegression,0.8106359818421985,0.7916580085899554,0.9544603005019672,0.9543154434978376,0.9441279191590939,0.8679054111900371,0.8200222813633019,0.7574125080432852,0.7132311494491057
stars,A_M,240.0,0.45,0.9773,-11.75,20.06,3.7672,3.805,10.4284,0.0049,-1.6625,10.005,19.35,0.5901,0.691,0.7255,0.7416,0.8918,0.9113,4.8513,0.0001,KNN,0.9112929264480073,0.9080340567386704,0.909411955049737,0.9229569038077736,0.8958828880247454,0.8864556641970325,0.8161290438639394,0.8309411896399649,0.9117389350687362
stars,A_M,240.0,0.45,0.9773,-11.75,20.06,3.7672,3.805,10.4284,0.0049,-1.6625,10.005,19.35,0.5901,0.691,0.7255,0.7416,0.8918,0.9113,4.8513,0.0001,RandomForest,0.9550645852054297,0.9550403544359365,0.9722919672919673,0.98266635698764,0.9827619455727442,0.9684836503624313,0.9615392059179869,0.9690162160701179,0.9896411464157607
stars,A_M,240.0,0.45,0.9773,-11.75,20.06,3.7672,3.805,10.4284,0.0049,-1.6625,10.005,19.35,0.5901,0.691,0.7255,0.7416,0.8918,0.9113,4.8513,0.0001,AdaBoost,0.391465057751732,0.391465057751732,0.46651635955477144,0.5501771407487727,0.4312878892412302,0.391465057751732,0.391465057751732,0.391465057751732,0.391465057751732
stars,A_M,240.0,0.45,0.9773,-11.75,20.06,3.7672,3.805,10.4284,0.0049,-1.6625,10.005,19.35,0.5901,0.691,0.7255,0.7416,0.8918,0.9113,4.8513,0.0001,SVC,0.8038539251352628,0.7743996521277828,0.9230380799915998,0.9403509622624404,0.905841282112411,0.8672657242277257,0.8253477494804502,0.822790551039515,0.6924472214600257
stars,A_M,240.0,0.375,0.98,-11.75,20.02,3.6456,4.57,10.0944,-0.0164,-1.6048,9.485,19.0868,0.5825,0.675,0.7435,0.7598,0.9118,0.9131,4.9829,0.0001,DecisionTree,0.9618030118030119,0.9618030118030119,0.964853995348787,0.9683298250746166,0.9753820314960415,0.9618030118030119,0.9549298489879403,0.9583754301189434,0.9618030118030119
stars,A_M,240.0,0.375,0.98,-11.75,20.02,3.6456,4.57,10.0944,-0.0164,-1.6048,9.485,19.0868,0.5825,0.675,0.7435,0.7598,0.9118,0.9131,4.9829,0.0001,LogisticRegression,0.7085922666514771,0.7337446807168322,0.9717100711464497,0.9613523270387057,0.9647552286033719,0.8430362007936856,0.7575933294364804,0.7300807613465968,0.7098376409008837
stars,A_M,240.0,0.375,0.98,-11.75,20.02,3.6456,4.57,10.0944,-0.0164,-1.6048,9.485,19.0868,0.5825,0.675,0.7435,0.7598,0.9118,0.9131,4.9829,0.0001,KNN,0.9045681058984496,0.9189580355298247,0.9120634380752737,0.915740338660069,0.9192879935174666,0.9123023969297417,0.843265201997626,0.8371306160112612,0.8799795498595868
stars,A_M,240.0,0.375,0.98,-11.75,20.02,3.6456,4.57,10.0944,-0.0164,-1.6048,9.485,19.0868,0.5825,0.675,0.7435,0.7598,0.9118,0.9131,4.9829,0.0001,RandomForest,0.9618506272937003,0.9722971236342939,0.9930226624700059,0.9823755787037036,0.9894277851251285,0.9618260453906234,0.9719276376915266,0.9722648179769883,0.979071693791017
stars,A_M,240.0,0.375,0.98,-11.75,20.02,3.6456,4.57,10.0944,-0.0164,-1.6048,9.485,19.0868,0.5825,0.675,0.7435,0.7598,0.9118,0.9131,4.9829,0.0001,AdaBoost,0.391465057751732,0.391465057751732,0.5743112647266466,0.45806810395223585,0.5431232686949006,0.391465057751732,0.391465057751732,0.391465057751732,0.391465057751732
stars,A_M,240.0,0.375,0.98,-11.75,20.02,3.6456,4.57,10.0944,-0.0164,-1.6048,9.485,19.0868,0.5825,0.675,0.7435,0.7598,0.9118,0.9131,4.9829,0.0001,SVC,0.7035156495627457,0.7221749436530744,0.9469947441702183,0.9296465345621653,0.9365147704929012,0.8170399762626119,0.7598948091519779,0.7491523469745637,0.7027007531262522
stars,A_M,240.0,0.2625,0.9605,-11.92,20.02,3.7399,4.68,10.6715,-0.0165,-1.6824,10.59,20.61,0.6187,0.6829,0.6944,0.7172,0.8833,0.8868,5.1213,0.0001,DecisionTree,0.9653067423938568,0.9653067423938568,0.9719996089603933,0.982490320975984,0.982490320975984,0.9619382873716716,0.9618791607097884,0.9618791607097884,0.9653067423938568
stars,A_M,240.0,0.2625,0.9605,-11.92,20.02,3.7399,4.68,10.6715,-0.0165,-1.6824,10.59,20.61,0.6187,0.6829,0.6944,0.7172,0.8833,0.8868,5.1213,0.0001,LogisticRegression,0.7945441578270462,0.7739277924727591,0.9752284139674491,0.9751881125967383,0.9716990553576811,0.885381264996214,0.8820316553398894,0.7668612759520123,0.7669720785830594
stars,A_M,240.0,0.2625,0.9605,-11.92,20.02,3.7399,4.68,10.6715,-0.0165,-1.6824,10.59,20.61,0.6187,0.6829,0.6944,0.7172,0.8833,0.8868,5.1213,0.0001,KNN,0.9259730570428368,0.9190749368409036,0.9225346066733201,0.9259792715763183,0.9332840013792206,0.9126585198885555,0.8928524817688904,0.870042973191956,0.9036441564842134
stars,A_M,240.0,0.2625,0.9605,-11.92,20.02,3.7399,4.68,10.6715,-0.0165,-1.6824,10.59,20.61,0.6187,0.6829,0.6944,0.7172,0.8833,0.8868,5.1213,0.0001,RandomForest,0.9759261610286919,0.9793147718391777,0.9965410052910053,0.9827699949227727,0.9895394244590151,0.9792494155678517,0.9860964674781725,0.9757239644983703,0.9861390119761264
stars,A_M,240.0,0.2625,0.9605,-11.92,20.02,3.7399,4.68,10.6715,-0.0165,-1.6824,10.59,20.61,0.6187,0.6829,0.6944,0.7172,0.8833,0.8868,5.1213,0.0001,AdaBoost,0.391465057751732,0.391465057751732,0.5125399593446519,0.5197766027249723,0.5197766027249723,0.3895207254048573,0.391465057751732,0.391465057751732,0.391465057751732
stars,A_M,240.0,0.2625,0.9605,-11.92,20.02,3.7399,4.68,10.6715,-0.0165,-1.6824,10.59,20.61,0.6187,0.6829,0.6944,0.7172,0.8833,0.8868,5.1213,0.0001,SVC,0.8010599643306198,0.7961406952504049,0.9369112967483535,0.9403704417699985,0.9403704417699985,0.8773196143608643,0.8740712349246194,0.7899821932585696,0.6964981212817767
stars,A_M,240.0,0.2708,0.9543,-11.92,20.06,4.4826,10.12,10.7483,-0.1217,-1.643,8.58,20.395,0.6252,0.693,0.6978,0.7068,0.8694,0.8928,5.1014,0.0002,DecisionTree,0.972224112980818,0.972224112980818,0.9790496071223845,0.9721858128865143,0.9790496071223845,0.9755881348141631,0.9755773849001623,0.9688796026358596,0.972224112980818
stars,A_M,240.0,0.2708,0.9543,-11.92,20.06,4.4826,10.12,10.7483,-0.1217,-1.643,8.58,20.395,0.6252,0.693,0.6978,0.7068,0.8694,0.8928,5.1014,0.0002,LogisticRegression,0.8370014444080311,0.809566054105375,0.9752466948228443,0.9682583415040816,0.9717473987431389,0.909589151535035,0.9136487863355751,0.8002414545951319,0.7534325457152524
stars,A_M,240.0,0.2708,0.9543,-11.92,20.06,4.4826,10.12,10.7483,-0.1217,-1.643,8.58,20.395,0.6252,0.693,0.6978,0.7068,0.8694,0.8928,5.1014,0.0002,KNN,0.8822045215975464,0.915350614955751,0.9225424200388727,0.9225424200388727,0.9225424200388727,0.8619241871861814,0.8721963986965142,0.8660694204904636,0.9049841964962981
stars,A_M,240.0,0.2708,0.9543,-11.92,20.06,4.4826,10.12,10.7483,-0.1217,-1.643,8.58,20.395,0.6252,0.693,0.6978,0.7068,0.8694,0.8928,5.1014,0.0002,RandomForest,0.9791390503330468,0.9791390503330468,0.9965592861464005,0.9791234970329799,0.9826074102391152,0.9790244752782563,0.9826074102391152,0.9792662940507768,0.9826074102391152
stars,A_M,240.0,0.2708,0.9543,-11.92,20.06,4.4826,10.12,10.7483,-0.1217,-1.643,8.58,20.395,0.6252,0.693,0.6978,0.7068,0.8694,0.8928,5.1014,0.0002,AdaBoost,0.391465057751732,0.391465057751732,0.4180242422315749,0.415927700573863,0.4180242422315749,0.391465057751732,0.391465057751732,0.391465057751732,0.391465057751732
stars,A_M,240.0,0.2708,0.9543,-11.92,20.06,4.4826,10.12,10.7483,-0.1217,-1.643,8.58,20.395,0.6252,0.693,0.6978,0.7068,0.8694,0.8928,5.1014,0.0002,SVC,0.8269857886505823,0.7872050460095656,0.9335067725067149,0.9335067725067149,0.9335067725067149,0.9094162196521335,0.8864280351702613,0.8047394676799063,0.6996556758852687
stars,A_M,240.0,0.2042,0.9738,-11.75,20.02,4.2058,6.228,10.4476,-0.1074,-1.647,10.208,19.841,0.6075,0.6793,0.7057,0.7104,0.8804,0.8941,5.216,0.0001,DecisionTree,0.9653067423938568,0.9653067423938568,0.9790447398449809,0.975590889168908,0.982490320975984,0.9653067423938568,0.9755651370234704,0.9618791607097884,0.9653067423938568
stars,A_M,240.0,0.2042,0.9738,-11.75,20.02,4.2058,6.228,10.4476,-0.1074,-1.647,10.208,19.841,0.6075,0.6793,0.7057,0.7104,0.8804,0.8941,5.216,0.0001,LogisticRegression,0.7986495482470813,0.7673140609509164,0.9751881125967383,0.9648309926856324,0.9647809156270414,0.9164896752256831,0.917345394143642,0.769196946583802,0.7442148799685535
stars,A_M,240.0,0.2042,0.9738,-11.75,20.02,4.2058,6.228,10.4476,-0.1074,-1.647,10.208,19.841,0.6075,0.6793,0.7057,0.7104,0.8804,0.8941,5.216,0.0001,KNN,0.9112838067662514,0.9222966510810104,0.9332840013792206,0.9259792715763183,0.9332840013792206,0.900978242387813,0.8843681715096237,0.9024937330811116,0.8897814982239397
stars,A_M,240.0,0.2042,0.9738,-11.75,20.02,4.2058,6.228,10.4476,-0.1074,-1.647,10.208,19.841,0.6075,0.6793,0.7057,0.7104,0.8804,0.8941,5.216,0.0001,RandomForest,0.9722919984227262,0.9755561153721879,1.0,0.9824974947891615,0.9859697170113837,0.9721527925238082,0.9723195602886122,0.9791390503330468,0.9789162429085505
stars,A_M,240.0,0.2042,0.9738,-11.75,20.02,4.2058,6.228,10.4476,-0.1074,-1.647,10.208,19.841,0.6075,0.6793,0.7057,0.7104,0.8804,0.8941,5.216,0.0001,AdaBoost,0.391465057751732,0.391465057751732,0.5501771407487727,0.5501771407487727,0.5501771407487727,0.391465057751732,0.391465057751732,0.391465057751732,0.391465057751732
stars,A_M,240.0,0.2042,0.9738,-11.75,20.02,4.2058,6.228,10.4476,-0.1074,-1.647,10.208,19.841,0.6075,0.6793,0.7057,0.7104,0.8804,0.8941,5.216,0.0001,SVC,0.8408359009287977,0.8100477307772226,0.9436278403461275,0.9403520106019531,0.9436278403461275,0.9228913052797212,0.9027667365255689,0.8372304916556357,0.6958261462741506
stars,A_M,240.0,0.1542,0.9557,-11.92,20.06,3.986,4.78,10.3641,-0.0568,-1.6608,10.01,19.7125,0.5951,0.6863,0.7083,0.7101,0.8791,0.8936,5.2492,0.0001,DecisionTree,0.9653067423938568,0.9653067423938568,0.9542609478393792,0.9719559298725966,0.9719559298725966,0.9653067423938568,0.9618791607097884,0.9618791607097884,0.9653067423938568
stars,A_M,240.0,0.1542,0.9557,-11.92,20.06,3.986,4.78,10.3641,-0.0568,-1.6608,10.01,19.7125,0.5951,0.6863,0.7083,0.7101,0.8791,0.8936,5.2492,0.0001,LogisticRegression,0.7748084705273208,0.7411013656871749,0.9647881216889216,0.9648279268848375,0.9647881216889216,0.8911750782533033,0.8981069724413226,0.7247180019300967,0.7237900036529422
stars,A_M,240.0,0.1542,0.9557,-11.92,20.06,3.986,4.78,10.3641,-0.0568,-1.6608,10.01,19.7125,0.5951,0.6863,0.7083,0.7101,0.8791,0.8936,5.2492,0.0001,KNN,0.9262193206236679,0.9262193206236679,0.9087473268542566,0.9121919917572548,0.9121919917572548,0.9124325494026861,0.8787381573946753,0.8874420638872268,0.9115682921729824
stars,A_M,240.0,0.1542,0.9557,-11.92,20.06,3.986,4.78,10.3641,-0.0568,-1.6608,10.01,19.7125,0.5951,0.6863,0.7083,0.7101,0.8791,0.8936,5.2492,0.0001,RandomForest,0.9826859505575787,0.9965592861464005,0.9895649379020522,0.9860016835016836,0.9825426887926887,0.9895877678444729,0.9827240808034298,0.9792091594212737,0.9860923340809211
stars,A_M,240.0,0.1542,0.9557,-11.92,20.06,3.986,4.78,10.3641,-0.0568,-1.6608,10.01,19.7125,0.5951,0.6863,0.7083,0.7101,0.8791,0.8936,5.2492,0.0001,AdaBoost,0.391465057751732,0.391465057751732,0.44151796780464203,0.44151796780464203,0.44151796780464203,0.391465057751732,0.391465057751732,0.391465057751732,0.391465057751732
stars,A_M,240.0,0.1542,0.9557,-11.92,20.06,3.986,4.78,10.3641,-0.0568,-1.6608,10.01,19.7125,0.5951,0.6863,0.7083,0.7101,0.8791,0.8936,5.2492,0.0001,SVC,0.7830068693763044,0.7490601712485441,0.933264083732371,0.9367826022508895,0.9262688374458111,0.8819838847120154,0.8819838847120154,0.8012608547185306,0.6993820552546398
stars,A_M,240.0,0.1292,0.9569,-11.92,20.06,4.4704,10.18,10.6471,-0.1366,-1.6498,7.91,20.02,0.6133,0.7164,0.6818,0.6922,0.8588,0.8842,5.2801,0.0001,DecisionTree,0.9825135325173135,0.9825135325173135,0.9790288486677625,0.982490320975984,0.982490320975984,0.9792494155678517,0.9725140012654689,0.9790496071223845,0.985954246370913
stars,A_M,240.0,0.1292,0.9569,-11.92,20.06,4.4704,10.18,10.6471,-0.1366,-1.6498,7.91,20.02,0.6133,0.7164,0.6818,0.6922,0.8588,0.8842,5.2801,0.0001,LogisticRegression,0.9168647375066358,0.893999420905169,0.9752647012096186,0.9717654051299132,0.9786874086764438,0.9376567097640258,0.9309180514278121,0.8690594768120721,0.8597393645737118
stars,A_M,240.0,0.1292,0.9569,-11.92,20.06,4.4704,10.18,10.6471,-0.1366,-1.6498,7.91,20.02,0.6133,0.7164,0.6818,0.6922,0.8588,0.8842,5.2801,0.0001,KNN,0.9185205917493956,0.9222032122447035,0.9225565641094932,0.9259792715763183,0.9259792715763183,0.9084526634191377,0.9082763385763317,0.9078669848786834,0.922341434323396
stars,A_M,240.0,0.1292,0.9569,-11.92,20.06,4.4704,10.18,10.6471,-0.1366,-1.6498,7.91,20.02,0.6133,0.7164,0.6818,0.6922,0.8588,0.8842,5.2801,0.0001,RandomForest,0.9792098660192027,0.9861098293943432,1.0,0.9965277777777778,1.0,0.9894770551058362,0.9860964674781725,0.9791762538032213,0.9896449042320186
stars,A_M,240.0,0.1292,0.9569,-11.92,20.06,4.4704,10.18,10.6471,-0.1366,-1.6498,7.91,20.02,0.6133,0.7164,0.6818,0.6922,0.8588,0.8842,5.2801,0.0001,AdaBoost,0.391465057751732,0.391465057751732,0.5163151304167508,0.5197766027249723,0.5197766027249723,0.3895207254048573,0.3895207254048573,0.391465057751732,0.391465057751732
stars,A_M,240.0,0.1292,0.9569,-11.92,20.06,4.4704,10.18,10.6471,-0.1366,-1.6498,7.91,20.02,0.6133,0.7164,0.6818,0.6922,0.8588,0.8842,5.2801,0.0001,SVC,0.9160771599152406,0.912754009937928,0.9368231046591831,0.9368231046591831,0.9368231046591831,0.9300435443241635,0.9162469113020691,0.9018780546175282,0.7180168645613985
stars,A_M,240.0,0.0458,0.9563,-11.92,20.06,4.2042,5.49,10.5911,-0.0855,-1.6574,10.72,19.94,0.6129,0.6912,0.6971,0.7,0.8717,0.888,5.3709,0.0001,DecisionTree,0.982490320975984,0.982490320975984,0.982490320975984,0.982490320975984,0.982490320975984,0.982490320975984,0.982490320975984,0.982490320975984,0.982490320975984
stars,A_M,240.0,0.0458,0.9563,-11.92,20.06,4.2042,5.49,10.5911,-0.0855,-1.6574,10.72,19.94,0.6129,0.6912,0.6971,0.7,0.8717,0.888,5.3709,0.0001,LogisticRegression,0.9616223436533283,0.97903162689229,0.9716990553576811,0.9786874086764438,0.9716990553576811,0.9756150807479566,0.9686654922705903,0.9683610937217568,0.9437781818521453
stars,A_M,240.0,0.0458,0.9563,-11.92,20.06,4.2042,5.49,10.5911,-0.0855,-1.6574,10.72,19.94,0.6129,0.6912,0.6971,0.7,0.8717,0.888,5.3709,0.0001,KNN,0.9152006520476988,0.9188878867131943,0.9259792715763183,0.9259792715763183,0.9259792715763183,0.9188878867131943,0.9152006520476988,0.9222032122447035,0.9150524219341909
stars,A_M,240.0,0.0458,0.9563,-11.92,20.06,4.2042,5.49,10.5911,-0.0855,-1.6574,10.72,19.94,0.6129,0.6912,0.6971,0.7,0.8717,0.888,5.3709,0.0001,RandomForest,0.9965007039202946,0.9965007039202946,1.0,1.0,1.0,0.9965007039202946,0.9860481240927147,0.9895776960494702,1.0
stars,A_M,240.0,0.0458,0.9563,-11.92,20.06,4.2042,5.49,10.5911,-0.0855,-1.6574,10.72,19.94,0.6129,0.6912,0.6971,0.7,0.8717,0.888,5.3709,0.0001,AdaBoost,0.5197766027249723,0.5197766027249723,0.5197766027249723,0.5197766027249723,0.5197766027249723,0.5197766027249723,0.5197766027249723,0.5201717579812386,0.5197766027249723
stars,A_M,240.0,0.0458,0.9563,-11.92,20.06,4.2042,5.49,10.5911,-0.0855,-1.6574,10.72,19.94,0.6129,0.6912,0.6971,0.7,0.8717,0.888,5.3709,0.0001,SVC,0.9366885995565011,0.9366885995565011,0.940187126492528,0.940187126492528,0.940187126492528,0.940187126492528,0.9366885995565011,0.933324577723156,0.9162345877127184
visualizing_soil,northing,8641.0,0.4999,0.8792,-0.004,3.8049,1.8974,1.8156,1.1018,0.0275,-1.2473,0.9452,1.9237,0.0059,0.0153,0.0045,0.0164,0.0023,0.0214,8.1344,0.0,DecisionTree,0.8893794317594051,0.8708416470634096,0.8831746814166355,0.8950656450845691,0.8949606551422612,0.8971820311844589,0.8560020229697901,0.8701444516047152,0.8900657661669348
visualizing_soil,northing,8641.0,0.4999,0.8792,-0.004,3.8049,1.8974,1.8156,1.1018,0.0275,-1.2473,0.9452,1.9237,0.0059,0.0153,0.0045,0.0164,0.0023,0.0214,8.1344,0.0,LogisticRegression,0.823562600167892,0.7881355302871772,0.8781878071981286,0.8910761616130488,0.8864170805536179,0.8230922874959655,0.819405527802368,0.8092362110380495,0.8722944593695219
visualizing_soil,northing,8641.0,0.4999,0.8792,-0.004,3.8049,1.8974,1.8156,1.1018,0.0275,-1.2473,0.9452,1.9237,0.0059,0.0153,0.0045,0.0164,0.0023,0.0214,8.1344,0.0,KNN,0.8962202568288167,0.8912064589487502,0.8738581152470613,0.8927134754009821,0.8931153689577587,0.8961177035612096,0.8942094993178084,0.8684999734543054,0.8931271963348622
visualizing_soil,northing,8641.0,0.4999,0.8792,-0.004,3.8049,1.8974,1.8156,1.1018,0.0275,-1.2473,0.9452,1.9237,0.0059,0.0153,0.0045,0.0164,0.0023,0.0214,8.1344,0.0,RandomForest,0.8955461391672453,0.8910777799612,0.8875136487913716,0.898048270185118,0.8968942786157407,0.8953479085154097,0.8719792750309381,0.8532500295041686,0.8909207438858566
visualizing_soil,northing,8641.0,0.4999,0.8792,-0.004,3.8049,1.8974,1.8156,1.1018,0.0275,-1.2473,0.9452,1.9237,0.0059,0.0153,0.0045,0.0164,0.0023,0.0214,8.1344,0.0,AdaBoost,0.8895875507812172,0.8734456000632077,0.8848142471112431,0.8938770548479698,0.8900571812473534,0.9022433622410111,0.8676873090945425,0.864852613955748,0.8861870995391343
visualizing_soil,northing,8641.0,0.4999,0.8792,-0.004,3.8049,1.8974,1.8156,1.1018,0.0275,-1.2473,0.9452,1.9237,0.0059,0.0153,0.0045,0.0164,0.0023,0.0214,8.1344,0.0,SVC,0.8775653815453538,0.8842175392659679,0.8835746721318865,0.8950083796565799,0.8902428354712042,0.8769973088488757,0.8822425253141913,0.8674497206292398,0.889300275853822
visualizing_soil,northing,8641.0,0.4476,0.859,-0.01,3.805,1.9169,1.8213,1.1116,0.0041,-1.2708,0.9817,1.9478,0.0029,0.028,0.0033,0.014,0.0163,0.0184,8.1814,0.0,DecisionTree,0.8554175784265918,0.8888081349113832,0.8929102627696724,0.903143909622571,0.9040030476511863,0.9030103364649135,0.8707700977692784,0.876775572207165,0.8993984639162624
visualizing_soil,northing,8641.0,0.4476,0.859,-0.01,3.805,1.9169,1.8213,1.1116,0.0041,-1.2708,0.9817,1.9478,0.0029,0.028,0.0033,0.014,0.0163,0.0184,8.1814,0.0,LogisticRegression,0.8306019197146135,0.8092834276329398,0.8864498662558922,0.8973598260545952,0.8955319345185784,0.8280533048655284,0.8199522828877874,0.826489858046677,0.8857004541866055
visualizing_soil,northing,8641.0,0.4476,0.859,-0.01,3.805,1.9169,1.8213,1.1116,0.0041,-1.2708,0.9817,1.9478,0.0029,0.028,0.0033,0.014,0.0163,0.0184,8.1814,0.0,KNN,0.9007024445525884,0.901770815848925,0.8845407713702315,0.900555182045271,0.8965194548974863,0.9006002684627482,0.8980889337793164,0.8754307965590553,0.9007912768144133
visualizing_soil,northing,8641.0,0.4476,0.859,-0.01,3.805,1.9169,1.8213,1.1116,0.0041,-1.2708,0.9817,1.9478,0.0029,0.028,0.0033,0.014,0.0163,0.0184,8.1814,0.0,RandomForest,0.9037226885374279,0.901005073636842,0.8953275732983698,0.9062267680250798,0.9037248425365769,0.9020863394582774,0.8705842250282612,0.8660751523175656,0.9017669113957426
visualizing_soil,northing,8641.0,0.4476,0.859,-0.01,3.805,1.9169,1.8213,1.1116,0.0041,-1.2708,0.9817,1.9478,0.0029,0.028,0.0033,0.014,0.0163,0.0184,8.1814,0.0,AdaBoost,0.9024630335786451,0.8795417656095705,0.8900985284726902,0.8991940343254575,0.9009241473082851,0.9018939980024192,0.86958230436125,0.8782272599565921,0.8970282675077828
visualizing_soil,northing,8641.0,0.4476,0.859,-0.01,3.805,1.9169,1.8213,1.1116,0.0041,-1.2708,0.9817,1.9478,0.0029,0.028,0.0033,0.014,0.0163,0.0184,8.1814,0.0,SVC,0.8843349061662615,0.895384380276767,0.8903944608782375,0.9026167830161402,0.8992733180411264,0.8842514760299981,0.8849562772210651,0.8737930691516358,0.8968513289366716
visualizing_soil,northing,8641.0,0.3986,0.8628,-0.01,3.805,1.9061,1.8154,1.1072,0.0138,-1.2588,0.9636,1.9306,0.0091,0.0232,0.001,0.0084,0.0087,0.0127,8.2781,0.0,DecisionTree,0.871579537970274,0.8921273851387513,0.9100517146119902,0.9109366008796576,0.9105499394834011,0.914971064768583,0.8737024138932266,0.8804482601575814,0.9070886123532536
visualizing_soil,northing,8641.0,0.3986,0.8628,-0.01,3.805,1.9061,1.8154,1.1072,0.0138,-1.2588,0.9636,1.9306,0.0091,0.0232,0.001,0.0084,0.0087,0.0127,8.2781,0.0,LogisticRegression,0.8419914564192971,0.8161934218335763,0.8995530873694747,0.9001722472138847,0.8981301202518559,0.8419914483480697,0.8393946049680758,0.8340044313264954,0.8907982024545943
visualizing_soil,northing,8641.0,0.3986,0.8628,-0.01,3.805,1.9061,1.8154,1.1072,0.0138,-1.2588,0.9636,1.9306,0.0091,0.0232,0.001,0.0084,0.0087,0.0127,8.2781,0.0,KNN,0.9097738336033391,0.9095690418357345,0.9047338604130213,0.9106839643221021,0.909499948514739,0.9091897769069781,0.9041056803221693,0.8848540450390878,0.9077319705786688
visualizing_soil,northing,8641.0,0.3986,0.8628,-0.01,3.805,1.9061,1.8154,1.1072,0.0138,-1.2588,0.9636,1.9306,0.0091,0.0232,0.001,0.0084,0.0087,0.0127,8.2781,0.0,RandomForest,0.9117065390196308,0.906356425664002,0.911494926753699,0.9122855210823497,0.9106520863356007,0.9137288599326421,0.8726404602360911,0.8735380395089035,0.9083425684860778
visualizing_soil,northing,8641.0,0.3986,0.8628,-0.01,3.805,1.9061,1.8154,1.1072,0.0138,-1.2588,0.9636,1.9306,0.0091,0.0232,0.001,0.0084,0.0087,0.0127,8.2781,0.0,AdaBoost,0.9093972113465074,0.8941351193227975,0.9124502217602164,0.9133433589604305,0.909688012702534,0.9091992518649216,0.8750402623480207,0.8835623389364335,0.9098784584307813
visualizing_soil,northing,8641.0,0.3986,0.8628,-0.01,3.805,1.9061,1.8154,1.1072,0.0138,-1.2588,0.9636,1.9306,0.0091,0.0232,0.001,0.0084,0.0087,0.0127,8.2781,0.0,SVC,0.8912185698772683,0.9025941736419552,0.9080080670468126,0.9092763431483436,0.9092624089470311,0.8921952752235995,0.8887050859361579,0.8814080855059766,0.9047762938809896
visualizing_soil,northing,8641.0,0.3449,0.8582,-0.004,3.806,1.9256,1.8831,1.1077,0.0024,-1.2692,0.9752,1.9104,0.0089,0.0191,0.002,0.0193,0.0076,0.026,8.3502,0.0,DecisionTree,0.8867202272262832,0.9118414976354163,0.9189813734671652,0.923434640767842,0.920458216398198,0.9235897730189311,0.8909019563985046,0.8994907197427389,0.9206473856007119
visualizing_soil,northing,8641.0,0.3449,0.8582,-0.004,3.806,1.9256,1.8831,1.1077,0.0024,-1.2692,0.9752,1.9104,0.0089,0.0191,0.002,0.0193,0.0076,0.026,8.3502,0.0,LogisticRegression,0.8581516607224592,0.8355735950687582,0.9071759040106515,0.9121381227257166,0.9098100506611296,0.8567217367613218,0.8398357847015011,0.8563552220724018,0.9004683681304033
visualizing_soil,northing,8641.0,0.3449,0.8582,-0.004,3.806,1.9256,1.8831,1.1077,0.0024,-1.2692,0.9752,1.9104,0.0089,0.0191,0.002,0.0193,0.0076,0.026,8.3502,0.0,KNN,0.9214755455020542,0.9215948377016181,0.911432856860325,0.9204506985222165,0.9202727751220001,0.921475601203372,0.919648251568107,0.9090807453468099,0.9209195976795871
visualizing_soil,northing,8641.0,0.3449,0.8582,-0.004,3.806,1.9256,1.8831,1.1077,0.0024,-1.2692,0.9752,1.9104,0.0089,0.0191,0.002,0.0193,0.0076,0.026,8.3502,0.0,RandomForest,0.9268031153819959,0.9165888017138708,0.9215735039602748,0.9241137433970201,0.9227685425321354,0.9241111192732667,0.8796730597963323,0.8923657049450306,0.9207458915046941
visualizing_soil,northing,8641.0,0.3449,0.8582,-0.004,3.806,1.9256,1.8831,1.1077,0.0024,-1.2692,0.9752,1.9104,0.0089,0.0191,0.002,0.0193,0.0076,0.026,8.3502,0.0,AdaBoost,0.9226421928248348,0.9060840716651788,0.9188531439625833,0.9227489934060771,0.9212147024244808,0.9251166674566963,0.8867968934920849,0.9025102634463692,0.9213262091724432
visualizing_soil,northing,8641.0,0.3449,0.8582,-0.004,3.806,1.9256,1.8831,1.1077,0.0024,-1.2692,0.9752,1.9104,0.0089,0.0191,0.002,0.0193,0.0076,0.026,8.3502,0.0,SVC,0.9054006604583624,0.9143975809824719,0.916610059635022,0.9218854737144769,0.9204432614659541,0.9055068484593034,0.9054380842194587,0.8976609553231286,0.9185279981404976
visualizing_soil,northing,8641.0,0.297,0.8425,-0.004,3.806,1.9015,1.8114,1.1042,0.0263,-1.2559,0.9537,1.9022,0.0054,0.0282,0.0033,0.0107,0.0118,0.0153,8.3885,0.0,DecisionTree,0.9111825442076004,0.924509157452187,0.9340583188718525,0.9360262463970396,0.9360299252926711,0.935987977050142,0.8949853736068789,0.9075469700892616,0.936513227298754
visualizing_soil,northing,8641.0,0.297,0.8425,-0.004,3.806,1.9015,1.8114,1.1042,0.0263,-1.2559,0.9537,1.9022,0.0054,0.0282,0.0033,0.0107,0.0118,0.0153,8.3885,0.0,LogisticRegression,0.8813964038991151,0.8492537838802416,0.9243608724181002,0.9252714559982296,0.9196237687425556,0.8801488781412178,0.8566773906867596,0.8768964261212241,0.9172395786376819
visualizing_soil,northing,8641.0,0.297,0.8425,-0.004,3.806,1.9015,1.8114,1.1042,0.0263,-1.2559,0.9537,1.9022,0.0054,0.0282,0.0033,0.0107,0.0118,0.0153,8.3885,0.0,KNN,0.9342868149920146,0.9285954930819666,0.9293741151418199,0.932372182348002,0.9334259769272011,0.9335100240634255,0.929747026123815,0.9231517078613303,0.9333250041632738
visualizing_soil,northing,8641.0,0.297,0.8425,-0.004,3.806,1.9015,1.8114,1.1042,0.0263,-1.2559,0.9537,1.9022,0.0054,0.0282,0.0033,0.0107,0.0118,0.0153,8.3885,0.0,RandomForest,0.9332517136557574,0.924411845887477,0.9341633445611834,0.9369922214233375,0.9355524654633876,0.9352656850825835,0.9032221579594878,0.9114099772725437,0.9386232142491949
visualizing_soil,northing,8641.0,0.297,0.8425,-0.004,3.806,1.9015,1.8114,1.1042,0.0263,-1.2559,0.9537,1.9022,0.0054,0.0282,0.0033,0.0107,0.0118,0.0153,8.3885,0.0,AdaBoost,0.936291710368362,0.9164381964690467,0.9326298606733097,0.9371763338712704,0.9346806566384335,0.937247832640937,0.9013788443258476,0.9131512723903068,0.9375577859454167
visualizing_soil,northing,8641.0,0.297,0.8425,-0.004,3.806,1.9015,1.8114,1.1042,0.0263,-1.2559,0.9537,1.9022,0.0054,0.0282,0.0033,0.0107,0.0118,0.0153,8.3885,0.0,SVC,0.9145046980233618,0.9231202755970453,0.9301723552977731,0.9343625064437785,0.9334066997043325,0.9125081428287827,0.9080234471746189,0.9074712020770418,0.9306075967772697
visualizing_soil,northing,8641.0,0.2563,0.8424,-0.0038,3.806,1.911,1.8174,1.1053,0.0117,-1.2625,0.966,1.9069,0.0041,0.0125,0.0071,0.0155,0.0019,0.0206,8.4463,0.0,DecisionTree,0.9183510288828602,0.9318278745009756,0.9428823646496769,0.9424732291920918,0.9419749650755509,0.942059498741633,0.9023798851610128,0.9203402116135089,0.9422739035207758
visualizing_soil,northing,8641.0,0.2563,0.8424,-0.0038,3.806,1.911,1.8174,1.1053,0.0117,-1.2625,0.966,1.9069,0.0041,0.0125,0.0071,0.0155,0.0019,0.0206,8.4463,0.0,LogisticRegression,0.8921739251555314,0.8654057750928569,0.9328291878104928,0.9306542346388846,0.9281975159660245,0.887562796471987,0.8663245503213329,0.8900927752959154,0.9263983848581233
visualizing_soil,northing,8641.0,0.2563,0.8424,-0.0038,3.806,1.911,1.8174,1.1053,0.0117,-1.2625,0.966,1.9069,0.0041,0.0125,0.0071,0.0155,0.0019,0.0206,8.4463,0.0,KNN,0.9413056630691516,0.9388798203898672,0.9361991160653914,0.9423678442097956,0.9375350230057639,0.9413000540364628,0.9362722537259961,0.9256583521282417,0.9391676007805597
visualizing_soil,northing,8641.0,0.2563,0.8424,-0.0038,3.806,1.911,1.8174,1.1053,0.0117,-1.2625,0.966,1.9069,0.0041,0.0125,0.0071,0.0155,0.0019,0.0206,8.4463,0.0,RandomForest,0.9283239993694348,0.9314607601242781,0.9416563941204962,0.9433387358731706,0.9418003338122719,0.9304499747259896,0.8960822715744647,0.920551234914064,0.9428495148634609
visualizing_soil,northing,8641.0,0.2563,0.8424,-0.0038,3.806,1.911,1.8174,1.1053,0.0117,-1.2625,0.966,1.9069,0.0041,0.0125,0.0071,0.0155,0.0019,0.0206,8.4463,0.0,AdaBoost,0.941484043298659,0.9219554230054302,0.9408830542237957,0.9433347635210683,0.9386176656900637,0.9432436965522032,0.9072273062219087,0.922675973382653,0.9421746263572176
visualizing_soil,northing,8641.0,0.2563,0.8424,-0.0038,3.806,1.911,1.8174,1.1053,0.0117,-1.2625,0.966,1.9069,0.0041,0.0125,0.0071,0.0155,0.0019,0.0206,8.4463,0.0,SVC,0.9132340224608422,0.9310149196810936,0.9381333038501856,0.9411870016217219,0.9386008138975641,0.9132285514006191,0.911698898165672,0.9147844798560415,0.9378298221510938
visualizing_soil,northing,8641.0,0.1969,0.8287,-0.01,3.806,1.8959,1.8087,1.0996,0.0265,-1.2487,0.9268,1.8997,0.0117,0.0133,0.0069,0.0213,0.0003,0.0284,8.495,0.0,DecisionTree,0.9425792789572034,0.9459779351590216,0.9588668341552291,0.9565685606207297,0.954860597838152,0.9513708883418177,0.9240944756171061,0.9404195118669073,0.9554999026543453
visualizing_soil,northing,8641.0,0.1969,0.8287,-0.01,3.806,1.8959,1.8087,1.0996,0.0265,-1.2487,0.9268,1.8997,0.0117,0.0133,0.0069,0.0213,0.0003,0.0284,8.495,0.0,LogisticRegression,0.9158164045518582,0.8976898546535906,0.947207336595769,0.9445054895645713,0.9399926095864308,0.9134026622842388,0.8960239524532367,0.9164855837168285,0.9490661492143833
visualizing_soil,northing,8641.0,0.1969,0.8287,-0.01,3.806,1.8959,1.8087,1.0996,0.0265,-1.2487,0.9268,1.8997,0.0117,0.0133,0.0069,0.0213,0.0003,0.0284,8.495,0.0,KNN,0.9513281778151998,0.9493807088188806,0.9524734591379838,0.9502596514076697,0.9491103880046337,0.9519030138521097,0.9484055693687151,0.9417291228320256,0.9496556851542896
visualizing_soil,northing,8641.0,0.1969,0.8287,-0.01,3.806,1.8959,1.8087,1.0996,0.0265,-1.2487,0.9268,1.8997,0.0117,0.0133,0.0069,0.0213,0.0003,0.0284,8.495,0.0,RandomForest,0.9447939814182652,0.9471913971372736,0.96002171330106,0.9586078000256386,0.9571760962116007,0.9452740383320597,0.9270532819922694,0.9437269118117518,0.9566546474630412
visualizing_soil,northing,8641.0,0.1969,0.8287,-0.01,3.806,1.8959,1.8087,1.0996,0.0265,-1.2487,0.9268,1.8997,0.0117,0.0133,0.0069,0.0213,0.0003,0.0284,8.495,0.0,AdaBoost,0.9523267439396368,0.940091911735119,0.9595417163741254,0.9578335964963285,0.9565005407000764,0.9538638842823295,0.9279382764031661,0.9435908528941062,0.9557884669851592
visualizing_soil,northing,8641.0,0.1969,0.8287,-0.01,3.806,1.8959,1.8087,1.0996,0.0265,-1.2487,0.9268,1.8997,0.0117,0.0133,0.0069,0.0213,0.0003,0.0284,8.495,0.0,SVC,0.9348877957827268,0.942815598818198,0.9534438652095505,0.9548086271423577,0.9522305133697382,0.9346956676749195,0.9355186548829184,0.934947472566432,0.9529721867350643
visualizing_soil,northing,8641.0,0.1514,0.831,-0.0038,3.806,1.9003,1.8069,1.1084,0.0273,-1.262,0.9764,1.9167,0.0105,0.0219,0.0009,0.0203,0.0091,0.0276,8.5533,0.0,DecisionTree,0.9543166908239045,0.9545342038365654,0.9628099415215902,0.9641862048182869,0.9639831532446066,0.9550864923434015,0.9407856695179393,0.9528526832303118,0.9628339478060903
visualizing_soil,northing,8641.0,0.1514,0.831,-0.0038,3.806,1.9003,1.8069,1.1084,0.0273,-1.262,0.9764,1.9167,0.0105,0.0219,0.0009,0.0203,0.0091,0.0276,8.5533,0.0,LogisticRegression,0.9283821327222,0.9205573411796405,0.9544636390994331,0.9567086991697243,0.9545050114002825,0.9278986282930511,0.9165909699200474,0.933115098645127,0.9476334935522523
visualizing_soil,northing,8641.0,0.1514,0.831,-0.0038,3.806,1.9003,1.8069,1.1084,0.0273,-1.262,0.9764,1.9167,0.0105,0.0219,0.0009,0.0203,0.0091,0.0276,8.5533,0.0,KNN,0.9567321418710671,0.9550837490038946,0.959128654696356,0.957105608760997,0.9577761414801134,0.9571152465851106,0.9512174577740646,0.9528101796909025,0.956911045997055
visualizing_soil,northing,8641.0,0.1514,0.831,-0.0038,3.806,1.9003,1.8069,1.1084,0.0273,-1.262,0.9764,1.9167,0.0105,0.0219,0.0009,0.0203,0.0091,0.0276,8.5533,0.0,RandomForest,0.9566242117402348,0.9551178944069105,0.9641619927275453,0.9654343134057237,0.9653424141906322,0.9566242117402348,0.9438516726878938,0.9554503451693261,0.9633150064506131
visualizing_soil,northing,8641.0,0.1514,0.831,-0.0038,3.806,1.9003,1.8069,1.1084,0.0273,-1.262,0.9764,1.9167,0.0105,0.0219,0.0009,0.0203,0.0091,0.0276,8.5533,0.0,AdaBoost,0.963029648779923,0.9478838973109078,0.9640654278705005,0.9651446947830359,0.9646649148371843,0.9597536174696945,0.9410080905124757,0.9521618728496342,0.9618713861667423
visualizing_soil,northing,8641.0,0.1514,0.831,-0.0038,3.806,1.9003,1.8069,1.1084,0.0273,-1.262,0.9764,1.9167,0.0105,0.0219,0.0009,0.0203,0.0091,0.0276,8.5533,0.0,SVC,0.9460344477248698,0.9464819865451147,0.957015975470448,0.959153470402667,0.9574268863334542,0.9456504110277261,0.9376904627057172,0.9455328887991983,0.9549343215993323
visualizing_soil,northing,8641.0,0.0961,0.8213,-0.01,3.806,1.9018,1.814,1.1045,0.0202,-1.2607,0.969,1.925,0.0077,0.0143,0.0069,0.019,0.0003,0.0255,8.5985,0.0,DecisionTree,0.9708457807294828,0.977816336334185,0.9793781737612997,0.9810189179257558,0.9801589713769789,0.9718075663440051,0.9657375492393828,0.9704438720504052,0.9787121299144693
visualizing_soil,northing,8641.0,0.0961,0.8213,-0.01,3.806,1.9018,1.814,1.1045,0.0202,-1.2607,0.969,1.925,0.0077,0.0143,0.0069,0.019,0.0003,0.0255,8.5985,0.0,LogisticRegression,0.9508694619702412,0.9519231705345008,0.9727960736289866,0.9724167131272292,0.9707813689371169,0.9486443674283087,0.9424300598114637,0.9527439056218369,0.966424937015635
visualizing_soil,northing,8641.0,0.0961,0.8213,-0.01,3.806,1.9018,1.814,1.1045,0.0202,-1.2607,0.969,1.925,0.0077,0.0143,0.0069,0.019,0.0003,0.0255,8.5985,0.0,KNN,0.973686797034282,0.9744510411163254,0.977059038285752,0.9756139947905507,0.9749382239322973,0.9738778880472215,0.9695255984962758,0.9717723173914531,0.9740670225307336
visualizing_soil,northing,8641.0,0.0961,0.8213,-0.01,3.806,1.9018,1.814,1.1045,0.0202,-1.2607,0.969,1.925,0.0077,0.0143,0.0069,0.019,0.0003,0.0255,8.5985,0.0,RandomForest,0.9727682360007189,0.9781079655126169,0.9793817932293314,0.9818922839507335,0.9806442408983407,0.9727682360007189,0.9652407313364277,0.9727556583260057,0.9796747001343645
visualizing_soil,northing,8641.0,0.0961,0.8213,-0.01,3.806,1.9018,1.814,1.1045,0.0202,-1.2607,0.969,1.925,0.0077,0.0143,0.0069,0.019,0.0003,0.0255,8.5985,0.0,AdaBoost,0.9779297495671058,0.9692182294042231,0.9789005863761037,0.9816021196900433,0.9807398045679576,0.9803426144130791,0.9618759101809993,0.9721731601538784,0.9795784893481707
visualizing_soil,northing,8641.0,0.0961,0.8213,-0.01,3.806,1.9018,1.814,1.1045,0.0202,-1.2607,0.969,1.925,0.0077,0.0143,0.0069,0.019,0.0003,0.0255,8.5985,0.0,SVC,0.9627541179429184,0.9681769479979602,0.9741679393135446,0.9756177759504571,0.9751455593068413,0.9621781627736258,0.957160578108921,0.9637941190946246,0.9721526087132053
visualizing_soil,northing,8641.0,0.0509,0.8165,-0.01,3.806,1.9016,1.8112,1.1068,0.0223,-1.264,0.9723,1.9384,0.0109,0.0135,0.0072,0.0202,0.0006,0.0273,8.6325,0.0,DecisionTree,0.9864213707926565,0.9875593673841108,0.992192868999098,0.9913269440167563,0.9912320414003136,0.9863240070770145,0.9804107829562622,0.986318972053675,0.9915181627357511
visualizing_soil,northing,8641.0,0.0509,0.8165,-0.01,3.806,1.9016,1.8112,1.1068,0.0223,-1.264,0.9723,1.9384,0.0109,0.0135,0.0072,0.0202,0.0006,0.0273,8.6325,0.0,LogisticRegression,0.9705864527956143,0.9755816023986308,0.98765293246625,0.9892023313473592,0.9883361217030003,0.9699091270390039,0.9665354389717572,0.9742444681857978,0.9882351567044563
visualizing_soil,northing,8641.0,0.0509,0.8165,-0.01,3.806,1.9016,1.8112,1.1068,0.0223,-1.264,0.9723,1.9384,0.0109,0.0135,0.0072,0.0202,0.0006,0.0273,8.6325,0.0,KNN,0.9864133671708663,0.9848654658914963,0.9892997485982301,0.9872780840415856,0.98727840783306,0.9864129543346452,0.9833149514464246,0.9834264750164124,0.9876599445810875
visualizing_soil,northing,8641.0,0.0509,0.8165,-0.01,3.806,1.9016,1.8112,1.1068,0.0223,-1.264,0.9723,1.9384,0.0109,0.0135,0.0072,0.0202,0.0006,0.0273,8.6325,0.0,RandomForest,0.9870951052957257,0.98823634152389,0.9933493236754898,0.9923875045239687,0.9919063849948482,0.9869026628006887,0.9814721651399844,0.9868015539021054,0.9920968019851077
visualizing_soil,northing,8641.0,0.0509,0.8165,-0.01,3.806,1.9016,1.8112,1.1068,0.0223,-1.264,0.9723,1.9384,0.0109,0.0135,0.0072,0.0202,0.0006,0.0273,8.6325,0.0,AdaBoost,0.9903623371019756,0.981965970487644,0.9928670832092137,0.9921947575630383,0.9918099699265741,0.9901716680154067,0.9825313050298505,0.9864159750670732,0.9918077188650308
visualizing_soil,northing,8641.0,0.0509,0.8165,-0.01,3.806,1.9016,1.8112,1.1068,0.0223,-1.264,0.9723,1.9384,0.0109,0.0135,0.0072,0.0202,0.0006,0.0273,8.6325,0.0,SVC,0.9795769251946894,0.9784010306178288,0.9896830725242077,0.9902634329745108,0.9893975403079249,0.978999923813174,0.9720201630186338,0.9779302003424332,0.9885265954584869
visualizing_soil,easting,8641.0,0.4911,0.8131,-0.003,1.56,0.7431,0.7303,0.4321,0.1841,-1.0993,0.3684,0.7408,0.0075,0.3618,0.0071,0.2508,0.0084,0.4,8.0944,0.0,DecisionTree,0.999903583372388,0.999903583372388,0.999903583372388,0.999903583372388,0.999903583372388,0.999903583372388,0.999903583372388,0.999903583372388,0.999903583372388
visualizing_soil,easting,8641.0,0.4911,0.8131,-0.003,1.56,0.7431,0.7303,0.4321,0.1841,-1.0993,0.3684,0.7408,0.0075,0.3618,0.0071,0.2508,0.0084,0.4,8.0944,0.0,LogisticRegression,0.9966242314997243,0.9982641600533391,0.9988428898117612,0.9985536924337113,0.9982643766024111,0.9968174635727676,0.9977823120177354,0.9967207774432671,0.9986500239657945
visualizing_soil,easting,8641.0,0.4911,0.8131,-0.003,1.56,0.7431,0.7303,0.4321,0.1841,-1.0993,0.3684,0.7408,0.0075,0.3618,0.0071,0.2508,0.0084,0.4,8.0944,0.0,KNN,0.9939255925449367,0.994407347048371,0.9922869049655638,0.9945044220184297,0.9940223100682635,0.9936364778416592,0.9938292750966731,0.990454460934654,0.992478706558574
visualizing_soil,easting,8641.0,0.4911,0.8131,-0.003,1.56,0.7431,0.7303,0.4321,0.1841,-1.0993,0.3684,0.7408,0.0075,0.3618,0.0071,0.2508,0.0084,0.4,8.0944,0.0,RandomForest,1.0,1.0,1.0,1.0,1.0,1.0,1.0,1.0,1.0
visualizing_soil,easting,8641.0,0.4911,0.8131,-0.003,1.56,0.7431,0.7303,0.4321,0.1841,-1.0993,0.3684,0.7408,0.0075,0.3618,0.0071,0.2508,0.0084,0.4,8.0944,0.0,AdaBoost,0.999903583372388,0.999903583372388,0.999903583372388,0.999903583372388,0.999903583372388,0.999903583372388,0.999903583372388,0.999903583372388,0.999903583372388
visualizing_soil,easting,8641.0,0.4911,0.8131,-0.003,1.56,0.7431,0.7303,0.4321,0.1841,-1.0993,0.3684,0.7408,0.0075,0.3618,0.0071,0.2508,0.0084,0.4,8.0944,0.0,SVC,0.9980715153926032,0.9989395739380313,0.999614325749774,0.9984574708284564,0.9987466540291976,0.9971078254372757,0.9973971509489582,0.9981680037649721,0.9980718165288243
visualizing_soil,easting,8641.0,0.4451,0.8048,-0.004,1.56,0.7316,0.7206,0.4266,0.1976,-1.0806,0.3593,0.7162,0.028,0.3547,0.0306,0.2456,0.0424,0.3924,8.1665,0.0,DecisionTree,0.999903583372388,0.999903583372388,0.999903583372388,0.999903583372388,0.999903583372388,0.999903583372388,0.999903583372388,0.999903583372388,0.999903583372388
visualizing_soil,easting,8641.0,0.4451,0.8048,-0.004,1.56,0.7316,0.7206,0.4266,0.1976,-1.0806,0.3593,0.7162,0.028,0.3547,0.0306,0.2456,0.0424,0.3924,8.1665,0.0,LogisticRegression,0.9960450047567572,0.998457083460237,0.9983606958419721,0.9978786743396224,0.9981679283929833,0.9967209793310304,0.9970103665185979,0.9957563323208484,0.9986500868133306
visualizing_soil,easting,8641.0,0.4451,0.8048,-0.004,1.56,0.7316,0.7206,0.4266,0.1976,-1.0806,0.3593,0.7162,0.028,0.3547,0.0306,0.2456,0.0424,0.3924,8.1665,0.0,KNN,0.9935401562545361,0.9942146691603257,0.9942149332617312,0.9931541393703471,0.9915142061778641,0.9943116018665437,0.9943116200628506,0.9899713173609992,0.9944072312552503
visualizing_soil,easting,8641.0,0.4451,0.8048,-0.004,1.56,0.7316,0.7206,0.4266,0.1976,-1.0806,0.3593,0.7162,0.028,0.3547,0.0306,0.2456,0.0424,0.3924,8.1665,0.0,RandomForest,1.0,1.0,1.0,1.0,1.0,0.9999035897568042,0.9999035897568042,0.9999035897568042,1.0
visualizing_soil,easting,8641.0,0.4451,0.8048,-0.004,1.56,0.7316,0.7206,0.4266,0.1976,-1.0806,0.3593,0.7162,0.028,0.3547,0.0306,0.2456,0.0424,0.3924,8.1665,0.0,AdaBoost,0.999903583372388,0.999903583372388,0.999903583372388,0.999903583372388,0.999903583372388,0.999903583372388,0.999903583372388,0.999903583372388,0.999903583372388
visualizing_soil,easting,8641.0,0.4451,0.8048,-0.004,1.56,0.7316,0.7206,0.4266,0.1976,-1.0806,0.3593,0.7162,0.028,0.3547,0.0306,0.2456,0.0424,0.3924,8.1665,0.0,SVC,0.9986501736377289,0.9984573166081832,0.9989392600802509,0.9987466659477671,0.9988430975199818,0.9983611402266364,0.9984575499994084,0.9972036089748159,0.9986502814563212
visualizing_soil,easting,8641.0,0.4038,0.7999,-0.003,1.56,0.7411,0.7272,0.4287,0.1754,-1.1074,0.3657,0.7427,0.0048,0.3699,0.0087,0.2578,0.0096,0.4119,8.2296,0.0,DecisionTree,0.999903583372388,0.999903583372388,0.999903583372388,0.999903583372388,0.999903583372388,0.999903583372388,0.999903583372388,0.999903583372388,0.999903583372388
visualizing_soil,easting,8641.0,0.4038,0.7999,-0.003,1.56,0.7411,0.7272,0.4287,0.1754,-1.1074,0.3657,0.7427,0.0048,0.3699,0.0087,0.2578,0.0096,0.4119,8.2296,0.0,LogisticRegression,0.997203008525963,0.9988428653493512,0.9987464959981491,0.9979751867572214,0.9978787306794035,0.9972031281586423,0.9964314565054445,0.9972996457243711,0.9984571940202593
visualizing_soil,easting,8641.0,0.4038,0.7999,-0.003,1.56,0.7411,0.7272,0.4287,0.1754,-1.1074,0.3657,0.7427,0.0048,0.3699,0.0087,0.2578,0.0096,0.4119,8.2296,0.0,KNN,0.9939248336691087,0.9946966713442924,0.9939255458455806,0.9947931520249377,0.993828553973178,0.9939249196347024,0.9935395027141911,0.9901652884988701,0.9945036987939263
visualizing_soil,easting,8641.0,0.4038,0.7999,-0.003,1.56,0.7411,0.7272,0.4287,0.1754,-1.1074,0.3657,0.7427,0.0048,0.3699,0.0087,0.2578,0.0096,0.4119,8.2296,0.0,RandomForest,1.0,0.9999035897568042,1.0,1.0,1.0,1.0,1.0,1.0,1.0
visualizing_soil,easting,8641.0,0.4038,0.7999,-0.003,1.56,0.7411,0.7272,0.4287,0.1754,-1.1074,0.3657,0.7427,0.0048,0.3699,0.0087,0.2578,0.0096,0.4119,8.2296,0.0,AdaBoost,0.999903583372388,0.999903583372388,0.999903583372388,0.999903583372388,0.999903583372388,0.999903583372388,0.999903583372388,0.999903583372388,0.999903583372388
visualizing_soil,easting,8641.0,0.4038,0.7999,-0.003,1.56,0.7411,0.7272,0.4287,0.1754,-1.1074,0.3657,0.7427,0.0048,0.3699,0.0087,0.2578,0.0096,0.4119,8.2296,0.0,SVC,0.9982644952082895,0.9978787516599119,0.9997107397208038,0.9979752218091764,0.9978788364097122,0.9978788806598788,0.9977824633251735,0.998168044818773,0.9978789882232967
visualizing_soil,easting,8641.0,0.3481,0.779,-0.004,1.554,0.7393,0.7247,0.429,0.1919,-1.1,0.3644,0.7421,0.0124,0.3595,0.0211,0.2479,0.0288,0.4001,8.2799,0.0,DecisionTree,0.999903583372388,0.999903583372388,0.999903583372388,0.999903583372388,0.999903583372388,0.999903583372388,0.999903583372388,0.999903583372388,0.999903583372388
visualizing_soil,easting,8641.0,0.3481,0.779,-0.004,1.554,0.7393,0.7247,0.429,0.1919,-1.1,0.3644,0.7421,0.0124,0.3595,0.0211,0.2479,0.0288,0.4001,8.2799,0.0,LogisticRegression,0.9965277343017417,0.9986499947909453,0.9983606946074347,0.9983607156440327,0.9982642646210442,0.9970102974388405,0.9978784890272485,0.9969138576161578,0.9983607156440327
visualizing_soil,easting,8641.0,0.3481,0.779,-0.004,1.554,0.7393,0.7247,0.429,0.1919,-1.1,0.3644,0.7421,0.0124,0.3595,0.0211,0.2479,0.0288,0.4001,8.2799,0.0,KNN,0.9924780948307355,0.9923814482598112,0.9946962314797995,0.9928644406827868,0.9934429677258957,0.9916103409145289,0.9919964343809535,0.9904545380921127,0.9922860744331545
visualizing_soil,easting,8641.0,0.3481,0.779,-0.004,1.554,0.7393,0.7247,0.429,0.1919,-1.1,0.3644,0.7421,0.0124,0.3595,0.0211,0.2479,0.0288,0.4001,8.2799,0.0,RandomForest,1.0,1.0,0.999903583372388,1.0,1.0,1.0,1.0,1.0,1.0
visualizing_soil,easting,8641.0,0.3481,0.779,-0.004,1.554,0.7393,0.7247,0.429,0.1919,-1.1,0.3644,0.7421,0.0124,0.3595,0.0211,0.2479,0.0288,0.4001,8.2799,0.0,AdaBoost,0.999903583372388,0.999903583372388,0.999903583372388,0.999903583372388,0.999903583372388,0.999903583372388,0.999903583372388,0.999903583372388,0.999903583372388
visualizing_soil,easting,8641.0,0.3481,0.779,-0.004,1.554,0.7393,0.7247,0.429,0.1919,-1.1,0.3644,0.7421,0.0124,0.3595,0.0211,0.2479,0.0288,0.4001,8.2799,0.0,SVC,0.9990358738283087,0.9986502551984675,0.9991321853750241,0.9988431058373288,0.9984574737895267,0.9979755009576123,0.998264744133778,0.9979751377340074,0.9988431019485471
visualizing_soil,easting,8641.0,0.2937,0.7647,-0.004,1.56,0.7348,0.7184,0.4283,0.2075,-1.0849,0.3584,0.7302,0.0047,0.3614,0.017,0.2486,0.0219,0.3979,8.3337,0.0,DecisionTree,0.999903583372388,0.999903583372388,0.999903583372388,0.999903583372388,0.999903583372388,0.999903583372388,0.999903583372388,0.999903583372388,0.999903583372388
visualizing_soil,easting,8641.0,0.2937,0.7647,-0.004,1.56,0.7348,0.7184,0.4283,0.2075,-1.0849,0.3584,0.7302,0.0047,0.3614,0.017,0.2486,0.0219,0.3979,8.3337,0.0,LogisticRegression,0.9971066060451786,0.9986500021490482,0.9986500134200691,0.99855364465825,0.99855364465825,0.9976854479252063,0.9983607527864675,0.9968174262150065,0.9979749602062604
visualizing_soil,easting,8641.0,0.2937,0.7647,-0.004,1.56,0.7348,0.7184,0.4283,0.2075,-1.0849,0.3584,0.7302,0.0047,0.3614,0.017,0.2486,0.0219,0.3979,8.3337,0.0,KNN,0.9931541276377371,0.9932504802642538,0.9954682928243235,0.992671348185086,0.99276698568759,0.992382951569815,0.9925757787722337,0.9919970674787942,0.9931536290508128
visualizing_soil,easting,8641.0,0.2937,0.7647,-0.004,1.56,0.7348,0.7184,0.4283,0.2075,-1.0849,0.3584,0.7302,0.0047,0.3614,0.017,0.2486,0.0219,0.3979,8.3337,0.0,RandomForest,1.0,1.0,1.0,1.0,1.0,1.0,0.9999035897568042,1.0,1.0
visualizing_soil,easting,8641.0,0.2937,0.7647,-0.004,1.56,0.7348,0.7184,0.4283,0.2075,-1.0849,0.3584,0.7302,0.0047,0.3614,0.017,0.2486,0.0219,0.3979,8.3337,0.0,AdaBoost,0.999903583372388,0.999903583372388,0.999903583372388,0.999903583372388,0.999903583372388,0.999903583372388,0.999903583372388,0.999903583372388,0.999903583372388
visualizing_soil,easting,8641.0,0.2937,0.7647,-0.004,1.56,0.7348,0.7184,0.4283,0.2075,-1.0849,0.3584,0.7302,0.0047,0.3614,0.017,0.2486,0.0219,0.3979,8.3337,0.0,SVC,0.9995179373430361,0.998746538515847,0.9995179015030227,0.9991323155671675,0.9987467042253374,0.998843127061531,0.9992287297180427,0.9986501539775994,0.9992286930183767
visualizing_soil,easting,8641.0,0.247,0.7556,-0.004,1.56,0.7387,0.7283,0.429,0.1903,-1.096,0.3667,0.7372,0.0073,0.3583,0.0173,0.2498,0.0237,0.3998,8.3815,0.0,DecisionTree,0.999903583372388,0.999903583372388,0.999903583372388,0.999903583372388,0.999903583372388,0.999903583372388,0.999903583372388,0.999903583372388,0.999903583372388
visualizing_soil,easting,8641.0,0.247,0.7556,-0.004,1.56,0.7387,0.7283,0.429,0.1903,-1.096,0.3667,0.7372,0.0073,0.3583,0.0173,0.2498,0.0237,0.3998,8.3815,0.0,LogisticRegression,0.9976854718948222,0.9988428727074541,0.998842905801321,0.9983608728910611,0.9983608331521676,0.9978784397308494,0.9984571807595788,0.9973961565910412,0.9987464636987295
visualizing_soil,easting,8641.0,0.247,0.7556,-0.004,1.56,0.7387,0.7283,0.429,0.1903,-1.096,0.3667,0.7372,0.0073,0.3583,0.0173,0.2498,0.0237,0.3998,8.3815,0.0,KNN,0.9941188948557875,0.9950823553393582,0.9947931523173827,0.9942152893040459,0.9941187863693466,0.9943114568935727,0.9944076557317846,0.9923832357968885,0.9944077478122648
visualizing_soil,easting,8641.0,0.247,0.7556,-0.004,1.56,0.7387,0.7283,0.429,0.1903,-1.096,0.3667,0.7372,0.0073,0.3583,0.0173,0.2498,0.0237,0.3998,8.3815,0.0,RandomForest,1.0,1.0,1.0,1.0,1.0,1.0,1.0,1.0,1.0
visualizing_soil,easting,8641.0,0.247,0.7556,-0.004,1.56,0.7387,0.7283,0.429,0.1903,-1.096,0.3667,0.7372,0.0073,0.3583,0.0173,0.2498,0.0237,0.3998,8.3815,0.0,AdaBoost,0.999903583372388,0.999903583372388,0.999903583372388,0.999903583372388,0.999903583372388,0.999903583372388,0.999903583372388,0.999903583372388,0.999903583372388
visualizing_soil,easting,8641.0,0.247,0.7556,-0.004,1.56,0.7387,0.7283,0.429,0.1903,-1.096,0.3667,0.7372,0.0073,0.3583,0.0173,0.2498,0.0237,0.3998,8.3815,0.0,SVC,0.9989394061300885,0.9989394276041517,0.9989393247275546,0.9985538292624416,0.9985538292624416,0.9986502466565653,0.9985538450297674,0.9983608055037008,0.9985538237031604
visualizing_soil,easting,8641.0,0.1929,0.7428,-0.004,1.56,0.7372,0.7268,0.4292,0.1951,-1.0945,0.3653,0.7351,0.0052,0.352,0.0171,0.2435,0.0224,0.3903,8.428,0.0,DecisionTree,0.999903583372388,0.999903583372388,0.999903583372388,0.999903583372388,0.999903583372388,0.999903583372388,0.999903583372388,0.999903583372388,0.999903583372388
visualizing_soil,easting,8641.0,0.1929,0.7428,-0.004,1.56,0.7372,0.7268,0.4292,0.1951,-1.0945,0.3653,0.7351,0.0052,0.352,0.0171,0.2435,0.0224,0.3903,8.428,0.0,LogisticRegression,0.9968171802689477,0.9983606444740458,0.9985535402425735,0.9986499718147882,0.9987464228377767,0.9976854655640436,0.9983608253201326,0.99710675746613,0.9983606444740458
visualizing_soil,easting,8641.0,0.1929,0.7428,-0.004,1.56,0.7372,0.7268,0.4292,0.1951,-1.0945,0.3653,0.7351,0.0052,0.352,0.0171,0.2435,0.0224,0.3903,8.428,0.0,KNN,0.9940213952748421,0.9948889512350068,0.9955647281352413,0.9940209800282231,0.9934427249580539,0.9942142911498008,0.9941178464362508,0.992864305145001,0.9941178168215505
visualizing_soil,easting,8641.0,0.1929,0.7428,-0.004,1.56,0.7372,0.7268,0.4292,0.1951,-1.0945,0.3653,0.7351,0.0052,0.352,0.0171,0.2435,0.0224,0.3903,8.428,0.0,RandomForest,1.0,1.0,1.0,1.0,1.0,1.0,1.0,1.0,1.0
visualizing_soil,easting,8641.0,0.1929,0.7428,-0.004,1.56,0.7372,0.7268,0.4292,0.1951,-1.0945,0.3653,0.7351,0.0052,0.352,0.0171,0.2435,0.0224,0.3903,8.428,0.0,AdaBoost,0.999903583372388,0.999903583372388,0.999903583372388,0.999903583372388,0.999903583372388,0.999903583372388,0.999903583372388,0.999903583372388,0.999903583372388
visualizing_soil,easting,8641.0,0.1929,0.7428,-0.004,1.56,0.7372,0.7268,0.4292,0.1951,-1.0945,0.3653,0.7351,0.0052,0.352,0.0171,0.2435,0.0224,0.3903,8.428,0.0,SVC,0.9983607211100919,0.9982642920677798,0.998650025047449,0.998360819744597,0.9980716165196666,0.9981680553878534,0.998650197694509,0.9976856752049152,0.9983607677309501
visualizing_soil,easting,8641.0,0.1516,0.7371,-0.004,1.56,0.7391,0.7332,0.4268,0.1872,-1.0861,0.3704,0.731,0.002,0.3487,0.0145,0.242,0.0187,0.3891,8.4643,0.0,DecisionTree,0.999903583372388,0.999903583372388,0.999903583372388,0.999903583372388,0.999903583372388,0.999903583372388,0.999903583372388,0.999903583372388,0.999903583372388
visualizing_soil,easting,8641.0,0.1516,0.7371,-0.004,1.56,0.7391,0.7332,0.4268,0.1872,-1.0861,0.3704,0.731,0.002,0.3487,0.0145,0.242,0.0187,0.3891,8.4643,0.0,LogisticRegression,0.9982641979853248,0.9980718515523099,0.998842905801321,0.9987464632897465,0.998842905801321,0.99787846579993,0.9983607378039471,0.9983606753502872,0.9987464632897465
visualizing_soil,easting,8641.0,0.1516,0.7371,-0.004,1.56,0.7391,0.7332,0.4268,0.1872,-1.0861,0.3704,0.731,0.002,0.3487,0.0145,0.242,0.0187,0.3891,8.4643,0.0,KNN,0.9951791309756128,0.9956612736379505,0.9959506622131012,0.9950825510295147,0.9953715988718144,0.9951791672379529,0.9950827545006306,0.9946004794320418,0.9953718428977648
visualizing_soil,easting,8641.0,0.1516,0.7371,-0.004,1.56,0.7391,0.7332,0.4268,0.1872,-1.0861,0.3704,0.731,0.002,0.3487,0.0145,0.242,0.0187,0.3891,8.4643,0.0,RandomForest,1.0,1.0,1.0,1.0,1.0,1.0,1.0,1.0,1.0
visualizing_soil,easting,8641.0,0.1516,0.7371,-0.004,1.56,0.7391,0.7332,0.4268,0.1872,-1.0861,0.3704,0.731,0.002,0.3487,0.0145,0.242,0.0187,0.3891,8.4643,0.0,AdaBoost,0.999903583372388,0.999903583372388,0.999903583372388,0.999903583372388,0.999903583372388,0.999903583372388,0.999903583372388,0.999903583372388,0.999903583372388
visualizing_soil,easting,8641.0,0.1516,0.7371,-0.004,1.56,0.7391,0.7332,0.4268,0.1872,-1.0861,0.3704,0.731,0.002,0.3487,0.0145,0.242,0.0187,0.3891,8.4643,0.0,SVC,0.9991322391321924,0.999228656526316,0.9991321987440023,0.999228663319981,0.9991322540507983,0.9990358298630098,0.9993250807141048,0.9991322391321924,0.999228663319981
visualizing_soil,easting,8641.0,0.0978,0.7208,-0.004,1.56,0.7378,0.7275,0.4296,0.1876,-1.1,0.3661,0.7381,0.0057,0.3546,0.0167,0.2458,0.0222,0.3934,8.4981,0.0,DecisionTree,0.999903583372388,0.999903583372388,0.999903583372388,0.999903583372388,0.999903583372388,0.999903583372388,0.999903583372388,0.999903583372388,0.999903583372388
visualizing_soil,easting,8641.0,0.0978,0.7208,-0.004,1.56,0.7378,0.7275,0.4296,0.1876,-1.1,0.3661,0.7381,0.0057,0.3546,0.0167,0.2458,0.0222,0.3934,8.4981,0.0,LogisticRegression,0.9984570954970343,0.9978787371634199,0.9988428727074541,0.9987464228377767,0.9987464228377767,0.9986499447838524,0.9984571475767191,0.998649991265562,0.9986500021490482
visualizing_soil,easting,8641.0,0.0978,0.7208,-0.004,1.56,0.7378,0.7275,0.4296,0.1876,-1.1,0.3661,0.7381,0.0057,0.3546,0.0167,0.2458,0.0222,0.3934,8.4981,0.0,KNN,0.9947934767172073,0.9952756082041219,0.9959504999411094,0.9949863744549248,0.9949862835736756,0.9946006116282358,0.994889634833857,0.9945043896402952,0.9948897500658207
visualizing_soil,easting,8641.0,0.0978,0.7208,-0.004,1.56,0.7378,0.7275,0.4296,0.1876,-1.1,0.3661,0.7381,0.0057,0.3546,0.0167,0.2458,0.0222,0.3934,8.4981,0.0,RandomForest,1.0,1.0,1.0,1.0,1.0,1.0,1.0,1.0,1.0
visualizing_soil,easting,8641.0,0.0978,0.7208,-0.004,1.56,0.7378,0.7275,0.4296,0.1876,-1.1,0.3661,0.7381,0.0057,0.3546,0.0167,0.2458,0.0222,0.3934,8.4981,0.0,AdaBoost,0.999903583372388,0.999903583372388,0.999903583372388,0.999903583372388,0.999903583372388,0.999903583372388,0.999903583372388,0.999903583372388,0.999903583372388
visualizing_soil,easting,8641.0,0.0978,0.7208,-0.004,1.56,0.7378,0.7275,0.4296,0.1876,-1.1,0.3661,0.7381,0.0057,0.3546,0.0167,0.2458,0.0222,0.3934,8.4981,0.0,SVC,0.999614319015895,0.9997107432626464,0.9997107401029537,0.9994214921743987,0.9994214921743987,0.9993250828160654,0.9994215002101889,0.9995178960894389,0.9997107432626464
visualizing_soil,easting,8641.0,0.0494,0.7144,-0.004,1.56,0.7369,0.7244,0.4293,0.1932,-1.0956,0.3635,0.7363,0.0079,0.3545,0.0184,0.2454,0.0249,0.3936,8.538,0.0,DecisionTree,0.999903583372388,0.999903583372388,0.999903583372388,0.999903583372388,0.999903583372388,0.999903583372388,0.999903583372388,0.999903583372388,0.999903583372388
visualizing_soil,easting,8641.0,0.0494,0.7144,-0.004,1.56,0.7369,0.7244,0.4293,0.1932,-1.0956,0.3635,0.7363,0.0079,0.3545,0.0184,0.2454,0.0249,0.3936,8.538,0.0,LogisticRegression,0.9988428727074541,0.998650013210739,0.9988428727074541,0.9987464228377767,0.9987464228377767,0.9987464228377767,0.9982643818044693,0.9987464228377767,0.9987464228377767
visualizing_soil,easting,8641.0,0.0494,0.7144,-0.004,1.56,0.7369,0.7244,0.4293,0.1932,-1.0956,0.3635,0.7363,0.0079,0.3545,0.0184,0.2454,0.0249,0.3936,8.538,0.0,KNN,0.9947936855761763,0.9952755252284722,0.9953721915048223,0.9947937719474579,0.9949863895181378,0.9949864138923585,0.995371986103838,0.994697421251969,0.9953718771789231
visualizing_soil,easting,8641.0,0.0494,0.7144,-0.004,1.56,0.7369,0.7244,0.4293,0.1932,-1.0956,0.3635,0.7363,0.0079,0.3545,0.0184,0.2454,0.0249,0.3936,8.538,0.0,RandomForest,1.0,1.0,1.0,1.0,1.0,1.0,1.0,1.0,1.0
visualizing_soil,easting,8641.0,0.0494,0.7144,-0.004,1.56,0.7369,0.7244,0.4293,0.1932,-1.0956,0.3635,0.7363,0.0079,0.3545,0.0184,0.2454,0.0249,0.3936,8.538,0.0,AdaBoost,0.999903583372388,0.999903583372388,0.999903583372388,0.999903583372388,0.999903583372388,0.999903583372388,0.999903583372388,0.999903583372388,0.999903583372388
visualizing_soil,easting,8641.0,0.0494,0.7144,-0.004,1.56,0.7369,0.7244,0.4293,0.1932,-1.0956,0.3635,0.7363,0.0079,0.3545,0.0184,0.2454,0.0249,0.3936,8.538,0.0,SVC,0.9989393976417322,0.9988430159076089,0.9990357845056322,0.9987465864525418,0.9987465864525418,0.9987465864525418,0.9990358484866202,0.9990357845056322,0.99865015245229
visualizing_soil,resistivity,8641.0,0.4959,0.7991,0.89,152.55,51.0826,47.905,28.8173,0.5436,-0.0809,19.48,41.605,0.0123,0.3531,0.009,0.2449,0.002,0.3937,8.08,0.0,DecisionTree,0.999903583372388,0.999903583372388,0.999903583372388,0.999903583372388,0.999903583372388,0.999903583372388,0.999903583372388,0.999903583372388,0.999903583372388
visualizing_soil,resistivity,8641.0,0.4959,0.7991,0.89,152.55,51.0826,47.905,28.8173,0.5436,-0.0809,19.48,41.605,0.0123,0.3531,0.009,0.2449,0.002,0.3937,8.08,0.0,LogisticRegression,0.9990357326428173,0.9988428806838702,0.9991321825109278,0.9997107306120729,0.9995178873426385,0.9990357326428173,0.9987464632897465,0.9989393231954447,0.999132166732265
visualizing_soil,resistivity,8641.0,0.4959,0.7991,0.89,152.55,51.0826,47.905,28.8173,0.5436,-0.0809,19.48,41.605,0.0123,0.3531,0.009,0.2449,0.002,0.3937,8.08,0.0,KNN,0.9954679139926029,0.9953716057023057,0.9943108212549088,0.9943105481839802,0.9943108136884007,0.9946963838686393,0.9945035067881932,0.9935398220215086,0.9953717332468986
visualizing_soil,resistivity,8641.0,0.4959,0.7991,0.89,152.55,51.0826,47.905,28.8173,0.5436,-0.0809,19.48,41.605,0.0123,0.3531,0.009,0.2449,0.002,0.3937,8.08,0.0,RandomForest,1.0,1.0,1.0,1.0,1.0,1.0,1.0,1.0,1.0
visualizing_soil,resistivity,8641.0,0.4959,0.7991,0.89,152.55,51.0826,47.905,28.8173,0.5436,-0.0809,19.48,41.605,0.0123,0.3531,0.009,0.2449,0.002,0.3937,8.08,0.0,AdaBoost,0.999903583372388,0.999903583372388,0.999903583372388,0.999903583372388,0.999903583372388,0.999903583372388,0.999903583372388,0.999903583372388,0.999903583372388
visualizing_soil,resistivity,8641.0,0.4959,0.7991,0.89,152.55,51.0826,47.905,28.8173,0.5436,-0.0809,19.48,41.605,0.0123,0.3531,0.009,0.2449,0.002,0.3937,8.08,0.0,SVC,0.9997107484357269,0.9994214460781428,0.999517881384605,0.9996143225643552,0.9993250498504371,0.999903583372388,0.9997107432626464,0.9992286257621452,0.999517907179214
visualizing_soil,resistivity,8641.0,0.4499,0.7751,0.89,166.01,50.5495,47.55,28.6552,0.5609,0.0243,19.47,41.14,0.0184,0.354,0.003,0.245,0.0058,0.3925,8.1307,0.0,DecisionTree,0.999903583372388,0.999903583372388,0.999903583372388,0.999903583372388,0.999903583372388,0.999903583372388,0.999903583372388,0.999903583372388,0.999903583372388
visualizing_soil,resistivity,8641.0,0.4499,0.7751,0.89,166.01,50.5495,47.55,28.6552,0.5609,0.0243,19.47,41.14,0.0184,0.354,0.003,0.245,0.0058,0.3925,8.1307,0.0,LogisticRegression,0.9988428647296136,0.9982641822078462,0.9992285995206895,0.9996143130992006,0.9993250169444783,0.9989392889763649,0.9988428647296136,0.9984571056147441,0.9992285995206895
visualizing_soil,resistivity,8641.0,0.4499,0.7751,0.89,166.01,50.5495,47.55,28.6552,0.5609,0.0243,19.47,41.14,0.0184,0.354,0.003,0.245,0.0058,0.3925,8.1307,0.0,KNN,0.9958542605094806,0.9953720727072456,0.996432635297533,0.9964324454738231,0.9952751024143682,0.9955647681603913,0.995371838250197,0.992479234418737,0.9946005280570281
visualizing_soil,resistivity,8641.0,0.4499,0.7751,0.89,166.01,50.5495,47.55,28.6552,0.5609,0.0243,19.47,41.14,0.0184,0.354,0.003,0.245,0.0058,0.3925,8.1307,0.0,RandomForest,1.0,1.0,1.0,1.0,1.0,1.0,1.0,1.0,1.0
visualizing_soil,resistivity,8641.0,0.4499,0.7751,0.89,166.01,50.5495,47.55,28.6552,0.5609,0.0243,19.47,41.14,0.0184,0.354,0.003,0.245,0.0058,0.3925,8.1307,0.0,AdaBoost,0.999903583372388,0.999903583372388,0.999903583372388,0.999903583372388,0.999903583372388,0.999903583372388,0.999903583372388,0.999903583372388,0.999903583372388
visualizing_soil,resistivity,8641.0,0.4499,0.7751,0.89,166.01,50.5495,47.55,28.6552,0.5609,0.0243,19.47,41.14,0.0184,0.354,0.003,0.245,0.0058,0.3925,8.1307,0.0,SVC,0.9995179124652804,0.9997107488497541,0.9994214532531909,0.9990357596867021,0.9991321933304185,0.9997107556456313,0.9992286114450257,0.9997107556456313,0.9994214635462266
visualizing_soil,resistivity,8641.0,0.3972,0.7625,1.01,165.63,50.6328,47.51,28.813,0.5666,-0.0047,19.26,40.63,0.029,0.3627,0.0045,0.2521,0.016,0.4028,8.1991,0.0,DecisionTree,0.999903583372388,0.999903583372388,0.999903583372388,0.999903583372388,0.999903583372388,0.999903583372388,0.999903583372388,0.999903583372388,0.999903583372388
visualizing_soil,resistivity,8641.0,0.3972,0.7625,1.01,165.63,50.6328,47.51,28.813,0.5666,-0.0047,19.26,40.63,0.029,0.3627,0.0045,0.2521,0.016,0.4028,8.1991,0.0,LogisticRegression,0.9984571056147441,0.9987464632897465,0.9985535623970806,0.9993250169444783,0.9989393157526021,0.9984571056147441,0.9984571056147441,0.9985535623970806,0.9985535623970806
visualizing_soil,resistivity,8641.0,0.3972,0.7625,1.01,165.63,50.6328,47.51,28.813,0.5666,-0.0047,19.26,40.63,0.029,0.3627,0.0045,0.2521,0.016,0.4028,8.1991,0.0,KNN,0.995275124320397,0.9947928038945955,0.9954676660012901,0.994310056970022,0.9961428448003687,0.9947922321819733,0.9951781704680198,0.9930561935927558,0.9950819306665306
visualizing_soil,resistivity,8641.0,0.3972,0.7625,1.01,165.63,50.6328,47.51,28.813,0.5666,-0.0047,19.26,40.63,0.029,0.3627,0.0045,0.2521,0.016,0.4028,8.1991,0.0,RandomForest,1.0,1.0,1.0,1.0,1.0,1.0,1.0,0.9998071731585036,1.0
visualizing_soil,resistivity,8641.0,0.3972,0.7625,1.01,165.63,50.6328,47.51,28.813,0.5666,-0.0047,19.26,40.63,0.029,0.3627,0.0045,0.2521,0.016,0.4028,8.1991,0.0,AdaBoost,0.999903583372388,0.999903583372388,0.999903583372388,0.999903583372388,0.999903583372388,0.999903583372388,0.999903583372388,0.999903583372388,0.999903583372388
visualizing_soil,resistivity,8641.0,0.3972,0.7625,1.01,165.63,50.6328,47.51,28.813,0.5666,-0.0047,19.26,40.63,0.029,0.3627,0.0045,0.2521,0.016,0.4028,8.1991,0.0,SVC,0.9993251074922548,0.9989393794186802,0.9991321907174988,0.9992286243612152,0.999421481689992,0.9992286820030328,0.9991322386619961,0.9991322352376462,0.9994214786774431
visualizing_soil,resistivity,8641.0,0.3459,0.7546,0.92,166.01,50.8169,47.62,28.9761,0.5849,0.0464,19.21,40.8675,0.0152,0.3474,0.0063,0.2443,0.0012,0.3927,8.2693,0.0,DecisionTree,0.999903583372388,0.999903583372388,0.999903583372388,0.999903583372388,0.999903583372388,0.999903583372388,0.999903583372388,0.999903583372388,0.999903583372388
visualizing_soil,resistivity,8641.0,0.3459,0.7546,0.92,166.01,50.8169,47.62,28.9761,0.5849,0.0464,19.21,40.8675,0.0152,0.3474,0.0063,0.2443,0.0012,0.3927,8.2693,0.0,LogisticRegression,0.9984571527700429,0.998650012266758,0.9987464228377767,0.9992285995206895,0.9991321564755415,0.9984571527700429,0.9984571527700429,0.9985535623970806,0.9986500134200691
visualizing_soil,resistivity,8641.0,0.3459,0.7546,0.92,166.01,50.8169,47.62,28.9761,0.5849,0.0464,19.21,40.8675,0.0152,0.3474,0.0063,0.2443,0.0012,0.3927,8.2693,0.0,KNN,0.9950825790467122,0.9954681009856694,0.9954679753929973,0.9943107293926885,0.995178833976993,0.9945038565012112,0.9943109015842908,0.9929606843448007,0.9944072412250912
visualizing_soil,resistivity,8641.0,0.3459,0.7546,0.92,166.01,50.8169,47.62,28.9761,0.5849,0.0464,19.21,40.8675,0.0152,0.3474,0.0063,0.2443,0.0012,0.3927,8.2693,0.0,RandomForest,1.0,1.0,1.0,1.0,1.0,1.0,1.0,1.0,1.0
visualizing_soil,resistivity,8641.0,0.3459,0.7546,0.92,166.01,50.8169,47.62,28.9761,0.5849,0.0464,19.21,40.8675,0.0152,0.3474,0.0063,0.2443,0.0012,0.3927,8.2693,0.0,AdaBoost,0.999903583372388,0.999903583372388,0.999903583372388,0.999903583372388,0.999903583372388,0.999903583372388,0.999903583372388,0.999903583372388,0.999903583372388
visualizing_soil,resistivity,8641.0,0.3459,0.7546,0.92,166.01,50.8169,47.62,28.9761,0.5849,0.0464,19.21,40.8675,0.0152,0.3474,0.0063,0.2443,0.0012,0.3927,8.2693,0.0,SVC,0.998650084116181,0.9991322141673022,0.9988428991312382,0.9990357695293985,0.9991321933304185,0.9988429518493449,0.9988429384703801,0.9990357889712302,0.998650084116181
visualizing_soil,resistivity,8641.0,0.2979,0.7444,0.89,165.63,50.8903,47.79,28.9509,0.5571,-0.0459,19.73,41.735,0.0169,0.363,0.0046,0.2545,0.0044,0.406,8.3195,0.0,DecisionTree,0.999903583372388,0.999903583372388,0.999903583372388,0.999903583372388,0.999903583372388,0.999903583372388,0.999903583372388,0.999903583372388,0.999903583372388
visualizing_soil,resistivity,8641.0,0.2979,0.7444,0.89,165.63,50.8903,47.79,28.9509,0.5571,-0.0459,19.73,41.735,0.0169,0.363,0.0046,0.2545,0.0044,0.406,8.3195,0.0,LogisticRegression,0.9985535623970806,0.9985535623970806,0.9988428727074541,0.9990357399993534,0.9990357399993534,0.9986499718147882,0.9985535623970806,0.9985535623970806,0.9987464228377767
visualizing_soil,resistivity,8641.0,0.2979,0.7444,0.89,165.63,50.8903,47.79,28.9509,0.5571,-0.0459,19.73,41.735,0.0169,0.363,0.0046,0.2545,0.0044,0.406,8.3195,0.0,KNN,0.9934432172003739,0.9938291025369617,0.9946006354549414,0.9944075914249147,0.9940215538412712,0.9936358554510022,0.9935393575119578,0.9925753148202454,0.9936357920739758
visualizing_soil,resistivity,8641.0,0.2979,0.7444,0.89,165.63,50.8903,47.79,28.9509,0.5571,-0.0459,19.73,41.735,0.0169,0.363,0.0046,0.2545,0.0044,0.406,8.3195,0.0,RandomForest,1.0,1.0,1.0,1.0,1.0,1.0,1.0,1.0,1.0
visualizing_soil,resistivity,8641.0,0.2979,0.7444,0.89,165.63,50.8903,47.79,28.9509,0.5571,-0.0459,19.73,41.735,0.0169,0.363,0.0046,0.2545,0.0044,0.406,8.3195,0.0,AdaBoost,0.999903583372388,0.999903583372388,0.999903583372388,0.999903583372388,0.999903583372388,0.999903583372388,0.999903583372388,0.999903583372388,0.999903583372388
visualizing_soil,resistivity,8641.0,0.2979,0.7444,0.89,165.63,50.8903,47.79,28.9509,0.5571,-0.0459,19.73,41.735,0.0169,0.363,0.0046,0.2545,0.0044,0.406,8.3195,0.0,SVC,0.9992286100847982,0.999228602002636,0.9992286100847982,0.999614323093192,0.9991322012612351,0.9987464683457756,0.9988429125260356,0.9988428507170115,0.9991321804244632
visualizing_soil,resistivity,8641.0,0.2456,0.7259,0.89,166.01,50.9512,47.86,28.6219,0.5829,0.0528,19.27,40.855,0.0059,0.3566,0.0116,0.2488,0.0064,0.3987,8.3599,0.0,DecisionTree,0.999903583372388,0.999903583372388,0.999903583372388,0.999903583372388,0.999903583372388,0.999903583372388,0.999903583372388,0.999903583372388,0.999903583372388
visualizing_soil,resistivity,8641.0,0.2456,0.7259,0.89,166.01,50.9512,47.86,28.6219,0.5829,0.0528,19.27,40.855,0.0059,0.3566,0.0116,0.2488,0.0064,0.3987,8.3599,0.0,LogisticRegression,0.9990357399993534,0.9988428795586572,0.9988428727074541,0.9992285995206895,0.9992285995206895,0.9990357399993534,0.9988428647296136,0.9988428795586572,0.9992285995206895
visualizing_soil,resistivity,8641.0,0.2456,0.7259,0.89,166.01,50.9512,47.86,28.6219,0.5829,0.0528,19.27,40.855,0.0059,0.3566,0.0116,0.2488,0.0064,0.3987,8.3599,0.0,KNN,0.9941187744625394,0.9946968658681906,0.9954679967552934,0.9944079436303718,0.994503949982048,0.9946969241476886,0.9942150823444352,0.9926716103742246,0.9948902435210593
visualizing_soil,resistivity,8641.0,0.2456,0.7259,0.89,166.01,50.9512,47.86,28.6219,0.5829,0.0528,19.27,40.855,0.0059,0.3566,0.0116,0.2488,0.0064,0.3987,8.3599,0.0,RandomForest,1.0,1.0,1.0,1.0,1.0,1.0,1.0,1.0,1.0
visualizing_soil,resistivity,8641.0,0.2456,0.7259,0.89,166.01,50.9512,47.86,28.6219,0.5829,0.0528,19.27,40.855,0.0059,0.3566,0.0116,0.2488,0.0064,0.3987,8.3599,0.0,AdaBoost,0.999903583372388,0.999903583372388,0.999903583372388,0.999903583372388,0.999903583372388,0.999903583372388,0.999903583372388,0.999903583372388,0.999903583372388
visualizing_soil,resistivity,8641.0,0.2456,0.7259,0.89,166.01,50.9512,47.86,28.6219,0.5829,0.0528,19.27,40.855,0.0059,0.3566,0.0116,0.2488,0.0064,0.3987,8.3599,0.0,SVC,0.999614325749774,0.9992286289296769,0.9988428916407547,0.9991321893470373,0.9992286229907537,0.999614325749774,0.999517899993212,0.9990357690836672,0.999903583372388
visualizing_soil,resistivity,8641.0,0.2011,0.7129,0.89,166.01,50.8362,47.79,28.7019,0.5627,-0.0189,19.47,41.24,0.0162,0.3547,0.0045,0.2483,0.0038,0.3973,8.3953,0.0,DecisionTree,0.999903583372388,0.999903583372388,0.999903583372388,0.999903583372388,0.999903583372388,0.999903583372388,0.999903583372388,0.999903583372388,0.999903583372388
visualizing_soil,resistivity,8641.0,0.2011,0.7129,0.89,166.01,50.8362,47.79,28.7019,0.5627,-0.0189,19.47,41.24,0.0162,0.3547,0.0045,0.2483,0.0038,0.3973,8.3953,0.0,LogisticRegression,0.9985535623970806,0.9985535623970806,0.9989393157526021,0.9989393157526021,0.9989393157526021,0.9984571056147441,0.9984571056147441,0.9985535623970806,0.9985535623970806
visualizing_soil,resistivity,8641.0,0.2011,0.7129,0.89,166.01,50.8362,47.79,28.7019,0.5627,-0.0189,19.47,41.24,0.0162,0.3547,0.0045,0.2483,0.0038,0.3973,8.3953,0.0,KNN,0.9943102662999448,0.9948892387785955,0.9956610133019209,0.9959502731433523,0.9953714226097103,0.9945032837522958,0.994985687128962,0.9939249938021296,0.9946961173767352
visualizing_soil,resistivity,8641.0,0.2011,0.7129,0.89,166.01,50.8362,47.79,28.7019,0.5627,-0.0189,19.47,41.24,0.0162,0.3547,0.0045,0.2483,0.0038,0.3973,8.3953,0.0,RandomForest,1.0,1.0,1.0,1.0,1.0,1.0,0.9999035897568042,0.999903583372388,1.0
visualizing_soil,resistivity,8641.0,0.2011,0.7129,0.89,166.01,50.8362,47.79,28.7019,0.5627,-0.0189,19.47,41.24,0.0162,0.3547,0.0045,0.2483,0.0038,0.3973,8.3953,0.0,AdaBoost,0.999903583372388,0.999903583372388,0.999903583372388,0.999903583372388,0.999903583372388,0.999903583372388,0.999903583372388,0.999903583372388,0.999903583372388
visualizing_soil,resistivity,8641.0,0.2011,0.7129,0.89,166.01,50.8362,47.79,28.7019,0.5627,-0.0189,19.47,41.24,0.0162,0.3547,0.0045,0.2483,0.0038,0.3973,8.3953,0.0,SVC,0.9990357630006744,0.9992286061589591,0.9991321970901221,0.9996143314259653,0.9993250498504371,0.9992286267504571,0.9993250525070192,0.9982642466622319,0.9991322012612351
visualizing_soil,resistivity,8641.0,0.1486,0.6991,1.01,166.01,50.8414,47.83,28.7551,0.5665,0.0154,19.5,41.12,0.0162,0.3562,0.0049,0.2481,0.0024,0.3973,8.4358,0.0,DecisionTree,0.999903583372388,0.999903583372388,0.999903583372388,0.999903583372388,0.999903583372388,0.999903583372388,0.999903583372388,0.999903583372388,0.999903583372388
visualizing_soil,resistivity,8641.0,0.1486,0.6991,1.01,166.01,50.8414,47.83,28.7551,0.5665,0.0154,19.5,41.12,0.0162,0.3562,0.0049,0.2481,0.0024,0.3973,8.4358,0.0,LogisticRegression,0.9990357399993534,0.9991321570091151,0.9988428727074541,0.9990357399993534,0.9990357399993534,0.9989392969542054,0.9989392969542054,0.9991321570091151,0.9988428727074541
visualizing_soil,resistivity,8641.0,0.1486,0.6991,1.01,166.01,50.8414,47.83,28.7551,0.5665,0.0154,19.5,41.12,0.0162,0.3562,0.0049,0.2481,0.0024,0.3973,8.4358,0.0,KNN,0.9945036092439735,0.9950822842458307,0.9965288479592028,0.9958537289703765,0.9960466375421326,0.9946963932955126,0.9947930734239686,0.9940215484016504,0.9946964870724694
visualizing_soil,resistivity,8641.0,0.1486,0.6991,1.01,166.01,50.8414,47.83,28.7551,0.5665,0.0154,19.5,41.12,0.0162,0.3562,0.0049,0.2481,0.0024,0.3973,8.4358,0.0,RandomForest,1.0,1.0,1.0,1.0,1.0,1.0,0.9999035897568042,1.0,1.0
visualizing_soil,resistivity,8641.0,0.1486,0.6991,1.01,166.01,50.8414,47.83,28.7551,0.5665,0.0154,19.5,41.12,0.0162,0.3562,0.0049,0.2481,0.0024,0.3973,8.4358,0.0,AdaBoost,0.999903583372388,0.999903583372388,0.999903583372388,0.999903583372388,0.999903583372388,0.999903583372388,0.999903583372388,0.999903583372388,0.999903583372388
visualizing_soil,resistivity,8641.0,0.1486,0.6991,1.01,166.01,50.8414,47.83,28.7551,0.5665,0.0154,19.5,41.12,0.0162,0.3562,0.0049,0.2481,0.0024,0.3973,8.4358,0.0,SVC,0.9992286428418313,0.9990357252850774,0.9990357695293985,0.999325052909088,0.9990357695293985,0.9992286343623709,0.9995179030319437,0.999132176308066,0.9993250294567789
visualizing_soil,resistivity,8641.0,0.0976,0.684,0.89,166.01,50.8895,47.785,28.8216,0.5756,0.0257,19.415,41.365,0.0158,0.3474,0.0052,0.241,0.002,0.3878,8.4657,0.0,DecisionTree,0.999903583372388,0.999903583372388,0.999903583372388,0.999903583372388,0.999903583372388,0.999903583372388,0.999903583372388,0.999903583372388,0.999903583372388
visualizing_soil,resistivity,8641.0,0.0976,0.684,0.89,166.01,50.8895,47.785,28.8216,0.5756,0.0257,19.415,41.365,0.0158,0.3474,0.0052,0.241,0.002,0.3878,8.4657,0.0,LogisticRegression,0.9988428727074541,0.9984571056147441,0.9988428727074541,0.9990357399993534,0.9989393157526021,0.9987464228377767,0.9987464228377767,0.9985535623970806,0.9990357399993534
visualizing_soil,resistivity,8641.0,0.0976,0.684,0.89,166.01,50.8895,47.785,28.8216,0.5756,0.0257,19.415,41.365,0.0158,0.3474,0.0052,0.241,0.002,0.3878,8.4657,0.0,KNN,0.9952757453540015,0.9946008260522768,0.9953718144312274,0.9956613375749426,0.9956611594809632,0.995082889446542,0.9950827724850053,0.9945045243515629,0.9954684698557451
visualizing_soil,resistivity,8641.0,0.0976,0.684,0.89,166.01,50.8895,47.785,28.8216,0.5756,0.0257,19.415,41.365,0.0158,0.3474,0.0052,0.241,0.002,0.3878,8.4657,0.0,RandomForest,1.0,1.0,1.0,1.0,1.0,1.0,0.9999035897568042,1.0,1.0
visualizing_soil,resistivity,8641.0,0.0976,0.684,0.89,166.01,50.8895,47.785,28.8216,0.5756,0.0257,19.415,41.365,0.0158,0.3474,0.0052,0.241,0.002,0.3878,8.4657,0.0,AdaBoost,0.999903583372388,0.999903583372388,0.999903583372388,0.999903583372388,0.999903583372388,0.999903583372388,0.999903583372388,0.999903583372388,0.999903583372388
visualizing_soil,resistivity,8641.0,0.0976,0.684,0.89,166.01,50.8895,47.785,28.8216,0.5756,0.0257,19.415,41.365,0.0158,0.3474,0.0052,0.241,0.002,0.3878,8.4657,0.0,SVC,0.9992286242332242,0.9992286328334499,0.999325052909088,0.9997107393067768,0.9993250583226718,0.9993250583226718,0.9994214840792339,0.9989393379571838,0.9997107393067768
visualizing_soil,resistivity,8641.0,0.0509,0.6748,0.89,166.01,50.9237,47.72,28.9259,0.5734,0.0041,19.44,41.56,0.0164,0.3508,0.0041,0.2444,0.0037,0.3921,8.5002,0.0,DecisionTree,0.999903583372388,0.999903583372388,0.999903583372388,0.999903583372388,0.999903583372388,0.999903583372388,0.999903583372388,0.999903583372388,0.999903583372388
visualizing_soil,resistivity,8641.0,0.0509,0.6748,0.89,166.01,50.9237,47.72,28.9259,0.5734,0.0041,19.44,41.56,0.0164,0.3508,0.0041,0.2444,0.0037,0.3921,8.5002,0.0,LogisticRegression,0.9987464228377767,0.9987464228377767,0.9987464228377767,0.9987464228377767,0.9987464228377767,0.9987464228377767,0.9988428727074541,0.9987464228377767,0.9987464228377767
visualizing_soil,resistivity,8641.0,0.0509,0.6748,0.89,166.01,50.9237,47.72,28.9259,0.5734,0.0041,19.44,41.56,0.0164,0.3508,0.0041,0.2444,0.0037,0.3921,8.5002,0.0,KNN,0.9953719232973676,0.9951790583522755,0.9950822785750483,0.9958538905542029,0.9952755151063324,0.9950827917668101,0.9952756424370752,0.9950826081913597,0.9950826252840879
visualizing_soil,resistivity,8641.0,0.0509,0.6748,0.89,166.01,50.9237,47.72,28.9259,0.5734,0.0041,19.44,41.56,0.0164,0.3508,0.0041,0.2444,0.0037,0.3921,8.5002,0.0,RandomForest,1.0,1.0,1.0,1.0,1.0,1.0,1.0,1.0,1.0
visualizing_soil,resistivity,8641.0,0.0509,0.6748,0.89,166.01,50.9237,47.72,28.9259,0.5734,0.0041,19.44,41.56,0.0164,0.3508,0.0041,0.2444,0.0037,0.3921,8.5002,0.0,AdaBoost,0.999903583372388,0.999903583372388,0.999903583372388,0.999903583372388,0.999903583372388,0.999903583372388,0.999903583372388,0.999903583372388,0.999903583372388
visualizing_soil,resistivity,8641.0,0.0509,0.6748,0.89,166.01,50.9237,47.72,28.9259,0.5734,0.0041,19.44,41.56,0.0164,0.3508,0.0041,0.2444,0.0037,0.3921,8.5002,0.0,SVC,0.9992286242332242,0.9985536011762166,0.9989393240144833,0.9989393240144833,0.9990357630006744,0.9991322012612351,0.9992286328334499,0.9985535765055076,0.9992286242332242
