name,column_name,n_tuples,missing_perc,uniqueness,min,max,mean,median,std,skewness,kurtosis,mad,iqr,p_min,p_max,k_min,k_max,s_min,s_max,entropy,density,ml_algorithm,impute_standard,impute_mean,impute_median,impute_random,impute_knn,impute_mice,impute_linear_regression,impute_random_forest,impute_cmeans
mv,x4,40768.0,0.4964,0.9793,-7.4998,2.4996,-4.3796,-5.7223,3.0285,0.9618,-0.6161,1.0541,4.9023,0.0043,0.7013,0.0038,0.5035,0.0058,0.6672,9.9008,0.0,DecisionTree,0.9524957570796189,0.9477591874883022,0.9524971568720232,0.952516318723906,0.9524957570796189,0.9524954256814108,0.952362317418193,0.9523597385673541,0.9524957570796189
mv,x4,40768.0,0.4964,0.9793,-7.4998,2.4996,-4.3796,-5.7223,3.0285,0.9618,-0.6161,1.0541,4.9023,0.0043,0.7013,0.0038,0.5035,0.0058,0.6672,9.9008,0.0,LogisticRegression,0.9495347139405205,0.9477741159891823,0.9493661132856815,0.9500591451229994,0.950016017191347,0.949311594507446,0.9495307408662665,0.9493545452866079,0.950102229606615
mv,x4,40768.0,0.4964,0.9793,-7.4998,2.4996,-4.3796,-5.7223,3.0285,0.9618,-0.6161,1.0541,4.9023,0.0043,0.7013,0.0038,0.5035,0.0058,0.6672,9.9008,0.0,KNN,0.9499817205534933,0.9481924783203589,0.9491438766897267,0.9496491141534417,0.9491620224306343,0.9500473550034869,0.9500458227197703,0.9489136642588829,0.9492255936424978
mv,x4,40768.0,0.4964,0.9793,-7.4998,2.4996,-4.3796,-5.7223,3.0285,0.9618,-0.6161,1.0541,4.9023,0.0043,0.7013,0.0038,0.5035,0.0058,0.6672,9.9008,0.0,RandomForest,0.9536459063721318,0.9523785012323399,0.9534952712308934,0.9532143301270957,0.9529709940682545,0.9532506239627063,0.953097571342801,0.9533100322457599,0.9532047726021645
mv,x4,40768.0,0.4964,0.9793,-7.4998,2.4996,-4.3796,-5.7223,3.0285,0.9618,-0.6161,1.0541,4.9023,0.0043,0.7013,0.0038,0.5035,0.0058,0.6672,9.9008,0.0,AdaBoost,0.9521514108427955,0.9495464756270419,0.9525694807256251,0.9526809760687052,0.9525589174454365,0.95226350808849,0.9522475532579819,0.9522128336466948,0.9523615302900803
mv,x4,40768.0,0.4964,0.9793,-7.4998,2.4996,-4.3796,-5.7223,3.0285,0.9618,-0.6161,1.0541,4.9023,0.0043,0.7013,0.0038,0.5035,0.0058,0.6672,9.9008,0.0,SVC,0.9135397605615743,0.9068682682265272,0.9271340344134479,0.9273670490044527,0.9274526568268737,0.9180137736693539,0.914288123424136,0.9120426733076911,0.9272299361782144
mv,x4,40768.0,0.4467,0.9754,-7.4998,2.4996,-4.3976,-5.7359,3.0265,0.9743,-0.5892,1.041,4.9079,0.0018,0.7036,0.0005,0.4994,0.0008,0.662,9.9893,0.0,DecisionTree,0.9530739709450188,0.9486772090107596,0.9530544414714621,0.9530537589309245,0.9531372633608132,0.9530739709450188,0.9529934089454848,0.953000434922282,0.9530739709450188
mv,x4,40768.0,0.4467,0.9754,-7.4998,2.4996,-4.3976,-5.7359,3.0265,0.9743,-0.5892,1.041,4.9079,0.0018,0.7036,0.0005,0.4994,0.0008,0.662,9.9893,0.0,LogisticRegression,0.9500578505907227,0.9485429151568574,0.9504088364209393,0.950647902216112,0.9506268191318067,0.9498947243192618,0.9502844869263922,0.9495047937062164,0.9506703164902692
mv,x4,40768.0,0.4467,0.9754,-7.4998,2.4996,-4.3976,-5.7359,3.0265,0.9743,-0.5892,1.041,4.9079,0.0018,0.7036,0.0005,0.4994,0.0008,0.662,9.9893,0.0,KNN,0.9496794734711883,0.9475747460916742,0.9493060058822749,0.949602191570012,0.9493745069886534,0.9495145210667922,0.9495725315599546,0.9492278752352208,0.9489224446428559
mv,x4,40768.0,0.4467,0.9754,-7.4998,2.4996,-4.3976,-5.7359,3.0265,0.9743,-0.5892,1.041,4.9079,0.0018,0.7036,0.0005,0.4994,0.0008,0.662,9.9893,0.0,RandomForest,0.9540591760555638,0.9527017458068139,0.9533497536125306,0.953413972741088,0.9537417318215752,0.9530109739993711,0.9536991088482137,0.9532850631467638,0.9537375362459977
mv,x4,40768.0,0.4467,0.9754,-7.4998,2.4996,-4.3976,-5.7359,3.0265,0.9743,-0.5892,1.041,4.9079,0.0018,0.7036,0.0005,0.4994,0.0008,0.662,9.9893,0.0,AdaBoost,0.9531287046864421,0.9486087388717106,0.9525839259485589,0.9533198431413965,0.9533808757641731,0.953077829641182,0.9530221247342211,0.9529655268719601,0.9533634144793918
mv,x4,40768.0,0.4467,0.9754,-7.4998,2.4996,-4.3976,-5.7359,3.0265,0.9743,-0.5892,1.041,4.9079,0.0018,0.7036,0.0005,0.4994,0.0008,0.662,9.9893,0.0,SVC,0.9157452729996236,0.909880421521004,0.9258297691695745,0.9259075288047867,0.9263256905216627,0.919500442683458,0.9155473003991824,0.9137458100875173,0.9261135950267505
mv,x4,40768.0,0.4004,0.974,-7.4995,2.4997,-4.3915,-5.7351,3.0238,0.9673,-0.6048,1.0412,4.9047,0.0071,0.7008,0.0047,0.5019,0.007,0.6652,10.0677,0.0,DecisionTree,0.9527682423319177,0.9491111222502812,0.953204411526062,0.9527480063957261,0.9527480173885121,0.9527682423319177,0.9532054130601885,0.9526085106441351,0.9528086701765031
mv,x4,40768.0,0.4004,0.974,-7.4995,2.4997,-4.3915,-5.7351,3.0238,0.9673,-0.6048,1.0412,4.9047,0.0071,0.7008,0.0047,0.5019,0.007,0.6652,10.0677,0.0,LogisticRegression,0.950514923615107,0.9481392517791183,0.9507628920313467,0.9512256464443245,0.9511221881289118,0.9499607058346008,0.9508021800797831,0.9499847546956358,0.951145937250659
mv,x4,40768.0,0.4004,0.974,-7.4995,2.4997,-4.3915,-5.7351,3.0238,0.9673,-0.6048,1.0412,4.9047,0.0071,0.7008,0.0047,0.5019,0.007,0.6652,10.0677,0.0,KNN,0.9505938081871863,0.9483709984978423,0.9493516762793592,0.9506883686654524,0.9503155414741316,0.9502291221668712,0.9505574254840679,0.9493261118007609,0.9505069318740134
mv,x4,40768.0,0.4004,0.974,-7.4995,2.4997,-4.3915,-5.7351,3.0238,0.9673,-0.6048,1.0412,4.9047,0.0071,0.7008,0.0047,0.5019,0.007,0.6652,10.0677,0.0,RandomForest,0.9539314319322827,0.9518928790272507,0.9534381562920737,0.9532146284705276,0.9534163873206716,0.9525425996937519,0.954296405722713,0.9537367077439349,0.9532947693536795
mv,x4,40768.0,0.4004,0.974,-7.4995,2.4997,-4.3915,-5.7351,3.0238,0.9673,-0.6048,1.0412,4.9047,0.0071,0.7008,0.0047,0.5019,0.007,0.6652,10.0677,0.0,AdaBoost,0.9538114450210063,0.9495643114511879,0.9537111649898053,0.9534794601750457,0.9534996062200308,0.9533797620022286,0.9536885548976557,0.9529638865760052,0.9534991776039554
mv,x4,40768.0,0.4004,0.974,-7.4995,2.4997,-4.3915,-5.7351,3.0238,0.9673,-0.6048,1.0412,4.9047,0.0071,0.7008,0.0047,0.5019,0.007,0.6652,10.0677,0.0,SVC,0.916251048599268,0.9106378933776833,0.9247142922998682,0.924081332826364,0.9242335157124215,0.9191166030074015,0.9179853392048506,0.9153840386936952,0.924465313615703
mv,x4,40768.0,0.3479,0.9728,-7.4999,2.4997,-4.4019,-5.737,3.0305,0.9731,-0.5919,1.0558,4.8984,0.011,0.7005,0.008,0.4989,0.012,0.6618,10.1501,0.0,DecisionTree,0.9541439609963827,0.9491153485247299,0.9539215190813759,0.9541439609963827,0.9540836027798797,0.9541439609963827,0.9541439609963827,0.9538839176794377,0.9541439609963827
mv,x4,40768.0,0.3479,0.9728,-7.4999,2.4997,-4.4019,-5.737,3.0305,0.9731,-0.5919,1.0558,4.8984,0.011,0.7005,0.008,0.4989,0.012,0.6618,10.1501,0.0,LogisticRegression,0.9513301557446613,0.949186870266594,0.9509547527890057,0.9514023945672598,0.9514681194344803,0.9509437984555211,0.9517177857086904,0.9504970524628211,0.9515074273222849
mv,x4,40768.0,0.3479,0.9728,-7.4999,2.4997,-4.4019,-5.737,3.0305,0.9731,-0.5919,1.0558,4.8984,0.011,0.7005,0.008,0.4989,0.012,0.6618,10.1501,0.0,KNN,0.9515230574450392,0.9490706558617044,0.9491234176381813,0.9504216382285267,0.9504685713235215,0.9513255454250962,0.9512997024047425,0.9507152287613204,0.9501412929014903
mv,x4,40768.0,0.3479,0.9728,-7.4999,2.4997,-4.4019,-5.737,3.0305,0.9731,-0.5919,1.0558,4.8984,0.011,0.7005,0.008,0.4989,0.012,0.6618,10.1501,0.0,RandomForest,0.9551327404378515,0.9548757752436416,0.9548950189932481,0.9550760758821544,0.9556035567833377,0.9549392663682961,0.9553611870774359,0.9550690143484237,0.9548911790020214
mv,x4,40768.0,0.3479,0.9728,-7.4999,2.4997,-4.4019,-5.737,3.0305,0.9731,-0.5919,1.0558,4.8984,0.011,0.7005,0.008,0.4989,0.012,0.6618,10.1501,0.0,AdaBoost,0.9543282019446644,0.9524310119328662,0.9545122020021686,0.9545995062568471,0.9546186893776418,0.9548499200321866,0.9545371564002609,0.9542935564233099,0.954356817287771
mv,x4,40768.0,0.3479,0.9728,-7.4999,2.4997,-4.4019,-5.737,3.0305,0.9731,-0.5919,1.0558,4.8984,0.011,0.7005,0.008,0.4989,0.012,0.6618,10.1501,0.0,SVC,0.9160816243949971,0.9098541227214143,0.9242455379463165,0.9242263652691665,0.924335329499991,0.9177356708482072,0.917499873873741,0.9152251268948597,0.9238901259235982
mv,x4,40768.0,0.3016,0.9693,-7.4999,2.4997,-4.3873,-5.7304,3.0274,0.9696,-0.5957,1.049,4.8892,0.0101,0.7007,0.0066,0.4975,0.0099,0.6603,10.2136,0.0,DecisionTree,0.9543070795647641,0.9514346554939632,0.9537856937972232,0.9542666103063304,0.9542868502666602,0.9543070795647641,0.9542467158510362,0.9541127165914163,0.9542059786172012
mv,x4,40768.0,0.3016,0.9693,-7.4999,2.4997,-4.3873,-5.7304,3.0274,0.9696,-0.5957,1.049,4.8892,0.0101,0.7007,0.0066,0.4975,0.0099,0.6603,10.2136,0.0,LogisticRegression,0.9515121416498356,0.9497738917807653,0.9510370243872217,0.9514075064806773,0.9514479838917436,0.9512662708311739,0.9515484427416381,0.9511638315293889,0.9516505814639373
mv,x4,40768.0,0.3016,0.9693,-7.4999,2.4997,-4.3873,-5.7304,3.0274,0.9696,-0.5957,1.049,4.8892,0.0101,0.7007,0.0066,0.4975,0.0099,0.6603,10.2136,0.0,KNN,0.951290648414614,0.950369374790337,0.9514091966785146,0.9507938424702327,0.9510849442083458,0.9510261149823411,0.9508051341550041,0.9508428740229931,0.9509202336205544
mv,x4,40768.0,0.3016,0.9693,-7.4999,2.4997,-4.3873,-5.7304,3.0274,0.9696,-0.5957,1.049,4.8892,0.0101,0.7007,0.0066,0.4975,0.0099,0.6603,10.2136,0.0,RandomForest,0.9550885507940639,0.9541131068772835,0.9541394797115039,0.954805288576605,0.9547988939455213,0.9548690325446773,0.9549292979710511,0.9551480046616057,0.9543006102131572
mv,x4,40768.0,0.3016,0.9693,-7.4999,2.4997,-4.3873,-5.7304,3.0274,0.9696,-0.5957,1.049,4.8892,0.0101,0.7007,0.0066,0.4975,0.0099,0.6603,10.2136,0.0,AdaBoost,0.9547642081305773,0.9528348119555475,0.9542291914571589,0.9541239737251207,0.9546594108138319,0.954164077289648,0.9545320926118667,0.9540622656276139,0.9540322481781014
mv,x4,40768.0,0.3016,0.9693,-7.4999,2.4997,-4.3873,-5.7304,3.0274,0.9696,-0.5957,1.049,4.8892,0.0101,0.7007,0.0066,0.4975,0.0099,0.6603,10.2136,0.0,SVC,0.9185421435221611,0.9117073602135302,0.9233017713306708,0.9236121544724741,0.9236551086085458,0.9192485099957023,0.9199939620252303,0.917515250077507,0.9233594362600888
mv,x4,40768.0,0.2511,0.9685,-7.4995,2.4997,-4.3856,-5.7235,3.0264,0.9702,-0.5961,1.0513,4.8822,0.0063,0.7011,0.0049,0.5009,0.0073,0.6644,10.2823,0.0,DecisionTree,0.9548828388108601,0.9509211072933414,0.9547817150458513,0.9547213451882606,0.9548423904525176,0.9548211727489624,0.9544379650174053,0.9547434749369945,0.9547618246116597
mv,x4,40768.0,0.2511,0.9685,-7.4995,2.4997,-4.3856,-5.7235,3.0264,0.9702,-0.5961,1.0513,4.8822,0.0063,0.7011,0.0049,0.5009,0.0073,0.6644,10.2823,0.0,LogisticRegression,0.9516731175333181,0.9498163657203077,0.9513262712081604,0.9517732332465585,0.9519191499090447,0.951389710090916,0.9517765237336387,0.9515137708686965,0.9519778486075334
mv,x4,40768.0,0.2511,0.9685,-7.4995,2.4997,-4.3856,-5.7235,3.0264,0.9702,-0.5961,1.0513,4.8822,0.0063,0.7011,0.0049,0.5009,0.0073,0.6644,10.2823,0.0,KNN,0.9503084442782684,0.9491158467945768,0.9518602296102768,0.951637493248582,0.9514111880965231,0.9503638313924377,0.9501477159339493,0.9512062011088745,0.9508833467998214
mv,x4,40768.0,0.2511,0.9685,-7.4995,2.4997,-4.3856,-5.7235,3.0264,0.9702,-0.5961,1.0513,4.8822,0.0063,0.7011,0.0049,0.5009,0.0073,0.6644,10.2823,0.0,RandomForest,0.9557507357588112,0.9537553536803405,0.9550693291457817,0.9561243564368622,0.9554971375161573,0.9555931680374335,0.9559398537520956,0.9556953278036943,0.9556367761746667
mv,x4,40768.0,0.2511,0.9685,-7.4995,2.4997,-4.3856,-5.7235,3.0264,0.9702,-0.5961,1.0513,4.8822,0.0063,0.7011,0.0049,0.5009,0.0073,0.6644,10.2823,0.0,AdaBoost,0.9552728647491696,0.9537058336806098,0.9551534298152404,0.9551722432360666,0.9548294519188149,0.9550391682176604,0.9553555949190138,0.9548274643547874,0.9552664103487263
mv,x4,40768.0,0.2511,0.9685,-7.4995,2.4997,-4.3856,-5.7235,3.0264,0.9702,-0.5961,1.0513,4.8822,0.0063,0.7011,0.0049,0.5009,0.0073,0.6644,10.2823,0.0,SVC,0.9195575629966455,0.91302931060896,0.9225453701411824,0.9227640770761066,0.9228043129680168,0.9195440523254581,0.9207537559933858,0.9188007442634029,0.9224279792381401
mv,x4,40768.0,0.2015,0.966,-7.4999,2.4997,-4.3903,-5.7251,3.0237,0.9679,-0.6019,1.0544,4.9013,0.008,0.7009,0.0061,0.5003,0.0092,0.6631,10.3428,0.0,DecisionTree,0.955503603346177,0.9521345341872427,0.9554229938583627,0.9554833787158106,0.9554836740367698,0.955503603346177,0.9549432256095192,0.9556488056319825,0.9554833787158106
mv,x4,40768.0,0.2015,0.966,-7.4999,2.4997,-4.3903,-5.7251,3.0237,0.9679,-0.6019,1.0544,4.9013,0.008,0.7009,0.0061,0.5003,0.0092,0.6631,10.3428,0.0,LogisticRegression,0.9517976441853083,0.9503715342121442,0.9516705970755797,0.9518756438126316,0.9518558176406877,0.9517593321381685,0.9514471038334481,0.9514293704129997,0.9518334874786591
mv,x4,40768.0,0.2015,0.966,-7.4999,2.4997,-4.3903,-5.7251,3.0237,0.9679,-0.6019,1.0544,4.9013,0.008,0.7009,0.0061,0.5003,0.0092,0.6631,10.3428,0.0,KNN,0.9532236607727645,0.9518817938559261,0.9530909667046432,0.9535080453612312,0.9527924531403098,0.9533884465787669,0.9534325284075048,0.9532722703004588,0.9533814781091501
mv,x4,40768.0,0.2015,0.966,-7.4999,2.4997,-4.3903,-5.7251,3.0237,0.9679,-0.6019,1.0544,4.9013,0.008,0.7009,0.0061,0.5003,0.0092,0.6631,10.3428,0.0,RandomForest,0.9571230525673722,0.9556847179336007,0.9560577949378156,0.956517078889792,0.9564837713254798,0.9564824288398162,0.9575253469415148,0.9572033784879277,0.9562970922927978
mv,x4,40768.0,0.2015,0.966,-7.4999,2.4997,-4.3903,-5.7251,3.0237,0.9679,-0.6019,1.0544,4.9013,0.008,0.7009,0.0061,0.5003,0.0092,0.6631,10.3428,0.0,AdaBoost,0.9558813929533123,0.9535563770513261,0.9554586776527227,0.9563134074794706,0.9565397916232901,0.9559765727157683,0.9558929867478675,0.956252430260215,0.9562763639886201
mv,x4,40768.0,0.2015,0.966,-7.4999,2.4997,-4.3903,-5.7251,3.0237,0.9679,-0.6019,1.0544,4.9013,0.008,0.7009,0.0061,0.5003,0.0092,0.6631,10.3428,0.0,SVC,0.9207493467399961,0.9145112156641454,0.9216097792860624,0.921246974676958,0.9213349062472145,0.9195583275266891,0.9212557971173901,0.9206516891491439,0.9212068677462728
mv,x4,40768.0,0.1509,0.9623,-7.4999,2.4997,-4.4004,-5.7311,3.0201,0.9766,-0.5813,1.0442,4.8744,0.0049,0.7009,0.0038,0.4999,0.0058,0.6628,10.399,0.0,DecisionTree,0.9558083343369211,0.9537179323179874,0.9557476507877499,0.9558083343369211,0.9558083343369211,0.9558083343369211,0.9558083343369211,0.9556906143261082,0.9558288720656525
mv,x4,40768.0,0.1509,0.9623,-7.4999,2.4997,-4.4004,-5.7311,3.0201,0.9766,-0.5813,1.0442,4.8744,0.0049,0.7009,0.0038,0.4999,0.0058,0.6628,10.399,0.0,LogisticRegression,0.95241603998349,0.951495646131046,0.952579145268164,0.9527007505355211,0.9524973333038294,0.952334627376572,0.9525400252229606,0.9523336404135403,0.9526399789267386
mv,x4,40768.0,0.1509,0.9623,-7.4999,2.4997,-4.4004,-5.7311,3.0201,0.9766,-0.5813,1.0442,4.8744,0.0049,0.7009,0.0038,0.4999,0.0058,0.6628,10.399,0.0,KNN,0.9540301075781413,0.953221354423329,0.9547427565876514,0.9544171977086173,0.954523948660857,0.9540317257546524,0.954355505055459,0.9544359437801474,0.954336218630045
mv,x4,40768.0,0.1509,0.9623,-7.4999,2.4997,-4.4004,-5.7311,3.0201,0.9766,-0.5813,1.0442,4.8744,0.0049,0.7009,0.0038,0.4999,0.0058,0.6628,10.399,0.0,RandomForest,0.9573915623609107,0.9567794253535057,0.9571583145480176,0.9572123874403513,0.9570519899034386,0.9573597078436351,0.9576492037741382,0.9573688394785859,0.9571511338170022
mv,x4,40768.0,0.1509,0.9623,-7.4999,2.4997,-4.4004,-5.7311,3.0201,0.9766,-0.5813,1.0442,4.8744,0.0049,0.7009,0.0038,0.4999,0.0058,0.6628,10.399,0.0,AdaBoost,0.9566102171101645,0.95582038170858,0.9565753679229451,0.9565908871675344,0.9564423461366429,0.9563017375711372,0.9563200311759301,0.9562974190382663,0.9563408623598586
mv,x4,40768.0,0.1509,0.9623,-7.4999,2.4997,-4.4004,-5.7311,3.0201,0.9766,-0.5813,1.0442,4.8744,0.0049,0.7009,0.0038,0.4999,0.0058,0.6628,10.399,0.0,SVC,0.9202871684901667,0.9147867333435824,0.9203166972560253,0.920747351962885,0.9206723210215442,0.9184824799632494,0.9199691886352747,0.9202325284688886,0.9206037852261568
mv,x4,40768.0,0.101,0.9617,-7.4999,2.4997,-4.3908,-5.726,3.0249,0.9691,-0.5967,1.0548,4.8927,0.0044,0.702,0.0041,0.5011,0.0062,0.6642,10.4553,0.0,DecisionTree,0.9566523142590817,0.9546165944995856,0.9565514547005521,0.9565517355077542,0.9565916319965806,0.9566523142590817,0.9566523142590817,0.9564512138075305,0.9564906844286228
mv,x4,40768.0,0.101,0.9617,-7.4999,2.4997,-4.3908,-5.726,3.0249,0.9691,-0.5967,1.0548,4.8927,0.0044,0.702,0.0041,0.5011,0.0062,0.6642,10.4553,0.0,LogisticRegression,0.9527832859279104,0.9515570499944979,0.9529237974451394,0.9531094140380257,0.9531300591815208,0.9527007345202512,0.9527618216867411,0.9526391518051287,0.9531499349890784
mv,x4,40768.0,0.101,0.9617,-7.4999,2.4997,-4.3908,-5.726,3.0249,0.9691,-0.5967,1.0548,4.8927,0.0044,0.702,0.0041,0.5011,0.0062,0.6642,10.4553,0.0,KNN,0.9543754334943285,0.9531306079672275,0.954309243483516,0.9541524712905266,0.9545439893291229,0.9544355013117698,0.9541106833654016,0.9541168240284892,0.9542539196454007
mv,x4,40768.0,0.101,0.9617,-7.4999,2.4997,-4.3908,-5.726,3.0249,0.9691,-0.5967,1.0548,4.8927,0.0044,0.702,0.0041,0.5011,0.0062,0.6642,10.4553,0.0,RandomForest,0.9580904526799972,0.956635452887374,0.9585071677035621,0.9582826107497487,0.958360139962463,0.957812925990976,0.9584016332220083,0.9583257798688357,0.9584838320076622
mv,x4,40768.0,0.101,0.9617,-7.4999,2.4997,-4.3908,-5.726,3.0249,0.9691,-0.5967,1.0548,4.8927,0.0044,0.702,0.0041,0.5011,0.0062,0.6642,10.4553,0.0,AdaBoost,0.9577449549363148,0.9561640519469627,0.9568961485438057,0.9570785065250738,0.9569765209521524,0.956970716155946,0.9571615169478591,0.957099572727633,0.9568209872213548
mv,x4,40768.0,0.101,0.9617,-7.4999,2.4997,-4.3908,-5.726,3.0249,0.9691,-0.5967,1.0548,4.8927,0.0044,0.702,0.0041,0.5011,0.0062,0.6642,10.4553,0.0,SVC,0.9210961989691048,0.9162275526385582,0.9189833141377026,0.9191668328925314,0.9193062910261646,0.9187911615811766,0.9209801649805673,0.9204184622102762,0.9194268936679044
mv,x4,40768.0,0.0508,0.9585,-7.4999,2.4997,-4.397,-5.7301,3.023,0.9748,-0.5861,1.0456,4.877,0.0055,0.701,0.005,0.4995,0.0075,0.6624,10.5049,0.0,DecisionTree,0.9571875703404844,0.9562934567124168,0.9571297583356483,0.9571875703404844,0.9571875703404844,0.9571875703404844,0.9571875703404844,0.9571682046242143,0.9571875703404844
mv,x4,40768.0,0.0508,0.9585,-7.4999,2.4997,-4.397,-5.7301,3.023,0.9748,-0.5861,1.0456,4.877,0.0055,0.701,0.005,0.4995,0.0075,0.6624,10.5049,0.0,LogisticRegression,0.9534967361996234,0.952846273034357,0.9534133089548023,0.9533731934447846,0.9534141154362172,0.9532930343672519,0.9534760831503443,0.9532731678841728,0.9532707525055573
mv,x4,40768.0,0.0508,0.9585,-7.4999,2.4997,-4.397,-5.7301,3.023,0.9748,-0.5861,1.0456,4.877,0.0055,0.701,0.005,0.4995,0.0075,0.6624,10.5049,0.0,KNN,0.9552650871546493,0.9550370064275625,0.9554569597058912,0.9556821817246954,0.9555417251034336,0.9552672503477377,0.9552867773471043,0.9551912505371936,0.9552352520644013
mv,x4,40768.0,0.0508,0.9585,-7.4999,2.4997,-4.397,-5.7301,3.023,0.9748,-0.5861,1.0456,4.877,0.0055,0.701,0.005,0.4995,0.0075,0.6624,10.5049,0.0,RandomForest,0.9591280372660133,0.9580154991915658,0.9591463316983145,0.9591274842672398,0.9591863880217034,0.9587207578557049,0.9594487349272831,0.9591671683430637,0.9592649793088421
mv,x4,40768.0,0.0508,0.9585,-7.4999,2.4997,-4.397,-5.7301,3.023,0.9748,-0.5861,1.0456,4.877,0.0055,0.701,0.005,0.4995,0.0075,0.6624,10.5049,0.0,AdaBoost,0.9577644505548104,0.9575262493292009,0.957982334841697,0.9579329670745694,0.9572782726518312,0.9573319221931555,0.9576587134543253,0.9578318556071963,0.957579998865523
mv,x4,40768.0,0.0508,0.9585,-7.4999,2.4997,-4.397,-5.7301,3.023,0.9748,-0.5861,1.0456,4.877,0.0055,0.701,0.005,0.4995,0.0075,0.6624,10.5049,0.0,SVC,0.9193049483014153,0.9176557108097625,0.9193611901202429,0.9195082595361783,0.919509669734019,0.918894486405726,0.9195167112466112,0.9195509264099342,0.9193688834096154
mv,x5,40768.0,0.5035,0.9957,-0.9999,0.9999,-0.0042,0.0008,0.5771,0.0024,-1.2045,0.5003,1.0006,0.0029,0.0036,0.0013,0.0049,0.002,0.0073,9.9095,0.0,DecisionTree,0.9575823378512587,0.9575823378512587,0.9576191649996149,0.9576191649996149,0.9576191649996149,0.9576191649996149,0.9575823378512587,0.9575823378512587,0.9574536792596919
mv,x5,40768.0,0.5035,0.9957,-0.9999,0.9999,-0.0042,0.0008,0.5771,0.0024,-1.2045,0.5003,1.0006,0.0029,0.0036,0.0013,0.0049,0.002,0.0073,9.9095,0.0,LogisticRegression,0.953514544208258,0.9534947103975409,0.9536182832856339,0.9535364678339079,0.953515830138607,0.953515830138607,0.9535368393946679,0.9534959503580135,0.9534749034523584
mv,x5,40768.0,0.5035,0.9957,-0.9999,0.9999,-0.0042,0.0008,0.5771,0.0024,-1.2045,0.5003,1.0006,0.0029,0.0036,0.0013,0.0049,0.002,0.0073,9.9095,0.0,KNN,0.9563655107789348,0.956307143832495,0.9570881607608082,0.9572491992776325,0.957392944843069,0.957311710479617,0.9570206267852769,0.9555623289606635,0.9572070453965331
mv,x5,40768.0,0.5035,0.9957,-0.9999,0.9999,-0.0042,0.0008,0.5771,0.0024,-1.2045,0.5003,1.0006,0.0029,0.0036,0.0013,0.0049,0.002,0.0073,9.9095,0.0,RandomForest,0.9595194235993263,0.9597349534561213,0.9597629089533963,0.9601403095456635,0.9599610173822389,0.9599139868848361,0.9599401475377622,0.9593974242852286,0.9600636320847787
mv,x5,40768.0,0.5035,0.9957,-0.9999,0.9999,-0.0042,0.0008,0.5771,0.0024,-1.2045,0.5003,1.0006,0.0029,0.0036,0.0013,0.0049,0.002,0.0073,9.9095,0.0,AdaBoost,0.9578741334800049,0.957875038790732,0.9581893046286434,0.9577510851346944,0.9578535487058588,0.9576189846205292,0.9577517500428945,0.9578089007193044,0.9583457547107421
mv,x5,40768.0,0.5035,0.9957,-0.9999,0.9999,-0.0042,0.0008,0.5771,0.0024,-1.2045,0.5003,1.0006,0.0029,0.0036,0.0013,0.0049,0.002,0.0073,9.9095,0.0,SVC,0.9181099124509888,0.9195218449470123,0.9196391480015794,0.9195324120519558,0.9196364908585746,0.9197162118146011,0.9177298067461878,0.9177736946113865,0.9197738349851862
mv,x5,40768.0,0.4496,0.9947,-0.9999,0.9999,-0.0006,0.0045,0.5752,0.0008,-1.19,0.4967,0.9934,0.008,0.0129,0.005,0.0083,0.0075,0.0125,10.0111,0.0,DecisionTree,0.9575823378512587,0.9575823378512587,0.9576191649996149,0.9576191649996149,0.9576191649996149,0.9576191649996149,0.9575823378512587,0.9575823378512587,0.9576191649996149
mv,x5,40768.0,0.4496,0.9947,-0.9999,0.9999,-0.0006,0.0045,0.5752,0.0008,-1.19,0.4967,0.9934,0.008,0.0129,0.005,0.0083,0.0075,0.0125,10.0111,0.0,LogisticRegression,0.9536182768462899,0.9537207100419961,0.9538029533786891,0.9537207404119881,0.9537410056607336,0.9537207246418137,0.9535777655232809,0.9535781316391366,0.9537004794984545
mv,x5,40768.0,0.4496,0.9947,-0.9999,0.9999,-0.0006,0.0045,0.5752,0.0008,-1.19,0.4967,0.9934,0.008,0.0129,0.005,0.0083,0.0075,0.0125,10.0111,0.0,KNN,0.9551394543378031,0.9551419061817212,0.9559563085499807,0.9550251546040089,0.9548419895686442,0.9552909281106321,0.9556697931674847,0.9564494573258873,0.9551442714149923
mv,x5,40768.0,0.4496,0.9947,-0.9999,0.9999,-0.0006,0.0045,0.5752,0.0008,-1.19,0.4967,0.9934,0.008,0.0129,0.005,0.0083,0.0075,0.0125,10.0111,0.0,RandomForest,0.9597013845904315,0.9599986440754238,0.9598215132460604,0.9601637585598897,0.9595754811715542,0.9605464629858042,0.9598334080691715,0.9594143598074225,0.9598143189200437
mv,x5,40768.0,0.4496,0.9947,-0.9999,0.9999,-0.0006,0.0045,0.5752,0.0008,-1.19,0.4967,0.9934,0.008,0.0129,0.005,0.0083,0.0075,0.0125,10.0111,0.0,AdaBoost,0.9582883384646155,0.9580605151170728,0.9581615892954607,0.9580096813609504,0.9580933107913092,0.9580624837360461,0.9582091536237793,0.9580894990892148,0.958306485453204
mv,x5,40768.0,0.4496,0.9947,-0.9999,0.9999,-0.0006,0.0045,0.5752,0.0008,-1.19,0.4967,0.9934,0.008,0.0129,0.005,0.0083,0.0075,0.0125,10.0111,0.0,SVC,0.9182668919442198,0.9191775179344812,0.9192821108435651,0.919375462134586,0.9194164001407872,0.9194357984869789,0.9171055649436078,0.9186026110914195,0.9194358979991841
mv,x5,40768.0,0.3983,0.9943,-0.9998,1.0,-0.002,0.0022,0.5789,-0.0008,-1.2029,0.5028,1.0064,0.0084,0.0085,0.005,0.006,0.0075,0.009,10.0998,0.0,DecisionTree,0.9575823378512587,0.9575823378512587,0.9576191649996149,0.9576191649996149,0.9576191649996149,0.9576191649996149,0.9575823378512587,0.9575823378512587,0.9576191649996149
mv,x5,40768.0,0.3983,0.9943,-0.9998,1.0,-0.002,0.0022,0.5789,-0.0008,-1.2029,0.5028,1.0064,0.0084,0.0085,0.005,0.006,0.0075,0.009,10.0998,0.0,LogisticRegression,0.9536182389462715,0.9535157494423946,0.9536578766049547,0.9537194559265869,0.9536987956201478,0.9537198894692468,0.953596742313307,0.9535773073717747,0.9535979196319131
mv,x5,40768.0,0.3983,0.9943,-0.9998,1.0,-0.002,0.0022,0.5789,-0.0008,-1.2029,0.5028,1.0064,0.0084,0.0085,0.005,0.006,0.0075,0.009,10.0998,0.0,KNN,0.9568568371950835,0.9570202230009589,0.9561086513239695,0.9567345440980672,0.9567519495736264,0.9570194562902413,0.9567679085773203,0.956615258313404,0.9560844604225186
mv,x5,40768.0,0.3983,0.9943,-0.9998,1.0,-0.002,0.0022,0.5789,-0.0008,-1.2029,0.5028,1.0064,0.0084,0.0085,0.005,0.006,0.0075,0.009,10.0998,0.0,RandomForest,0.9595999881254228,0.959741610752565,0.9593579350865258,0.9593322557561917,0.9592509800838687,0.9598192400952157,0.9594554603286924,0.9592553056193376,0.9596149408469918
mv,x5,40768.0,0.3983,0.9943,-0.9998,1.0,-0.002,0.0022,0.5789,-0.0008,-1.2029,0.5028,1.0064,0.0084,0.0085,0.005,0.006,0.0075,0.009,10.0998,0.0,AdaBoost,0.9581919877757672,0.9582526975571029,0.9582032119323464,0.9581394332784892,0.9581106338989255,0.9581590815957124,0.9583331496971355,0.9579129403823273,0.9583857306467666
mv,x5,40768.0,0.3983,0.9943,-0.9998,1.0,-0.002,0.0022,0.5789,-0.0008,-1.2029,0.5028,1.0064,0.0084,0.0085,0.005,0.006,0.0075,0.009,10.0998,0.0,SVC,0.9190057227422234,0.9195426252082078,0.9191335782308484,0.9192570435740157,0.9192958349500913,0.919296535764246,0.9176635672736959,0.9189860651260646,0.9194178765075736
mv,x5,40768.0,0.3502,0.9938,-0.9999,1.0,-0.0012,0.0036,0.5774,-0.0013,-1.1985,0.4982,0.9964,0.0026,0.007,0.0017,0.0046,0.0026,0.007,10.176,0.0,DecisionTree,0.9575823378512587,0.9575823378512587,0.9576191649996149,0.9576191649996149,0.9576191649996149,0.9576191649996149,0.9575823378512587,0.9575823378512587,0.9576191649996149
mv,x5,40768.0,0.3502,0.9938,-0.9999,1.0,-0.0012,0.0036,0.5774,-0.0013,-1.1985,0.4982,0.9964,0.0026,0.007,0.0017,0.0046,0.0026,0.007,10.176,0.0,LogisticRegression,0.9537608879704973,0.9537596824544903,0.9538002060648031,0.9537795081919911,0.9537795081919911,0.9537795081919911,0.9537195498273977,0.9536992235553352,0.9538207864268251
mv,x5,40768.0,0.3502,0.9938,-0.9999,1.0,-0.0012,0.0036,0.5774,-0.0013,-1.1985,0.4982,0.9964,0.0026,0.007,0.0017,0.0046,0.0026,0.007,10.176,0.0,KNN,0.9559742146443211,0.9558984731547845,0.9564052624726875,0.9570210433756006,0.9571841316285167,0.9569816042099696,0.9568149423465903,0.9559598214225338,0.9567986047689023
mv,x5,40768.0,0.3502,0.9938,-0.9999,1.0,-0.0012,0.0036,0.5774,-0.0013,-1.1985,0.4982,0.9964,0.0026,0.007,0.0017,0.0046,0.0026,0.007,10.176,0.0,RandomForest,0.9592366165902638,0.9593744581060857,0.9596238592075762,0.9599213159538722,0.9593951430494714,0.9595233637785671,0.9590217836885052,0.9591925608278383,0.9594710736192112
mv,x5,40768.0,0.3502,0.9938,-0.9999,1.0,-0.0012,0.0036,0.5774,-0.0013,-1.1985,0.4982,0.9964,0.0026,0.007,0.0017,0.0046,0.0026,0.007,10.176,0.0,AdaBoost,0.9583334360727436,0.9587178990724063,0.9582579451871529,0.9587304916780585,0.9581012382739873,0.9587600498546232,0.9583415689595229,0.9580449381807862,0.958057127329412
mv,x5,40768.0,0.3502,0.9938,-0.9999,1.0,-0.0012,0.0036,0.5774,-0.0013,-1.1985,0.4982,0.9964,0.0026,0.007,0.0017,0.0046,0.0026,0.007,10.176,0.0,SVC,0.9190016793727094,0.9191280294925313,0.919158922442715,0.9189772717192051,0.9189571726089686,0.9190383246786751,0.91769689492196,0.9186474479242378,0.9191631378513426
mv,x5,40768.0,0.302,0.9937,-0.9997,1.0,-0.0003,0.0045,0.577,-0.0025,-1.1999,0.4997,1.0008,0.0037,0.0059,0.0033,0.0051,0.005,0.0077,10.2473,0.0,DecisionTree,0.9575823378512587,0.9575823378512587,0.9575989205352987,0.9575989205352987,0.9575989205352987,0.9575989205352987,0.9575989205352987,0.9575823378512587,0.9574334350585193
mv,x5,40768.0,0.302,0.9937,-0.9997,1.0,-0.0003,0.0045,0.577,-0.0025,-1.1999,0.4997,1.0008,0.0037,0.0059,0.0033,0.0051,0.005,0.0077,10.2473,0.0,LogisticRegression,0.9536365023779847,0.9536567351738392,0.9535348387371305,0.9536571687759288,0.9536365274272094,0.953636505979194,0.9535960028528985,0.9536579496971369,0.9536567461132137
mv,x5,40768.0,0.302,0.9937,-0.9997,1.0,-0.0003,0.0045,0.577,-0.0025,-1.1999,0.4997,1.0008,0.0037,0.0059,0.0033,0.0051,0.005,0.0077,10.2473,0.0,KNN,0.9561812828048364,0.9564901296058959,0.9561036727997352,0.9567565572372682,0.9568611687845197,0.956860207970174,0.9566733704865985,0.9561403648890185,0.9569806246368876
mv,x5,40768.0,0.302,0.9937,-0.9997,1.0,-0.0003,0.0045,0.577,-0.0025,-1.1999,0.4997,1.0008,0.0037,0.0059,0.0033,0.0051,0.005,0.0077,10.2473,0.0,RandomForest,0.959619733196811,0.9598998297346452,0.9600062763536594,0.959513261177909,0.9596720653606958,0.9595690628045869,0.9598017207379753,0.9593750546864079,0.9596353828029174
mv,x5,40768.0,0.302,0.9937,-0.9997,1.0,-0.0003,0.0045,0.577,-0.0025,-1.1999,0.4997,1.0008,0.0037,0.0059,0.0033,0.0051,0.005,0.0077,10.2473,0.0,AdaBoost,0.9575863257766658,0.9585059552829657,0.9579989456634974,0.958094166575982,0.9578744113877092,0.9578512567525678,0.9584211240264956,0.9577652609722964,0.9582332203408059
mv,x5,40768.0,0.302,0.9937,-0.9997,1.0,-0.0003,0.0045,0.577,-0.0025,-1.1999,0.4997,1.0008,0.0037,0.0059,0.0033,0.0051,0.005,0.0077,10.2473,0.0,SVC,0.9188661230119671,0.9189418021764073,0.9188353198742335,0.9188733892788988,0.9189157174989949,0.918916413215524,0.9165871420549565,0.918777312406281,0.9188137703338827
mv,x5,40768.0,0.2536,0.9932,-0.9999,1.0,-0.0024,0.0024,0.5768,-0.0025,-1.2009,0.499,0.9979,0.0083,0.0106,0.0063,0.0065,0.0095,0.0098,10.3137,0.0,DecisionTree,0.9575823378512587,0.9575823378512587,0.9575989439385847,0.9575989439385847,0.9575989439385847,0.9575989439385847,0.9576191649996149,0.9575823378512587,0.9575989439385847
mv,x5,40768.0,0.2536,0.9932,-0.9999,1.0,-0.0024,0.0024,0.5768,-0.0025,-1.2009,0.499,0.9979,0.0083,0.0106,0.0063,0.0065,0.0095,0.0098,10.3137,0.0,LogisticRegression,0.9535769689519259,0.9535567174205345,0.9535360992380004,0.9535563639693063,0.9535563639693063,0.9535563639693063,0.9536182868114427,0.9534538278340466,0.953556745554017
mv,x5,40768.0,0.2536,0.9932,-0.9999,1.0,-0.0024,0.0024,0.5768,-0.0025,-1.2009,0.499,0.9979,0.0083,0.0106,0.0063,0.0065,0.0095,0.0098,10.3137,0.0,KNN,0.9568630433870056,0.9562713229625879,0.9568923530883666,0.9566011130378862,0.9564967541230858,0.9566423180684476,0.9567240185884052,0.955287563651569,0.9565801881409477
mv,x5,40768.0,0.2536,0.9932,-0.9999,1.0,-0.0024,0.0024,0.5768,-0.0025,-1.2009,0.499,0.9979,0.0083,0.0106,0.0063,0.0065,0.0095,0.0098,10.3137,0.0,RandomForest,0.9594995354058563,0.9597990165936708,0.9595995587629982,0.9595180377106419,0.9598865607474457,0.9596967752373134,0.9593765057127467,0.9596848881388722,0.9597595964994586
mv,x5,40768.0,0.2536,0.9932,-0.9999,1.0,-0.0024,0.0024,0.5768,-0.0025,-1.2009,0.499,0.9979,0.0083,0.0106,0.0063,0.0065,0.0095,0.0098,10.3137,0.0,AdaBoost,0.9580143848853306,0.9581687250051423,0.9577834055569429,0.9578028735490245,0.9578436830505654,0.9579261691837206,0.9578087417278492,0.9582371391748102,0.957793440800939
mv,x5,40768.0,0.2536,0.9932,-0.9999,1.0,-0.0024,0.0024,0.5768,-0.0025,-1.2009,0.499,0.9979,0.0083,0.0106,0.0063,0.0065,0.0095,0.0098,10.3137,0.0,SVC,0.9193016343396266,0.9191201058151324,0.9188132308890439,0.9189547362283956,0.9189755758285826,0.9190157752072734,0.9179688585986651,0.9191064601557356,0.9189734782038027
mv,x5,40768.0,0.2,0.9926,-0.9999,1.0,-0.0016,0.0044,0.5763,-0.0034,-1.1969,0.4983,0.9976,0.0048,0.0052,0.0028,0.0054,0.0042,0.008,10.3823,0.0,DecisionTree,0.9575823378512587,0.9575823378512587,0.9575989439385847,0.9575989439385847,0.9575989439385847,0.9575989439385847,0.9575989439385847,0.9575823378512587,0.9575989439385847
mv,x5,40768.0,0.2,0.9926,-0.9999,1.0,-0.0016,0.0044,0.5763,-0.0034,-1.1969,0.4983,0.9976,0.0048,0.0052,0.0028,0.0054,0.0042,0.008,10.3823,0.0,LogisticRegression,0.9537398869992989,0.9536786914446495,0.9536384922692529,0.9537199463448309,0.9537199463448309,0.9537402119698866,0.9537406103252204,0.9536373791996896,0.9536794229541785
mv,x5,40768.0,0.2,0.9926,-0.9999,1.0,-0.0016,0.0044,0.5763,-0.0034,-1.1969,0.4983,0.9976,0.0048,0.0052,0.0028,0.0054,0.0042,0.008,10.3823,0.0,KNN,0.9561446483013885,0.9557361036317218,0.9553499847889334,0.9560597769191955,0.9559176498209676,0.9561006284900656,0.9557723973212701,0.9551070614047996,0.9558348686046473
mv,x5,40768.0,0.2,0.9926,-0.9999,1.0,-0.0016,0.0044,0.5763,-0.0034,-1.1969,0.4983,0.9976,0.0048,0.0052,0.0028,0.0054,0.0042,0.008,10.3823,0.0,RandomForest,0.9596584779901073,0.9600606754031347,0.9592340001116518,0.9596574968696405,0.9594740843016346,0.9599601012880212,0.9597377616563573,0.9594774695129656,0.9599799675803724
mv,x5,40768.0,0.2,0.9926,-0.9999,1.0,-0.0016,0.0044,0.5763,-0.0034,-1.1969,0.4983,0.9976,0.0048,0.0052,0.0028,0.0054,0.0042,0.008,10.3823,0.0,AdaBoost,0.9581977051246906,0.9581977051246906,0.9584096377148571,0.9583144287828816,0.9581155453051479,0.9583138345802483,0.9581155453051479,0.9582491671997299,0.9579487039108959
mv,x5,40768.0,0.2,0.9926,-0.9999,1.0,-0.0016,0.0044,0.5763,-0.0034,-1.1969,0.4983,0.9976,0.0048,0.0052,0.0028,0.0054,0.0042,0.008,10.3823,0.0,SVC,0.9185008876450458,0.9180884683157843,0.9182358732551293,0.9182760825354334,0.9182157671059643,0.9182157671059643,0.917466215206074,0.9186548857185984,0.9182380329147524
mv,x5,40768.0,0.1512,0.9921,-0.9999,1.0,-0.0041,-0.0025,0.5769,0.0056,-1.1969,0.4975,0.9939,0.0024,0.0049,0.003,0.0033,0.0045,0.005,10.4407,0.0,DecisionTree,0.9575823378512587,0.9575823378512587,0.9576191649996149,0.9576191649996149,0.9576191649996149,0.9576191649996149,0.9576191649996149,0.9575823378512587,0.9576191649996149
mv,x5,40768.0,0.1512,0.9921,-0.9999,1.0,-0.0041,-0.0025,0.5769,0.0056,-1.1969,0.4975,0.9939,0.0024,0.0049,0.003,0.0033,0.0045,0.005,10.4407,0.0,LogisticRegression,0.9535774201191018,0.9535567449846699,0.9535567239310622,0.9535360547011751,0.9535360547011751,0.9535360547011751,0.9536183306243341,0.9535567199331171,0.9535563209099551
mv,x5,40768.0,0.1512,0.9921,-0.9999,1.0,-0.0041,-0.0025,0.5769,0.0056,-1.1969,0.4975,0.9939,0.0024,0.0049,0.003,0.0033,0.0045,0.005,10.4407,0.0,KNN,0.9567053606401092,0.9566812450853506,0.9570249575177263,0.95686014384148,0.9568604456111469,0.9572697213281016,0.9571920039081663,0.9563160587137416,0.9567390566351236
mv,x5,40768.0,0.1512,0.9921,-0.9999,1.0,-0.0041,-0.0025,0.5769,0.0056,-1.1969,0.4975,0.9939,0.0024,0.0049,0.003,0.0033,0.0045,0.005,10.4407,0.0,RandomForest,0.9597181919508466,0.959756014133644,0.9594965969864608,0.9596565736398197,0.9593924643150961,0.9595101859117837,0.9595366023581,0.9594338367987564,0.9595763504068862
mv,x5,40768.0,0.1512,0.9921,-0.9999,1.0,-0.0041,-0.0025,0.5769,0.0056,-1.1969,0.4975,0.9939,0.0024,0.0049,0.003,0.0033,0.0045,0.005,10.4407,0.0,AdaBoost,0.9582958957845529,0.9582744629741332,0.9579127167966321,0.9578919173872682,0.9578919173872682,0.9578919173872682,0.9580386177244653,0.9580675264283355,0.9578919173872682
mv,x5,40768.0,0.1512,0.9921,-0.9999,1.0,-0.0041,-0.0025,0.5769,0.0056,-1.1969,0.4975,0.9939,0.0024,0.0049,0.003,0.0033,0.0045,0.005,10.4407,0.0,SVC,0.9188194345078922,0.9188166928366193,0.9189385714931919,0.9189357473849419,0.9189565921522616,0.9188740132405373,0.9185338468936961,0.9188932500238828,0.9188768130852997
mv,x5,40768.0,0.099,0.9914,-0.9999,1.0,-0.0029,-0.0003,0.5781,0.0032,-1.2013,0.5009,1.0015,0.0056,0.007,0.0042,0.0046,0.0063,0.0068,10.4995,0.0,DecisionTree,0.9575823378512587,0.9575823378512587,0.9576191649996149,0.9576191649996149,0.9576191649996149,0.9576191649996149,0.9576191649996149,0.9575823378512587,0.9576191649996149
mv,x5,40768.0,0.099,0.9914,-0.9999,1.0,-0.0029,-0.0003,0.5781,0.0032,-1.2013,0.5009,1.0015,0.0056,0.007,0.0042,0.0046,0.0063,0.0068,10.4995,0.0,LogisticRegression,0.9536794136813149,0.9536170813845961,0.9536580127531862,0.9536170862822624,0.9536373324717431,0.9536373324717431,0.9535757586722866,0.953576927308979,0.9536170862822624
mv,x5,40768.0,0.099,0.9914,-0.9999,1.0,-0.0029,-0.0003,0.5781,0.0032,-1.2013,0.5009,1.0015,0.0056,0.007,0.0042,0.0046,0.0063,0.0068,10.4995,0.0,KNN,0.9556356850343024,0.9551072094309645,0.9559640480612662,0.9558606637772563,0.9558820087348657,0.9559623014514186,0.9553257298001638,0.9557373333245214,0.9559399107863469
mv,x5,40768.0,0.099,0.9914,-0.9999,1.0,-0.0029,-0.0003,0.5781,0.0032,-1.2013,0.5009,1.0015,0.0056,0.007,0.0042,0.0046,0.0063,0.0068,10.4995,0.0,RandomForest,0.959516804717963,0.9597392484748073,0.9596608697004392,0.9591281038484487,0.959126812852459,0.9591874338654414,0.9592117771652273,0.9593132254438317,0.9592501385500306
mv,x5,40768.0,0.099,0.9914,-0.9999,1.0,-0.0029,-0.0003,0.5781,0.0032,-1.2013,0.5009,1.0015,0.0056,0.007,0.0042,0.0046,0.0063,0.0068,10.4995,0.0,AdaBoost,0.9587628131902838,0.9578085295943188,0.9580749239045121,0.9578902177351636,0.9578902177351636,0.9583490156548865,0.9586578899210372,0.9582796153807763,0.9583490156548865
mv,x5,40768.0,0.099,0.9914,-0.9999,1.0,-0.0029,-0.0003,0.5781,0.0032,-1.2013,0.5009,1.0015,0.0056,0.007,0.0042,0.0046,0.0063,0.0068,10.4995,0.0,SVC,0.9186736831290048,0.9188569766890385,0.9188698460938283,0.9188497540135117,0.9189122043824871,0.9188712572837081,0.9183903154295712,0.9188963305398727,0.9188296602873682
mv,x5,40768.0,0.0507,0.9915,-0.9999,1.0,-0.0024,0.0015,0.5768,-0.0002,-1.1975,0.4986,0.9966,0.0082,0.0083,0.0051,0.0072,0.0077,0.0108,10.5519,0.0,DecisionTree,0.9575823378512587,0.9575823378512587,0.9576191649996149,0.9576191649996149,0.9576191649996149,0.9576191649996149,0.9576191649996149,0.9575823378512587,0.9576191649996149
mv,x5,40768.0,0.0507,0.9915,-0.9999,1.0,-0.0024,0.0015,0.5768,-0.0002,-1.1975,0.4986,0.9966,0.0082,0.0083,0.0051,0.0072,0.0077,0.0108,10.5519,0.0,LogisticRegression,0.9535765274493313,0.9535558516620415,0.9535769667591482,0.953555883988268,0.9535356236136397,0.9535356236136397,0.9535566723727957,0.9535968178469874,0.9535149639989843
mv,x5,40768.0,0.0507,0.9915,-0.9999,1.0,-0.0024,0.0015,0.5768,-0.0002,-1.1975,0.4986,0.9966,0.0082,0.0083,0.0051,0.0072,0.0077,0.0108,10.5519,0.0,KNN,0.9561834411278236,0.9562478176916837,0.9561844333970805,0.9562636375404093,0.9562434326375077,0.9564072249011669,0.9561005836161749,0.9563073544719849,0.9563866195096933
mv,x5,40768.0,0.0507,0.9915,-0.9999,1.0,-0.0024,0.0015,0.5768,-0.0002,-1.1975,0.4986,0.9966,0.0082,0.0083,0.0051,0.0072,0.0077,0.0108,10.5519,0.0,RandomForest,0.9593951686992291,0.9592897672512161,0.9595158156384854,0.9594331795522528,0.9595157464935011,0.959576826779744,0.959211387120174,0.959375394757439,0.9595342288206757
mv,x5,40768.0,0.0507,0.9915,-0.9999,1.0,-0.0024,0.0015,0.5768,-0.0002,-1.1975,0.4986,0.9966,0.0082,0.0083,0.0051,0.0072,0.0077,0.0108,10.5519,0.0,AdaBoost,0.9580171119400253,0.9584779345452867,0.9586319554452778,0.9586319554452778,0.9586319554452778,0.9586319554452778,0.958874325171874,0.9586977848672616,0.9586319554452778
mv,x5,40768.0,0.0507,0.9915,-0.9999,1.0,-0.0024,0.0015,0.5768,-0.0002,-1.1975,0.4986,0.9966,0.0082,0.0083,0.0051,0.0072,0.0077,0.0108,10.5519,0.0,SVC,0.9186243261880007,0.9186342824083454,0.9187656764476234,0.9187844277345503,0.9187434786250102,0.9187636046412542,0.9186359108771814,0.9186214141900148,0.9187226834193424
mv,x6,40768.0,0.4972,0.988,-37.2637,11.8172,-11.05,-9.2751,10.7814,-0.3212,-0.9543,8.5158,18.1591,0.0044,0.7002,0.0028,0.4981,0.0042,0.6609,9.9114,0.0,DecisionTree,0.8944572397628527,0.8589718966184998,0.8899042640507389,0.8903725447448255,0.893753102725148,0.8905679966766171,0.894558522406244,0.8786133394945717,0.8911381657324783
mv,x6,40768.0,0.4972,0.988,-37.2637,11.8172,-11.05,-9.2751,10.7814,-0.3212,-0.9543,8.5158,18.1591,0.0044,0.7002,0.0028,0.4981,0.0042,0.6609,9.9114,0.0,LogisticRegression,0.8820886390837177,0.8319459440999265,0.8793250625377387,0.8805396866984534,0.8809818138236825,0.8806923366566214,0.8810588830699778,0.8644989405123795,0.880233144601588
mv,x6,40768.0,0.4972,0.988,-37.2637,11.8172,-11.05,-9.2751,10.7814,-0.3212,-0.9543,8.5158,18.1591,0.0044,0.7002,0.0028,0.4981,0.0042,0.6609,9.9114,0.0,KNN,0.8861224278965317,0.8625946889094054,0.8884930492352547,0.8869373155579913,0.8867978496692437,0.8869144175174366,0.8855353219129756,0.8700345472628246,0.88697336818561
mv,x6,40768.0,0.4972,0.988,-37.2637,11.8172,-11.05,-9.2751,10.7814,-0.3212,-0.9543,8.5158,18.1591,0.0044,0.7002,0.0028,0.4981,0.0042,0.6609,9.9114,0.0,RandomForest,0.8962739313985151,0.8765457927648612,0.8956828390577365,0.8952315608303376,0.8972662170967611,0.8955936435709996,0.8959681623095571,0.8790931681017566,0.8957343544033204
mv,x6,40768.0,0.4972,0.988,-37.2637,11.8172,-11.05,-9.2751,10.7814,-0.3212,-0.9543,8.5158,18.1591,0.0044,0.7002,0.0028,0.4981,0.0042,0.6609,9.9114,0.0,AdaBoost,0.889651077159842,0.8780325200657686,0.8927363879475372,0.8957058556496479,0.8953513494731196,0.8960538323565874,0.8881988796906914,0.8767417577059297,0.8954677938112032
mv,x6,40768.0,0.4972,0.988,-37.2637,11.8172,-11.05,-9.2751,10.7814,-0.3212,-0.9543,8.5158,18.1591,0.0044,0.7002,0.0028,0.4981,0.0042,0.6609,9.9114,0.0,SVC,0.845840110978511,0.8281554653013704,0.8570490406738407,0.8591858591895328,0.8594127498956768,0.8590009263021858,0.8497412501280418,0.8416567275677755,0.8598154437166419
mv,x6,40768.0,0.4474,0.9862,-37.2637,12.3802,-11.0392,-9.1483,10.8208,-0.3222,-0.9451,8.5009,18.2866,0.0013,0.7022,0.0006,0.5019,0.0009,0.665,10.0034,0.0,DecisionTree,0.9009634206376455,0.8664045010557373,0.897789432145915,0.8997066273847254,0.8993590799352753,0.8993817640800534,0.9008627316578304,0.8833956426253962,0.899543410340818
mv,x6,40768.0,0.4474,0.9862,-37.2637,12.3802,-11.0392,-9.1483,10.8208,-0.3222,-0.9451,8.5009,18.2866,0.0013,0.7022,0.0006,0.5019,0.0009,0.665,10.0034,0.0,LogisticRegression,0.8871758858036891,0.836766526716441,0.8844901608843625,0.8863294761594886,0.8865155003286082,0.8864120150040915,0.8859381022684668,0.8703108434658656,0.8860586475096248
mv,x6,40768.0,0.4474,0.9862,-37.2637,12.3802,-11.0392,-9.1483,10.8208,-0.3222,-0.9451,8.5009,18.2866,0.0013,0.7022,0.0006,0.5019,0.0009,0.665,10.0034,0.0,KNN,0.8937170458401065,0.8692950193981833,0.895842395689225,0.8935879464078064,0.8943643183464755,0.893934958577438,0.8940235220771027,0.8772082787357464,0.8939319776466391
mv,x6,40768.0,0.4474,0.9862,-37.2637,12.3802,-11.0392,-9.1483,10.8208,-0.3222,-0.9451,8.5009,18.2866,0.0013,0.7022,0.0006,0.5019,0.0009,0.665,10.0034,0.0,RandomForest,0.9026389163118079,0.8792032538155713,0.9020461497496375,0.9023241530996116,0.9033827942307772,0.9027628773318743,0.9020868323447737,0.8850001633673272,0.9025813612026702
mv,x6,40768.0,0.4474,0.9862,-37.2637,12.3802,-11.0392,-9.1483,10.8208,-0.3222,-0.9451,8.5009,18.2866,0.0013,0.7022,0.0006,0.5019,0.0009,0.665,10.0034,0.0,AdaBoost,0.8957506484871457,0.8811067247917552,0.8992885442302367,0.902060018999166,0.9006066236085488,0.9015935737664272,0.8956602742925645,0.8818187343105364,0.9016361825227727
mv,x6,40768.0,0.4474,0.9862,-37.2637,12.3802,-11.0392,-9.1483,10.8208,-0.3222,-0.9451,8.5009,18.2866,0.0013,0.7022,0.0006,0.5019,0.0009,0.665,10.0034,0.0,SVC,0.8499795277154335,0.830647858652465,0.8612082735335804,0.8639230461873194,0.8643090446931063,0.8634101832305592,0.8554417899438201,0.8464479244440543,0.8640228436436347
mv,x6,40768.0,0.3985,0.9853,-37.3515,12.114,-11.0292,-9.1902,10.8203,-0.3268,-0.9574,8.543,18.374,0.0078,0.6996,0.0051,0.4999,0.0077,0.6632,10.0869,0.0,DecisionTree,0.9065516681954395,0.8719428607372874,0.9032670531989742,0.9025433611043456,0.9061188340254619,0.9062040606819386,0.897985538769163,0.8895407684497448,0.9057733921111732
mv,x6,40768.0,0.3985,0.9853,-37.3515,12.114,-11.0292,-9.1902,10.8203,-0.3268,-0.9574,8.543,18.374,0.0078,0.6996,0.0051,0.4999,0.0077,0.6632,10.0869,0.0,LogisticRegression,0.8936913932532243,0.8433337047981292,0.8932461230597569,0.8930904304264811,0.8929634792362566,0.8928937499342109,0.8922271559641879,0.876331959915932,0.8934522525904838
mv,x6,40768.0,0.3985,0.9853,-37.3515,12.114,-11.0292,-9.1902,10.8203,-0.3268,-0.9574,8.543,18.374,0.0078,0.6996,0.0051,0.4999,0.0077,0.6632,10.0869,0.0,KNN,0.8999477696989129,0.8730597197809833,0.9032557258395684,0.9009670318493329,0.9026414001926308,0.9013141143210331,0.899383587547234,0.8859033489008152,0.9012531401533754
mv,x6,40768.0,0.3985,0.9853,-37.3515,12.114,-11.0292,-9.1902,10.8203,-0.3268,-0.9574,8.543,18.374,0.0078,0.6996,0.0051,0.4999,0.0077,0.6632,10.0869,0.0,RandomForest,0.9076563675563083,0.8826832445493924,0.908011722111135,0.9078822373439754,0.9082943146013032,0.9080368479960803,0.9063748095604165,0.8919910976026175,0.9082569133406386
mv,x6,40768.0,0.3985,0.9853,-37.3515,12.114,-11.0292,-9.1902,10.8203,-0.3268,-0.9574,8.543,18.374,0.0078,0.6996,0.0051,0.4999,0.0077,0.6632,10.0869,0.0,AdaBoost,0.8990479031845305,0.8839912743429981,0.9066186454673908,0.9074261669167608,0.9071438386213161,0.9079866500174776,0.9001405108754111,0.8891300481155106,0.9079864810098613
mv,x6,40768.0,0.3985,0.9853,-37.3515,12.114,-11.0292,-9.1902,10.8203,-0.3268,-0.9574,8.543,18.374,0.0078,0.6996,0.0051,0.4999,0.0077,0.6632,10.0869,0.0,SVC,0.8579873163383324,0.8340540741325582,0.8676186105572616,0.8696631822428258,0.8698174272495718,0.8693544805808463,0.8611702863147486,0.8544388513836433,0.8687637240473656
mv,x6,40768.0,0.3515,0.9845,-37.3515,12.114,-11.005,-9.1493,10.7639,-0.3274,-0.9318,8.4258,18.0792,0.0038,0.7008,0.0018,0.5013,0.0028,0.6646,10.161,0.0,DecisionTree,0.9071512880491684,0.8774418218165629,0.9102952515760201,0.9095598187192894,0.9115803957112623,0.9117263192659235,0.9047820456935998,0.8992935282002277,0.9113069997132861
mv,x6,40768.0,0.3515,0.9845,-37.3515,12.114,-11.005,-9.1493,10.7639,-0.3274,-0.9318,8.4258,18.0792,0.0038,0.7008,0.0018,0.5013,0.0028,0.6646,10.161,0.0,LogisticRegression,0.8987842823449897,0.8476281133345861,0.8983777792242971,0.8992986265513842,0.8992643768902918,0.8992221719255884,0.8973967052493318,0.883055262645322,0.8984253646391873
mv,x6,40768.0,0.3515,0.9845,-37.3515,12.114,-11.005,-9.1493,10.7639,-0.3274,-0.9318,8.4258,18.0792,0.0038,0.7008,0.0018,0.5013,0.0028,0.6646,10.161,0.0,KNN,0.9078575765598151,0.8798667888098413,0.9109547956280679,0.9084077672906707,0.9084557278283192,0.908734654303828,0.9062194803263177,0.8938500394237148,0.9085951926044937
mv,x6,40768.0,0.3515,0.9845,-37.3515,12.114,-11.005,-9.1493,10.7639,-0.3274,-0.9318,8.4258,18.0792,0.0038,0.7008,0.0018,0.5013,0.0028,0.6646,10.161,0.0,RandomForest,0.9158199388378735,0.8891136557668251,0.9164489252111181,0.9158577166408542,0.917468606699815,0.9166160712319281,0.9152620945840318,0.8998122114214133,0.9166957142379297
mv,x6,40768.0,0.3515,0.9845,-37.3515,12.114,-11.005,-9.1493,10.7639,-0.3274,-0.9318,8.4258,18.0792,0.0038,0.7008,0.0018,0.5013,0.0028,0.6646,10.161,0.0,AdaBoost,0.9075440426184216,0.8902648641404448,0.9149974011027971,0.9163194879514818,0.9157227841878868,0.9153095118605517,0.9079562315378646,0.893673960752913,0.9153310245858335
mv,x6,40768.0,0.3515,0.9845,-37.3515,12.114,-11.005,-9.1493,10.7639,-0.3274,-0.9318,8.4258,18.0792,0.0038,0.7008,0.0018,0.5013,0.0028,0.6646,10.161,0.0,SVC,0.8629268748155169,0.8374332305765722,0.8728690394751598,0.8746840256321207,0.8747683435246509,0.8746844558238668,0.8642317797737453,0.8606322345289463,0.8757765185955965
mv,x6,40768.0,0.2989,0.9834,-37.2849,12.3802,-11.0859,-9.2584,10.8265,-0.3255,-0.945,8.5227,18.2516,0.0052,0.7011,0.0031,0.5007,0.0046,0.6638,10.2374,0.0,DecisionTree,0.9103455203928695,0.8870130917299899,0.916294508325963,0.912488817756123,0.9117516602053684,0.9147291302769122,0.9077020954383725,0.9032489844773152,0.9131044766051418
mv,x6,40768.0,0.2989,0.9834,-37.2849,12.3802,-11.0859,-9.2584,10.8265,-0.3255,-0.945,8.5227,18.2516,0.0052,0.7011,0.0031,0.5007,0.0046,0.6638,10.2374,0.0,LogisticRegression,0.9033263416603798,0.8589905736909251,0.903540238863564,0.9035145745851355,0.9036480439520089,0.9036251384678768,0.902092659640143,0.8873739375159261,0.9036259027973708
mv,x6,40768.0,0.2989,0.9834,-37.2849,12.3802,-11.0859,-9.2584,10.8265,-0.3255,-0.945,8.5227,18.2516,0.0052,0.7011,0.0031,0.5007,0.0046,0.6638,10.2374,0.0,KNN,0.9128486377793299,0.8868483833094933,0.9164248476861221,0.9144229918257937,0.9131313456003337,0.9136868344075603,0.9122290778268818,0.9025286098748817,0.9139702933452146
mv,x6,40768.0,0.2989,0.9834,-37.2849,12.3802,-11.0859,-9.2584,10.8265,-0.3255,-0.945,8.5227,18.2516,0.0052,0.7011,0.0031,0.5007,0.0046,0.6638,10.2374,0.0,RandomForest,0.9195869815297455,0.8935123943020691,0.9203334097225829,0.9214634392522657,0.9206587502423481,0.9211930894317002,0.9192029940724675,0.9073786326407491,0.9211725910135476
mv,x6,40768.0,0.2989,0.9834,-37.2849,12.3802,-11.0859,-9.2584,10.8265,-0.3255,-0.945,8.5227,18.2516,0.0052,0.7011,0.0031,0.5007,0.0046,0.6638,10.2374,0.0,AdaBoost,0.9111228526632701,0.8930559908420466,0.9183504517755158,0.919727621651974,0.9194050243809102,0.9201341074555541,0.9137128557253513,0.9021630692208791,0.9204860940555368
mv,x6,40768.0,0.2989,0.9834,-37.2849,12.3802,-11.0859,-9.2584,10.8265,-0.3255,-0.945,8.5227,18.2516,0.0052,0.7011,0.0031,0.5007,0.0046,0.6638,10.2374,0.0,SVC,0.8707153547213808,0.8466800391631419,0.8779906205272355,0.8792250304700734,0.8793947447229362,0.8791649667220317,0.8725979717198487,0.867425326200647,0.8790936474363534
mv,x6,40768.0,0.2479,0.9835,-37.2637,12.3802,-11.0168,-9.1387,10.8117,-0.323,-0.9507,8.491,18.2781,0.0129,0.6996,0.008,0.4988,0.012,0.6617,10.3078,0.0,DecisionTree,0.917657678054104,0.8942684905717981,0.9257152322131539,0.9240700907561159,0.923594296946713,0.9250287645369213,0.910920461268246,0.9104994269760439,0.9253494603717836
mv,x6,40768.0,0.2479,0.9835,-37.2637,12.3802,-11.0168,-9.1387,10.8117,-0.323,-0.9507,8.491,18.2781,0.0129,0.6996,0.008,0.4988,0.012,0.6617,10.3078,0.0,LogisticRegression,0.9115878548538329,0.8671259569317826,0.9134989055465565,0.9142607961862477,0.9143927647886473,0.9144070207935777,0.9104039751912163,0.8949157038522705,0.9138014625587246
mv,x6,40768.0,0.2479,0.9835,-37.2637,12.3802,-11.0168,-9.1387,10.8117,-0.323,-0.9507,8.491,18.2781,0.0129,0.6996,0.008,0.4988,0.012,0.6617,10.3078,0.0,KNN,0.9222813647718763,0.8969527086400813,0.9258905321717819,0.9248926259115922,0.9245850813056723,0.9244891238473001,0.9226033098661973,0.9098409818463038,0.9247149771393564
mv,x6,40768.0,0.2479,0.9835,-37.2637,12.3802,-11.0168,-9.1387,10.8117,-0.323,-0.9507,8.491,18.2781,0.0129,0.6996,0.008,0.4988,0.012,0.6617,10.3078,0.0,RandomForest,0.9284800302804324,0.9042365956250936,0.9293739466720823,0.929586866300383,0.9298391341924557,0.9294804799678263,0.9286637514579539,0.9139563170301873,0.9293196823512769
mv,x6,40768.0,0.2479,0.9835,-37.2637,12.3802,-11.0168,-9.1387,10.8117,-0.323,-0.9507,8.491,18.2781,0.0129,0.6996,0.008,0.4988,0.012,0.6617,10.3078,0.0,AdaBoost,0.9191489343817367,0.9037554764220856,0.9269548649375856,0.9289896438098908,0.9279690636900744,0.9286947113872142,0.9246485109703649,0.9089599496385512,0.9286534104093548
mv,x6,40768.0,0.2479,0.9835,-37.2637,12.3802,-11.0168,-9.1387,10.8117,-0.323,-0.9507,8.491,18.2781,0.0129,0.6996,0.008,0.4988,0.012,0.6617,10.3078,0.0,SVC,0.8807141586919771,0.8569454589501201,0.8872374305117592,0.8883449111608078,0.8885688183385108,0.8883243632538547,0.8824468263951409,0.8777426810908573,0.8887369387958403
mv,x6,40768.0,0.2038,0.9821,-37.3515,12.3802,-11.0407,-9.2263,10.8135,-0.3208,-0.9511,8.5363,18.2986,0.0067,0.7028,0.0042,0.5019,0.0063,0.665,10.3627,0.0,DecisionTree,0.9198533684623091,0.8980706241999405,0.9297181335683965,0.9303808177044635,0.9299880291299003,0.9307856037810555,0.9115461094388728,0.9132987842205076,0.9307960275810875
mv,x6,40768.0,0.2038,0.9821,-37.3515,12.3802,-11.0407,-9.2263,10.8135,-0.3208,-0.9511,8.5363,18.2986,0.0067,0.7028,0.0042,0.5019,0.0063,0.665,10.3627,0.0,LogisticRegression,0.9145080696246953,0.8810229332585005,0.9165462015382706,0.9169205516027678,0.9167611232701327,0.9169433565806436,0.9125470036699702,0.8992987261249543,0.9173825650612102
mv,x6,40768.0,0.2038,0.9821,-37.3515,12.3802,-11.0407,-9.2263,10.8135,-0.3208,-0.9511,8.5363,18.2986,0.0067,0.7028,0.0042,0.5019,0.0063,0.665,10.3627,0.0,KNN,0.925420839531485,0.9031934846060066,0.9280015135807798,0.9263395825762818,0.9266676492064807,0.9263428864292622,0.9244326913694993,0.9144079955472353,0.9262174656460191
mv,x6,40768.0,0.2038,0.9821,-37.3515,12.3802,-11.0407,-9.2263,10.8135,-0.3208,-0.9511,8.5363,18.2986,0.0067,0.7028,0.0042,0.5019,0.0063,0.665,10.3627,0.0,RandomForest,0.9316213644873117,0.9101284155085565,0.9319867180723754,0.9325565844324961,0.9325380146605845,0.9322778397155849,0.9318632780290406,0.9201687475007199,0.9321522833441591
mv,x6,40768.0,0.2038,0.9821,-37.3515,12.3802,-11.0407,-9.2263,10.8135,-0.3208,-0.9511,8.5363,18.2986,0.0067,0.7028,0.0042,0.5019,0.0063,0.665,10.3627,0.0,AdaBoost,0.9232425641789295,0.9058813161364622,0.9304331178912727,0.9305438243447199,0.9303742261105282,0.9307790746435198,0.927015004231628,0.9155202782775259,0.930327690601074
mv,x6,40768.0,0.2038,0.9821,-37.3515,12.3802,-11.0407,-9.2263,10.8135,-0.3208,-0.9511,8.5363,18.2986,0.0067,0.7028,0.0042,0.5019,0.0063,0.665,10.3627,0.0,SVC,0.8839342409596199,0.8653236177781501,0.8906027107156792,0.8909697240018427,0.8911147218924131,0.8909490559414281,0.8851082795615149,0.8816741542668508,0.8908319240611445
mv,x6,40768.0,0.1521,0.9799,-37.3515,12.0442,-11.0055,-9.1594,10.7917,-0.3225,-0.9431,8.4739,18.1508,0.002,0.7015,0.0013,0.4997,0.0019,0.6625,10.4225,0.0,DecisionTree,0.9318189912525991,0.9110499190269885,0.9376420085001069,0.9357996855027797,0.936534516153722,0.9370696628190975,0.9307054933831375,0.9270123393684796,0.9370019361064418
mv,x6,40768.0,0.1521,0.9799,-37.3515,12.0442,-11.0055,-9.1594,10.7917,-0.3225,-0.9431,8.4739,18.1508,0.002,0.7015,0.0013,0.4997,0.0019,0.6625,10.4225,0.0,LogisticRegression,0.9217173675298607,0.8940385176023707,0.9256194991467236,0.9258786947575317,0.9258805232634649,0.9257545486888819,0.9181869172301204,0.9082575595494791,0.9258558288137416
mv,x6,40768.0,0.1521,0.9799,-37.3515,12.0442,-11.0055,-9.1594,10.7917,-0.3225,-0.9431,8.4739,18.1508,0.002,0.7015,0.0013,0.4997,0.0019,0.6625,10.4225,0.0,KNN,0.9348751186428078,0.9123532834227706,0.9364450838954345,0.9356186079957824,0.9354946926049583,0.9356434207539486,0.9342027659727644,0.9256461120782808,0.9357237409056138
mv,x6,40768.0,0.1521,0.9799,-37.3515,12.0442,-11.0055,-9.1594,10.7917,-0.3225,-0.9431,8.4739,18.1508,0.002,0.7015,0.0013,0.4997,0.0019,0.6625,10.4225,0.0,RandomForest,0.9403013850035121,0.9199315095970421,0.9400860989406044,0.9403763754583787,0.9405352704750811,0.9404752531461203,0.9396928258665866,0.9323293085047235,0.9404167123244129
mv,x6,40768.0,0.1521,0.9799,-37.3515,12.0442,-11.0055,-9.1594,10.7917,-0.3225,-0.9431,8.4739,18.1508,0.002,0.7015,0.0013,0.4997,0.0019,0.6625,10.4225,0.0,AdaBoost,0.9344730859903534,0.9127725299156575,0.9379853247503827,0.9394731768061015,0.9387460115962806,0.9386140315539417,0.9353701774634677,0.9286638841695869,0.9388103332198932
mv,x6,40768.0,0.1521,0.9799,-37.3515,12.0442,-11.0055,-9.1594,10.7917,-0.3225,-0.9431,8.4739,18.1508,0.002,0.7015,0.0013,0.4997,0.0019,0.6625,10.4225,0.0,SVC,0.8936648545678393,0.8773624063433683,0.8970869577560867,0.8976626854618182,0.8976459774402129,0.8973763844720521,0.8941561714268313,0.8909485987222237,0.8972076489689469
mv,x6,40768.0,0.101,0.9795,-37.3515,12.3802,-11.0496,-9.2074,10.8023,-0.3207,-0.9472,8.4874,18.2275,0.0045,0.7005,0.0027,0.4988,0.004,0.6617,10.4805,0.0,DecisionTree,0.9351980515957731,0.9268740450472985,0.9446100752409075,0.9449744929871063,0.9448687797292356,0.9448102478562143,0.9355289611000914,0.9385189129200617,0.9448694821658506
mv,x6,40768.0,0.101,0.9795,-37.3515,12.3802,-11.0496,-9.2074,10.8023,-0.3207,-0.9472,8.4874,18.2275,0.0045,0.7005,0.0027,0.4988,0.004,0.6617,10.4805,0.0,LogisticRegression,0.9203799144454112,0.9106449489967894,0.9334400669300874,0.9338482598614614,0.9338251003025562,0.9338850329392377,0.9179149692995469,0.9175625572745516,0.9338826429302157
mv,x6,40768.0,0.101,0.9795,-37.3515,12.3802,-11.0496,-9.2074,10.8023,-0.3207,-0.9472,8.4874,18.2275,0.0045,0.7005,0.0027,0.4988,0.004,0.6617,10.4805,0.0,KNN,0.9414089494820365,0.9235006284664982,0.9427246102787388,0.9427446381986462,0.9430450395795695,0.9428293834942998,0.9406615744741089,0.9369717165994761,0.9429329745587317
mv,x6,40768.0,0.101,0.9795,-37.3515,12.3802,-11.0496,-9.2074,10.8023,-0.3207,-0.9472,8.4874,18.2275,0.0045,0.7005,0.0027,0.4988,0.004,0.6617,10.4805,0.0,RandomForest,0.9463462720957201,0.9290341502186574,0.946115294058421,0.9465872749594023,0.9467047180982526,0.9467102090925754,0.9454834194684348,0.9418943885002558,0.9465646790913098
mv,x6,40768.0,0.101,0.9795,-37.3515,12.3802,-11.0496,-9.2074,10.8023,-0.3207,-0.9472,8.4874,18.2275,0.0045,0.7005,0.0027,0.4988,0.004,0.6617,10.4805,0.0,AdaBoost,0.9422448538764967,0.9218544224329465,0.9443164100537487,0.944422186751507,0.944149655623426,0.9454010561159587,0.9432043900403217,0.9392091738788251,0.9452148880667712
mv,x6,40768.0,0.101,0.9795,-37.3515,12.3802,-11.0496,-9.2074,10.8023,-0.3207,-0.9472,8.4874,18.2275,0.0045,0.7005,0.0027,0.4988,0.004,0.6617,10.4805,0.0,SVC,0.9025478944450911,0.8912148101146955,0.9048870836755845,0.9050789807803609,0.9051012309015016,0.9049948273319113,0.9029196716641683,0.9006941725559771,0.9051212205914452
mv,x6,40768.0,0.0501,0.9784,-37.3515,12.3802,-11.0326,-9.1956,10.802,-0.3237,-0.9472,8.4918,18.2256,0.0058,0.7006,0.0035,0.4998,0.0052,0.6628,10.534,0.0,DecisionTree,0.9516193166895859,0.9338843158093195,0.9524091015244139,0.9524126155437509,0.9518549862443283,0.9525279238119009,0.9513187997234493,0.9496664762967593,0.9523075800020386
mv,x6,40768.0,0.0501,0.9784,-37.3515,12.3802,-11.0326,-9.1956,10.802,-0.3237,-0.9472,8.4918,18.2256,0.0058,0.7006,0.0035,0.4998,0.0052,0.6628,10.534,0.0,LogisticRegression,0.9317413543534688,0.9323205493826443,0.9449984509194789,0.9449999519357097,0.9449980003663563,0.9448732263315522,0.9304044543516399,0.9304657792080545,0.9447464805347582
mv,x6,40768.0,0.0501,0.9784,-37.3515,12.3802,-11.0326,-9.1956,10.802,-0.3237,-0.9472,8.4918,18.2256,0.0058,0.7006,0.0035,0.4998,0.0052,0.6628,10.534,0.0,KNN,0.9500500356728373,0.9369053585276639,0.9512163995011614,0.9512397843996491,0.9511126644266141,0.951363281478891,0.9505976651319452,0.9473166983224648,0.9514459780945796
mv,x6,40768.0,0.0501,0.9784,-37.3515,12.3802,-11.0326,-9.1956,10.802,-0.3237,-0.9472,8.4918,18.2256,0.0058,0.7006,0.0035,0.4998,0.0052,0.6628,10.534,0.0,RandomForest,0.954232803418168,0.9408489435824865,0.9545497211400862,0.9542218212476891,0.954377729295205,0.9542036990685351,0.9540707186866625,0.9513869457746497,0.9542454810816011
mv,x6,40768.0,0.0501,0.9784,-37.3515,12.3802,-11.0326,-9.1956,10.802,-0.3237,-0.9472,8.4918,18.2256,0.0058,0.7006,0.0035,0.4998,0.0052,0.6628,10.534,0.0,AdaBoost,0.9520488006226222,0.9380752993193759,0.9527635939604261,0.9526770489864688,0.952164257707025,0.9525437055035967,0.9517881910080237,0.9483363368392135,0.9525667374674103
mv,x6,40768.0,0.0501,0.9784,-37.3515,12.3802,-11.0326,-9.1956,10.802,-0.3237,-0.9472,8.4918,18.2256,0.0058,0.7006,0.0035,0.4998,0.0052,0.6628,10.534,0.0,SVC,0.911328649923179,0.9042386597896561,0.9126611144655614,0.9127706228229477,0.9128107854776442,0.9127082836198096,0.9116713137176242,0.9101044379067551,0.9128515985468181
stars,L,240.0,0.5417,0.9545,0.0001,849420.0,118089.6127,0.3715,197684.5864,2.1157,4.3007,0.3714,197999.9991,0.499,0.6711,0.7033,0.7117,0.8846,0.8929,4.6375,0.0004,DecisionTree,0.985954246370913,0.982490320975984,0.985954246370913,0.985954246370913,0.985954246370913,0.985954246370913,1.0,1.0,0.985954246370913
stars,L,240.0,0.5417,0.9545,0.0001,849420.0,118089.6127,0.3715,197684.5864,2.1157,4.3007,0.3714,197999.9991,0.499,0.6711,0.7033,0.7117,0.8846,0.8929,4.6375,0.0004,LogisticRegression,0.9754616510843378,0.9754616510843378,0.9647251072856293,0.9578911765807309,0.9752286273144366,0.972180844210341,0.9651410574394095,0.9754616510843378,0.9754616510843378
stars,L,240.0,0.5417,0.9545,0.0001,849420.0,118089.6127,0.3715,197684.5864,2.1157,4.3007,0.3714,197999.9991,0.499,0.6711,0.7033,0.7117,0.8846,0.8929,4.6375,0.0004,KNN,0.9079340912210889,0.9008739060359037,0.9338195428917737,0.9225004534836558,0.9368367745249058,0.9156527020533567,0.9155478642084252,0.9008739060359037,0.9008739060359037
stars,L,240.0,0.5417,0.9545,0.0001,849420.0,118089.6127,0.3715,197684.5864,2.1157,4.3007,0.3714,197999.9991,0.499,0.6711,0.7033,0.7117,0.8846,0.8929,4.6375,0.0004,RandomForest,0.9930482351914446,1.0,0.9965277777777778,0.9965109427609428,0.9965277777777778,0.9965316400939316,0.9860672022367929,0.985977186831145,1.0
stars,L,240.0,0.5417,0.9545,0.0001,849420.0,118089.6127,0.3715,197684.5864,2.1157,4.3007,0.3714,197999.9991,0.499,0.6711,0.7033,0.7117,0.8846,0.8929,4.6375,0.0004,AdaBoost,0.5197766027249723,0.5197766027249723,0.5197766027249723,0.5197766027249723,0.5197766027249723,0.5197766027249723,0.5197766027249723,0.5197766027249723,0.5197766027249723
stars,L,240.0,0.5417,0.9545,0.0001,849420.0,118089.6127,0.3715,197684.5864,2.1157,4.3007,0.3714,197999.9991,0.499,0.6711,0.7033,0.7117,0.8846,0.8929,4.6375,0.0004,SVC,0.9303120956459742,0.9337166198876128,0.9403278428926869,0.9403278428926869,0.940187126492528,0.940187126492528,0.9374253868652309,0.9337166198876128,0.9337166198876128
stars,L,240.0,0.4708,0.9055,0.0001,834042.0,106435.5452,0.59,166756.9811,1.8802,3.8743,0.5899,199999.999,0.6006,0.7218,0.6992,0.7194,0.8838,0.8966,4.6982,0.0007,DecisionTree,0.985954246370913,0.985954246370913,0.985954246370913,0.985954246370913,0.982490320975984,0.985954246370913,1.0,1.0,0.985954246370913
stars,L,240.0,0.4708,0.9055,0.0001,834042.0,106435.5452,0.59,166756.9811,1.8802,3.8743,0.5899,199999.999,0.6006,0.7218,0.6992,0.7194,0.8838,0.8966,4.6982,0.0007,LogisticRegression,0.9652878363238295,0.9722059760544692,0.9752234832815148,0.9752452489842841,0.9754317336465752,0.9789344356097539,0.9687469813454745,0.9722059760544692,0.9722059760544692
stars,L,240.0,0.4708,0.9055,0.0001,834042.0,106435.5452,0.59,166756.9811,1.8802,3.8743,0.5899,199999.999,0.6006,0.7218,0.6992,0.7194,0.8838,0.8966,4.6982,0.0007,KNN,0.9374999182207036,0.9377028682505038,0.937164186680777,0.9333934603479059,0.9441170361193745,0.9370423783023795,0.9476847837312398,0.9377028682505038,0.9377028682505038
stars,L,240.0,0.4708,0.9055,0.0001,834042.0,106435.5452,0.59,166756.9811,1.8802,3.8743,0.5899,199999.999,0.6006,0.7218,0.6992,0.7194,0.8838,0.8966,4.6982,0.0007,RandomForest,0.9860999284308464,1.0,1.0,0.9930364774114774,0.9965277777777778,1.0,0.9965316400939316,0.9930482351914446,0.9965277777777778
stars,L,240.0,0.4708,0.9055,0.0001,834042.0,106435.5452,0.59,166756.9811,1.8802,3.8743,0.5899,199999.999,0.6006,0.7218,0.6992,0.7194,0.8838,0.8966,4.6982,0.0007,AdaBoost,0.5197766027249723,0.5197766027249723,0.5197766027249723,0.5197766027249723,0.5197766027249723,0.5197766027249723,0.5197766027249723,0.5197766027249723,0.5197766027249723
stars,L,240.0,0.4708,0.9055,0.0001,834042.0,106435.5452,0.59,166756.9811,1.8802,3.8743,0.5899,199999.999,0.6006,0.7218,0.6992,0.7194,0.8838,0.8966,4.6982,0.0007,SVC,0.9408237214194103,0.9514510763175984,0.9514163999371262,0.9514163999371262,0.9514163999371262,0.9474913400661956,0.9439928131301686,0.9514510763175984,0.9514510763175984
stars,L,240.0,0.3333,0.925,0.0001,834042.0,95987.486,0.0126,174469.9754,2.2213,4.9762,0.0125,150499.9991,0.5199,0.6819,0.7158,0.723,0.895,0.8974,4.9647,0.0003,DecisionTree,0.985954246370913,0.985954246370913,0.985954246370913,0.985954246370913,0.982490320975984,0.985954246370913,1.0,1.0,0.985954246370913
stars,L,240.0,0.3333,0.925,0.0001,834042.0,95987.486,0.0126,174469.9754,2.2213,4.9762,0.0125,150499.9991,0.5199,0.6819,0.7158,0.723,0.895,0.8974,4.9647,0.0003,LogisticRegression,0.9754616510843378,0.9722059760544692,0.9682436681522939,0.9716990553576811,0.9682402739956739,0.9722059760544692,0.9756699014493981,0.9722059760544692,0.9722059760544692
stars,L,240.0,0.3333,0.925,0.0001,834042.0,95987.486,0.0126,174469.9754,2.2213,4.9762,0.0125,150499.9991,0.5199,0.6819,0.7158,0.723,0.895,0.8974,4.9647,0.0003,KNN,0.9259233852620509,0.9189736163264983,0.9331442665220528,0.9296717795791712,0.915395526257902,0.9329203587933559,0.9402231361546127,0.9189736163264983,0.9225874992507261
stars,L,240.0,0.3333,0.925,0.0001,834042.0,95987.486,0.0126,174469.9754,2.2213,4.9762,0.0125,150499.9991,0.5199,0.6819,0.7158,0.723,0.895,0.8974,4.9647,0.0003,RandomForest,0.9965277777777778,0.9965277777777778,0.9965277777777778,1.0,0.9965277777777778,1.0,1.0,0.9965277777777778,0.9965277777777778
stars,L,240.0,0.3333,0.925,0.0001,834042.0,95987.486,0.0126,174469.9754,2.2213,4.9762,0.0125,150499.9991,0.5199,0.6819,0.7158,0.723,0.895,0.8974,4.9647,0.0003,AdaBoost,0.5197766027249723,0.5197766027249723,0.5197766027249723,0.5197766027249723,0.5197766027249723,0.5197766027249723,0.5197766027249723,0.5197766027249723,0.5197766027249723
stars,L,240.0,0.3333,0.925,0.0001,834042.0,95987.486,0.0126,174469.9754,2.2213,4.9762,0.0125,150499.9991,0.5199,0.6819,0.7158,0.723,0.895,0.8974,4.9647,0.0003,SVC,0.9436036726368614,0.9405083153748375,0.9512756835369675,0.940187126492528,0.940187126492528,0.9436036726368614,0.9369112967483535,0.9405083153748375,0.9405083153748375
stars,L,240.0,0.3667,0.9145,0.0001,849420.0,99747.7831,0.017,175219.5817,2.3146,5.931,0.0169,176249.9992,0.5296,0.6736,0.6996,0.7124,0.888,0.8943,4.9053,0.0004,DecisionTree,0.985954246370913,0.985954246370913,0.985954246370913,0.985954246370913,0.982490320975984,0.985954246370913,1.0,1.0,0.985954246370913
stars,L,240.0,0.3667,0.9145,0.0001,849420.0,99747.7831,0.017,175219.5817,2.3146,5.931,0.0169,176249.9992,0.5296,0.6736,0.6996,0.7124,0.888,0.8943,4.9053,0.0004,LogisticRegression,0.975466581770272,0.9791640010951672,0.9860481240927147,0.9789493586606159,0.9824905657506736,0.9722059760544692,0.9722059760544692,0.9791640010951672,0.9791640010951672
stars,L,240.0,0.3667,0.9145,0.0001,849420.0,99747.7831,0.017,175219.5817,2.3146,5.931,0.0169,176249.9992,0.5296,0.6736,0.6996,0.7124,0.888,0.8943,4.9053,0.0004,KNN,0.9298608986553516,0.9261850154176867,0.9226843707233792,0.922855761167758,0.9263612713081744,0.9368367745249058,0.937190877061719,0.9261850154176867,0.9261850154176867
stars,L,240.0,0.3667,0.9145,0.0001,849420.0,99747.7831,0.017,175219.5817,2.3146,5.931,0.0169,176249.9992,0.5296,0.6736,0.6996,0.7124,0.888,0.8943,4.9053,0.0004,RandomForest,0.9965277777777778,0.9965277777777778,0.9930364774114774,0.9930364774114774,0.9930364774114774,1.0,1.0,0.9965277777777778,0.9965277777777778
stars,L,240.0,0.3667,0.9145,0.0001,849420.0,99747.7831,0.017,175219.5817,2.3146,5.931,0.0169,176249.9992,0.5296,0.6736,0.6996,0.7124,0.888,0.8943,4.9053,0.0004,AdaBoost,0.5197766027249723,0.5197766027249723,0.5197766027249723,0.5197766027249723,0.5197766027249723,0.5197766027249723,0.5197766027249723,0.5197766027249723,0.5197766027249723
stars,L,240.0,0.3667,0.9145,0.0001,849420.0,99747.7831,0.017,175219.5817,2.3146,5.931,0.0169,176249.9992,0.5296,0.6736,0.6996,0.7124,0.888,0.8943,4.9053,0.0004,SVC,0.9334323473613694,0.937232485630663,0.9479998537927928,0.940187126492528,0.940276374153696,0.9403278428926869,0.9474913400661956,0.937232485630663,0.937232485630663
stars,L,240.0,0.3167,0.8963,0.0001,849420.0,107751.4404,0.0166,182181.3041,2.1111,4.6235,0.0165,195749.9992,0.5092,0.6913,0.6984,0.7004,0.8883,0.8896,4.953,0.0005,DecisionTree,0.985954246370913,0.985954246370913,0.985954246370913,0.985954246370913,0.982490320975984,0.985954246370913,1.0,1.0,0.985954246370913
stars,L,240.0,0.3167,0.8963,0.0001,849420.0,107751.4404,0.0166,182181.3041,2.1111,4.6235,0.0165,195749.9992,0.5092,0.6913,0.6984,0.7004,0.8883,0.8896,4.953,0.0005,LogisticRegression,0.9720355494608927,0.9722059760544692,0.9721335062422032,0.9681585646664551,0.9681585646664551,0.9789255764792667,0.9651410574394095,0.9722059760544692,0.9722059760544692
stars,L,240.0,0.3167,0.8963,0.0001,849420.0,107751.4404,0.0166,182181.3041,2.1111,4.6235,0.0165,195749.9992,0.5092,0.6913,0.6984,0.7004,0.8883,0.8896,4.953,0.0005,KNN,0.9119928529023997,0.9049014680392757,0.9154948526389888,0.9119435165612092,0.908578368624071,0.9119957114054488,0.9119957114054488,0.9049014680392757,0.9049014680392757
stars,L,240.0,0.3167,0.8963,0.0001,849420.0,107751.4404,0.0166,182181.3041,2.1111,4.6235,0.0165,195749.9992,0.5092,0.6913,0.6984,0.7004,0.8883,0.8896,4.953,0.0005,RandomForest,0.9965277777777778,1.0,0.9965109427609428,0.9895474201724201,0.9930364774114774,0.9930364774114774,0.9965277777777778,0.9895833333333334,1.0
stars,L,240.0,0.3167,0.8963,0.0001,849420.0,107751.4404,0.0166,182181.3041,2.1111,4.6235,0.0165,195749.9992,0.5092,0.6913,0.6984,0.7004,0.8883,0.8896,4.953,0.0005,AdaBoost,0.5197766027249723,0.5197766027249723,0.5197766027249723,0.5197766027249723,0.5197766027249723,0.5197766027249723,0.5197766027249723,0.5197766027249723,0.5197766027249723
stars,L,240.0,0.3167,0.8963,0.0001,849420.0,107751.4404,0.0166,182181.3041,2.1111,4.6235,0.0165,195749.9992,0.5092,0.6913,0.6984,0.7004,0.8883,0.8896,4.953,0.0005,SVC,0.940187126492528,0.9370917692305041,0.9369112967483535,0.9369112967483535,0.9369112967483535,0.9369112967483535,0.9369112967483535,0.9370917692305041,0.9370917692305041
stars,L,240.0,0.2542,0.905,0.0001,834042.0,109039.5356,0.153,180798.0557,2.0569,4.2798,0.1529,199099.9991,0.4871,0.6849,0.6793,0.7062,0.8734,0.8898,5.0451,0.0004,DecisionTree,0.985954246370913,0.9790362879520585,0.985954246370913,0.985954246370913,0.985954246370913,0.985954246370913,1.0,1.0,0.985954246370913
stars,L,240.0,0.2542,0.905,0.0001,834042.0,109039.5356,0.153,180798.0557,2.0569,4.2798,0.1529,199099.9991,0.4871,0.6849,0.6793,0.7062,0.8734,0.8898,5.0451,0.0004,LogisticRegression,0.9752234832815148,0.9616969448557828,0.9786874086764438,0.9786874086764438,0.9752286273144366,0.9786874086764438,0.9753117107541772,0.9616969448557828,0.9616969448557828
stars,L,240.0,0.2542,0.905,0.0001,834042.0,109039.5356,0.153,180798.0557,2.0569,4.2798,0.1529,199099.9991,0.4871,0.6849,0.6793,0.7062,0.8734,0.8898,5.0451,0.0004,KNN,0.92986841880655,0.9225940847434227,0.933122008687295,0.9368145166901479,0.9368145166901479,0.9332304117518763,0.9332304117518763,0.9225940847434227,0.9225940847434227
stars,L,240.0,0.2542,0.905,0.0001,834042.0,109039.5356,0.153,180798.0557,2.0569,4.2798,0.1529,199099.9991,0.4871,0.6849,0.6793,0.7062,0.8734,0.8898,5.0451,0.0004,RandomForest,0.9965316400939316,1.0,1.0,1.0,1.0,0.9965277777777778,0.9965277777777778,0.9823827580929011,1.0
stars,L,240.0,0.2542,0.905,0.0001,834042.0,109039.5356,0.153,180798.0557,2.0569,4.2798,0.1529,199099.9991,0.4871,0.6849,0.6793,0.7062,0.8734,0.8898,5.0451,0.0004,AdaBoost,0.5197766027249723,0.5197766027249723,0.5197766027249723,0.5197766027249723,0.5197766027249723,0.5197766027249723,0.5197766027249723,0.5197766027249723,0.5197766027249723
stars,L,240.0,0.2542,0.905,0.0001,834042.0,109039.5356,0.153,180798.0557,2.0569,4.2798,0.1529,199099.9991,0.4871,0.6849,0.6793,0.7062,0.8734,0.8898,5.0451,0.0004,SVC,0.9436036726368614,0.9436036726368614,0.9369112967483535,0.940187126492528,0.940187126492528,0.9436036726368614,0.9436036726368614,0.9436036726368614,0.9436036726368614
stars,L,240.0,0.2,0.8802,0.0001,834042.0,106347.6023,0.0705,169811.676,1.868,3.6069,0.0704,199999.9992,0.5679,0.7229,0.7015,0.709,0.8868,0.8931,5.0702,0.0004,DecisionTree,0.985954246370913,0.985954246370913,0.985954246370913,0.985954246370913,0.982490320975984,0.985954246370913,1.0,1.0,0.985954246370913
stars,L,240.0,0.2,0.8802,0.0001,834042.0,106347.6023,0.0705,169811.676,1.868,3.6069,0.0704,199999.9992,0.5679,0.7229,0.7015,0.709,0.8868,0.8931,5.0702,0.0004,LogisticRegression,0.9789255764792667,0.9652484889302027,0.9752286273144366,0.9648068166148481,0.9717293312347312,0.9786874086764438,0.9786874086764438,0.9652484889302027,0.9652484889302027
stars,L,240.0,0.2,0.8802,0.0001,834042.0,106347.6023,0.0705,169811.676,1.868,3.6069,0.0704,199999.9992,0.5679,0.7229,0.7015,0.709,0.8868,0.8931,5.0702,0.0004,KNN,0.9335242484615731,0.9335242484615731,0.9333870130118376,0.9335242484615731,0.9441575793409213,0.9335242484615731,0.9333870130118376,0.9335242484615731,0.9335242484615731
stars,L,240.0,0.2,0.8802,0.0001,834042.0,106347.6023,0.0705,169811.676,1.868,3.6069,0.0704,199999.9992,0.5679,0.7229,0.7015,0.709,0.8868,0.8931,5.0702,0.0004,RandomForest,1.0,1.0,1.0,1.0,1.0,1.0,0.9965316400939316,0.9965007039202946,1.0
stars,L,240.0,0.2,0.8802,0.0001,834042.0,106347.6023,0.0705,169811.676,1.868,3.6069,0.0704,199999.9992,0.5679,0.7229,0.7015,0.709,0.8868,0.8931,5.0702,0.0004,AdaBoost,0.5197766027249723,0.5197766027249723,0.5197766027249723,0.5197766027249723,0.5197766027249723,0.5197766027249723,0.5197766027249723,0.5197766027249723,0.5197766027249723
stars,L,240.0,0.2,0.8802,0.0001,834042.0,106347.6023,0.0705,169811.676,1.868,3.6069,0.0704,199999.9992,0.5679,0.7229,0.7015,0.709,0.8868,0.8931,5.0702,0.0004,SVC,0.9436036726368614,0.9436036726368614,0.940187126492528,0.940187126492528,0.940187126492528,0.9436036726368614,0.9511674864506753,0.9436036726368614,0.9436036726368614
stars,L,240.0,0.1375,0.8744,0.0001,849420.0,104142.5929,0.59,175869.7131,2.1357,4.8325,0.5899,191499.9991,0.5786,0.6845,0.7135,0.7227,0.8947,0.8984,5.1494,0.0004,DecisionTree,0.985954246370913,0.982490320975984,0.985954246370913,0.985954246370913,0.982490320975984,0.985954246370913,1.0,1.0,0.985954246370913
stars,L,240.0,0.1375,0.8744,0.0001,849420.0,104142.5929,0.59,175869.7131,2.1357,4.8325,0.5899,191499.9991,0.5786,0.6845,0.7135,0.7227,0.8947,0.8984,5.1494,0.0004,LogisticRegression,0.9754616510843378,0.9685446153741986,0.9751881125967383,0.9716990553576811,0.9716990553576811,0.9786874086764438,0.9718570491960674,0.9685446153741986,0.9685446153741986
stars,L,240.0,0.1375,0.8744,0.0001,849420.0,104142.5929,0.59,175869.7131,2.1357,4.8325,0.5899,191499.9991,0.5786,0.6845,0.7135,0.7227,0.8947,0.8984,5.1494,0.0004,KNN,0.9188652048657479,0.9080002547760295,0.9296071007944253,0.9296071007944253,0.9296071007944253,0.9226412641973627,0.936749837905402,0.9080002547760295,0.9080002547760295
stars,L,240.0,0.1375,0.8744,0.0001,849420.0,104142.5929,0.59,175869.7131,2.1357,4.8325,0.5899,191499.9991,0.5786,0.6845,0.7135,0.7227,0.8947,0.8984,5.1494,0.0004,RandomForest,0.9965316400939316,1.0,1.0,1.0,1.0,1.0,0.9930438645716424,0.9930425828548743,1.0
stars,L,240.0,0.1375,0.8744,0.0001,849420.0,104142.5929,0.59,175869.7131,2.1357,4.8325,0.5899,191499.9991,0.5786,0.6845,0.7135,0.7227,0.8947,0.8984,5.1494,0.0004,AdaBoost,0.5197766027249723,0.5197766027249723,0.5197766027249723,0.5197766027249723,0.5197766027249723,0.5197766027249723,0.5197766027249723,0.5197766027249723,0.5197766027249723
stars,L,240.0,0.1375,0.8744,0.0001,849420.0,104142.5929,0.59,175869.7131,2.1357,4.8325,0.5899,191499.9991,0.5786,0.6845,0.7135,0.7227,0.8947,0.8984,5.1494,0.0004,SVC,0.9436278403461275,0.940187126492528,0.940187126492528,0.940187126492528,0.940187126492528,0.940187126492528,0.9369112967483535,0.940187126492528,0.940187126492528
stars,L,240.0,0.0833,0.8773,0.0001,849420.0,104661.2239,0.0175,180578.9372,2.1374,4.6649,0.0174,197999.9992,0.5276,0.6859,0.7015,0.709,0.8882,0.8919,5.205,0.0003,DecisionTree,0.985954246370913,0.985954246370913,0.985954246370913,0.985954246370913,0.982490320975984,0.985954246370913,0.9965349666436623,1.0,0.982490320975984
stars,L,240.0,0.0833,0.8773,0.0001,849420.0,104661.2239,0.0175,180578.9372,2.1374,4.6649,0.0174,197999.9992,0.5276,0.6859,0.7015,0.709,0.8882,0.8919,5.205,0.0003,LogisticRegression,0.9789255764792667,0.9721925351942542,0.9786874086764438,0.9786874086764438,0.9786874086764438,0.9754616510843378,0.9754616510843378,0.9721925351942542,0.9721925351942542
stars,L,240.0,0.0833,0.8773,0.0001,849420.0,104661.2239,0.0175,180578.9372,2.1374,4.6649,0.0174,197999.9992,0.5276,0.6859,0.7015,0.709,0.8882,0.8919,5.205,0.0003,KNN,0.9150768312821156,0.9150768312821156,0.9222552938185241,0.9187812030420429,0.9187812030420429,0.9187812030420429,0.9259792715763183,0.9150768312821156,0.9150768312821156
stars,L,240.0,0.0833,0.8773,0.0001,849420.0,104661.2239,0.0175,180578.9372,2.1374,4.6649,0.0174,197999.9992,0.5276,0.6859,0.7015,0.709,0.8882,0.8919,5.205,0.0003,RandomForest,1.0,1.0,1.0,1.0,1.0,1.0,1.0,0.9929177689594356,1.0
stars,L,240.0,0.0833,0.8773,0.0001,849420.0,104661.2239,0.0175,180578.9372,2.1374,4.6649,0.0174,197999.9992,0.5276,0.6859,0.7015,0.709,0.8882,0.8919,5.205,0.0003,AdaBoost,0.5197766027249723,0.5197766027249723,0.5197766027249723,0.5197766027249723,0.5197766027249723,0.5197766027249723,0.5197766027249723,0.5197766027249723,0.5197766027249723
stars,L,240.0,0.0833,0.8773,0.0001,849420.0,104661.2239,0.0175,180578.9372,2.1374,4.6649,0.0174,197999.9992,0.5276,0.6859,0.7015,0.709,0.8882,0.8919,5.205,0.0003,SVC,0.940187126492528,0.940187126492528,0.940187126492528,0.940187126492528,0.940187126492528,0.940187126492528,0.940187126492528,0.940187126492528,0.940187126492528
stars,L,240.0,0.0708,0.87,0.0001,849420.0,102842.5058,0.013,175306.8784,2.1,4.6298,0.0129,194999.9991,0.5546,0.6974,0.7039,0.704,0.8882,0.8894,5.216,0.0003,DecisionTree,0.985954246370913,0.985954246370913,0.985954246370913,0.985954246370913,0.982490320975984,0.985954246370913,0.9965349666436623,1.0,0.985954246370913
stars,L,240.0,0.0708,0.87,0.0001,849420.0,102842.5058,0.013,175306.8784,2.1,4.6298,0.0129,194999.9991,0.5546,0.6974,0.7039,0.704,0.8882,0.8894,5.216,0.0003,LogisticRegression,0.9752234832815148,0.9720045677465269,0.9786874086764438,0.9786874086764438,0.9684366101751972,0.9786874086764438,0.9786874086764438,0.9720045677465269,0.9720045677465269
stars,L,240.0,0.0708,0.87,0.0001,849420.0,102842.5058,0.013,175306.8784,2.1,4.6298,0.0129,194999.9991,0.5546,0.6974,0.7039,0.704,0.8882,0.8894,5.216,0.0003,KNN,0.915758810232935,0.9119184036572161,0.9259792715763183,0.9259792715763183,0.9226412641973627,0.9156952067761245,0.9226190063626049,0.9119184036572161,0.9119184036572161
stars,L,240.0,0.0708,0.87,0.0001,849420.0,102842.5058,0.013,175306.8784,2.1,4.6298,0.0129,194999.9991,0.5546,0.6974,0.7039,0.704,0.8882,0.8894,5.216,0.0003,RandomForest,0.9965109427609428,1.0,1.0,0.9965277777777778,1.0,1.0,1.0,0.9965316400939316,1.0
stars,L,240.0,0.0708,0.87,0.0001,849420.0,102842.5058,0.013,175306.8784,2.1,4.6298,0.0129,194999.9991,0.5546,0.6974,0.7039,0.704,0.8882,0.8894,5.216,0.0003,AdaBoost,0.5197766027249723,0.5197766027249723,0.5197766027249723,0.5197766027249723,0.5197766027249723,0.5197766027249723,0.5197766027249723,0.5197766027249723,0.5197766027249723
stars,L,240.0,0.0708,0.87,0.0001,849420.0,102842.5058,0.013,175306.8784,2.1,4.6298,0.0129,194999.9991,0.5546,0.6974,0.7039,0.704,0.8882,0.8894,5.216,0.0003,SVC,0.940187126492528,0.940187126492528,0.940187126492528,0.940187126492528,0.940187126492528,0.940187126492528,0.940187126492528,0.940187126492528,0.940187126492528
stars,R,240.0,0.5542,0.9346,0.0089,1948.5,246.2153,1.34,533.6656,1.9494,2.0856,1.3294,45.38,0.563,0.5674,0.731,0.7504,0.9035,0.9152,4.5772,0.0007,DecisionTree,1.0,1.0,0.9856603560964615,1.0,1.0,1.0,1.0,1.0,1.0
stars,R,240.0,0.5542,0.9346,0.0089,1948.5,246.2153,1.34,533.6656,1.9494,2.0856,1.3294,45.38,0.563,0.5674,0.731,0.7504,0.9035,0.9152,4.5772,0.0007,LogisticRegression,0.9239379026655012,0.9275657502503019,0.9786874086764438,0.9786874086764438,0.9752452489842841,0.9336421999588636,0.913311593647851,0.9238303460437706,0.9268838530711291
stars,R,240.0,0.5542,0.9346,0.0089,1948.5,246.2153,1.34,533.6656,1.9494,2.0856,1.3294,45.38,0.563,0.5674,0.731,0.7504,0.9035,0.9152,4.5772,0.0007,KNN,0.848397989196907,0.8574261728680314,0.9259792715763183,0.9259792715763183,0.9259792715763183,0.8699816273129577,0.8390130841324476,0.8764999453265294,0.8424874594453307
stars,R,240.0,0.5542,0.9346,0.0089,1948.5,246.2153,1.34,533.6656,1.9494,2.0856,1.3294,45.38,0.563,0.5674,0.731,0.7504,0.9035,0.9152,4.5772,0.0007,RandomForest,0.9930555555555556,0.9896221335679994,1.0,1.0,1.0,0.99304104632556,0.989564961787184,0.9792653093434344,0.9895721506530686
stars,R,240.0,0.5542,0.9346,0.0089,1948.5,246.2153,1.34,533.6656,1.9494,2.0856,1.3294,45.38,0.563,0.5674,0.731,0.7504,0.9035,0.9152,4.5772,0.0007,AdaBoost,0.3548616179123842,0.3548616179123842,0.3548616179123842,0.3548616179123842,0.3548616179123842,0.3548616179123842,0.3548616179123842,0.3548616179123842,0.3548616179123842
stars,R,240.0,0.5542,0.9346,0.0089,1948.5,246.2153,1.34,533.6656,1.9494,2.0856,1.3294,45.38,0.563,0.5674,0.731,0.7504,0.9035,0.9152,4.5772,0.0007,SVC,0.8859474475950584,0.882895773938124,0.9403278428926869,0.9403278428926869,0.9369112967483535,0.8966382999651078,0.889291851611136,0.8717784988359469,0.8655177189158962
stars,R,240.0,0.5167,0.9569,0.0084,1673.0,230.1571,0.7625,504.0596,1.9176,1.856,0.7529,35.1505,0.4933,0.6012,0.6722,0.695,0.8444,0.8817,4.6938,0.0004,DecisionTree,1.0,1.0,0.9931318271036013,1.0,0.996516595097513,1.0,1.0,1.0,1.0
stars,R,240.0,0.5167,0.9569,0.0084,1673.0,230.1571,0.7625,504.0596,1.9176,1.856,0.7529,35.1505,0.4933,0.6012,0.6722,0.695,0.8444,0.8817,4.6938,0.0004,LogisticRegression,0.9244716470762233,0.9137426245638498,0.9786874086764438,0.9752452489842841,0.971841606908767,0.9344574320642208,0.9239787708205276,0.9348180154232437,0.9241249198438366
stars,R,240.0,0.5167,0.9569,0.0084,1673.0,230.1571,0.7625,504.0596,1.9176,1.856,0.7529,35.1505,0.4933,0.6012,0.6722,0.695,0.8444,0.8817,4.6938,0.0004,KNN,0.8394997921493098,0.8557247099197439,0.9299034814362007,0.9262941792157874,0.9296561721611136,0.8513078095469656,0.8685264977449053,0.8764517272125989,0.8290569127269605
stars,R,240.0,0.5167,0.9569,0.0084,1673.0,230.1571,0.7625,504.0596,1.9176,1.856,0.7529,35.1505,0.4933,0.6012,0.6722,0.695,0.8444,0.8817,4.6938,0.0004,RandomForest,0.9895721506530686,0.9861111111111112,1.0,1.0,1.0,0.9861115153793076,0.9752515070055392,0.9757193629415852,0.9861059670781893
stars,R,240.0,0.5167,0.9569,0.0084,1673.0,230.1571,0.7625,504.0596,1.9176,1.856,0.7529,35.1505,0.4933,0.6012,0.6722,0.695,0.8444,0.8817,4.6938,0.0004,AdaBoost,0.3548616179123842,0.3548616179123842,0.3940820498591093,0.3548616179123842,0.350981780013133,0.3548616179123842,0.3548616179123842,0.3548616179123842,0.3548616179123842
stars,R,240.0,0.5167,0.9569,0.0084,1673.0,230.1571,0.7625,504.0596,1.9176,1.856,0.7529,35.1505,0.4933,0.6012,0.6722,0.695,0.8444,0.8817,4.6938,0.0004,SVC,0.8615675027523187,0.8582795135296927,0.9403278428926869,0.9511674864506753,0.9399547476695634,0.8620770312424406,0.8755861887458393,0.8615467604541577,0.8247223268191757
stars,R,240.0,0.4292,0.9416,0.0087,1948.5,265.7145,0.51,550.6865,1.7497,1.2671,0.5007,35.9024,0.6287,0.6519,0.669,0.7119,0.8468,0.8896,4.839,0.0004,DecisionTree,1.0,1.0,0.9965160867938646,1.0,0.9828437887648415,1.0,1.0,1.0,1.0
stars,R,240.0,0.4292,0.9416,0.0087,1948.5,265.7145,0.51,550.6865,1.7497,1.2671,0.5007,35.9024,0.6287,0.6519,0.669,0.7119,0.8468,0.8896,4.839,0.0004,LogisticRegression,0.9513834365105659,0.9375633554256858,0.9652127288056778,0.9786874086764438,0.9752452489842841,0.9374947752789807,0.9374947752789807,0.951457617711495,0.9411316877844932
stars,R,240.0,0.4292,0.9416,0.0087,1948.5,265.7145,0.51,550.6865,1.7497,1.2671,0.5007,35.9024,0.6287,0.6519,0.669,0.7119,0.8468,0.8896,4.839,0.0004,KNN,0.8765939915350889,0.8552149556952945,0.9260851236906399,0.9296561721611136,0.9296561721611136,0.8660222395276227,0.8659727247722256,0.8945135792467815,0.8726530120775129
stars,R,240.0,0.4292,0.9416,0.0087,1948.5,265.7145,0.51,550.6865,1.7497,1.2671,0.5007,35.9024,0.6287,0.6519,0.669,0.7119,0.8468,0.8896,4.839,0.0004,RandomForest,0.9860576666132221,0.9790409753645049,0.9965160867938646,1.0,1.0,0.9790409753645049,0.9755868690843115,0.9826038159371493,0.9824948260405777
stars,R,240.0,0.4292,0.9416,0.0087,1948.5,265.7145,0.51,550.6865,1.7497,1.2671,0.5007,35.9024,0.6287,0.6519,0.669,0.7119,0.8468,0.8896,4.839,0.0004,AdaBoost,0.3548616179123842,0.3548616179123842,0.3548616179123842,0.3548616179123842,0.3548616179123842,0.3548616179123842,0.3548616179123842,0.3548616179123842,0.3548616179123842
stars,R,240.0,0.4292,0.9416,0.0087,1948.5,265.7145,0.51,550.6865,1.7497,1.2671,0.5007,35.9024,0.6287,0.6519,0.669,0.7119,0.8468,0.8896,4.839,0.0004,SVC,0.8992004385824716,0.8956971959183214,0.936856346317742,0.9403278428926869,0.9479742402449666,0.9032479013856936,0.8956971959183214,0.8786308121063888,0.8818748017100275
stars,R,240.0,0.3292,0.9379,0.0084,1948.5,231.4081,0.67,515.593,2.03,2.4409,0.6605,44.884,0.4996,0.611,0.6901,0.6922,0.8622,0.8795,4.9953,0.0003,DecisionTree,1.0,1.0,0.9860514732392068,1.0,1.0,1.0,1.0,1.0,1.0
stars,R,240.0,0.3292,0.9379,0.0084,1948.5,231.4081,0.67,515.593,2.03,2.4409,0.6605,44.884,0.4996,0.611,0.6901,0.6922,0.8622,0.8795,4.9953,0.0003,LogisticRegression,0.941017356974694,0.9341693718385026,0.9718287028399507,0.9786874086764438,0.9786874086764438,0.9365364075837717,0.9406047547691371,0.9548773180029433,0.913058226916697
stars,R,240.0,0.3292,0.9379,0.0084,1948.5,231.4081,0.67,515.593,2.03,2.4409,0.6605,44.884,0.4996,0.611,0.6901,0.6922,0.8622,0.8795,4.9953,0.0003,KNN,0.8619831273337815,0.8731213742152487,0.9222552938185241,0.9296561721611136,0.9259792715763183,0.8782415358541302,0.8895851467775882,0.8681536190915315,0.8504267408705966
stars,R,240.0,0.3292,0.9379,0.0084,1948.5,231.4081,0.67,515.593,2.03,2.4409,0.6605,44.884,0.4996,0.611,0.6901,0.6922,0.8622,0.8795,4.9953,0.0003,RandomForest,0.9895943177193177,0.9826498732748733,0.9965277777777778,0.9930364774114774,0.9930364774114774,0.9792072960475738,0.979146243686796,0.9896133958633959,0.9826328588340393
stars,R,240.0,0.3292,0.9379,0.0084,1948.5,231.4081,0.67,515.593,2.03,2.4409,0.6605,44.884,0.4996,0.611,0.6901,0.6922,0.8622,0.8795,4.9953,0.0003,AdaBoost,0.3548616179123842,0.3548616179123842,0.4869963862401855,0.3548616179123842,0.3548616179123842,0.3548616179123842,0.3548616179123842,0.3548616179123842,0.3548616179123842
stars,R,240.0,0.3292,0.9379,0.0084,1948.5,231.4081,0.67,515.593,2.03,2.4409,0.6605,44.884,0.4996,0.611,0.6901,0.6922,0.8622,0.8795,4.9953,0.0003,SVC,0.8949822864019903,0.8923985891096007,0.9369112967483535,0.9369112967483535,0.9369112967483535,0.9098911210719285,0.9066268045357051,0.8716483205936887,0.8718535734805049
stars,R,240.0,0.2833,0.907,0.0084,1783.0,240.3148,1.125,516.971,1.9032,1.8443,1.116,42.6202,0.5054,0.5823,0.7213,0.7525,0.8994,0.9083,5.0094,0.0004,DecisionTree,1.0,0.996496269409155,0.9818716858190543,1.0,0.9965160867938646,1.0,1.0,1.0,0.9929012345679012
stars,R,240.0,0.2833,0.907,0.0084,1783.0,240.3148,1.125,516.971,1.9032,1.8443,1.116,42.6202,0.5054,0.5823,0.7213,0.7525,0.8994,0.9083,5.0094,0.0004,LogisticRegression,0.9516341944493729,0.9375705506388896,0.9617573416002906,0.9683828255467598,0.965152890931258,0.9407870118960212,0.9480491937244067,0.9275753883169937,0.9306678171734293
stars,R,240.0,0.2833,0.907,0.0084,1783.0,240.3148,1.125,516.971,1.9032,1.8443,1.116,42.6202,0.5054,0.5823,0.7213,0.7525,0.8994,0.9083,5.0094,0.0004,KNN,0.8836616800793526,0.8834661498131806,0.9227231307453136,0.9262941792157874,0.9227231307453136,0.8894196484080259,0.8904213775564518,0.8651217344553077,0.8794305763331628
stars,R,240.0,0.2833,0.907,0.0084,1783.0,240.3148,1.125,516.971,1.9032,1.8443,1.116,42.6202,0.5054,0.5823,0.7213,0.7525,0.8994,0.9083,5.0094,0.0004,RandomForest,0.9861450359573275,0.9895763992799952,0.9965109427609428,0.9965109427609428,0.9965109427609428,0.9826909296771342,0.9756828746618328,0.9758402057860529,0.9861003147416192
stars,R,240.0,0.2833,0.907,0.0084,1783.0,240.3148,1.125,516.971,1.9032,1.8443,1.116,42.6202,0.5054,0.5823,0.7213,0.7525,0.8994,0.9083,5.0094,0.0004,AdaBoost,0.3548616179123842,0.3548616179123842,0.3548616179123842,0.3548616179123842,0.3548616179123842,0.3548616179123842,0.3548616179123842,0.3548616179123842,0.3548616179123842
stars,R,240.0,0.2833,0.907,0.0084,1783.0,240.3148,1.125,516.971,1.9032,1.8443,1.116,42.6202,0.5054,0.5823,0.7213,0.7525,0.8994,0.9083,5.0094,0.0004,SVC,0.8692800547663263,0.8989647012343067,0.9367190240742032,0.940187126492528,0.9367190240742032,0.9060443753107312,0.9027127893271245,0.8613067839969581,0.8956588054464498
stars,R,240.0,0.25,0.9111,0.0084,1948.5,211.5896,0.59,488.835,2.124,2.8265,0.5802,35.8972,0.5741,0.5914,0.6702,0.7053,0.8441,0.8877,5.0639,0.0003,DecisionTree,1.0,1.0,0.9758137759674997,1.0,0.9894533229668028,1.0,1.0,1.0,1.0
stars,R,240.0,0.25,0.9111,0.0084,1948.5,211.5896,0.59,488.835,2.124,2.8265,0.5802,35.8972,0.5741,0.5914,0.6702,0.7053,0.8441,0.8877,5.0639,0.0003,LogisticRegression,0.954473631135527,0.9546620929162142,0.9752452489842841,0.9752452489842841,0.9752452489842841,0.9581189999495103,0.9579290183409142,0.9477709345942609,0.9304100245216571
stars,R,240.0,0.25,0.9111,0.0084,1948.5,211.5896,0.59,488.835,2.124,2.8265,0.5802,35.8972,0.5741,0.5914,0.6702,0.7053,0.8441,0.8877,5.0639,0.0003,KNN,0.8986089276664346,0.9088848822828132,0.9259792715763183,0.9296717795791712,0.9296717795791712,0.9118377747593829,0.9157148489696797,0.8873883388741125,0.9018615868159789
stars,R,240.0,0.25,0.9111,0.0084,1948.5,211.5896,0.59,488.835,2.124,2.8265,0.5802,35.8972,0.5741,0.5914,0.6702,0.7053,0.8441,0.8877,5.0639,0.0003,RandomForest,1.0,0.9897135575603567,1.0,0.996496269409155,0.9930701677857101,0.9930167907141592,0.9862041014513087,0.9930499032189853,0.993073927101705
stars,R,240.0,0.25,0.9111,0.0084,1948.5,211.5896,0.59,488.835,2.124,2.8265,0.5802,35.8972,0.5741,0.5914,0.6702,0.7053,0.8441,0.8877,5.0639,0.0003,AdaBoost,0.3548616179123842,0.3548616179123842,0.38068958027016686,0.3548616179123842,0.3548616179123842,0.3548616179123842,0.3548616179123842,0.3548616179123842,0.3548616179123842
stars,R,240.0,0.25,0.9111,0.0084,1948.5,211.5896,0.59,488.835,2.124,2.8265,0.5802,35.8972,0.5741,0.5914,0.6702,0.7053,0.8441,0.8877,5.0639,0.0003,SVC,0.8913612009710806,0.9060976983787316,0.9403278428926869,0.9403278428926869,0.9403278428926869,0.9199315721878945,0.9231718943401348,0.8629680140649993,0.8736942205135264
stars,R,240.0,0.2292,0.8973,0.0084,1948.5,235.6879,0.73,513.4693,1.9233,1.976,0.7206,34.898,0.5388,0.6137,0.6943,0.7238,0.8653,0.9007,5.0723,0.0004,DecisionTree,1.0,1.0,0.9929526748971194,0.996496269409155,0.9894878050198368,1.0,1.0,1.0,1.0
stars,R,240.0,0.2292,0.8973,0.0084,1948.5,235.6879,0.73,513.4693,1.9233,1.976,0.7206,34.898,0.5388,0.6137,0.6943,0.7238,0.8653,0.9007,5.0723,0.0004,LogisticRegression,0.9546490030135111,0.9544035122068748,0.9786874086764438,0.9786874086764438,0.9786874086764438,0.9578136579415819,0.9580021518765387,0.958064044279503,0.9308769949155653
stars,R,240.0,0.2292,0.8973,0.0084,1948.5,235.6879,0.73,513.4693,1.9233,1.976,0.7206,34.898,0.5388,0.6137,0.6943,0.7238,0.8653,0.9007,5.0723,0.0004,KNN,0.8944402256715112,0.9116410066058694,0.9296561721611136,0.9296561721611136,0.9296561721611136,0.9154095834317664,0.9154788099264314,0.9116682077870248,0.8947641233784114
stars,R,240.0,0.2292,0.8973,0.0084,1948.5,235.6879,0.73,513.4693,1.9233,1.976,0.7206,34.898,0.5388,0.6137,0.6943,0.7238,0.8653,0.9007,5.0723,0.0004,RandomForest,0.9930167907141592,0.9930323440142261,0.996496269409155,0.996496269409155,0.996496269409155,1.0,0.996496269409155,0.9964860066833752,0.9965160867938646
stars,R,240.0,0.2292,0.8973,0.0084,1948.5,235.6879,0.73,513.4693,1.9233,1.976,0.7206,34.898,0.5388,0.6137,0.6943,0.7238,0.8653,0.9007,5.0723,0.0004,AdaBoost,0.3548616179123842,0.3548616179123842,0.5197766027249723,0.3548616179123842,0.3548616179123842,0.3548616179123842,0.3548616179123842,0.3548616179123842,0.3548616179123842
stars,R,240.0,0.2292,0.8973,0.0084,1948.5,235.6879,0.73,513.4693,1.9233,1.976,0.7206,34.898,0.5388,0.6137,0.6943,0.7238,0.8653,0.9007,5.0723,0.0004,SVC,0.927208007523217,0.927137945973693,0.9403278428926869,0.9403278428926869,0.9403278428926869,0.9374375997927789,0.940187126492528,0.9123127253362682,0.9005188888933089
stars,R,240.0,0.1208,0.91,0.0084,1948.5,221.2017,0.492,497.7279,2.0549,2.5321,0.4828,43.4022,0.5582,0.6133,0.6705,0.6992,0.8467,0.8833,5.2245,0.0002,DecisionTree,0.9964680406212665,1.0,0.9930638523828488,0.9864936647173489,0.9930638523828488,0.9823466142910587,0.9929897797517013,1.0,0.9930590489967825
stars,R,240.0,0.1208,0.91,0.0084,1948.5,221.2017,0.492,497.7279,2.0549,2.5321,0.4828,43.4022,0.5582,0.6133,0.6705,0.6992,0.8467,0.8833,5.2245,0.0002,LogisticRegression,0.9439196654482637,0.9368513547609718,0.9752708625321104,0.9786874086764438,0.9752708625321104,0.9579940039387206,0.9506719605373264,0.954488005156511,0.930126352767109
stars,R,240.0,0.1208,0.91,0.0084,1948.5,221.2017,0.492,497.7279,2.0549,2.5321,0.4828,43.4022,0.5582,0.6133,0.6705,0.6992,0.8467,0.8833,5.2245,0.0002,KNN,0.8875152519983174,0.8871110093495199,0.9333486801639665,0.9296717795791712,0.9333486801639665,0.9048446601028123,0.9048446601028123,0.8869135977723815,0.8899090108185574
stars,R,240.0,0.1208,0.91,0.0084,1948.5,221.2017,0.492,497.7279,2.0549,2.5321,0.4828,43.4022,0.5582,0.6133,0.6705,0.6992,0.8467,0.8833,5.2245,0.0002,RandomForest,0.9930654565190523,0.9861171497584542,1.0,1.0,1.0,0.9930654565190523,0.9895932342968302,0.9825631727786901,0.9930615942028986
stars,R,240.0,0.1208,0.91,0.0084,1948.5,221.2017,0.492,497.7279,2.0549,2.5321,0.4828,43.4022,0.5582,0.6133,0.6705,0.6992,0.8467,0.8833,5.2245,0.0002,AdaBoost,0.3548616179123842,0.3548616179123842,0.5127858619842315,0.3548616179123842,0.5127858619842315,0.3436232996817288,0.52258368597379,0.3548616179123842,0.3548616179123842
stars,R,240.0,0.1208,0.91,0.0084,1948.5,221.2017,0.492,497.7279,2.0549,2.5321,0.4828,43.4022,0.5582,0.6133,0.6705,0.6992,0.8467,0.8833,5.2245,0.0002,SVC,0.9126379789936069,0.9165772736348774,0.9369112967483535,0.9369112967483535,0.9369112967483535,0.923714210542606,0.9160449368368886,0.9087325557131835,0.9019444468733009
stars,R,240.0,0.1125,0.9202,0.0084,1783.0,219.6162,0.876,494.2101,2.0445,2.4255,0.8668,41.89,0.4293,0.5832,0.7022,0.7027,0.8734,0.8888,5.2457,0.0002,DecisionTree,1.0,0.9964860066833752,0.9860481240927147,0.9828637765760478,1.0,1.0,0.9965578403078403,1.0,1.0
stars,R,240.0,0.1125,0.9202,0.0084,1783.0,219.6162,0.876,494.2101,2.0445,2.4255,0.8668,41.89,0.4293,0.5832,0.7022,0.7027,0.8734,0.8888,5.2457,0.0002,LogisticRegression,0.971841606908767,0.9683828255467598,0.9786874086764438,0.9786874086764438,0.9786874086764438,0.9651403160407805,0.971841606908767,0.971841606908767,0.9651894365475976
stars,R,240.0,0.1125,0.9202,0.0084,1783.0,219.6162,0.876,494.2101,2.0445,2.4255,0.8668,41.89,0.4293,0.5832,0.7022,0.7027,0.8734,0.8888,5.2457,0.0002,KNN,0.9019825679455821,0.9122477692281276,0.9226433855649937,0.9226433855649937,0.9259792715763183,0.9122477692281276,0.9193365072581153,0.8930598866699007,0.9291866943028418
stars,R,240.0,0.1125,0.9202,0.0084,1783.0,219.6162,0.876,494.2101,2.0445,2.4255,0.8668,41.89,0.4293,0.5832,0.7022,0.7027,0.8734,0.8888,5.2457,0.0002,RandomForest,0.9965109427609428,1.0,1.0,1.0,0.9965109427609428,0.9965578403078403,0.9895781893004115,0.9827260860484545,0.9895285895382494
stars,R,240.0,0.1125,0.9202,0.0084,1783.0,219.6162,0.876,494.2101,2.0445,2.4255,0.8668,41.89,0.4293,0.5832,0.7022,0.7027,0.8734,0.8888,5.2457,0.0002,AdaBoost,0.3548616179123842,0.35333040153578005,0.4470682998770327,0.38545507686841624,0.3548616179123842,0.351389395690162,0.35292325277957465,0.3548616179123842,0.35333040153578005
stars,R,240.0,0.1125,0.9202,0.0084,1783.0,219.6162,0.876,494.2101,2.0445,2.4255,0.8668,41.89,0.4293,0.5832,0.7022,0.7027,0.8734,0.8888,5.2457,0.0002,SVC,0.9189484548466322,0.9334852516556417,0.9512756835369675,0.9512756835369675,0.9512756835369675,0.9306854280224848,0.9301082274452842,0.9152976611958386,0.9411483937667552
stars,R,240.0,0.0333,0.9181,0.0084,1948.5,227.0662,0.7025,506.9786,2.0182,2.3609,0.693,36.6472,0.5202,0.6008,0.69,0.7051,0.8631,0.8895,5.3264,0.0002,DecisionTree,0.996536074605071,0.9895725520165484,0.982490320975984,0.9895725520165484,0.982490320975984,0.9896105100104243,0.9965389604580426,0.9965410052910053,0.9790384672071013
stars,R,240.0,0.0333,0.9181,0.0084,1948.5,227.0662,0.7025,506.9786,2.0182,2.3609,0.693,36.6472,0.5202,0.6008,0.69,0.7051,0.8631,0.8895,5.3264,0.0002,LogisticRegression,0.9545614697909076,0.961430785734057,0.9786874086764438,0.9786874086764438,0.9786874086764438,0.9717618440817971,0.9648826395029397,0.9543618879941036,0.961430785734057
stars,R,240.0,0.0333,0.9181,0.0084,1948.5,227.0662,0.7025,506.9786,2.0182,2.3609,0.693,36.6472,0.5202,0.6008,0.69,0.7051,0.8631,0.8895,5.3264,0.0002,KNN,0.9083843594226887,0.911911696283359,0.9259792715763183,0.9259792715763183,0.9259792715763183,0.911911696283359,0.9083843594226887,0.9042953990358357,0.9191651246954284
stars,R,240.0,0.0333,0.9181,0.0084,1948.5,227.0662,0.7025,506.9786,2.0182,2.3609,0.693,36.6472,0.5202,0.6008,0.69,0.7051,0.8631,0.8895,5.3264,0.0002,RandomForest,0.9965578403078403,0.9965578403078403,1.0,1.0,1.0,0.9930744354053533,0.9895838416369818,0.9826393971925373,1.0
stars,R,240.0,0.0333,0.9181,0.0084,1948.5,227.0662,0.7025,506.9786,2.0182,2.3609,0.693,36.6472,0.5202,0.6008,0.69,0.7051,0.8631,0.8895,5.3264,0.0002,AdaBoost,0.5197766027249723,0.3548616179123842,0.5197766027249723,0.3110298011818606,0.5197766027249723,0.3925649849437956,0.5158810309916676,0.4898013960992889,0.5197766027249723
stars,R,240.0,0.0333,0.9181,0.0084,1948.5,227.0662,0.7025,506.9786,2.0182,2.3609,0.693,36.6472,0.5202,0.6008,0.69,0.7051,0.8631,0.8895,5.3264,0.0002,SVC,0.9224811169320437,0.9332324011652181,0.940187126492528,0.940187126492528,0.940187126492528,0.9332324011652181,0.9263182594788637,0.9224811169320437,0.9367352727236453
stars,A_M,240.0,0.4833,0.9758,-11.92,20.06,4.1545,5.859,10.3755,-0.1063,-1.633,10.26,19.7185,0.6038,0.6989,0.7078,0.7254,0.8869,0.8896,4.7867,0.0002,DecisionTree,0.9653067423938568,0.9653067423938568,0.9790909191287659,0.9755888993523402,0.9721070848546693,0.9653067423938568,0.9618791607097884,0.9618791607097884,0.9653067423938568
stars,A_M,240.0,0.4833,0.9758,-11.92,20.06,4.1545,5.859,10.3755,-0.1063,-1.633,10.26,19.7185,0.6038,0.6989,0.7078,0.7254,0.8869,0.8896,4.7867,0.0002,LogisticRegression,0.740759342265485,0.7467310262714432,0.9752466948228443,0.9717877001138496,0.9647698855156257,0.8512078539379707,0.8278496427602319,0.7168357867879185,0.7159263755446018
stars,A_M,240.0,0.4833,0.9758,-11.92,20.06,4.1545,5.859,10.3755,-0.1063,-1.633,10.26,19.7185,0.6038,0.6989,0.7078,0.7254,0.8869,0.8896,4.7867,0.0002,KNN,0.8973954352692826,0.9123982504717757,0.9122593778584519,0.9025906827942193,0.9296034901687765,0.8796035526976056,0.8417809772943147,0.8345561848063245,0.9018464967850143
stars,A_M,240.0,0.4833,0.9758,-11.92,20.06,4.1545,5.859,10.3755,-0.1063,-1.633,10.26,19.7185,0.6038,0.6989,0.7078,0.7254,0.8869,0.8896,4.7867,0.0002,RandomForest,0.9688426773827082,0.9621339895003913,0.9896581317452461,0.9896004231627147,0.9791914094662884,0.9723088881203278,0.9722209106024071,0.9653170210197755,0.9584362181539056
stars,A_M,240.0,0.4833,0.9758,-11.92,20.06,4.1545,5.859,10.3755,-0.1063,-1.633,10.26,19.7185,0.6038,0.6989,0.7078,0.7254,0.8869,0.8896,4.7867,0.0002,AdaBoost,0.391465057751732,0.391465057751732,0.44503648632316056,0.44503648632316056,0.4395285844454597,0.391465057751732,0.391465057751732,0.391465057751732,0.391465057751732
stars,A_M,240.0,0.4833,0.9758,-11.92,20.06,4.1545,5.859,10.3755,-0.1063,-1.633,10.26,19.7185,0.6038,0.6989,0.7078,0.7254,0.8869,0.8896,4.7867,0.0002,SVC,0.731516959026745,0.7058509898291205,0.9472555381024382,0.9437965433934435,0.93681887985328,0.8176649221083683,0.808116745219876,0.7144799219897079,0.6991358874790068
stars,A_M,240.0,0.4792,0.952,-11.92,18.7,3.6489,2.93,10.3949,-0.0628,-1.6592,9.67,19.05,0.636,0.6828,0.7164,0.7353,0.885,0.9053,4.7618,0.0003,DecisionTree,0.9618030118030119,0.9618030118030119,0.9687011599511599,0.9721501753153086,0.9687026043677376,0.9618030118030119,0.9549298489879403,0.9583754301189434,0.9619022181522182
stars,A_M,240.0,0.4792,0.952,-11.92,18.7,3.6489,2.93,10.3949,-0.0628,-1.6592,9.67,19.05,0.636,0.6828,0.7164,0.7353,0.885,0.9053,4.7618,0.0003,LogisticRegression,0.7587519275791587,0.7423791787994297,0.9543420401982848,0.964842822903141,0.9476232195504886,0.8515537663337941,0.813308363707099,0.7752790638012766,0.742240478250419
stars,A_M,240.0,0.4792,0.952,-11.92,18.7,3.6489,2.93,10.3949,-0.0628,-1.6592,9.67,19.05,0.636,0.6828,0.7164,0.7353,0.885,0.9053,4.7618,0.0003,KNN,0.8909592426152589,0.8983441727331721,0.9087148600214129,0.9087642819720516,0.895310050219883,0.8945904852674099,0.8440530195238906,0.8710323191773627,0.8649290847138447
stars,A_M,240.0,0.4792,0.952,-11.92,18.7,3.6489,2.93,10.3949,-0.0628,-1.6592,9.67,19.05,0.636,0.6828,0.7164,0.7353,0.885,0.9053,4.7618,0.0003,RandomForest,0.9656152250269188,0.9722807104997944,0.9895562594758501,0.9896547103064027,0.9861955652847576,0.9722631688850305,0.9792113711457328,0.9653489372832988,0.9757397958995431
stars,A_M,240.0,0.4792,0.952,-11.92,18.7,3.6489,2.93,10.3949,-0.0628,-1.6592,9.67,19.05,0.636,0.6828,0.7164,0.7353,0.885,0.9053,4.7618,0.0003,AdaBoost,0.391465057751732,0.391465057751732,0.44151796780464203,0.374567558011095,0.374567558011095,0.391465057751732,0.391465057751732,0.391465057751732,0.391465057751732
stars,A_M,240.0,0.4792,0.952,-11.92,18.7,3.6489,2.93,10.3949,-0.0628,-1.6592,9.67,19.05,0.636,0.6828,0.7164,0.7353,0.885,0.9053,4.7618,0.0003,SVC,0.7597377618148509,0.7292571746936387,0.9261618467572119,0.9299729992865413,0.9194909466169886,0.8346566925254034,0.8068129785953688,0.760471391263341,0.7058509898291205
stars,A_M,240.0,0.4333,0.9706,-11.92,19.63,4.1537,5.998,10.4943,-0.1162,-1.6722,10.16,19.9552,0.6026,0.7114,0.6799,0.697,0.861,0.8858,4.8719,0.0002,DecisionTree,0.9618030118030119,0.9618030118030119,0.9687647503106501,0.9616636409226633,0.9482766027689501,0.9651670336363568,0.9583754301189434,0.9583754301189434,0.9618030118030119
stars,A_M,240.0,0.4333,0.9706,-11.92,19.63,4.1537,5.998,10.4943,-0.1162,-1.6722,10.16,19.9552,0.6026,0.7114,0.6799,0.697,0.861,0.8858,4.8719,0.0002,LogisticRegression,0.8164728425086808,0.789411614841593,0.964863589342756,0.9685495270107843,0.9514452778037026,0.882493686551082,0.858963827043603,0.7601921406613475,0.7169551532365153
stars,A_M,240.0,0.4333,0.9706,-11.92,19.63,4.1537,5.998,10.4943,-0.1162,-1.6722,10.16,19.9552,0.6026,0.7114,0.6799,0.697,0.861,0.8858,4.8719,0.0002,KNN,0.8830814819444839,0.9089761819750751,0.9299174006294163,0.9052992813902797,0.9056634610009149,0.8981322151884642,0.8438772843851671,0.837851972793723,0.8904388677070325
stars,A_M,240.0,0.4333,0.9706,-11.92,19.63,4.1537,5.998,10.4943,-0.1162,-1.6722,10.16,19.9552,0.6026,0.7114,0.6799,0.697,0.861,0.8858,4.8719,0.0002,RandomForest,0.9583219013373178,0.9686941251596424,0.9930555555555556,0.9791812803965582,0.968759684314772,0.9581785360228592,0.9686583340026572,0.9548997447901613,0.9583063480372508
stars,A_M,240.0,0.4333,0.9706,-11.92,19.63,4.1537,5.998,10.4943,-0.1162,-1.6722,10.16,19.9552,0.6026,0.7114,0.6799,0.697,0.861,0.8858,4.8719,0.0002,AdaBoost,0.391465057751732,0.391465057751732,0.4732089039591072,0.38996117968535393,0.4666072081565138,0.391465057751732,0.391465057751732,0.391465057751732,0.391465057751732
stars,A_M,240.0,0.4333,0.9706,-11.92,19.63,4.1537,5.998,10.4943,-0.1162,-1.6722,10.16,19.9552,0.6026,0.7114,0.6799,0.697,0.861,0.8858,4.8719,0.0002,SVC,0.7885572708729651,0.7713553577459934,0.9232159532804738,0.9403741103952392,0.9232117907763111,0.8283807854109312,0.8639450484387301,0.7465002852822253,0.6891149470379702
stars,A_M,240.0,0.375,0.96,-11.92,20.06,4.9499,10.71,10.4685,-0.1916,-1.6091,7.315,20.2425,0.5942,0.7016,0.681,0.7066,0.8531,0.8924,4.9552,0.0002,DecisionTree,0.9618611612628537,0.9618611612628537,0.9618038492225939,0.9755690880728691,0.9686690789003236,0.9651524214062024,0.958279258591131,0.954934716265344,0.9618611612628537
stars,A_M,240.0,0.375,0.96,-11.92,20.06,4.9499,10.71,10.4685,-0.1916,-1.6091,7.315,20.2425,0.5942,0.7016,0.681,0.7066,0.8531,0.8924,4.9552,0.0002,LogisticRegression,0.8097179346919962,0.8013004262744877,0.954649657596653,0.9583040563605935,0.9409039357193597,0.887391002512102,0.8781884678678183,0.793521443616861,0.7111085396297067
stars,A_M,240.0,0.375,0.96,-11.92,20.06,4.9499,10.71,10.4685,-0.1916,-1.6091,7.315,20.2425,0.5942,0.7016,0.681,0.7066,0.8531,0.8924,4.9552,0.0002,KNN,0.8970659441639147,0.9226114206777435,0.9093142546517086,0.9191464480687174,0.9161322144276562,0.9158826193107337,0.8336702423130344,0.8299269211128903,0.8868894182055663
stars,A_M,240.0,0.375,0.96,-11.92,20.06,4.9499,10.71,10.4685,-0.1916,-1.6091,7.315,20.2425,0.5942,0.7016,0.681,0.7066,0.8531,0.8924,4.9552,0.0002,RandomForest,0.9791739528582895,0.9620388526468135,0.9828441014086794,0.9931002914374059,0.9723561531429534,0.9826074102391152,0.9756800556240521,0.9655572213611232,0.9861253516966347
stars,A_M,240.0,0.375,0.96,-11.92,20.06,4.9499,10.71,10.4685,-0.1916,-1.6091,7.315,20.2425,0.5942,0.7016,0.681,0.7066,0.8531,0.8924,4.9552,0.0002,AdaBoost,0.391465057751732,0.391465057751732,0.44159090519215743,0.4435326082567825,0.391465057751732,0.391465057751732,0.391465057751732,0.391465057751732,0.391465057751732
stars,A_M,240.0,0.375,0.96,-11.92,20.06,4.9499,10.71,10.4685,-0.1916,-1.6091,7.315,20.2425,0.5942,0.7016,0.681,0.7066,0.8531,0.8924,4.9552,0.0002,SVC,0.8454268290803687,0.7668026410585495,0.9232117907763111,0.9232910848862821,0.91986236747632,0.8860782899378247,0.8873335974431323,0.7694060287669149,0.6943146693569454
stars,A_M,240.0,0.2958,0.9645,-11.92,20.06,4.4921,10.48,10.8463,-0.1462,-1.6816,7.61,20.58,0.6311,0.7134,0.6598,0.6724,0.8553,0.8608,5.0807,0.0001,DecisionTree,0.9649264178502461,0.9649264178502461,0.982490320975984,0.982490320975984,0.9859816213422844,0.9682904396835912,0.9685754483230623,0.9617853248662722,0.9649264178502461
stars,A_M,240.0,0.2958,0.9645,-11.92,20.06,4.4921,10.48,10.8463,-0.1462,-1.6816,7.61,20.58,0.6311,0.7134,0.6598,0.6724,0.8553,0.8608,5.0807,0.0001,LogisticRegression,0.8283943677574759,0.7990677223870659,0.9613935788449927,0.9682400606486864,0.9716990553576811,0.906256418586497,0.9195504013542978,0.7743524847986678,0.7997534472034175
stars,A_M,240.0,0.2958,0.9645,-11.92,20.06,4.4921,10.48,10.8463,-0.1462,-1.6816,7.61,20.58,0.6311,0.7134,0.6598,0.6724,0.8553,0.8608,5.0807,0.0001,KNN,0.9083323816731766,0.9223218568749969,0.9262115072581154,0.9259792715763183,0.9296561721611136,0.9015222054425387,0.8913349851727904,0.873613440364342,0.9157234512009206
stars,A_M,240.0,0.2958,0.9645,-11.92,20.06,4.4921,10.48,10.8463,-0.1462,-1.6816,7.61,20.58,0.6311,0.7134,0.6598,0.6724,0.8553,0.8608,5.0807,0.0001,RandomForest,0.9690028097518265,0.9827297453695163,0.9965410052910053,0.9826750254595641,0.9930284816980723,0.975893068547685,0.9757430112396643,0.9756800556240521,0.9757452543669075
stars,A_M,240.0,0.2958,0.9645,-11.92,20.06,4.4921,10.48,10.8463,-0.1462,-1.6816,7.61,20.58,0.6311,0.7134,0.6598,0.6724,0.8553,0.8608,5.0807,0.0001,AdaBoost,0.391465057751732,0.391465057751732,0.5501771407487727,0.5486732626823946,0.4841036529895225,0.391465057751732,0.391465057751732,0.391465057751732,0.391465057751732
stars,A_M,240.0,0.2958,0.9645,-11.92,20.06,4.4921,10.48,10.8463,-0.1462,-1.6816,7.61,20.58,0.6311,0.7134,0.6598,0.6724,0.8553,0.8608,5.0807,0.0001,SVC,0.8178185329838332,0.7695736945795022,0.933324577723156,0.9370064199366535,0.9403704417699985,0.9083118354452149,0.9050360057010404,0.7714636374574215,0.7738299159409867
stars,A_M,240.0,0.2375,0.9617,-11.92,20.06,4.3983,10.12,10.6371,-0.1322,-1.6482,7.71,20.2775,0.6248,0.6991,0.6929,0.7094,0.8667,0.8937,5.1565,0.0001,DecisionTree,0.9653067423938568,0.9653067423938568,0.9719181061011126,0.982490320975984,0.97897817898196,0.9653067423938568,0.9614690579222347,0.9618791607097884,0.9653067423938568
stars,A_M,240.0,0.2375,0.9617,-11.92,20.06,4.3983,10.12,10.6371,-0.1322,-1.6482,7.71,20.2775,0.6248,0.6991,0.6929,0.7094,0.8667,0.8937,5.1565,0.0001,LogisticRegression,0.8038318288800994,0.7699856015057228,0.9717692689458041,0.9682699728660986,0.9612960835817268,0.9092273990354945,0.9256861169759456,0.7385264319945763,0.7557532460940611
stars,A_M,240.0,0.2375,0.9617,-11.92,20.06,4.3983,10.12,10.6371,-0.1322,-1.6482,7.71,20.2775,0.6248,0.6991,0.6929,0.7094,0.8667,0.8937,5.1565,0.0001,KNN,0.9049411181524352,0.9191118992064949,0.9156110929326712,0.9156110929326712,0.9192879935174666,0.8952084294007538,0.8776392494823559,0.8808272111215312,0.9012851437372588
stars,A_M,240.0,0.2375,0.9617,-11.92,20.06,4.3983,10.12,10.6371,-0.1322,-1.6482,7.71,20.2775,0.6248,0.6991,0.6929,0.7094,0.8667,0.8937,5.1565,0.0001,RandomForest,0.9756413858206054,0.9720824631022,0.9930056517556518,0.9859564894981562,0.9895054140925286,0.982549700490773,0.9687009312571603,0.9790545378083189,0.9826448599293428
stars,A_M,240.0,0.2375,0.9617,-11.92,20.06,4.3983,10.12,10.6371,-0.1322,-1.6482,7.71,20.2775,0.6248,0.6991,0.6929,0.7094,0.8667,0.8937,5.1565,0.0001,AdaBoost,0.391465057751732,0.391465057751732,0.5431232686949006,0.5501771407487727,0.44151796780464203,0.391465057751732,0.391465057751732,0.391465057751732,0.391465057751732
stars,A_M,240.0,0.2375,0.9617,-11.92,20.06,4.3983,10.12,10.6371,-0.1322,-1.6482,7.71,20.2775,0.6248,0.6991,0.6929,0.7094,0.8667,0.8937,5.1565,0.0001,SVC,0.8251155398502494,0.804471454982514,0.940187126492528,0.940187126492528,0.9296465345621653,0.9015192564841044,0.9015192564841044,0.7571913964425157,0.6921163793105061
stars,A_M,240.0,0.225,0.9677,-11.75,20.06,3.6925,2.43,10.5408,0.0181,-1.6662,9.835,19.6675,0.5928,0.6704,0.6915,0.7002,0.8718,0.8867,5.181,0.0001,DecisionTree,0.9653067423938568,0.9653067423938568,0.9517725450597233,0.9722546163881908,0.9792247847237243,0.9653067423938568,0.9618791607097884,0.9618791607097884,0.9653067423938568
stars,A_M,240.0,0.225,0.9677,-11.75,20.06,3.6925,2.43,10.5408,0.0181,-1.6662,9.835,19.6675,0.5928,0.6704,0.6915,0.7002,0.8718,0.8867,5.181,0.0001,LogisticRegression,0.8150125989115194,0.8182542263295994,0.954714521098909,0.9684625653898344,0.9547329522669545,0.9133275341395242,0.9299343212764619,0.8109441405143966,0.8073230165712018
stars,A_M,240.0,0.225,0.9677,-11.75,20.06,3.6925,2.43,10.5408,0.0181,-1.6662,9.835,19.6675,0.5928,0.6704,0.6915,0.7002,0.8718,0.8867,5.181,0.0001,KNN,0.9119783689580941,0.9084691843702805,0.9193432186602872,0.9194313288745044,0.9227878835632854,0.9122452437018953,0.8606219974133584,0.8817414839381109,0.9194752102089336
stars,A_M,240.0,0.225,0.9677,-11.75,20.06,3.6925,2.43,10.5408,0.0181,-1.6662,9.835,19.6675,0.5928,0.6704,0.6915,0.7002,0.8718,0.8867,5.181,0.0001,RandomForest,0.965441195318034,0.9655774453848396,0.9861509797155578,0.9897642954122068,0.9896876033919524,0.9758818858674202,0.9654672247004369,0.9689163184459348,0.9828645868496125
stars,A_M,240.0,0.225,0.9677,-11.75,20.06,3.6925,2.43,10.5408,0.0181,-1.6662,9.835,19.6675,0.5928,0.6704,0.6915,0.7002,0.8718,0.8867,5.181,0.0001,AdaBoost,0.391465057751732,0.391465057751732,0.4725004088241187,0.4356350353263567,0.5433054579943244,0.391465057751732,0.391465057751732,0.391465057751732,0.391465057751732
stars,A_M,240.0,0.225,0.9677,-11.75,20.06,3.6925,2.43,10.5408,0.0181,-1.6662,9.835,19.6675,0.5928,0.6704,0.6915,0.7002,0.8718,0.8867,5.181,0.0001,SVC,0.8241085917280269,0.815756086745087,0.9056815564187095,0.919772532315241,0.919772532315241,0.915604174485764,0.8779452240972678,0.850257328257198,0.7027556325670966
stars,A_M,240.0,0.125,0.9476,-11.92,20.06,3.9618,4.905,10.6355,-0.0426,-1.6619,10.82,19.965,0.6196,0.6938,0.7054,0.7079,0.8783,0.8921,5.272,0.0001,DecisionTree,0.9789950139987951,0.9755411633227221,0.9618329114298573,0.9617916256910566,0.9652953562819014,0.9789950139987951,0.9825135325173135,0.975531088603866,0.9825086652399099
stars,A_M,240.0,0.125,0.9476,-11.92,20.06,3.9618,4.905,10.6355,-0.0426,-1.6619,10.82,19.965,0.6196,0.6938,0.7054,0.7079,0.8783,0.8921,5.272,0.0001,LogisticRegression,0.9275599248427244,0.9306978705805333,0.9580282492540151,0.9614906941060593,0.9614906941060593,0.9582057657059992,0.9615522885442477,0.9205318190869266,0.8259531944159787
stars,A_M,240.0,0.125,0.9476,-11.92,20.06,3.9618,4.905,10.6355,-0.0426,-1.6619,10.82,19.965,0.6196,0.6938,0.7054,0.7079,0.8783,0.8921,5.272,0.0001,KNN,0.9126419430691516,0.9124325163684969,0.9053383042760399,0.9088007491280841,0.9088007491280841,0.9055092893003422,0.91584184623616,0.9024129048983924,0.9091567001117812
stars,A_M,240.0,0.125,0.9476,-11.92,20.06,3.9618,4.905,10.6355,-0.0426,-1.6619,10.82,19.965,0.6196,0.6938,0.7054,0.7079,0.8783,0.8921,5.272,0.0001,RandomForest,0.9895877678444729,0.9965592861464005,0.9793374464209513,0.9827998912729955,0.9827998912729955,0.9965592861464005,0.9860772450393593,0.9790888917205967,0.9895760768605597
stars,A_M,240.0,0.125,0.9476,-11.92,20.06,3.9618,4.905,10.6355,-0.0426,-1.6619,10.82,19.965,0.6196,0.6938,0.7054,0.7079,0.8783,0.8921,5.272,0.0001,AdaBoost,0.44151796780464203,0.44151796780464203,0.41172499263363427,0.4355906095874865,0.4138912631822578,0.44059844070864435,0.391465057751732,0.44151796780464203,0.44151796780464203
stars,A_M,240.0,0.125,0.9476,-11.92,20.06,3.9618,4.905,10.6355,-0.0426,-1.6619,10.82,19.965,0.6196,0.6938,0.7054,0.7079,0.8783,0.8921,5.272,0.0001,SVC,0.916154669563381,0.9161221538502845,0.9230457549405523,0.9230457549405523,0.9230457549405523,0.9333421515441048,0.9333421515441048,0.9161221538502845,0.6923567158535694
stars,A_M,240.0,0.0625,0.9511,-11.92,20.06,3.9864,5.03,10.6107,-0.041,-1.6619,10.86,19.937,0.6091,0.6886,0.7069,0.7111,0.8838,0.8928,5.3483,0.0001,DecisionTree,0.9790496071223845,0.9790496071223845,0.982490320975984,0.982490320975984,0.982490320975984,0.9790496071223845,0.9859952543395527,0.9790616787484308,0.982490320975984
stars,A_M,240.0,0.0625,0.9511,-11.92,20.06,3.9864,5.03,10.6107,-0.041,-1.6619,10.86,19.937,0.6091,0.6886,0.7069,0.7111,0.8838,0.8928,5.3483,0.0001,LogisticRegression,0.9649397724715957,0.9614412455355689,0.9786874086764438,0.9717692689458041,0.9786874086764438,0.9614694599941384,0.9614694599941384,0.9579506517671973,0.9579506517671973
stars,A_M,240.0,0.0625,0.9511,-11.92,20.06,3.9864,5.03,10.6107,-0.041,-1.6619,10.86,19.937,0.6091,0.6886,0.7069,0.7111,0.8838,0.8928,5.3483,0.0001,KNN,0.9259792715763183,0.9259792715763183,0.9259792715763183,0.9259792715763183,0.9259792715763183,0.9184599982694479,0.9184599982694479,0.9259792715763183,0.9185480473437497
stars,A_M,240.0,0.0625,0.9511,-11.92,20.06,3.9864,5.03,10.6107,-0.041,-1.6619,10.86,19.937,0.6091,0.6886,0.7069,0.7111,0.8838,0.8928,5.3483,0.0001,RandomForest,1.0,0.9965592861464005,1.0,1.0,1.0,0.9965592861464005,0.9965592861464005,0.9895527449191954,0.9930452928297756
stars,A_M,240.0,0.0625,0.9511,-11.92,20.06,3.9864,5.03,10.6107,-0.041,-1.6619,10.86,19.937,0.6091,0.6886,0.7069,0.7111,0.8838,0.8928,5.3483,0.0001,AdaBoost,0.5501771407487727,0.5501771407487727,0.5197766027249723,0.5197766027249723,0.5197766027249723,0.5501771407487727,0.391465057751732,0.5486732626823946,0.5486732626823946
stars,A_M,240.0,0.0625,0.9511,-11.92,20.06,3.9864,5.03,10.6107,-0.041,-1.6619,10.86,19.937,0.6091,0.6886,0.7069,0.7111,0.8838,0.8928,5.3483,0.0001,SVC,0.9332576986697568,0.929747136645715,0.9403520106019531,0.9403520106019531,0.9436278403461275,0.936648914162688,0.9333730844185134,0.925346444745023,0.9228164597040731
stars,A_M,240.0,0.0333,0.9526,-11.92,20.06,4.6623,10.41,10.4621,-0.1642,-1.6341,7.58,20.0555,0.6042,0.6991,0.6824,0.704,0.8575,0.8904,5.3788,0.0001,DecisionTree,0.9721277479031873,0.9721277479031873,0.9719181061011126,0.9684324430186753,0.9719181061011126,0.9684324430186753,0.9753952590092692,0.9753952590092692,0.9753820314960415
stars,A_M,240.0,0.0333,0.9526,-11.92,20.06,4.6623,10.41,10.4621,-0.1642,-1.6341,7.58,20.0555,0.6042,0.6991,0.6824,0.704,0.8575,0.8904,5.3788,0.0001,LogisticRegression,0.9545870707053842,0.9614590040551049,0.9647552286033719,0.9612258699936039,0.9543077302629642,0.9580424579107715,0.9614590040551049,0.9580036168497176,0.9373988698331881
stars,A_M,240.0,0.0333,0.9526,-11.92,20.06,4.6623,10.41,10.4621,-0.1642,-1.6341,7.58,20.0555,0.6042,0.6991,0.6824,0.704,0.8575,0.8904,5.3788,0.0001,KNN,0.9156286940591434,0.9229158227355736,0.9192879935174666,0.9156110929326712,0.9192879935174666,0.9157297375629646,0.91551004942885,0.915731058533287,0.9084328810086993
stars,A_M,240.0,0.0333,0.9526,-11.92,20.06,4.6623,10.41,10.4621,-0.1642,-1.6341,7.58,20.0555,0.6042,0.6991,0.6824,0.704,0.8575,0.8904,5.3788,0.0001,RandomForest,0.9789672095841437,0.9789672095841437,0.9894277851251285,0.9824394318063658,0.9824394318063658,0.9789672095841437,0.9754759092178433,0.9754759092178433,0.9824394318063658
stars,A_M,240.0,0.0333,0.9526,-11.92,20.06,4.6623,10.41,10.4621,-0.1642,-1.6341,7.58,20.0555,0.6042,0.6991,0.6824,0.704,0.8575,0.8904,5.3788,0.0001,AdaBoost,0.46839064022097654,0.46839064022097654,0.46839064022097654,0.46839064022097654,0.46839064022097654,0.46839064022097654,0.46839064022097654,0.46839064022097654,0.3680272875819357
stars,A_M,240.0,0.0333,0.9526,-11.92,20.06,4.6623,10.41,10.4621,-0.1642,-1.6341,7.58,20.0555,0.6042,0.6991,0.6824,0.704,0.8575,0.8904,5.3788,0.0001,SVC,0.9191808036744031,0.9263935108752795,0.9263707048179907,0.9369112967483535,0.9263707048179907,0.9263707048179907,0.9228721778819637,0.9299041142656571,0.9122806384274637
visualizing_soil,northing,8641.0,0.4952,0.8744,-0.0038,3.806,1.9144,1.819,1.1143,0.0046,-1.2691,0.9776,1.9135,0.0166,0.0284,0.0072,0.0313,0.0009,0.0448,8.1271,0.0,DecisionTree,0.8696055733766098,0.8785476556412659,0.8887688590909129,0.8984335243044033,0.8949667707649153,0.8960957426935265,0.8512326513977498,0.8726578418608053,0.8928534755324835
visualizing_soil,northing,8641.0,0.4952,0.8744,-0.0038,3.806,1.9144,1.819,1.1143,0.0046,-1.2691,0.9776,1.9135,0.0166,0.0284,0.0072,0.0313,0.0009,0.0448,8.1271,0.0,LogisticRegression,0.8253953159038074,0.7926058088846469,0.8778725181970025,0.8865676912970791,0.8794761745166889,0.8226642759630199,0.8249570189379908,0.8149015958288894,0.8711138446860395
visualizing_soil,northing,8641.0,0.4952,0.8744,-0.0038,3.806,1.9144,1.819,1.1143,0.0046,-1.2691,0.9776,1.9135,0.0166,0.0284,0.0072,0.0313,0.0009,0.0448,8.1271,0.0,KNN,0.887753927182264,0.88758147652105,0.880465059335527,0.8868434534732272,0.8902326896936149,0.8880260973579268,0.8844046615936827,0.8716291723379838,0.8850532748204041
visualizing_soil,northing,8641.0,0.4952,0.8744,-0.0038,3.806,1.9144,1.819,1.1143,0.0046,-1.2691,0.9776,1.9135,0.0166,0.0284,0.0072,0.0313,0.0009,0.0448,8.1271,0.0,RandomForest,0.8946843304370815,0.8919324827564188,0.8902921747991767,0.8989142446222397,0.8979541224391878,0.8967037574618834,0.8715845725224481,0.8662730785727357,0.8943012977563738
visualizing_soil,northing,8641.0,0.4952,0.8744,-0.0038,3.806,1.9144,1.819,1.1143,0.0046,-1.2691,0.9776,1.9135,0.0166,0.0284,0.0072,0.0313,0.0009,0.0448,8.1271,0.0,AdaBoost,0.8919813201671818,0.8714080684429498,0.8866607493784741,0.8981328663895545,0.8945867516221466,0.8943947838362022,0.8635697297735552,0.8704551067276562,0.8915123781450336
visualizing_soil,northing,8641.0,0.4952,0.8744,-0.0038,3.806,1.9144,1.819,1.1143,0.0046,-1.2691,0.9776,1.9135,0.0166,0.0284,0.0072,0.0313,0.0009,0.0448,8.1271,0.0,SVC,0.878777729681513,0.8849823263236855,0.8869563062248244,0.8946334340532862,0.8933330638537448,0.8795611307908751,0.8761219868339728,0.8679822456278838,0.8920878769677875
visualizing_soil,northing,8641.0,0.4464,0.8681,-0.01,3.805,1.9027,1.817,1.105,0.0114,-1.2671,0.9664,1.9176,0.0023,0.0163,0.0045,0.0144,0.0022,0.0197,8.2078,0.0,DecisionTree,0.8898900292924522,0.8917726894139412,0.8990936789183022,0.9057396294560438,0.9041977093606672,0.9054420918315209,0.8643575454738603,0.8795211731630597,0.8979986421790495
visualizing_soil,northing,8641.0,0.4464,0.8681,-0.01,3.805,1.9027,1.817,1.105,0.0114,-1.2671,0.9664,1.9176,0.0023,0.0163,0.0045,0.0144,0.0022,0.0197,8.2078,0.0,LogisticRegression,0.8371756426213183,0.8048135099429385,0.8904469324636556,0.897110907137426,0.8892077917140446,0.836040869913403,0.8308120745104772,0.8273930144167858,0.884339018555367
visualizing_soil,northing,8641.0,0.4464,0.8681,-0.01,3.805,1.9027,1.817,1.105,0.0114,-1.2671,0.9664,1.9176,0.0023,0.0163,0.0045,0.0144,0.0022,0.0197,8.2078,0.0,KNN,0.9016058464785834,0.9006778680757018,0.8955458303990069,0.9004877775194605,0.9009724347603623,0.9015018167770927,0.8993337621366233,0.8803858687682584,0.9005514189222857
visualizing_soil,northing,8641.0,0.4464,0.8681,-0.01,3.805,1.9027,1.817,1.105,0.0114,-1.2671,0.9664,1.9176,0.0023,0.0163,0.0045,0.0144,0.0022,0.0197,8.2078,0.0,RandomForest,0.9059349103550316,0.8984889689391193,0.9029222108958872,0.903904265205438,0.9036077741112831,0.9076699097904686,0.8703555013638695,0.8677662297491598,0.9021841034582873
visualizing_soil,northing,8641.0,0.4464,0.8681,-0.01,3.805,1.9027,1.817,1.105,0.0114,-1.2671,0.9664,1.9176,0.0023,0.0163,0.0045,0.0144,0.0022,0.0197,8.2078,0.0,AdaBoost,0.9024713917571809,0.8774956049945835,0.8991810031431268,0.9033284985074065,0.9024630676123053,0.9090165558891616,0.8678101982784101,0.8780236085099827,0.898792081583279
visualizing_soil,northing,8641.0,0.4464,0.8681,-0.01,3.805,1.9027,1.817,1.105,0.0114,-1.2671,0.9664,1.9176,0.0023,0.0163,0.0045,0.0144,0.0022,0.0197,8.2078,0.0,SVC,0.8885285635457114,0.8962530860386014,0.9024599752904287,0.9067602192904167,0.905362609863021,0.8873801540557862,0.8942023493671081,0.8789813405204967,0.9012944855410163
visualizing_soil,northing,8641.0,0.3991,0.8579,-0.01,3.806,1.914,1.8202,1.1085,0.0179,-1.2677,0.9786,1.9165,0.0029,0.0158,0.0043,0.0103,0.0021,0.0133,8.275,0.0,DecisionTree,0.8739506695195391,0.8919505809833392,0.9083874787410572,0.9096856020314542,0.9081862129430355,0.9111074845349523,0.872864575072464,0.8847695063945632,0.9072702266812115
visualizing_soil,northing,8641.0,0.3991,0.8579,-0.01,3.806,1.914,1.8202,1.1085,0.0179,-1.2677,0.9786,1.9165,0.0029,0.0158,0.0043,0.0103,0.0021,0.0133,8.275,0.0,LogisticRegression,0.8490904811381608,0.8106732093922928,0.8987463167146016,0.8997753457870143,0.8970758061953304,0.8490904811381608,0.8305885238035406,0.8392683706266167,0.8929774300588299
visualizing_soil,northing,8641.0,0.3991,0.8579,-0.01,3.806,1.914,1.8202,1.1085,0.0179,-1.2677,0.9786,1.9165,0.0029,0.0158,0.0043,0.0103,0.0021,0.0133,8.275,0.0,KNN,0.9092902647226417,0.9105254583530846,0.9012388374548754,0.9059473706592781,0.9083669440858404,0.9090028196345857,0.9066987718823204,0.8928778663255338,0.907067337856734
visualizing_soil,northing,8641.0,0.3991,0.8579,-0.01,3.806,1.914,1.8202,1.1085,0.0179,-1.2677,0.9786,1.9165,0.0029,0.0158,0.0043,0.0103,0.0021,0.0133,8.275,0.0,RandomForest,0.9093052809457094,0.9047279471307816,0.9116657347308164,0.9097841431052208,0.909306468461605,0.9104613810520236,0.8726311952841344,0.8755776088653011,0.9090974979839804
visualizing_soil,northing,8641.0,0.3991,0.8579,-0.01,3.806,1.914,1.8202,1.1085,0.0179,-1.2677,0.9786,1.9165,0.0029,0.0158,0.0043,0.0103,0.0021,0.0133,8.275,0.0,AdaBoost,0.9085049773822593,0.8933937116123444,0.9086906831309645,0.9102506180406957,0.9063184230804557,0.916700251490411,0.8740453329768261,0.8852096358425194,0.9068431086573737
visualizing_soil,northing,8641.0,0.3991,0.8579,-0.01,3.806,1.914,1.8202,1.1085,0.0179,-1.2677,0.9786,1.9165,0.0029,0.0158,0.0043,0.0103,0.0021,0.0133,8.275,0.0,SVC,0.8917890587947018,0.8990106442088862,0.9041496843067648,0.9084797006869023,0.9051458275627926,0.8915175430909805,0.8881113100739356,0.8830480276886487,0.9056867143404067
visualizing_soil,northing,8641.0,0.3476,0.8526,-0.01,3.806,1.9022,1.8183,1.1095,0.0107,-1.274,0.9814,1.953,0.0134,0.0185,0.0082,0.0248,0.0045,0.0348,8.3444,0.0,DecisionTree,0.8923014505425302,0.9135591549387286,0.9243434798115303,0.9229544646135031,0.9230528754719683,0.9246140276046906,0.8805333059720293,0.9017760951610189,0.922754704408871
visualizing_soil,northing,8641.0,0.3476,0.8526,-0.01,3.806,1.9022,1.8183,1.1095,0.0107,-1.274,0.9814,1.953,0.0134,0.0185,0.0082,0.0248,0.0045,0.0348,8.3444,0.0,LogisticRegression,0.867131279333583,0.8302290489115094,0.9114727808470791,0.9167075437848415,0.9109737187414456,0.8669399557411328,0.8401988600751076,0.8659068627098815,0.9058845841635
visualizing_soil,northing,8641.0,0.3476,0.8526,-0.01,3.806,1.9022,1.8183,1.1095,0.0107,-1.274,0.9814,1.953,0.0134,0.0185,0.0082,0.0248,0.0045,0.0348,8.3444,0.0,KNN,0.9217266451513786,0.9207531615988951,0.9177934455763144,0.9181902123226747,0.9194253996875605,0.9215309714877334,0.9189221127979141,0.9071531342842095,0.9191903427661353
visualizing_soil,northing,8641.0,0.3476,0.8526,-0.01,3.806,1.9022,1.8183,1.1095,0.0107,-1.274,0.9814,1.953,0.0134,0.0185,0.0082,0.0248,0.0045,0.0348,8.3444,0.0,RandomForest,0.9243031541014632,0.9205011300219734,0.9226197189318741,0.9233466683140881,0.9236327932888999,0.9208451045055152,0.8858074069595496,0.8970402096113387,0.9236904127094786
visualizing_soil,northing,8641.0,0.3476,0.8526,-0.01,3.806,1.9022,1.8183,1.1095,0.0107,-1.274,0.9814,1.953,0.0134,0.0185,0.0082,0.0248,0.0045,0.0348,8.3444,0.0,AdaBoost,0.9237772091759284,0.9119861837054973,0.9209968281451284,0.922090945263327,0.9199663333425199,0.9220090134858729,0.8878488223588181,0.9038607870070708,0.9227225569536257
visualizing_soil,northing,8641.0,0.3476,0.8526,-0.01,3.806,1.9022,1.8183,1.1095,0.0107,-1.274,0.9814,1.953,0.0134,0.0185,0.0082,0.0248,0.0045,0.0348,8.3444,0.0,SVC,0.9029345583766626,0.9150889991099188,0.919445935090156,0.9238577389425519,0.920434073863061,0.9022764428196024,0.8970677868509367,0.8996851904143451,0.9191419129718496
visualizing_soil,northing,8641.0,0.3048,0.8472,-0.004,3.806,1.9109,1.8168,1.1121,0.0098,-1.2742,0.9806,1.9125,0.0091,0.0117,0.0069,0.0192,0.0005,0.026,8.387,0.0,DecisionTree,0.902727657920889,0.92103739748879,0.9269255799253562,0.928977594372397,0.9271472974209356,0.9305183224358131,0.8918684826434222,0.9087968288168882,0.9315776944125214
visualizing_soil,northing,8641.0,0.3048,0.8472,-0.004,3.806,1.9109,1.8168,1.1121,0.0098,-1.2742,0.9806,1.9125,0.0091,0.0117,0.0069,0.0192,0.0005,0.026,8.387,0.0,LogisticRegression,0.8731886110417888,0.847701291050468,0.9219645199381818,0.9232388993364513,0.91577871870659,0.8722328508769084,0.8483370855050008,0.8716104492431904,0.9152038395510069
visualizing_soil,northing,8641.0,0.3048,0.8472,-0.004,3.806,1.9109,1.8168,1.1121,0.0098,-1.2742,0.9806,1.9125,0.0091,0.0117,0.0069,0.0192,0.0005,0.026,8.387,0.0,KNN,0.9234506385302381,0.9231551039461267,0.9245445054216047,0.9251969802910591,0.9243578552188216,0.922967276328715,0.9231752097913557,0.9112957029819694,0.9268298885609427
visualizing_soil,northing,8641.0,0.3048,0.8472,-0.004,3.806,1.9109,1.8168,1.1121,0.0098,-1.2742,0.9806,1.9125,0.0091,0.0117,0.0069,0.0192,0.0005,0.026,8.387,0.0,RandomForest,0.9234122298135408,0.9208535354900054,0.9298369197717385,0.9309443421465005,0.9291182516921714,0.9277616576733719,0.8945089135133092,0.9045671745216525,0.9324540372359773
visualizing_soil,northing,8641.0,0.3048,0.8472,-0.004,3.806,1.9109,1.8168,1.1121,0.0098,-1.2742,0.9806,1.9125,0.0091,0.0117,0.0069,0.0192,0.0005,0.026,8.387,0.0,AdaBoost,0.9288991412852419,0.9126402535081415,0.9289706891841676,0.9318973664151002,0.9294962896271627,0.930243000752333,0.8972205535951541,0.9103278341906567,0.9307984686121459
visualizing_soil,northing,8641.0,0.3048,0.8472,-0.004,3.806,1.9109,1.8168,1.1121,0.0098,-1.2742,0.9806,1.9125,0.0091,0.0117,0.0069,0.0192,0.0005,0.026,8.387,0.0,SVC,0.9076604843260712,0.9221740387832402,0.9295980708698791,0.9313936561275085,0.9294942645699309,0.9071820159868857,0.905614641364083,0.9031485921984385,0.928961753144373
visualizing_soil,northing,8641.0,0.2492,0.8437,-0.004,3.806,1.8953,1.7802,1.1033,0.0302,-1.2567,0.9531,1.921,0.0086,0.0114,0.0092,0.019,0.0043,0.0258,8.4594,0.0,DecisionTree,0.930240330393957,0.9408233196674326,0.9437443415973981,0.9452343207681725,0.9489041972461632,0.9481010613755043,0.9063705944861011,0.9285296567178039,0.9443468861459373
visualizing_soil,northing,8641.0,0.2492,0.8437,-0.004,3.806,1.8953,1.7802,1.1033,0.0302,-1.2567,0.9531,1.921,0.0086,0.0114,0.0092,0.019,0.0043,0.0258,8.4594,0.0,LogisticRegression,0.903528037850369,0.8659280896091095,0.9324526061857777,0.9353450291362325,0.9355591022434637,0.8992901848782192,0.8723570836515998,0.8955079115442223,0.9244390476346122
visualizing_soil,northing,8641.0,0.2492,0.8437,-0.004,3.806,1.8953,1.7802,1.1033,0.0302,-1.2567,0.9531,1.921,0.0086,0.0114,0.0092,0.019,0.0043,0.0258,8.4594,0.0,KNN,0.9416593249451576,0.9400076828687096,0.935229876483431,0.9439727743367604,0.9453225466952774,0.9408884662189547,0.9393379241026134,0.933507888024484,0.9426103447843674
visualizing_soil,northing,8641.0,0.2492,0.8437,-0.004,3.806,1.8953,1.7802,1.1033,0.0302,-1.2567,0.9531,1.921,0.0086,0.0114,0.0092,0.019,0.0043,0.0258,8.4594,0.0,RandomForest,0.9380577403875254,0.9406362034715876,0.9453118946447406,0.949388144394306,0.949962137473109,0.9391128717340527,0.9041750219615722,0.9300765903989783,0.9463043429552034
visualizing_soil,northing,8641.0,0.2492,0.8437,-0.004,3.806,1.8953,1.7802,1.1033,0.0302,-1.2567,0.9531,1.921,0.0086,0.0114,0.0092,0.019,0.0043,0.0258,8.4594,0.0,AdaBoost,0.9466963831604446,0.9326429227162653,0.9441588564223328,0.950630057537328,0.9508209433712462,0.947588389276893,0.9117137600466552,0.9309813163989884,0.9458957242657717
visualizing_soil,northing,8641.0,0.2492,0.8437,-0.004,3.806,1.8953,1.7802,1.1033,0.0302,-1.2567,0.9531,1.921,0.0086,0.0114,0.0092,0.019,0.0043,0.0258,8.4594,0.0,SVC,0.9228632431522046,0.9385996841995903,0.9411415858315835,0.9447314634179094,0.9468510631929768,0.9236333597896704,0.9198344102272422,0.9227559518416582,0.9409756691702579
visualizing_soil,northing,8641.0,0.2003,0.8385,-0.01,3.806,1.9069,1.8182,1.1042,0.0174,-1.2539,0.947,1.8992,0.0097,0.0139,0.0057,0.0201,0.002,0.0271,8.5167,0.0,DecisionTree,0.9343887179462012,0.9446706046346233,0.9528169614510639,0.9540860612726503,0.9539006716555145,0.9447660498196172,0.920447580609669,0.933347895428545,0.9494586709337147
visualizing_soil,northing,8641.0,0.2003,0.8385,-0.01,3.806,1.9069,1.8182,1.1042,0.0174,-1.2539,0.947,1.8992,0.0097,0.0139,0.0057,0.0201,0.002,0.0271,8.5167,0.0,LogisticRegression,0.9083333346839902,0.8984319262413222,0.9426073576191354,0.9398030812065798,0.938684852040379,0.9050553042021603,0.8888289343443595,0.9078881532235594,0.9339241680026317
visualizing_soil,northing,8641.0,0.2003,0.8385,-0.01,3.806,1.9069,1.8182,1.1042,0.0174,-1.2539,0.947,1.8992,0.0097,0.0139,0.0057,0.0201,0.002,0.0271,8.5167,0.0,KNN,0.9472958572839186,0.9479619868869159,0.9471126769132372,0.9491259180656815,0.9459454971793342,0.9468124717378472,0.945718666703691,0.9392462753279005,0.9468896247678265
visualizing_soil,northing,8641.0,0.2003,0.8385,-0.01,3.806,1.9069,1.8182,1.1042,0.0174,-1.2539,0.947,1.8992,0.0097,0.0139,0.0057,0.0201,0.002,0.0271,8.5167,0.0,RandomForest,0.9409392970998574,0.9454061809732108,0.9523422716549044,0.9548685697535519,0.9545839820343343,0.9429593331890209,0.9195364998606236,0.9358483615854656,0.9514875607949091
visualizing_soil,northing,8641.0,0.2003,0.8385,-0.01,3.806,1.9069,1.8182,1.1042,0.0174,-1.2539,0.947,1.8992,0.0097,0.0139,0.0057,0.0201,0.002,0.0271,8.5167,0.0,AdaBoost,0.9551371679503936,0.9379237050013789,0.951670542751333,0.9553441238309244,0.9556397995231102,0.9516519631969623,0.9227356569019851,0.9369832197151351,0.9510953050095344
visualizing_soil,northing,8641.0,0.2003,0.8385,-0.01,3.806,1.9069,1.8182,1.1042,0.0174,-1.2539,0.947,1.8992,0.0097,0.0139,0.0057,0.0201,0.002,0.0271,8.5167,0.0,SVC,0.9271912573172272,0.9417121546372902,0.9491261061082927,0.9502141480237588,0.9477362629640462,0.9270947508545091,0.9266860161436341,0.9294901260183749,0.9439583304420756
visualizing_soil,northing,8641.0,0.1489,0.8283,-0.01,3.806,1.9109,1.821,1.107,0.0099,-1.2636,0.9626,1.9239,0.0026,0.0213,0.0011,0.0153,0.0091,0.0202,8.553,0.0,DecisionTree,0.9514310702538484,0.9585183129976137,0.964359464517786,0.9637134370289587,0.9646787142038624,0.9521043274167111,0.9388937446604905,0.9512277959133709,0.9648646573010617
visualizing_soil,northing,8641.0,0.1489,0.8283,-0.01,3.806,1.9109,1.821,1.107,0.0099,-1.2636,0.9626,1.9239,0.0026,0.0213,0.0011,0.0153,0.0091,0.0202,8.553,0.0,LogisticRegression,0.9243463530577365,0.9270356866170739,0.9539724566169849,0.9516683403814793,0.9512079093064432,0.9242495207246466,0.9109141827371455,0.9267322182180827,0.9505978642555959
visualizing_soil,northing,8641.0,0.1489,0.8283,-0.01,3.806,1.9109,1.821,1.107,0.0099,-1.2636,0.9626,1.9239,0.0026,0.0213,0.0011,0.0153,0.0091,0.0202,8.553,0.0,KNN,0.961060686811918,0.9596110437251054,0.9607741594085262,0.9616392894734824,0.9585632032163383,0.9600032214077022,0.9585467422783774,0.9531915365449333,0.9625972137507863
visualizing_soil,northing,8641.0,0.1489,0.8283,-0.01,3.806,1.9109,1.821,1.107,0.0099,-1.2636,0.9626,1.9239,0.0026,0.0213,0.0011,0.0153,0.0091,0.0202,8.553,0.0,RandomForest,0.9549869961486924,0.9585194024145094,0.9653288425649948,0.9650621313872152,0.9654478881586279,0.9543146927289867,0.9391570157121056,0.9522854431908964,0.9653444945713899
visualizing_soil,northing,8641.0,0.1489,0.8283,-0.01,3.806,1.9109,1.821,1.107,0.0099,-1.2636,0.9626,1.9239,0.0026,0.0213,0.0011,0.0153,0.0091,0.0202,8.553,0.0,AdaBoost,0.9645550673917259,0.9493137967536265,0.9652312831294432,0.9646733232793628,0.9646771864076233,0.9647324587875711,0.9387952399320787,0.9529344599035033,0.9653426251286353
visualizing_soil,northing,8641.0,0.1489,0.8283,-0.01,3.806,1.9109,1.821,1.107,0.0099,-1.2636,0.9626,1.9239,0.0026,0.0213,0.0011,0.0153,0.0091,0.0202,8.553,0.0,SVC,0.9443047775749454,0.9530644881715535,0.957993721731356,0.9619608582428594,0.9602426071837874,0.9436329056891839,0.932876910323144,0.9443885197123872,0.958596637009171
visualizing_soil,northing,8641.0,0.1002,0.823,-0.01,3.806,1.8992,1.8112,1.1052,0.0252,-1.263,0.9721,1.9416,0.0119,0.0125,0.0073,0.0211,0.0013,0.0288,8.5997,0.0,DecisionTree,0.9703656787433417,0.9728917951596092,0.9758151275254169,0.9797701768194336,0.9788090383059382,0.9706539637421627,0.9613824203822845,0.9693917577569215,0.9788055372784216
visualizing_soil,northing,8641.0,0.1002,0.823,-0.01,3.806,1.8992,1.8112,1.1052,0.0252,-1.263,0.9721,1.9416,0.0119,0.0125,0.0073,0.0211,0.0013,0.0288,8.5997,0.0,LogisticRegression,0.9475839594667982,0.9499155649006451,0.9661260958588427,0.9706765741079988,0.9708774175641403,0.9471000043828797,0.9390519303063337,0.9509184716820095,0.9697105437051063
visualizing_soil,northing,8641.0,0.1002,0.823,-0.01,3.806,1.8992,1.8112,1.1052,0.0252,-1.263,0.9721,1.9416,0.0119,0.0125,0.0073,0.0211,0.0013,0.0288,8.5997,0.0,KNN,0.9697396556805346,0.9693361920792404,0.9728125084159264,0.9704959312083512,0.9726280981865698,0.9701263421600974,0.9636307966490969,0.9664813089891423,0.9705967803883168
visualizing_soil,northing,8641.0,0.1002,0.823,-0.01,3.806,1.8992,1.8112,1.1052,0.0252,-1.263,0.9721,1.9416,0.0119,0.0125,0.0073,0.0211,0.0013,0.0288,8.5997,0.0,RandomForest,0.9723844043947849,0.9733777653747858,0.9764885335058877,0.9807362472417039,0.9790059296459862,0.9723844043947849,0.9615658839707404,0.9707371103582572,0.9792891922514863
visualizing_soil,northing,8641.0,0.1002,0.823,-0.01,3.806,1.8992,1.8112,1.1052,0.0252,-1.263,0.9721,1.9416,0.0119,0.0125,0.0073,0.0211,0.0013,0.0288,8.5997,0.0,AdaBoost,0.9783203900392821,0.9648032576070018,0.9764882240861152,0.9806394537739292,0.9791020885523722,0.9764843804921957,0.960421526877401,0.9693902877300287,0.9787112119332999
visualizing_soil,northing,8641.0,0.1002,0.823,-0.01,3.806,1.8992,1.8112,1.1052,0.0252,-1.263,0.9721,1.9416,0.0119,0.0125,0.0073,0.0211,0.0013,0.0288,8.5997,0.0,SVC,0.9636218775165111,0.9647015627316424,0.9712699986499921,0.9751378739860143,0.9753379559438228,0.9625639666243474,0.9516588488178621,0.9605280593551456,0.973688640587417
visualizing_soil,northing,8641.0,0.0501,0.8159,-0.01,3.806,1.9043,1.8141,1.1082,0.0205,-1.2634,0.9703,1.9318,0.0052,0.0187,0.0032,0.0168,0.0057,0.0223,8.6359,0.0,DecisionTree,0.9845765443525011,0.9848561383703921,0.9863130031183563,0.9894945042638812,0.9892065080655048,0.9862289720093816,0.9789318102492431,0.9827535326578088,0.9885310607359726
visualizing_soil,northing,8641.0,0.0501,0.8159,-0.01,3.806,1.9043,1.8141,1.1082,0.0205,-1.2634,0.9703,1.9318,0.0052,0.0187,0.0032,0.0168,0.0057,0.0223,8.6359,0.0,LogisticRegression,0.9689429311423574,0.9759657105476126,0.980416267951245,0.9840878880883588,0.9827370663896375,0.9689429311423574,0.9632134353576055,0.9681514888452871,0.9819619699985063
visualizing_soil,northing,8641.0,0.0501,0.8159,-0.01,3.806,1.9043,1.8141,1.1082,0.0205,-1.2634,0.9703,1.9318,0.0052,0.0187,0.0032,0.0168,0.0057,0.0223,8.6359,0.0,KNN,0.9829385544761864,0.9814815806425617,0.9830294205400933,0.9841884229866096,0.9836096559327475,0.9823598853487703,0.9786689769293941,0.9807214105466063,0.983995923761079
visualizing_soil,northing,8641.0,0.0501,0.8159,-0.01,3.806,1.9043,1.8141,1.1082,0.0205,-1.2634,0.9703,1.9318,0.0052,0.0187,0.0032,0.0168,0.0057,0.0223,8.6359,0.0,RandomForest,0.9869027506199533,0.985435043908383,0.9880479863070866,0.9894960338362551,0.9890150028541667,0.9869027506199533,0.9787350541442648,0.9841987768099718,0.989302039259771
visualizing_soil,northing,8641.0,0.0501,0.8159,-0.01,3.806,1.9043,1.8141,1.1082,0.0205,-1.2634,0.9703,1.9318,0.0052,0.0187,0.0032,0.0168,0.0057,0.0223,8.6359,0.0,AdaBoost,0.9871805951263736,0.9809920504132008,0.9874696215203317,0.9896883871942548,0.9889181019741525,0.9859267751178102,0.9829174833519414,0.9832356672839662,0.9892055205937034
visualizing_soil,northing,8641.0,0.0501,0.8159,-0.01,3.806,1.9043,1.8141,1.1082,0.0205,-1.2634,0.9703,1.9318,0.0052,0.0187,0.0032,0.0168,0.0057,0.0223,8.6359,0.0,SVC,0.9784228100283574,0.9772369008766346,0.9811977924003432,0.9875658039683701,0.9864099838511412,0.9780381785708989,0.9686951952283613,0.974754319372297,0.9858295604643711
visualizing_soil,easting,8641.0,0.4964,0.8205,-0.003,1.56,0.7309,0.715,0.4263,0.2022,-1.0837,0.3552,0.7174,0.0272,0.3673,0.032,0.2539,0.0455,0.4031,8.0904,0.0,DecisionTree,0.999903583372388,0.999903583372388,0.999903583372388,0.999903583372388,0.999903583372388,0.999903583372388,0.999903583372388,0.999903583372388,0.999903583372388
visualizing_soil,easting,8641.0,0.4964,0.8205,-0.003,1.56,0.7309,0.715,0.4263,0.2022,-1.0837,0.3552,0.7174,0.0272,0.3673,0.032,0.2539,0.0455,0.4031,8.0904,0.0,LogisticRegression,0.9966241717258015,0.9985535402425735,0.9978785423194191,0.9975893353406518,0.9979751814432514,0.9967209990799419,0.9988429368523543,0.9972996971952514,0.9977822419899122
visualizing_soil,easting,8641.0,0.4964,0.8205,-0.003,1.56,0.7309,0.715,0.4263,0.2022,-1.0837,0.3552,0.7174,0.0272,0.3673,0.032,0.2539,0.0455,0.4031,8.0904,0.0,KNN,0.9939258971459187,0.9950825783399604,0.9941185404675199,0.9942140798047071,0.9941182551805812,0.9943114661200976,0.9939258054805598,0.991900342792642,0.9937325500893708
visualizing_soil,easting,8641.0,0.4964,0.8205,-0.003,1.56,0.7309,0.715,0.4263,0.2022,-1.0837,0.3552,0.7174,0.0272,0.3673,0.032,0.2539,0.0455,0.4031,8.0904,0.0,RandomForest,1.0,0.9999035897568042,1.0,1.0,1.0,1.0,1.0,1.0,1.0
visualizing_soil,easting,8641.0,0.4964,0.8205,-0.003,1.56,0.7309,0.715,0.4263,0.2022,-1.0837,0.3552,0.7174,0.0272,0.3673,0.032,0.2539,0.0455,0.4031,8.0904,0.0,AdaBoost,0.999903583372388,0.999903583372388,0.999903583372388,0.999903583372388,0.999903583372388,0.999903583372388,0.999903583372388,0.999903583372388,0.999903583372388
visualizing_soil,easting,8641.0,0.4964,0.8205,-0.003,1.56,0.7309,0.715,0.4263,0.2022,-1.0837,0.3552,0.7174,0.0272,0.3673,0.032,0.2539,0.0455,0.4031,8.0904,0.0,SVC,0.9979755275724854,0.9983609891306908,0.9999035897568042,0.9988431240464175,0.9988431515524738,0.9983611835511302,0.9981683425588133,0.9974932223303393,0.9987467351006618
visualizing_soil,easting,8641.0,0.4394,0.8004,-0.003,1.56,0.7394,0.7334,0.4303,0.1836,-1.0902,0.371,0.7346,0.0007,0.3504,0.0131,0.2442,0.0162,0.3897,8.1717,0.0,DecisionTree,0.999903583372388,0.999903583372388,0.999903583372388,0.999903583372388,0.999903583372388,0.999903583372388,0.999903583372388,0.999903583372388,0.999903583372388
visualizing_soil,easting,8641.0,0.4394,0.8004,-0.003,1.56,0.7394,0.7334,0.4303,0.1836,-1.0902,0.371,0.7346,0.0007,0.3504,0.0131,0.2442,0.0162,0.3897,8.1717,0.0,LogisticRegression,0.9964313213612132,0.9987464451941962,0.9990357656473307,0.9980714741723896,0.9986500488218388,0.9965280952815491,0.9966246737654011,0.9972032529609549,0.9988428589915391
visualizing_soil,easting,8641.0,0.4394,0.8004,-0.003,1.56,0.7394,0.7334,0.4303,0.1836,-1.0902,0.371,0.7346,0.0007,0.3504,0.0131,0.2442,0.0162,0.3897,8.1717,0.0,KNN,0.9948894734576698,0.9949859451843721,0.9955645067660018,0.9948895897218553,0.9939249606400349,0.995275333339819,0.9947932501381043,0.9913214179991677,0.99421453902856
visualizing_soil,easting,8641.0,0.4394,0.8004,-0.003,1.56,0.7394,0.7334,0.4303,0.1836,-1.0902,0.371,0.7346,0.0007,0.3504,0.0131,0.2442,0.0162,0.3897,8.1717,0.0,RandomForest,1.0,1.0,1.0,1.0,1.0,1.0,1.0,1.0,1.0
visualizing_soil,easting,8641.0,0.4394,0.8004,-0.003,1.56,0.7394,0.7334,0.4303,0.1836,-1.0902,0.371,0.7346,0.0007,0.3504,0.0131,0.2442,0.0162,0.3897,8.1717,0.0,AdaBoost,0.999903583372388,0.999903583372388,0.999903583372388,0.999903583372388,0.999903583372388,0.999903583372388,0.999903583372388,0.999903583372388,0.999903583372388
visualizing_soil,easting,8641.0,0.4394,0.8004,-0.003,1.56,0.7394,0.7334,0.4303,0.1836,-1.0902,0.371,0.7346,0.0007,0.3504,0.0131,0.2442,0.0162,0.3897,8.1717,0.0,SVC,0.9991322760064028,0.9988430377166383,0.9996143314259653,0.9990358805335591,0.9989394766454676,0.9986502843858408,0.9986502843858408,0.9985537108280353,0.9988430753525674
visualizing_soil,easting,8641.0,0.4104,0.798,-0.003,1.56,0.7315,0.7097,0.4277,0.2033,-1.0921,0.3538,0.7216,0.0009,0.3498,0.0127,0.2444,0.017,0.3893,8.2137,0.0,DecisionTree,0.999903583372388,0.999903583372388,0.999903583372388,0.999903583372388,0.999903583372388,0.999903583372388,0.999903583372388,0.999903583372388,0.999903583372388
visualizing_soil,easting,8641.0,0.4104,0.798,-0.003,1.56,0.7315,0.7097,0.4277,0.2033,-1.0921,0.3538,0.7216,0.0009,0.3498,0.0127,0.2444,0.017,0.3893,8.2137,0.0,LogisticRegression,0.9970102292157298,0.9985535511260597,0.9985535675733148,0.9979750494810324,0.9981679110975206,0.997396131016798,0.997396167939225,0.9977820158795125,0.997878586197142
visualizing_soil,easting,8641.0,0.4104,0.798,-0.003,1.56,0.7315,0.7097,0.4277,0.2033,-1.0921,0.3538,0.7216,0.0009,0.3498,0.0127,0.2444,0.017,0.3893,8.2137,0.0,KNN,0.9924788222314189,0.9930565909913344,0.9940205689498214,0.9925747903200184,0.992671419439824,0.9924787964657413,0.9924789794550744,0.9906466367494,0.9930567919314309
visualizing_soil,easting,8641.0,0.4104,0.798,-0.003,1.56,0.7315,0.7097,0.4277,0.2033,-1.0921,0.3538,0.7216,0.0009,0.3498,0.0127,0.2444,0.017,0.3893,8.2137,0.0,RandomForest,1.0,1.0,1.0,1.0,1.0,1.0,1.0,1.0,0.999903583372388
visualizing_soil,easting,8641.0,0.4104,0.798,-0.003,1.56,0.7315,0.7097,0.4277,0.2033,-1.0921,0.3538,0.7216,0.0009,0.3498,0.0127,0.2444,0.017,0.3893,8.2137,0.0,AdaBoost,0.999903583372388,0.999903583372388,0.999903583372388,0.999903583372388,0.999903583372388,0.999903583372388,0.999903583372388,0.999903583372388,0.999903583372388
visualizing_soil,easting,8641.0,0.4104,0.798,-0.003,1.56,0.7315,0.7097,0.4277,0.2033,-1.0921,0.3538,0.7216,0.0009,0.3498,0.0127,0.2444,0.017,0.3893,8.2137,0.0,SVC,0.9980714852739914,0.9981681448056597,0.9993250816640904,0.9982646219214357,0.9981682090952433,0.9971078988313526,0.9972042847646129,0.9974931500709144,0.9982646323581593
visualizing_soil,easting,8641.0,0.3509,0.7811,-0.004,1.56,0.7419,0.7311,0.429,0.1891,-1.0858,0.3691,0.7467,0.0115,0.3674,0.0214,0.2538,0.0294,0.4038,8.2774,0.0,DecisionTree,0.999903583372388,0.999903583372388,0.999903583372388,0.999903583372388,0.999903583372388,0.999903583372388,0.999903583372388,0.999903583372388,0.999903583372388
visualizing_soil,easting,8641.0,0.3509,0.7811,-0.004,1.56,0.7419,0.7311,0.429,0.1891,-1.0858,0.3691,0.7467,0.0115,0.3674,0.0214,0.2538,0.0294,0.4038,8.2774,0.0,LogisticRegression,0.996624240006076,0.9987464411352394,0.9980713602963484,0.9983608179968295,0.9983607994929679,0.9970101242542359,0.9983608255549997,0.9973961808796667,0.9979749958071489
visualizing_soil,easting,8641.0,0.3509,0.7811,-0.004,1.56,0.7419,0.7311,0.429,0.1891,-1.0858,0.3691,0.7467,0.0115,0.3674,0.0214,0.2538,0.0294,0.4038,8.2774,0.0,KNN,0.9959508563472701,0.9951795714007486,0.9947938605339537,0.9939258333945159,0.9948901233062524,0.9958541084670169,0.9954686014650965,0.9932505746750153,0.995372149986682
visualizing_soil,easting,8641.0,0.3509,0.7811,-0.004,1.56,0.7419,0.7311,0.429,0.1891,-1.0858,0.3691,0.7467,0.0115,0.3674,0.0214,0.2538,0.0294,0.4038,8.2774,0.0,RandomForest,1.0,1.0,1.0,1.0,1.0,1.0,1.0,1.0,1.0
visualizing_soil,easting,8641.0,0.3509,0.7811,-0.004,1.56,0.7419,0.7311,0.429,0.1891,-1.0858,0.3691,0.7467,0.0115,0.3674,0.0214,0.2538,0.0294,0.4038,8.2774,0.0,AdaBoost,0.999903583372388,0.999903583372388,0.999903583372388,0.999903583372388,0.999903583372388,0.999903583372388,0.999903583372388,0.999903583372388,0.999903583372388
visualizing_soil,easting,8641.0,0.3509,0.7811,-0.004,1.56,0.7419,0.7311,0.429,0.1891,-1.0858,0.3691,0.7467,0.0115,0.3674,0.0214,0.2538,0.0294,0.4038,8.2774,0.0,SVC,0.9992286940531919,0.9989394638156612,0.9994214757464606,0.9990359296047822,0.9990359224291049,0.998843126604543,0.9989395439392483,0.9983608328809752,0.9991323002917752
visualizing_soil,easting,8641.0,0.295,0.7594,-0.004,1.56,0.7354,0.7208,0.4291,0.1953,-1.0901,0.3612,0.7315,0.0201,0.3553,0.0257,0.2475,0.0366,0.3964,8.3292,0.0,DecisionTree,0.999903583372388,0.999903583372388,0.999903583372388,0.999903583372388,0.999903583372388,0.999903583372388,0.999903583372388,0.999903583372388,0.999903583372388
visualizing_soil,easting,8641.0,0.295,0.7594,-0.004,1.56,0.7354,0.7208,0.4291,0.1953,-1.0901,0.3612,0.7315,0.0201,0.3553,0.0257,0.2475,0.0366,0.3964,8.3292,0.0,LogisticRegression,0.9971065608258775,0.9986499660554401,0.9989393152190286,0.9987464228377767,0.9987464085670146,0.9972995823639044,0.9976859463834185,0.9968174589335775,0.9983606196770747
visualizing_soil,easting,8641.0,0.295,0.7594,-0.004,1.56,0.7354,0.7208,0.4291,0.1953,-1.0901,0.3612,0.7315,0.0201,0.3553,0.0257,0.2475,0.0366,0.3964,8.3292,0.0,KNN,0.9942144054927688,0.994214041595146,0.9947938545699011,0.9924786974271177,0.9930571986386161,0.9942142810083544,0.9945999756856568,0.9910336994465294,0.9935391043623788
visualizing_soil,easting,8641.0,0.295,0.7594,-0.004,1.56,0.7354,0.7208,0.4291,0.1953,-1.0901,0.3612,0.7315,0.0201,0.3553,0.0257,0.2475,0.0366,0.3964,8.3292,0.0,RandomForest,1.0,1.0,1.0,1.0,1.0,1.0,0.999903583372388,0.9999035897568042,1.0
visualizing_soil,easting,8641.0,0.295,0.7594,-0.004,1.56,0.7354,0.7208,0.4291,0.1953,-1.0901,0.3612,0.7315,0.0201,0.3553,0.0257,0.2475,0.0366,0.3964,8.3292,0.0,AdaBoost,0.999903583372388,0.999903583372388,0.999903583372388,0.999903583372388,0.999903583372388,0.999903583372388,0.999903583372388,0.999903583372388,0.999903583372388
visualizing_soil,easting,8641.0,0.295,0.7594,-0.004,1.56,0.7354,0.7208,0.4291,0.1953,-1.0901,0.3612,0.7315,0.0201,0.3553,0.0257,0.2475,0.0366,0.3964,8.3292,0.0,SVC,0.9979750881219336,0.997685835902587,0.9989393152190286,0.997589593768031,0.9974931915567115,0.9970111422382842,0.9973965993579061,0.9970107571331567,0.9980715781996835
visualizing_soil,easting,8641.0,0.2471,0.7528,-0.003,1.56,0.7326,0.7173,0.4275,0.1957,-1.0815,0.358,0.7272,0.0176,0.3479,0.0247,0.2401,0.0345,0.3871,8.3815,0.0,DecisionTree,0.999903583372388,0.999903583372388,0.999903583372388,0.999903583372388,0.999903583372388,0.999903583372388,0.999903583372388,0.999903583372388,0.999903583372388
visualizing_soil,easting,8641.0,0.2471,0.7528,-0.003,1.56,0.7326,0.7173,0.4275,0.1957,-1.0815,0.358,0.7272,0.0176,0.3479,0.0247,0.2401,0.0345,0.3871,8.3815,0.0,LogisticRegression,0.997299789194366,0.9984571250617403,0.9989393140585123,0.9983608445180189,0.9979750634230593,0.9978787951165398,0.9986501971723354,0.997878517310046,0.9990358771322903
visualizing_soil,easting,8641.0,0.2471,0.7528,-0.003,1.56,0.7326,0.7173,0.4275,0.1957,-1.0815,0.358,0.7272,0.0176,0.3479,0.0247,0.2401,0.0345,0.3871,8.3815,0.0,KNN,0.9936358395697789,0.9939251504858188,0.9952752821518875,0.9931536822294782,0.994407538975125,0.9939251893605281,0.9935394522525723,0.9909349246358425,0.9937321000501005
visualizing_soil,easting,8641.0,0.2471,0.7528,-0.003,1.56,0.7326,0.7173,0.4275,0.1957,-1.0815,0.358,0.7272,0.0176,0.3479,0.0247,0.2401,0.0345,0.3871,8.3815,0.0,RandomForest,1.0,1.0,1.0,1.0,1.0,1.0,1.0,1.0,1.0
visualizing_soil,easting,8641.0,0.2471,0.7528,-0.003,1.56,0.7326,0.7173,0.4275,0.1957,-1.0815,0.358,0.7272,0.0176,0.3479,0.0247,0.2401,0.0345,0.3871,8.3815,0.0,AdaBoost,0.999903583372388,0.999903583372388,0.999903583372388,0.999903583372388,0.999903583372388,0.999903583372388,0.999903583372388,0.999903583372388,0.999903583372388
visualizing_soil,easting,8641.0,0.2471,0.7528,-0.003,1.56,0.7326,0.7173,0.4275,0.1957,-1.0815,0.358,0.7272,0.0176,0.3479,0.0247,0.2401,0.0345,0.3871,8.3815,0.0,SVC,0.9986500392435604,0.9987465162854983,0.9993250525070192,0.9995179095685224,0.9991322265714961,0.9989394563451457,0.9988430306480249,0.9979749822370465,0.9993250819004061
visualizing_soil,easting,8641.0,0.2012,0.746,-0.004,1.56,0.7393,0.7308,0.4302,0.1891,-1.0936,0.3686,0.7373,0.0138,0.3575,0.0225,0.2462,0.031,0.3965,8.4227,0.0,DecisionTree,0.999903583372388,0.999903583372388,0.999903583372388,0.999903583372388,0.999903583372388,0.999903583372388,0.999903583372388,0.999903583372388,0.999903583372388
visualizing_soil,easting,8641.0,0.2012,0.746,-0.004,1.56,0.7393,0.7308,0.4302,0.1891,-1.0936,0.3686,0.7373,0.0138,0.3575,0.0225,0.2462,0.031,0.3965,8.4227,0.0,LogisticRegression,0.9983606961636122,0.9988428727074541,0.9988428727074541,0.9984572548547642,0.9984572548547642,0.998650013210739,0.9979750189922406,0.9980713360109875,0.998553603437967
visualizing_soil,easting,8641.0,0.2012,0.746,-0.004,1.56,0.7393,0.7308,0.4302,0.1891,-1.0936,0.3686,0.7373,0.0138,0.3575,0.0225,0.2462,0.031,0.3965,8.4227,0.0,KNN,0.9947931019886037,0.9958537737621268,0.9946969436473897,0.9950823148506713,0.9946965030123189,0.9948894134179014,0.9949858856467388,0.9921895951563962,0.9946967038698322
visualizing_soil,easting,8641.0,0.2012,0.746,-0.004,1.56,0.7393,0.7308,0.4302,0.1891,-1.0936,0.3686,0.7373,0.0138,0.3575,0.0225,0.2462,0.031,0.3965,8.4227,0.0,RandomForest,1.0,1.0,1.0,1.0,1.0,1.0,1.0,1.0,1.0
visualizing_soil,easting,8641.0,0.2012,0.746,-0.004,1.56,0.7393,0.7308,0.4302,0.1891,-1.0936,0.3686,0.7373,0.0138,0.3575,0.0225,0.2462,0.031,0.3965,8.4227,0.0,AdaBoost,0.999903583372388,0.999903583372388,0.999903583372388,0.999903583372388,0.999903583372388,0.999903583372388,0.999903583372388,0.999903583372388,0.999903583372388
visualizing_soil,easting,8641.0,0.2012,0.746,-0.004,1.56,0.7393,0.7308,0.4302,0.1891,-1.0936,0.3686,0.7373,0.0138,0.3575,0.0225,0.2462,0.031,0.3965,8.4227,0.0,SVC,0.9989393575060466,0.999132243293919,0.999325049193047,0.9987465597730991,0.9987465910312285,0.9986501913271287,0.9987466077413976,0.9986500831099943,0.9986501990659591
visualizing_soil,easting,8641.0,0.156,0.7354,-0.004,1.554,0.7402,0.7344,0.4299,0.1788,-1.1102,0.3727,0.7447,0.008,0.3578,0.0182,0.2497,0.025,0.4006,8.4582,0.0,DecisionTree,0.999903583372388,0.999903583372388,0.999903583372388,0.999903583372388,0.999903583372388,0.999903583372388,0.999903583372388,0.999903583372388,0.999903583372388
visualizing_soil,easting,8641.0,0.156,0.7354,-0.004,1.554,0.7402,0.7344,0.4299,0.1788,-1.1102,0.3727,0.7447,0.008,0.3578,0.0182,0.2497,0.025,0.4006,8.4582,0.0,LogisticRegression,0.9982641733187846,0.9983607879279583,0.998650012266758,0.9986500134200691,0.9986500134200691,0.998553513789981,0.9983606982085734,0.9980713542523518,0.998457130824866
visualizing_soil,easting,8641.0,0.156,0.7354,-0.004,1.554,0.7402,0.7344,0.4299,0.1788,-1.1102,0.3727,0.7447,0.008,0.3578,0.0182,0.2497,0.025,0.4006,8.4582,0.0,KNN,0.9946010028638618,0.9948898545926701,0.9944080563216428,0.9948899904270601,0.9955650811097622,0.9949864467059204,0.9945042368934567,0.9929618992649605,0.9943115725970246
visualizing_soil,easting,8641.0,0.156,0.7354,-0.004,1.554,0.7402,0.7344,0.4299,0.1788,-1.1102,0.3727,0.7447,0.008,0.3578,0.0182,0.2497,0.025,0.4006,8.4582,0.0,RandomForest,1.0,1.0,1.0,1.0,1.0,1.0,1.0,1.0,1.0
visualizing_soil,easting,8641.0,0.156,0.7354,-0.004,1.554,0.7402,0.7344,0.4299,0.1788,-1.1102,0.3727,0.7447,0.008,0.3578,0.0182,0.2497,0.025,0.4006,8.4582,0.0,AdaBoost,0.999903583372388,0.999903583372388,0.999903583372388,0.999903583372388,0.999903583372388,0.999903583372388,0.999903583372388,0.999903583372388,0.999903583372388
visualizing_soil,easting,8641.0,0.156,0.7354,-0.004,1.554,0.7402,0.7344,0.4299,0.1788,-1.1102,0.3727,0.7447,0.008,0.3578,0.0182,0.2497,0.025,0.4006,8.4582,0.0,SVC,0.9987465862585992,0.9988430092120042,0.9996143096583999,0.9988430607221073,0.9987466594886034,0.99884307691237,0.998939499865775,0.9990357784758804,0.9988430607221073
visualizing_soil,easting,8641.0,0.0945,0.7228,-0.004,1.56,0.7397,0.7302,0.4291,0.1912,-1.0938,0.3681,0.7361,0.0078,0.3627,0.0188,0.2506,0.0253,0.4,8.5064,0.0,DecisionTree,0.999903583372388,0.999903583372388,0.999903583372388,0.999903583372388,0.999903583372388,0.999903583372388,0.999903583372388,0.999903583372388,0.999903583372388
visualizing_soil,easting,8641.0,0.0945,0.7228,-0.004,1.56,0.7397,0.7302,0.4291,0.1912,-1.0938,0.3681,0.7361,0.0078,0.3627,0.0188,0.2506,0.0253,0.4,8.5064,0.0,LogisticRegression,0.9984571256368378,0.9982644803563363,0.9988428727074541,0.9986500534865747,0.9986500534865747,0.998360805992258,0.9983607111137434,0.9983607217100182,0.9986500280397826
visualizing_soil,easting,8641.0,0.0945,0.7228,-0.004,1.56,0.7397,0.7302,0.4291,0.1912,-1.0938,0.3681,0.7361,0.0078,0.3627,0.0188,0.2506,0.0253,0.4,8.5064,0.0,KNN,0.994215075346478,0.9950827358150232,0.9953716885575282,0.9948897597836777,0.9954679777929546,0.994986219472769,0.9946968830616393,0.9937330340983406,0.9946970464696963
visualizing_soil,easting,8641.0,0.0945,0.7228,-0.004,1.56,0.7397,0.7302,0.4291,0.1912,-1.0938,0.3681,0.7361,0.0078,0.3627,0.0188,0.2506,0.0253,0.4,8.5064,0.0,RandomForest,1.0,1.0,1.0,1.0,1.0,1.0,1.0,1.0,1.0
visualizing_soil,easting,8641.0,0.0945,0.7228,-0.004,1.56,0.7397,0.7302,0.4291,0.1912,-1.0938,0.3681,0.7361,0.0078,0.3627,0.0188,0.2506,0.0253,0.4,8.5064,0.0,AdaBoost,0.999903583372388,0.999903583372388,0.999903583372388,0.999903583372388,0.999903583372388,0.999903583372388,0.999903583372388,0.999903583372388,0.999903583372388
visualizing_soil,easting,8641.0,0.0945,0.7228,-0.004,1.56,0.7397,0.7302,0.4291,0.1912,-1.0938,0.3681,0.7361,0.0078,0.3627,0.0188,0.2506,0.0253,0.4,8.5064,0.0,SVC,0.999517893030788,0.9994214699308079,0.9988428821426067,0.9993250441742458,0.9994214890736686,0.9994214990878791,0.9993250402704729,0.9989393281855964,0.9994214757464606
visualizing_soil,easting,8641.0,0.0494,0.7137,-0.004,1.56,0.7375,0.7253,0.4292,0.1897,-1.094,0.3642,0.7356,0.0094,0.3561,0.0192,0.2466,0.026,0.3954,8.5373,0.0,DecisionTree,0.999903583372388,0.999903583372388,0.999903583372388,0.999903583372388,0.999903583372388,0.999903583372388,0.999903583372388,0.999903583372388,0.999903583372388
visualizing_soil,easting,8641.0,0.0494,0.7137,-0.004,1.56,0.7375,0.7253,0.4292,0.1897,-1.094,0.3642,0.7356,0.0094,0.3561,0.0192,0.2466,0.026,0.3954,8.5373,0.0,LogisticRegression,0.9986499660554401,0.9986500137767632,0.9987464632897465,0.9987464228377767,0.9987464228377767,0.998457146861183,0.998167884272247,0.9984570512492894,0.9987464228377767
visualizing_soil,easting,8641.0,0.0494,0.7137,-0.004,1.56,0.7375,0.7253,0.4292,0.1897,-1.094,0.3642,0.7356,0.0094,0.3561,0.0192,0.2466,0.026,0.3954,8.5373,0.0,KNN,0.9940223784202297,0.9946971605359777,0.9959506374408307,0.9944081330117664,0.9943114348932339,0.9941186357075686,0.9948899172371657,0.9944082703145193,0.9946971259506161
visualizing_soil,easting,8641.0,0.0494,0.7137,-0.004,1.56,0.7375,0.7253,0.4292,0.1897,-1.094,0.3642,0.7356,0.0094,0.3561,0.0192,0.2466,0.026,0.3954,8.5373,0.0,RandomForest,1.0,1.0,1.0,1.0,1.0,1.0,1.0,1.0,1.0
visualizing_soil,easting,8641.0,0.0494,0.7137,-0.004,1.56,0.7375,0.7253,0.4292,0.1897,-1.094,0.3642,0.7356,0.0094,0.3561,0.0192,0.2466,0.026,0.3954,8.5373,0.0,AdaBoost,0.999903583372388,0.999903583372388,0.999903583372388,0.999903583372388,0.999903583372388,0.999903583372388,0.999903583372388,0.999903583372388,0.999903583372388
visualizing_soil,easting,8641.0,0.0494,0.7137,-0.004,1.56,0.7375,0.7253,0.4292,0.1897,-1.094,0.3642,0.7356,0.0094,0.3561,0.0192,0.2466,0.026,0.3954,8.5373,0.0,SVC,0.9989393281855964,0.99884289454188,0.9991321991897335,0.998746509795851,0.9987465461282556,0.9988429926580675,0.9994214814226519,0.9989393623317175,0.9986501359730118
visualizing_soil,resistivity,8641.0,0.5014,0.8055,0.89,166.01,51.1739,48.01,29.0132,0.5531,-0.0118,19.865,42.43,0.0159,0.3464,0.0069,0.2413,0.0021,0.385,8.0793,0.0,DecisionTree,0.999903583372388,0.999903583372388,0.999903583372388,0.999903583372388,0.999903583372388,0.999903583372388,0.999903583372388,0.999903583372388,0.999903583372388
visualizing_soil,resistivity,8641.0,0.5014,0.8055,0.89,166.01,51.1739,48.01,29.0132,0.5531,-0.0118,19.865,42.43,0.0159,0.3464,0.0069,0.2413,0.0021,0.385,8.0793,0.0,LogisticRegression,0.9985535623970806,0.998650012266758,0.9985535623970806,0.9992285995206895,0.9991321825109278,0.9986500134200691,0.9986500134200691,0.9985535623970806,0.9986500134200691
visualizing_soil,resistivity,8641.0,0.5014,0.8055,0.89,166.01,51.1739,48.01,29.0132,0.5531,-0.0118,19.865,42.43,0.0159,0.3464,0.0069,0.2413,0.0021,0.385,8.0793,0.0,KNN,0.9945038429751527,0.9947930121687208,0.9957576716785859,0.9953721438873554,0.9950822327414974,0.9942148918385226,0.9947933435608534,0.9907422004972608,0.9946000734296319
visualizing_soil,resistivity,8641.0,0.5014,0.8055,0.89,166.01,51.1739,48.01,29.0132,0.5531,-0.0118,19.865,42.43,0.0159,0.3464,0.0069,0.2413,0.0021,0.385,8.0793,0.0,RandomForest,1.0,0.9999035897568042,1.0,1.0,1.0,1.0,1.0,1.0,1.0
visualizing_soil,resistivity,8641.0,0.5014,0.8055,0.89,166.01,51.1739,48.01,29.0132,0.5531,-0.0118,19.865,42.43,0.0159,0.3464,0.0069,0.2413,0.0021,0.385,8.0793,0.0,AdaBoost,0.999903583372388,0.999903583372388,0.999903583372388,0.999903583372388,0.999903583372388,0.999903583372388,0.999903583372388,0.999903583372388,0.999903583372388
visualizing_soil,resistivity,8641.0,0.5014,0.8055,0.89,166.01,51.1739,48.01,29.0132,0.5531,-0.0118,19.865,42.43,0.0159,0.3464,0.0069,0.2413,0.0021,0.385,8.0793,0.0,SVC,0.9990356868422167,0.9988428736372246,0.9994214659037644,0.9990357468354628,0.9994214460781428,0.9992285719551742,0.9993249950551543,0.9987464439768895,0.9991321123314386
visualizing_soil,resistivity,8641.0,0.4611,0.7926,0.89,165.63,50.3726,47.17,28.575,0.5614,-0.0207,19.14,40.83,0.0386,0.364,0.0096,0.2522,0.0255,0.4061,8.1369,0.0,DecisionTree,0.999903583372388,0.999903583372388,0.999903583372388,0.999903583372388,0.999903583372388,0.999903583372388,0.999903583372388,0.999903583372388,0.999903583372388
visualizing_soil,resistivity,8641.0,0.4611,0.7926,0.89,165.63,50.3726,47.17,28.575,0.5614,-0.0207,19.14,40.83,0.0386,0.364,0.0096,0.2522,0.0255,0.4061,8.1369,0.0,LogisticRegression,0.9985535623970806,0.9983607442112529,0.9987464228377767,0.9993250169444783,0.9992285995206895,0.9985535623970806,0.9985535623970806,0.9984571056147441,0.998650012266758
visualizing_soil,resistivity,8641.0,0.4611,0.7926,0.89,165.63,50.3726,47.17,28.575,0.5614,-0.0207,19.14,40.83,0.0386,0.364,0.0096,0.2522,0.0255,0.4061,8.1369,0.0,KNN,0.994889267969098,0.9955642809801518,0.9961429574450944,0.995660977264052,0.9962393728897689,0.9941177505692418,0.9945997547011753,0.9926713307324264,0.994503401086675
visualizing_soil,resistivity,8641.0,0.4611,0.7926,0.89,165.63,50.3726,47.17,28.575,0.5614,-0.0207,19.14,40.83,0.0386,0.364,0.0096,0.2522,0.0255,0.4061,8.1369,0.0,RandomForest,1.0,1.0,1.0,1.0,1.0,1.0,1.0,1.0,1.0
visualizing_soil,resistivity,8641.0,0.4611,0.7926,0.89,165.63,50.3726,47.17,28.575,0.5614,-0.0207,19.14,40.83,0.0386,0.364,0.0096,0.2522,0.0255,0.4061,8.1369,0.0,AdaBoost,0.999903583372388,0.999903583372388,0.999903583372388,0.999903583372388,0.999903583372388,0.999903583372388,0.999903583372388,0.999903583372388,0.999903583372388
visualizing_soil,resistivity,8641.0,0.4611,0.7926,0.89,165.63,50.3726,47.17,28.575,0.5614,-0.0207,19.14,40.83,0.0386,0.364,0.0096,0.2522,0.0255,0.4061,8.1369,0.0,SVC,0.999614339107103,0.9993250498504371,0.9988429038677361,0.9991321991897335,0.999325049193047,0.999421481689992,0.9992286382735036,0.9993250480462756,0.9994214828367634
visualizing_soil,resistivity,8641.0,0.4057,0.7688,0.92,166.01,50.6875,47.44,28.9732,0.5881,0.0718,19.3,41.07,0.0089,0.3555,0.0096,0.249,0.0033,0.3998,8.1955,0.0,DecisionTree,0.999903583372388,0.999903583372388,0.999903583372388,0.999903583372388,0.999903583372388,0.999903583372388,0.999903583372388,0.999903583372388,0.999903583372388
visualizing_soil,resistivity,8641.0,0.4057,0.7688,0.92,166.01,50.6875,47.44,28.9732,0.5881,0.0718,19.3,41.07,0.0089,0.3555,0.0096,0.249,0.0033,0.3998,8.1955,0.0,LogisticRegression,0.9984571056147441,0.9988428727074541,0.9986500134200691,0.9992285995206895,0.9990357399993534,0.9984571056147441,0.9984571056147441,0.9985535150324516,0.9986500134200691
visualizing_soil,resistivity,8641.0,0.4057,0.7688,0.92,166.01,50.6875,47.44,28.9732,0.5881,0.0718,19.3,41.07,0.0089,0.3555,0.0096,0.249,0.0033,0.3998,8.1955,0.0,KNN,0.9949860066506119,0.9948896640344334,0.9955644926733073,0.9953720505627033,0.9960472411053123,0.9950824865781084,0.9949860110015506,0.9932500902604466,0.9950819150102524
visualizing_soil,resistivity,8641.0,0.4057,0.7688,0.92,166.01,50.6875,47.44,28.9732,0.5881,0.0718,19.3,41.07,0.0089,0.3555,0.0096,0.249,0.0033,0.3998,8.1955,0.0,RandomForest,1.0,0.9999035897568042,1.0,1.0,1.0,1.0,1.0,1.0,1.0
visualizing_soil,resistivity,8641.0,0.4057,0.7688,0.92,166.01,50.6875,47.44,28.9732,0.5881,0.0718,19.3,41.07,0.0089,0.3555,0.0096,0.249,0.0033,0.3998,8.1955,0.0,AdaBoost,0.999903583372388,0.999903583372388,0.999903583372388,0.999903583372388,0.999903583372388,0.999903583372388,0.999903583372388,0.999903583372388,0.999903583372388
visualizing_soil,resistivity,8641.0,0.4057,0.7688,0.92,166.01,50.6875,47.44,28.9732,0.5881,0.0718,19.3,41.07,0.0089,0.3555,0.0096,0.249,0.0033,0.3998,8.1955,0.0,SVC,0.9993250362434292,0.999325052909088,0.9992286274198661,0.9993250358294021,0.9991321933304185,0.9994214825694232,0.999325052909088,0.9992286188196404,0.9992286119966779
visualizing_soil,resistivity,8641.0,0.3535,0.7603,0.89,166.01,50.9155,47.74,28.9327,0.5717,-0.018,19.52,41.275,0.0243,0.3545,0.0038,0.2444,0.015,0.3933,8.2637,0.0,DecisionTree,0.999903583372388,0.999903583372388,0.999903583372388,0.999903583372388,0.999903583372388,0.999903583372388,0.999903583372388,0.999903583372388,0.999903583372388
visualizing_soil,resistivity,8641.0,0.3535,0.7603,0.89,166.01,50.9155,47.74,28.9327,0.5717,-0.018,19.52,41.275,0.0243,0.3545,0.0038,0.2444,0.015,0.3933,8.2637,0.0,LogisticRegression,0.9989393157526021,0.9988428875364977,0.9990357582641766,0.9991321825109278,0.9989393157526021,0.9989393157526021,0.9987464216844656,0.9988428875364977,0.9989393157526021
visualizing_soil,resistivity,8641.0,0.3535,0.7603,0.89,166.01,50.9155,47.74,28.9327,0.5717,-0.018,19.52,41.275,0.0243,0.3545,0.0038,0.2444,0.015,0.3933,8.2637,0.0,KNN,0.994503616569397,0.9952748826589914,0.9947933207818664,0.9954680805228698,0.99585390193039,0.9944073604544876,0.9947931739013385,0.9922857448078493,0.9951789236036278
visualizing_soil,resistivity,8641.0,0.3535,0.7603,0.89,166.01,50.9155,47.74,28.9327,0.5717,-0.018,19.52,41.275,0.0243,0.3545,0.0038,0.2444,0.015,0.3933,8.2637,0.0,RandomForest,1.0,1.0,1.0,1.0,1.0,1.0,0.9999035897568042,1.0,1.0
visualizing_soil,resistivity,8641.0,0.3535,0.7603,0.89,166.01,50.9155,47.74,28.9327,0.5717,-0.018,19.52,41.275,0.0243,0.3545,0.0038,0.2444,0.015,0.3933,8.2637,0.0,AdaBoost,0.999903583372388,0.999903583372388,0.999903583372388,0.999903583372388,0.999903583372388,0.999903583372388,0.999903583372388,0.999903583372388,0.999903583372388
visualizing_soil,resistivity,8641.0,0.3535,0.7603,0.89,166.01,50.9155,47.74,28.9327,0.5717,-0.018,19.52,41.275,0.0243,0.3545,0.0038,0.2444,0.015,0.3933,8.2637,0.0,SVC,0.9996143386358696,0.999132188200266,0.9994214825694232,0.9992286243612152,0.9996143222970151,0.9998071654773659,0.9998071663626265,0.9989392775640441,0.999228634019002
visualizing_soil,resistivity,8641.0,0.292,0.738,0.89,166.01,51.1943,48.155,29.0522,0.5553,-0.0479,19.865,42.14,0.017,0.3591,0.0023,0.2468,0.0053,0.3961,8.3179,0.0,DecisionTree,0.999903583372388,0.999903583372388,0.999903583372388,0.999903583372388,0.999903583372388,0.999903583372388,0.999903583372388,0.999903583372388,0.999903583372388
visualizing_soil,resistivity,8641.0,0.292,0.738,0.89,166.01,51.1943,48.155,29.0522,0.5553,-0.0479,19.865,42.14,0.017,0.3591,0.0023,0.2468,0.0053,0.3961,8.3179,0.0,LogisticRegression,0.9986499660554401,0.998939348846469,0.9988428727074541,0.9991321825109278,0.9990357582641766,0.9986499660554401,0.9984571056109665,0.998939348846469,0.9987464228377767
visualizing_soil,resistivity,8641.0,0.292,0.738,0.89,166.01,51.1943,48.155,29.0522,0.5553,-0.0479,19.865,42.14,0.017,0.3591,0.0023,0.2468,0.0053,0.3961,8.3179,0.0,KNN,0.9946964441782123,0.9949855568701155,0.9957571424870311,0.9952748501051724,0.9952745308642912,0.9944066693763145,0.9947927124140536,0.9936360146210327,0.994985674649262
visualizing_soil,resistivity,8641.0,0.292,0.738,0.89,166.01,51.1943,48.155,29.0522,0.5553,-0.0479,19.865,42.14,0.017,0.3591,0.0023,0.2468,0.0053,0.3961,8.3179,0.0,RandomForest,1.0,1.0,1.0,1.0,1.0,1.0,0.9999035897568042,1.0,1.0
visualizing_soil,resistivity,8641.0,0.292,0.738,0.89,166.01,51.1943,48.155,29.0522,0.5553,-0.0479,19.865,42.14,0.017,0.3591,0.0023,0.2468,0.0053,0.3961,8.3179,0.0,AdaBoost,0.999903583372388,0.999903583372388,0.999903583372388,0.999903583372388,0.999903583372388,0.999903583372388,0.999903583372388,0.999903583372388,0.999903583372388
visualizing_soil,resistivity,8641.0,0.292,0.738,0.89,166.01,51.1943,48.155,29.0522,0.5553,-0.0479,19.865,42.14,0.017,0.3591,0.0023,0.2468,0.0053,0.3961,8.3179,0.0,SVC,0.9989394005050515,0.9982643080512729,0.9991321853750241,0.9991321907174988,0.9991321902717676,0.999132257547904,0.9989394005050515,0.9982642867242172,0.9989393979692345
visualizing_soil,resistivity,8641.0,0.2524,0.7229,0.89,166.01,51.0525,47.82,28.9313,0.5788,0.015,19.4,41.2675,0.0192,0.3484,0.0043,0.2418,0.0037,0.388,8.3477,0.0,DecisionTree,0.999903583372388,0.999903583372388,0.999903583372388,0.999903583372388,0.999903583372388,0.999903583372388,0.999903583372388,0.999903583372388,0.999903583372388
visualizing_soil,resistivity,8641.0,0.2524,0.7229,0.89,166.01,51.0525,47.82,28.9313,0.5788,0.015,19.4,41.2675,0.0192,0.3484,0.0043,0.2418,0.0037,0.388,8.3477,0.0,LogisticRegression,0.9989392969542054,0.9985535623970806,0.9989393157526021,0.9990357399993534,0.9990357399993534,0.9989392969542054,0.9989392969542054,0.998650012266758,0.9989392969542054
visualizing_soil,resistivity,8641.0,0.2524,0.7229,0.89,166.01,51.0525,47.82,28.9313,0.5788,0.015,19.4,41.2675,0.0192,0.3484,0.0043,0.2418,0.0037,0.388,8.3477,0.0,KNN,0.9956607731101262,0.9954682303206065,0.9956605946125132,0.9944076341033553,0.996046357970547,0.9953716108041086,0.9955645838931013,0.9935393112623905,0.9953714571127203
visualizing_soil,resistivity,8641.0,0.2524,0.7229,0.89,166.01,51.0525,47.82,28.9313,0.5788,0.015,19.4,41.2675,0.0192,0.3484,0.0043,0.2418,0.0037,0.388,8.3477,0.0,RandomForest,1.0,1.0,1.0,1.0,1.0,1.0,1.0,1.0,1.0
visualizing_soil,resistivity,8641.0,0.2524,0.7229,0.89,166.01,51.0525,47.82,28.9313,0.5788,0.015,19.4,41.2675,0.0192,0.3484,0.0043,0.2418,0.0037,0.388,8.3477,0.0,AdaBoost,0.999903583372388,0.999903583372388,0.999903583372388,0.999903583372388,0.999903583372388,0.999903583372388,0.999903583372388,0.999903583372388,0.999903583372388
visualizing_soil,resistivity,8641.0,0.2524,0.7229,0.89,166.01,51.0525,47.82,28.9313,0.5788,0.015,19.4,41.2675,0.0192,0.3484,0.0043,0.2418,0.0037,0.388,8.3477,0.0,SVC,0.9994214840792339,0.9987464803389781,0.9992286100847982,0.9991321987440023,0.9995179056694032,0.9994214635462266,0.9992286063567989,0.9992286046491483,0.9991322012612351
visualizing_soil,resistivity,8641.0,0.2075,0.7128,0.92,166.01,50.6857,47.645,28.7395,0.5842,0.0582,19.28,40.7725,0.019,0.3583,0.0038,0.2493,0.0044,0.3991,8.3875,0.0,DecisionTree,0.999903583372388,0.999903583372388,0.999903583372388,0.999903583372388,0.999903583372388,0.999903583372388,0.999903583372388,0.999903583372388,0.999903583372388
visualizing_soil,resistivity,8641.0,0.2075,0.7128,0.92,166.01,50.6857,47.645,28.7395,0.5842,0.0582,19.28,40.7725,0.019,0.3583,0.0038,0.2493,0.0044,0.3991,8.3875,0.0,LogisticRegression,0.9985535623970806,0.9988429063348945,0.9988428727074541,0.9989393157526021,0.9989393157526021,0.9987464216844656,0.9986499718147882,0.9988429063348945,0.9989393157526021
visualizing_soil,resistivity,8641.0,0.2075,0.7128,0.92,166.01,50.6857,47.645,28.7395,0.5842,0.0582,19.28,40.7725,0.019,0.3583,0.0038,0.2493,0.0044,0.3991,8.3875,0.0,KNN,0.995371591224411,0.9957577265952412,0.9960465398855205,0.9958540390687152,0.9958536663395676,0.9950824958683906,0.9947932659291688,0.9941183856722835,0.9954682355518163
visualizing_soil,resistivity,8641.0,0.2075,0.7128,0.92,166.01,50.6857,47.645,28.7395,0.5842,0.0582,19.28,40.7725,0.019,0.3583,0.0038,0.2493,0.0044,0.3991,8.3875,0.0,RandomForest,1.0,1.0,1.0,1.0,1.0,1.0,1.0,1.0,1.0
visualizing_soil,resistivity,8641.0,0.2075,0.7128,0.92,166.01,50.6857,47.645,28.7395,0.5842,0.0582,19.28,40.7725,0.019,0.3583,0.0038,0.2493,0.0044,0.3991,8.3875,0.0,AdaBoost,0.999903583372388,0.999903583372388,0.999903583372388,0.999903583372388,0.999903583372388,0.999903583372388,0.999903583372388,0.999903583372388,0.999903583372388
visualizing_soil,resistivity,8641.0,0.2075,0.7128,0.92,166.01,50.6857,47.645,28.7395,0.5842,0.0582,19.28,40.7725,0.019,0.3583,0.0038,0.2493,0.0044,0.3991,8.3875,0.0,SVC,0.9991322140779804,0.9992286222897135,0.9991321945728892,0.9994214801801813,0.9994214825694232,0.99913221859508,0.999228648167428,0.9990357911059913,0.9996143314259653
visualizing_soil,resistivity,8641.0,0.1508,0.7018,0.89,166.01,50.8817,47.74,28.8773,0.5716,0.0188,19.42,41.365,0.0191,0.3604,0.0038,0.2501,0.0049,0.3998,8.4373,0.0,DecisionTree,0.999903583372388,0.999903583372388,0.999903583372388,0.999903583372388,0.999903583372388,0.999903583372388,0.999903583372388,0.999903583372388,0.999903583372388
visualizing_soil,resistivity,8641.0,0.1508,0.7018,0.89,166.01,50.8817,47.74,28.8773,0.5716,0.0188,19.42,41.365,0.0191,0.3604,0.0038,0.2501,0.0049,0.3998,8.4373,0.0,LogisticRegression,0.9986500134200691,0.9985535623970806,0.9987464228377767,0.9990357399993534,0.9990357399993534,0.9987464632897465,0.998650012266758,0.9985535623970806,0.9988428727074541
visualizing_soil,resistivity,8641.0,0.1508,0.7018,0.89,166.01,50.8817,47.74,28.8773,0.5716,0.0188,19.42,41.365,0.0191,0.3604,0.0038,0.2501,0.0049,0.3998,8.4373,0.0,KNN,0.9946966620804902,0.9954678973115565,0.9956611917187342,0.9958539234337753,0.9960467056877648,0.9949857698199367,0.9948893734258748,0.994310800906111,0.9946962805061803
visualizing_soil,resistivity,8641.0,0.1508,0.7018,0.89,166.01,50.8817,47.74,28.8773,0.5716,0.0188,19.42,41.365,0.0191,0.3604,0.0038,0.2501,0.0049,0.3998,8.4373,0.0,RandomForest,1.0,1.0,1.0,1.0,1.0,1.0,1.0,1.0,1.0
visualizing_soil,resistivity,8641.0,0.1508,0.7018,0.89,166.01,50.8817,47.74,28.8773,0.5716,0.0188,19.42,41.365,0.0191,0.3604,0.0038,0.2501,0.0049,0.3998,8.4373,0.0,AdaBoost,0.999903583372388,0.999903583372388,0.999903583372388,0.999903583372388,0.999903583372388,0.999903583372388,0.999903583372388,0.999903583372388,0.999903583372388
visualizing_soil,resistivity,8641.0,0.1508,0.7018,0.89,166.01,50.8817,47.74,28.8773,0.5716,0.0188,19.42,41.365,0.0191,0.3604,0.0038,0.2501,0.0049,0.3998,8.4373,0.0,SVC,0.999325052909088,0.9993250642287568,0.9992286188196404,0.999614322679165,0.9995178995791849,0.9995179015030227,0.9995179015030227,0.9993250570802013,0.9995178885897172
visualizing_soil,resistivity,8641.0,0.0973,0.6838,0.89,166.01,50.7975,47.8,28.6925,0.5572,-0.0036,19.395,41.1025,0.0104,0.3571,0.0095,0.2463,0.0041,0.3942,8.4677,0.0,DecisionTree,0.999903583372388,0.999903583372388,0.999903583372388,0.999903583372388,0.999903583372388,0.999903583372388,0.999903583372388,0.999903583372388,0.999903583372388
visualizing_soil,resistivity,8641.0,0.0973,0.6838,0.89,166.01,50.7975,47.8,28.6925,0.5572,-0.0036,19.395,41.1025,0.0104,0.3571,0.0095,0.2463,0.0041,0.3942,8.4677,0.0,LogisticRegression,0.9986500134200691,0.9986500134200691,0.9987464228377767,0.9987464228377767,0.9987464228377767,0.9986500134200691,0.9986500134200691,0.9986500134200691,0.9987464228377767
visualizing_soil,resistivity,8641.0,0.0973,0.6838,0.89,166.01,50.7975,47.8,28.6925,0.5572,-0.0036,19.395,41.1025,0.0104,0.3571,0.0095,0.2463,0.0041,0.3942,8.4677,0.0,KNN,0.9956614260244016,0.9952756315644844,0.9960468481052722,0.9960468998842454,0.9958542494299882,0.9960470410598039,0.9956613852372785,0.9946970007122511,0.9955647057932953
visualizing_soil,resistivity,8641.0,0.0973,0.6838,0.89,166.01,50.7975,47.8,28.6925,0.5572,-0.0036,19.395,41.1025,0.0104,0.3571,0.0095,0.2463,0.0041,0.3942,8.4677,0.0,RandomForest,1.0,1.0,1.0,1.0,1.0,1.0,1.0,1.0,1.0
visualizing_soil,resistivity,8641.0,0.0973,0.6838,0.89,166.01,50.7975,47.8,28.6925,0.5572,-0.0036,19.395,41.1025,0.0104,0.3571,0.0095,0.2463,0.0041,0.3942,8.4677,0.0,AdaBoost,0.999903583372388,0.999903583372388,0.999903583372388,0.999903583372388,0.999903583372388,0.999903583372388,0.999903583372388,0.999903583372388,0.999903583372388
visualizing_soil,resistivity,8641.0,0.0973,0.6838,0.89,166.01,50.7975,47.8,28.6925,0.5572,-0.0036,19.395,41.1025,0.0104,0.3571,0.0095,0.2463,0.0041,0.3942,8.4677,0.0,SVC,0.9992286242332242,0.9988428815029088,0.9992286242332242,0.9990357536748183,0.9989393281855964,0.9990357671717875,0.9994214814226519,0.99884289454188,0.9989393281855964
visualizing_soil,resistivity,8641.0,0.0531,0.6754,0.89,166.01,50.9141,47.8,28.8316,0.5641,-0.0049,19.485,41.4825,0.0161,0.3557,0.0051,0.2469,0.0022,0.3959,8.4988,0.0,DecisionTree,0.999903583372388,0.999903583372388,0.999903583372388,0.999903583372388,0.999903583372388,0.999903583372388,0.999903583372388,0.999903583372388,0.999903583372388
visualizing_soil,resistivity,8641.0,0.0531,0.6754,0.89,166.01,50.9141,47.8,28.8316,0.5641,-0.0049,19.485,41.4825,0.0161,0.3557,0.0051,0.2469,0.0022,0.3959,8.4988,0.0,LogisticRegression,0.9989393157526021,0.9989393157526021,0.9989393157526021,0.9989393157526021,0.9989393157526021,0.9988428727074541,0.9988428727074541,0.9989393157526021,0.9989393157526021
visualizing_soil,resistivity,8641.0,0.0531,0.6754,0.89,166.01,50.9141,47.8,28.8316,0.5641,-0.0049,19.485,41.4825,0.0161,0.3557,0.0051,0.2469,0.0022,0.3959,8.4988,0.0,KNN,0.9949861469894052,0.9949859671143989,0.9954681203351471,0.9959501078717148,0.9960466974942881,0.9954681415563048,0.9956608826993962,0.9946968211489471,0.9962396668102821
visualizing_soil,resistivity,8641.0,0.0531,0.6754,0.89,166.01,50.9141,47.8,28.8316,0.5641,-0.0049,19.485,41.4825,0.0161,0.3557,0.0051,0.2469,0.0022,0.3959,8.4988,0.0,RandomForest,1.0,1.0,1.0,1.0,1.0,1.0,1.0,1.0,1.0
visualizing_soil,resistivity,8641.0,0.0531,0.6754,0.89,166.01,50.9141,47.8,28.8316,0.5641,-0.0049,19.485,41.4825,0.0161,0.3557,0.0051,0.2469,0.0022,0.3959,8.4988,0.0,AdaBoost,0.999903583372388,0.999903583372388,0.999903583372388,0.999903583372388,0.999903583372388,0.999903583372388,0.999903583372388,0.999903583372388,0.999903583372388
visualizing_soil,resistivity,8641.0,0.0531,0.6754,0.89,166.01,50.9141,47.8,28.8316,0.5641,-0.0049,19.485,41.4825,0.0161,0.3557,0.0051,0.2469,0.0022,0.3959,8.4988,0.0,SVC,0.9990357853929024,0.9992286681035223,0.9992286242332242,0.9993250473332043,0.9992286242332242,0.9990357895640155,0.9993250721534692,0.9988430398296128,0.9991321945728892
