name,column_name,n_tuples,missing_perc,uniqueness,min,max,mean,median,std,skewness,kurtosis,mad,iqr,p_min,p_max,k_min,k_max,s_min,s_max,entropy,density,ml_algorithm,impute_standard,impute_mean,impute_median,impute_random,impute_knn,impute_mice,impute_linear_regression,impute_random_forest,impute_cmeans
mv,x4,40768.0,0.5022,0.9771,-7.4999,2.4996,-4.3983,-5.7221,3.0221,0.9758,-0.5837,1.0595,4.8809,0.008,0.7014,0.0072,0.5023,0.0108,0.6656,9.886,0.0,DecisionTree,0.9521459517064668,0.9465736673720173,0.9519639567819289,0.9521459517064668,0.9521459517064668,0.9519601195727445,0.952250222494303,0.9521500441136679,0.9521257257612978
mv,x4,40768.0,0.5022,0.9771,-7.4999,2.4996,-4.3983,-5.7221,3.0221,0.9758,-0.5837,1.0595,4.8809,0.008,0.7014,0.0072,0.5023,0.0108,0.6656,9.886,0.0,LogisticRegression,0.9492044863920183,0.9480393237289477,0.9494101699746046,0.9497957412745333,0.9498767130412861,0.9489571297449059,0.9496518318447517,0.9486349116665042,0.9496927932098901
mv,x4,40768.0,0.5022,0.9771,-7.4999,2.4996,-4.3983,-5.7221,3.0221,0.9758,-0.5837,1.0595,4.8809,0.008,0.7014,0.0072,0.5023,0.0108,0.6656,9.886,0.0,KNN,0.9495554792442378,0.9481066151650848,0.947946418303734,0.9486883936020329,0.9486010296899922,0.9494759025498145,0.9494591184599686,0.9488750495307268,0.949137266249242
mv,x4,40768.0,0.5022,0.9771,-7.4999,2.4996,-4.3983,-5.7221,3.0221,0.9758,-0.5837,1.0595,4.8809,0.008,0.7014,0.0072,0.5023,0.0108,0.6656,9.886,0.0,RandomForest,0.9525878551166316,0.9523675096887274,0.9520966810280899,0.9523339403096037,0.9522592993967668,0.952589283458578,0.9524124563992888,0.952771983224857,0.9525455114596283
mv,x4,40768.0,0.5022,0.9771,-7.4999,2.4996,-4.3983,-5.7221,3.0221,0.9758,-0.5837,1.0595,4.8809,0.008,0.7014,0.0072,0.5023,0.0108,0.6656,9.886,0.0,AdaBoost,0.9522319526311552,0.9494762354492368,0.9515531446328501,0.9526608224143314,0.951949357412188,0.9523518713879591,0.9524702718611571,0.9523065034716167,0.952256648089098
mv,x4,40768.0,0.5022,0.9771,-7.4999,2.4996,-4.3983,-5.7221,3.0221,0.9758,-0.5837,1.0595,4.8809,0.008,0.7014,0.0072,0.5023,0.0108,0.6656,9.886,0.0,SVC,0.9143970390330347,0.9060207593455574,0.9257562239123331,0.9264193555066876,0.9269243972086975,0.9176068104709735,0.9145026531777388,0.9129151524300172,0.9261917528516409
mv,x4,40768.0,0.4502,0.9762,-7.4995,2.4997,-4.4073,-5.7298,3.0134,0.9791,-0.5696,1.045,4.8738,0.0057,0.6997,0.0019,0.4986,0.0029,0.6612,9.984,0.0,DecisionTree,0.9531331964234286,0.9482448435199714,0.9532164726435947,0.9531540910249886,0.9531331964234286,0.9531331964234286,0.9529768678129416,0.953258605284106,0.9531129616664873
mv,x4,40768.0,0.4502,0.9762,-7.4995,2.4997,-4.4073,-5.7298,3.0134,0.9791,-0.5696,1.045,4.8738,0.0057,0.6997,0.0019,0.4986,0.0029,0.6612,9.984,0.0,LogisticRegression,0.9511988466899306,0.9487616719793797,0.9509501022819673,0.9513184300742603,0.9513808532264414,0.9505650059233282,0.9515253626270315,0.9506490180134017,0.951382081852459
mv,x4,40768.0,0.4502,0.9762,-7.4995,2.4997,-4.4073,-5.7298,3.0134,0.9791,-0.5696,1.045,4.8738,0.0057,0.6997,0.0019,0.4986,0.0029,0.6612,9.984,0.0,KNN,0.9515928604861386,0.949715710010593,0.9504400242705919,0.9508948955166173,0.9507703867457274,0.9512310359831762,0.9515536596209726,0.9504716775063289,0.9508050798788862
mv,x4,40768.0,0.4502,0.9762,-7.4995,2.4997,-4.4073,-5.7298,3.0134,0.9791,-0.5696,1.045,4.8738,0.0057,0.6997,0.0019,0.4986,0.0029,0.6612,9.984,0.0,RandomForest,0.9535084151477339,0.9529327511744995,0.9540976645100017,0.953937465452944,0.9536260844214833,0.952844365285899,0.9544060974479003,0.9540716675450929,0.9532403749984908
mv,x4,40768.0,0.4502,0.9762,-7.4995,2.4997,-4.4073,-5.7298,3.0134,0.9791,-0.5696,1.045,4.8738,0.0057,0.6997,0.0019,0.4986,0.0029,0.6612,9.984,0.0,AdaBoost,0.9541061338254924,0.9502074181385604,0.9526549866303666,0.9533526918269734,0.9535147814367724,0.9536808523903729,0.9538286301428119,0.9535795426314749,0.9532856722291794
mv,x4,40768.0,0.4502,0.9762,-7.4995,2.4997,-4.4073,-5.7298,3.0134,0.9791,-0.5696,1.045,4.8738,0.0057,0.6997,0.0019,0.4986,0.0029,0.6612,9.984,0.0,SVC,0.91452965831401,0.9069120259428685,0.9246136627932812,0.9251616940587751,0.9254492853116347,0.9179045871456541,0.915209254255344,0.9125379610572397,0.9251355108910457
mv,x4,40768.0,0.3991,0.9735,-7.4999,2.4986,-4.3973,-5.7285,3.0237,0.9741,-0.5874,1.0528,4.8883,0.0032,0.7022,0.0026,0.5014,0.0039,0.665,10.0691,0.0,DecisionTree,0.9532371957628789,0.9489290032719289,0.9532614466772302,0.9532169601504473,0.9531967447770046,0.9532371957628789,0.952757721065129,0.9534650374695373,0.9532371957628789
mv,x4,40768.0,0.3991,0.9735,-7.4999,2.4986,-4.3973,-5.7285,3.0237,0.9741,-0.5874,1.0528,4.8883,0.0032,0.7022,0.0026,0.5014,0.0039,0.665,10.0691,0.0,LogisticRegression,0.9507754503967858,0.949329719392713,0.9509390563880809,0.950731985610416,0.9508762637670481,0.950409797500753,0.9507586445232611,0.9501477314703025,0.9508568873447214
mv,x4,40768.0,0.3991,0.9735,-7.4999,2.4986,-4.3973,-5.7285,3.0237,0.9741,-0.5874,1.0528,4.8883,0.0032,0.7022,0.0026,0.5014,0.0039,0.665,10.0691,0.0,KNN,0.9512071359414566,0.9490674612831591,0.9506271605387913,0.9509950974382261,0.9514452974147646,0.9510868810533143,0.9514912108237727,0.9504405419015902,0.9508110854729684
mv,x4,40768.0,0.3991,0.9735,-7.4999,2.4986,-4.3973,-5.7285,3.0237,0.9741,-0.5874,1.0528,4.8883,0.0032,0.7022,0.0026,0.5014,0.0039,0.665,10.0691,0.0,RandomForest,0.9544191389590769,0.9529846393213528,0.9539301866643841,0.9539571954490775,0.9542863523418359,0.9535328364513229,0.9539841323530063,0.9547247989660512,0.9538989972605368
mv,x4,40768.0,0.3991,0.9735,-7.4999,2.4986,-4.3973,-5.7285,3.0237,0.9741,-0.5874,1.0528,4.8883,0.0032,0.7022,0.0026,0.5014,0.0039,0.665,10.0691,0.0,AdaBoost,0.9534887498296922,0.9502641552375071,0.95290249654828,0.9532908679330843,0.9531959147289257,0.9533289523365265,0.9532863139608373,0.9531973237221631,0.9533449987100038
mv,x4,40768.0,0.3991,0.9735,-7.4999,2.4986,-4.3973,-5.7285,3.0237,0.9741,-0.5874,1.0528,4.8883,0.0032,0.7022,0.0026,0.5014,0.0039,0.665,10.0691,0.0,SVC,0.9169936349586628,0.9096708328249601,0.9237792437042154,0.924264174341118,0.9244946110255935,0.918171914886655,0.9171889645513999,0.9141447648756919,0.9242929518388956
mv,x4,40768.0,0.3518,0.9715,-7.4998,2.4997,-4.3762,-5.7219,3.0358,0.9614,-0.6174,1.0605,4.9122,0.0056,0.7024,0.0047,0.5014,0.007,0.6648,10.1422,0.0,DecisionTree,0.9538754699198883,0.9509079408067916,0.9533480963592618,0.9538754699198883,0.9538754699198883,0.9538336798681065,0.9530038578928611,0.9535982060650525,0.9537952758033302
mv,x4,40768.0,0.3518,0.9715,-7.4998,2.4997,-4.3762,-5.7219,3.0358,0.9614,-0.6174,1.0605,4.9122,0.0056,0.7024,0.0047,0.5014,0.007,0.6648,10.1422,0.0,LogisticRegression,0.950614253291758,0.9490578088329933,0.9508618745326483,0.9508584612504077,0.9508981127779184,0.9503271805659402,0.9507759063985665,0.9500031038342601,0.9509166929225078
mv,x4,40768.0,0.3518,0.9715,-7.4998,2.4997,-4.3762,-5.7219,3.0358,0.9614,-0.6174,1.0605,4.9122,0.0056,0.7024,0.0047,0.5014,0.007,0.6648,10.1422,0.0,KNN,0.9515385235984426,0.9497236468375729,0.9509843308555235,0.9501083900467124,0.9509409358400919,0.9514141656148514,0.9517030495872555,0.9512426932857626,0.950457094475842
mv,x4,40768.0,0.3518,0.9715,-7.4998,2.4997,-4.3762,-5.7219,3.0358,0.9614,-0.6174,1.0605,4.9122,0.0056,0.7024,0.0047,0.5014,0.007,0.6648,10.1422,0.0,RandomForest,0.9552227224471996,0.9549202713579568,0.9539742007526147,0.9543823523581739,0.9543917301775362,0.9552540481487493,0.9555052583868967,0.9551135584137855,0.9544510707650358
mv,x4,40768.0,0.3518,0.9715,-7.4998,2.4997,-4.3762,-5.7219,3.0358,0.9614,-0.6174,1.0605,4.9122,0.0056,0.7024,0.0047,0.5014,0.007,0.6648,10.1422,0.0,AdaBoost,0.9548162123635712,0.9504085270416808,0.9542096217155654,0.9547957210511906,0.9544288890584203,0.9549420788930021,0.9541955623667666,0.9542280369989876,0.9545212449631836
mv,x4,40768.0,0.3518,0.9715,-7.4998,2.4997,-4.3762,-5.7219,3.0358,0.9614,-0.6174,1.0605,4.9122,0.0056,0.7024,0.0047,0.5014,0.007,0.6648,10.1422,0.0,SVC,0.9178848022878489,0.9097860943406686,0.9232206836036878,0.9231422098626841,0.9232214335283964,0.9187895622730586,0.9186482725064103,0.9166811038768391,0.9230968996394563
mv,x4,40768.0,0.307,0.9699,-7.4998,2.4997,-4.3962,-5.7243,3.0236,0.9718,-0.5926,1.0547,4.8957,0.0125,0.7016,0.0095,0.5024,0.0142,0.6659,10.2067,0.0,DecisionTree,0.9541456032691915,0.9517427246297792,0.9541054590611004,0.9541456032691915,0.9542072610472133,0.9541456032691915,0.9540865311781555,0.9540871887575659,0.9541456032691915
mv,x4,40768.0,0.307,0.9699,-7.4998,2.4997,-4.3962,-5.7243,3.0236,0.9718,-0.5926,1.0547,4.8957,0.0125,0.7016,0.0095,0.5024,0.0142,0.6659,10.2067,0.0,LogisticRegression,0.9509223118386305,0.9495582071961715,0.9510219286521895,0.9510391411111827,0.951061910835488,0.950735330332674,0.9512070148677699,0.9506336608635337,0.950958642202969
mv,x4,40768.0,0.307,0.9699,-7.4998,2.4997,-4.3962,-5.7243,3.0236,0.9718,-0.5926,1.0547,4.8957,0.0125,0.7016,0.0095,0.5024,0.0142,0.6659,10.2067,0.0,KNN,0.952271663169681,0.9497228558332934,0.950798471387651,0.9523472810815625,0.9516134576987647,0.9521537331808987,0.952189939735614,0.9515911725402426,0.9518123016849982
mv,x4,40768.0,0.307,0.9699,-7.4998,2.4997,-4.3962,-5.7243,3.0236,0.9718,-0.5926,1.0547,4.8957,0.0125,0.7016,0.0095,0.5024,0.0142,0.6659,10.2067,0.0,RandomForest,0.9548488005403615,0.95484530298316,0.9544035357133561,0.9545851063179854,0.9547066991083896,0.955016823169963,0.954917840294422,0.9552073478103908,0.9550734975039711
mv,x4,40768.0,0.307,0.9699,-7.4998,2.4997,-4.3962,-5.7243,3.0236,0.9718,-0.5926,1.0547,4.8957,0.0125,0.7016,0.0095,0.5024,0.0142,0.6659,10.2067,0.0,AdaBoost,0.9543673391691063,0.9530636801993342,0.9537488705465634,0.9542538988639467,0.9542593404596512,0.9541846593291338,0.9545919197839368,0.9542705044697641,0.9542073565762272
mv,x4,40768.0,0.307,0.9699,-7.4998,2.4997,-4.3962,-5.7243,3.0236,0.9718,-0.5926,1.0547,4.8957,0.0125,0.7016,0.0095,0.5024,0.0142,0.6659,10.2067,0.0,SVC,0.9191971170617068,0.9114070633990413,0.9232154887740011,0.9233544722407316,0.9234037477285393,0.9191692620790813,0.9187810737572414,0.9181551987615453,0.9230234477715137
mv,x4,40768.0,0.2495,0.9669,-7.4998,2.4997,-4.3954,-5.7271,3.0221,0.9731,-0.5899,1.0487,4.889,0.0031,0.7005,0.0027,0.4998,0.004,0.6629,10.2822,0.0,DecisionTree,0.9550898332210884,0.9522643910288937,0.9550516637773487,0.9550898332210884,0.9551517728843126,0.9550898332210884,0.9549959014993704,0.9550136294700482,0.9551103783004439
mv,x4,40768.0,0.2495,0.9669,-7.4998,2.4997,-4.3954,-5.7271,3.0221,0.9731,-0.5899,1.0487,4.889,0.0031,0.7005,0.0027,0.4998,0.004,0.6629,10.2822,0.0,LogisticRegression,0.9514504431855195,0.9496100765851309,0.9515517215306142,0.9515943044872428,0.9516141339209835,0.9510408026000142,0.9518364554966849,0.9510442902342053,0.9516356459651353
mv,x4,40768.0,0.2495,0.9669,-7.4998,2.4997,-4.3954,-5.7271,3.0221,0.9731,-0.5899,1.0487,4.889,0.0031,0.7005,0.0027,0.4998,0.004,0.6629,10.2822,0.0,KNN,0.953692190126426,0.9518647458651358,0.9532503519085127,0.9520342444498723,0.952197620809942,0.9535881977430997,0.9537956934343537,0.9532037751406943,0.9521988349628211
mv,x4,40768.0,0.2495,0.9669,-7.4998,2.4997,-4.3954,-5.7271,3.0221,0.9731,-0.5899,1.0487,4.889,0.0031,0.7005,0.0027,0.4998,0.004,0.6629,10.2822,0.0,RandomForest,0.9560728230359655,0.9550610823653398,0.9561792964462215,0.9559451779831584,0.9559028894682482,0.9557097639199739,0.9563869331116364,0.956070944435883,0.9556185688439263
mv,x4,40768.0,0.2495,0.9669,-7.4998,2.4997,-4.3954,-5.7271,3.0221,0.9731,-0.5899,1.0487,4.889,0.0031,0.7005,0.0027,0.4998,0.004,0.6629,10.2822,0.0,AdaBoost,0.9552936808852052,0.9536922352117748,0.9550844650676027,0.9551877413560168,0.9549995343342202,0.9556870430427761,0.9551474510849651,0.9558559197895911,0.955467592613477
mv,x4,40768.0,0.2495,0.9669,-7.4998,2.4997,-4.3954,-5.7271,3.0221,0.9731,-0.5899,1.0487,4.889,0.0031,0.7005,0.0027,0.4998,0.004,0.6629,10.2822,0.0,SVC,0.9192597072482634,0.9124803253538603,0.9213078367170245,0.921873103711832,0.9218375588280822,0.9185732748389831,0.920261238204917,0.9186348386756751,0.9218504454680597
mv,x4,40768.0,0.1993,0.9644,-7.4999,2.4996,-4.403,-5.7324,3.0209,0.9784,-0.5764,1.0469,4.8658,0.005,0.7007,0.0046,0.4992,0.0069,0.6618,10.3434,0.0,DecisionTree,0.955562846015506,0.952222127899446,0.9556466172386223,0.9555426279263751,0.9555227036294615,0.955562846015506,0.9556051543627835,0.9555438458841281,0.955522387021129
mv,x4,40768.0,0.1993,0.9644,-7.4999,2.4996,-4.403,-5.7324,3.0209,0.9784,-0.5764,1.0469,4.8658,0.005,0.7007,0.0046,0.4992,0.0069,0.6618,10.3434,0.0,LogisticRegression,0.952022047507365,0.950470725257862,0.9521006246319212,0.951977828109758,0.9519976799788051,0.951736496134203,0.9521419242351625,0.951755641470721,0.951957988215642
mv,x4,40768.0,0.1993,0.9644,-7.4999,2.4996,-4.403,-5.7324,3.0209,0.9784,-0.5764,1.0469,4.8658,0.005,0.7007,0.0046,0.4992,0.0069,0.6618,10.3434,0.0,KNN,0.9531611504158555,0.9515427009148337,0.9536338448544022,0.9536248650998965,0.9538520935512158,0.9529802015018795,0.9534257646194401,0.953362185371552,0.9533169302539353
mv,x4,40768.0,0.1993,0.9644,-7.4999,2.4996,-4.403,-5.7324,3.0209,0.9784,-0.5764,1.0469,4.8658,0.005,0.7007,0.0046,0.4992,0.0069,0.6618,10.3434,0.0,RandomForest,0.9564896366362596,0.9552197100598593,0.9568952446605007,0.9568264547836856,0.9569262718295029,0.955685712945169,0.9568097807503267,0.9566106559773448,0.9567013828172144
mv,x4,40768.0,0.1993,0.9644,-7.4999,2.4996,-4.403,-5.7324,3.0209,0.9784,-0.5764,1.0469,4.8658,0.005,0.7007,0.0046,0.4992,0.0069,0.6618,10.3434,0.0,AdaBoost,0.9557281719884156,0.9537170424938419,0.9560989752225716,0.9557391464798851,0.9559964671108246,0.9559105557122651,0.9554982135690272,0.9562359619626646,0.9559733670329655
mv,x4,40768.0,0.1993,0.9644,-7.4999,2.4996,-4.403,-5.7324,3.0209,0.9784,-0.5764,1.0469,4.8658,0.005,0.7007,0.0046,0.4992,0.0069,0.6618,10.3434,0.0,SVC,0.9197573302665251,0.9136938899667522,0.9220983447271747,0.9222299814674638,0.9221153496235853,0.9194797293861676,0.9204809304907152,0.9194070008644784,0.9221212397244807
mv,x4,40768.0,0.1494,0.9624,-7.4999,2.4997,-4.3936,-5.7271,3.0269,0.9726,-0.5913,1.0523,4.8914,0.0054,0.7021,0.0046,0.5,0.0069,0.6629,10.4009,0.0,DecisionTree,0.9562623295771064,0.9537250952163097,0.956323921506723,0.9562441996209308,0.9562227402956827,0.9562417867959438,0.9562623295771064,0.9560618582367393,0.9561834369685662
mv,x4,40768.0,0.1494,0.9624,-7.4999,2.4997,-4.3936,-5.7271,3.0269,0.9726,-0.5913,1.0523,4.8914,0.0054,0.7021,0.0046,0.5,0.0069,0.6629,10.4009,0.0,LogisticRegression,0.952946526480082,0.9517579125488167,0.9528616964299188,0.9528828399273822,0.9528824324044012,0.952947334666987,0.9530279184616408,0.9527633661203745,0.9528824068781554
mv,x4,40768.0,0.1494,0.9624,-7.4999,2.4997,-4.3936,-5.7271,3.0269,0.9726,-0.5913,1.0523,4.8914,0.0054,0.7021,0.0046,0.5,0.0069,0.6629,10.4009,0.0,KNN,0.9543176862221083,0.9530146792352462,0.9539442505937057,0.954090097410207,0.9538862970783013,0.9542114651225657,0.9545007425823848,0.9542142916671406,0.9542113914720598
mv,x4,40768.0,0.1494,0.9624,-7.4999,2.4997,-4.3936,-5.7271,3.0269,0.9726,-0.5913,1.0523,4.8914,0.0054,0.7021,0.0046,0.5,0.0069,0.6629,10.4009,0.0,RandomForest,0.9580720705014767,0.956878855197826,0.9577974578523137,0.9576062375847805,0.9573185552112335,0.9581039956780327,0.9580375479567045,0.9580700484468889,0.9574224466983017
mv,x4,40768.0,0.1494,0.9624,-7.4999,2.4997,-4.3936,-5.7271,3.0269,0.9726,-0.5913,1.0523,4.8914,0.0054,0.7021,0.0046,0.5,0.0069,0.6629,10.4009,0.0,AdaBoost,0.956953648951557,0.9552818467467072,0.956218314733458,0.9566813696281222,0.9568006810837092,0.9564064399658356,0.9569658113516756,0.9570114101327112,0.9570125984875333
mv,x4,40768.0,0.1494,0.9624,-7.4999,2.4997,-4.3936,-5.7271,3.0269,0.9726,-0.5913,1.0523,4.8914,0.0054,0.7021,0.0046,0.5,0.0069,0.6629,10.4009,0.0,SVC,0.9209100830318043,0.9146502907242813,0.9204604272914167,0.9203007599556927,0.9203778036344317,0.918758950538726,0.9208990725879735,0.9203510213541379,0.9205769077695335
mv,x4,40768.0,0.0984,0.9616,-7.4999,2.4997,-4.3989,-5.7291,3.0186,0.9748,-0.5836,1.0467,4.8687,0.007,0.6999,0.005,0.4994,0.0075,0.6625,10.458,0.0,DecisionTree,0.9561025494855447,0.9552593261707869,0.9557860786981792,0.9558626098568297,0.955662129468747,0.9559615687658992,0.9561025494855447,0.9558246626721412,0.9560234541025974
mv,x4,40768.0,0.0984,0.9616,-7.4999,2.4997,-4.3989,-5.7291,3.0186,0.9748,-0.5836,1.0467,4.8687,0.007,0.6999,0.005,0.4994,0.0075,0.6625,10.458,0.0,LogisticRegression,0.9528818848345904,0.9522287137376176,0.9529410019816849,0.9527765190439559,0.9527773549301013,0.9526987500105468,0.9528608184280369,0.952862442660429,0.9526537387041792
mv,x4,40768.0,0.0984,0.9616,-7.4999,2.4997,-4.3989,-5.7291,3.0186,0.9748,-0.5836,1.0467,4.8687,0.007,0.6999,0.005,0.4994,0.0075,0.6625,10.458,0.0,KNN,0.9544646277064126,0.9542480038805567,0.9550031056838313,0.9541696395587734,0.9540254745717544,0.9544866408609525,0.9545073200696004,0.9545761488414689,0.9545150633509469
mv,x4,40768.0,0.0984,0.9616,-7.4999,2.4997,-4.3989,-5.7291,3.0186,0.9748,-0.5836,1.0467,4.8687,0.007,0.6999,0.005,0.4994,0.0075,0.6625,10.458,0.0,RandomForest,0.9578185737494371,0.9570242603557875,0.9581231254676804,0.9578917924051348,0.9577091913185525,0.9581769626532995,0.9582623212595907,0.9579829466440029,0.9578701595022152
mv,x4,40768.0,0.0984,0.9616,-7.4999,2.4997,-4.3989,-5.7291,3.0186,0.9748,-0.5836,1.0467,4.8687,0.007,0.6999,0.005,0.4994,0.0075,0.6625,10.458,0.0,AdaBoost,0.9568082409533843,0.9565742203166917,0.9562813660332966,0.9563488051054359,0.9560471346030549,0.9564426600269882,0.9564828601584587,0.9567954423651654,0.9566124378309677
mv,x4,40768.0,0.0984,0.9616,-7.4999,2.4997,-4.3989,-5.7291,3.0186,0.9748,-0.5836,1.0467,4.8687,0.007,0.6999,0.005,0.4994,0.0075,0.6625,10.458,0.0,SVC,0.9209606121419274,0.915893869919483,0.919758993444827,0.91980557562743,0.9198651930380448,0.9190520320279312,0.9211398165302328,0.9204381131401017,0.9198034305730861
mv,x4,40768.0,0.0513,0.9591,-7.4999,2.4997,-4.4032,-5.7301,3.0192,0.979,-0.5753,1.0436,4.866,0.007,0.6997,0.0057,0.4978,0.0086,0.6605,10.5054,0.0,DecisionTree,0.9568447532577534,0.9566348691992318,0.956904510097107,0.9568626120296835,0.9567862219670493,0.9567667053222544,0.9568242362995297,0.956829016971998,0.9568426924140345
mv,x4,40768.0,0.0513,0.9591,-7.4999,2.4997,-4.4032,-5.7301,3.0192,0.979,-0.5753,1.0436,4.866,0.007,0.6997,0.0057,0.4978,0.0086,0.6605,10.5054,0.0,LogisticRegression,0.9530829927509117,0.9532288726467035,0.9532885291768585,0.9533099924136077,0.9532480146283676,0.9532657025083466,0.9531652655846177,0.9531437604828187,0.9532893232650235
mv,x4,40768.0,0.0513,0.9591,-7.4999,2.4997,-4.4032,-5.7301,3.0192,0.979,-0.5753,1.0436,4.866,0.007,0.6997,0.0057,0.4978,0.0086,0.6605,10.5054,0.0,KNN,0.9551782837442954,0.9549674416130018,0.9551190333844652,0.955348241913285,0.9554090194137751,0.9549999939550583,0.9550784981675533,0.9550567137851879,0.9554266801233486
mv,x4,40768.0,0.0513,0.9591,-7.4999,2.4997,-4.4032,-5.7301,3.0192,0.979,-0.5753,1.0436,4.866,0.007,0.6997,0.0057,0.4978,0.0086,0.6605,10.5054,0.0,RandomForest,0.9591943306183484,0.9582382285148432,0.9583921979301409,0.9586355659275061,0.9590439994852016,0.9589270777107664,0.9590250882634589,0.9589636307415742,0.9588190170186596
mv,x4,40768.0,0.0513,0.9591,-7.4999,2.4997,-4.4032,-5.7301,3.0192,0.979,-0.5753,1.0436,4.866,0.007,0.6997,0.0057,0.4978,0.0086,0.6605,10.5054,0.0,AdaBoost,0.9566659420150462,0.9569725093110234,0.9575917062504764,0.9569516262507334,0.9574535706059961,0.9570376001459293,0.9563730576291343,0.9569856688649647,0.9568452912333958
mv,x4,40768.0,0.0513,0.9591,-7.4999,2.4997,-4.4032,-5.7301,3.0192,0.979,-0.5753,1.0436,4.866,0.007,0.6997,0.0057,0.4978,0.0086,0.6605,10.5054,0.0,SVC,0.9199798198469705,0.9169772419300144,0.9190924056908589,0.9193019898585003,0.919361598274155,0.9191181680743633,0.920004526823978,0.9200467562731626,0.919160517776253
mv,x5,40768.0,0.5027,0.9949,-0.9999,0.9999,0.0007,0.0025,0.5773,-0.0044,-1.1949,0.4978,0.9959,0.0072,0.0092,0.0049,0.0065,0.0073,0.0097,9.9099,0.0,DecisionTree,0.9575823378512587,0.9575823378512587,0.9576191649996149,0.9576191649996149,0.9576191649996149,0.9576191649996149,0.9576191649996149,0.9575823378512587,0.9576191649996149
mv,x5,40768.0,0.5027,0.9949,-0.9999,0.9999,0.0007,0.0025,0.5773,-0.0044,-1.1949,0.4978,0.9959,0.0072,0.0092,0.0049,0.0065,0.0073,0.0097,9.9099,0.0,LogisticRegression,0.9535980155816535,0.9535988405048521,0.9535761935277023,0.9535570868081124,0.9535773509912997,0.9535773509912997,0.9535773553479773,0.9535773192714523,0.9535980098942973
mv,x5,40768.0,0.5027,0.9949,-0.9999,0.9999,0.0007,0.0025,0.5773,-0.0044,-1.1949,0.4978,0.9959,0.0072,0.0092,0.0049,0.0065,0.0073,0.0097,9.9099,0.0,KNN,0.9570230514525513,0.9569008306594693,0.9554500028879374,0.9564968592453387,0.9565531634752027,0.9568655849294401,0.9565755911572886,0.9564314949697785,0.9565769381175371
mv,x5,40768.0,0.5027,0.9949,-0.9999,0.9999,0.0007,0.0025,0.5773,-0.0044,-1.1949,0.4978,0.9959,0.0072,0.0092,0.0049,0.0065,0.0073,0.0097,9.9099,0.0,RandomForest,0.9595607291708201,0.9594514223678934,0.9597630421102089,0.9594554341353475,0.9595338665603987,0.9600409189511667,0.9594318458524269,0.9593155623779409,0.9597376809852878
mv,x5,40768.0,0.5027,0.9949,-0.9999,0.9999,0.0007,0.0025,0.5773,-0.0044,-1.1949,0.4978,0.9959,0.0072,0.0092,0.0049,0.0065,0.0073,0.0097,9.9099,0.0,AdaBoost,0.9579033460151514,0.9580769242808244,0.9583471496959088,0.9579761377870148,0.9579473894308039,0.9580177555280911,0.9580367574992183,0.9580187849115218,0.9577943285056495
mv,x5,40768.0,0.5027,0.9949,-0.9999,0.9999,0.0007,0.0025,0.5773,-0.0044,-1.1949,0.4978,0.9959,0.0072,0.0092,0.0049,0.0065,0.0073,0.0097,9.9099,0.0,SVC,0.9187347375961166,0.9194116986821492,0.9193895823902847,0.9194013217086654,0.919340925527546,0.9193180872949146,0.9160805008088198,0.9184693603798136,0.9193992224118529
mv,x5,40768.0,0.4458,0.9944,-0.9999,0.9999,-0.0042,0.0003,0.578,0.0003,-1.2028,0.5017,1.0021,0.0037,0.0095,0.0027,0.0061,0.0041,0.0092,10.0177,0.0,DecisionTree,0.9575823378512587,0.9575823378512587,0.9575786994742685,0.9575786994742685,0.9575786994742685,0.9575786994742685,0.9575823378512587,0.9575823378512587,0.9575786994742685
mv,x5,40768.0,0.4458,0.9944,-0.9999,0.9999,-0.0042,0.0003,0.578,0.0003,-1.2028,0.5017,1.0021,0.0037,0.0095,0.0027,0.0061,0.0041,0.0092,10.0177,0.0,LogisticRegression,0.953680703721868,0.9536802565446738,0.9536182754665834,0.9536392969738313,0.9536393073615914,0.9536186111796492,0.9535153397457544,0.9536186888508156,0.9536595418279243
mv,x5,40768.0,0.4458,0.9944,-0.9999,0.9999,-0.0042,0.0003,0.578,0.0003,-1.2028,0.5017,1.0021,0.0037,0.0095,0.0027,0.0061,0.0041,0.0092,10.0177,0.0,KNN,0.9547356791695897,0.9548207720472013,0.95426103361082,0.9554137032867185,0.9556004374645971,0.955454943754229,0.9549373758718018,0.9549990715765285,0.9554758136104815
mv,x5,40768.0,0.4458,0.9944,-0.9999,0.9999,-0.0042,0.0003,0.578,0.0003,-1.2028,0.5017,1.0021,0.0037,0.0095,0.0027,0.0061,0.0041,0.0092,10.0177,0.0,RandomForest,0.9598032564357231,0.9601040692241217,0.9597812812409292,0.9598408281357014,0.9599644565123123,0.9599995930461996,0.9598604205714293,0.9595193526132034,0.9600944493730899
mv,x5,40768.0,0.4458,0.9944,-0.9999,0.9999,-0.0042,0.0003,0.578,0.0003,-1.2028,0.5017,1.0021,0.0037,0.0095,0.0027,0.0061,0.0041,0.0092,10.0177,0.0,AdaBoost,0.958262023658093,0.9582962560918994,0.9580643426561951,0.9584945326204037,0.9579787222418463,0.958407395805759,0.958038738807014,0.9582682946447383,0.9580659770947144
mv,x5,40768.0,0.4458,0.9944,-0.9999,0.9999,-0.0042,0.0003,0.578,0.0003,-1.2028,0.5017,1.0021,0.0037,0.0095,0.0027,0.0061,0.0041,0.0092,10.0177,0.0,SVC,0.9183185954046895,0.9189831781249012,0.9189002800540174,0.9188528077602159,0.9189145575932435,0.918975524546477,0.9175646799976395,0.9184639157785789,0.9189562326906774
mv,x5,40768.0,0.3971,0.9941,-0.9999,1.0,-0.0036,0.0006,0.577,0.0018,-1.1947,0.4969,0.992,0.0053,0.0129,0.0049,0.0073,0.0074,0.0109,10.1014,0.0,DecisionTree,0.9575823378512587,0.9575823378512587,0.9576191649996149,0.9576191649996149,0.9576191649996149,0.9576191649996149,0.9575216759550267,0.9575823378512587,0.9576191649996149
mv,x5,40768.0,0.3971,0.9941,-0.9999,1.0,-0.0036,0.0006,0.577,0.0018,-1.1947,0.4969,0.992,0.0053,0.0129,0.0049,0.0073,0.0074,0.0109,10.1014,0.0,LogisticRegression,0.9536393795282846,0.9536389498775082,0.9536393814851203,0.9536591730268633,0.9536591730268633,0.9536794381034646,0.9536397756866402,0.9536393681732436,0.9536599996772763
mv,x5,40768.0,0.3971,0.9941,-0.9999,1.0,-0.0036,0.0006,0.577,0.0018,-1.1947,0.4969,0.992,0.0053,0.0129,0.0049,0.0073,0.0074,0.0109,10.1014,0.0,KNN,0.955966763038325,0.9562749261207074,0.9567833440155038,0.9568462955557951,0.9565584574725225,0.9566209116506095,0.9561056233050936,0.9568455063974746,0.9563923721052843
mv,x5,40768.0,0.3971,0.9941,-0.9999,1.0,-0.0036,0.0006,0.577,0.0018,-1.1947,0.4969,0.992,0.0053,0.0129,0.0049,0.0073,0.0074,0.0109,10.1014,0.0,RandomForest,0.9596603336290374,0.9595940199743707,0.9597830990479814,0.9600621543582127,0.9595334521246657,0.9603865865338843,0.9597022711694783,0.9595775752354385,0.9598766840093447
mv,x5,40768.0,0.3971,0.9941,-0.9999,1.0,-0.0036,0.0006,0.577,0.0018,-1.1947,0.4969,0.992,0.0053,0.0129,0.0049,0.0073,0.0074,0.0109,10.1014,0.0,AdaBoost,0.9576558242964812,0.9578172565522725,0.95775139694026,0.9578980977466929,0.9576101093836465,0.9583298025144069,0.9578918276980988,0.9578636346229406,0.95769442911005
mv,x5,40768.0,0.3971,0.9941,-0.9999,1.0,-0.0036,0.0006,0.577,0.0018,-1.1947,0.4969,0.992,0.0053,0.0129,0.0049,0.0073,0.0074,0.0109,10.1014,0.0,SVC,0.918965401746076,0.9192898438033344,0.9190749616445685,0.9192322072071892,0.9191302524807531,0.9191510940238493,0.9176598642201041,0.9187593335079955,0.9193784395236457
mv,x5,40768.0,0.349,0.993,-0.9999,0.9998,-0.002,0.004,0.5761,-0.0028,-1.1986,0.4982,0.9966,0.0031,0.0053,0.0014,0.0081,0.0021,0.0121,10.1767,0.0,DecisionTree,0.9575823378512587,0.9575823378512587,0.9576191649996149,0.9576191649996149,0.9576191649996149,0.9576191649996149,0.9575823378512587,0.9575823378512587,0.9576191649996149
mv,x5,40768.0,0.349,0.993,-0.9999,0.9998,-0.002,0.004,0.5761,-0.0028,-1.1986,0.4982,0.9966,0.0031,0.0053,0.0014,0.0081,0.0021,0.0121,10.1767,0.0,LogisticRegression,0.9536190979572158,0.9535988530905145,0.9535583403179807,0.9535579258849922,0.9535781707516935,0.9535579258849922,0.9535773869681633,0.9535996517780307,0.9535372586995893
mv,x5,40768.0,0.349,0.993,-0.9999,0.9998,-0.002,0.004,0.5761,-0.0028,-1.1986,0.4982,0.9966,0.0031,0.0053,0.0014,0.0081,0.0021,0.0121,10.1767,0.0,KNN,0.9561554811251622,0.9562535201198015,0.9561204454142123,0.9568318957824854,0.956814733400212,0.9568520873823685,0.9563381649911435,0.9559931677088229,0.9568157466632303
mv,x5,40768.0,0.349,0.993,-0.9999,0.9998,-0.002,0.004,0.5761,-0.0028,-1.1986,0.4982,0.9966,0.0031,0.0053,0.0014,0.0081,0.0021,0.0121,10.1767,0.0,RandomForest,0.9596608592667449,0.9597772275364891,0.9598392649651026,0.9600027871257302,0.9598828607742844,0.959814145046656,0.9596585948490719,0.9597013692442513,0.9595730436179029
mv,x5,40768.0,0.349,0.993,-0.9999,0.9998,-0.002,0.004,0.5761,-0.0028,-1.1986,0.4982,0.9966,0.0031,0.0053,0.0014,0.0081,0.0021,0.0121,10.1767,0.0,AdaBoost,0.9577917920212659,0.9577654849869495,0.9579733389803323,0.957729891767309,0.957729891767309,0.9578705356943115,0.9577917920212659,0.9579503130851855,0.9579083951781839
mv,x5,40768.0,0.349,0.993,-0.9999,0.9998,-0.002,0.004,0.5761,-0.0028,-1.1986,0.4982,0.9966,0.0031,0.0053,0.0014,0.0081,0.0021,0.0121,10.1767,0.0,SVC,0.919118462653193,0.9190769664431178,0.9186734153028385,0.9186696357810471,0.9186710648453803,0.918671067727683,0.9177097273389707,0.9188053308014592,0.9184887280323174
mv,x5,40768.0,0.3034,0.9937,-0.9999,1.0,-0.0014,0.0037,0.5774,-0.0044,-1.1956,0.4974,0.995,0.0001,0.0002,0.0008,0.0021,0.0012,0.0032,10.2454,0.0,DecisionTree,0.9575823378512587,0.9575823378512587,0.9575989439385847,0.9575989439385847,0.9575989439385847,0.9575989439385847,0.9575989439385847,0.9575823378512587,0.9575989439385847
mv,x5,40768.0,0.3034,0.9937,-0.9999,1.0,-0.0014,0.0037,0.5774,-0.0044,-1.1956,0.4974,0.995,0.0001,0.0002,0.0008,0.0021,0.0012,0.0032,10.2454,0.0,LogisticRegression,0.9535765174586186,0.9536794205269971,0.9536393583338232,0.9536393231247988,0.9536393231247988,0.9536393231247988,0.9536190730139462,0.953617471144117,0.9536393583338232
mv,x5,40768.0,0.3034,0.9937,-0.9999,1.0,-0.0014,0.0037,0.5774,-0.0044,-1.1956,0.4974,0.995,0.0001,0.0002,0.0008,0.0021,0.0012,0.0032,10.2454,0.0,KNN,0.9553486919597911,0.9548772185418181,0.9570425890491073,0.9558798486600034,0.9557161699971559,0.9558589531308661,0.9556809229929993,0.954904756059958,0.9557612975612668
mv,x5,40768.0,0.3034,0.9937,-0.9999,1.0,-0.0014,0.0037,0.5774,-0.0044,-1.1956,0.4974,0.995,0.0001,0.0002,0.0008,0.0021,0.0012,0.0032,10.2454,0.0,RandomForest,0.9594349666763323,0.9592449434200372,0.9599622890475086,0.9597337468101983,0.9597789241988142,0.9597540421542439,0.9593909148309112,0.959535951228043,0.9598183032788449
mv,x5,40768.0,0.3034,0.9937,-0.9999,1.0,-0.0014,0.0037,0.5774,-0.0044,-1.1956,0.4974,0.995,0.0001,0.0002,0.0008,0.0021,0.0012,0.0032,10.2454,0.0,AdaBoost,0.9580462830768336,0.9580493224192855,0.9582271732489841,0.9578570025491935,0.9578367508698489,0.9579671426660086,0.9578743006707859,0.9582440310155742,0.9578332535414795
mv,x5,40768.0,0.3034,0.9937,-0.9999,1.0,-0.0014,0.0037,0.5774,-0.0044,-1.1956,0.4974,0.995,0.0001,0.0002,0.0008,0.0021,0.0012,0.0032,10.2454,0.0,SVC,0.9191325740088758,0.9191752761121996,0.918834983243069,0.9189312439893979,0.9188910292479411,0.9188716449883096,0.9168961935190411,0.9190608567634535,0.9188896371786758
mv,x5,40768.0,0.2487,0.9925,-0.9999,0.9999,-0.002,0.0022,0.5767,-0.0009,-1.1963,0.4984,0.997,0.0038,0.0084,0.0029,0.0059,0.0043,0.0089,10.3193,0.0,DecisionTree,0.9575823378512587,0.9575823378512587,0.9576191649996149,0.9576191649996149,0.9576191649996149,0.9576191649996149,0.9575823378512587,0.9575823378512587,0.9576191649996149
mv,x5,40768.0,0.2487,0.9925,-0.9999,0.9999,-0.002,0.0022,0.5767,-0.0009,-1.1963,0.4984,0.997,0.0038,0.0084,0.0029,0.0059,0.0043,0.0089,10.3193,0.0,LogisticRegression,0.9535368840993914,0.9536790582080852,0.9536178894351773,0.9536584159651186,0.9536584159651186,0.9536381508885172,0.9536588200834526,0.9535182282945492,0.9536588294268828
mv,x5,40768.0,0.2487,0.9925,-0.9999,0.9999,-0.002,0.0022,0.5767,-0.0009,-1.1963,0.4984,0.997,0.0038,0.0084,0.0029,0.0059,0.0043,0.0089,10.3193,0.0,KNN,0.9557267596972068,0.955663744763056,0.9555036497401731,0.9560716531496507,0.9559911004741767,0.9561708804993164,0.955806805829815,0.9559593227434731,0.9559280724989111
mv,x5,40768.0,0.2487,0.9925,-0.9999,0.9999,-0.002,0.0022,0.5767,-0.0009,-1.1963,0.4984,0.997,0.0038,0.0084,0.0029,0.0059,0.0043,0.0089,10.3193,0.0,RandomForest,0.9598209070882585,0.9596562590523865,0.9596768045108148,0.959638271047908,0.9593903253187777,0.9600394638008622,0.9593295333975896,0.9598848082591591,0.9599001652724878
mv,x5,40768.0,0.2487,0.9925,-0.9999,0.9999,-0.002,0.0022,0.5767,-0.0009,-1.1963,0.4984,0.997,0.0038,0.0084,0.0029,0.0059,0.0043,0.0089,10.3193,0.0,AdaBoost,0.958116655493584,0.9581941196948016,0.9577852035693681,0.9577969500540782,0.9579508005567811,0.957877909403485,0.9578005185220181,0.9579735021698796,0.9577326158041128
mv,x5,40768.0,0.2487,0.9925,-0.9999,0.9999,-0.002,0.0022,0.5767,-0.0009,-1.1963,0.4984,0.997,0.0038,0.0084,0.0029,0.0059,0.0043,0.0089,10.3193,0.0,SVC,0.9193573696001334,0.9187986820522096,0.9188157948658767,0.9189205101930915,0.9189184155774519,0.9188372499862323,0.9180843487880165,0.9188850538751998,0.9189585861864367
mv,x5,40768.0,0.195,0.9922,-0.9999,1.0,0.0001,0.0045,0.5766,-0.0056,-1.1955,0.4977,0.9962,0.0044,0.0084,0.0029,0.0066,0.0044,0.0099,10.3879,0.0,DecisionTree,0.9575823378512587,0.9575823378512587,0.9576191649996149,0.9576191649996149,0.9576191649996149,0.9576191649996149,0.957457349317886,0.9575823378512587,0.9576191649996149
mv,x5,40768.0,0.195,0.9922,-0.9999,1.0,0.0001,0.0045,0.5766,-0.0056,-1.1955,0.4977,0.9962,0.0044,0.0084,0.0029,0.0066,0.0044,0.0099,10.3879,0.0,LogisticRegression,0.9535968464179188,0.9536171033371242,0.9536584235554861,0.9536373642710455,0.9536580261792208,0.9536580261792208,0.9536786767744343,0.9535368532422269,0.9536377708507914
mv,x5,40768.0,0.195,0.9922,-0.9999,1.0,0.0001,0.0045,0.5766,-0.0056,-1.1955,0.4977,0.9962,0.0044,0.0084,0.0029,0.0066,0.0044,0.0099,10.3879,0.0,KNN,0.9561831218953927,0.9556947689207678,0.9556323194917308,0.9558970406967677,0.9559380981075423,0.9559818876699464,0.9562470459131752,0.9560423350277002,0.9556735077024782
mv,x5,40768.0,0.195,0.9922,-0.9999,1.0,0.0001,0.0045,0.5766,-0.0056,-1.1955,0.4977,0.9962,0.0044,0.0084,0.0029,0.0066,0.0044,0.0099,10.3879,0.0,RandomForest,0.9596593317966837,0.959291821907852,0.9591881723565546,0.959418134973715,0.9594133849073367,0.9596741087691834,0.9593131328527768,0.9592126937719501,0.9595759429457968
mv,x5,40768.0,0.195,0.9922,-0.9999,1.0,0.0001,0.0045,0.5766,-0.0056,-1.1955,0.4977,0.9962,0.0044,0.0084,0.0029,0.0066,0.0044,0.0099,10.3879,0.0,AdaBoost,0.9582211048025453,0.9585313518347085,0.9579777156657747,0.9579522005880494,0.9578803238693183,0.9578468477575268,0.9579405511827701,0.9579640893503807,0.9579281918694205
mv,x5,40768.0,0.195,0.9922,-0.9999,1.0,0.0001,0.0045,0.5766,-0.0056,-1.1955,0.4977,0.9962,0.0044,0.0084,0.0029,0.0066,0.0044,0.0099,10.3879,0.0,SVC,0.9192006237006167,0.9191418919960829,0.9188969969411482,0.9188553549644808,0.9188560823593797,0.9188754601303449,0.9184922348479662,0.9191091600612296,0.9190599596706209
mv,x5,40768.0,0.1506,0.9925,-0.9999,1.0,-0.0027,0.0006,0.5767,0.0005,-1.1968,0.4988,0.9971,0.0068,0.0075,0.0045,0.0057,0.0068,0.0086,10.442,0.0,DecisionTree,0.9575823378512587,0.9575823378512587,0.9576191649996149,0.9576191649996149,0.9576191649996149,0.9576191649996149,0.9575584638846335,0.9575823378512587,0.9576191649996149
mv,x5,40768.0,0.1506,0.9925,-0.9999,1.0,-0.0027,0.0006,0.5767,0.0005,-1.1968,0.4988,0.9971,0.0068,0.0075,0.0045,0.0057,0.0068,0.0086,10.442,0.0,LogisticRegression,0.9537386859163591,0.953738642110745,0.953779919540866,0.9536981189145415,0.9536981189145415,0.9536981189145415,0.9536166546064677,0.9538002243021322,0.95378032449902
mv,x5,40768.0,0.1506,0.9925,-0.9999,1.0,-0.0027,0.0006,0.5767,0.0005,-1.1968,0.4988,0.9971,0.0068,0.0075,0.0045,0.0057,0.0068,0.0086,10.442,0.0,KNN,0.9565917218412676,0.9563925753141265,0.9572289413368503,0.9569392060964071,0.956940649493454,0.9570415620623535,0.9567372230218906,0.9565791865564021,0.9567786799265853
mv,x5,40768.0,0.1506,0.9925,-0.9999,1.0,-0.0027,0.0006,0.5767,0.0005,-1.1968,0.4988,0.9971,0.0068,0.0075,0.0045,0.0057,0.0068,0.0086,10.442,0.0,RandomForest,0.9594957862093743,0.9595964586942098,0.9595783115901464,0.9595523903314513,0.959495682371698,0.9596957166362505,0.9593545235428196,0.9594766329432843,0.9594741287860356
mv,x5,40768.0,0.1506,0.9925,-0.9999,1.0,-0.0027,0.0006,0.5767,0.0005,-1.1968,0.4988,0.9971,0.0068,0.0075,0.0045,0.0057,0.0068,0.0086,10.442,0.0,AdaBoost,0.9586480564581585,0.9584191385467078,0.9582995039280153,0.9581553243822706,0.9581151574514171,0.9581146818624995,0.9579707675490746,0.958038022612711,0.9577941594322947
mv,x5,40768.0,0.1506,0.9925,-0.9999,1.0,-0.0027,0.0006,0.5767,0.0005,-1.1968,0.4988,0.9971,0.0068,0.0075,0.0045,0.0057,0.0068,0.0086,10.442,0.0,SVC,0.9188975116709355,0.9185416055460041,0.9184985383415963,0.9185775763472497,0.9185352078363052,0.9185775970744571,0.9182421517614285,0.9189311420225995,0.9186184777547387
mv,x5,40768.0,0.0977,0.9918,-0.9999,1.0,-0.0017,0.0008,0.5763,-0.0002,-1.1965,0.4978,0.9955,0.0049,0.006,0.0034,0.0043,0.0052,0.0064,10.5016,0.0,DecisionTree,0.9575823378512587,0.9575823378512587,0.9576191649996149,0.9576191649996149,0.9576191649996149,0.9576191649996149,0.9576191649996149,0.9575823378512587,0.9576191649996149
mv,x5,40768.0,0.0977,0.9918,-0.9999,1.0,-0.0017,0.0008,0.5763,-0.0002,-1.1965,0.4978,0.9955,0.0049,0.006,0.0034,0.0043,0.0052,0.0064,10.5016,0.0,LogisticRegression,0.9535753648088819,0.9536373322377989,0.9536984971512095,0.9536984971512095,0.9536984971512095,0.9536984971512095,0.9536575677584636,0.9535555019826515,0.9536984971512095
mv,x5,40768.0,0.0977,0.9918,-0.9999,1.0,-0.0017,0.0008,0.5763,-0.0002,-1.1965,0.4978,0.9955,0.0049,0.006,0.0034,0.0043,0.0052,0.0064,10.5016,0.0,KNN,0.9557178643095632,0.9560036503966289,0.9568793940339516,0.9564330426621042,0.9563939377424456,0.9563932710826436,0.9562927457945383,0.9561021269044954,0.9563105221431188
mv,x5,40768.0,0.0977,0.9918,-0.9999,1.0,-0.0017,0.0008,0.5763,-0.0002,-1.1965,0.4978,0.9955,0.0049,0.006,0.0034,0.0043,0.0052,0.0064,10.5016,0.0,RandomForest,0.9595994967953747,0.9592678387152838,0.9595361830705755,0.9595343287301688,0.9593934842729823,0.9594517140215292,0.9592918349069743,0.9591897661464144,0.9593330824504396
mv,x5,40768.0,0.0977,0.9918,-0.9999,1.0,-0.0017,0.0008,0.5763,-0.0002,-1.1965,0.4978,0.9955,0.0049,0.006,0.0034,0.0043,0.0052,0.0064,10.5016,0.0,AdaBoost,0.9578558700207793,0.9579486378406696,0.9578974272491867,0.9580108496725459,0.9584407508672785,0.9581771547588748,0.957770664487744,0.9580016512065476,0.958062125767926
mv,x5,40768.0,0.0977,0.9918,-0.9999,1.0,-0.0017,0.0008,0.5763,-0.0002,-1.1965,0.4978,0.9955,0.0049,0.006,0.0034,0.0043,0.0052,0.0064,10.5016,0.0,SVC,0.9187347697701634,0.9186917909773517,0.918687423371188,0.9187893316623209,0.9188094843704158,0.9188094843704158,0.9183902887982971,0.91862758267862,0.9187893119868924
mv,x5,40768.0,0.0497,0.991,-0.9999,1.0,-0.0015,0.0032,0.5768,-0.0017,-1.198,0.4986,0.9972,0.0079,0.0085,0.0053,0.0062,0.0079,0.0093,10.5521,0.0,DecisionTree,0.9575823378512587,0.9575823378512587,0.9576191649996149,0.9576191649996149,0.9576191649996149,0.9576191649996149,0.9576191649996149,0.9575823378512587,0.9576191649996149
mv,x5,40768.0,0.0497,0.991,-0.9999,1.0,-0.0015,0.0032,0.5768,-0.0017,-1.198,0.4986,0.9972,0.0079,0.0085,0.0053,0.0062,0.0079,0.0093,10.5521,0.0,LogisticRegression,0.9535972301748752,0.9535555289864286,0.9535555289864286,0.9535555289864286,0.9535555289864286,0.9535555289864286,0.9535559451355525,0.9535563439594545,0.9535555289864286
mv,x5,40768.0,0.0497,0.991,-0.9999,1.0,-0.0015,0.0032,0.5768,-0.0017,-1.198,0.4986,0.9972,0.0079,0.0085,0.0053,0.0062,0.0079,0.0093,10.5521,0.0,KNN,0.9561490597501875,0.9559035595679345,0.9567199255910923,0.955982439444427,0.9560435358302002,0.9560651553795123,0.9558853890942212,0.9555530730078782,0.9561479204844168
mv,x5,40768.0,0.0497,0.991,-0.9999,1.0,-0.0015,0.0032,0.5768,-0.0017,-1.198,0.4986,0.9972,0.0079,0.0085,0.0053,0.0062,0.0079,0.0093,10.5521,0.0,RandomForest,0.959740770860776,0.959697968264893,0.9595777281243932,0.9594162841721326,0.9592724988187975,0.9591915101127508,0.9591274285630448,0.9592123597733867,0.959638642739646
mv,x5,40768.0,0.0497,0.991,-0.9999,1.0,-0.0015,0.0032,0.5768,-0.0017,-1.198,0.4986,0.9972,0.0079,0.0085,0.0053,0.0062,0.0079,0.0093,10.5521,0.0,AdaBoost,0.958521387398574,0.9583375826752476,0.958429588050254,0.958429588050254,0.958429588050254,0.958429588050254,0.9585129435909467,0.9586746355738082,0.958429588050254
mv,x5,40768.0,0.0497,0.991,-0.9999,1.0,-0.0015,0.0032,0.5768,-0.0017,-1.198,0.4986,0.9972,0.0079,0.0085,0.0053,0.0062,0.0079,0.0093,10.5521,0.0,SVC,0.9185266811993905,0.9186005526451021,0.9186277021419043,0.9187088702286659,0.9186464238256209,0.9186464238256209,0.9186429110924207,0.9183586181761378,0.9185222023426327
mv,x6,40768.0,0.5009,0.9877,-37.0947,11.9541,-11.035,-9.0832,10.8084,-0.3395,-0.9316,8.403,18.1394,0.0078,0.6984,0.0044,0.4996,0.0067,0.6624,9.9037,0.0,DecisionTree,0.893429268800115,0.8665280912947647,0.891039386099272,0.8915841586940043,0.8916508557047382,0.8919047022597366,0.8934901678444156,0.8766068816752786,0.8919909753645462
mv,x6,40768.0,0.5009,0.9877,-37.0947,11.9541,-11.035,-9.0832,10.8084,-0.3395,-0.9316,8.403,18.1394,0.0078,0.6984,0.0044,0.4996,0.0067,0.6624,9.9037,0.0,LogisticRegression,0.8814413506146235,0.831840184593762,0.8795148375446439,0.879807185701657,0.8800444756810075,0.88000102421219,0.8804666378762396,0.862630410027366,0.8789000905416275
mv,x6,40768.0,0.5009,0.9877,-37.0947,11.9541,-11.035,-9.0832,10.8084,-0.3395,-0.9316,8.403,18.1394,0.0078,0.6984,0.0044,0.4996,0.0067,0.6624,9.9037,0.0,KNN,0.8866779921174528,0.8629481178299367,0.8881333686712991,0.8876613436404985,0.8878497320575869,0.8874783636205025,0.8863707386556673,0.8691287313164122,0.8870958196870695
mv,x6,40768.0,0.5009,0.9877,-37.0947,11.9541,-11.035,-9.0832,10.8084,-0.3395,-0.9316,8.403,18.1394,0.0078,0.6984,0.0044,0.4996,0.0067,0.6624,9.9037,0.0,RandomForest,0.895064504823877,0.8754955253494657,0.8940702133845301,0.8951953701348141,0.8956537031763818,0.8955580127611885,0.894656896865339,0.8764256118627974,0.8952799353419851
mv,x6,40768.0,0.5009,0.9877,-37.0947,11.9541,-11.035,-9.0832,10.8084,-0.3395,-0.9316,8.403,18.1394,0.0078,0.6984,0.0044,0.4996,0.0067,0.6624,9.9037,0.0,AdaBoost,0.8881866725025578,0.8772919924741696,0.8931374820511995,0.8940784805958462,0.8943695232863861,0.8948196273141029,0.8875544037011396,0.873433752143363,0.8942957339121581
mv,x6,40768.0,0.5009,0.9877,-37.0947,11.9541,-11.035,-9.0832,10.8084,-0.3395,-0.9316,8.403,18.1394,0.0078,0.6984,0.0044,0.4996,0.0067,0.6624,9.9037,0.0,SVC,0.8446926645278239,0.82961936755342,0.8551337739977913,0.8578364356764911,0.858311956254161,0.857589772628923,0.8490482804207914,0.8411505448101284,0.8584258032851251
mv,x6,40768.0,0.4493,0.9869,-37.2849,12.3802,-11.0373,-9.2565,10.8068,-0.3125,-0.9562,8.5271,18.2663,0.001,0.7024,0.0005,0.4992,0.0008,0.6619,10.0007,0.0,DecisionTree,0.9013878373751469,0.8644743023487975,0.8995585091421736,0.901341832664327,0.9002371646453899,0.9008394363522242,0.9013676609415816,0.8832248932847109,0.9016916973820461
mv,x6,40768.0,0.4493,0.9869,-37.2849,12.3802,-11.0373,-9.2565,10.8068,-0.3125,-0.9562,8.5271,18.2663,0.001,0.7024,0.0005,0.4992,0.0008,0.6619,10.0007,0.0,LogisticRegression,0.8895231153665426,0.8362541823417711,0.886734472689275,0.8868149261584122,0.8869363921888149,0.8869787716991786,0.8880087333621783,0.8700255719263681,0.8872030979534964
mv,x6,40768.0,0.4493,0.9869,-37.2849,12.3802,-11.0373,-9.2565,10.8068,-0.3125,-0.9562,8.5271,18.2663,0.001,0.7024,0.0005,0.4992,0.0008,0.6619,10.0007,0.0,KNN,0.8965221736925082,0.8698840715659115,0.8989150375465929,0.8969487447418223,0.8969341349919066,0.8966822267287897,0.895459865511428,0.8769955227222739,0.8962214470059479
mv,x6,40768.0,0.4493,0.9869,-37.2849,12.3802,-11.0373,-9.2565,10.8068,-0.3125,-0.9562,8.5271,18.2663,0.001,0.7024,0.0005,0.4992,0.0008,0.6619,10.0007,0.0,RandomForest,0.9038286591523726,0.8799311518651152,0.9035579020824375,0.9033591596617533,0.9045331459702226,0.9038267570483269,0.9033363072223518,0.8849747069415994,0.9029732756322519
mv,x6,40768.0,0.4493,0.9869,-37.2849,12.3802,-11.0373,-9.2565,10.8068,-0.3125,-0.9562,8.5271,18.2663,0.001,0.7024,0.0005,0.4992,0.0008,0.6619,10.0007,0.0,AdaBoost,0.8954742746764259,0.882871514554906,0.9016359513509269,0.9027024771260399,0.9034707491008271,0.9032912157511719,0.8962871866644053,0.8824202864265724,0.9029758686196175
mv,x6,40768.0,0.4493,0.9869,-37.2849,12.3802,-11.0373,-9.2565,10.8068,-0.3125,-0.9562,8.5271,18.2663,0.001,0.7024,0.0005,0.4992,0.0008,0.6619,10.0007,0.0,SVC,0.8507633067623923,0.8301594984236205,0.8620763691887041,0.8650072366942068,0.8650723813730481,0.864676707030611,0.8547035484221714,0.8461120367483886,0.8639570602399586
mv,x6,40768.0,0.3985,0.9862,-37.2849,12.3802,-11.0454,-9.218,10.8202,-0.3165,-0.9661,8.5687,18.3784,0.0076,0.7008,0.0042,0.4983,0.0063,0.6612,10.0881,0.0,DecisionTree,0.9067448357253399,0.8705777563198485,0.9042225351563353,0.9043805220862393,0.9053586352806169,0.9060105322390821,0.9068261735883623,0.8901352320841032,0.9060416304492596
mv,x6,40768.0,0.3985,0.9862,-37.2849,12.3802,-11.0454,-9.218,10.8202,-0.3165,-0.9661,8.5687,18.3784,0.0076,0.7008,0.0042,0.4983,0.0063,0.6612,10.0881,0.0,LogisticRegression,0.8939589038247537,0.8442230915327225,0.8924600738726729,0.8920381030765706,0.8923602175436268,0.8923775341457622,0.892184763419851,0.8784744068920116,0.8923498192060126
mv,x6,40768.0,0.3985,0.9862,-37.2849,12.3802,-11.0454,-9.218,10.8202,-0.3165,-0.9661,8.5687,18.3784,0.0076,0.7008,0.0042,0.4983,0.0063,0.6612,10.0881,0.0,KNN,0.9000187035811711,0.8735039859165437,0.901794410711364,0.9005550766001107,0.900342838943418,0.9001471197234089,0.9001430802218876,0.8861385811866649,0.9000901896599334
mv,x6,40768.0,0.3985,0.9862,-37.2849,12.3802,-11.0454,-9.218,10.8202,-0.3165,-0.9661,8.5687,18.3784,0.0076,0.7008,0.0042,0.4983,0.0063,0.6612,10.0881,0.0,RandomForest,0.9081612504863007,0.8834107437369096,0.9073572256585072,0.9083974842594813,0.9086060912924301,0.9071038277236025,0.9083936935057588,0.8916866429316812,0.9077323153469187
mv,x6,40768.0,0.3985,0.9862,-37.2849,12.3802,-11.0454,-9.218,10.8202,-0.3165,-0.9661,8.5687,18.3784,0.0076,0.7008,0.0042,0.4983,0.0063,0.6612,10.0881,0.0,AdaBoost,0.900314969309332,0.88352013562839,0.9074207610288788,0.9082181706226986,0.907443168373249,0.9087187867472167,0.8997827679633382,0.8874391882113858,0.9076287753757744
mv,x6,40768.0,0.3985,0.9862,-37.2849,12.3802,-11.0454,-9.218,10.8202,-0.3165,-0.9661,8.5687,18.3784,0.0076,0.7008,0.0042,0.4983,0.0063,0.6612,10.0881,0.0,SVC,0.8585223144540196,0.8347721346974282,0.868703631837002,0.870199515990856,0.8706769651547019,0.870418652422668,0.8608623300799282,0.8549752213703921,0.8703086244065128
mv,x6,40768.0,0.3482,0.9847,-37.2637,12.3802,-11.063,-9.2768,10.8082,-0.3194,-0.9479,8.5273,18.1552,0.0008,0.6997,0.0007,0.4964,0.001,0.659,10.1663,0.0,DecisionTree,0.9067128835771355,0.8777868991276476,0.9078457417184616,0.9083708475151423,0.9089541852350738,0.9103479102170541,0.9067329728331903,0.8985157468298295,0.9109045479069793
mv,x6,40768.0,0.3482,0.9847,-37.2637,12.3802,-11.063,-9.2768,10.8082,-0.3194,-0.9479,8.5273,18.1552,0.0008,0.6997,0.0007,0.4964,0.001,0.659,10.1663,0.0,LogisticRegression,0.8990952549064998,0.8503369043433668,0.8989823583425269,0.8994937807506227,0.8993558976329916,0.899339478798709,0.8980171221960529,0.8836701321654824,0.8990067042591586
mv,x6,40768.0,0.3482,0.9847,-37.2637,12.3802,-11.063,-9.2768,10.8082,-0.3194,-0.9479,8.5273,18.1552,0.0008,0.6997,0.0007,0.4964,0.001,0.659,10.1663,0.0,KNN,0.9070300426197856,0.8798525756960187,0.910966051520844,0.9096015386585296,0.9093563282812837,0.9091771446128738,0.9062201292934122,0.893729563697225,0.9091781227556529
mv,x6,40768.0,0.3482,0.9847,-37.2637,12.3802,-11.063,-9.2768,10.8082,-0.3194,-0.9479,8.5273,18.1552,0.0008,0.6997,0.0007,0.4964,0.001,0.659,10.1663,0.0,RandomForest,0.9154773772732654,0.8887520886040319,0.9154194060276734,0.9162633793498096,0.9161610292864506,0.915771188670442,0.9139622120026936,0.9001047003859719,0.9148944443862957
mv,x6,40768.0,0.3482,0.9847,-37.2637,12.3802,-11.063,-9.2768,10.8082,-0.3194,-0.9479,8.5273,18.1552,0.0008,0.6997,0.0007,0.4964,0.001,0.659,10.1663,0.0,AdaBoost,0.9073001801325046,0.8893494166915066,0.9122307715944772,0.9142547004234634,0.913697727563908,0.9151105773824509,0.9068764629678718,0.8942636881336364,0.9149324918864051
mv,x6,40768.0,0.3482,0.9847,-37.2637,12.3802,-11.063,-9.2768,10.8082,-0.3194,-0.9479,8.5273,18.1552,0.0008,0.6997,0.0007,0.4964,0.001,0.659,10.1663,0.0,SVC,0.8635943959881222,0.8388374804086401,0.8721942285853511,0.8739834709220069,0.8742304744531114,0.8743218487738112,0.8648201318776905,0.86089103789163,0.8740736700949632
mv,x6,40768.0,0.3005,0.9843,-37.2849,12.3802,-11.0373,-9.2643,10.7942,-0.3222,-0.94,8.513,18.188,0.0058,0.7016,0.0033,0.4999,0.0049,0.6627,10.2362,0.0,DecisionTree,0.9098657491919412,0.8869312456857965,0.9155251380239752,0.9153296746551794,0.9149443657037883,0.9166312997629451,0.9067760680222232,0.9005615305727965,0.9152144549604138
mv,x6,40768.0,0.3005,0.9843,-37.2849,12.3802,-11.0373,-9.2643,10.7942,-0.3222,-0.94,8.513,18.188,0.0058,0.7016,0.0033,0.4999,0.0049,0.6627,10.2362,0.0,LogisticRegression,0.9026961006183352,0.8599971875734138,0.9041828182955562,0.9045369420072549,0.9046909115107096,0.9046844918153534,0.9017579769336816,0.8872991410590428,0.9039954506889369
mv,x6,40768.0,0.3005,0.9843,-37.2849,12.3802,-11.0373,-9.2643,10.7942,-0.3222,-0.94,8.513,18.188,0.0058,0.7016,0.0033,0.4999,0.0049,0.6627,10.2362,0.0,KNN,0.9125394912622051,0.8869563648618599,0.9151416832824275,0.9138572938860795,0.9138957141665958,0.9135727115940583,0.9106259754796742,0.8991503782673419,0.9133930729722325
mv,x6,40768.0,0.3005,0.9843,-37.2849,12.3802,-11.0373,-9.2643,10.7942,-0.3222,-0.94,8.513,18.188,0.0058,0.7016,0.0033,0.4999,0.0049,0.6627,10.2362,0.0,RandomForest,0.9194302151022716,0.8955340416346897,0.9195751834761958,0.9206034107078396,0.920873507249,0.9204447777875875,0.9183599826237638,0.9057698567063106,0.9201638571563838
mv,x6,40768.0,0.3005,0.9843,-37.2849,12.3802,-11.0373,-9.2643,10.7942,-0.3222,-0.94,8.513,18.188,0.0058,0.7016,0.0033,0.4999,0.0049,0.6627,10.2362,0.0,AdaBoost,0.9092981170678563,0.8943114511072886,0.9181804376809637,0.9197754449180974,0.9198410502238188,0.9199216092253255,0.9139888569955654,0.9007794962171257,0.9195619980148231
mv,x6,40768.0,0.3005,0.9843,-37.2849,12.3802,-11.0373,-9.2643,10.7942,-0.3222,-0.94,8.513,18.188,0.0058,0.7016,0.0033,0.4999,0.0049,0.6627,10.2362,0.0,SVC,0.8700641816516527,0.8464135547888051,0.8775862551069662,0.8786814596155242,0.8789630615514962,0.8785343308320774,0.8705912751277927,0.8677804667508936,0.879043507287959
mv,x6,40768.0,0.2513,0.9824,-37.3515,12.114,-11.0516,-9.2121,10.8291,-0.3227,-0.9488,8.5223,18.2659,0.0102,0.7021,0.0068,0.5022,0.0102,0.6652,10.3017,0.0,DecisionTree,0.9162952364160344,0.8919189811706134,0.9246227904435651,0.9220271228021388,0.9235772615455543,0.9233432920230252,0.9131965586376078,0.9093651356045713,0.9222646695621981
mv,x6,40768.0,0.2513,0.9824,-37.3515,12.114,-11.0516,-9.2121,10.8291,-0.3227,-0.9488,8.5223,18.2659,0.0102,0.7021,0.0068,0.5022,0.0102,0.6652,10.3017,0.0,LogisticRegression,0.9093789537172077,0.867604323680568,0.9112508217230034,0.9121696605873879,0.9120490904373669,0.911985328072384,0.9095483148898422,0.8942422766473757,0.9118177604827197
mv,x6,40768.0,0.2513,0.9824,-37.3515,12.114,-11.0516,-9.2121,10.8291,-0.3227,-0.9488,8.5223,18.2659,0.0102,0.7021,0.0068,0.5022,0.0102,0.6652,10.3017,0.0,KNN,0.9213626954889232,0.8960264589340861,0.9234063698987802,0.9229842394309153,0.9228408696134107,0.9229481316654922,0.9208053440643674,0.9108436379606548,0.9228279380472302
mv,x6,40768.0,0.2513,0.9824,-37.3515,12.114,-11.0516,-9.2121,10.8291,-0.3227,-0.9488,8.5223,18.2659,0.0102,0.7021,0.0068,0.5022,0.0102,0.6652,10.3017,0.0,RandomForest,0.9272671927318514,0.9024849655682329,0.9280288294781636,0.9283298623703597,0.9281561614461846,0.9282462967103291,0.9274850116652796,0.9138059599259933,0.9281027652415833
mv,x6,40768.0,0.2513,0.9824,-37.3515,12.114,-11.0516,-9.2121,10.8291,-0.3227,-0.9488,8.5223,18.2659,0.0102,0.7021,0.0068,0.5022,0.0102,0.6652,10.3017,0.0,AdaBoost,0.9175297365483592,0.9030837779835659,0.9262772529504637,0.9267835272091856,0.927493790018024,0.9274702190439827,0.923337278883558,0.9085852761110068,0.9276151247318625
mv,x6,40768.0,0.2513,0.9824,-37.3515,12.114,-11.0516,-9.2121,10.8291,-0.3227,-0.9488,8.5223,18.2659,0.0102,0.7021,0.0068,0.5022,0.0102,0.6652,10.3017,0.0,SVC,0.8788217378113861,0.856378360867955,0.8862980360743618,0.8871332465777166,0.8872064528052597,0.8870260354412792,0.880851616039654,0.87631794059197,0.8873134943705694
mv,x6,40768.0,0.1996,0.9814,-37.2849,12.3802,-11.0355,-9.2168,10.7662,-0.3245,-0.9405,8.4697,18.1108,0.006,0.6981,0.0037,0.4964,0.0055,0.6589,10.3671,0.0,DecisionTree,0.9241489941314254,0.9000516273012084,0.9329005050160745,0.9311061924377098,0.9308930239085645,0.9309623355790229,0.9183544040590742,0.9208206744619885,0.9307766238402404
mv,x6,40768.0,0.1996,0.9814,-37.2849,12.3802,-11.0355,-9.2168,10.7662,-0.3245,-0.9405,8.4697,18.1108,0.006,0.6981,0.0037,0.4964,0.0055,0.6589,10.3671,0.0,LogisticRegression,0.9178762474757989,0.8802389883505735,0.9209049215697673,0.9211300722426196,0.920921696414074,0.9207334003196324,0.9169145995944205,0.9019668789967399,0.9206382951291651
mv,x6,40768.0,0.1996,0.9814,-37.2849,12.3802,-11.0355,-9.2168,10.7662,-0.3245,-0.9405,8.4697,18.1108,0.006,0.6981,0.0037,0.4964,0.0055,0.6589,10.3671,0.0,KNN,0.9304886141119513,0.9050668370171477,0.9321980278636799,0.9315736451967964,0.9313851421106643,0.9315155808718396,0.9299946267456194,0.9188297701248697,0.9317221363540634
mv,x6,40768.0,0.1996,0.9814,-37.2849,12.3802,-11.0355,-9.2168,10.7662,-0.3245,-0.9405,8.4697,18.1108,0.006,0.6981,0.0037,0.4964,0.0055,0.6589,10.3671,0.0,RandomForest,0.9348650268633252,0.9104034740058002,0.9353559069717321,0.9360728353380687,0.9357840714433252,0.9358693587355508,0.9351703517152401,0.9244205799384356,0.9354851260205985
mv,x6,40768.0,0.1996,0.9814,-37.2849,12.3802,-11.0355,-9.2168,10.7662,-0.3245,-0.9405,8.4697,18.1108,0.006,0.6981,0.0037,0.4964,0.0055,0.6589,10.3671,0.0,AdaBoost,0.92651507843922,0.9059476222510816,0.9344066872684599,0.9347853636212495,0.9335986715068154,0.9344139380736227,0.9296050176657563,0.92104917898971,0.9350395881029556
mv,x6,40768.0,0.1996,0.9814,-37.2849,12.3802,-11.0355,-9.2168,10.7662,-0.3245,-0.9405,8.4697,18.1108,0.006,0.6981,0.0037,0.4964,0.0055,0.6589,10.3671,0.0,SVC,0.8858541814299247,0.8674374593968318,0.8920561325961714,0.8921676953996358,0.8924141660084071,0.8920669494641953,0.8870103898720476,0.8829919655474738,0.8919542697266637
mv,x6,40768.0,0.1512,0.9798,-37.2849,12.3802,-10.9924,-9.152,10.8022,-0.3273,-0.9399,8.4762,18.1561,0.0093,0.7007,0.0059,0.4997,0.0088,0.6626,10.4235,0.0,DecisionTree,0.9297958833238116,0.9103871089091451,0.9382627023959521,0.9388118704625867,0.9377531258096263,0.9388137349709391,0.9202394308240589,0.9273839850391237,0.9388362359128438
mv,x6,40768.0,0.1512,0.9798,-37.2849,12.3802,-10.9924,-9.152,10.8022,-0.3273,-0.9399,8.4762,18.1561,0.0093,0.7007,0.0059,0.4997,0.0088,0.6626,10.4235,0.0,LogisticRegression,0.9209886077918824,0.894949967388649,0.9267362197043768,0.9267532325502363,0.926814208923251,0.9266675885427738,0.9167107287057459,0.907714301567426,0.9266467723459928
mv,x6,40768.0,0.1512,0.9798,-37.2849,12.3802,-10.9924,-9.152,10.8022,-0.3273,-0.9399,8.4762,18.1561,0.0093,0.7007,0.0059,0.4997,0.0088,0.6626,10.4235,0.0,KNN,0.9339631046716559,0.9128828479293544,0.9368688046090992,0.9367633893719554,0.9367375380286984,0.9370079029945371,0.9335121648555041,0.9264665702338584,0.9370269310473998
mv,x6,40768.0,0.1512,0.9798,-37.2849,12.3802,-10.9924,-9.152,10.8022,-0.3273,-0.9399,8.4762,18.1561,0.0093,0.7007,0.0059,0.4997,0.0088,0.6626,10.4235,0.0,RandomForest,0.9393106351670522,0.9197123917801389,0.9397453176244477,0.9399504134485346,0.9407229308107932,0.9399721438858544,0.9394325560611351,0.9313667237245598,0.940213497351045
mv,x6,40768.0,0.1512,0.9798,-37.2849,12.3802,-10.9924,-9.152,10.8022,-0.3273,-0.9399,8.4762,18.1561,0.0093,0.7007,0.0059,0.4997,0.0088,0.6626,10.4235,0.0,AdaBoost,0.9333412625875762,0.9140055338051664,0.9385681947672578,0.9388133209406713,0.9389523633700155,0.9394436588726873,0.9348838954605427,0.925308398462262,0.9394194233995814
mv,x6,40768.0,0.1512,0.9798,-37.2849,12.3802,-10.9924,-9.152,10.8022,-0.3273,-0.9399,8.4762,18.1561,0.0093,0.7007,0.0059,0.4997,0.0088,0.6626,10.4235,0.0,SVC,0.8936218829443829,0.8784056352788459,0.8989048381657061,0.8990081259387412,0.8990683680932274,0.8990663423022331,0.8943736606836541,0.8907302108204459,0.8988659516298494
mv,x6,40768.0,0.1008,0.9794,-37.3515,12.114,-11.0577,-9.2634,10.8224,-0.318,-0.951,8.5343,18.2814,0.009,0.7019,0.0056,0.5007,0.0084,0.6638,10.4805,0.0,DecisionTree,0.9387808126032677,0.9264751649041159,0.9434453379846439,0.944626816589171,0.9436038050829975,0.9443271719033463,0.9364118026503028,0.9363119890656683,0.9442555246820216
mv,x6,40768.0,0.1008,0.9794,-37.3515,12.114,-11.0577,-9.2634,10.8224,-0.318,-0.951,8.5343,18.2814,0.009,0.7019,0.0056,0.5007,0.0084,0.6638,10.4805,0.0,LogisticRegression,0.9182603182559621,0.9124642374256822,0.9335912680945412,0.9333615476443325,0.9333580427000719,0.9331716943442367,0.9165926611878887,0.9156728113641726,0.9330643086859673
mv,x6,40768.0,0.1008,0.9794,-37.3515,12.114,-11.0577,-9.2634,10.8224,-0.318,-0.951,8.5343,18.2814,0.009,0.7019,0.0056,0.5007,0.0084,0.6638,10.4805,0.0,KNN,0.9405918336630319,0.9234077964391396,0.9419751087125452,0.9423841645465714,0.9420711477235905,0.9422641831208376,0.9408081698740444,0.9350610288097705,0.9423456616236194
mv,x6,40768.0,0.1008,0.9794,-37.3515,12.114,-11.0577,-9.2634,10.8224,-0.318,-0.951,8.5343,18.2814,0.009,0.7019,0.0056,0.5007,0.0084,0.6638,10.4805,0.0,RandomForest,0.9451891564274066,0.9290537518083324,0.945848628375442,0.9459768933188282,0.945742839051817,0.9456860339352,0.9450061486995818,0.9397080321876989,0.9457488287137363
mv,x6,40768.0,0.1008,0.9794,-37.3515,12.114,-11.0577,-9.2634,10.8224,-0.318,-0.951,8.5343,18.2814,0.009,0.7019,0.0056,0.5007,0.0084,0.6638,10.4805,0.0,AdaBoost,0.9411404158921949,0.9233466875055745,0.9442283072691251,0.9445436301751075,0.9439036161939515,0.944597706335983,0.9412314066378544,0.9363801515611128,0.9446914261807268
mv,x6,40768.0,0.1008,0.9794,-37.3515,12.114,-11.0577,-9.2634,10.8224,-0.318,-0.951,8.5343,18.2814,0.009,0.7019,0.0056,0.5007,0.0084,0.6638,10.4805,0.0,SVC,0.9024957055003708,0.8918039613977272,0.9049957901453705,0.9046991248152934,0.9049022662641394,0.9046770797209607,0.9028992230175846,0.899602502765126,0.9047606238766175
mv,x6,40768.0,0.0484,0.9779,-37.3515,12.3802,-11.0348,-9.2112,10.7956,-0.3233,-0.9449,8.4905,18.2001,0.0074,0.7005,0.0046,0.4992,0.0069,0.6623,10.5351,0.0,DecisionTree,0.9492723092877284,0.9379915015675454,0.9523855262459126,0.9511751064893958,0.9518571705221618,0.952117750779784,0.9490503800726636,0.9473411045199963,0.9522800567614453
mv,x6,40768.0,0.0484,0.9779,-37.3515,12.3802,-11.0348,-9.2112,10.7956,-0.3233,-0.9449,8.4905,18.2001,0.0074,0.7005,0.0046,0.4992,0.0069,0.6623,10.5351,0.0,LogisticRegression,0.9308822269927597,0.9347214137159883,0.9446461868348096,0.9446649736244341,0.9446639816524172,0.9445811111750786,0.9296485110802515,0.9298398758675825,0.9445599038428405
mv,x6,40768.0,0.0484,0.9779,-37.3515,12.3802,-11.0348,-9.2112,10.7956,-0.3233,-0.9449,8.4905,18.2001,0.0074,0.7005,0.0046,0.4992,0.0069,0.6623,10.5351,0.0,KNN,0.948607680145224,0.938369967846981,0.9505028041908601,0.9503631496276834,0.9504642004266537,0.9504042561590281,0.9490766242343697,0.9460804014302865,0.9504256086359606
mv,x6,40768.0,0.0484,0.9779,-37.3515,12.3802,-11.0348,-9.2112,10.7956,-0.3233,-0.9449,8.4905,18.2001,0.0074,0.7005,0.0046,0.4992,0.0069,0.6623,10.5351,0.0,RandomForest,0.9530534034517277,0.9429700238561908,0.9539759499231926,0.9540342004944695,0.954260208747421,0.9541151653784359,0.9532960736750714,0.9508629810382252,0.9539122970868603
mv,x6,40768.0,0.0484,0.9779,-37.3515,12.3802,-11.0348,-9.2112,10.7956,-0.3233,-0.9449,8.4905,18.2001,0.0074,0.7005,0.0046,0.4992,0.0069,0.6623,10.5351,0.0,AdaBoost,0.9504474890702259,0.9379856056143513,0.9512062901924452,0.9517004542249319,0.9523774346909051,0.9523188777186022,0.9509388306714333,0.9471897873222968,0.9519913667730137
mv,x6,40768.0,0.0484,0.9779,-37.3515,12.3802,-11.0348,-9.2112,10.7956,-0.3233,-0.9449,8.4905,18.2001,0.0074,0.7005,0.0046,0.4992,0.0069,0.6623,10.5351,0.0,SVC,0.9110024268326499,0.9053111381855494,0.9120334397899165,0.9120993097085957,0.9121803314384771,0.9121186964153771,0.9113257464559312,0.9103101294301619,0.9119996994448571
stars,L,240.0,0.475,0.8968,0.0001,849420.0,91263.6075,0.0256,168051.1029,2.4072,6.5663,0.0255,151499.9993,0.4563,0.6643,0.7095,0.72,0.8899,0.8994,4.6891,0.0008,DecisionTree,0.985954246370913,0.979026336318003,0.985954246370913,0.985954246370913,0.985954246370913,0.985954246370913,1.0,1.0,0.985954246370913
stars,L,240.0,0.475,0.8968,0.0001,849420.0,91263.6075,0.0256,168051.1029,2.4072,6.5663,0.0255,151499.9993,0.4563,0.6643,0.7095,0.72,0.8899,0.8994,4.6891,0.0008,LogisticRegression,0.9754616510843378,0.9722059760544692,0.9786874086764438,0.975284966259231,0.9824993365741954,0.9786874086764438,0.968640353519115,0.9722059760544692,0.9722059760544692
stars,L,240.0,0.475,0.8968,0.0001,849420.0,91263.6075,0.0256,168051.1029,2.4072,6.5663,0.0255,151499.9993,0.4563,0.6643,0.7095,0.72,0.8899,0.8994,4.6891,0.0008,KNN,0.9298842388879622,0.922776351032948,0.9294135904726128,0.9227760402812175,0.9224941313309316,0.9402231361546127,0.9441575793409213,0.922776351032948,0.922776351032948
stars,L,240.0,0.475,0.8968,0.0001,849420.0,91263.6075,0.0256,168051.1029,2.4072,6.5663,0.0255,151499.9993,0.4563,0.6643,0.7095,0.72,0.8899,0.8994,4.6891,0.0008,RandomForest,1.0,0.9965109427609428,0.9965277777777778,0.9930364774114774,0.9930364774114774,0.9965277777777778,1.0,0.9895562594758501,0.9930116466812373
stars,L,240.0,0.475,0.8968,0.0001,849420.0,91263.6075,0.0256,168051.1029,2.4072,6.5663,0.0255,151499.9993,0.4563,0.6643,0.7095,0.72,0.8899,0.8994,4.6891,0.0008,AdaBoost,0.5197766027249723,0.5197766027249723,0.5197766027249723,0.5197766027249723,0.5197766027249723,0.5197766027249723,0.5197766027249723,0.5197766027249723,0.5197766027249723
stars,L,240.0,0.475,0.8968,0.0001,849420.0,91263.6075,0.0256,168051.1029,2.4072,6.5663,0.0255,151499.9993,0.4563,0.6643,0.7095,0.72,0.8899,0.8994,4.6891,0.0008,SVC,0.9403278428926869,0.9403278428926869,0.9403278428926869,0.9403278428926869,0.9403278428926869,0.9403278428926869,0.9403278428926869,0.9403278428926869,0.9403278428926869
stars,L,240.0,0.4208,0.9137,0.0001,834042.0,111134.3688,0.0085,184560.5051,2.0061,4.001,0.0084,199999.9992,0.5194,0.7018,0.6897,0.6937,0.877,0.8816,4.8011,0.0005,DecisionTree,0.985954246370913,0.985954246370913,0.985954246370913,0.985954246370913,0.9824651891318558,0.985954246370913,1.0,1.0,0.985954246370913
stars,L,240.0,0.4208,0.9137,0.0001,834042.0,111134.3688,0.0085,184560.5051,2.0061,4.001,0.0084,199999.9992,0.5194,0.7018,0.6897,0.6937,0.877,0.8816,4.8011,0.0005,LogisticRegression,0.9652878363238295,0.9722059760544692,0.9786874086764438,0.9684113182793856,0.9717864676222769,0.9789255764792667,0.9756699014493981,0.9722059760544692,0.9722059760544692
stars,L,240.0,0.4208,0.9137,0.0001,834042.0,111134.3688,0.0085,184560.5051,2.0061,4.001,0.0084,199999.9992,0.5194,0.7018,0.6897,0.6937,0.877,0.8816,4.8011,0.0005,KNN,0.9333359617271262,0.9266931974089232,0.9333686414656883,0.9333686414656883,0.9333686414656883,0.9333359617271262,0.9333359617271262,0.9266931974089232,0.9266931974089232
stars,L,240.0,0.4208,0.9137,0.0001,834042.0,111134.3688,0.0085,184560.5051,2.0061,4.001,0.0084,199999.9992,0.5194,0.7018,0.6897,0.6937,0.877,0.8816,4.8011,0.0005,RandomForest,0.9965316400939316,1.0,1.0,1.0,1.0,1.0,0.9965316400939316,0.9930482351914446,1.0
stars,L,240.0,0.4208,0.9137,0.0001,834042.0,111134.3688,0.0085,184560.5051,2.0061,4.001,0.0084,199999.9992,0.5194,0.7018,0.6897,0.6937,0.877,0.8816,4.8011,0.0005,AdaBoost,0.5197766027249723,0.5197766027249723,0.5197766027249723,0.5197766027249723,0.5197766027249723,0.5197766027249723,0.5197766027249723,0.5197766027249723,0.5197766027249723
stars,L,240.0,0.4208,0.9137,0.0001,834042.0,111134.3688,0.0085,184560.5051,2.0061,4.001,0.0084,199999.9992,0.5194,0.7018,0.6897,0.6937,0.877,0.8816,4.8011,0.0005,SVC,0.9412455596559542,0.944676203858695,0.9403278428926869,0.9436036726368614,0.9403278428926869,0.9436036726368614,0.9474913400661956,0.944676203858695,0.944676203858695
stars,L,240.0,0.4208,0.9209,0.0001,849420.0,127479.172,0.153,202628.2038,1.9166,3.3165,0.1529,201999.9992,0.5258,0.6976,0.6692,0.6718,0.8628,0.8674,4.811,0.0005,DecisionTree,0.985954246370913,0.982490320975984,0.985954246370913,0.985954246370913,0.985954246370913,0.985954246370913,1.0,1.0,0.985954246370913
stars,L,240.0,0.4208,0.9209,0.0001,849420.0,127479.172,0.153,202628.2038,1.9166,3.3165,0.1529,201999.9992,0.5258,0.6976,0.6692,0.6718,0.8628,0.8674,4.811,0.0005,LogisticRegression,0.9824483082706766,0.9756699014493981,0.9716990553576811,0.9645756297055962,0.9716990553576811,0.9754616510843378,0.9754616510843378,0.9756699014493981,0.9756699014493981
stars,L,240.0,0.4208,0.9209,0.0001,849420.0,127479.172,0.153,202628.2038,1.9166,3.3165,0.1529,201999.9992,0.5258,0.6976,0.6692,0.6718,0.8628,0.8674,4.811,0.0005,KNN,0.9189338421727397,0.9116803819398888,0.9192737222822632,0.9222024684574099,0.9187155417043541,0.9260894205142485,0.9261272442857323,0.9116803819398888,0.9116803819398888
stars,L,240.0,0.4208,0.9209,0.0001,849420.0,127479.172,0.153,202628.2038,1.9166,3.3165,0.1529,201999.9992,0.5258,0.6976,0.6692,0.6718,0.8628,0.8674,4.811,0.0005,RandomForest,0.986092032967033,0.9930364774114774,0.9930364774114774,0.9965277777777778,0.9930364774114774,0.9930364774114774,0.9965007039202946,0.9790098019264686,0.9930364774114774
stars,L,240.0,0.4208,0.9209,0.0001,849420.0,127479.172,0.153,202628.2038,1.9166,3.3165,0.1529,201999.9992,0.5258,0.6976,0.6692,0.6718,0.8628,0.8674,4.811,0.0005,AdaBoost,0.5197766027249723,0.5197766027249723,0.5197766027249723,0.5197766027249723,0.5197766027249723,0.5197766027249723,0.5197766027249723,0.5197766027249723,0.5197766027249723
stars,L,240.0,0.4208,0.9209,0.0001,849420.0,127479.172,0.153,202628.2038,1.9166,3.3165,0.1529,201999.9992,0.5258,0.6976,0.6692,0.6718,0.8628,0.8674,4.811,0.0005,SVC,0.9370917692305041,0.9370917692305041,0.9403278428926869,0.9436036726368614,0.9369112967483535,0.9369112967483535,0.940187126492528,0.9370917692305041,0.9370917692305041
stars,L,240.0,0.3875,0.8844,0.0001,849420.0,116232.7545,0.0122,190679.1408,1.9749,3.7741,0.0121,199999.9992,0.5146,0.691,0.6621,0.6905,0.8643,0.8799,4.8131,0.0007,DecisionTree,0.985954246370913,0.982490320975984,0.985954246370913,0.985954246370913,0.985954246370913,0.985954246370913,1.0,1.0,0.985954246370913
stars,L,240.0,0.3875,0.8844,0.0001,849420.0,116232.7545,0.0122,190679.1408,1.9749,3.7741,0.0121,199999.9992,0.5146,0.691,0.6621,0.6905,0.8643,0.8799,4.8131,0.0007,LogisticRegression,0.9752284139674491,0.9789255764792667,0.9895943177193177,0.9821601932018599,0.9826318057664656,0.9754616510843378,0.9752234832815148,0.9789255764792667,0.9789255764792667
stars,L,240.0,0.3875,0.8844,0.0001,849420.0,116232.7545,0.0122,190679.1408,1.9749,3.7741,0.0121,199999.9992,0.5146,0.691,0.6621,0.6905,0.8643,0.8799,4.8131,0.0007,KNN,0.929368207190438,0.9260062142451116,0.9227099015043545,0.9259792715763183,0.9261692454080578,0.9369676349498837,0.9258243359382334,0.9260062142451116,0.9297822735767265
stars,L,240.0,0.3875,0.8844,0.0001,849420.0,116232.7545,0.0122,190679.1408,1.9749,3.7741,0.0121,199999.9992,0.5146,0.691,0.6621,0.6905,0.8643,0.8799,4.8131,0.0007,RandomForest,0.9930443728752908,0.9894982298474946,0.9930364774114774,1.0,0.9965277777777778,1.0,0.9965316400939316,0.9930443728752908,0.9930387205387206
stars,L,240.0,0.3875,0.8844,0.0001,849420.0,116232.7545,0.0122,190679.1408,1.9749,3.7741,0.0121,199999.9992,0.5146,0.691,0.6621,0.6905,0.8643,0.8799,4.8131,0.0007,AdaBoost,0.5197766027249723,0.5197766027249723,0.5197766027249723,0.5197766027249723,0.5197766027249723,0.5197766027249723,0.5197766027249723,0.5197766027249723,0.5197766027249723
stars,L,240.0,0.3875,0.8844,0.0001,849420.0,116232.7545,0.0122,190679.1408,1.9749,3.7741,0.0121,199999.9992,0.5146,0.691,0.6621,0.6905,0.8643,0.8799,4.8131,0.0007,SVC,0.9366885995565011,0.940187126492528,0.940187126492528,0.940187126492528,0.940187126492528,0.940187126492528,0.940187126492528,0.940187126492528,0.940187126492528
stars,L,240.0,0.275,0.8793,0.0001,849420.0,100200.8743,0.0076,177257.4631,2.2514,5.4378,0.0075,193249.9992,0.4648,0.7028,0.6902,0.6919,0.8749,0.8811,4.9827,0.0005,DecisionTree,0.985954246370913,0.985954246370913,0.985954246370913,0.985954246370913,0.985954246370913,0.985954246370913,1.0,1.0,0.985954246370913
stars,L,240.0,0.275,0.8793,0.0001,849420.0,100200.8743,0.0076,177257.4631,2.2514,5.4378,0.0075,193249.9992,0.4648,0.7028,0.6902,0.6919,0.8749,0.8811,4.9827,0.0005,LogisticRegression,0.975483416787107,0.9719680893550002,0.9682402739956739,0.9718353088369277,0.9717293312347312,0.9754616510843378,0.968499980852603,0.9719680893550002,0.9719680893550002
stars,L,240.0,0.275,0.8793,0.0001,849420.0,100200.8743,0.0076,177257.4631,2.2514,5.4378,0.0075,193249.9992,0.4648,0.7028,0.6902,0.6919,0.8749,0.8811,4.9827,0.0005,KNN,0.901462624045139,0.911766847952408,0.9255934561607851,0.9076745782401426,0.921965626942678,0.9154715079281972,0.9190179578471961,0.911766847952408,0.911766847952408
stars,L,240.0,0.275,0.8793,0.0001,849420.0,100200.8743,0.0076,177257.4631,2.2514,5.4378,0.0075,193249.9992,0.4648,0.7028,0.6902,0.6919,0.8749,0.8811,4.9827,0.0005,RandomForest,0.9965277777777778,1.0,1.0,0.9965277777777778,1.0,1.0,0.9894711559900113,0.9895371813317719,1.0
stars,L,240.0,0.275,0.8793,0.0001,849420.0,100200.8743,0.0076,177257.4631,2.2514,5.4378,0.0075,193249.9992,0.4648,0.7028,0.6902,0.6919,0.8749,0.8811,4.9827,0.0005,AdaBoost,0.5197766027249723,0.5197766027249723,0.5197766027249723,0.5197766027249723,0.5197766027249723,0.5197766027249723,0.5197766027249723,0.5197766027249723,0.5197766027249723
stars,L,240.0,0.275,0.8793,0.0001,849420.0,100200.8743,0.0076,177257.4631,2.2514,5.4378,0.0075,193249.9992,0.4648,0.7028,0.6902,0.6919,0.8749,0.8811,4.9827,0.0005,SVC,0.9405083153748375,0.9405083153748375,0.9369112967483535,0.940187126492528,0.940187126492528,0.9436036726368614,0.9403278428926869,0.9405083153748375,0.9405083153748375
stars,L,240.0,0.2375,0.8962,0.0001,849420.0,111844.6552,0.59,179953.9514,1.8756,3.4022,0.5899,199999.9991,0.5278,0.6959,0.6922,0.708,0.8828,0.8917,5.0551,0.0004,DecisionTree,0.985954246370913,0.985954246370913,0.985954246370913,0.985954246370913,0.985954246370913,0.985954246370913,1.0,1.0,0.985954246370913
stars,L,240.0,0.2375,0.8962,0.0001,849420.0,111844.6552,0.59,179953.9514,1.8756,3.4022,0.5899,199999.9991,0.5278,0.6959,0.6922,0.708,0.8828,0.8917,5.0551,0.0004,LogisticRegression,0.972007436748627,0.9791304070361088,0.9717241872018093,0.9716990553576811,0.9751881125967383,0.9754616510843378,0.9722059760544692,0.9791304070361088,0.9791304070361088
stars,L,240.0,0.2375,0.8962,0.0001,849420.0,111844.6552,0.59,179953.9514,1.8756,3.4022,0.5899,199999.9991,0.5278,0.6959,0.6922,0.708,0.8828,0.8917,5.0551,0.0004,KNN,0.9223400304017247,0.918726147477497,0.9332375011638986,0.9220589122073206,0.9398852065963264,0.9223400304017247,0.9256002496329689,0.918726147477497,0.9223400304017247
stars,L,240.0,0.2375,0.8962,0.0001,849420.0,111844.6552,0.59,179953.9514,1.8756,3.4022,0.5899,199999.9991,0.5278,0.6959,0.6922,0.708,0.8828,0.8917,5.0551,0.0004,RandomForest,0.9965109427609428,1.0,1.0,1.0,1.0,1.0,0.9930555555555556,0.9965316400939316,1.0
stars,L,240.0,0.2375,0.8962,0.0001,849420.0,111844.6552,0.59,179953.9514,1.8756,3.4022,0.5899,199999.9991,0.5278,0.6959,0.6922,0.708,0.8828,0.8917,5.0551,0.0004,AdaBoost,0.5197766027249723,0.5197766027249723,0.5197766027249723,0.5197766027249723,0.5197766027249723,0.5197766027249723,0.5197766027249723,0.5197766027249723,0.5197766027249723
stars,L,240.0,0.2375,0.8962,0.0001,849420.0,111844.6552,0.59,179953.9514,1.8756,3.4022,0.5899,199999.9991,0.5278,0.6959,0.6922,0.708,0.8828,0.8917,5.0551,0.0004,SVC,0.9299120207551399,0.940187126492528,0.9403278428926869,0.9403278428926869,0.9369112967483535,0.9369112967483535,0.9369112967483535,0.940187126492528,0.940187126492528
stars,L,240.0,0.175,0.899,0.0001,849420.0,109172.9209,0.0475,180891.508,2.0482,4.3326,0.0474,197999.9991,0.5344,0.6936,0.701,0.7056,0.8866,0.8885,5.136,0.0003,DecisionTree,0.985954246370913,0.979026336318003,0.985954246370913,0.985954246370913,0.982490320975984,0.985954246370913,1.0,1.0,0.985954246370913
stars,L,240.0,0.175,0.899,0.0001,849420.0,109172.9209,0.0475,180891.508,2.0482,4.3326,0.0474,197999.9991,0.5344,0.6936,0.701,0.7056,0.8866,0.8885,5.136,0.0003,LogisticRegression,0.9754616510843378,0.9754616510843378,0.9647251072856293,0.9611624777178828,0.9611624777178828,0.9611624777178828,0.9648068166148481,0.9754616510843378,0.9754616510843378
stars,L,240.0,0.175,0.899,0.0001,849420.0,109172.9209,0.0475,180891.508,2.0482,4.3326,0.0474,197999.9991,0.5344,0.6936,0.701,0.7056,0.8866,0.8885,5.136,0.0003,KNN,0.9296717795791712,0.9296717795791712,0.9404423459082549,0.9296717795791712,0.9296717795791712,0.9296717795791712,0.9296717795791712,0.9296717795791712,0.9296717795791712
stars,L,240.0,0.175,0.899,0.0001,849420.0,109172.9209,0.0475,180891.508,2.0482,4.3326,0.0474,197999.9991,0.5344,0.6936,0.701,0.7056,0.8866,0.8885,5.136,0.0003,RandomForest,1.0,1.0,1.0,1.0,1.0,1.0,0.9965316400939316,0.9930323440142261,1.0
stars,L,240.0,0.175,0.899,0.0001,849420.0,109172.9209,0.0475,180891.508,2.0482,4.3326,0.0474,197999.9991,0.5344,0.6936,0.701,0.7056,0.8866,0.8885,5.136,0.0003,AdaBoost,0.5197766027249723,0.5197766027249723,0.5197766027249723,0.5197766027249723,0.5197766027249723,0.5197766027249723,0.5197766027249723,0.5197766027249723,0.5197766027249723
stars,L,240.0,0.175,0.899,0.0001,849420.0,109172.9209,0.0475,180891.508,2.0482,4.3326,0.0474,197999.9991,0.5344,0.6936,0.701,0.7056,0.8866,0.8885,5.136,0.0003,SVC,0.9367940696725133,0.9436036726368614,0.940187126492528,0.940187126492528,0.9436036726368614,0.9436036726368614,0.9436036726368614,0.9436036726368614,0.9436036726368614
stars,L,240.0,0.1417,0.8786,0.0001,834042.0,105177.518,0.0215,178821.5556,2.0414,4.1471,0.0214,199499.9992,0.5019,0.701,0.7071,0.7191,0.891,0.8973,5.1453,0.0004,DecisionTree,0.985954246370913,0.982490320975984,0.985954246370913,0.985954246370913,0.982490320975984,0.985954246370913,1.0,1.0,0.985954246370913
stars,L,240.0,0.1417,0.8786,0.0001,834042.0,105177.518,0.0215,178821.5556,2.0414,4.1471,0.0214,199499.9992,0.5019,0.701,0.7071,0.7191,0.891,0.8973,5.1453,0.0004,LogisticRegression,0.9789255764792667,0.9685528191755058,0.9786874086764438,0.9716990553576811,0.9786874086764438,0.9786874086764438,0.9720167445704347,0.9685528191755058,0.9685528191755058
stars,L,240.0,0.1417,0.8786,0.0001,834042.0,105177.518,0.0215,178821.5556,2.0414,4.1471,0.0214,199499.9992,0.5019,0.701,0.7071,0.7191,0.891,0.8973,5.1453,0.0004,KNN,0.9299637227859535,0.9225453558010156,0.9333486801639665,0.9332996087972782,0.9369765093820736,0.9332996087972782,0.9332996087972782,0.9225453558010156,0.9225453558010156
stars,L,240.0,0.1417,0.8786,0.0001,834042.0,105177.518,0.0215,178821.5556,2.0414,4.1471,0.0214,199499.9992,0.5019,0.701,0.7071,0.7191,0.891,0.8973,5.1453,0.0004,RandomForest,1.0,1.0,1.0,1.0,1.0,1.0,1.0,0.9930555555555556,1.0
stars,L,240.0,0.1417,0.8786,0.0001,834042.0,105177.518,0.0215,178821.5556,2.0414,4.1471,0.0214,199499.9992,0.5019,0.701,0.7071,0.7191,0.891,0.8973,5.1453,0.0004,AdaBoost,0.5197766027249723,0.5197766027249723,0.5197766027249723,0.5197766027249723,0.5197766027249723,0.5197766027249723,0.5197766027249723,0.5197766027249723,0.5197766027249723
stars,L,240.0,0.1417,0.8786,0.0001,834042.0,105177.518,0.0215,178821.5556,2.0414,4.1471,0.0214,199499.9992,0.5019,0.701,0.7071,0.7191,0.891,0.8973,5.1453,0.0004,SVC,0.9436036726368614,0.9436036726368614,0.9479998537927928,0.9369112967483535,0.9369112967483535,0.9403278428926869,0.9403278428926869,0.9436036726368614,0.9436036726368614
stars,L,240.0,0.1125,0.8826,0.0001,849420.0,108690.9188,0.153,179375.1869,2.0703,4.5361,0.1529,199999.9991,0.4852,0.6887,0.6926,0.7072,0.8829,0.8919,5.1819,0.0003,DecisionTree,0.985954246370913,0.9790362879520585,0.9821767275933942,0.985954246370913,0.985954246370913,0.985954246370913,1.0,1.0,0.985954246370913
stars,L,240.0,0.1125,0.8826,0.0001,849420.0,108690.9188,0.153,179375.1869,2.0703,4.5361,0.1529,199999.9991,0.4852,0.6887,0.6926,0.7072,0.8829,0.8919,5.1819,0.0003,LogisticRegression,0.9789255764792667,0.9650263340050644,0.9786874086764438,0.9751881125967383,0.9752286273144366,0.9719811320348223,0.9754616510843378,0.9650263340050644,0.9650263340050644
stars,L,240.0,0.1125,0.8826,0.0001,849420.0,108690.9188,0.153,179375.1869,2.0703,4.5361,0.1529,199999.9991,0.4852,0.6887,0.6926,0.7072,0.8829,0.8919,5.1819,0.0003,KNN,0.915526599591701,0.9224090322601499,0.9262468355807119,0.9224090322601499,0.9224090322601499,0.9224090322601499,0.9296071007944253,0.9224090322601499,0.9224090322601499
stars,L,240.0,0.1125,0.8826,0.0001,849420.0,108690.9188,0.153,179375.1869,2.0703,4.5361,0.1529,199999.9991,0.4852,0.6887,0.6926,0.7072,0.8829,0.8919,5.1819,0.0003,RandomForest,0.9965007039202946,1.0,1.0,1.0,1.0,1.0,0.9965109427609428,0.9860027960839429,1.0
stars,L,240.0,0.1125,0.8826,0.0001,849420.0,108690.9188,0.153,179375.1869,2.0703,4.5361,0.1529,199999.9991,0.4852,0.6887,0.6926,0.7072,0.8829,0.8919,5.1819,0.0003,AdaBoost,0.5197766027249723,0.5197766027249723,0.5197766027249723,0.5197766027249723,0.5197766027249723,0.5197766027249723,0.5197766027249723,0.5197766027249723,0.5197766027249723
stars,L,240.0,0.1125,0.8826,0.0001,849420.0,108690.9188,0.153,179375.1869,2.0703,4.5361,0.1529,199999.9991,0.4852,0.6887,0.6926,0.7072,0.8829,0.8919,5.1819,0.0003,SVC,0.9370917692305041,0.9370917692305041,0.940187126492528,0.940187126492528,0.940187126492528,0.9369112967483535,0.940187126492528,0.9370917692305041,0.9370917692305041
stars,L,240.0,0.0417,0.8783,0.0001,849420.0,108918.7251,0.119,181706.1694,2.0263,4.1472,0.1189,198149.9991,0.5297,0.6926,0.7068,0.7087,0.891,0.8933,5.2516,0.0003,DecisionTree,0.985954246370913,0.982490320975984,0.982490320975984,0.985954246370913,0.982490320975984,0.985954246370913,1.0,1.0,0.9825002133469876
stars,L,240.0,0.0417,0.8783,0.0001,849420.0,108918.7251,0.119,181706.1694,2.0263,4.1472,0.1189,198149.9991,0.5297,0.6926,0.7068,0.7087,0.891,0.8933,5.2516,0.0003,LogisticRegression,0.9789255764792667,0.9685223506728151,0.9751881125967383,0.9751881125967383,0.9719324375668696,0.9786874086764438,0.9751881125967383,0.9685223506728151,0.9685223506728151
stars,L,240.0,0.0417,0.8783,0.0001,849420.0,108918.7251,0.119,181706.1694,2.0263,4.1472,0.1189,198149.9991,0.5297,0.6926,0.7068,0.7087,0.891,0.8933,5.2516,0.0003,KNN,0.9262468355807119,0.9262468355807119,0.9259792715763183,0.9296071007944253,0.9296071007944253,0.9262468355807119,0.9259792715763183,0.9262468355807119,0.9262468355807119
stars,L,240.0,0.0417,0.8783,0.0001,849420.0,108918.7251,0.119,181706.1694,2.0263,4.1472,0.1189,198149.9991,0.5297,0.6926,0.7068,0.7087,0.891,0.8933,5.2516,0.0003,RandomForest,1.0,1.0,1.0,1.0,1.0,1.0,0.9965316400939316,0.9965316400939316,1.0
stars,L,240.0,0.0417,0.8783,0.0001,849420.0,108918.7251,0.119,181706.1694,2.0263,4.1472,0.1189,198149.9991,0.5297,0.6926,0.7068,0.7087,0.891,0.8933,5.2516,0.0003,AdaBoost,0.5197766027249723,0.5197766027249723,0.5197766027249723,0.5197766027249723,0.5197766027249723,0.5197766027249723,0.5197766027249723,0.5197766027249723,0.5197766027249723
stars,L,240.0,0.0417,0.8783,0.0001,849420.0,108918.7251,0.119,181706.1694,2.0263,4.1472,0.1189,198149.9991,0.5297,0.6926,0.7068,0.7087,0.891,0.8933,5.2516,0.0003,SVC,0.940187126492528,0.940187126492528,0.9369112967483535,0.9369112967483535,0.9369112967483535,0.9369112967483535,0.9369112967483535,0.940187126492528,0.940187126492528
stars,R,240.0,0.4708,0.9291,0.0088,1948.5,170.6672,0.38,455.7857,2.6,5.0648,0.3708,24.4016,0.5116,0.5427,0.6696,0.7265,0.8385,0.9022,4.7459,0.0005,DecisionTree,1.0,1.0,0.9897094289455401,1.0,0.9965322122889173,1.0,1.0,1.0,0.9965700360604012
stars,R,240.0,0.4708,0.9291,0.0088,1948.5,170.6672,0.38,455.7857,2.6,5.0648,0.3708,24.4016,0.5116,0.5427,0.6696,0.7265,0.8385,0.9022,4.7459,0.0005,LogisticRegression,0.9688152148772786,0.9550357827407558,0.9688441588547456,0.9786874086764438,0.9656563383243049,0.9509719307860369,0.9581007758340352,0.9581185731499351,0.9483153526332289
stars,R,240.0,0.4708,0.9291,0.0088,1948.5,170.6672,0.38,455.7857,2.6,5.0648,0.3708,24.4016,0.5116,0.5427,0.6696,0.7265,0.8385,0.9022,4.7459,0.0005,KNN,0.897513213170693,0.8942918933852594,0.9260851236906399,0.9333486801639665,0.9090673887960622,0.9084514579347331,0.8979509269637083,0.8870870761425445,0.8872637470663418
stars,R,240.0,0.4708,0.9291,0.0088,1948.5,170.6672,0.38,455.7857,2.6,5.0648,0.3708,24.4016,0.5116,0.5427,0.6696,0.7265,0.8385,0.9022,4.7459,0.0005,RandomForest,0.9861059670781893,0.986114973427265,0.9930438645716424,0.9965277777777778,0.9965316400939316,0.9895820516165653,0.9791161811567335,0.9757193629415852,0.9826638073860297
stars,R,240.0,0.4708,0.9291,0.0088,1948.5,170.6672,0.38,455.7857,2.6,5.0648,0.3708,24.4016,0.5116,0.5427,0.6696,0.7265,0.8385,0.9022,4.7459,0.0005,AdaBoost,0.3548616179123842,0.3548616179123842,0.3548616179123842,0.3548616179123842,0.3548616179123842,0.3548616179123842,0.3548616179123842,0.3548616179123842,0.3548616179123842
stars,R,240.0,0.4708,0.9291,0.0088,1948.5,170.6672,0.38,455.7857,2.6,5.0648,0.3708,24.4016,0.5116,0.5427,0.6696,0.7265,0.8385,0.9022,4.7459,0.0005,SVC,0.8711594932482377,0.8714805474580238,0.9479449033621814,0.9514163999371262,0.9373882566605125,0.8990892297801265,0.8818895067825671,0.8677208190668099,0.8827209415411009
stars,R,240.0,0.4333,0.9485,0.0084,1783.0,263.2629,1.113,536.7213,1.7605,1.3214,1.1036,69.1292,0.4572,0.6142,0.6889,0.713,0.8798,0.8919,4.8413,0.0003,DecisionTree,1.0,1.0,0.9809184184184184,1.0,0.9929879148629148,1.0,1.0,1.0,1.0
stars,R,240.0,0.4333,0.9485,0.0084,1783.0,263.2629,1.113,536.7213,1.7605,1.3214,1.1036,69.1292,0.4572,0.6142,0.6889,0.713,0.8798,0.8919,4.8413,0.0003,LogisticRegression,0.9125683436069114,0.9157372747272314,0.9786874086764438,0.9786874086764438,0.9651025269764113,0.9230809622645333,0.9306854586695423,0.9404597921046915,0.9159368038503717
stars,R,240.0,0.4333,0.9485,0.0084,1783.0,263.2629,1.113,536.7213,1.7605,1.3214,1.1036,69.1292,0.4572,0.6142,0.6889,0.713,0.8798,0.8919,4.8413,0.0003,KNN,0.8585398843440213,0.8651817413533227,0.9301553714151022,0.9262941792157874,0.9262941792157874,0.879534071871441,0.879534071871441,0.8804245071465185,0.8357001339241614
stars,R,240.0,0.4333,0.9485,0.0084,1783.0,263.2629,1.113,536.7213,1.7605,1.3214,1.1036,69.1292,0.4572,0.6142,0.6889,0.713,0.8798,0.8919,4.8413,0.0003,RandomForest,0.9897586489013558,0.9965338164251207,0.9965277777777778,0.996496269409155,1.0,0.9965578403078403,0.9930882625763411,0.9828142044569114,0.9930482351914446
stars,R,240.0,0.4333,0.9485,0.0084,1783.0,263.2629,1.113,536.7213,1.7605,1.3214,1.1036,69.1292,0.4572,0.6142,0.6889,0.713,0.8798,0.8919,4.8413,0.0003,AdaBoost,0.3548616179123842,0.3548616179123842,0.3548616179123842,0.3548616179123842,0.34928709490626647,0.3548616179123842,0.3548616179123842,0.3548616179123842,0.3548616179123842
stars,R,240.0,0.4333,0.9485,0.0084,1783.0,263.2629,1.113,536.7213,1.7605,1.3214,1.1036,69.1292,0.4572,0.6142,0.6889,0.713,0.8798,0.8919,4.8413,0.0003,SVC,0.8715625736186993,0.8854066042312405,0.9403278428926869,0.9403278428926869,0.936490700345867,0.899481617033146,0.8990989524295128,0.8666423394368535,0.8749267081787386
stars,R,240.0,0.4083,0.9366,0.0084,1783.0,247.0592,1.855,528.2367,1.8608,1.654,1.8461,41.1496,0.484,0.5812,0.6898,0.6944,0.8763,0.8817,4.8643,0.0004,DecisionTree,1.0,1.0,0.9686632512063649,0.996496269409155,0.983392975448789,1.0,1.0,1.0,1.0
stars,R,240.0,0.4083,0.9366,0.0084,1783.0,247.0592,1.855,528.2367,1.8608,1.654,1.8461,41.1496,0.484,0.5812,0.6898,0.6944,0.8763,0.8817,4.8643,0.0004,LogisticRegression,0.9378100768936815,0.9306602632267231,0.9585317619298083,0.9786874086764438,0.9786874086764438,0.9443696731063065,0.9484558651723201,0.9379041334163409,0.9240993141430944
stars,R,240.0,0.4083,0.9366,0.0084,1783.0,247.0592,1.855,528.2367,1.8608,1.654,1.8461,41.1496,0.484,0.5812,0.6898,0.6944,0.8763,0.8817,4.8643,0.0004,KNN,0.8795628193451756,0.8800534560708472,0.9189435845065282,0.9262941792157874,0.9258801128294988,0.8898597298645317,0.8906733992551461,0.8818012583821407,0.8565442880663088
stars,R,240.0,0.4083,0.9366,0.0084,1783.0,247.0592,1.855,528.2367,1.8608,1.654,1.8461,41.1496,0.484,0.5812,0.6898,0.6944,0.8763,0.8817,4.8643,0.0004,RandomForest,0.9861656605129432,0.9827312893444283,0.996496269409155,0.9930323440142261,0.996496269409155,0.986054830786713,0.9721456902824358,0.9792653093434344,0.9793236106885399
stars,R,240.0,0.4083,0.9366,0.0084,1783.0,247.0592,1.855,528.2367,1.8608,1.654,1.8461,41.1496,0.484,0.5812,0.6898,0.6944,0.8763,0.8817,4.8643,0.0004,AdaBoost,0.3548616179123842,0.3548616179123842,0.3836505441855927,0.3548616179123842,0.3803573845581673,0.3548616179123842,0.3548616179123842,0.3548616179123842,0.3548616179123842
stars,R,240.0,0.4083,0.9366,0.0084,1783.0,247.0592,1.855,528.2367,1.8608,1.654,1.8461,41.1496,0.484,0.5812,0.6898,0.6944,0.8763,0.8817,4.8643,0.0004,SVC,0.8808099343202215,0.8730809646152248,0.9409790562766738,0.9514163999371262,0.9514163999371262,0.9094488409145447,0.9203246136994789,0.8733955497214765,0.8694280302799232
stars,R,240.0,0.3917,0.9315,0.0088,1948.5,215.0149,0.481,511.9733,2.1314,2.7641,0.4712,23.6555,0.5754,0.6189,0.6662,0.7308,0.8297,0.8997,4.8851,0.0004,DecisionTree,1.0,1.0,0.9861329514107292,1.0,1.0,1.0,1.0,1.0,1.0
stars,R,240.0,0.3917,0.9315,0.0088,1948.5,215.0149,0.481,511.9733,2.1314,2.7641,0.4712,23.6555,0.5754,0.6189,0.6662,0.7308,0.8297,0.8997,4.8851,0.0004,LogisticRegression,0.9410597339219642,0.9372109217683653,0.9786874086764438,0.9786874086764438,0.9786874086764438,0.9409030061830073,0.9407345280883294,0.9373549183107867,0.9377102906758994
stars,R,240.0,0.3917,0.9315,0.0088,1948.5,215.0149,0.481,511.9733,2.1314,2.7641,0.4712,23.6555,0.5754,0.6189,0.6662,0.7308,0.8297,0.8997,4.8851,0.0004,KNN,0.8555405334274193,0.8666951616515555,0.9335173643604284,0.9335173643604284,0.9335173643604284,0.8898354152828132,0.8900643530117511,0.8613659840267431,0.8584509559288495
stars,R,240.0,0.3917,0.9315,0.0088,1948.5,215.0149,0.481,511.9733,2.1314,2.7641,0.4712,23.6555,0.5754,0.6189,0.6662,0.7308,0.8297,0.8997,4.8851,0.0004,RandomForest,0.9895721506530686,0.9895721506530686,1.0,1.0,1.0,0.9860651675854626,0.9791855465164645,0.9688434986438459,0.9861059670781893
stars,R,240.0,0.3917,0.9315,0.0088,1948.5,215.0149,0.481,511.9733,2.1314,2.7641,0.4712,23.6555,0.5754,0.6189,0.6662,0.7308,0.8297,0.8997,4.8851,0.0004,AdaBoost,0.3548616179123842,0.3548616179123842,0.3548616179123842,0.3548616179123842,0.3548616179123842,0.3548616179123842,0.3548616179123842,0.3548616179123842,0.3548616179123842
stars,R,240.0,0.3917,0.9315,0.0088,1948.5,215.0149,0.481,511.9733,2.1314,2.7641,0.4712,23.6555,0.5754,0.6189,0.6662,0.7308,0.8297,0.8997,4.8851,0.0004,SVC,0.8540418160039147,0.8791778985803677,0.936856346317742,0.9403278428926869,0.9403278428926869,0.8823312887852293,0.8929107713958427,0.8646739762838566,0.8644521028382989
stars,R,240.0,0.2542,0.933,0.0084,1948.5,242.9997,0.98,525.2688,1.9283,1.9823,0.9708,56.8815,0.5692,0.6022,0.713,0.7307,0.8829,0.9059,5.0915,0.0002,DecisionTree,1.0,1.0,0.978993974132863,1.0,1.0,1.0,1.0,1.0,0.9930346825250477
stars,R,240.0,0.2542,0.933,0.0084,1948.5,242.9997,0.98,525.2688,1.9283,1.9823,0.9708,56.8815,0.5692,0.6022,0.713,0.7307,0.8829,0.9059,5.0915,0.0002,LogisticRegression,0.9303571903035742,0.9337848059188073,0.9786874086764438,0.9786874086764438,0.9786874086764438,0.9338338428293744,0.9408805851801567,0.9338011364064781,0.9130443698322401
stars,R,240.0,0.2542,0.933,0.0084,1948.5,242.9997,0.98,525.2688,1.9283,1.9823,0.9708,56.8815,0.5692,0.6022,0.713,0.7307,0.8829,0.9059,5.0915,0.0002,KNN,0.8836013090803887,0.8614283553902247,0.9333870130118376,0.9298404637756331,0.9333870130118376,0.8821451024328175,0.8784822776879263,0.8869561836196171,0.8508533699224121
stars,R,240.0,0.2542,0.933,0.0084,1948.5,242.9997,0.98,525.2688,1.9283,1.9823,0.9708,56.8815,0.5692,0.6022,0.713,0.7307,0.8829,0.9059,5.0915,0.0002,RandomForest,0.986293857416125,0.9896757337888727,0.996496269409155,0.996496269409155,0.996496269409155,0.9861729569045995,0.9861729569045995,0.9757808163890406,0.9862335740967131
stars,R,240.0,0.2542,0.933,0.0084,1948.5,242.9997,0.98,525.2688,1.9283,1.9823,0.9708,56.8815,0.5692,0.6022,0.713,0.7307,0.8829,0.9059,5.0915,0.0002,AdaBoost,0.3548616179123842,0.3548616179123842,0.5105529675638372,0.3548616179123842,0.3548616179123842,0.3548616179123842,0.3548616179123842,0.3548616179123842,0.3548616179123842
stars,R,240.0,0.2542,0.933,0.0084,1948.5,242.9997,0.98,525.2688,1.9283,1.9823,0.9708,56.8815,0.5692,0.6022,0.713,0.7307,0.8829,0.9059,5.0915,0.0002,SVC,0.9081756326427813,0.8876310670416712,0.9369112967483535,0.9369112967483535,0.9369112967483535,0.8991466653226204,0.9023692874048915,0.8698804597389952,0.8852017741792582
stars,R,240.0,0.2625,0.9209,0.0084,1948.5,234.9255,0.73,520.4532,1.9862,2.2359,0.7206,35.9002,0.5149,0.6081,0.7015,0.7123,0.871,0.8921,5.0635,0.0003,DecisionTree,1.0,1.0,0.9789583615972505,1.0,0.996536074605071,0.9895949202817946,0.9929927099044746,1.0,1.0
stars,R,240.0,0.2625,0.9209,0.0084,1948.5,234.9255,0.73,520.4532,1.9862,2.2359,0.7206,35.9002,0.5149,0.6081,0.7015,0.7123,0.871,0.8921,5.0635,0.0003,LogisticRegression,0.947516200259014,0.9509290182429382,0.9719895739544155,0.9786874086764438,0.9786874086764438,0.9402044819874593,0.9512341430340827,0.95483060035923,0.9444333236203872
stars,R,240.0,0.2625,0.9209,0.0084,1948.5,234.9255,0.73,520.4532,1.9862,2.2359,0.7206,35.9002,0.5149,0.6081,0.7015,0.7123,0.871,0.8921,5.0635,0.0003,KNN,0.9016996086556548,0.90820153873143,0.9259792715763183,0.9259792715763183,0.9259792715763183,0.915164951697671,0.915164951697671,0.9119799200728992,0.9193362766105576
stars,R,240.0,0.2625,0.9209,0.0084,1948.5,234.9255,0.73,520.4532,1.9862,2.2359,0.7206,35.9002,0.5149,0.6081,0.7015,0.7123,0.871,0.8921,5.0635,0.0003,RandomForest,1.0,1.0,1.0,1.0,1.0,0.9930499032189853,0.9930499032189853,0.9965049041135998,1.0
stars,R,240.0,0.2625,0.9209,0.0084,1948.5,234.9255,0.73,520.4532,1.9862,2.2359,0.7206,35.9002,0.5149,0.6081,0.7015,0.7123,0.871,0.8921,5.0635,0.0003,AdaBoost,0.3548616179123842,0.3548616179123842,0.515434335847461,0.3548616179123842,0.3548616179123842,0.35075880820612615,0.3548616179123842,0.3548616179123842,0.3548616179123842
stars,R,240.0,0.2625,0.9209,0.0084,1948.5,234.9255,0.73,520.4532,1.9862,2.2359,0.7206,35.9002,0.5149,0.6081,0.7015,0.7123,0.871,0.8921,5.0635,0.0003,SVC,0.8950055126863684,0.9162508645141313,0.940187126492528,0.940187126492528,0.940187126492528,0.9195239685009353,0.9231102657518642,0.8804074679653069,0.8804074679653069
stars,R,240.0,0.175,0.9091,0.0084,1948.5,221.4618,0.83,502.3352,2.0625,2.5611,0.8201,35.64,0.4872,0.596,0.6923,0.7118,0.8657,0.8937,5.1543,0.0003,DecisionTree,1.0,1.0,0.9755350344981304,1.0,0.9755394763618448,0.9929536594010279,1.0,1.0,1.0
stars,R,240.0,0.175,0.9091,0.0084,1948.5,221.4618,0.83,502.3352,2.0625,2.5611,0.8201,35.64,0.4872,0.596,0.6923,0.7118,0.8657,0.8937,5.1543,0.0003,LogisticRegression,0.9615958717204354,0.9650471264171612,0.9786874086764438,0.9786874086764438,0.9652420521024667,0.9580481602791662,0.9685377201855327,0.955178663381557,0.9275207161406597
stars,R,240.0,0.175,0.9091,0.0084,1948.5,221.4618,0.83,502.3352,2.0625,2.5611,0.8201,35.64,0.4872,0.596,0.6923,0.7118,0.8657,0.8937,5.1543,0.0003,KNN,0.9078793030291721,0.9188673262333789,0.9259792715763183,0.9259792715763183,0.9116012994100993,0.907169768224341,0.907169768224341,0.8862429327681037,0.907169768224341
stars,R,240.0,0.175,0.9091,0.0084,1948.5,221.4618,0.83,502.3352,2.0625,2.5611,0.8201,35.64,0.4872,0.596,0.6923,0.7118,0.8657,0.8937,5.1543,0.0003,RandomForest,0.9895820516165653,0.9930654565190523,1.0,0.9965007039202946,0.9861154817309133,0.9930916567329611,0.9930894804017719,0.9930916567329611,0.9896232968268927
stars,R,240.0,0.175,0.9091,0.0084,1948.5,221.4618,0.83,502.3352,2.0625,2.5611,0.8201,35.64,0.4872,0.596,0.6923,0.7118,0.8657,0.8937,5.1543,0.0003,AdaBoost,0.3548616179123842,0.3548616179123842,0.5296648750191739,0.3548616179123842,0.3778860009106798,0.3548616179123842,0.3548616179123842,0.3548616179123842,0.3548616179123842
stars,R,240.0,0.175,0.9091,0.0084,1948.5,221.4618,0.83,502.3352,2.0625,2.5611,0.8201,35.64,0.4872,0.596,0.6923,0.7118,0.8657,0.8937,5.1543,0.0003,SVC,0.9025190412367081,0.9372533982198997,0.940187126492528,0.9369112967483535,0.9265931348728651,0.9270152169829338,0.9308296155036031,0.9026788490756096,0.9021717763653072
stars,R,240.0,0.1667,0.9,0.0084,1948.5,234.6634,0.8705,511.398,1.9643,2.1509,0.8612,48.6478,0.531,0.6058,0.6959,0.7016,0.8711,0.8869,5.1492,0.0003,DecisionTree,1.0,1.0,0.9895916301606266,1.0,0.982406556372549,1.0,1.0,1.0,0.9930555555555556
stars,R,240.0,0.1667,0.9,0.0084,1948.5,234.6634,0.8705,511.398,1.9643,2.1509,0.8612,48.6478,0.531,0.6058,0.6959,0.7016,0.8711,0.8869,5.1492,0.0003,LogisticRegression,0.9485689736008519,0.9479633192370767,0.9752452489842841,0.9786874086764438,0.9752452489842841,0.9582697807544678,0.9652462478360895,0.9483971773278224,0.9479633192370767
stars,R,240.0,0.1667,0.9,0.0084,1948.5,234.6634,0.8705,511.398,1.9643,2.1509,0.8612,48.6478,0.531,0.6058,0.6959,0.7016,0.8711,0.8869,5.1492,0.0003,KNN,0.901180645462459,0.9118056338460159,0.9259792715763183,0.9259792715763183,0.9259792715763183,0.9113361740362784,0.9083104718801414,0.8905428847749076,0.9118056338460159
stars,R,240.0,0.1667,0.9,0.0084,1948.5,234.6634,0.8705,511.398,1.9643,2.1509,0.8612,48.6478,0.531,0.6058,0.6959,0.7016,0.8711,0.8869,5.1492,0.0003,RandomForest,0.9895871956494872,0.9895871956494872,1.0,1.0,1.0,0.9895871956494872,0.9895871956494872,0.9895871956494872,0.9930654565190523
stars,R,240.0,0.1667,0.9,0.0084,1948.5,234.6634,0.8705,511.398,1.9643,2.1509,0.8612,48.6478,0.531,0.6058,0.6959,0.7016,0.8711,0.8869,5.1492,0.0003,AdaBoost,0.3548616179123842,0.3548616179123842,0.5127858619842315,0.3548616179123842,0.4200488672820287,0.3548616179123842,0.3548616179123842,0.3548616179123842,0.3548616179123842
stars,R,240.0,0.1667,0.9,0.0084,1948.5,234.6634,0.8705,511.398,1.9643,2.1509,0.8612,48.6478,0.531,0.6058,0.6959,0.7016,0.8711,0.8869,5.1492,0.0003,SVC,0.8990270584195609,0.9159462831364926,0.940187126492528,0.940187126492528,0.940187126492528,0.898310679687998,0.9198969687284411,0.9058896071889329,0.9159462831364926
stars,R,240.0,0.0917,0.9128,0.0087,1948.5,248.6048,0.8705,528.9387,1.8624,1.718,0.8609,44.137,0.5417,0.6159,0.7095,0.716,0.8791,0.8986,5.2565,0.0002,DecisionTree,1.0,0.9931318271036013,0.9930590489967825,1.0,0.9894878050198368,0.9930482351914446,0.9862097537878788,0.9931541982323232,0.9965700360604012
stars,R,240.0,0.0917,0.9128,0.0087,1948.5,248.6048,0.8705,528.9387,1.8624,1.718,0.8609,44.137,0.5417,0.6159,0.7095,0.716,0.8791,0.8986,5.2565,0.0002,LogisticRegression,0.957936782780636,0.9615859860266134,0.9716926068570806,0.9786874086764438,0.9786874086764438,0.9718287028399507,0.9647612806815714,0.9613861313386801,0.9448927709459547
stars,R,240.0,0.0917,0.9128,0.0087,1948.5,248.6048,0.8705,528.9387,1.8624,1.718,0.8609,44.137,0.5417,0.6159,0.7095,0.716,0.8791,0.8986,5.2565,0.0002,KNN,0.9121671834938583,0.9085961350233845,0.9259792715763183,0.9333486801639665,0.9296561721611136,0.9191974037203504,0.9157512884321298,0.9157512884321298,0.8941702113626528
stars,R,240.0,0.0917,0.9128,0.0087,1948.5,248.6048,0.8705,528.9387,1.8624,1.718,0.8609,44.137,0.5417,0.6159,0.7095,0.716,0.8791,0.8986,5.2565,0.0002,RandomForest,0.9930856180856181,0.9930856180856181,1.0,0.9965277777777778,1.0,1.0,0.9965578403078403,0.9965578403078403,0.9793419822346892
stars,R,240.0,0.0917,0.9128,0.0087,1948.5,248.6048,0.8705,528.9387,1.8624,1.718,0.8609,44.137,0.5417,0.6159,0.7095,0.716,0.8791,0.8986,5.2565,0.0002,AdaBoost,0.35087843706288396,0.3548616179123842,0.3548616179123842,0.3548616179123842,0.3548616179123842,0.3489867300622564,0.34888338711200734,0.35087843706288396,0.3548616179123842
stars,R,240.0,0.0917,0.9128,0.0087,1948.5,248.6048,0.8705,528.9387,1.8624,1.718,0.8609,44.137,0.5417,0.6159,0.7095,0.716,0.8791,0.8986,5.2565,0.0002,SVC,0.9261980147461639,0.9265498446032411,0.9369112967483535,0.9369112967483535,0.9369112967483535,0.9335377194358967,0.9222688682083215,0.9222688682083215,0.9097519294511532
stars,R,240.0,0.0333,0.9009,0.0084,1948.5,245.331,0.905,522.9872,1.8794,1.789,0.8958,48.6425,0.5222,0.6059,0.7028,0.7064,0.8774,0.8914,5.3025,0.0002,DecisionTree,0.9964646464646465,0.996536074605071,0.982490320975984,0.9964680406212665,0.9653895586366952,0.9964646464646465,0.9929326870859129,0.9964763374485597,0.9824222869921795
stars,R,240.0,0.0333,0.9009,0.0084,1948.5,245.331,0.905,522.9872,1.8794,1.789,0.8958,48.6425,0.5222,0.6059,0.7028,0.7064,0.8774,0.8914,5.3025,0.0002,LogisticRegression,0.9786874086764438,0.9786874086764438,0.9786874086764438,0.9786874086764438,0.9786874086764438,0.9786874086764438,0.9786874086764438,0.9786874086764438,0.9786874086764438
stars,R,240.0,0.0333,0.9009,0.0084,1948.5,245.331,0.905,522.9872,1.8794,1.789,0.8958,48.6425,0.5222,0.6059,0.7028,0.7064,0.8774,0.8914,5.3025,0.0002,KNN,0.9053953457759483,0.9259792715763183,0.9259792715763183,0.9259792715763183,0.9259792715763183,0.9259792715763183,0.9259792715763183,0.9259792715763183,0.9259792715763183
stars,R,240.0,0.0333,0.9009,0.0084,1948.5,245.331,0.905,522.9872,1.8794,1.789,0.8958,48.6425,0.5222,0.6059,0.7028,0.7064,0.8774,0.8914,5.3025,0.0002,RandomForest,1.0,1.0,1.0,1.0,1.0,1.0,0.9929177689594356,0.9965007039202946,1.0
stars,R,240.0,0.0333,0.9009,0.0084,1948.5,245.331,0.905,522.9872,1.8794,1.789,0.8958,48.6425,0.5222,0.6059,0.7028,0.7064,0.8774,0.8914,5.3025,0.0002,AdaBoost,0.44453490847169014,0.3548616179123842,0.5197766027249723,0.3548616179123842,0.3912013079158673,0.3548616179123842,0.44453490847169014,0.3940820498591093,0.4799263798750663
stars,R,240.0,0.0333,0.9009,0.0084,1948.5,245.331,0.905,522.9872,1.8794,1.789,0.8958,48.6425,0.5222,0.6059,0.7028,0.7064,0.8774,0.8914,5.3025,0.0002,SVC,0.940187126492528,0.940187126492528,0.940187126492528,0.940187126492528,0.940187126492528,0.9369112967483535,0.9369112967483535,0.940187126492528,0.940187126492528
stars,A_M,240.0,0.4833,0.9839,-11.92,20.06,4.6915,10.35,10.7605,-0.151,-1.652,7.825,20.385,0.6453,0.7183,0.6831,0.71,0.8566,0.8944,4.7979,0.0001,DecisionTree,0.9653067423938568,0.9653067423938568,0.9584085905675273,0.965262246171183,0.9447365583145771,0.9686707642272018,0.9652431825431335,0.9618791607097884,0.9653067423938568
stars,A_M,240.0,0.4833,0.9839,-11.92,20.06,4.6915,10.35,10.7605,-0.151,-1.652,7.825,20.385,0.6453,0.7183,0.6831,0.71,0.8566,0.8944,4.7979,0.0001,LogisticRegression,0.8339454577886365,0.8371203882296488,0.9511503615169475,0.9649375947412079,0.9271395334955277,0.9092626882015676,0.9194383020068765,0.8253936204151966,0.8233578766285955
stars,A_M,240.0,0.4833,0.9839,-11.92,20.06,4.6915,10.35,10.7605,-0.151,-1.652,7.825,20.385,0.6453,0.7183,0.6831,0.71,0.8566,0.8944,4.7979,0.0001,KNN,0.9227059020639764,0.9156380853034578,0.9054322323156312,0.912256202034716,0.8848223708032817,0.9158282764896185,0.8746998208651522,0.8955625521028256,0.9263654679659744
stars,A_M,240.0,0.4833,0.9839,-11.92,20.06,4.6915,10.35,10.7605,-0.151,-1.652,7.825,20.385,0.6453,0.7183,0.6831,0.71,0.8566,0.8944,4.7979,0.0001,RandomForest,0.9721429633844745,0.9860964674781725,0.9793849563870344,0.9827779638425419,0.9620264468410249,0.9826374727691778,0.9751806853233552,0.972229508413845,0.9641421979533684
stars,A_M,240.0,0.4833,0.9839,-11.92,20.06,4.6915,10.35,10.7605,-0.151,-1.652,7.825,20.385,0.6453,0.7183,0.6831,0.71,0.8566,0.8944,4.7979,0.0001,AdaBoost,0.391465057751732,0.391465057751732,0.4036452249676332,0.41917953473659997,0.42392793946893403,0.391465057751732,0.391465057751732,0.391465057751732,0.391465057751732
stars,A_M,240.0,0.4833,0.9839,-11.92,20.06,4.6915,10.35,10.7605,-0.151,-1.652,7.825,20.385,0.6453,0.7183,0.6831,0.71,0.8566,0.8944,4.7979,0.0001,SVC,0.8545852444678919,0.8369642778536404,0.9056479994407081,0.9369464380208019,0.8956615899276688,0.9080573049607993,0.8420278214805187,0.8223100493105229,0.7058509898291205
stars,A_M,240.0,0.4708,0.9685,-11.33,20.06,4.9086,10.69,10.4488,-0.2029,-1.6526,6.76,20.102,0.5871,0.6644,0.6599,0.6891,0.842,0.8815,4.8005,0.0002,DecisionTree,0.9653067423938568,0.9653067423938568,0.9449465039816408,0.9652953562819014,0.9548581195887857,0.9618611612628537,0.9618791607097884,0.9618791607097884,0.9653067423938568
stars,A_M,240.0,0.4708,0.9685,-11.33,20.06,4.9086,10.69,10.4488,-0.2029,-1.6526,6.76,20.102,0.5871,0.6644,0.6599,0.6891,0.842,0.8815,4.8005,0.0002,LogisticRegression,0.7967564694226552,0.8037830836483829,0.954899431895172,0.9548044590195224,0.947620252989649,0.8646932741690806,0.8563195182953247,0.7578751299594544,0.7201076680922465
stars,A_M,240.0,0.4708,0.9685,-11.33,20.06,4.9086,10.69,10.4488,-0.2029,-1.6526,6.76,20.102,0.5871,0.6644,0.6599,0.6891,0.842,0.8815,4.8005,0.0002,KNN,0.890781366265397,0.908736748374674,0.8988480425013483,0.9088007491280841,0.8950340183528394,0.898655243729162,0.8441577057010883,0.7988960354068549,0.8917925484282141
stars,A_M,240.0,0.4708,0.9685,-11.33,20.06,4.9086,10.69,10.4488,-0.2029,-1.6526,6.76,20.102,0.5871,0.6644,0.6599,0.6891,0.842,0.8815,4.8005,0.0002,RandomForest,0.9689334082753162,0.9654056812328122,0.9725900676719738,0.9793276690507733,0.9687822742545216,0.9724017681813846,0.9724017681813846,0.9654999508944904,0.975893068547685
stars,A_M,240.0,0.4708,0.9685,-11.33,20.06,4.9086,10.69,10.4488,-0.2029,-1.6526,6.76,20.102,0.5871,0.6644,0.6599,0.6891,0.842,0.8815,4.8005,0.0002,AdaBoost,0.391465057751732,0.391465057751732,0.37852579113599477,0.4138912631822578,0.3939238190340227,0.391465057751732,0.391465057751732,0.391465057751732,0.391465057751732
stars,A_M,240.0,0.4708,0.9685,-11.33,20.06,4.9086,10.69,10.4488,-0.2029,-1.6526,6.76,20.102,0.5871,0.6644,0.6599,0.6891,0.842,0.8815,4.8005,0.0002,SVC,0.8095627993841531,0.7703423311854505,0.9266729763740432,0.9233251061797196,0.9163154181338474,0.8620045668653776,0.8526533695698492,0.8095067932665793,0.7134148036429344
stars,A_M,240.0,0.4375,0.9704,-11.75,20.06,4.3164,6.506,10.3337,-0.1529,-1.6245,9.704,19.702,0.6143,0.7459,0.6853,0.6935,0.8632,0.8813,4.8642,0.0002,DecisionTree,0.9618611612628537,0.9618611612628537,0.9719230367870468,0.9753820314960415,0.9753998279233518,0.9720968658506468,0.9584335795787853,0.951622970681062,0.9618611612628537
stars,A_M,240.0,0.4375,0.9704,-11.75,20.06,4.3164,6.506,10.3337,-0.1529,-1.6245,9.704,19.702,0.6143,0.7459,0.6853,0.6935,0.8632,0.8813,4.8642,0.0002,LogisticRegression,0.7166737198575173,0.7226456822494126,0.954363973719943,0.957836758245359,0.9577668752846092,0.8288415115574878,0.8106505943445907,0.732818510422972,0.7065432886481982
stars,A_M,240.0,0.4375,0.9704,-11.75,20.06,4.3164,6.506,10.3337,-0.1529,-1.6245,9.704,19.702,0.6143,0.7459,0.6853,0.6935,0.8632,0.8813,4.8642,0.0002,KNN,0.8973402447672681,0.91189451575957,0.9124404270498021,0.9087635264650068,0.9155751947350084,0.9048417169319234,0.839797382474682,0.7867489205516793,0.8867410122964188
stars,A_M,240.0,0.4375,0.9704,-11.75,20.06,4.3164,6.506,10.3337,-0.1529,-1.6245,9.704,19.702,0.6143,0.7459,0.6853,0.6935,0.8632,0.8813,4.8642,0.0002,RandomForest,0.9618953631755506,0.9757223139066755,0.9719884112274213,0.9685161890051992,0.9789672095841437,0.9721393789458166,0.9617679105741397,0.9721852216670979,0.9757452543669075
stars,A_M,240.0,0.4375,0.9704,-11.75,20.06,4.3164,6.506,10.3337,-0.1529,-1.6245,9.704,19.702,0.6143,0.7459,0.6853,0.6935,0.8632,0.8813,4.8642,0.0002,AdaBoost,0.391465057751732,0.391465057751732,0.45957198201861393,0.45957198201861393,0.43485118277133006,0.391465057751732,0.391465057751732,0.391465057751732,0.391465057751732
stars,A_M,240.0,0.4375,0.9704,-11.75,20.06,4.3164,6.506,10.3337,-0.1529,-1.6245,9.704,19.702,0.6143,0.7459,0.6853,0.6935,0.8632,0.8813,4.8642,0.0002,SVC,0.7247055124551949,0.7058509898291205,0.9368231046591831,0.9368231046591831,0.9159608763786319,0.8075869368057284,0.7857774040586957,0.7058509898291205,0.6960066187563012
stars,A_M,240.0,0.3333,0.9688,-11.39,20.06,4.5957,10.41,10.1538,-0.1678,-1.6121,6.87,19.045,0.5818,0.6643,0.6851,0.7305,0.8628,0.9034,5.0319,0.0001,DecisionTree,0.9618030118030119,0.9618030118030119,0.965298080126099,0.9721501753153086,0.9721501753153086,0.9583574306720087,0.947924002606893,0.9583754301189434,0.9618030118030119
stars,A_M,240.0,0.3333,0.9688,-11.39,20.06,4.5957,10.41,10.1538,-0.1678,-1.6121,6.87,19.045,0.5818,0.6643,0.6851,0.7305,0.8628,0.9034,5.0319,0.0001,LogisticRegression,0.7788679310486543,0.7867919116615143,0.9509797742392696,0.957919752486567,0.961383677881496,0.8740575533047402,0.87060364462781,0.7724494916105604,0.7145266616590032
stars,A_M,240.0,0.3333,0.9688,-11.39,20.06,4.5957,10.41,10.1538,-0.1678,-1.6121,6.87,19.045,0.5818,0.6643,0.6851,0.7305,0.8628,0.9034,5.0319,0.0001,KNN,0.9009878964377956,0.9193196985768933,0.9054013557190854,0.9156521740048713,0.9192800032229782,0.9007103801310825,0.8504608973008432,0.8476353261380689,0.9052355976662443
stars,A_M,240.0,0.3333,0.9688,-11.39,20.06,4.5957,10.41,10.1538,-0.1678,-1.6121,6.87,19.045,0.5818,0.6643,0.6851,0.7305,0.8628,0.9034,5.0319,0.0001,RandomForest,0.9652123934292902,0.9722341680186818,0.979364939419674,0.9861824880841804,0.9896547103064027,0.9687730021848274,0.9721763250332072,0.9684092595871137,0.9721903717627403
stars,A_M,240.0,0.3333,0.9688,-11.39,20.06,4.5957,10.41,10.1538,-0.1678,-1.6121,6.87,19.045,0.5818,0.6643,0.6851,0.7305,0.8628,0.9034,5.0319,0.0001,AdaBoost,0.391465057751732,0.391465057751732,0.48727177898460006,0.5142110858849367,0.5142110858849367,0.391465057751732,0.391465057751732,0.391465057751732,0.391465057751732
stars,A_M,240.0,0.3333,0.9688,-11.39,20.06,4.5957,10.41,10.1538,-0.1678,-1.6121,6.87,19.045,0.5818,0.6643,0.6851,0.7305,0.8628,0.9034,5.0319,0.0001,SVC,0.8337584915487567,0.8329089283453923,0.9194909466169886,0.9334657156173504,0.9334657156173504,0.8749556899239321,0.8792436739935714,0.7827556966024867,0.7058509898291205
stars,A_M,240.0,0.3417,0.9747,-11.92,20.06,3.3976,3.45,10.5149,0.0354,-1.6442,9.7075,19.3855,0.5974,0.6877,0.695,0.7114,0.8816,0.8832,5.0242,0.0001,DecisionTree,0.9653067423938568,0.9653067423938568,0.9722044324356771,0.9652237030355754,0.9825135325173135,0.9653067423938568,0.954934716265344,0.9618791607097884,0.9653067423938568
stars,A_M,240.0,0.3417,0.9747,-11.92,20.06,3.3976,3.45,10.5149,0.0354,-1.6442,9.7075,19.3855,0.5974,0.6877,0.695,0.7114,0.8816,0.8832,5.0242,0.0001,LogisticRegression,0.8171398459345566,0.8205750572458886,0.9399200987241848,0.961383677881496,0.961406551545674,0.8779845893926422,0.8625450264650513,0.8046812675600773,0.8028963194750413
stars,A_M,240.0,0.3417,0.9747,-11.92,20.06,3.3976,3.45,10.5149,0.0354,-1.6442,9.7075,19.3855,0.5974,0.6877,0.695,0.7114,0.8816,0.8832,5.0242,0.0001,KNN,0.9080641288236587,0.9122330180229875,0.9156521740048713,0.9192800032229782,0.9298393364762224,0.9052687330114257,0.8470645327552714,0.839287875967177,0.8973100931528969
stars,A_M,240.0,0.3417,0.9747,-11.92,20.06,3.3976,3.45,10.5149,0.0354,-1.6442,9.7075,19.3855,0.5974,0.6877,0.695,0.7114,0.8816,0.8832,5.0242,0.0001,RandomForest,0.9757099678414644,0.9722051812591924,0.982791041043119,0.9827233430625354,0.9791857134079607,0.9652346527931683,0.9791691128631094,0.9683880128300505,0.9826696281138332
stars,A_M,240.0,0.3417,0.9747,-11.92,20.06,3.3976,3.45,10.5149,0.0354,-1.6442,9.7075,19.3855,0.5974,0.6877,0.695,0.7114,0.8816,0.8832,5.0242,0.0001,AdaBoost,0.391465057751732,0.391465057751732,0.44159090519215743,0.5467315596177695,0.391465057751732,0.391465057751732,0.391465057751732,0.391465057751732,0.391465057751732
stars,A_M,240.0,0.3417,0.9747,-11.92,20.06,3.3976,3.45,10.5149,0.0354,-1.6442,9.7075,19.3855,0.5974,0.6877,0.695,0.7114,0.8816,0.8832,5.0242,0.0001,SVC,0.8459851052241252,0.8161130436730457,0.9085875992893371,0.9228970312730732,0.940187126492528,0.8760257462503906,0.8710576118270575,0.8132922811451849,0.6964484977082837
stars,A_M,240.0,0.2583,0.9494,-11.75,20.06,5.2386,10.845,10.4569,-0.2351,-1.6007,6.98,20.17,0.5977,0.6994,0.6651,0.6958,0.8425,0.8833,5.1088,0.0002,DecisionTree,0.9653067423938568,0.9653067423938568,0.982490320975984,0.9790364702999111,0.982490320975984,0.9618611612628537,0.9652431825431335,0.9618791607097884,0.9653067423938568
stars,A_M,240.0,0.2583,0.9494,-11.75,20.06,5.2386,10.845,10.4569,-0.2351,-1.6007,6.98,20.17,0.5977,0.6994,0.6651,0.6958,0.8425,0.8833,5.1088,0.0002,LogisticRegression,0.8565684557172885,0.7835749480430952,0.9717692689458041,0.9682655979768553,0.9752452489842841,0.9271824677380234,0.9342190441460627,0.7714475891088248,0.7436597650560818
stars,A_M,240.0,0.2583,0.9494,-11.75,20.06,5.2386,10.845,10.4569,-0.2351,-1.6007,6.98,20.17,0.5977,0.6994,0.6651,0.6958,0.8425,0.8833,5.1088,0.0002,KNN,0.9006134993485091,0.9260287863317155,0.9332840013792206,0.9259792715763183,0.9190040372268024,0.9048312956250799,0.8609856127418953,0.878053588664798,0.9042179108451773
stars,A_M,240.0,0.2583,0.9494,-11.75,20.06,5.2386,10.845,10.4569,-0.2351,-1.6007,6.98,20.17,0.5977,0.6994,0.6651,0.6958,0.8425,0.8833,5.1088,0.0002,RandomForest,0.9791739528582895,0.9791739528582895,0.9930746022968495,0.979048638692494,0.9860481240927147,0.9826074102391152,0.9688661490590246,0.9721930454741563,0.9860964674781725
stars,A_M,240.0,0.2583,0.9494,-11.75,20.06,5.2386,10.845,10.4569,-0.2351,-1.6007,6.98,20.17,0.5977,0.6994,0.6651,0.6958,0.8425,0.8833,5.1088,0.0002,AdaBoost,0.391465057751732,0.391465057751732,0.5501771407487727,0.5501771407487727,0.5197766027249723,0.391465057751732,0.391465057751732,0.391465057751732,0.391465057751732
stars,A_M,240.0,0.2583,0.9494,-11.75,20.06,5.2386,10.845,10.4569,-0.2351,-1.6007,6.98,20.17,0.5977,0.6994,0.6651,0.6958,0.8425,0.8833,5.1088,0.0002,SVC,0.856769859654902,0.8111720297890335,0.9403520106019531,0.9403520106019531,0.9403520106019531,0.9261938500371768,0.9261938500371768,0.8411606040431969,0.7027556325670966
stars,A_M,240.0,0.1792,0.9645,-11.92,20.06,4.2846,6.506,10.5188,-0.1174,-1.652,10.176,19.787,0.6134,0.6762,0.6962,0.7213,0.8682,0.9006,5.2313,0.0001,DecisionTree,0.9686411780199591,0.9686411780199591,0.9720167635306773,0.9650384844172654,0.9754782358388989,0.9686411780199591,0.9687677512772849,0.9515148405550511,0.9686411780199591
stars,A_M,240.0,0.1792,0.9645,-11.92,20.06,4.2846,6.506,10.5188,-0.1174,-1.652,10.176,19.787,0.6134,0.6762,0.6962,0.7213,0.8682,0.9006,5.2313,0.0001,LogisticRegression,0.8436911393989701,0.7964698120128698,0.9786874086764438,0.9613873291068609,0.9786874086764438,0.9130706333092018,0.9203312717076906,0.7757151152323041,0.8152357328636288
stars,A_M,240.0,0.1792,0.9645,-11.92,20.06,4.2846,6.506,10.5188,-0.1174,-1.652,10.176,19.787,0.6134,0.6762,0.6962,0.7213,0.8682,0.9006,5.2313,0.0001,KNN,0.9222378437621818,0.9226778393799586,0.9296071007944253,0.9224607530577998,0.9259792715763183,0.911818490228037,0.9019669545060774,0.8923720116306748,0.9230835199350381
stars,A_M,240.0,0.1792,0.9645,-11.92,20.06,4.2846,6.506,10.5188,-0.1174,-1.652,10.176,19.787,0.6134,0.6762,0.6962,0.7213,0.8682,0.9006,5.2313,0.0001,RandomForest,0.9720856831703821,0.9791447026696171,1.0,0.9930407676278821,1.0,0.9826281075721041,0.9825195424310671,0.9791679142109464,0.9826130625756855
stars,A_M,240.0,0.1792,0.9645,-11.92,20.06,4.2846,6.506,10.5188,-0.1174,-1.652,10.176,19.787,0.6134,0.6762,0.6962,0.7213,0.8682,0.9006,5.2313,0.0001,AdaBoost,0.391465057751732,0.391465057751732,0.5460392395594602,0.4373800666153296,0.5460392395594602,0.391465057751732,0.391465057751732,0.391465057751732,0.391465057751732
stars,A_M,240.0,0.1792,0.9645,-11.92,20.06,4.2846,6.506,10.5188,-0.1174,-1.652,10.176,19.787,0.6134,0.6762,0.6962,0.7213,0.8682,0.9006,5.2313,0.0001,SVC,0.8412769758801065,0.7892832174940564,0.940187126492528,0.9369112967483535,0.940187126492528,0.9088592610472641,0.9088592610472641,0.8376906832417039,0.7608823578879821
stars,A_M,240.0,0.1583,0.9455,-11.92,20.06,4.2499,5.859,10.4613,-0.0724,-1.6455,10.385,19.8492,0.581,0.6899,0.692,0.7187,0.8713,0.8992,5.2328,0.0002,DecisionTree,0.9618611612628537,0.9618611612628537,0.9440527958691839,0.9434384788067038,0.9619543904583805,0.9617068402751993,0.9619716936356796,0.944585747579261,0.955027919611253
stars,A_M,240.0,0.1583,0.9455,-11.92,20.06,4.2499,5.859,10.4613,-0.0724,-1.6455,10.385,19.8492,0.581,0.6899,0.692,0.7187,0.8713,0.8992,5.2328,0.0002,LogisticRegression,0.8619131053066476,0.8095157965320352,0.9478632523720196,0.9444041073503746,0.9478632523720196,0.9170681733068303,0.9270568679580886,0.7738223885648252,0.7619915251484929
stars,A_M,240.0,0.1583,0.9455,-11.92,20.06,4.2499,5.859,10.4613,-0.0724,-1.6455,10.385,19.8492,0.581,0.6899,0.692,0.7187,0.8713,0.8992,5.2328,0.0002,KNN,0.898373687528906,0.9052191412901206,0.8985262004150996,0.8951600902472068,0.898836990832002,0.895287347207173,0.891813212099266,0.8814531405512784,0.8981018162953802
stars,A_M,240.0,0.1583,0.9455,-11.92,20.06,4.2499,5.859,10.4613,-0.0724,-1.6455,10.385,19.8492,0.581,0.6899,0.692,0.7187,0.8713,0.8992,5.2328,0.0002,RandomForest,0.9791787746427585,0.96883724897702,0.9619661575908253,0.9620063086488857,0.9689376758927529,0.9756867989271641,0.9930870639241783,0.9860253404516361,0.9722339866620912
stars,A_M,240.0,0.1583,0.9455,-11.92,20.06,4.2499,5.859,10.4613,-0.0724,-1.6455,10.385,19.8492,0.581,0.6899,0.692,0.7187,0.8713,0.8992,5.2328,0.0002,AdaBoost,0.391465057751732,0.391465057751732,0.4346997429301512,0.4346997429301512,0.4331958648637731,0.391465057751732,0.391465057751732,0.391465057751732,0.391465057751732
stars,A_M,240.0,0.1583,0.9455,-11.92,20.06,4.2499,5.859,10.4613,-0.0724,-1.6455,10.385,19.8492,0.581,0.6899,0.692,0.7187,0.8713,0.8992,5.2328,0.0002,SVC,0.8496107951346419,0.7946629291685534,0.9056724495022839,0.9056724495022839,0.9059740608355504,0.9021072252420111,0.9053830549861858,0.8502521256561716,0.6850590576730102
stars,A_M,240.0,0.0625,0.9556,-11.92,20.02,4.3061,6.506,10.535,-0.1051,-1.6585,10.306,19.91,0.6085,0.7062,0.7013,0.7033,0.8738,0.8901,5.3545,0.0001,DecisionTree,0.9688850582490933,0.9826388574861047,0.982490320975984,0.982490320975984,0.982490320975984,0.979291425894905,0.9789976781762912,0.9651541363931715,0.9792589764563698
stars,A_M,240.0,0.0625,0.9556,-11.92,20.02,4.3061,6.506,10.535,-0.1051,-1.6585,10.306,19.91,0.6085,0.7062,0.7013,0.7033,0.8738,0.8901,5.3545,0.0001,LogisticRegression,0.9510605632142229,0.9479287002543959,0.9786874086764438,0.9786874086764438,0.9786874086764438,0.961681776875238,0.9614823739138115,0.9342328532565776,0.9274729302126254
stars,A_M,240.0,0.0625,0.9556,-11.92,20.02,4.3061,6.506,10.535,-0.1051,-1.6585,10.306,19.91,0.6085,0.7062,0.7013,0.7033,0.8738,0.8901,5.3545,0.0001,KNN,0.9264036122381873,0.9260146422610948,0.9259792715763183,0.9259792715763183,0.9259792715763183,0.9057141490108873,0.9225424200388725,0.923000237242965,0.9229891322753863
stars,A_M,240.0,0.0625,0.9556,-11.92,20.02,4.3061,6.506,10.535,-0.1051,-1.6585,10.306,19.91,0.6085,0.7062,0.7013,0.7033,0.8738,0.8901,5.3545,0.0001,RandomForest,0.9965316400939316,0.9965592861464005,1.0,1.0,1.0,0.9895916301606267,0.9930599900666951,0.9965277777777778,0.9898375324528976
stars,A_M,240.0,0.0625,0.9556,-11.92,20.02,4.3061,6.506,10.535,-0.1051,-1.6585,10.306,19.91,0.6085,0.7062,0.7013,0.7033,0.8738,0.8901,5.3545,0.0001,AdaBoost,0.43613164284408557,0.44503648632316056,0.5197766027249723,0.5197766027249723,0.5197766027249723,0.44503648632316056,0.44503648632316056,0.44503648632316056,0.44503648632316056
stars,A_M,240.0,0.0625,0.9556,-11.92,20.02,4.3061,6.506,10.535,-0.1051,-1.6585,10.306,19.91,0.6085,0.7062,0.7013,0.7033,0.8738,0.8901,5.3545,0.0001,SVC,0.9230943560308201,0.9233805185639156,0.940187126492528,0.940187126492528,0.940187126492528,0.9367282820961836,0.9266291351843687,0.9201483100893447,0.716925274340905
stars,A_M,240.0,0.0208,0.9489,-11.92,20.06,4.4347,10.12,10.4517,-0.1318,-1.6383,7.7,19.8955,0.6045,0.6866,0.6915,0.7062,0.8656,0.8913,5.3866,0.0001,DecisionTree,0.985954246370913,0.9826901294214512,0.982490320975984,0.982490320975984,0.982490320975984,0.9825135325173135,0.9825198479201747,0.985954246370913,0.985954246370913
stars,A_M,240.0,0.0208,0.9489,-11.92,20.06,4.4347,10.12,10.4517,-0.1318,-1.6383,7.7,19.8955,0.6045,0.6866,0.6915,0.7062,0.8656,0.8913,5.3866,0.0001,LogisticRegression,0.9616984615794227,0.951293541956352,0.9786874086764438,0.9786874086764438,0.9786874086764438,0.9616984615794227,0.9581350367846512,0.9478890177147133,0.9409592603461321
stars,A_M,240.0,0.0208,0.9489,-11.92,20.06,4.4347,10.12,10.4517,-0.1318,-1.6383,7.7,19.8955,0.6045,0.6866,0.6915,0.7062,0.8656,0.8913,5.3866,0.0001,KNN,0.9260822829537355,0.9259135987572735,0.9259792715763183,0.9259792715763183,0.9259792715763183,0.9055423033686849,0.9260822829537355,0.9260146422610948,0.9224476346499695
stars,A_M,240.0,0.0208,0.9489,-11.92,20.06,4.4347,10.12,10.4517,-0.1318,-1.6383,7.7,19.8955,0.6045,0.6866,0.6915,0.7062,0.8656,0.8913,5.3866,0.0001,RandomForest,0.9965592861464005,0.9965592861464005,1.0,1.0,1.0,0.9895916301606267,0.9965592861464005,0.9965592861464005,0.9861369671431638
stars,A_M,240.0,0.0208,0.9489,-11.92,20.06,4.4347,10.12,10.4517,-0.1318,-1.6383,7.7,19.8955,0.6045,0.6866,0.6915,0.7062,0.8656,0.8913,5.3866,0.0001,AdaBoost,0.44503648632316056,0.4430921539762859,0.5197766027249723,0.5197766027249723,0.5197766027249723,0.44503648632316056,0.44503648632316056,0.44503648632316056,0.391465057751732
stars,A_M,240.0,0.0208,0.9489,-11.92,20.06,4.4347,10.12,10.4517,-0.1318,-1.6383,7.7,19.8955,0.6045,0.6866,0.6915,0.7062,0.8656,0.8913,5.3866,0.0001,SVC,0.9229365277479917,0.9232381390812583,0.940187126492528,0.940187126492528,0.940187126492528,0.9297813877686988,0.9232381390812583,0.9265139688254328,0.9229365277479917
visualizing_soil,northing,8641.0,0.4928,0.8638,-0.0038,3.806,1.9203,1.8213,1.1065,0.0085,-1.2749,0.9754,1.9121,0.0037,0.0281,0.0028,0.0101,0.0129,0.0143,8.1054,0.0,DecisionTree,0.8896771825260831,0.8709264795616143,0.887974263049957,0.8937252143122141,0.8896812337254728,0.8937023410252268,0.8571171729550745,0.877086901103792,0.8868377190735487
visualizing_soil,northing,8641.0,0.4928,0.8638,-0.0038,3.806,1.9203,1.8213,1.1065,0.0085,-1.2749,0.9754,1.9121,0.0037,0.0281,0.0028,0.0101,0.0129,0.0143,8.1054,0.0,LogisticRegression,0.824619145739862,0.7905103151565209,0.8820243879424923,0.8829487628402287,0.8826104926931416,0.8229269220063603,0.8209007250289306,0.8166717823353098,0.8675703549540605
visualizing_soil,northing,8641.0,0.4928,0.8638,-0.0038,3.806,1.9203,1.8213,1.1065,0.0085,-1.2749,0.9754,1.9121,0.0037,0.0281,0.0028,0.0101,0.0129,0.0143,8.1054,0.0,KNN,0.8907975330621916,0.8886812763958528,0.8776322368827094,0.8860860126910628,0.88697951045081,0.8916660702330284,0.8884191138291796,0.8623611422920886,0.8875119107646706
visualizing_soil,northing,8641.0,0.4928,0.8638,-0.0038,3.806,1.9203,1.8213,1.1065,0.0085,-1.2749,0.9754,1.9121,0.0037,0.0281,0.0028,0.0101,0.0129,0.0143,8.1054,0.0,RandomForest,0.893907311779177,0.8914387769419962,0.8888499565614625,0.8950699856850736,0.8918967111019773,0.895645334351256,0.8696498182965444,0.8567411047706394,0.8883360678723848
visualizing_soil,northing,8641.0,0.4928,0.8638,-0.0038,3.806,1.9203,1.8213,1.1065,0.0085,-1.2749,0.9754,1.9121,0.0037,0.0281,0.0028,0.0101,0.0129,0.0143,8.1054,0.0,AdaBoost,0.8906427489649987,0.8701249071009634,0.8862147352282983,0.8934127308961773,0.8917029777412132,0.8893922673088611,0.8609218973404618,0.8684544792252417,0.8829188778484458
visualizing_soil,northing,8641.0,0.4928,0.8638,-0.0038,3.806,1.9203,1.8213,1.1065,0.0085,-1.2749,0.9754,1.9121,0.0037,0.0281,0.0028,0.0101,0.0129,0.0143,8.1054,0.0,SVC,0.8777556650711674,0.8836286324493272,0.8890063010457083,0.893163464262878,0.8927992396995075,0.8773806455014386,0.8736686445829531,0.8688104152394758,0.8868878014055885
visualizing_soil,northing,8641.0,0.4486,0.8686,-0.01,3.805,1.9217,1.8524,1.1107,-0.0005,-1.2675,0.9536,1.9143,0.0083,0.0211,0.0111,0.0294,0.0071,0.041,8.205,0.0,DecisionTree,0.8549005993501141,0.8835831090656636,0.8979291035587595,0.900628625101441,0.9002577636710491,0.896194627844074,0.8621955508457809,0.8771375071161761,0.8978501928262772
visualizing_soil,northing,8641.0,0.4486,0.8686,-0.01,3.805,1.9217,1.8524,1.1107,-0.0005,-1.2675,0.9536,1.9143,0.0083,0.0211,0.0111,0.0294,0.0071,0.041,8.205,0.0,LogisticRegression,0.8306559208021927,0.7957809834213516,0.8891058491139108,0.8921418176738036,0.8855851101836961,0.8269754286442577,0.8210756251565341,0.8302662038559525,0.8815654958637175
visualizing_soil,northing,8641.0,0.4486,0.8686,-0.01,3.805,1.9217,1.8524,1.1107,-0.0005,-1.2675,0.9536,1.9143,0.0083,0.0211,0.0111,0.0294,0.0071,0.041,8.205,0.0,KNN,0.8980124399435605,0.8926207300263678,0.8937157040689759,0.8930982181056926,0.8970731322448988,0.8967540716880003,0.8954226609859338,0.8815360288407214,0.897323595549311
visualizing_soil,northing,8641.0,0.4486,0.8686,-0.01,3.805,1.9217,1.8524,1.1107,-0.0005,-1.2675,0.9536,1.9143,0.0083,0.0211,0.0111,0.0294,0.0071,0.041,8.205,0.0,RandomForest,0.9003471556242031,0.8931713011431457,0.900514188204852,0.9015074763325529,0.8993003096225858,0.8995742986269245,0.8712559159427188,0.8714656433590381,0.8985203460075989
visualizing_soil,northing,8641.0,0.4486,0.8686,-0.01,3.805,1.9217,1.8524,1.1107,-0.0005,-1.2675,0.9536,1.9143,0.0083,0.0211,0.0111,0.0294,0.0071,0.041,8.205,0.0,AdaBoost,0.896083672675208,0.8767926326189542,0.8957084908018589,0.8977365318798323,0.8955201075464465,0.9009704140259794,0.8560726238457567,0.8767441171624605,0.897050973698195
visualizing_soil,northing,8641.0,0.4486,0.8686,-0.01,3.805,1.9217,1.8524,1.1107,-0.0005,-1.2675,0.9536,1.9143,0.0083,0.0211,0.0111,0.0294,0.0071,0.041,8.205,0.0,SVC,0.8821411336760253,0.8888268473146599,0.897243528505461,0.901186626576971,0.8991958619449485,0.8818744285903366,0.8801476028387702,0.875034893223536,0.8960764763161526
visualizing_soil,northing,8641.0,0.407,0.8626,-0.01,3.806,1.9044,1.8124,1.1107,0.0222,-1.2639,0.9716,1.9364,0.0106,0.0232,0.0012,0.0193,0.01,0.0267,8.2675,0.0,DecisionTree,0.876021269143114,0.8902534519521589,0.9049423126420642,0.9091883968192095,0.9097250701125752,0.9076448307214932,0.8749773138311617,0.8897785943931936,0.9050448658177124
visualizing_soil,northing,8641.0,0.407,0.8626,-0.01,3.806,1.9044,1.8124,1.1107,0.0222,-1.2639,0.9716,1.9364,0.0106,0.0232,0.0012,0.0193,0.01,0.0267,8.2675,0.0,LogisticRegression,0.8499086387146233,0.8095605334831366,0.8961278603099571,0.9000071725642731,0.8967331636212768,0.8499086572710192,0.8431873160098429,0.8418626558757683,0.8838623071968686
visualizing_soil,northing,8641.0,0.407,0.8626,-0.01,3.806,1.9044,1.8124,1.1107,0.0222,-1.2639,0.9716,1.9364,0.0106,0.0232,0.0012,0.0193,0.01,0.0267,8.2675,0.0,KNN,0.9055198242045859,0.9020385402968076,0.896411632836459,0.9024792426190268,0.902399880606047,0.905901281237697,0.9042756006277313,0.8833673316777818,0.9017448513936168
visualizing_soil,northing,8641.0,0.407,0.8626,-0.01,3.806,1.9044,1.8124,1.1107,0.0222,-1.2639,0.9716,1.9364,0.0106,0.0232,0.0012,0.0193,0.01,0.0267,8.2675,0.0,RandomForest,0.908433189868262,0.90057510417751,0.9071304313861028,0.9101635916923336,0.9098792312762911,0.905340409684941,0.8736135930823058,0.88051298527568,0.906704393231608
visualizing_soil,northing,8641.0,0.407,0.8626,-0.01,3.806,1.9044,1.8124,1.1107,0.0222,-1.2639,0.9716,1.9364,0.0106,0.0232,0.0012,0.0193,0.01,0.0267,8.2675,0.0,AdaBoost,0.9053414706076801,0.8913824933193615,0.9023847706572669,0.9063915846214863,0.9054482723003471,0.9067821305744953,0.8749994229296405,0.8871044633856155,0.900885668661483
visualizing_soil,northing,8641.0,0.407,0.8626,-0.01,3.806,1.9044,1.8124,1.1107,0.0222,-1.2639,0.9716,1.9364,0.0106,0.0232,0.0012,0.0193,0.01,0.0267,8.2675,0.0,SVC,0.8905809541589669,0.898209699058708,0.9009810113683344,0.9088411732881245,0.9076139064944954,0.8907947967662739,0.8883106934754903,0.8807361464652285,0.9012850641554966
visualizing_soil,northing,8641.0,0.3463,0.8509,-0.01,3.806,1.9188,1.8198,1.1028,0.0151,-1.2647,0.9637,1.9086,0.0105,0.0163,0.0042,0.02,0.0026,0.0276,8.3349,0.0,DecisionTree,0.8969833727627927,0.919734880613611,0.9240751097934263,0.9319008285188001,0.9295894421474333,0.9297203207855044,0.8989639493881287,0.907253030560111,0.9204860295525628
visualizing_soil,northing,8641.0,0.3463,0.8509,-0.01,3.806,1.9188,1.8198,1.1028,0.0151,-1.2647,0.9637,1.9086,0.0105,0.0163,0.0042,0.02,0.0026,0.0276,8.3349,0.0,LogisticRegression,0.8661459761230783,0.8357360216688634,0.9079718212818436,0.9106206721787916,0.9107766229789296,0.8659540639139831,0.8477511873932037,0.86100353764588,0.9063636970420735
visualizing_soil,northing,8641.0,0.3463,0.8509,-0.01,3.806,1.9188,1.8198,1.1028,0.0151,-1.2647,0.9637,1.9086,0.0105,0.0163,0.0042,0.02,0.0026,0.0276,8.3349,0.0,KNN,0.9259099226234468,0.9256350587827797,0.916841792036858,0.9255498058893419,0.9237260212972991,0.9260071589142176,0.9267842461360772,0.9067056829833761,0.9250439516580984
visualizing_soil,northing,8641.0,0.3463,0.8509,-0.01,3.806,1.9188,1.8198,1.1028,0.0151,-1.2647,0.9637,1.9086,0.0105,0.0163,0.0042,0.02,0.0026,0.0276,8.3349,0.0,RandomForest,0.935265992371714,0.9200418962874708,0.9236968511872298,0.9342100807850093,0.9313250731182259,0.9330596831371228,0.8924667328965326,0.8993575498160238,0.9265959855987825
visualizing_soil,northing,8641.0,0.3463,0.8509,-0.01,3.806,1.9188,1.8198,1.1028,0.0151,-1.2647,0.9637,1.9086,0.0105,0.0163,0.0042,0.02,0.0026,0.0276,8.3349,0.0,AdaBoost,0.9326298995872069,0.9157591471193893,0.9242611423023178,0.9281420896178566,0.926280071119586,0.9283590386781853,0.900455560760592,0.909569406328806,0.9209356248409938
visualizing_soil,northing,8641.0,0.3463,0.8509,-0.01,3.806,1.9188,1.8198,1.1028,0.0151,-1.2647,0.9637,1.9086,0.0105,0.0163,0.0042,0.02,0.0026,0.0276,8.3349,0.0,SVC,0.9136854334916181,0.920811387660206,0.9186236214488224,0.9302042184305095,0.9258227878022922,0.9139972080395121,0.9062757290507548,0.9020585979228622,0.923877374368622
visualizing_soil,northing,8641.0,0.3001,0.8532,-0.004,3.806,1.9105,1.8199,1.1068,0.0124,-1.2613,0.964,1.91,0.0101,0.0208,0.0087,0.0269,0.0032,0.0363,8.4075,0.0,DecisionTree,0.906332083014655,0.9206447016516084,0.934150454691414,0.93100984360665,0.9310298786340612,0.9279160980067591,0.8937708133663536,0.9083340337632948,0.9283982093675741
visualizing_soil,northing,8641.0,0.3001,0.8532,-0.004,3.806,1.9105,1.8199,1.1068,0.0124,-1.2613,0.964,1.91,0.0101,0.0208,0.0087,0.0269,0.0032,0.0363,8.4075,0.0,LogisticRegression,0.8753341311461048,0.8397272318172576,0.9190290400663005,0.9200684252104054,0.9137052483492609,0.8754300138489943,0.8617370153479639,0.877943108808825,0.9101256552505104
visualizing_soil,northing,8641.0,0.3001,0.8532,-0.004,3.806,1.9105,1.8199,1.1068,0.0124,-1.2613,0.964,1.91,0.0101,0.0208,0.0087,0.0269,0.0032,0.0363,8.4075,0.0,KNN,0.9284409529081126,0.924283485013498,0.9270450665757747,0.9317346281516108,0.929827438785842,0.9282465870849941,0.9241829983031365,0.9130423568441886,0.92803222842526
visualizing_soil,northing,8641.0,0.3001,0.8532,-0.004,3.806,1.9105,1.8199,1.1068,0.0124,-1.2613,0.964,1.91,0.0101,0.0208,0.0087,0.0269,0.0032,0.0363,8.4075,0.0,RandomForest,0.9278625459706447,0.9203597914159628,0.9344531599861539,0.9310304251406976,0.9332421194181332,0.923821253383188,0.9034789221261528,0.9110228909241218,0.9293601540335756
visualizing_soil,northing,8641.0,0.3001,0.8532,-0.004,3.806,1.9105,1.8199,1.1068,0.0124,-1.2613,0.964,1.91,0.0101,0.0208,0.0087,0.0269,0.0032,0.0363,8.4075,0.0,AdaBoost,0.9281908314022922,0.9146656292295466,0.9340677716012806,0.9292737317069788,0.9325609844234304,0.9299155013187772,0.8978820516622994,0.9122953260763103,0.926955050309521
visualizing_soil,northing,8641.0,0.3001,0.8532,-0.004,3.806,1.9105,1.8199,1.1068,0.0124,-1.2613,0.964,1.91,0.0101,0.0208,0.0087,0.0269,0.0032,0.0363,8.4075,0.0,SVC,0.9080216810583459,0.918685983975799,0.928140568916158,0.9263320918565285,0.9272115823917354,0.9053437466798768,0.9097461665496895,0.9081485543036427,0.9255397179430277
visualizing_soil,northing,8641.0,0.2544,0.8367,-0.01,3.805,1.9075,1.8184,1.1058,0.017,-1.2552,0.9653,1.9146,0.003,0.0163,0.0051,0.0151,0.003,0.0196,8.4438,0.0,DecisionTree,0.9166100433081543,0.9386580018007612,0.9368521840403465,0.943626467893669,0.9420860306600847,0.9169015194989008,0.9078313902088687,0.9175661120468368,0.9467876470679204
visualizing_soil,northing,8641.0,0.2544,0.8367,-0.01,3.805,1.9075,1.8184,1.1058,0.017,-1.2552,0.9653,1.9146,0.003,0.0163,0.0051,0.0151,0.003,0.0196,8.4438,0.0,LogisticRegression,0.8859286258216146,0.8762886911765123,0.9271744759853272,0.9313936053199892,0.9274170542564183,0.8833334751743784,0.8700248382755857,0.885519987796184,0.9268582171741387
visualizing_soil,northing,8641.0,0.2544,0.8367,-0.01,3.805,1.9075,1.8184,1.1058,0.017,-1.2552,0.9653,1.9146,0.003,0.0163,0.0051,0.0151,0.003,0.0196,8.4438,0.0,KNN,0.9386843741254898,0.939732117668949,0.9342744017497696,0.9393719161955254,0.9368770084416108,0.9379090899777486,0.9346222108591508,0.926488981508012,0.9389905948373074
visualizing_soil,northing,8641.0,0.2544,0.8367,-0.01,3.805,1.9075,1.8184,1.1058,0.017,-1.2552,0.9653,1.9146,0.003,0.0163,0.0051,0.0151,0.003,0.0196,8.4438,0.0,RandomForest,0.936022366146557,0.939121185649912,0.9388896869290266,0.943922360325647,0.9437222491270958,0.9384344225144783,0.9020273501648928,0.9201659943984282,0.94745941038334
visualizing_soil,northing,8641.0,0.2544,0.8367,-0.01,3.805,1.9075,1.8184,1.1058,0.017,-1.2552,0.9653,1.9146,0.003,0.0163,0.0051,0.0151,0.003,0.0196,8.4438,0.0,AdaBoost,0.9477257789660222,0.9311395966603454,0.9385053948778593,0.9452644590346624,0.9409177648333451,0.9450584531988127,0.9128671408886739,0.9267694458837711,0.9475525045347486
visualizing_soil,northing,8641.0,0.2544,0.8367,-0.01,3.805,1.9075,1.8184,1.1058,0.017,-1.2552,0.9653,1.9146,0.003,0.0163,0.0051,0.0151,0.003,0.0196,8.4438,0.0,SVC,0.9162178562885781,0.936800159488211,0.9357427752857514,0.9416652313122303,0.9413020583967833,0.9127571628643733,0.9148754796889073,0.9142953845385733,0.9430238915272839
visualizing_soil,northing,8641.0,0.2031,0.833,-0.004,3.806,1.91,1.8219,1.109,0.0063,-1.2707,0.9722,1.9356,0.0138,0.0142,0.0045,0.0223,0.0028,0.0304,8.4968,0.0,DecisionTree,0.9362214067162424,0.9501029421312068,0.9542429626082883,0.956790599909537,0.9555422532821521,0.9527296781227326,0.9138070996680436,0.9385239766159326,0.9543600647758348
visualizing_soil,northing,8641.0,0.2031,0.833,-0.004,3.806,1.91,1.8219,1.109,0.0063,-1.2707,0.9722,1.9356,0.0138,0.0142,0.0045,0.0223,0.0028,0.0304,8.4968,0.0,LogisticRegression,0.9079408763509029,0.9027842927501066,0.9429682322387977,0.9442623373333446,0.9414747952862931,0.9048532479131308,0.890605136246372,0.9118933934064786,0.9446383416383184
visualizing_soil,northing,8641.0,0.2031,0.833,-0.004,3.806,1.91,1.8219,1.109,0.0063,-1.2707,0.9722,1.9356,0.0138,0.0142,0.0045,0.0223,0.0028,0.0304,8.4968,0.0,KNN,0.9522856319549251,0.9522838692161616,0.9528631110839207,0.9539318816533392,0.9515238507452396,0.9518979713147426,0.9500384317603247,0.9470233325271445,0.9539111360885992
visualizing_soil,northing,8641.0,0.2031,0.833,-0.004,3.806,1.91,1.8219,1.109,0.0063,-1.2707,0.9722,1.9356,0.0138,0.0142,0.0045,0.0223,0.0028,0.0304,8.4968,0.0,RandomForest,0.9459444690772054,0.9505984379687891,0.9559840777406716,0.9576612854029121,0.9563143883637452,0.9426731069764664,0.919630093262861,0.9407541024098754,0.9573423374763338
visualizing_soil,northing,8641.0,0.2031,0.833,-0.004,3.806,1.91,1.8219,1.109,0.0063,-1.2707,0.9722,1.9356,0.0138,0.0142,0.0045,0.0223,0.0028,0.0304,8.4968,0.0,AdaBoost,0.9576267223855286,0.9413547289138968,0.9559836110996531,0.9565971172443288,0.955638759803094,0.9554142104818586,0.9265634219150277,0.9405784657835586,0.956862301756304
visualizing_soil,northing,8641.0,0.2031,0.833,-0.004,3.806,1.91,1.8219,1.109,0.0063,-1.2707,0.9722,1.9356,0.0138,0.0142,0.0045,0.0223,0.0028,0.0304,8.4968,0.0,SVC,0.9302621679759097,0.9460290355887031,0.9488322792035229,0.9542613245957119,0.950514802817864,0.9304558498617204,0.9290642055542708,0.9350648110784622,0.9512484155798588
visualizing_soil,northing,8641.0,0.1458,0.8277,-0.01,3.806,1.906,1.8181,1.1056,0.0145,-1.2648,0.9657,1.931,0.0054,0.0203,0.0015,0.0169,0.0078,0.0226,8.5562,0.0,DecisionTree,0.9540256520299418,0.9620836976405526,0.9681167953248548,0.9672739057403164,0.9670783871101326,0.95517942440106,0.9429174784775092,0.9514156494908881,0.9662964598702252
visualizing_soil,northing,8641.0,0.1458,0.8277,-0.01,3.806,1.906,1.8181,1.1056,0.0145,-1.2648,0.9657,1.931,0.0054,0.0203,0.0015,0.0169,0.0078,0.0226,8.5562,0.0,LogisticRegression,0.9261598850984544,0.9270253436146612,0.9550255823302325,0.9526246150316935,0.9510988231537549,0.9257727430414081,0.9142869216485475,0.9272913162949763,0.9477913604049025
visualizing_soil,northing,8641.0,0.1458,0.8277,-0.01,3.806,1.906,1.8181,1.1056,0.0145,-1.2648,0.9657,1.931,0.0054,0.0203,0.0015,0.0169,0.0078,0.0226,8.5562,0.0,KNN,0.9620249264874263,0.9622981195061528,0.9653032706051146,0.9637576545748314,0.9640459947909438,0.9624060142850371,0.956303361014982,0.9537738664510318,0.9624969704440599
visualizing_soil,northing,8641.0,0.1458,0.8277,-0.01,3.806,1.906,1.8181,1.1056,0.0145,-1.2648,0.9657,1.931,0.0054,0.0203,0.0015,0.0169,0.0078,0.0226,8.5562,0.0,RandomForest,0.9563318371116594,0.9621837590625137,0.9694704155634061,0.9679474209728396,0.9670826399001059,0.9561410708661893,0.9407707804867675,0.9541092572248704,0.9655347315139575
visualizing_soil,northing,8641.0,0.1458,0.8277,-0.01,3.806,1.906,1.8181,1.1056,0.0145,-1.2648,0.9657,1.931,0.0054,0.0203,0.0015,0.0169,0.0078,0.0226,8.5562,0.0,AdaBoost,0.9667611384398143,0.9493403475433093,0.9692779058509517,0.9681363256680854,0.9676556085152217,0.9665606999750768,0.9426698083894096,0.953314022251613,0.9652437790842531
visualizing_soil,northing,8641.0,0.1458,0.8277,-0.01,3.806,1.906,1.8181,1.1056,0.0145,-1.2648,0.9657,1.931,0.0054,0.0203,0.0015,0.0169,0.0078,0.0226,8.5562,0.0,SVC,0.9456482138755573,0.9528434699458089,0.9634791221295188,0.9600163265926047,0.9603129044865453,0.9451684652450493,0.9336935799883587,0.9443774480412284,0.9589611945390104
visualizing_soil,northing,8641.0,0.101,0.8209,-0.01,3.806,1.9047,1.8162,1.1053,0.0186,-1.2632,0.9673,1.9152,0.0054,0.0141,0.0055,0.0164,0.0018,0.0218,8.5905,0.0,DecisionTree,0.9709417619999989,0.9720257784651,0.9802486866517652,0.9790026645129032,0.9785233055486228,0.9709417619999989,0.9641667489171712,0.969294526255364,0.9759153267337842
visualizing_soil,northing,8641.0,0.101,0.8209,-0.01,3.806,1.9047,1.8162,1.1053,0.0186,-1.2632,0.9673,1.9152,0.0054,0.0141,0.0055,0.0164,0.0018,0.0218,8.5905,0.0,LogisticRegression,0.9472875055477112,0.9499274775497433,0.9695116552576508,0.9665226697310165,0.9640172708855033,0.9450601613638976,0.938761547347006,0.9497571931691047,0.9609197978112957
visualizing_soil,northing,8641.0,0.101,0.8209,-0.01,3.806,1.9047,1.8162,1.1053,0.0186,-1.2632,0.9673,1.9152,0.0054,0.0141,0.0055,0.0164,0.0018,0.0218,8.5905,0.0,KNN,0.9716627182676716,0.9704961337066198,0.9745547262470458,0.9748441402078389,0.9732029353202374,0.9722405776961006,0.9715409585894274,0.9672479668456041,0.9733867095954908
visualizing_soil,northing,8641.0,0.101,0.8209,-0.01,3.806,1.9047,1.8162,1.1053,0.0186,-1.2632,0.9673,1.9152,0.0054,0.0141,0.0055,0.0164,0.0018,0.0218,8.5905,0.0,RandomForest,0.971999248426539,0.9728015758915213,0.9806344282042575,0.9796795357942637,0.9779488813961836,0.971999248426539,0.9646404677247663,0.9701619939695396,0.9779457328873331
visualizing_soil,northing,8641.0,0.101,0.8209,-0.01,3.806,1.9047,1.8162,1.1053,0.0186,-1.2632,0.9673,1.9152,0.0054,0.0141,0.0055,0.0164,0.0018,0.0218,8.5905,0.0,AdaBoost,0.9761042866741529,0.9607253214779516,0.9805386088891915,0.9794860334966787,0.9779474521039557,0.9780272225314767,0.9656966052003501,0.9695784307176982,0.9779425082818202
visualizing_soil,northing,8641.0,0.101,0.8209,-0.01,3.806,1.9047,1.8162,1.1053,0.0186,-1.2632,0.9673,1.9152,0.0054,0.0141,0.0055,0.0164,0.0018,0.0218,8.5905,0.0,SVC,0.9614051687022948,0.9644259798856882,0.9715762578130447,0.9744674582240609,0.973214340021304,0.9608285081423236,0.9588897492959789,0.9601388852358983,0.969845655907166
visualizing_soil,northing,8641.0,0.0506,0.8134,-0.01,3.806,1.9014,1.8108,1.1079,0.024,-1.2655,0.973,1.9401,0.0071,0.0167,0.0046,0.0175,0.003,0.0234,8.6273,0.0,DecisionTree,0.9855558131294977,0.9851469565640766,0.9902629188316434,0.9887247578125167,0.9880514981064229,0.9855558131294977,0.9808697146468172,0.9827575110020184,0.988629271698549
visualizing_soil,northing,8641.0,0.0506,0.8134,-0.01,3.806,1.9014,1.8108,1.1079,0.024,-1.2655,0.973,1.9401,0.0071,0.0167,0.0046,0.0175,0.003,0.0234,8.6273,0.0,LogisticRegression,0.9673994027564261,0.9746171187386528,0.9877539325463655,0.9843816842866153,0.9841874617117503,0.9672058645077332,0.9664015363363865,0.9716443073219059,0.9814844640644413
visualizing_soil,northing,8641.0,0.0506,0.8134,-0.01,3.806,1.9014,1.8108,1.1079,0.024,-1.2655,0.973,1.9401,0.0071,0.0167,0.0046,0.0175,0.003,0.0234,8.6273,0.0,KNN,0.9819817289707475,0.9825457765996137,0.9859249985301304,0.9844808063439006,0.9839029440427818,0.9818846162374817,0.9791566909781514,0.9812121964265197,0.9836135120292899
visualizing_soil,northing,8641.0,0.0506,0.8134,-0.01,3.806,1.9014,1.8108,1.1079,0.024,-1.2655,0.973,1.9401,0.0071,0.0167,0.0046,0.0175,0.003,0.0234,8.6273,0.0,RandomForest,0.9862294856911371,0.9864013284639165,0.9908426533018291,0.988822285841885,0.9885331732538516,0.9859408191881782,0.981640764332925,0.9837202337635688,0.9884378736173337
visualizing_soil,northing,8641.0,0.0506,0.8134,-0.01,3.806,1.9014,1.8108,1.1079,0.024,-1.2655,0.973,1.9401,0.0071,0.0167,0.0046,0.0175,0.003,0.0234,8.6273,0.0,AdaBoost,0.9878575837097495,0.9815711045931095,0.9905534981302271,0.9890148368595918,0.9886294313056163,0.9878576069390334,0.9843631279410766,0.9830449681550837,0.9881489595961972
visualizing_soil,northing,8641.0,0.0506,0.8134,-0.01,3.806,1.9014,1.8108,1.1079,0.024,-1.2655,0.973,1.9401,0.0071,0.0167,0.0046,0.0175,0.003,0.0234,8.6273,0.0,SVC,0.9779426456318392,0.9764680917291174,0.9870797753441231,0.9863123538419392,0.9867940411583075,0.9772693903947673,0.9724723805566774,0.9756252333096784,0.9839982800135065
visualizing_soil,easting,8641.0,0.4996,0.818,-0.003,1.554,0.7434,0.7372,0.4282,0.1782,-1.0797,0.3738,0.7366,0.005,0.3557,0.0189,0.2489,0.0251,0.398,8.086,0.0,DecisionTree,0.999903583372388,0.999903583372388,0.999903583372388,0.999903583372388,0.999903583372388,0.999903583372388,0.999903583372388,0.999903583372388,0.999903583372388
visualizing_soil,easting,8641.0,0.4996,0.818,-0.003,1.554,0.7434,0.7372,0.4282,0.1782,-1.0797,0.3738,0.7366,0.005,0.3557,0.0189,0.2489,0.0251,0.398,8.086,0.0,LogisticRegression,0.9960451489522252,0.998457083460237,0.9987464228377767,0.9982642518292695,0.9982642518292695,0.9969136357709578,0.998842924746492,0.9957559366455444,0.998649963871152
visualizing_soil,easting,8641.0,0.4996,0.818,-0.003,1.554,0.7434,0.7372,0.4282,0.1782,-1.0797,0.3738,0.7366,0.005,0.3557,0.0189,0.2489,0.0251,0.398,8.086,0.0,KNN,0.9936350999531862,0.9933455264606805,0.9943111076641117,0.9938284856778205,0.9936353018609119,0.992863471298684,0.9929600906058842,0.9907425596706496,0.9928635788691392
visualizing_soil,easting,8641.0,0.4996,0.818,-0.003,1.554,0.7434,0.7372,0.4282,0.1782,-1.0797,0.3738,0.7366,0.005,0.3557,0.0189,0.2489,0.0251,0.398,8.086,0.0,RandomForest,1.0,1.0,1.0,1.0,1.0,1.0,0.999903583372388,1.0,1.0
visualizing_soil,easting,8641.0,0.4996,0.818,-0.003,1.554,0.7434,0.7372,0.4282,0.1782,-1.0797,0.3738,0.7366,0.005,0.3557,0.0189,0.2489,0.0251,0.398,8.086,0.0,AdaBoost,0.999903583372388,0.999903583372388,0.999903583372388,0.999903583372388,0.999903583372388,0.999903583372388,0.999903583372388,0.999903583372388,0.999903583372388
visualizing_soil,easting,8641.0,0.4996,0.818,-0.003,1.554,0.7434,0.7372,0.4282,0.1782,-1.0797,0.3738,0.7366,0.005,0.3557,0.0189,0.2489,0.0251,0.398,8.086,0.0,SVC,0.997492804616729,0.9974929154138071,0.9979749814585882,0.9980715035719652,0.9978787442499726,0.9973003552018099,0.9972039190104488,0.9968176139513771,0.9975895955047114
visualizing_soil,easting,8641.0,0.4523,0.8073,-0.004,1.5524,0.7387,0.7352,0.4321,0.1832,-1.1097,0.3736,0.7405,0.01,0.3573,0.0209,0.2488,0.0281,0.4002,8.1523,0.0,DecisionTree,0.999903583372388,0.999903583372388,0.999903583372388,0.999903583372388,0.999903583372388,0.999903583372388,0.999903583372388,0.999903583372388,0.999903583372388
visualizing_soil,easting,8641.0,0.4523,0.8073,-0.004,1.5524,0.7387,0.7352,0.4321,0.1832,-1.1097,0.3736,0.7405,0.01,0.3573,0.0209,0.2488,0.0281,0.4002,8.1523,0.0,LogisticRegression,0.995852280164951,0.998649991265562,0.9990357394657798,0.9981678618224488,0.9984571536289605,0.9960452785564143,0.9972994775678649,0.9971067723118814,0.9983606898457982
visualizing_soil,easting,8641.0,0.4523,0.8073,-0.004,1.5524,0.7387,0.7352,0.4321,0.1832,-1.1097,0.3736,0.7405,0.01,0.3573,0.0209,0.2488,0.0281,0.4002,8.1523,0.0,KNN,0.9936352061423426,0.994406756194059,0.9945039270967398,0.9932496542663634,0.9927674805216105,0.9931535048310443,0.993249907298229,0.9893940177407669,0.9931529355821969
visualizing_soil,easting,8641.0,0.4523,0.8073,-0.004,1.5524,0.7387,0.7352,0.4321,0.1832,-1.1097,0.3736,0.7405,0.01,0.3573,0.0209,0.2488,0.0281,0.4002,8.1523,0.0,RandomForest,1.0,1.0,1.0,1.0,1.0,1.0,1.0,1.0,1.0
visualizing_soil,easting,8641.0,0.4523,0.8073,-0.004,1.5524,0.7387,0.7352,0.4321,0.1832,-1.1097,0.3736,0.7405,0.01,0.3573,0.0209,0.2488,0.0281,0.4002,8.1523,0.0,AdaBoost,0.999903583372388,0.999903583372388,0.999903583372388,0.999903583372388,0.999903583372388,0.999903583372388,0.999903583372388,0.999903583372388,0.999903583372388
visualizing_soil,easting,8641.0,0.4523,0.8073,-0.004,1.5524,0.7387,0.7352,0.4321,0.1832,-1.1097,0.3736,0.7405,0.01,0.3573,0.0209,0.2488,0.0281,0.4002,8.1523,0.0,SVC,0.9985537033184051,0.9987466572522289,0.9992286599193186,0.9987466237324021,0.9987466556544822,0.9983610075530366,0.9988430816780289,0.998167948562092,0.9987466856107174
visualizing_soil,easting,8641.0,0.4027,0.8,-0.003,1.56,0.7407,0.7283,0.4289,0.1818,-1.1011,0.3665,0.744,0.0163,0.3592,0.0237,0.2491,0.0325,0.398,8.2328,0.0,DecisionTree,0.999903583372388,0.999903583372388,0.999903583372388,0.999903583372388,0.999903583372388,0.999903583372388,0.999903583372388,0.999903583372388,0.999903583372388
visualizing_soil,easting,8641.0,0.4027,0.8,-0.003,1.56,0.7407,0.7283,0.4289,0.1818,-1.1011,0.3665,0.744,0.0163,0.3592,0.0237,0.2491,0.0325,0.398,8.2328,0.0,LogisticRegression,0.9973961066558911,0.9987464337771365,0.9987464559316436,0.998264376042219,0.9983607852222057,0.9972033708981823,0.997106914456054,0.9970102343442494,0.9987464559316436
visualizing_soil,easting,8641.0,0.4027,0.8,-0.003,1.56,0.7407,0.7283,0.4289,0.1818,-1.1011,0.3665,0.744,0.0163,0.3592,0.0237,0.2491,0.0325,0.398,8.2328,0.0,KNN,0.9949861355693843,0.9954687110784532,0.9936364929667093,0.9948897237341077,0.9941185134926844,0.9943116843834341,0.9945044837492939,0.9906467645306714,0.9942148581438216
visualizing_soil,easting,8641.0,0.4027,0.8,-0.003,1.56,0.7407,0.7283,0.4289,0.1818,-1.1011,0.3665,0.744,0.0163,0.3592,0.0237,0.2491,0.0325,0.398,8.2328,0.0,RandomForest,1.0,1.0,1.0,1.0,1.0,1.0,1.0,1.0,1.0
visualizing_soil,easting,8641.0,0.4027,0.8,-0.003,1.56,0.7407,0.7283,0.4289,0.1818,-1.1011,0.3665,0.744,0.0163,0.3592,0.0237,0.2491,0.0325,0.398,8.2328,0.0,AdaBoost,0.999903583372388,0.999903583372388,0.999903583372388,0.999903583372388,0.999903583372388,0.999903583372388,0.999903583372388,0.999903583372388,0.999903583372388
visualizing_soil,easting,8641.0,0.4027,0.8,-0.003,1.56,0.7407,0.7283,0.4289,0.1818,-1.1011,0.3665,0.744,0.0163,0.3592,0.0237,0.2491,0.0325,0.398,8.2328,0.0,SVC,0.9985538145491814,0.9985538962962537,0.9993250340241642,0.9987468226416281,0.9981683810777413,0.9983611642714099,0.9983611642714099,0.9976860064849331,0.9982647481741085
visualizing_soil,easting,8641.0,0.3456,0.7816,-0.004,1.56,0.7439,0.7404,0.4285,0.1754,-1.0902,0.3765,0.7378,0.0109,0.3568,0.0206,0.2493,0.0278,0.3968,8.2914,0.0,DecisionTree,0.999903583372388,0.999903583372388,0.999903583372388,0.999903583372388,0.999903583372388,0.999903583372388,0.999903583372388,0.999903583372388,0.999903583372388
visualizing_soil,easting,8641.0,0.3456,0.7816,-0.004,1.56,0.7439,0.7404,0.4285,0.1754,-1.0902,0.3765,0.7378,0.0109,0.3568,0.0206,0.2493,0.0278,0.3968,8.2914,0.0,LogisticRegression,0.9979748698867731,0.9988428841803874,0.9987464632897465,0.9982644081936577,0.9983607706629345,0.9972032136308221,0.9980714325373015,0.9979749348428468,0.9983607116761659
visualizing_soil,easting,8641.0,0.3456,0.7816,-0.004,1.56,0.7439,0.7404,0.4285,0.1754,-1.0902,0.3765,0.7378,0.0109,0.3568,0.0206,0.2493,0.0278,0.3968,8.2914,0.0,KNN,0.9937319910421447,0.9930567172517297,0.994504170869078,0.99296090312782,0.9921894213779706,0.9929607862758993,0.9939248268017469,0.991706574525606,0.9920926633825291
visualizing_soil,easting,8641.0,0.3456,0.7816,-0.004,1.56,0.7439,0.7404,0.4285,0.1754,-1.0902,0.3765,0.7378,0.0109,0.3568,0.0206,0.2493,0.0278,0.3968,8.2914,0.0,RandomForest,1.0,1.0,1.0,1.0,1.0,1.0,1.0,1.0,1.0
visualizing_soil,easting,8641.0,0.3456,0.7816,-0.004,1.56,0.7439,0.7404,0.4285,0.1754,-1.0902,0.3765,0.7378,0.0109,0.3568,0.0206,0.2493,0.0278,0.3968,8.2914,0.0,AdaBoost,0.999903583372388,0.999903583372388,0.999903583372388,0.999903583372388,0.999903583372388,0.999903583372388,0.999903583372388,0.999903583372388,0.999903583372388
visualizing_soil,easting,8641.0,0.3456,0.7816,-0.004,1.56,0.7439,0.7404,0.4285,0.1754,-1.0902,0.3765,0.7378,0.0109,0.3568,0.0206,0.2493,0.0278,0.3968,8.2914,0.0,SVC,0.9987465851274391,0.9979753016995777,0.9993250531764282,0.9985538328186474,0.9981682364796117,0.997878882917284,0.9978788943057069,0.9987465650394696,0.9984574793841996
visualizing_soil,easting,8641.0,0.298,0.7682,-0.003,1.56,0.7357,0.7246,0.428,0.1995,-1.0816,0.3635,0.7313,0.0178,0.3516,0.0248,0.2421,0.0343,0.3885,8.3379,0.0,DecisionTree,0.999903583372388,0.999903583372388,0.999903583372388,0.999903583372388,0.999903583372388,0.999903583372388,0.999903583372388,0.999903583372388,0.999903583372388
visualizing_soil,easting,8641.0,0.298,0.7682,-0.003,1.56,0.7357,0.7246,0.428,0.1995,-1.0816,0.3635,0.7313,0.0178,0.3516,0.0248,0.2421,0.0343,0.3885,8.3379,0.0,LogisticRegression,0.9972030321177671,0.9988428653493512,0.9988428653493512,0.9984571468649606,0.9984571468649606,0.9972032727558592,0.9976859575242282,0.997492675718339,0.9985535566377326
visualizing_soil,easting,8641.0,0.298,0.7682,-0.003,1.56,0.7357,0.7246,0.428,0.1995,-1.0816,0.3635,0.7313,0.0178,0.3516,0.0248,0.2421,0.0343,0.3885,8.3379,0.0,KNN,0.9942143870149818,0.9945039442961281,0.99479349374469,0.9932490954667134,0.993635692990384,0.9939253002223487,0.9939254028992328,0.9901638695653082,0.9937325004363017
visualizing_soil,easting,8641.0,0.298,0.7682,-0.003,1.56,0.7357,0.7246,0.428,0.1995,-1.0816,0.3635,0.7313,0.0178,0.3516,0.0248,0.2421,0.0343,0.3885,8.3379,0.0,RandomForest,1.0,1.0,1.0,1.0,1.0,1.0,0.999903583372388,1.0,1.0
visualizing_soil,easting,8641.0,0.298,0.7682,-0.003,1.56,0.7357,0.7246,0.428,0.1995,-1.0816,0.3635,0.7313,0.0178,0.3516,0.0248,0.2421,0.0343,0.3885,8.3379,0.0,AdaBoost,0.999903583372388,0.999903583372388,0.999903583372388,0.999903583372388,0.999903583372388,0.999903583372388,0.999903583372388,0.999903583372388,0.999903583372388
visualizing_soil,easting,8641.0,0.298,0.7682,-0.003,1.56,0.7357,0.7246,0.428,0.1995,-1.0816,0.3635,0.7313,0.0178,0.3516,0.0248,0.2421,0.0343,0.3885,8.3379,0.0,SVC,0.9989392732533959,0.9991322698849923,0.9993250625140636,0.9995179295706468,0.9993250936002003,0.9985537765116612,0.9989395049159339,0.9981678081817155,0.9990357939578386
visualizing_soil,easting,8641.0,0.2474,0.7526,-0.004,1.5524,0.7407,0.735,0.4296,0.1797,-1.1034,0.3726,0.7401,0.0089,0.3602,0.0189,0.2487,0.0251,0.3986,8.3778,0.0,DecisionTree,0.999903583372388,0.999903583372388,0.999903583372388,0.999903583372388,0.999903583372388,0.999903583372388,0.999903583372388,0.999903583372388,0.999903583372388
visualizing_soil,easting,8641.0,0.2474,0.7526,-0.004,1.5524,0.7407,0.735,0.4296,0.1797,-1.1034,0.3726,0.7401,0.0089,0.3602,0.0189,0.2487,0.0251,0.3986,8.3778,0.0,LogisticRegression,0.9974924681038364,0.9987464228377767,0.9987464632897465,0.9986500134200691,0.9986500134200691,0.997492498323779,0.9977823126123435,0.9972996520227481,0.9986499740318563
visualizing_soil,easting,8641.0,0.2474,0.7526,-0.004,1.5524,0.7407,0.735,0.4296,0.1797,-1.1034,0.3726,0.7401,0.0089,0.3602,0.0189,0.2487,0.0251,0.3986,8.3778,0.0,KNN,0.9935404027858085,0.994503841319274,0.9954681419928426,0.9924793140062191,0.9928652058507165,0.9939260897475996,0.9933472501002416,0.9916126853283525,0.9927691187072574
visualizing_soil,easting,8641.0,0.2474,0.7526,-0.004,1.5524,0.7407,0.735,0.4296,0.1797,-1.1034,0.3726,0.7401,0.0089,0.3602,0.0189,0.2487,0.0251,0.3986,8.3778,0.0,RandomForest,1.0,1.0,1.0,1.0,1.0,1.0,1.0,0.9999035897568042,1.0
visualizing_soil,easting,8641.0,0.2474,0.7526,-0.004,1.5524,0.7407,0.735,0.4296,0.1797,-1.1034,0.3726,0.7401,0.0089,0.3602,0.0189,0.2487,0.0251,0.3986,8.3778,0.0,AdaBoost,0.999903583372388,0.999903583372388,0.999903583372388,0.999903583372388,0.999903583372388,0.999903583372388,0.999903583372388,0.999903583372388,0.999903583372388
visualizing_soil,easting,8641.0,0.2474,0.7526,-0.004,1.5524,0.7407,0.735,0.4296,0.1797,-1.1034,0.3726,0.7401,0.0089,0.3602,0.0189,0.2487,0.0251,0.3986,8.3778,0.0,SVC,0.9989394088310709,0.9990357984315184,0.9990357676175188,0.9988430587710462,0.9989394962274023,0.9990359134732882,0.9994215354580525,0.9986501291365019,0.9990359134732882
visualizing_soil,easting,8641.0,0.2096,0.7476,-0.004,1.554,0.7387,0.7352,0.4266,0.1808,-1.0862,0.3721,0.7311,0.0159,0.3572,0.0234,0.2506,0.0327,0.3994,8.4151,0.0,DecisionTree,0.999903583372388,0.999903583372388,0.999903583372388,0.999903583372388,0.999903583372388,0.999903583372388,0.999903583372388,0.999903583372388,0.999903583372388
visualizing_soil,easting,8641.0,0.2096,0.7476,-0.004,1.554,0.7387,0.7352,0.4266,0.1808,-1.0862,0.3721,0.7311,0.0159,0.3572,0.0234,0.2506,0.0327,0.3994,8.4151,0.0,LogisticRegression,0.9984570707000632,0.9988428727074541,0.9988428727074541,0.9984571940202593,0.9986500134200691,0.9984569958622013,0.9985535735413822,0.998457083460237,0.9987464165434308
visualizing_soil,easting,8641.0,0.2096,0.7476,-0.004,1.554,0.7387,0.7352,0.4266,0.1808,-1.0862,0.3721,0.7311,0.0159,0.3572,0.0234,0.2506,0.0327,0.3994,8.4151,0.0,KNN,0.9947935017256211,0.9953717351375451,0.9952752287556865,0.9933467079618215,0.993636253978102,0.9945042893889415,0.9946968985299306,0.9923823808702961,0.9939253873736371
visualizing_soil,easting,8641.0,0.2096,0.7476,-0.004,1.554,0.7387,0.7352,0.4266,0.1808,-1.0862,0.3721,0.7311,0.0159,0.3572,0.0234,0.2506,0.0327,0.3994,8.4151,0.0,RandomForest,1.0,1.0,1.0,1.0,1.0,1.0,1.0,1.0,1.0
visualizing_soil,easting,8641.0,0.2096,0.7476,-0.004,1.554,0.7387,0.7352,0.4266,0.1808,-1.0862,0.3721,0.7311,0.0159,0.3572,0.0234,0.2506,0.0327,0.3994,8.4151,0.0,AdaBoost,0.999903583372388,0.999903583372388,0.999903583372388,0.999903583372388,0.999903583372388,0.999903583372388,0.999903583372388,0.999903583372388,0.999903583372388
visualizing_soil,easting,8641.0,0.2096,0.7476,-0.004,1.554,0.7387,0.7352,0.4266,0.1808,-1.0862,0.3721,0.7311,0.0159,0.3572,0.0234,0.2506,0.0327,0.3994,8.4151,0.0,SVC,0.999132221138802,0.9991322285844174,0.9992286243612152,0.9992286729542541,0.999228680282173,0.9989394105766742,0.999228680282173,0.9986500893650729,0.9991322789892729
visualizing_soil,easting,8641.0,0.155,0.7329,-0.004,1.56,0.7395,0.7276,0.4298,0.1945,-1.0917,0.3661,0.7376,0.0051,0.3568,0.0164,0.2468,0.022,0.3953,8.4585,0.0,DecisionTree,0.999903583372388,0.999903583372388,0.999903583372388,0.999903583372388,0.999903583372388,0.999903583372388,0.999903583372388,0.999903583372388,0.999903583372388
visualizing_soil,easting,8641.0,0.155,0.7329,-0.004,1.56,0.7395,0.7276,0.4298,0.1945,-1.0917,0.3661,0.7376,0.0051,0.3568,0.0164,0.2468,0.022,0.3953,8.4585,0.0,LogisticRegression,0.9981677824997084,0.9988428727074541,0.9988428727074541,0.9988428727074541,0.9988428727074541,0.9985535463255663,0.9986499949460507,0.9983606757671604,0.9988428727074541
visualizing_soil,easting,8641.0,0.155,0.7329,-0.004,1.56,0.7395,0.7276,0.4298,0.1945,-1.0917,0.3661,0.7376,0.0051,0.3568,0.0164,0.2468,0.022,0.3953,8.4585,0.0,KNN,0.9940214767019263,0.9944069864228162,0.9951792078302337,0.9942139640379412,0.9939255773574651,0.9937321663017266,0.9937320269204211,0.9928650285667621,0.9938286543500898
visualizing_soil,easting,8641.0,0.155,0.7329,-0.004,1.56,0.7395,0.7276,0.4298,0.1945,-1.0917,0.3661,0.7376,0.0051,0.3568,0.0164,0.2468,0.022,0.3953,8.4585,0.0,RandomForest,1.0,1.0,1.0,1.0,1.0,1.0,1.0,1.0,1.0
visualizing_soil,easting,8641.0,0.155,0.7329,-0.004,1.56,0.7395,0.7276,0.4298,0.1945,-1.0917,0.3661,0.7376,0.0051,0.3568,0.0164,0.2468,0.022,0.3953,8.4585,0.0,AdaBoost,0.999903583372388,0.999903583372388,0.999903583372388,0.999903583372388,0.999903583372388,0.999903583372388,0.999903583372388,0.999903583372388,0.999903583372388
visualizing_soil,easting,8641.0,0.155,0.7329,-0.004,1.56,0.7395,0.7276,0.4298,0.1945,-1.0917,0.3661,0.7376,0.0051,0.3568,0.0164,0.2468,0.022,0.3953,8.4585,0.0,SVC,0.9992286305861745,0.9989394416047297,0.9992286242332242,0.9992287125841908,0.9992287125841908,0.9989394377576328,0.9989394645590146,0.9988428787500703,0.9992287125841908
visualizing_soil,easting,8641.0,0.0994,0.7213,-0.004,1.56,0.7396,0.7296,0.4301,0.1846,-1.1014,0.3681,0.7396,0.011,0.3582,0.0198,0.2476,0.0272,0.3973,8.4949,0.0,DecisionTree,0.999903583372388,0.999903583372388,0.999903583372388,0.999903583372388,0.999903583372388,0.999903583372388,0.999903583372388,0.999903583372388,0.999903583372388
visualizing_soil,easting,8641.0,0.0994,0.7213,-0.004,1.56,0.7396,0.7296,0.4301,0.1846,-1.1014,0.3681,0.7396,0.011,0.3582,0.0198,0.2476,0.0272,0.3973,8.4949,0.0,LogisticRegression,0.9981677593610883,0.9979753107854873,0.9988428727074541,0.9988428727074541,0.998649991265562,0.9980713619380943,0.9977823248083301,0.9986499961952436,0.9987464228377767
visualizing_soil,easting,8641.0,0.0994,0.7213,-0.004,1.56,0.7396,0.7296,0.4301,0.1846,-1.1014,0.3681,0.7396,0.011,0.3582,0.0198,0.2476,0.0272,0.3973,8.4949,0.0,KNN,0.9938291240037216,0.9946001323182956,0.9944075912799566,0.9940220038820844,0.9944075796446701,0.9944074309087825,0.994503522685504,0.9935403150879623,0.9944075769802581
visualizing_soil,easting,8641.0,0.0994,0.7213,-0.004,1.56,0.7396,0.7296,0.4301,0.1846,-1.1014,0.3681,0.7396,0.011,0.3582,0.0198,0.2476,0.0272,0.3973,8.4949,0.0,RandomForest,1.0,1.0,1.0,1.0,1.0,1.0,1.0,1.0,1.0
visualizing_soil,easting,8641.0,0.0994,0.7213,-0.004,1.56,0.7396,0.7296,0.4301,0.1846,-1.1014,0.3681,0.7396,0.011,0.3582,0.0198,0.2476,0.0272,0.3973,8.4949,0.0,AdaBoost,0.999903583372388,0.999903583372388,0.999903583372388,0.999903583372388,0.999903583372388,0.999903583372388,0.999903583372388,0.999903583372388,0.999903583372388
visualizing_soil,easting,8641.0,0.0994,0.7213,-0.004,1.56,0.7396,0.7296,0.4301,0.1846,-1.1014,0.3681,0.7396,0.011,0.3582,0.0198,0.2476,0.0272,0.3973,8.4949,0.0,SVC,0.9989394645222641,0.9989394563451457,0.9991321970901221,0.9986501905442526,0.9986502704814523,0.9984574438248508,0.9991323050467666,0.9991322595784646,0.9988430847701701
visualizing_soil,easting,8641.0,0.048,0.7133,-0.004,1.56,0.7392,0.7306,0.4294,0.1857,-1.0951,0.3686,0.7379,0.0028,0.3531,0.015,0.2444,0.0196,0.3922,8.5394,0.0,DecisionTree,0.999903583372388,0.999903583372388,0.999903583372388,0.999903583372388,0.999903583372388,0.999903583372388,0.999903583372388,0.999903583372388,0.999903583372388
visualizing_soil,easting,8641.0,0.048,0.7133,-0.004,1.56,0.7392,0.7306,0.4294,0.1857,-1.0951,0.3686,0.7379,0.0028,0.3531,0.015,0.2444,0.0196,0.3922,8.5394,0.0,LogisticRegression,0.9984570621746531,0.9986500538432688,0.9988428727074541,0.9988428727074541,0.9988428727074541,0.9982642957106976,0.998553589376535,0.9985535304885153,0.9988428653493512
visualizing_soil,easting,8641.0,0.048,0.7133,-0.004,1.56,0.7392,0.7306,0.4294,0.1857,-1.0951,0.3686,0.7379,0.0028,0.3531,0.015,0.2444,0.0196,0.3922,8.5394,0.0,KNN,0.9955642912300624,0.9952752550032551,0.9958540169637469,0.9955643607634339,0.9955642820390667,0.9949859073477898,0.9947928556956191,0.9954676752546296,0.9952755097686854
visualizing_soil,easting,8641.0,0.048,0.7133,-0.004,1.56,0.7392,0.7306,0.4294,0.1857,-1.0951,0.3686,0.7379,0.0028,0.3531,0.015,0.2444,0.0196,0.3922,8.5394,0.0,RandomForest,1.0,1.0,1.0,1.0,1.0,1.0,1.0,1.0,1.0
visualizing_soil,easting,8641.0,0.048,0.7133,-0.004,1.56,0.7392,0.7306,0.4294,0.1857,-1.0951,0.3686,0.7379,0.0028,0.3531,0.015,0.2444,0.0196,0.3922,8.5394,0.0,AdaBoost,0.999903583372388,0.999903583372388,0.999903583372388,0.999903583372388,0.999903583372388,0.999903583372388,0.999903583372388,0.999903583372388,0.999903583372388
visualizing_soil,easting,8641.0,0.048,0.7133,-0.004,1.56,0.7392,0.7306,0.4294,0.1857,-1.0951,0.3686,0.7379,0.0028,0.3531,0.015,0.2444,0.0196,0.3922,8.5394,0.0,SVC,0.9994214577833452,0.9993250402704729,0.9992286145139109,0.9990357581039309,0.999132183860493,0.9992286012842817,0.9995179015030227,0.9992286145139109,0.9994214699308079
visualizing_soil,resistivity,8641.0,0.4951,0.7981,0.89,166.01,51.1764,48.15,29.0176,0.5697,-0.0045,19.73,41.735,0.011,0.3503,0.0087,0.2444,0.0008,0.3906,8.0779,0.0,DecisionTree,0.999903583372388,0.999903583372388,0.999903583372388,0.999903583372388,0.999903583372388,0.999903583372388,0.999903583372388,0.999903583372388,0.999903583372388
visualizing_soil,resistivity,8641.0,0.4951,0.7981,0.89,166.01,51.1764,48.15,29.0176,0.5697,-0.0045,19.73,41.735,0.011,0.3503,0.0087,0.2444,0.0008,0.3906,8.0779,0.0,LogisticRegression,0.9984571056147441,0.998360696193259,0.9988428727074541,0.9992285995206895,0.9992285995206895,0.9984571056147441,0.9984571056147441,0.998360696193259,0.9984571056147441
visualizing_soil,resistivity,8641.0,0.4951,0.7981,0.89,166.01,51.1764,48.15,29.0176,0.5697,-0.0045,19.73,41.735,0.011,0.3503,0.0087,0.2444,0.0008,0.3906,8.0779,0.0,KNN,0.9958534374263348,0.9960463908991493,0.9960462085834088,0.9958533302783846,0.9949853200946047,0.9959499289126116,0.9956605821482202,0.9919000294209449,0.9963355735893797
visualizing_soil,resistivity,8641.0,0.4951,0.7981,0.89,166.01,51.1764,48.15,29.0176,0.5697,-0.0045,19.73,41.735,0.011,0.3503,0.0087,0.2444,0.0008,0.3906,8.0779,0.0,RandomForest,1.0,1.0,1.0,1.0,1.0,1.0,1.0,1.0,1.0
visualizing_soil,resistivity,8641.0,0.4951,0.7981,0.89,166.01,51.1764,48.15,29.0176,0.5697,-0.0045,19.73,41.735,0.011,0.3503,0.0087,0.2444,0.0008,0.3906,8.0779,0.0,AdaBoost,0.999903583372388,0.999903583372388,0.999903583372388,0.999903583372388,0.999903583372388,0.999903583372388,0.999903583372388,0.999903583372388,0.999903583372388
visualizing_soil,resistivity,8641.0,0.4951,0.7981,0.89,166.01,51.1764,48.15,29.0176,0.5697,-0.0045,19.73,41.735,0.011,0.3503,0.0087,0.2444,0.0008,0.3906,8.0779,0.0,SVC,0.9989393569144969,0.9987464643225392,0.9989393326147089,0.9989393232129694,0.9991321987440023,0.9992286484347681,0.9991322147910517,0.9985535736563075,0.9990357890344896
visualizing_soil,resistivity,8641.0,0.4418,0.7775,0.89,166.01,50.8824,47.43,28.9377,0.5459,-0.0688,19.5,42.065,0.0158,0.3587,0.0035,0.2496,0.0046,0.3985,8.1466,0.0,DecisionTree,0.999903583372388,0.999903583372388,0.999903583372388,0.999903583372388,0.999903583372388,0.999903583372388,0.999903583372388,0.999903583372388,0.999903583372388
visualizing_soil,resistivity,8641.0,0.4418,0.7775,0.89,166.01,50.8824,47.43,28.9377,0.5459,-0.0688,19.5,42.065,0.0158,0.3587,0.0035,0.2496,0.0046,0.3985,8.1466,0.0,LogisticRegression,0.9982642326450865,0.9982642320588098,0.9989393157526021,0.9993250336101371,0.9992285995206895,0.9982642326450865,0.9982642326450865,0.9982642102593671,0.9988428875364977
visualizing_soil,resistivity,8641.0,0.4418,0.7775,0.89,166.01,50.8824,47.43,28.9377,0.5459,-0.0688,19.5,42.065,0.0158,0.3587,0.0035,0.2496,0.0046,0.3985,8.1466,0.0,KNN,0.9928639074037434,0.9932496205077403,0.9940204354681302,0.9945028477820492,0.9945994414684768,0.9930567880008502,0.993249483418842,0.9921880180161516,0.9930566353210085
visualizing_soil,resistivity,8641.0,0.4418,0.7775,0.89,166.01,50.8824,47.43,28.9377,0.5459,-0.0688,19.5,42.065,0.0158,0.3587,0.0035,0.2496,0.0046,0.3985,8.1466,0.0,RandomForest,1.0,1.0,1.0,1.0,1.0,1.0,1.0,0.999903583372388,1.0
visualizing_soil,resistivity,8641.0,0.4418,0.7775,0.89,166.01,50.8824,47.43,28.9377,0.5459,-0.0688,19.5,42.065,0.0158,0.3587,0.0035,0.2496,0.0046,0.3985,8.1466,0.0,AdaBoost,0.999903583372388,0.999903583372388,0.999903583372388,0.999903583372388,0.999903583372388,0.999903583372388,0.999903583372388,0.999903583372388,0.999903583372388
visualizing_soil,resistivity,8641.0,0.4418,0.7775,0.89,166.01,50.8824,47.43,28.9377,0.5459,-0.0688,19.5,42.065,0.0158,0.3587,0.0035,0.2496,0.0046,0.3985,8.1466,0.0,SVC,0.9992286286623369,0.9990357475517804,0.9994214825694232,0.9996143138175548,0.9994214801801813,0.999517907179214,0.999517907179214,0.9989393217952183,0.9990357651002859
visualizing_soil,resistivity,8641.0,0.4008,0.7661,1.01,162.42,50.6656,47.755,28.5254,0.5635,0.0241,19.28,40.7025,0.0217,0.367,0.0022,0.257,0.0078,0.4091,8.1982,0.0,DecisionTree,0.999903583372388,0.999903583372388,0.999903583372388,0.999903583372388,0.999903583372388,0.999903583372388,0.999903583372388,0.999903583372388,0.999903583372388
visualizing_soil,resistivity,8641.0,0.4008,0.7661,1.01,162.42,50.6656,47.755,28.5254,0.5635,0.0241,19.28,40.7025,0.0217,0.367,0.0022,0.257,0.0078,0.4091,8.1982,0.0,LogisticRegression,0.9986499718147882,0.998650012266758,0.9990357582641766,0.9993250336101371,0.9992285995206895,0.9986499718147882,0.9986499718147882,0.9985535623970806,0.9986499718147882
visualizing_soil,resistivity,8641.0,0.4008,0.7661,1.01,162.42,50.6656,47.755,28.5254,0.5635,0.0241,19.28,40.7025,0.0217,0.367,0.0022,0.257,0.0078,0.4091,8.1982,0.0,KNN,0.9940206765093098,0.9948885586262939,0.9958533064411319,0.9944061566857156,0.9953708236872771,0.994116507069182,0.9944060996307115,0.9926703461068108,0.9944062788535301
visualizing_soil,resistivity,8641.0,0.4008,0.7661,1.01,162.42,50.6656,47.755,28.5254,0.5635,0.0241,19.28,40.7025,0.0217,0.367,0.0022,0.257,0.0078,0.4091,8.1982,0.0,RandomForest,1.0,1.0,1.0,1.0,1.0,1.0,1.0,1.0,1.0
visualizing_soil,resistivity,8641.0,0.4008,0.7661,1.01,162.42,50.6656,47.755,28.5254,0.5635,0.0241,19.28,40.7025,0.0217,0.367,0.0022,0.257,0.0078,0.4091,8.1982,0.0,AdaBoost,0.999903583372388,0.999903583372388,0.999903583372388,0.999903583372388,0.999903583372388,0.999903583372388,0.999903583372388,0.999903583372388,0.999903583372388
visualizing_soil,resistivity,8641.0,0.4008,0.7661,1.01,162.42,50.6656,47.755,28.5254,0.5635,0.0241,19.28,40.7025,0.0217,0.367,0.0022,0.257,0.0078,0.4091,8.1982,0.0,SVC,0.9991322550837828,0.9991321991897335,0.9992286286623369,0.99884289454188,0.9989393379571838,0.9990357970860755,0.9987465436054941,0.9990357676175188,0.998939377605907
visualizing_soil,resistivity,8641.0,0.342,0.755,0.92,165.63,51.3323,48.285,28.81,0.5709,0.0036,19.61,41.405,0.0057,0.3458,0.0132,0.2378,0.0102,0.3842,8.2755,0.0,DecisionTree,0.999903583372388,0.999903583372388,0.999903583372388,0.999903583372388,0.999903583372388,0.999903583372388,0.999903583372388,0.999903583372388,0.999903583372388
visualizing_soil,resistivity,8641.0,0.342,0.755,0.92,165.63,51.3323,48.285,28.81,0.5709,0.0036,19.61,41.405,0.0057,0.3458,0.0132,0.2378,0.0102,0.3842,8.2755,0.0,LogisticRegression,0.9986499718147882,0.998649986643832,0.9988428727074541,0.9992285995206895,0.9992285995206895,0.9986499718147882,0.9985535150324516,0.9985535623970806,0.9986499718147882
visualizing_soil,resistivity,8641.0,0.342,0.755,0.92,165.63,51.3323,48.285,28.81,0.5709,0.0036,19.61,41.405,0.0057,0.3458,0.0132,0.2378,0.0102,0.3842,8.2755,0.0,KNN,0.9950829254790043,0.994986528981399,0.9957577377652113,0.9946968748675015,0.9950829590222567,0.9945045148342593,0.9945045262693383,0.9923825193584155,0.9944080427912787
visualizing_soil,resistivity,8641.0,0.342,0.755,0.92,165.63,51.3323,48.285,28.81,0.5709,0.0036,19.61,41.405,0.0057,0.3458,0.0132,0.2378,0.0102,0.3842,8.2755,0.0,RandomForest,1.0,1.0,1.0,1.0,1.0,1.0,1.0,0.9999035897568042,1.0
visualizing_soil,resistivity,8641.0,0.342,0.755,0.92,165.63,51.3323,48.285,28.81,0.5709,0.0036,19.61,41.405,0.0057,0.3458,0.0132,0.2378,0.0102,0.3842,8.2755,0.0,AdaBoost,0.999903583372388,0.999903583372388,0.999903583372388,0.999903583372388,0.999903583372388,0.999903583372388,0.999903583372388,0.999903583372388,0.999903583372388
visualizing_soil,resistivity,8641.0,0.342,0.755,0.92,165.63,51.3323,48.285,28.81,0.5709,0.0036,19.61,41.405,0.0057,0.3458,0.0132,0.2378,0.0102,0.3842,8.2755,0.0,SVC,0.998939348036674,0.9994214981707414,0.9989393379571838,0.9991322012612351,0.9992286267504571,0.9992286423517753,0.9991322165952132,0.9990357824037188,0.9992286423517753
visualizing_soil,resistivity,8641.0,0.2949,0.7418,0.89,166.01,51.2421,48.38,28.7656,0.5536,0.001,19.76,41.44,0.0224,0.344,0.0018,0.2366,0.0062,0.3815,8.3234,0.0,DecisionTree,0.999903583372388,0.999903583372388,0.999903583372388,0.999903583372388,0.999903583372388,0.999903583372388,0.999903583372388,0.999903583372388,0.999903583372388
visualizing_soil,resistivity,8641.0,0.2949,0.7418,0.89,166.01,51.2421,48.38,28.7656,0.5536,0.001,19.76,41.44,0.0224,0.344,0.0018,0.2366,0.0062,0.3815,8.3234,0.0,LogisticRegression,0.9985535623970806,0.998650012266758,0.9988428727074541,0.9990357399993534,0.9990357399993534,0.9985535623970806,0.9984571526243087,0.998650012266758,0.9985535623970806
visualizing_soil,resistivity,8641.0,0.2949,0.7418,0.89,166.01,51.2421,48.38,28.7656,0.5536,0.001,19.76,41.44,0.0224,0.344,0.0018,0.2366,0.0062,0.3815,8.3234,0.0,KNN,0.9938294276507269,0.994407605494599,0.9945038037236308,0.9941179682116988,0.994021662467578,0.9937328565063757,0.994118534076692,0.9922853956821789,0.9944074825094924
visualizing_soil,resistivity,8641.0,0.2949,0.7418,0.89,166.01,51.2421,48.38,28.7656,0.5536,0.001,19.76,41.44,0.0224,0.344,0.0018,0.2366,0.0062,0.3815,8.3234,0.0,RandomForest,1.0,1.0,1.0,1.0,1.0,1.0,1.0,1.0,1.0
visualizing_soil,resistivity,8641.0,0.2949,0.7418,0.89,166.01,51.2421,48.38,28.7656,0.5536,0.001,19.76,41.44,0.0224,0.344,0.0018,0.2366,0.0062,0.3815,8.3234,0.0,AdaBoost,0.999903583372388,0.999903583372388,0.999903583372388,0.999903583372388,0.999903583372388,0.999903583372388,0.999903583372388,0.999903583372388,0.999903583372388
visualizing_soil,resistivity,8641.0,0.2949,0.7418,0.89,166.01,51.2421,48.38,28.7656,0.5536,0.001,19.76,41.44,0.0224,0.344,0.0018,0.2366,0.0062,0.3815,8.3234,0.0,SVC,0.9989393354399508,0.9990357695293985,0.9991322031731149,0.9994214801801813,0.9992286328334499,0.9989393379571838,0.9988429016484712,0.9987464586033232,0.9990357676175188
visualizing_soil,resistivity,8641.0,0.2541,0.7279,0.89,166.01,51.035,47.97,28.9426,0.5446,-0.0442,19.82,42.19,0.02,0.3604,0.0027,0.2489,0.0064,0.3981,8.3515,0.0,DecisionTree,0.999903583372388,0.999903583372388,0.999903583372388,0.999903583372388,0.999903583372388,0.999903583372388,0.999903583372388,0.999903583372388,0.999903583372388
visualizing_soil,resistivity,8641.0,0.2541,0.7279,0.89,166.01,51.035,47.97,28.9426,0.5446,-0.0442,19.82,42.19,0.02,0.3604,0.0027,0.2489,0.0064,0.3981,8.3515,0.0,LogisticRegression,0.9987464228377767,0.9987464632897465,0.9988428727074541,0.9989393157526021,0.9989393157526021,0.9988428727074541,0.9987464228377767,0.9988428727074541,0.9987464228377767
visualizing_soil,resistivity,8641.0,0.2541,0.7279,0.89,166.01,51.035,47.97,28.9426,0.5446,-0.0442,19.82,42.19,0.02,0.3604,0.0027,0.2489,0.0064,0.3981,8.3515,0.0,KNN,0.9934429876828584,0.9945034896644027,0.9954683107702066,0.9955646602386232,0.9958536965448751,0.9932502111490774,0.9932500142526016,0.9924788373772756,0.992864186595898
visualizing_soil,resistivity,8641.0,0.2541,0.7279,0.89,166.01,51.035,47.97,28.9426,0.5446,-0.0442,19.82,42.19,0.02,0.3604,0.0027,0.2489,0.0064,0.3981,8.3515,0.0,RandomForest,1.0,1.0,1.0,1.0,1.0,1.0,1.0,1.0,1.0
visualizing_soil,resistivity,8641.0,0.2541,0.7279,0.89,166.01,51.035,47.97,28.9426,0.5446,-0.0442,19.82,42.19,0.02,0.3604,0.0027,0.2489,0.0064,0.3981,8.3515,0.0,AdaBoost,0.999903583372388,0.999903583372388,0.999903583372388,0.999903583372388,0.999903583372388,0.999903583372388,0.999903583372388,0.999903583372388,0.999903583372388
visualizing_soil,resistivity,8641.0,0.2541,0.7279,0.89,166.01,51.035,47.97,28.9426,0.5446,-0.0442,19.82,42.19,0.02,0.3604,0.0027,0.2489,0.0064,0.3981,8.3515,0.0,SVC,0.9995178890037444,0.9988428910164967,0.9991321987440023,0.9991321987440023,0.999132188200266,0.9995178890037444,0.9993250484799756,0.9985535740244605,0.9995178890037444
visualizing_soil,resistivity,8641.0,0.2028,0.7139,0.89,166.01,51.1139,47.97,28.8471,0.5625,-0.0063,19.49,41.42,0.0214,0.3595,0.0014,0.249,0.0084,0.3985,8.396,0.0,DecisionTree,0.999903583372388,0.999903583372388,0.999903583372388,0.999903583372388,0.999903583372388,0.999903583372388,0.999903583372388,0.999903583372388,0.999903583372388
visualizing_soil,resistivity,8641.0,0.2028,0.7139,0.89,166.01,51.1139,47.97,28.8471,0.5625,-0.0063,19.49,41.42,0.0214,0.3595,0.0014,0.249,0.0084,0.3985,8.396,0.0,LogisticRegression,0.9988428727074541,0.9985535623970806,0.9988428727074541,0.9992285995206895,0.9991321825109278,0.9989393157526021,0.9988429063348945,0.9985535623970806,0.9991321825109278
visualizing_soil,resistivity,8641.0,0.2028,0.7139,0.89,166.01,51.1139,47.97,28.8471,0.5625,-0.0063,19.49,41.42,0.0214,0.3595,0.0014,0.249,0.0084,0.3985,8.396,0.0,KNN,0.9946007427034613,0.9951795058441714,0.9948895751125348,0.9944070918682717,0.9949861333161961,0.9945043881621815,0.9944079169287439,0.9940221142216003,0.9946972361258175
visualizing_soil,resistivity,8641.0,0.2028,0.7139,0.89,166.01,51.1139,47.97,28.8471,0.5625,-0.0063,19.49,41.42,0.0214,0.3595,0.0014,0.249,0.0084,0.3985,8.396,0.0,RandomForest,1.0,0.999903583372388,1.0,1.0,1.0,1.0,1.0,1.0,1.0
visualizing_soil,resistivity,8641.0,0.2028,0.7139,0.89,166.01,51.1139,47.97,28.8471,0.5625,-0.0063,19.49,41.42,0.0214,0.3595,0.0014,0.249,0.0084,0.3985,8.396,0.0,AdaBoost,0.999903583372388,0.999903583372388,0.999903583372388,0.999903583372388,0.999903583372388,0.999903583372388,0.999903583372388,0.999903583372388,0.999903583372388
visualizing_soil,resistivity,8641.0,0.2028,0.7139,0.89,166.01,51.1139,47.97,28.8471,0.5625,-0.0063,19.49,41.42,0.0214,0.3595,0.0014,0.249,0.0084,0.3985,8.396,0.0,SVC,0.9994214814226519,0.9988429950375886,0.9993250559334299,0.9994214635462266,0.999614322679165,0.9992286242332242,0.9991322012612351,0.9986500939735903,0.999517907179214
visualizing_soil,resistivity,8641.0,0.1489,0.6985,0.92,166.01,50.8533,47.765,28.8534,0.5688,0.0095,19.455,41.245,0.0146,0.3548,0.0063,0.2461,0.0004,0.3943,8.4331,0.0,DecisionTree,0.999903583372388,0.999903583372388,0.999903583372388,0.999903583372388,0.999903583372388,0.999903583372388,0.999903583372388,0.999903583372388,0.999903583372388
visualizing_soil,resistivity,8641.0,0.1489,0.6985,0.92,166.01,50.8533,47.765,28.8534,0.5688,0.0095,19.455,41.245,0.0146,0.3548,0.0063,0.2461,0.0004,0.3943,8.4331,0.0,LogisticRegression,0.9988428727074541,0.998650012266758,0.9988428727074541,0.9990357399993534,0.9989393157526021,0.9988428727074541,0.9985535623970806,0.9988428727074541,0.9989393157526021
visualizing_soil,resistivity,8641.0,0.1489,0.6985,0.92,166.01,50.8533,47.765,28.8534,0.5688,0.0095,19.455,41.245,0.0146,0.3548,0.0063,0.2461,0.0004,0.3943,8.4331,0.0,KNN,0.9937327056284984,0.994117733270526,0.9946970090027799,0.9946001884997838,0.9946963408709566,0.9939251846829364,0.9939253246920301,0.9930569692239712,0.9935398903078885
visualizing_soil,resistivity,8641.0,0.1489,0.6985,0.92,166.01,50.8533,47.765,28.8534,0.5688,0.0095,19.455,41.245,0.0146,0.3548,0.0063,0.2461,0.0004,0.3943,8.4331,0.0,RandomForest,1.0,1.0,1.0,1.0,1.0,1.0,0.9999035897568042,1.0,1.0
visualizing_soil,resistivity,8641.0,0.1489,0.6985,0.92,166.01,50.8533,47.765,28.8534,0.5688,0.0095,19.455,41.245,0.0146,0.3548,0.0063,0.2461,0.0004,0.3943,8.4331,0.0,AdaBoost,0.999903583372388,0.999903583372388,0.999903583372388,0.999903583372388,0.999903583372388,0.999903583372388,0.999903583372388,0.999903583372388,0.999903583372388
visualizing_soil,resistivity,8641.0,0.1489,0.6985,0.92,166.01,50.8533,47.765,28.8534,0.5688,0.0095,19.455,41.245,0.0146,0.3548,0.0063,0.2461,0.0004,0.3943,8.4331,0.0,SVC,0.9993250788597843,0.9988429186193024,0.9996143154740527,0.9998071567305655,0.9996143222970151,0.9992286557088165,0.999325072307117,0.9989393240144833,0.9994214664780492
visualizing_soil,resistivity,8641.0,0.0961,0.687,0.89,166.01,50.9999,47.83,28.9914,0.5655,-0.0135,19.66,41.73,0.0159,0.3514,0.0042,0.2433,0.0037,0.3905,8.4718,0.0,DecisionTree,0.999903583372388,0.999903583372388,0.999903583372388,0.999903583372388,0.999903583372388,0.999903583372388,0.999903583372388,0.999903583372388,0.999903583372388
visualizing_soil,resistivity,8641.0,0.0961,0.687,0.89,166.01,50.9999,47.83,28.9914,0.5655,-0.0135,19.66,41.73,0.0159,0.3514,0.0042,0.2433,0.0037,0.3905,8.4718,0.0,LogisticRegression,0.9987464228377767,0.9987464376668205,0.9988428727074541,0.9989393157526021,0.9989393157526021,0.998842847084528,0.998842847084528,0.9987464376668205,0.9990357399993534
visualizing_soil,resistivity,8641.0,0.0961,0.687,0.89,166.01,50.9999,47.83,28.9914,0.5655,-0.0135,19.66,41.73,0.0159,0.3514,0.0042,0.2433,0.0037,0.3905,8.4718,0.0,KNN,0.9946965864176582,0.9947931700596652,0.995468023207854,0.9952754145193885,0.9952748760479067,0.9946002406540873,0.9946967539448198,0.9946965218087722,0.9952751574529568
visualizing_soil,resistivity,8641.0,0.0961,0.687,0.89,166.01,50.9999,47.83,28.9914,0.5655,-0.0135,19.66,41.73,0.0159,0.3514,0.0042,0.2433,0.0037,0.3905,8.4718,0.0,RandomForest,1.0,1.0,1.0,1.0,1.0,1.0,0.9999035897568042,1.0,1.0
visualizing_soil,resistivity,8641.0,0.0961,0.687,0.89,166.01,50.9999,47.83,28.9914,0.5655,-0.0135,19.66,41.73,0.0159,0.3514,0.0042,0.2433,0.0037,0.3905,8.4718,0.0,AdaBoost,0.999903583372388,0.999903583372388,0.999903583372388,0.999903583372388,0.999903583372388,0.999903583372388,0.999903583372388,0.999903583372388,0.999903583372388
visualizing_soil,resistivity,8641.0,0.0961,0.687,0.89,166.01,50.9999,47.83,28.9914,0.5655,-0.0135,19.66,41.73,0.0159,0.3514,0.0042,0.2433,0.0037,0.3905,8.4718,0.0,SVC,0.9992286286623369,0.9981679946658913,0.9989393240144833,0.9992286157609895,0.9991321945728892,0.9995179015030227,0.9994214718426876,0.9984571914261936,0.9992286242332242
visualizing_soil,resistivity,8641.0,0.0494,0.6754,0.89,166.01,50.9917,47.875,28.7597,0.564,0.0029,19.425,41.35,0.0125,0.3553,0.0083,0.2467,0.0023,0.3958,8.5012,0.0,DecisionTree,0.999903583372388,0.999903583372388,0.999903583372388,0.999903583372388,0.999903583372388,0.999903583372388,0.999903583372388,0.999903583372388,0.999903583372388
visualizing_soil,resistivity,8641.0,0.0494,0.6754,0.89,166.01,50.9917,47.875,28.7597,0.564,0.0029,19.425,41.35,0.0125,0.3553,0.0083,0.2467,0.0023,0.3958,8.5012,0.0,LogisticRegression,0.9987464228377767,0.9987464365135093,0.9987464228377767,0.9988428727074541,0.9988428727074541,0.9986499718147882,0.9985535623970806,0.9985535623970806,0.9988428727074541
visualizing_soil,resistivity,8641.0,0.0494,0.6754,0.89,166.01,50.9917,47.875,28.7597,0.564,0.0029,19.425,41.35,0.0125,0.3553,0.0083,0.2467,0.0023,0.3958,8.5012,0.0,KNN,0.9950828280289507,0.9946965856400468,0.9950826080662954,0.9950828203660647,0.9950825159367455,0.9947936003899722,0.9951791552793033,0.994503591808801,0.9946969429310294
visualizing_soil,resistivity,8641.0,0.0494,0.6754,0.89,166.01,50.9917,47.875,28.7597,0.564,0.0029,19.425,41.35,0.0125,0.3553,0.0083,0.2467,0.0023,0.3958,8.5012,0.0,RandomForest,1.0,0.999903583372388,1.0,1.0,1.0,1.0,0.9999035897568042,1.0,1.0
visualizing_soil,resistivity,8641.0,0.0494,0.6754,0.89,166.01,50.9917,47.875,28.7597,0.564,0.0029,19.425,41.35,0.0125,0.3553,0.0083,0.2467,0.0023,0.3958,8.5012,0.0,AdaBoost,0.999903583372388,0.999903583372388,0.999903583372388,0.999903583372388,0.999903583372388,0.999903583372388,0.999903583372388,0.999903583372388,0.999903583372388
visualizing_soil,resistivity,8641.0,0.0494,0.6754,0.89,166.01,50.9917,47.875,28.7597,0.564,0.0029,19.425,41.35,0.0125,0.3553,0.0083,0.2467,0.0023,0.3958,8.5012,0.0,SVC,0.9991322150532375,0.9986500717290485,0.9989393327749546,0.9988429012027399,0.9988429012027399,0.9987464859388645,0.9985536159864355,0.9984571877512167,0.9989393327749546
