name,column_name,n_tuples,missing_perc,uniqueness,min,max,mean,median,std,skewness,kurtosis,mad,iqr,p_min,p_max,k_min,k_max,s_min,s_max,entropy,density,ml_algorithm,impute_standard,impute_mean,impute_median,impute_random,impute_knn,impute_mice,impute_linear_regression,impute_random_forest,impute_cmeans
drug,Age,200.0,0.495,0.495,15.0,74.0,43.802,43.0,16.071,0.1403,-0.9469,12.0,25.0,0.1707,0.1707,0.1124,0.1124,0.166,0.166,3.7854,0.0206,DecisionTree,0.9282664258399553,0.926481047547224,0.9456593406593405,0.9461485042735043,0.9475635475635475,0.9210182464594229,0.9110783545158545,0.9198654286889582,0.9338219813955109
drug,Age,200.0,0.495,0.495,15.0,74.0,43.802,43.0,16.071,0.1403,-0.9469,12.0,25.0,0.1707,0.1707,0.1124,0.1124,0.166,0.166,3.7854,0.0206,LogisticRegression,0.8825171458708801,0.8656424926483485,0.9255270979711278,0.9033148500266882,0.8988540657129628,0.8857297553827701,0.8832762070711179,0.8613669857015336,0.8856241721888515
drug,Age,200.0,0.495,0.495,15.0,74.0,43.802,43.0,16.071,0.1403,-0.9469,12.0,25.0,0.1707,0.1707,0.1124,0.1124,0.166,0.166,3.7854,0.0206,KNN,0.7448311177813377,0.7422200407845666,0.7795555851085948,0.7474225193429161,0.7498910420891182,0.7465134790965373,0.7508667304735869,0.7254426904683958,0.7580709482201771
drug,Age,200.0,0.495,0.495,15.0,74.0,43.802,43.0,16.071,0.1403,-0.9469,12.0,25.0,0.1707,0.1707,0.1124,0.1124,0.166,0.166,3.7854,0.0206,RandomForest,0.9005313899063899,0.8987393624893625,0.9175616050616051,0.9234615384615384,0.917006512006512,0.8923809523809524,0.8957425213675214,0.9018953268953269,0.896957671957672
drug,Age,200.0,0.495,0.495,15.0,74.0,43.802,43.0,16.071,0.1403,-0.9469,12.0,25.0,0.1707,0.1707,0.1124,0.1124,0.166,0.166,3.7854,0.0206,AdaBoost,0.7873652677712255,0.7873652677712255,0.7873652677712255,0.7873652677712255,0.7873652677712255,0.7873652677712255,0.7873652677712255,0.7873652677712255,0.7873652677712255
drug,Age,200.0,0.495,0.495,15.0,74.0,43.802,43.0,16.071,0.1403,-0.9469,12.0,25.0,0.1707,0.1707,0.1124,0.1124,0.166,0.166,3.7854,0.0206,SVC,0.856375107926528,0.8589845941381549,0.8889620744243584,0.8886032709376195,0.8683050746689329,0.8419813974826615,0.8469622910872616,0.841727940253337,0.8379524626784353
drug,Age,200.0,0.49,0.4706,18.0,74.0,45.1471,45.0,15.7638,0.0367,-1.0565,13.0,26.75,0.0088,0.0088,0.057,0.057,0.0765,0.0765,3.7517,0.0235,DecisionTree,0.9373867962103257,0.9579118104118103,0.9081254856254857,0.9322769877181643,0.9391193528693529,0.94680238062591,0.938950702075702,0.950649685962186,0.9364145739881033
drug,Age,200.0,0.49,0.4706,18.0,74.0,45.1471,45.0,15.7638,0.0367,-1.0565,13.0,26.75,0.0088,0.0088,0.057,0.057,0.0765,0.0765,3.7517,0.0235,LogisticRegression,0.901507323014676,0.8773566815036803,0.876510429142008,0.8940841593047475,0.9087432194997984,0.901507323014676,0.9044572529866647,0.8764250569302704,0.9047995914657958
drug,Age,200.0,0.49,0.4706,18.0,74.0,45.1471,45.0,15.7638,0.0367,-1.0565,13.0,26.75,0.0088,0.0088,0.057,0.057,0.0765,0.0765,3.7517,0.0235,KNN,0.7666959465845965,0.7416587853135146,0.7242140634988758,0.743320249828683,0.7486562480390995,0.7646247188214181,0.7832677804602218,0.7414864983538679,0.7515432322140269
drug,Age,200.0,0.49,0.4706,18.0,74.0,45.1471,45.0,15.7638,0.0367,-1.0565,13.0,26.75,0.0088,0.0088,0.057,0.057,0.0765,0.0765,3.7517,0.0235,RandomForest,0.95487382987383,0.9463675213675213,0.8992254273504273,0.921031746031746,0.9124923687423687,0.9382071632071631,0.9368525918525918,0.9148937173937175,0.9211004273504273
drug,Age,200.0,0.49,0.4706,18.0,74.0,45.1471,45.0,15.7638,0.0367,-1.0565,13.0,26.75,0.0088,0.0088,0.057,0.057,0.0765,0.0765,3.7517,0.0235,AdaBoost,0.7873652677712255,0.7873652677712255,0.7873652677712255,0.7873652677712255,0.7873652677712255,0.7873652677712255,0.7873652677712255,0.7873652677712255,0.7873652677712255
drug,Age,200.0,0.49,0.4706,18.0,74.0,45.1471,45.0,15.7638,0.0367,-1.0565,13.0,26.75,0.0088,0.0088,0.057,0.057,0.0765,0.0765,3.7517,0.0235,SVC,0.8777435801554059,0.8351963269036561,0.8409661875180531,0.8455239569573181,0.8578665789059892,0.869435927870339,0.8860075928311832,0.8375996885154399,0.8217081177023968
drug,Age,200.0,0.43,0.4561,15.0,74.0,44.2895,46.5,16.1064,-0.0598,-1.0932,12.5,26.75,0.0205,0.0205,0.0175,0.0175,0.0224,0.0224,3.8119,0.0205,DecisionTree,0.9829506930977518,0.9662840264310852,0.9361187423687423,0.9586485042735043,0.9440113705738706,0.9829506930977518,0.9785567537038125,0.9785567537038125,0.9706491057961646
drug,Age,200.0,0.43,0.4561,15.0,74.0,44.2895,46.5,16.1064,-0.0598,-1.0932,12.5,26.75,0.0205,0.0205,0.0175,0.0175,0.0224,0.0224,3.8119,0.0205,LogisticRegression,0.944875581146866,0.9537315587925725,0.9257377095332434,0.9251657444149705,0.9170969613461873,0.944875581146866,0.944875581146866,0.9448321778372706,0.9494560518457577
drug,Age,200.0,0.43,0.4561,15.0,74.0,44.2895,46.5,16.1064,-0.0598,-1.0932,12.5,26.75,0.0205,0.0205,0.0175,0.0175,0.0224,0.0224,3.8119,0.0205,KNN,0.7845618892501725,0.7484501399482256,0.8059038736541151,0.79645044953376,0.8082987191712903,0.7819860398003589,0.77540182807736,0.7377607205393673,0.7871769863556641
drug,Age,200.0,0.43,0.4561,15.0,74.0,44.2895,46.5,16.1064,-0.0598,-1.0932,12.5,26.75,0.0205,0.0205,0.0175,0.0175,0.0224,0.0224,3.8119,0.0205,RandomForest,0.9621527777777777,0.957390873015873,0.9423137973137974,0.9457722832722832,0.9377266483516483,0.957390873015873,0.9708333333333333,0.9538969690440279,0.957390873015873
drug,Age,200.0,0.43,0.4561,15.0,74.0,44.2895,46.5,16.1064,-0.0598,-1.0932,12.5,26.75,0.0205,0.0205,0.0175,0.0175,0.0224,0.0224,3.8119,0.0205,AdaBoost,0.7873652677712255,0.7873652677712255,0.7873652677712255,0.7873652677712255,0.7873652677712255,0.7873652677712255,0.7873652677712255,0.7873652677712255,0.7873652677712255
drug,Age,200.0,0.43,0.4561,15.0,74.0,44.2895,46.5,16.1064,-0.0598,-1.0932,12.5,26.75,0.0205,0.0205,0.0175,0.0175,0.0224,0.0224,3.8119,0.0205,SVC,0.9125289592638542,0.9246052946310681,0.9262772001766794,0.9130977480451195,0.9101822534041043,0.9159719631233044,0.9118257337083293,0.9038586739585068,0.9085649587844129
drug,Age,200.0,0.39,0.4098,15.0,74.0,44.3689,45.0,16.5322,0.0334,-1.0687,13.0,26.75,0.0517,0.0517,0.0041,0.0041,0.0006,0.0006,3.7682,0.0241,DecisionTree,0.940663665038665,0.9461355311355312,0.92502442002442,0.9473606771768537,0.9616039679274974,0.939109414550591,0.9341590354090354,0.966698717948718,0.9338785343197108
drug,Age,200.0,0.39,0.4098,15.0,74.0,44.3689,45.0,16.5322,0.0334,-1.0687,13.0,26.75,0.0517,0.0517,0.0041,0.0041,0.0006,0.0006,3.7682,0.0241,LogisticRegression,0.8948308128211506,0.8829072853844526,0.8955345254161043,0.8950818210258509,0.8930847810751189,0.9014415315767379,0.8956393445671824,0.8890022364676112,0.8884933505138233
drug,Age,200.0,0.39,0.4098,15.0,74.0,44.3689,45.0,16.5322,0.0334,-1.0687,13.0,26.75,0.0517,0.0517,0.0041,0.0041,0.0006,0.0006,3.7682,0.0241,KNN,0.7265012186155587,0.6966870350782417,0.7579963665074657,0.7493885660928078,0.7634306030713606,0.7377571879722662,0.7087755948726536,0.7131178835694466,0.7188485745360667
drug,Age,200.0,0.39,0.4098,15.0,74.0,44.3689,45.0,16.5322,0.0334,-1.0687,13.0,26.75,0.0517,0.0517,0.0041,0.0041,0.0006,0.0006,3.7682,0.0241,RandomForest,0.9245165945165945,0.9209772172272173,0.938392857142857,0.9291666666666667,0.9462026862026862,0.9137633689839572,0.9289499389499389,0.924237012987013,0.8971652421652421
drug,Age,200.0,0.39,0.4098,15.0,74.0,44.3689,45.0,16.5322,0.0334,-1.0687,13.0,26.75,0.0517,0.0517,0.0041,0.0041,0.0006,0.0006,3.7682,0.0241,AdaBoost,0.7873652677712255,0.7873652677712255,0.7873652677712255,0.7873652677712255,0.7873652677712255,0.7873652677712255,0.7873652677712255,0.7873652677712255,0.7873652677712255
drug,Age,200.0,0.39,0.4098,15.0,74.0,44.3689,45.0,16.5322,0.0334,-1.0687,13.0,26.75,0.0517,0.0517,0.0041,0.0041,0.0006,0.0006,3.7682,0.0241,SVC,0.8665703716361611,0.8678791869345692,0.892891347385716,0.8499083436259188,0.8804555403912369,0.8565563939557747,0.8643402022417732,0.8724321891692048,0.8566417274911927
drug,Age,200.0,0.265,0.3469,15.0,73.0,45.4354,47.0,15.8535,-0.1055,-1.0249,13.0,26.0,0.0082,0.0082,0.007,0.007,0.0101,0.0101,3.7983,0.0256,DecisionTree,0.9700364545585134,0.9703156912531913,0.9411707042957043,0.9668162393162393,0.9626793345543345,0.9702423597644185,0.9707556332556333,0.9876577126577126,0.9703092046842047
drug,Age,200.0,0.265,0.3469,15.0,73.0,45.4354,47.0,15.8535,-0.1055,-1.0249,13.0,26.0,0.0082,0.0082,0.007,0.007,0.0101,0.0101,3.7983,0.0256,LogisticRegression,0.9337431662894234,0.9291629364033233,0.9249582086000541,0.9337431662894234,0.9325083320876775,0.9337431662894234,0.9337431662894234,0.933035485422931,0.9245187637591015
drug,Age,200.0,0.265,0.3469,15.0,73.0,45.4354,47.0,15.8535,-0.1055,-1.0249,13.0,26.0,0.0082,0.0082,0.007,0.007,0.0101,0.0101,3.7983,0.0256,KNN,0.7396928578284994,0.7215895362353696,0.7357238620060688,0.7213591862584772,0.7100125329964998,0.7398785587024131,0.7432306282086985,0.7391393154124036,0.7344197865397804
drug,Age,200.0,0.265,0.3469,15.0,73.0,45.4354,47.0,15.8535,-0.1055,-1.0249,13.0,26.0,0.0082,0.0082,0.007,0.007,0.0101,0.0101,3.7983,0.0256,RandomForest,0.9537657114127702,0.9541004134754134,0.9623719336219336,0.9663897907647907,0.9501610195360195,0.9498931623931623,0.9702234203704792,0.9663270757020758,0.9581060606060607
drug,Age,200.0,0.265,0.3469,15.0,73.0,45.4354,47.0,15.8535,-0.1055,-1.0249,13.0,26.0,0.0082,0.0082,0.007,0.007,0.0101,0.0101,3.7983,0.0256,AdaBoost,0.7873652677712255,0.7873652677712255,0.7873652677712255,0.7873652677712255,0.7873652677712255,0.7873652677712255,0.7873652677712255,0.7873652677712255,0.7873652677712255
drug,Age,200.0,0.265,0.3469,15.0,73.0,45.4354,47.0,15.8535,-0.1055,-1.0249,13.0,26.0,0.0082,0.0082,0.007,0.007,0.0101,0.0101,3.7983,0.0256,SVC,0.9040745933072954,0.8880691076825128,0.9004009970280591,0.8796035031014517,0.8945599415136162,0.8995388443876017,0.9037540978720856,0.8896692758595486,0.8826728219302818
drug,Age,200.0,0.23,0.3636,15.0,74.0,44.026,45.0,16.5733,0.0406,-1.0911,13.0,27.75,0.0295,0.0295,0.0056,0.0056,0.0059,0.0059,3.9054,0.0205,DecisionTree,0.9742378434474023,0.9742378434474023,0.966014441712971,0.9663715315185903,0.9657498383968972,0.9702984495080084,0.9745746247216835,0.9666941391941392,0.9786317828413417
drug,Age,200.0,0.23,0.3636,15.0,74.0,44.026,45.0,16.5733,0.0406,-1.0911,13.0,27.75,0.0295,0.0295,0.0056,0.0056,0.0059,0.0059,3.9054,0.0205,LogisticRegression,0.9230730112554376,0.9181530006125485,0.9421644984719248,0.9244795839855399,0.9256286269360534,0.9279427874487433,0.9356328233497242,0.9189827580474373,0.9356328233497242
drug,Age,200.0,0.23,0.3636,15.0,74.0,44.026,45.0,16.5733,0.0406,-1.0911,13.0,27.75,0.0295,0.0295,0.0056,0.0056,0.0059,0.0059,3.9054,0.0205,KNN,0.723104856080115,0.7737121418907655,0.7487051052388672,0.7413286294833913,0.7521503668054722,0.7209526843139726,0.7429607695848481,0.7827918688843059,0.754718765165612
drug,Age,200.0,0.23,0.3636,15.0,74.0,44.026,45.0,16.5733,0.0406,-1.0911,13.0,27.75,0.0295,0.0295,0.0056,0.0056,0.0059,0.0059,3.9054,0.0205,RandomForest,0.9648910675381264,0.9691238717709306,0.9489191364191365,0.9573296420355244,0.9619568489789078,0.9648900500371089,0.9648900500371089,0.9591590558850621,0.9652513227513227
drug,Age,200.0,0.23,0.3636,15.0,74.0,44.026,45.0,16.5733,0.0406,-1.0911,13.0,27.75,0.0295,0.0295,0.0056,0.0056,0.0059,0.0059,3.9054,0.0205,AdaBoost,0.7873652677712255,0.7873652677712255,0.7873652677712255,0.7873652677712255,0.7873652677712255,0.7873652677712255,0.7873652677712255,0.7873652677712255,0.7873652677712255
drug,Age,200.0,0.23,0.3636,15.0,74.0,44.026,45.0,16.5733,0.0406,-1.0911,13.0,27.75,0.0295,0.0295,0.0056,0.0056,0.0059,0.0059,3.9054,0.0205,SVC,0.8654963176912147,0.8632857683716729,0.8927704237779366,0.8741382425653705,0.8877693901903148,0.849195487131188,0.893353741524236,0.865487444386339,0.8930056827088478
drug,Age,200.0,0.175,0.3394,15.0,74.0,43.5636,43.0,16.6031,0.0771,-1.0973,14.0,28.0,0.0507,0.0507,0.0354,0.0354,0.053,0.053,3.8863,0.0214,DecisionTree,0.9781916231916232,0.9611667363137952,0.9832661782661783,0.9660970606191195,0.9652672654143242,0.9682379194879196,0.9571185411810412,0.9611667363137952,0.9553804066304066
drug,Age,200.0,0.175,0.3394,15.0,74.0,43.5636,43.0,16.6031,0.0771,-1.0973,14.0,28.0,0.0507,0.0507,0.0354,0.0354,0.053,0.053,3.8863,0.0214,LogisticRegression,0.910920495238902,0.8940381851161541,0.9269663607688153,0.9092726049151643,0.9101491536115658,0.9107195144870738,0.9186957049632642,0.9061312298812298,0.9235134887185971
drug,Age,200.0,0.175,0.3394,15.0,74.0,43.5636,43.0,16.6031,0.0771,-1.0973,14.0,28.0,0.0507,0.0507,0.0354,0.0354,0.053,0.053,3.8863,0.0214,KNN,0.725106719775749,0.7137771651929432,0.6979400540869575,0.7417276186891039,0.7332966603603928,0.7185441476702317,0.7161465769002808,0.7147576105328344,0.7056309660076212
drug,Age,200.0,0.175,0.3394,15.0,74.0,43.5636,43.0,16.6031,0.0771,-1.0973,14.0,28.0,0.0507,0.0507,0.0354,0.0354,0.053,0.053,3.8863,0.0214,RandomForest,0.9563964303670187,0.9563964303670187,0.9827317290552585,0.9658166833166834,0.9509306203056203,0.9485578637049226,0.9362135413606001,0.9350368612868614,0.9372448384948384
drug,Age,200.0,0.175,0.3394,15.0,74.0,43.5636,43.0,16.6031,0.0771,-1.0973,14.0,28.0,0.0507,0.0507,0.0354,0.0354,0.053,0.053,3.8863,0.0214,AdaBoost,0.7873652677712255,0.7873652677712255,0.7873652677712255,0.7873652677712255,0.7873652677712255,0.7873652677712255,0.7873652677712255,0.7873652677712255,0.7873652677712255
drug,Age,200.0,0.175,0.3394,15.0,74.0,43.5636,43.0,16.6031,0.0771,-1.0973,14.0,28.0,0.0507,0.0507,0.0354,0.0354,0.053,0.053,3.8863,0.0214,SVC,0.8744844445940497,0.8475398276029635,0.8833592656477292,0.8740432010338044,0.8839072583366793,0.8654203873825218,0.8297636166511054,0.8421087844002455,0.8433584364717405
drug,Age,200.0,0.135,0.3295,15.0,74.0,44.4451,45.0,16.8651,-0.0014,-1.1376,14.0,27.0,0.0522,0.0522,0.0169,0.0169,0.0247,0.0247,3.9397,0.021,DecisionTree,0.9870973470973471,0.9829093129093129,0.9683685758685758,0.9913722388722389,0.9913722388722389,0.9913722388722389,0.9913722388722389,0.9829093129093129,0.9765645465645466
drug,Age,200.0,0.135,0.3295,15.0,74.0,44.4451,45.0,16.8651,-0.0014,-1.1376,14.0,27.0,0.0522,0.0522,0.0169,0.0169,0.0247,0.0247,3.9397,0.021,LogisticRegression,0.9416555240989308,0.9581917704918439,0.9491606347290414,0.9452013995198063,0.9491606347290414,0.9491606347290414,0.9491606347290414,0.9580432262256526,0.9533739867365111
drug,Age,200.0,0.135,0.3295,15.0,74.0,44.4451,45.0,16.8651,-0.0014,-1.1376,14.0,27.0,0.0522,0.0522,0.0169,0.0169,0.0247,0.0247,3.9397,0.021,KNN,0.7641648998397422,0.7535976319756081,0.764662920513464,0.783499315657566,0.7694054418817808,0.7822353774343053,0.7416877215394768,0.7523009055538817,0.7626269185337514
drug,Age,200.0,0.135,0.3295,15.0,74.0,44.4451,45.0,16.8651,-0.0014,-1.1376,14.0,27.0,0.0522,0.0522,0.0169,0.0169,0.0247,0.0247,3.9397,0.021,RandomForest,0.983041958041958,0.9706565656565656,0.966422743922744,0.9748001998001998,0.9706976356976358,0.9748001998001998,0.966422743922744,0.978939393939394,0.9745332445332445
drug,Age,200.0,0.135,0.3295,15.0,74.0,44.4451,45.0,16.8651,-0.0014,-1.1376,14.0,27.0,0.0522,0.0522,0.0169,0.0169,0.0247,0.0247,3.9397,0.021,AdaBoost,0.7873652677712255,0.7873652677712255,0.7873652677712255,0.7873652677712255,0.7873652677712255,0.7873652677712255,0.7873652677712255,0.7873652677712255,0.7873652677712255
drug,Age,200.0,0.135,0.3295,15.0,74.0,44.4451,45.0,16.8651,-0.0014,-1.1376,14.0,27.0,0.0522,0.0522,0.0169,0.0169,0.0247,0.0247,3.9397,0.021,SVC,0.9170611362716626,0.8828996094207436,0.8963364969276425,0.9045952001215158,0.9086776275507175,0.9251199808864898,0.9207843077195474,0.8880104962644628,0.9165671360023757
drug,Age,200.0,0.11,0.3146,15.0,74.0,44.7584,45.0,16.4711,-0.0045,-1.0848,13.0,26.0,0.0414,0.0414,0.0276,0.0276,0.042,0.042,3.9061,0.0221,DecisionTree,0.9957661782661783,0.9957661782661783,0.9625878982128983,0.9957661782661783,0.9917582417582418,0.9957661782661783,0.9957661782661783,0.9915781440781442,0.9915781440781442
drug,Age,200.0,0.11,0.3146,15.0,74.0,44.7584,45.0,16.4711,-0.0045,-1.0848,13.0,26.0,0.0414,0.0414,0.0276,0.0276,0.042,0.042,3.9061,0.0221,LogisticRegression,0.9577444361884662,0.9673181413689889,0.9293537409403901,0.9577444361884662,0.9424475634254539,0.9577444361884662,0.9667502541318331,0.9631514747023222,0.9667502541318331
drug,Age,200.0,0.11,0.3146,15.0,74.0,44.7584,45.0,16.4711,-0.0045,-1.0848,13.0,26.0,0.0414,0.0414,0.0276,0.0276,0.042,0.042,3.9061,0.0221,KNN,0.7616591986444927,0.7536735223359128,0.7740822751011827,0.7558733533057513,0.7589689377471027,0.7472632031056401,0.7603408091029895,0.7866645707697022,0.7590919772470148
drug,Age,200.0,0.11,0.3146,15.0,74.0,44.7584,45.0,16.4711,-0.0045,-1.0848,13.0,26.0,0.0414,0.0414,0.0276,0.0276,0.042,0.042,3.9061,0.0221,RandomForest,0.9872592338217339,0.9872592338217339,0.9666463397713397,0.9872592338217339,0.9832512973137973,0.9872592338217339,0.9872592338217339,0.9872592338217339,0.9872592338217339
drug,Age,200.0,0.11,0.3146,15.0,74.0,44.7584,45.0,16.4711,-0.0045,-1.0848,13.0,26.0,0.0414,0.0414,0.0276,0.0276,0.042,0.042,3.9061,0.0221,AdaBoost,0.7873652677712255,0.7873652677712255,0.7873652677712255,0.7873652677712255,0.7873652677712255,0.7873652677712255,0.7873652677712255,0.7873652677712255,0.7873652677712255
drug,Age,200.0,0.11,0.3146,15.0,74.0,44.7584,45.0,16.4711,-0.0045,-1.0848,13.0,26.0,0.0414,0.0414,0.0276,0.0276,0.042,0.042,3.9061,0.0221,SVC,0.9039012829809706,0.9165959498054912,0.896622992632889,0.9162461045128222,0.8964218743067707,0.9162461045128222,0.9081527990088023,0.9165959498054912,0.9081527990088023
drug,Age,200.0,0.03,0.2938,15.0,74.0,44.0928,44.0,16.4875,0.0393,-1.0847,13.5,27.0,0.0836,0.0836,0.0369,0.0369,0.0574,0.0574,3.9375,0.0221,DecisionTree,0.9915781440781442,0.9957661782661783,0.9915781440781442,0.9834696784696784,0.9872592338217339,0.9872592338217339,0.9744419006919006,0.9957661782661783,0.9917582417582418
drug,Age,200.0,0.03,0.2938,15.0,74.0,44.0928,44.0,16.4875,0.0393,-1.0847,13.5,27.0,0.0836,0.0836,0.0369,0.0369,0.0574,0.0574,3.9375,0.0221,LogisticRegression,0.9371086686335808,0.9461173321306409,0.9371086686335808,0.9407627691626814,0.933219779744692,0.9371086686335808,0.9380375635000249,0.9461173321306409,0.9380375635000249
drug,Age,200.0,0.03,0.2938,15.0,74.0,44.0928,44.0,16.4875,0.0393,-1.0847,13.5,27.0,0.0836,0.0836,0.0369,0.0369,0.0574,0.0574,3.9375,0.0221,KNN,0.7377851600430381,0.7264999341702303,0.7258693734935107,0.7539237518433947,0.7301028423607205,0.7377851600430381,0.7260009553938125,0.7305942446216837,0.7258693734935107
drug,Age,200.0,0.03,0.2938,15.0,74.0,44.0928,44.0,16.4875,0.0393,-1.0847,13.5,27.0,0.0836,0.0836,0.0369,0.0369,0.0574,0.0574,3.9375,0.0221,RandomForest,0.9872592338217339,0.9872592338217339,0.9872592338217339,0.9872592338217339,0.9872592338217339,0.9872592338217339,0.9788838129463129,0.9872592338217339,0.982984342046842
drug,Age,200.0,0.03,0.2938,15.0,74.0,44.0928,44.0,16.4875,0.0393,-1.0847,13.5,27.0,0.0836,0.0836,0.0369,0.0369,0.0574,0.0574,3.9375,0.0221,AdaBoost,0.7873652677712255,0.7873652677712255,0.7873652677712255,0.7873652677712255,0.7873652677712255,0.7873652677712255,0.7873652677712255,0.7873652677712255,0.7873652677712255
drug,Age,200.0,0.03,0.2938,15.0,74.0,44.0928,44.0,16.4875,0.0393,-1.0847,13.5,27.0,0.0836,0.0836,0.0369,0.0369,0.0574,0.0574,3.9375,0.0221,SVC,0.9038667850818312,0.9031426695809299,0.8999835377145411,0.9076209938360399,0.8991739432014891,0.8999835377145411,0.8988834103216706,0.9031426695809299,0.9031426695809299
drug,Na_to_K,200.0,0.465,1.0,6.269,38.247,16.38,14.216,7.6487,1.0344,0.2857,4.271,8.8885,0.0613,0.0613,0.0238,0.0238,0.0388,0.0388,4.6728,0.0,DecisionTree,0.6803019805609917,0.7260157593381278,0.7065397703673417,0.692040426893368,0.6352912579181826,0.600547143778325,0.6987398025697792,0.6863727989068735,0.6614380089755618
drug,Na_to_K,200.0,0.465,1.0,6.269,38.247,16.38,14.216,7.6487,1.0344,0.2857,4.271,8.8885,0.0613,0.0613,0.0238,0.0238,0.0388,0.0388,4.6728,0.0,LogisticRegression,0.6987249480982256,0.660476491759798,0.6372723262356235,0.6746437739951755,0.6410733481532563,0.6740584134900706,0.6968928885479397,0.6229947280764034,0.6701348078634988
drug,Na_to_K,200.0,0.465,1.0,6.269,38.247,16.38,14.216,7.6487,1.0344,0.2857,4.271,8.8885,0.0613,0.0613,0.0238,0.0238,0.0388,0.0388,4.6728,0.0,KNN,0.5767988506898932,0.5899945787360108,0.5750775075950991,0.5321830395457847,0.5568816960047233,0.5676993828013331,0.5644911168525389,0.5241898533203626,0.5860273516657465
drug,Na_to_K,200.0,0.465,1.0,6.269,38.247,16.38,14.216,7.6487,1.0344,0.2857,4.271,8.8885,0.0613,0.0613,0.0238,0.0238,0.0388,0.0388,4.6728,0.0,RandomForest,0.7097997093428456,0.7055577212031644,0.6822766048089366,0.6337772806121016,0.6740113980621847,0.6353375641180702,0.6737755103109655,0.6728390443032387,0.683937442512004
drug,Na_to_K,200.0,0.465,1.0,6.269,38.247,16.38,14.216,7.6487,1.0344,0.2857,4.271,8.8885,0.0613,0.0613,0.0238,0.0238,0.0388,0.0388,4.6728,0.0,AdaBoost,0.5494836342752318,0.6277986708046255,0.6245316840787323,0.6227243556879325,0.583480098331188,0.5884353665750608,0.6557149279594964,0.5950669318601154,0.5503029297074462
drug,Na_to_K,200.0,0.465,1.0,6.269,38.247,16.38,14.216,7.6487,1.0344,0.2857,4.271,8.8885,0.0613,0.0613,0.0238,0.0238,0.0388,0.0388,4.6728,0.0,SVC,0.6111033571658575,0.6591612186423663,0.6272486855904107,0.6162960947089785,0.6293007130945727,0.6072233712391801,0.6385740166704301,0.611646710966037,0.6494875004307035
drug,Na_to_K,200.0,0.465,0.9907,6.269,38.247,15.9631,13.934,7.263,1.0774,0.5446,4.367,9.295,0.0102,0.0102,0.0055,0.0055,0.003,0.003,4.6599,0.0001,DecisionTree,0.7478517937702687,0.7098891642945595,0.6125566833956665,0.6531295505738168,0.6329033420814933,0.7127659114443651,0.6401589700438806,0.6836874784840505,0.67072010566346
drug,Na_to_K,200.0,0.465,0.9907,6.269,38.247,15.9631,13.934,7.263,1.0774,0.5446,4.367,9.295,0.0102,0.0102,0.0055,0.0055,0.003,0.003,4.6599,0.0001,LogisticRegression,0.7120100088749296,0.6621247264896729,0.5829783842996292,0.6613339237688689,0.6693589004892386,0.6925454014584449,0.6886345901394075,0.6041203659096904,0.6484576070522319
drug,Na_to_K,200.0,0.465,0.9907,6.269,38.247,15.9631,13.934,7.263,1.0774,0.5446,4.367,9.295,0.0102,0.0102,0.0055,0.0055,0.003,0.003,4.6599,0.0001,KNN,0.6393103240461812,0.5927671157697247,0.5730534142423543,0.6039101756609219,0.5779788037071087,0.6371161222207959,0.6161583781810678,0.574204258541878,0.6070704349256981
drug,Na_to_K,200.0,0.465,0.9907,6.269,38.247,15.9631,13.934,7.263,1.0774,0.5446,4.367,9.295,0.0102,0.0102,0.0055,0.0055,0.003,0.003,4.6599,0.0001,RandomForest,0.7375341525210808,0.7017319107393298,0.5944901875824165,0.6872680940899407,0.6579105192455509,0.7170807747303803,0.7021490146522558,0.7032858575799391,0.6708469409592291
drug,Na_to_K,200.0,0.465,0.9907,6.269,38.247,15.9631,13.934,7.263,1.0774,0.5446,4.367,9.295,0.0102,0.0102,0.0055,0.0055,0.003,0.003,4.6599,0.0001,AdaBoost,0.5824153843281867,0.5581258121734124,0.41687237902936786,0.5716566626101166,0.5065682899165583,0.5317222179009212,0.5729060009184499,0.5778817451630195,0.5414166161310927
drug,Na_to_K,200.0,0.465,0.9907,6.269,38.247,15.9631,13.934,7.263,1.0774,0.5446,4.367,9.295,0.0102,0.0102,0.0055,0.0055,0.003,0.003,4.6599,0.0001,SVC,0.6724597473467603,0.6609564771478709,0.5884007882853208,0.6121640886663948,0.6132578318621017,0.6795501197488305,0.6430597257944892,0.5907662594545503,0.6512908437887743
drug,Na_to_K,200.0,0.365,1.0,6.683,37.188,16.1977,13.972,7.3125,0.9853,0.1675,4.376,8.8715,0.1545,0.1545,0.0844,0.0844,0.1208,0.1208,4.8442,0.0,DecisionTree,0.825504154924527,0.798999201137739,0.6639229981556893,0.7191033657700323,0.6405091114542563,0.6770958232656753,0.7808679525981603,0.7722737871681746,0.7731929376149949
drug,Na_to_K,200.0,0.365,1.0,6.683,37.188,16.1977,13.972,7.3125,0.9853,0.1675,4.376,8.8715,0.1545,0.1545,0.0844,0.0844,0.1208,0.1208,4.8442,0.0,LogisticRegression,0.8253425179244049,0.7454774430977444,0.6666283366589627,0.7550902201337302,0.680972573485329,0.757124142251973,0.7984120419030731,0.6336225696651656,0.7620026308921886
drug,Na_to_K,200.0,0.365,1.0,6.683,37.188,16.1977,13.972,7.3125,0.9853,0.1675,4.376,8.8715,0.1545,0.1545,0.0844,0.0844,0.1208,0.1208,4.8442,0.0,KNN,0.6310298378567017,0.6450628679578811,0.6031257566853957,0.6169962589219445,0.6043406241504068,0.6005140017756492,0.6530271521025469,0.5555713984514263,0.6551503879221047
drug,Na_to_K,200.0,0.365,1.0,6.683,37.188,16.1977,13.972,7.3125,0.9853,0.1675,4.376,8.8715,0.1545,0.1545,0.0844,0.0844,0.1208,0.1208,4.8442,0.0,RandomForest,0.7824911717862718,0.785131115162978,0.6428434110073673,0.7471234258757989,0.6660393603686287,0.7092652241264642,0.8245808435680559,0.7781460839562064,0.7751720285611714
drug,Na_to_K,200.0,0.365,1.0,6.683,37.188,16.1977,13.972,7.3125,0.9853,0.1675,4.376,8.8715,0.1545,0.1545,0.0844,0.0844,0.1208,0.1208,4.8442,0.0,AdaBoost,0.6136666095483285,0.6784884737454792,0.5981034602934612,0.5877965018962676,0.5851530500711766,0.6231310640353942,0.7024773912252875,0.6656635212055495,0.6231324154477368
drug,Na_to_K,200.0,0.365,1.0,6.683,37.188,16.1977,13.972,7.3125,0.9853,0.1675,4.376,8.8715,0.1545,0.1545,0.0844,0.0844,0.1208,0.1208,4.8442,0.0,SVC,0.7321967520363734,0.7065782584292447,0.6264335300840647,0.6868103851381258,0.63967828273651,0.6688523810010161,0.6990173605866127,0.6423909058037921,0.7188513114123729
drug,Na_to_K,200.0,0.39,0.9918,6.269,38.247,16.0482,13.9775,7.346,0.9997,0.3562,4.506,9.1165,0.0336,0.0336,0.012,0.012,0.0221,0.0221,4.7927,0.0001,DecisionTree,0.7349175152818163,0.7500738593461774,0.6915109308410654,0.6863514508009572,0.7196261669034589,0.7109207012109688,0.7262607296181152,0.7605422817922818,0.7550172783191651
drug,Na_to_K,200.0,0.39,0.9918,6.269,38.247,16.0482,13.9775,7.346,0.9997,0.3562,4.506,9.1165,0.0336,0.0336,0.012,0.012,0.0221,0.0221,4.7927,0.0001,LogisticRegression,0.7468755054116737,0.6583082787505342,0.6782422510521853,0.7585276858338208,0.7106222053415459,0.720195202935696,0.7665244736533532,0.6683102945453908,0.6623127420278142
drug,Na_to_K,200.0,0.39,0.9918,6.269,38.247,16.0482,13.9775,7.346,0.9997,0.3562,4.506,9.1165,0.0336,0.0336,0.012,0.012,0.0221,0.0221,4.7927,0.0001,KNN,0.5966455049159487,0.6294927267543814,0.5841831380568654,0.6011081381587042,0.5986361086601553,0.6002702726321911,0.6234349824432573,0.6108415727104834,0.6432157519487033
drug,Na_to_K,200.0,0.39,0.9918,6.269,38.247,16.0482,13.9775,7.346,0.9997,0.3562,4.506,9.1165,0.0336,0.0336,0.012,0.012,0.0221,0.0221,4.7927,0.0001,RandomForest,0.7126742184565739,0.7221995230072694,0.6780457824402455,0.7341565182896452,0.6811826752111398,0.6890149085877311,0.7217694773853887,0.7605937975423269,0.7528163467289664
drug,Na_to_K,200.0,0.39,0.9918,6.269,38.247,16.0482,13.9775,7.346,0.9997,0.3562,4.506,9.1165,0.0336,0.0336,0.012,0.012,0.0221,0.0221,4.7927,0.0001,AdaBoost,0.617099294084037,0.6368998605263027,0.6081544519668756,0.6342538559729026,0.6237110610708775,0.6706021336454617,0.6239433379964408,0.6557015215419778,0.645289600642826
drug,Na_to_K,200.0,0.39,0.9918,6.269,38.247,16.0482,13.9775,7.346,0.9997,0.3562,4.506,9.1165,0.0336,0.0336,0.012,0.012,0.0221,0.0221,4.7927,0.0001,SVC,0.677084927297448,0.6987883837744564,0.6338581562433198,0.6675645804470259,0.6380171319643703,0.6425950539270234,0.6878544769126662,0.658630442289911,0.6940392113782252
drug,Na_to_K,200.0,0.3,1.0,6.683,38.247,15.7356,13.4505,7.2717,1.1063,0.4744,3.7805,9.1638,0.0084,0.0084,0.0201,0.0201,0.0316,0.0316,4.9416,0.0,DecisionTree,0.8321592969548467,0.7702754308731539,0.7559687609570789,0.7745693370895965,0.7287429564154707,0.8187533919874055,0.6897255965092867,0.8103392997966802,0.7464645974940092
drug,Na_to_K,200.0,0.3,1.0,6.683,38.247,15.7356,13.4505,7.2717,1.1063,0.4744,3.7805,9.1638,0.0084,0.0084,0.0201,0.0201,0.0316,0.0316,4.9416,0.0,LogisticRegression,0.77500456904719,0.6623926908644767,0.6993256673331574,0.7521005418922824,0.729098584135754,0.7501486927911257,0.6858040241205718,0.684157601030045,0.6531804118577375
drug,Na_to_K,200.0,0.3,1.0,6.683,38.247,15.7356,13.4505,7.2717,1.1063,0.4744,3.7805,9.1638,0.0084,0.0084,0.0201,0.0201,0.0316,0.0316,4.9416,0.0,KNN,0.6923123542356343,0.6463546158670039,0.6404867106163299,0.6288239685640834,0.6329372878426296,0.6507701968112204,0.6127867854663929,0.6352052770341075,0.6522203374830706
drug,Na_to_K,200.0,0.3,1.0,6.683,38.247,15.7356,13.4505,7.2717,1.1063,0.4744,3.7805,9.1638,0.0084,0.0084,0.0201,0.0201,0.0316,0.0316,4.9416,0.0,RandomForest,0.81980135493071,0.7789527469610943,0.7333404234342172,0.7749572177990594,0.7600554667450821,0.7941112596934845,0.7116999003340839,0.8306343630714985,0.7844427902869008
drug,Na_to_K,200.0,0.3,1.0,6.683,38.247,15.7356,13.4505,7.2717,1.1063,0.4744,3.7805,9.1638,0.0084,0.0084,0.0201,0.0201,0.0316,0.0316,4.9416,0.0,AdaBoost,0.6280037030353806,0.6172581846483467,0.5900758880976553,0.6676013181125937,0.6237686086400508,0.7242714161212145,0.6123340562992134,0.659314755812544,0.6224027428515393
drug,Na_to_K,200.0,0.3,1.0,6.683,38.247,15.7356,13.4505,7.2717,1.1063,0.4744,3.7805,9.1638,0.0084,0.0084,0.0201,0.0201,0.0316,0.0316,4.9416,0.0,SVC,0.7577809190894909,0.6988478781067937,0.640800172017816,0.6974432462501423,0.6908911090245979,0.715283814575547,0.6856959066080875,0.6943603050014047,0.6755724856224468
drug,Na_to_K,200.0,0.33,1.0,6.269,38.247,16.3485,13.9695,7.6067,1.0172,0.1708,4.259,9.9255,0.0053,0.0053,0.0154,0.0154,0.0244,0.0244,4.8978,0.0,DecisionTree,0.8292801032916408,0.8020915071707754,0.7462592465206216,0.7711979353707293,0.7414281304859411,0.7742859523185701,0.7667137552375095,0.7581571444511732,0.7742618975518285
drug,Na_to_K,200.0,0.33,1.0,6.269,38.247,16.3485,13.9695,7.6067,1.0172,0.1708,4.259,9.9255,0.0053,0.0053,0.0154,0.0154,0.0244,0.0244,4.8978,0.0,LogisticRegression,0.7594933378819249,0.6725118149477748,0.6557181043346831,0.7279432981875511,0.692798234086081,0.7395642856424218,0.787167756248644,0.6460867925326759,0.697498988295314
drug,Na_to_K,200.0,0.33,1.0,6.269,38.247,16.3485,13.9695,7.6067,1.0172,0.1708,4.259,9.9255,0.0053,0.0053,0.0154,0.0154,0.0244,0.0244,4.8978,0.0,KNN,0.6809021354834841,0.6747473045530682,0.6233849538809004,0.6551680531499,0.6116213927066887,0.6679706598187347,0.6685589754549839,0.6455552164795116,0.6761458534500724
drug,Na_to_K,200.0,0.33,1.0,6.269,38.247,16.3485,13.9695,7.6067,1.0172,0.1708,4.259,9.9255,0.0053,0.0053,0.0154,0.0154,0.0244,0.0244,4.8978,0.0,RandomForest,0.7948499318564287,0.7943788648771487,0.7346838565917513,0.7423927199008721,0.7121995054630642,0.7847765264613674,0.8058668888042141,0.7786979307540101,0.7399564455811745
drug,Na_to_K,200.0,0.33,1.0,6.269,38.247,16.3485,13.9695,7.6067,1.0172,0.1708,4.259,9.9255,0.0053,0.0053,0.0154,0.0154,0.0244,0.0244,4.8978,0.0,AdaBoost,0.6708399095318867,0.5908825241118889,0.5862790234617796,0.6477062862322847,0.6443886882238274,0.7206430199871684,0.6804684385501698,0.6122622121886827,0.6560446876254815
drug,Na_to_K,200.0,0.33,1.0,6.269,38.247,16.3485,13.9695,7.6067,1.0172,0.1708,4.259,9.9255,0.0053,0.0053,0.0154,0.0154,0.0244,0.0244,4.8978,0.0,SVC,0.7404267011058699,0.7130820700463558,0.6660609773445708,0.6986293355989684,0.6729725587016993,0.7228210932614455,0.7146250144088135,0.6665124035442359,0.6740507770824861
drug,Na_to_K,200.0,0.19,0.9877,6.269,38.247,16.4071,13.9695,7.5144,1.006,0.1549,4.098,9.4915,0.0781,0.0781,0.046,0.046,0.0676,0.0676,5.0705,0.0,DecisionTree,0.8421153139835204,0.860198664410961,0.838168587806819,0.8461181932713263,0.7830487844447965,0.8162298404619002,0.8660130236166139,0.8820642080907911,0.8567542312109813
drug,Na_to_K,200.0,0.19,0.9877,6.269,38.247,16.4071,13.9695,7.5144,1.006,0.1549,4.098,9.4915,0.0781,0.0781,0.046,0.046,0.0676,0.0676,5.0705,0.0,LogisticRegression,0.8589599582603994,0.7879269927859178,0.799902341733893,0.7947844778346483,0.815746841550901,0.7922426097687121,0.8157288852542612,0.7349300449254571,0.7543717115467783
drug,Na_to_K,200.0,0.19,0.9877,6.269,38.247,16.4071,13.9695,7.5144,1.006,0.1549,4.098,9.4915,0.0781,0.0781,0.046,0.046,0.0676,0.0676,5.0705,0.0,KNN,0.6921808062082453,0.6808581094837864,0.6866406822468375,0.6990913016153396,0.6853283614659712,0.6926351599616452,0.7004226835302034,0.6822922250592218,0.7076643281943582
drug,Na_to_K,200.0,0.19,0.9877,6.269,38.247,16.4071,13.9695,7.5144,1.006,0.1549,4.098,9.4915,0.0781,0.0781,0.046,0.046,0.0676,0.0676,5.0705,0.0,RandomForest,0.8442393409451576,0.8926337336167313,0.8412572096068598,0.8555350504018537,0.8062379734212899,0.816866181244065,0.8321353744671705,0.8780001117774195,0.8403574291617251
drug,Na_to_K,200.0,0.19,0.9877,6.269,38.247,16.4071,13.9695,7.5144,1.006,0.1549,4.098,9.4915,0.0781,0.0781,0.046,0.046,0.0676,0.0676,5.0705,0.0,AdaBoost,0.6542582988279777,0.6895183970434395,0.7229403106782937,0.6692242139178155,0.6786513669024661,0.6783220781098565,0.7251723165967103,0.658576334411589,0.7251074458224566
drug,Na_to_K,200.0,0.19,0.9877,6.269,38.247,16.4071,13.9695,7.5144,1.006,0.1549,4.098,9.4915,0.0781,0.0781,0.046,0.046,0.0676,0.0676,5.0705,0.0,SVC,0.7896939941914655,0.7852530439257493,0.7897636839066433,0.7877924301861827,0.7846133523457979,0.7861938532382086,0.8101526323139225,0.7684578043907311,0.7482802850524394
drug,Na_to_K,200.0,0.15,0.9882,6.269,38.247,15.7011,13.8265,6.869,1.1847,0.9384,3.7855,8.5342,0.0612,0.0612,0.0206,0.0206,0.0329,0.0329,5.1195,0.0,DecisionTree,0.9089071102662185,0.8794875171654708,0.8795207166499539,0.8683470085269621,0.9039856977733561,0.9296569011882311,0.9131146755292389,0.8864412795654879,0.8964135254779122
drug,Na_to_K,200.0,0.15,0.9882,6.269,38.247,15.7011,13.8265,6.869,1.1847,0.9384,3.7855,8.5342,0.0612,0.0612,0.0206,0.0206,0.0329,0.0329,5.1195,0.0,LogisticRegression,0.9047459720096274,0.767982876955215,0.8385603527024874,0.8561604025449724,0.8711829326931542,0.9061449745442378,0.9096992736112961,0.7455551726954166,0.7593451051246257
drug,Na_to_K,200.0,0.15,0.9882,6.269,38.247,15.7011,13.8265,6.869,1.1847,0.9384,3.7855,8.5342,0.0612,0.0612,0.0206,0.0206,0.0329,0.0329,5.1195,0.0,KNN,0.692225861214102,0.7094541107600915,0.7168553228465777,0.7117454448410897,0.7010172716355425,0.695960271644941,0.7013022637336478,0.687697516797672,0.7052183162398543
drug,Na_to_K,200.0,0.15,0.9882,6.269,38.247,15.7011,13.8265,6.869,1.1847,0.9384,3.7855,8.5342,0.0612,0.0612,0.0206,0.0206,0.0329,0.0329,5.1195,0.0,RandomForest,0.9039309777912719,0.8737484421723178,0.8781691519137886,0.9005105017029555,0.9010143231200263,0.9246071558048768,0.9330621824864468,0.8828819441897013,0.8899645086252297
drug,Na_to_K,200.0,0.15,0.9882,6.269,38.247,15.7011,13.8265,6.869,1.1847,0.9384,3.7855,8.5342,0.0612,0.0612,0.0206,0.0206,0.0329,0.0329,5.1195,0.0,AdaBoost,0.5816849402968178,0.7678565691319277,0.7332535091005521,0.7359372899990352,0.7316348132371191,0.7713326435608241,0.7398523214100766,0.72628161378612,0.8111528438964464
drug,Na_to_K,200.0,0.15,0.9882,6.269,38.247,15.7011,13.8265,6.869,1.1847,0.9384,3.7855,8.5342,0.0612,0.0612,0.0206,0.0206,0.0329,0.0329,5.1195,0.0,SVC,0.8364333452409489,0.8124741799623721,0.790123553118089,0.803869109618649,0.8539345326320116,0.8626555116000195,0.8481226791549898,0.7870233643863488,0.8167865208739572
drug,Na_to_K,200.0,0.085,0.9891,6.269,38.247,16.1124,13.967,7.1693,1.0183,0.3471,4.076,8.821,0.0736,0.0736,0.0325,0.0325,0.0482,0.0482,5.1943,0.0,DecisionTree,0.9368798961162381,0.9258814851145241,0.8945363531427376,0.9371625231868639,0.8749532197830745,0.8945928460273059,0.9141995945549672,0.9278157159164129,0.9087731314802899
drug,Na_to_K,200.0,0.085,0.9891,6.269,38.247,16.1124,13.967,7.1693,1.0183,0.3471,4.076,8.821,0.0736,0.0736,0.0325,0.0325,0.0482,0.0482,5.1943,0.0,LogisticRegression,0.894670891776056,0.9049215357901863,0.8635405656510333,0.9043429811127258,0.8953254482939713,0.900554303446575,0.8919314910607283,0.8833806766169372,0.8913042478321858
drug,Na_to_K,200.0,0.085,0.9891,6.269,38.247,16.1124,13.967,7.1693,1.0183,0.3471,4.076,8.821,0.0736,0.0736,0.0325,0.0325,0.0482,0.0482,5.1943,0.0,KNN,0.7341266070962089,0.7349038208549168,0.7146329750307885,0.7328645612265022,0.7252241901031903,0.7342636755183674,0.7266783817264956,0.7201736028910398,0.7402498277401226
drug,Na_to_K,200.0,0.085,0.9891,6.269,38.247,16.1124,13.967,7.1693,1.0183,0.3471,4.076,8.821,0.0736,0.0736,0.0325,0.0325,0.0482,0.0482,5.1943,0.0,RandomForest,0.9197726363028303,0.9323353760962889,0.8923911296752378,0.9407011378467678,0.9162655857214681,0.907146822172117,0.9072390274810702,0.9337511227024139,0.928439767861058
drug,Na_to_K,200.0,0.085,0.9891,6.269,38.247,16.1124,13.967,7.1693,1.0183,0.3471,4.076,8.821,0.0736,0.0736,0.0325,0.0325,0.0482,0.0482,5.1943,0.0,AdaBoost,0.5425208146899174,0.7681534411556064,0.7082529785053149,0.7825378397078366,0.6043832994421041,0.7077418683808325,0.7550089911402066,0.7714008173165028,0.7721263176419237
drug,Na_to_K,200.0,0.085,0.9891,6.269,38.247,16.1124,13.967,7.1693,1.0183,0.3471,4.076,8.821,0.0736,0.0736,0.0325,0.0325,0.0482,0.0482,5.1943,0.0,SVC,0.8660463118463695,0.8414581828408527,0.7965684825689123,0.8820229552220004,0.8530400629269925,0.8488621306162107,0.8603685373868827,0.8277278371541625,0.8286787343357116
drug,Na_to_K,200.0,0.03,0.9897,6.269,38.247,16.1799,13.9365,7.2692,1.0095,0.2581,4.226,9.1415,0.07,0.07,0.0329,0.0329,0.0517,0.0517,5.2536,0.0,DecisionTree,0.9794896701692373,0.9577040823338997,0.9704792046204777,0.9833714863691423,0.9746301973685448,0.9615659502801517,0.9624220557722647,0.9797507856306031,0.9616620669781589
drug,Na_to_K,200.0,0.03,0.9897,6.269,38.247,16.1799,13.9365,7.2692,1.0095,0.2581,4.226,9.1415,0.07,0.07,0.0329,0.0329,0.0517,0.0517,5.2536,0.0,LogisticRegression,0.9364902237242662,0.9088406343601229,0.9298703029560027,0.9248467813608905,0.9249162843635509,0.9330682902918761,0.9298007999533422,0.9084040233996541,0.9088406343601229
drug,Na_to_K,200.0,0.03,0.9897,6.269,38.247,16.1799,13.9365,7.2692,1.0095,0.2581,4.226,9.1415,0.07,0.07,0.0329,0.0329,0.0517,0.0517,5.2536,0.0,KNN,0.7449590566024391,0.7502258624312195,0.7457715617715617,0.7449590566024391,0.7541181526806526,0.748946613163525,0.7322114065517427,0.734127238638268,0.7502258624312195
drug,Na_to_K,200.0,0.03,0.9897,6.269,38.247,16.1799,13.9365,7.2692,1.0095,0.2581,4.226,9.1415,0.07,0.07,0.0329,0.0329,0.0517,0.0517,5.2536,0.0,RandomForest,0.9708327641980672,0.9532583410744332,0.9663155904568634,0.9749206316682877,0.9662968640352115,0.970690661058308,0.9792466290070353,0.9754766454189628,0.9488313791474712
drug,Na_to_K,200.0,0.03,0.9897,6.269,38.247,16.1799,13.9365,7.2692,1.0095,0.2581,4.226,9.1415,0.07,0.07,0.0329,0.0329,0.0517,0.0517,5.2536,0.0,AdaBoost,0.650763651389558,0.8531440852739027,0.7929094289401306,0.7966199944918793,0.8026615058432195,0.6966806336213782,0.8369614733456541,0.812590592427961,0.8531440852739027
drug,Na_to_K,200.0,0.03,0.9897,6.269,38.247,16.1799,13.9365,7.2692,1.0095,0.2581,4.226,9.1415,0.07,0.07,0.0329,0.0329,0.0517,0.0517,5.2536,0.0,SVC,0.8911471903710628,0.8578265717950309,0.8869512847382387,0.8957760716138046,0.8963736269936102,0.8910922010707175,0.8873361075994667,0.8447962474223727,0.86180797750516
electricity-normalized,nswprice,45312.0,0.5008,0.1522,0.0,1.0,0.0581,0.0489,0.0404,9.108,155.8501,0.0174,0.039,0.2955,0.2969,0.2208,0.2689,0.322,0.3708,7.5953,0.0,DecisionTree,0.7136735059046898,0.7068586844578935,0.7093287732266969,0.7157685133845801,0.7114813981188643,0.7127605638260714,0.7065032095341822,0.695893238902763,0.7106308865008726
electricity-normalized,nswprice,45312.0,0.5008,0.1522,0.0,1.0,0.0581,0.0489,0.0404,9.108,155.8501,0.0174,0.039,0.2955,0.2969,0.2208,0.2689,0.322,0.3708,7.5953,0.0,LogisticRegression,0.6975659266709513,0.6985715749926387,0.6941813368544808,0.6966414950322459,0.6979298645092278,0.7004890033025581,0.6668843045055489,0.6815096688798215,0.6997867501553616
electricity-normalized,nswprice,45312.0,0.5008,0.1522,0.0,1.0,0.0581,0.0489,0.0404,9.108,155.8501,0.0174,0.039,0.2955,0.2969,0.2208,0.2689,0.322,0.3708,7.5953,0.0,KNN,0.715393790370151,0.7149580971469889,0.7151232261435922,0.7166890659427616,0.7167327298912755,0.7147370675301741,0.7163134945299602,0.6975534438574352,0.7160871140990398
electricity-normalized,nswprice,45312.0,0.5008,0.1522,0.0,1.0,0.0581,0.0489,0.0404,9.108,155.8501,0.0174,0.039,0.2955,0.2969,0.2208,0.2689,0.322,0.3708,7.5953,0.0,RandomForest,0.7259180416143338,0.7195993094922278,0.7196698685530594,0.7201501511665466,0.7197513019411421,0.7209804552467638,0.7214895852785879,0.7112887384065967,0.7220082372344739
electricity-normalized,nswprice,45312.0,0.5008,0.1522,0.0,1.0,0.0581,0.0489,0.0404,9.108,155.8501,0.0174,0.039,0.2955,0.2969,0.2208,0.2689,0.322,0.3708,7.5953,0.0,AdaBoost,0.6972937428203373,0.6935204481198315,0.6985460857508526,0.6994405879939232,0.7020936292960691,0.7000821391778318,0.6977270990475692,0.6838760652893442,0.6988499666204838
electricity-normalized,nswprice,45312.0,0.5008,0.1522,0.0,1.0,0.0581,0.0489,0.0404,9.108,155.8501,0.0174,0.039,0.2955,0.2969,0.2208,0.2689,0.322,0.3708,7.5953,0.0,SVC,0.6961326454997026,0.6914057194563534,0.6976204100482433,0.701113836771052,0.6981514370089998,0.6987170878648297,0.683348996286579,0.6857204970466009,0.7034217521521334
electricity-normalized,nswprice,45312.0,0.4492,0.1403,0.0,1.0,0.0578,0.0486,0.0404,9.6301,174.8142,0.0175,0.039,0.3028,0.3057,0.2263,0.2744,0.3293,0.3782,7.5983,0.0,DecisionTree,0.7195022137223165,0.7129677856395888,0.7186231343627972,0.7165922672997256,0.7196200042513696,0.7169233142946146,0.7135542769629263,0.7073224435231791,0.7199494359181544
electricity-normalized,nswprice,45312.0,0.4492,0.1403,0.0,1.0,0.0578,0.0486,0.0404,9.6301,174.8142,0.0175,0.039,0.3028,0.3057,0.2263,0.2744,0.3293,0.3782,7.5983,0.0,LogisticRegression,0.7049773565421793,0.7062243171931557,0.7005935421604682,0.7023561550382789,0.6997536109606782,0.7087160965086218,0.6736571255249268,0.6939119226220265,0.7026918517886257
electricity-normalized,nswprice,45312.0,0.4492,0.1403,0.0,1.0,0.0578,0.0486,0.0404,9.6301,174.8142,0.0175,0.039,0.3028,0.3057,0.2263,0.2744,0.3293,0.3782,7.5983,0.0,KNN,0.7180124040109215,0.7190959466777161,0.7220643955694034,0.7210869362135192,0.7219661123429129,0.7181957482928811,0.7201647609511135,0.7110159984720504,0.7197567048230912
electricity-normalized,nswprice,45312.0,0.4492,0.1403,0.0,1.0,0.0578,0.0486,0.0404,9.6301,174.8142,0.0175,0.039,0.3028,0.3057,0.2263,0.2744,0.3293,0.3782,7.5983,0.0,RandomForest,0.7349969659785364,0.7310405358355081,0.7305068223596146,0.7302390396770088,0.7313732380569147,0.7304666809016378,0.7304419188480241,0.7234133414369196,0.7304469041280444
electricity-normalized,nswprice,45312.0,0.4492,0.1403,0.0,1.0,0.0578,0.0486,0.0404,9.6301,174.8142,0.0175,0.039,0.3028,0.3057,0.2263,0.2744,0.3293,0.3782,7.5983,0.0,AdaBoost,0.7075325123409038,0.7024026268390626,0.7084251231604699,0.7098214106985508,0.7097298341485855,0.7039992316603401,0.701886873615783,0.6980369919129628,0.707094154162486
electricity-normalized,nswprice,45312.0,0.4492,0.1403,0.0,1.0,0.0578,0.0486,0.0404,9.6301,174.8142,0.0175,0.039,0.3028,0.3057,0.2263,0.2744,0.3293,0.3782,7.5983,0.0,SVC,0.7047842184253167,0.7140061762271396,0.7020488948029167,0.7084293733692579,0.7129457078267537,0.7029581210399586,0.6972255635370304,0.6993889250640907,0.6984081073094313
electricity-normalized,nswprice,45312.0,0.3966,0.1312,0.0,1.0,0.0578,0.0485,0.0401,8.9726,154.2574,0.0175,0.0391,0.2971,0.3002,0.2274,0.2743,0.3308,0.3791,7.6013,0.0,DecisionTree,0.7234698038799167,0.7203257662065254,0.7229329574554668,0.7252732681896327,0.7255168889063445,0.7220526140694385,0.71753755385647,0.7110585630645271,0.7191294038469382
electricity-normalized,nswprice,45312.0,0.3966,0.1312,0.0,1.0,0.0578,0.0485,0.0401,8.9726,154.2574,0.0175,0.0391,0.2971,0.3002,0.2274,0.2743,0.3308,0.3791,7.6013,0.0,LogisticRegression,0.710078059689247,0.710842788081829,0.7061907679169894,0.7066794387945472,0.7056449108650678,0.7124696817935152,0.6762901013875268,0.696684420373167,0.7104614953096743
electricity-normalized,nswprice,45312.0,0.3966,0.1312,0.0,1.0,0.0578,0.0485,0.0401,8.9726,154.2574,0.0175,0.0391,0.2971,0.3002,0.2274,0.2743,0.3308,0.3791,7.6013,0.0,KNN,0.7263603256091723,0.7271567149800908,0.7271055413354176,0.7299237265832463,0.7286601069620714,0.7266027247639641,0.7289697570903444,0.7167890283703698,0.7271040130905737
electricity-normalized,nswprice,45312.0,0.3966,0.1312,0.0,1.0,0.0578,0.0485,0.0401,8.9726,154.2574,0.0175,0.0391,0.2971,0.3002,0.2274,0.2743,0.3308,0.3791,7.6013,0.0,RandomForest,0.7431378426139943,0.7397725901218424,0.7376426303580139,0.7397268183136861,0.7395504806289863,0.7392603622976383,0.7399533515104513,0.729006334406523,0.7397500052732024
electricity-normalized,nswprice,45312.0,0.3966,0.1312,0.0,1.0,0.0578,0.0485,0.0401,8.9726,154.2574,0.0175,0.0391,0.2971,0.3002,0.2274,0.2743,0.3308,0.3791,7.6013,0.0,AdaBoost,0.7113848738125387,0.7066342180335704,0.7118334945299082,0.714189092843216,0.7126950584808244,0.7101305965524579,0.7025069739044881,0.7002049589595314,0.7103886583378565
electricity-normalized,nswprice,45312.0,0.3966,0.1312,0.0,1.0,0.0578,0.0485,0.0401,8.9726,154.2574,0.0175,0.0391,0.2971,0.3002,0.2274,0.2743,0.3308,0.3791,7.6013,0.0,SVC,0.7114499044983653,0.7100755206620755,0.7139436353342079,0.7126790759121765,0.7114679189044371,0.7048631216838278,0.6998390474465789,0.7007931085047854,0.7060527459558164
electricity-normalized,nswprice,45312.0,0.3476,0.1237,0.0,1.0,0.0576,0.0484,0.0399,9.1826,162.2203,0.0173,0.039,0.3013,0.3067,0.2227,0.2714,0.3241,0.375,7.6148,0.0,DecisionTree,0.7353468510839396,0.7320317809710848,0.7355234602199834,0.7353134242843568,0.7326621578972086,0.7349947952787699,0.7289207942534204,0.7176460993019219,0.7346262163722548
electricity-normalized,nswprice,45312.0,0.3476,0.1237,0.0,1.0,0.0576,0.0484,0.0399,9.1826,162.2203,0.0173,0.039,0.3013,0.3067,0.2227,0.2714,0.3241,0.375,7.6148,0.0,LogisticRegression,0.7162373287784775,0.7179296688778591,0.7141492875999966,0.7159579307575482,0.7149528086701145,0.7208172867888636,0.6859067478005796,0.7054548414527633,0.7171790751763885
electricity-normalized,nswprice,45312.0,0.3476,0.1237,0.0,1.0,0.0576,0.0484,0.0399,9.1826,162.2203,0.0173,0.039,0.3013,0.3067,0.2227,0.2714,0.3241,0.375,7.6148,0.0,KNN,0.7330089557484816,0.7331363946540578,0.7361730682020892,0.7363987001393489,0.7368552278612918,0.7328900542922424,0.7343616214258855,0.7206820220121395,0.7359291949672773
electricity-normalized,nswprice,45312.0,0.3476,0.1237,0.0,1.0,0.0576,0.0484,0.0399,9.1826,162.2203,0.0173,0.039,0.3013,0.3067,0.2227,0.2714,0.3241,0.375,7.6148,0.0,RandomForest,0.7506181866716383,0.7483969976746663,0.747303715122878,0.7469140509461223,0.7486237062858252,0.7487253236298225,0.7452046990896322,0.7379261166616201,0.7459765349853196
electricity-normalized,nswprice,45312.0,0.3476,0.1237,0.0,1.0,0.0576,0.0484,0.0399,9.1826,162.2203,0.0173,0.039,0.3013,0.3067,0.2227,0.2714,0.3241,0.375,7.6148,0.0,AdaBoost,0.7201351773154236,0.7174437113080894,0.7193412372475941,0.7207477934614323,0.7202705377780393,0.7176779088171433,0.7164326507433525,0.7070535878782316,0.7169380811803925
electricity-normalized,nswprice,45312.0,0.3476,0.1237,0.0,1.0,0.0576,0.0484,0.0399,9.1826,162.2203,0.0173,0.039,0.3013,0.3067,0.2227,0.2714,0.3241,0.375,7.6148,0.0,SVC,0.7007213730313251,0.7202698660363009,0.7095795720329918,0.7236912846698325,0.7172334734205857,0.7207068327554638,0.7080045300974774,0.7148248006310401,0.7252226737196095
electricity-normalized,nswprice,45312.0,0.2988,0.1185,0.0,1.0,0.0579,0.0487,0.0404,9.0866,156.6522,0.0175,0.0391,0.3017,0.3042,0.2217,0.2719,0.3227,0.375,7.6263,0.0,DecisionTree,0.7353807700559222,0.7363755991488012,0.7394190194523018,0.7372602005009028,0.7376596419524839,0.7381126949001172,0.732421204464752,0.7281163631262283,0.7351700095313074
electricity-normalized,nswprice,45312.0,0.2988,0.1185,0.0,1.0,0.0579,0.0487,0.0404,9.0866,156.6522,0.0175,0.0391,0.3017,0.3042,0.2217,0.2719,0.3227,0.375,7.6263,0.0,LogisticRegression,0.7204629703189709,0.721055735964765,0.7204029962538208,0.7212070015842326,0.7207837399000996,0.721598875483711,0.693591396991524,0.7093957689503705,0.7207089180346632
electricity-normalized,nswprice,45312.0,0.2988,0.1185,0.0,1.0,0.0579,0.0487,0.0404,9.0866,156.6522,0.0175,0.0391,0.3017,0.3042,0.2217,0.2719,0.3227,0.375,7.6263,0.0,KNN,0.739908849059718,0.7398549556196076,0.7422094019830469,0.7430009480350357,0.7428429804134502,0.7388253620402241,0.7395278745097728,0.7306318762789397,0.743120423038715
electricity-normalized,nswprice,45312.0,0.2988,0.1185,0.0,1.0,0.0579,0.0487,0.0404,9.0866,156.6522,0.0175,0.0391,0.3017,0.3042,0.2217,0.2719,0.3227,0.375,7.6263,0.0,RandomForest,0.7570374913228821,0.7553207546539523,0.7551567675650528,0.7553222854409709,0.7566128472483025,0.755101329862148,0.7550506371925081,0.748613497021093,0.7560706609589294
electricity-normalized,nswprice,45312.0,0.2988,0.1185,0.0,1.0,0.0579,0.0487,0.0404,9.0866,156.6522,0.0175,0.0391,0.3017,0.3042,0.2217,0.2719,0.3227,0.375,7.6263,0.0,AdaBoost,0.7194326143119714,0.7199141932426606,0.7243065946436881,0.7262901399755436,0.7264985346177494,0.7191988137723455,0.7190855358769246,0.7109402656159299,0.7230089405655085
electricity-normalized,nswprice,45312.0,0.2988,0.1185,0.0,1.0,0.0579,0.0487,0.0404,9.0866,156.6522,0.0175,0.0391,0.3017,0.3042,0.2217,0.2719,0.3227,0.375,7.6263,0.0,SVC,0.7135213696232691,0.7193839289253721,0.7308616789648598,0.7242956757607315,0.7225727011923007,0.7201584141818793,0.7159315022307368,0.7047419848793202,0.7218834165987283
electricity-normalized,nswprice,45312.0,0.2498,0.1115,0.0,1.0,0.0579,0.0488,0.04,9.2353,164.4096,0.0174,0.039,0.3072,0.3081,0.2259,0.275,0.3289,0.3792,7.6261,0.0,DecisionTree,0.7410857490604372,0.73884559891848,0.7424081957590537,0.7422800411807221,0.7411883122730508,0.7386716042231329,0.7364535625150807,0.7327245290939819,0.7406825213929122
electricity-normalized,nswprice,45312.0,0.2498,0.1115,0.0,1.0,0.0579,0.0488,0.04,9.2353,164.4096,0.0174,0.039,0.3072,0.3081,0.2259,0.275,0.3289,0.3792,7.6261,0.0,LogisticRegression,0.7252882682046891,0.7262231164705367,0.7238833126704575,0.7231203573981239,0.7231807056103723,0.7266941729477965,0.7063094196705209,0.7169119139558695,0.7229827418650925
electricity-normalized,nswprice,45312.0,0.2498,0.1115,0.0,1.0,0.0579,0.0488,0.04,9.2353,164.4096,0.0174,0.039,0.3072,0.3081,0.2259,0.275,0.3289,0.3792,7.6261,0.0,KNN,0.7436952159196469,0.7437529387439064,0.7487005420133533,0.7467589403263336,0.7469562779913324,0.7434079957446607,0.7433672823283968,0.7387374755960557,0.7460061660658369
electricity-normalized,nswprice,45312.0,0.2498,0.1115,0.0,1.0,0.0579,0.0488,0.04,9.2353,164.4096,0.0174,0.039,0.3072,0.3081,0.2259,0.275,0.3289,0.3792,7.6261,0.0,RandomForest,0.7632646243607394,0.7623211388279879,0.7614152194432855,0.760729139888692,0.7625136201973252,0.7607738975052458,0.7624396911313573,0.7558763942531239,0.7608709294269309
electricity-normalized,nswprice,45312.0,0.2498,0.1115,0.0,1.0,0.0579,0.0488,0.04,9.2353,164.4096,0.0174,0.039,0.3072,0.3081,0.2259,0.275,0.3289,0.3792,7.6261,0.0,AdaBoost,0.7249795471772271,0.7258719559406451,0.7278254194843786,0.7283970799975832,0.7295941351195516,0.7255041223002713,0.7200031699828169,0.7177816066906292,0.7267221165580348
electricity-normalized,nswprice,45312.0,0.2498,0.1115,0.0,1.0,0.0579,0.0488,0.04,9.2353,164.4096,0.0174,0.039,0.3072,0.3081,0.2259,0.275,0.3289,0.3792,7.6261,0.0,SVC,0.7273546711706331,0.7273400640042212,0.729989752897198,0.7275968598708539,0.7295003071257615,0.7333327941108277,0.7230841474144114,0.7185594441594123,0.7257149210133806
electricity-normalized,nswprice,45312.0,0.2018,0.1063,0.0,1.0,0.0579,0.0486,0.0401,9.2884,165.9687,0.0175,0.0392,0.303,0.3035,0.2239,0.2724,0.3262,0.3756,7.6279,0.0,DecisionTree,0.7545550751648964,0.7495294618548494,0.7538107273217282,0.7555213058515183,0.7545287765816444,0.7473587038858566,0.7510755656828397,0.7417028270933153,0.7517464110998111
electricity-normalized,nswprice,45312.0,0.2018,0.1063,0.0,1.0,0.0579,0.0486,0.0401,9.2884,165.9687,0.0175,0.0392,0.303,0.3035,0.2239,0.2724,0.3262,0.3756,7.6279,0.0,LogisticRegression,0.7334515927530357,0.7322232124177357,0.7325035352239854,0.7333872768677484,0.7331527298188787,0.7330132853155665,0.7169095172077253,0.7259984549826373,0.7318585530476195
electricity-normalized,nswprice,45312.0,0.2018,0.1063,0.0,1.0,0.0579,0.0486,0.0401,9.2884,165.9687,0.0175,0.0392,0.303,0.3035,0.2239,0.2724,0.3262,0.3756,7.6279,0.0,KNN,0.7557412135248067,0.7563503983227415,0.7597597652703769,0.7585691772235326,0.7593365768517922,0.754187628364176,0.7550584605585461,0.7485827920904102,0.7592241005733774
electricity-normalized,nswprice,45312.0,0.2018,0.1063,0.0,1.0,0.0579,0.0486,0.0401,9.2884,165.9687,0.0175,0.0392,0.303,0.3035,0.2239,0.2724,0.3262,0.3756,7.6279,0.0,RandomForest,0.7747647758536542,0.7745834904964933,0.7734263317716044,0.7754838220879609,0.7766116341941363,0.7724483459291529,0.7737330108765351,0.7663879651537987,0.7741733449989066
electricity-normalized,nswprice,45312.0,0.2018,0.1063,0.0,1.0,0.0579,0.0486,0.0401,9.2884,165.9687,0.0175,0.0392,0.303,0.3035,0.2239,0.2724,0.3262,0.3756,7.6279,0.0,AdaBoost,0.7325958195579457,0.732545971463618,0.7349214216940574,0.7377007107954919,0.7387607411293678,0.7320851362028129,0.7245012697791451,0.7254995473951267,0.7346084763082656
electricity-normalized,nswprice,45312.0,0.2018,0.1063,0.0,1.0,0.0579,0.0486,0.0401,9.2884,165.9687,0.0175,0.0392,0.303,0.3035,0.2239,0.2724,0.3262,0.3756,7.6279,0.0,SVC,0.7360018175021233,0.7399794687895418,0.7322776487917818,0.7304174685396847,0.7372993295146677,0.7339653132141695,0.7244642482579933,0.7284163605784064,0.7422041231880465
electricity-normalized,nswprice,45312.0,0.1514,0.1023,0.0,1.0,0.0579,0.0486,0.0406,9.29,162.3685,0.0174,0.0392,0.3055,0.3097,0.2259,0.275,0.3289,0.3792,7.6321,0.0,DecisionTree,0.7567650143606057,0.7590304098671148,0.7595736954855468,0.7583773820374189,0.7591435388051464,0.757812415754529,0.7577265709998341,0.7514771383887385,0.7580474884401676
electricity-normalized,nswprice,45312.0,0.1514,0.1023,0.0,1.0,0.0579,0.0486,0.0406,9.29,162.3685,0.0174,0.0392,0.3055,0.3097,0.2259,0.275,0.3289,0.3792,7.6321,0.0,LogisticRegression,0.7370515172141237,0.7386427344875145,0.73783890888569,0.7385324451966517,0.7387135038018469,0.7392569898769946,0.7263682282037462,0.7307033751126367,0.738563472910111
electricity-normalized,nswprice,45312.0,0.1514,0.1023,0.0,1.0,0.0579,0.0486,0.0406,9.29,162.3685,0.0174,0.0392,0.3055,0.3097,0.2259,0.275,0.3289,0.3792,7.6321,0.0,KNN,0.7595698268087887,0.7602024990667456,0.7639906636846276,0.7645160437369661,0.7633175206259093,0.7603771726104117,0.7580565856163274,0.7562571282062732,0.7618501128278643
electricity-normalized,nswprice,45312.0,0.1514,0.1023,0.0,1.0,0.0579,0.0486,0.0406,9.29,162.3685,0.0174,0.0392,0.3055,0.3097,0.2259,0.275,0.3289,0.3792,7.6321,0.0,RandomForest,0.781863652174373,0.7827405109907105,0.7802304748538171,0.7825685181178985,0.7802581132094687,0.7826933642900191,0.7801436311909905,0.7752948711989391,0.7794220693567766
electricity-normalized,nswprice,45312.0,0.1514,0.1023,0.0,1.0,0.0579,0.0486,0.0406,9.29,162.3685,0.0174,0.0392,0.3055,0.3097,0.2259,0.275,0.3289,0.3792,7.6321,0.0,AdaBoost,0.7373707402852117,0.7392766038732829,0.7421972120649368,0.7450834613773772,0.7441623925377825,0.7389029307431529,0.7351510950581024,0.7333002311360304,0.7417166420642862
electricity-normalized,nswprice,45312.0,0.1514,0.1023,0.0,1.0,0.0579,0.0486,0.0406,9.29,162.3685,0.0174,0.0392,0.3055,0.3097,0.2259,0.275,0.3289,0.3792,7.6321,0.0,SVC,0.7390359647242053,0.7356760119075559,0.7446731481545896,0.7452649454015536,0.744740916111212,0.7434779940595938,0.7384381958114512,0.7303653872950842,0.7482398835299907
electricity-normalized,nswprice,45312.0,0.1028,0.0979,0.0,1.0,0.0579,0.0487,0.0403,9.1827,160.7222,0.0174,0.0391,0.3026,0.3051,0.2244,0.2733,0.3267,0.3769,7.6392,0.0,DecisionTree,0.7649773998094673,0.7649675515746481,0.7664282697899294,0.7660216052772979,0.7665419459919883,0.7664806290270656,0.7620444622054734,0.7623369834323037,0.7683684183294955
electricity-normalized,nswprice,45312.0,0.1028,0.0979,0.0,1.0,0.0579,0.0487,0.0403,9.1827,160.7222,0.0174,0.0391,0.3026,0.3051,0.2244,0.2733,0.3267,0.3769,7.6392,0.0,LogisticRegression,0.743779916501371,0.7453807317056256,0.7426858453200429,0.7433822056509738,0.7426942745124517,0.7461605102165031,0.7371419688440686,0.7397706143892471,0.7428120656135104
electricity-normalized,nswprice,45312.0,0.1028,0.0979,0.0,1.0,0.0579,0.0487,0.0403,9.1827,160.7222,0.0174,0.0391,0.3026,0.3051,0.2244,0.2733,0.3267,0.3769,7.6392,0.0,KNN,0.7703161515958086,0.7707164366502506,0.7726606820431681,0.7722009176020632,0.7732113767072443,0.7708304741178544,0.7678572756942238,0.7673573590830096,0.7711625402736466
electricity-normalized,nswprice,45312.0,0.1028,0.0979,0.0,1.0,0.0579,0.0487,0.0403,9.1827,160.7222,0.0174,0.0391,0.3026,0.3051,0.2244,0.2733,0.3267,0.3769,7.6392,0.0,RandomForest,0.7925674926306969,0.7930310911884323,0.7943257593595138,0.7937270296164216,0.7939771006707584,0.7926585449180891,0.7925538629009011,0.7903062428857431,0.793529707323651
electricity-normalized,nswprice,45312.0,0.1028,0.0979,0.0,1.0,0.0579,0.0487,0.0403,9.1827,160.7222,0.0174,0.0391,0.3026,0.3051,0.2244,0.2733,0.3267,0.3769,7.6392,0.0,AdaBoost,0.7485097007640354,0.7492756511997085,0.7485599114281358,0.7491110709882796,0.7497072620976204,0.7486984434643392,0.743574826466671,0.744344928755744,0.7473897141934611
electricity-normalized,nswprice,45312.0,0.1028,0.0979,0.0,1.0,0.0579,0.0487,0.0403,9.1827,160.7222,0.0174,0.0391,0.3026,0.3051,0.2244,0.2733,0.3267,0.3769,7.6392,0.0,SVC,0.7545007402197955,0.7536986096540811,0.7407883646207137,0.7563626236120874,0.7464577039238178,0.7548177770651202,0.7476945742079031,0.7476641077852451,0.7423318942072527
electricity-normalized,nswprice,45312.0,0.0501,0.0937,0.0,1.0,0.0578,0.0487,0.0398,9.0654,159.9055,0.0174,0.0391,0.3054,0.3066,0.2243,0.2726,0.3265,0.376,7.6394,0.0,DecisionTree,0.7708805262907716,0.770275411811516,0.7731778071636768,0.7729033335565644,0.7725169088822156,0.7718002350749132,0.7708938929907507,0.7698063550949897,0.7722703772774333
electricity-normalized,nswprice,45312.0,0.0501,0.0937,0.0,1.0,0.0578,0.0487,0.0398,9.0654,159.9055,0.0174,0.0391,0.3054,0.3066,0.2243,0.2726,0.3265,0.376,7.6394,0.0,LogisticRegression,0.7488974176359677,0.7489382714659353,0.7487908533849856,0.7490387276237638,0.7487946360519208,0.7495343684908733,0.7446517802948861,0.7467259900939862,0.748515357528426
electricity-normalized,nswprice,45312.0,0.0501,0.0937,0.0,1.0,0.0578,0.0487,0.0398,9.0654,159.9055,0.0174,0.0391,0.3054,0.3066,0.2243,0.2726,0.3265,0.376,7.6394,0.0,KNN,0.7770734384536346,0.7776494301487117,0.7783507168219721,0.7783346132749034,0.7780635481668731,0.7776437902301891,0.7773663672826738,0.7764587738370992,0.7789820835581517
electricity-normalized,nswprice,45312.0,0.0501,0.0937,0.0,1.0,0.0578,0.0487,0.0398,9.0654,159.9055,0.0174,0.0391,0.3054,0.3066,0.2243,0.2726,0.3265,0.376,7.6394,0.0,RandomForest,0.800069950413473,0.8017089338968401,0.8017234434915019,0.8020799620822147,0.8006363983505014,0.8025094563768497,0.8013063499620386,0.7998875787680505,0.8020136778921333
electricity-normalized,nswprice,45312.0,0.0501,0.0937,0.0,1.0,0.0578,0.0487,0.0398,9.0654,159.9055,0.0174,0.0391,0.3054,0.3066,0.2243,0.2726,0.3265,0.376,7.6394,0.0,AdaBoost,0.7545567167415295,0.7559761430969737,0.7561864235592182,0.7548450315204314,0.7553756985221584,0.7560357387947007,0.7522664513105939,0.7536023235844759,0.755153110151957
electricity-normalized,nswprice,45312.0,0.0501,0.0937,0.0,1.0,0.0578,0.0487,0.0398,9.0654,159.9055,0.0174,0.0391,0.3054,0.3066,0.2243,0.2726,0.3265,0.376,7.6394,0.0,SVC,0.75793725736437,0.7563427734586875,0.7591328418633584,0.759441481647651,0.7514280080058799,0.7565688273898467,0.7473884454821798,0.7474386319231066,0.7598822485565269
electricity-normalized,nswdemand,45312.0,0.4992,0.2103,0.0,1.0,0.4261,0.4439,0.1629,-0.0934,-0.4049,0.1105,0.2264,0.3107,0.6663,0.2265,0.4997,0.3299,0.6594,8.2477,0.0,DecisionTree,0.7717836009191438,0.7707028332055004,0.7732796878836997,0.7723368262147073,0.7719907841215031,0.7706747450333205,0.7723281538249409,0.769969320666276,0.7730205960844809
electricity-normalized,nswdemand,45312.0,0.4992,0.2103,0.0,1.0,0.4261,0.4439,0.1629,-0.0934,-0.4049,0.1105,0.2264,0.3107,0.6663,0.2265,0.4997,0.3299,0.6594,8.2477,0.0,LogisticRegression,0.7479863370298785,0.7493803335432879,0.7510437025929648,0.7522055522378832,0.7516429399748885,0.7484396028416819,0.7488729737754453,0.7474302050861894,0.7512031437306104
electricity-normalized,nswdemand,45312.0,0.4992,0.2103,0.0,1.0,0.4261,0.4439,0.1629,-0.0934,-0.4049,0.1105,0.2264,0.3107,0.6663,0.2265,0.4997,0.3299,0.6594,8.2477,0.0,KNN,0.7723635968390116,0.771549517549667,0.7741127967944859,0.7740973568809435,0.7725566731109396,0.7721522083341594,0.7725339393827252,0.7641499459307536,0.7732027053119974
electricity-normalized,nswdemand,45312.0,0.4992,0.2103,0.0,1.0,0.4261,0.4439,0.1629,-0.0934,-0.4049,0.1105,0.2264,0.3107,0.6663,0.2265,0.4997,0.3299,0.6594,8.2477,0.0,RandomForest,0.7939076289307965,0.7930587898266092,0.7961909346137316,0.7949222124533208,0.7959213743825442,0.7931687927137155,0.7891615469505739,0.7889875022363128,0.7948690102360028
electricity-normalized,nswdemand,45312.0,0.4992,0.2103,0.0,1.0,0.4261,0.4439,0.1629,-0.0934,-0.4049,0.1105,0.2264,0.3107,0.6663,0.2265,0.4997,0.3299,0.6594,8.2477,0.0,AdaBoost,0.7577274828126025,0.7603958031192555,0.7592242192652194,0.759178725958904,0.7581282331195452,0.7592658526945076,0.7577521638764586,0.7579627641418071,0.7587383761555516
electricity-normalized,nswdemand,45312.0,0.4992,0.2103,0.0,1.0,0.4261,0.4439,0.1629,-0.0934,-0.4049,0.1105,0.2264,0.3107,0.6663,0.2265,0.4997,0.3299,0.6594,8.2477,0.0,SVC,0.7521964373431262,0.7597052588932818,0.7594162548350752,0.7577192083157525,0.763610703689803,0.7575545269516695,0.7479124530728957,0.7498917608512312,0.760328075565194
electricity-normalized,nswdemand,45312.0,0.4512,0.1958,0.0,1.0,0.4249,0.4442,0.1633,-0.1031,-0.3981,0.1098,0.2258,0.3092,0.6683,0.2253,0.501,0.3281,0.661,8.2598,0.0,DecisionTree,0.7740301329606526,0.7735007303360784,0.7721401036084012,0.7729822305676198,0.7740208871784009,0.7739250438901821,0.7711013054736133,0.7729419071532829,0.7737246681352907
electricity-normalized,nswdemand,45312.0,0.4512,0.1958,0.0,1.0,0.4249,0.4442,0.1633,-0.1031,-0.3981,0.1098,0.2258,0.3092,0.6683,0.2253,0.501,0.3281,0.661,8.2598,0.0,LogisticRegression,0.7478619769561259,0.7500922507672018,0.7516315880089585,0.7532325921790387,0.7527326617626593,0.7494455803529306,0.7495153448304795,0.7483616805773975,0.7520579890638653
electricity-normalized,nswdemand,45312.0,0.4512,0.1958,0.0,1.0,0.4249,0.4442,0.1633,-0.1031,-0.3981,0.1098,0.2258,0.3092,0.6683,0.2253,0.501,0.3281,0.661,8.2598,0.0,KNN,0.7719135924030548,0.7722507291258304,0.7719152535542908,0.7737666766272372,0.7730902746487018,0.7719980453957948,0.7715963516817106,0.7682812572763199,0.773143403869623
electricity-normalized,nswdemand,45312.0,0.4512,0.1958,0.0,1.0,0.4249,0.4442,0.1633,-0.1031,-0.3981,0.1098,0.2258,0.3092,0.6683,0.2253,0.501,0.3281,0.661,8.2598,0.0,RandomForest,0.7953844807711057,0.793969360090133,0.7962587140458864,0.7958062675000365,0.7945839491726492,0.7947474466762331,0.7901821787039538,0.7917897722205518,0.7952494337450888
electricity-normalized,nswdemand,45312.0,0.4512,0.1958,0.0,1.0,0.4249,0.4442,0.1633,-0.1031,-0.3981,0.1098,0.2258,0.3092,0.6683,0.2253,0.501,0.3281,0.661,8.2598,0.0,AdaBoost,0.7589855510380658,0.7602302117075379,0.7600254962456985,0.7597831022114534,0.7600528784346341,0.7598033356742169,0.7594020615669757,0.7590977754847199,0.7593360200312886
electricity-normalized,nswdemand,45312.0,0.4512,0.1958,0.0,1.0,0.4249,0.4442,0.1633,-0.1031,-0.3981,0.1098,0.2258,0.3092,0.6683,0.2253,0.501,0.3281,0.661,8.2598,0.0,SVC,0.7459362198064841,0.7560009074845161,0.7594382565170795,0.7637981780058518,0.7605793531526622,0.7533685170023608,0.746151740149891,0.7524469908833722,0.7541624270750865
electricity-normalized,nswdemand,45312.0,0.4,0.1816,0.0,1.0,0.4252,0.443,0.1632,-0.0971,-0.4116,0.1101,0.2267,0.3032,0.6644,0.2235,0.4998,0.3253,0.6593,8.2721,0.0,DecisionTree,0.7707449323099448,0.7727333674375737,0.772453267756138,0.7728163518746309,0.7722082519226714,0.7725057489657965,0.7710227302912911,0.768658960057458,0.7743452721831394
electricity-normalized,nswdemand,45312.0,0.4,0.1816,0.0,1.0,0.4252,0.443,0.1632,-0.0971,-0.4116,0.1101,0.2267,0.3032,0.6644,0.2235,0.4998,0.3253,0.6593,8.2721,0.0,LogisticRegression,0.7489943039073867,0.7497106944846419,0.7513742573171541,0.7521598917437344,0.7516005621438447,0.7504904998515574,0.7498668104596476,0.7490320292772966,0.7519186603090907
electricity-normalized,nswdemand,45312.0,0.4,0.1816,0.0,1.0,0.4252,0.443,0.1632,-0.0971,-0.4116,0.1101,0.2267,0.3032,0.6644,0.2235,0.4998,0.3253,0.6593,8.2721,0.0,KNN,0.7752724529795444,0.7748034606001538,0.7767317376121881,0.7753111748626398,0.7766194541788753,0.7743008012567616,0.7746698411471477,0.7710424717785584,0.7739658532151399
electricity-normalized,nswdemand,45312.0,0.4,0.1816,0.0,1.0,0.4252,0.443,0.1632,-0.0971,-0.4116,0.1101,0.2267,0.3032,0.6644,0.2235,0.4998,0.3253,0.6593,8.2721,0.0,RandomForest,0.7998119638027478,0.7976365655455343,0.7991308805591618,0.7983789843275962,0.7978017102492155,0.7976171499648593,0.7962843352321364,0.7947126646132112,0.7989334946901178
electricity-normalized,nswdemand,45312.0,0.4,0.1816,0.0,1.0,0.4252,0.443,0.1632,-0.0971,-0.4116,0.1101,0.2267,0.3032,0.6644,0.2235,0.4998,0.3253,0.6593,8.2721,0.0,AdaBoost,0.7594799681186171,0.7617051809693156,0.7601864598954888,0.7606743358579307,0.7605071620305797,0.7598681893763758,0.7602818334399795,0.7590906624526714,0.7599315739224486
electricity-normalized,nswdemand,45312.0,0.4,0.1816,0.0,1.0,0.4252,0.443,0.1632,-0.0971,-0.4116,0.1101,0.2267,0.3032,0.6644,0.2235,0.4998,0.3253,0.6593,8.2721,0.0,SVC,0.7587654544292325,0.7519317026680122,0.759090006747066,0.7603441740113296,0.7598593328736253,0.7531593553735494,0.7585610703892137,0.7590945575960529,0.7493466530562412
electricity-normalized,nswdemand,45312.0,0.3498,0.1693,0.0,1.0,0.4246,0.4427,0.1629,-0.0923,-0.4135,0.1104,0.227,0.3044,0.6681,0.226,0.5012,0.329,0.6606,8.2795,0.0,DecisionTree,0.7717677777624098,0.7739451308054198,0.7719832779196315,0.7735185547666303,0.772617510346858,0.7726582164947463,0.769764110204816,0.7713877447954705,0.772503076001173
electricity-normalized,nswdemand,45312.0,0.3498,0.1693,0.0,1.0,0.4246,0.4427,0.1629,-0.0923,-0.4135,0.1104,0.227,0.3044,0.6681,0.226,0.5012,0.329,0.6606,8.2795,0.0,LogisticRegression,0.7489800228959091,0.751191693222813,0.7524952954973888,0.7528411361416922,0.7520019893991886,0.7501375993691095,0.7498410406464332,0.7489627818231406,0.7521580512949424
electricity-normalized,nswdemand,45312.0,0.3498,0.1693,0.0,1.0,0.4246,0.4427,0.1629,-0.0923,-0.4135,0.1104,0.227,0.3044,0.6681,0.226,0.5012,0.329,0.6606,8.2795,0.0,KNN,0.7738466223407001,0.7734662018233412,0.7729785242448289,0.7738370170495199,0.7741476101053493,0.7736096335554692,0.7732237813495604,0.7717533787793811,0.7739609358924084
electricity-normalized,nswdemand,45312.0,0.3498,0.1693,0.0,1.0,0.4246,0.4427,0.1629,-0.0923,-0.4135,0.1104,0.227,0.3044,0.6681,0.226,0.5012,0.329,0.6606,8.2795,0.0,RandomForest,0.7993161944454601,0.797515301262014,0.7991561179235976,0.7981735223446005,0.7978162570595879,0.7965081604184562,0.7959749222425435,0.7959061721355705,0.7977829637714827
electricity-normalized,nswdemand,45312.0,0.3498,0.1693,0.0,1.0,0.4246,0.4427,0.1629,-0.0923,-0.4135,0.1104,0.227,0.3044,0.6681,0.226,0.5012,0.329,0.6606,8.2795,0.0,AdaBoost,0.7593047757610174,0.7607311455321163,0.7601570425073627,0.7606392988794626,0.7604254161253936,0.7605608794311229,0.7595896178234949,0.7583990396977454,0.7602597871391883
electricity-normalized,nswdemand,45312.0,0.3498,0.1693,0.0,1.0,0.4246,0.4427,0.1629,-0.0923,-0.4135,0.1104,0.227,0.3044,0.6681,0.226,0.5012,0.329,0.6606,8.2795,0.0,SVC,0.759682264783738,0.7584507442410348,0.7658107277060007,0.7624005592448798,0.7592599531001859,0.7580935013010783,0.7566864441399149,0.7594077612120945,0.7605646878777561
electricity-normalized,nswdemand,45312.0,0.3014,0.1596,0.0,1.0,0.4257,0.4448,0.1637,-0.1034,-0.4007,0.1104,0.2273,0.3054,0.6693,0.2253,0.5016,0.3278,0.6609,8.2896,0.0,DecisionTree,0.7763776896000735,0.7746437469782571,0.775296406374585,0.7767715734547967,0.7765746549466663,0.7763944870682995,0.7766848393708771,0.7731448707159129,0.7750218740912436
electricity-normalized,nswdemand,45312.0,0.3014,0.1596,0.0,1.0,0.4257,0.4448,0.1637,-0.1034,-0.4007,0.1104,0.2273,0.3054,0.6693,0.2253,0.5016,0.3278,0.6609,8.2896,0.0,LogisticRegression,0.7492250222682114,0.7503757026417047,0.7520665319408646,0.7525220595424389,0.7516155017957517,0.7496900103584636,0.7497884543019306,0.7488961945454964,0.7516298870373788
electricity-normalized,nswdemand,45312.0,0.3014,0.1596,0.0,1.0,0.4257,0.4448,0.1637,-0.1034,-0.4007,0.1104,0.2273,0.3054,0.6693,0.2253,0.5016,0.3278,0.6609,8.2896,0.0,KNN,0.7762399613012732,0.7755416045149668,0.7776070068156067,0.7788189503483194,0.7766841462435556,0.7768383400925777,0.7757999955498727,0.7739463292884823,0.7759779847211091
electricity-normalized,nswdemand,45312.0,0.3014,0.1596,0.0,1.0,0.4257,0.4448,0.1637,-0.1034,-0.4007,0.1104,0.2273,0.3054,0.6693,0.2253,0.5016,0.3278,0.6609,8.2896,0.0,RandomForest,0.8012202529665398,0.7980727876204388,0.7999750268702988,0.7992003883505123,0.8007256109622516,0.798568939349704,0.7984048649781408,0.7964133175204353,0.800457058031485
electricity-normalized,nswdemand,45312.0,0.3014,0.1596,0.0,1.0,0.4257,0.4448,0.1637,-0.1034,-0.4007,0.1104,0.2273,0.3054,0.6693,0.2253,0.5016,0.3278,0.6609,8.2896,0.0,AdaBoost,0.7584075834164505,0.7594061497106087,0.7596283066069087,0.7604447204005054,0.7597703269222515,0.7608550666343737,0.7595723070020313,0.7578844565902638,0.760285512546423
electricity-normalized,nswdemand,45312.0,0.3014,0.1596,0.0,1.0,0.4257,0.4448,0.1637,-0.1034,-0.4007,0.1104,0.2273,0.3054,0.6693,0.2253,0.5016,0.3278,0.6609,8.2896,0.0,SVC,0.759753830045779,0.7558190747818243,0.7619800793805129,0.7569664018039793,0.7609610418912609,0.7616638834072691,0.759305583030047,0.7613552878626962,0.7569200326053017
electricity-normalized,nswdemand,45312.0,0.2528,0.1504,0.0,1.0,0.4251,0.4436,0.1633,-0.0927,-0.4079,0.1104,0.2273,0.3071,0.668,0.2271,0.5006,0.3306,0.6601,8.292,0.0,DecisionTree,0.7742553409908711,0.7752751176686474,0.7739596808839304,0.7749713447007559,0.7730218221287641,0.7734059058457792,0.7747019113722213,0.7746273817017721,0.7752893619342005
electricity-normalized,nswdemand,45312.0,0.2528,0.1504,0.0,1.0,0.4251,0.4436,0.1633,-0.0927,-0.4079,0.1104,0.2273,0.3071,0.668,0.2271,0.5006,0.3306,0.6601,8.292,0.0,LogisticRegression,0.7498872227380502,0.7524395593878432,0.7526589894522728,0.7524706932611276,0.7522769197439421,0.7506186523174941,0.7512079155601912,0.7501330703620186,0.752069147134977
electricity-normalized,nswdemand,45312.0,0.2528,0.1504,0.0,1.0,0.4251,0.4436,0.1633,-0.0927,-0.4079,0.1104,0.2273,0.3071,0.668,0.2271,0.5006,0.3306,0.6601,8.292,0.0,KNN,0.7801063758734093,0.7790117031843596,0.7795468592259094,0.7788803811949623,0.7787794957758153,0.7795218834337956,0.780180343649008,0.7760855891865989,0.7795380961953036
electricity-normalized,nswdemand,45312.0,0.2528,0.1504,0.0,1.0,0.4251,0.4436,0.1633,-0.0927,-0.4079,0.1104,0.2273,0.3071,0.668,0.2271,0.5006,0.3306,0.6601,8.292,0.0,RandomForest,0.8001104898481132,0.7991670055192471,0.799533257048314,0.7990229298274627,0.7989737680311434,0.7978727414372605,0.7994055411863779,0.7985916782077814,0.8008572881338946
electricity-normalized,nswdemand,45312.0,0.2528,0.1504,0.0,1.0,0.4251,0.4436,0.1633,-0.0927,-0.4079,0.1104,0.2273,0.3071,0.668,0.2271,0.5006,0.3306,0.6601,8.292,0.0,AdaBoost,0.7600032917574328,0.7618398281804329,0.7611978673152912,0.7607619195729325,0.760625785588048,0.7622007910178838,0.759846087158633,0.7586085983755525,0.7612160620378176
electricity-normalized,nswdemand,45312.0,0.2528,0.1504,0.0,1.0,0.4251,0.4436,0.1633,-0.0927,-0.4079,0.1104,0.2273,0.3071,0.668,0.2271,0.5006,0.3306,0.6601,8.292,0.0,SVC,0.759786671473714,0.7621015524753176,0.7610078062929643,0.7578238022113691,0.7615071801220459,0.7628676580423641,0.7617087000950435,0.7593283848205605,0.7598061296671782
electricity-normalized,nswdemand,45312.0,0.2026,0.1423,0.0,1.0,0.4255,0.4435,0.1635,-0.0906,-0.4072,0.1108,0.2275,0.3065,0.6687,0.2265,0.5018,0.3297,0.6621,8.2993,0.0,DecisionTree,0.7760372267247385,0.7734948495654564,0.7755005699140418,0.7758547014790087,0.7765628408490148,0.7747949400420069,0.7757932629386731,0.7754215920170264,0.7749916422030605
electricity-normalized,nswdemand,45312.0,0.2026,0.1423,0.0,1.0,0.4255,0.4435,0.1635,-0.0906,-0.4072,0.1108,0.2275,0.3065,0.6687,0.2265,0.5018,0.3297,0.6621,8.2993,0.0,LogisticRegression,0.7496385249857125,0.7513532386916454,0.7526983018231506,0.753079726048044,0.7527751049224854,0.7506340531483815,0.7504774710386048,0.750156373621997,0.7526056681919608
electricity-normalized,nswdemand,45312.0,0.2026,0.1423,0.0,1.0,0.4255,0.4435,0.1635,-0.0906,-0.4072,0.1108,0.2275,0.3065,0.6687,0.2265,0.5018,0.3297,0.6621,8.2993,0.0,KNN,0.7770344798581306,0.7775289321244433,0.7800842930622709,0.7779564442749253,0.7779753098684662,0.7787536252624542,0.7776790032124965,0.7782854041320846,0.7786080051100757
electricity-normalized,nswdemand,45312.0,0.2026,0.1423,0.0,1.0,0.4255,0.4435,0.1635,-0.0906,-0.4072,0.1108,0.2275,0.3065,0.6687,0.2265,0.5018,0.3297,0.6621,8.2993,0.0,RandomForest,0.8002290575271478,0.7993967420303221,0.8031175423565636,0.8004828389437367,0.8025510636933791,0.8019830623181139,0.8005768762869875,0.8013429144595104,0.8011233080023719
electricity-normalized,nswdemand,45312.0,0.2026,0.1423,0.0,1.0,0.4255,0.4435,0.1635,-0.0906,-0.4072,0.1108,0.2275,0.3065,0.6687,0.2265,0.5018,0.3297,0.6621,8.2993,0.0,AdaBoost,0.759726591947294,0.760461800125168,0.7598589859336203,0.7606544791832679,0.7601883302360819,0.7608574349408374,0.7598159103241547,0.7590833207707716,0.760008002586402
electricity-normalized,nswdemand,45312.0,0.2026,0.1423,0.0,1.0,0.4255,0.4435,0.1635,-0.0906,-0.4072,0.1108,0.2275,0.3065,0.6687,0.2265,0.5018,0.3297,0.6621,8.2993,0.0,SVC,0.7506253020357126,0.7593447765401768,0.7615024380875093,0.7578749159493469,0.760957539835411,0.7515362659338488,0.7592385258811134,0.76043978932771,0.7626280082324437
electricity-normalized,nswdemand,45312.0,0.1523,0.1346,0.0,1.0,0.4258,0.4442,0.1633,-0.101,-0.41,0.1104,0.2273,0.3061,0.6701,0.2261,0.5035,0.3289,0.6638,8.3033,0.0,DecisionTree,0.7778792413461363,0.7783106927717396,0.7765336748198844,0.7781105630375038,0.7779119265253934,0.7793156471392063,0.7786559205010585,0.7783858800439607,0.7777111283970253
electricity-normalized,nswdemand,45312.0,0.1523,0.1346,0.0,1.0,0.4258,0.4442,0.1633,-0.101,-0.41,0.1104,0.2273,0.3061,0.6701,0.2261,0.5035,0.3289,0.6638,8.3033,0.0,LogisticRegression,0.7519273032645768,0.7539562371910533,0.753608390784148,0.7536975687081795,0.7533889731727121,0.7521121529554431,0.752545139084113,0.7516790064166818,0.7533858199394274
electricity-normalized,nswdemand,45312.0,0.1523,0.1346,0.0,1.0,0.4258,0.4442,0.1633,-0.101,-0.41,0.1104,0.2273,0.3061,0.6701,0.2261,0.5035,0.3289,0.6638,8.3033,0.0,KNN,0.7797963117309975,0.7799989746900983,0.7823245018397057,0.7825382831187583,0.7823821997766593,0.7820088978916326,0.7801261095035632,0.780005991563144,0.7816106348928025
electricity-normalized,nswdemand,45312.0,0.1523,0.1346,0.0,1.0,0.4258,0.4442,0.1633,-0.101,-0.41,0.1104,0.2273,0.3061,0.6701,0.2261,0.5035,0.3289,0.6638,8.3033,0.0,RandomForest,0.8049244101279407,0.8054498379954993,0.8073277753300151,0.8061143152969237,0.8054539005932206,0.8060328815499193,0.8043878297603757,0.802738778730237,0.8062198583093642
electricity-normalized,nswdemand,45312.0,0.1523,0.1346,0.0,1.0,0.4258,0.4442,0.1633,-0.101,-0.41,0.1104,0.2273,0.3061,0.6701,0.2261,0.5035,0.3289,0.6638,8.3033,0.0,AdaBoost,0.7590776030462822,0.761385927846762,0.7601354165281834,0.7610367431208481,0.7608745283990322,0.7615943453102731,0.7595209675493771,0.7597741584592519,0.7617720587355252
electricity-normalized,nswdemand,45312.0,0.1523,0.1346,0.0,1.0,0.4258,0.4442,0.1633,-0.101,-0.41,0.1104,0.2273,0.3061,0.6701,0.2261,0.5035,0.3289,0.6638,8.3033,0.0,SVC,0.7630787126338576,0.7633745556468889,0.76246169951561,0.7650226389496276,0.7585452523993137,0.7596645924065676,0.7647564557546894,0.7603025672182575,0.7656917879711275
electricity-normalized,nswdemand,45312.0,0.1023,0.1279,0.0,1.0,0.4258,0.4441,0.1635,-0.0994,-0.4123,0.1109,0.2278,0.304,0.6682,0.2238,0.5018,0.3257,0.6618,8.3073,0.0,DecisionTree,0.7783874009934667,0.7781215426063319,0.7787932942517737,0.7786597504792098,0.7779620474139622,0.7787729879868337,0.7781676300452444,0.7785618425759528,0.7787999220285177
electricity-normalized,nswdemand,45312.0,0.1023,0.1279,0.0,1.0,0.4258,0.4441,0.1635,-0.0994,-0.4123,0.1109,0.2278,0.304,0.6682,0.2238,0.5018,0.3257,0.6618,8.3073,0.0,LogisticRegression,0.7521381180584498,0.7532886572989782,0.7535654123546918,0.7531870752274246,0.7532623551411715,0.7524642497117857,0.7520202822962547,0.7515752428116644,0.7534200515508983
electricity-normalized,nswdemand,45312.0,0.1023,0.1279,0.0,1.0,0.4258,0.4441,0.1635,-0.0994,-0.4123,0.1109,0.2278,0.304,0.6682,0.2238,0.5018,0.3257,0.6618,8.3073,0.0,KNN,0.7827610179264584,0.7832994749370646,0.7832087724742669,0.7832160416481426,0.781839224155099,0.7835490574757116,0.7835200901970694,0.7825401249868527,0.7824958147111916
electricity-normalized,nswdemand,45312.0,0.1023,0.1279,0.0,1.0,0.4258,0.4441,0.1635,-0.0994,-0.4123,0.1109,0.2278,0.304,0.6682,0.2238,0.5018,0.3257,0.6618,8.3073,0.0,RandomForest,0.8061330447042768,0.8059087944337017,0.8062439321564308,0.8076016374080492,0.8060030838473017,0.8060350502056437,0.8057956751845157,0.8046401369138967,0.8048749303290124
electricity-normalized,nswdemand,45312.0,0.1023,0.1279,0.0,1.0,0.4258,0.4441,0.1635,-0.0994,-0.4123,0.1109,0.2278,0.304,0.6682,0.2238,0.5018,0.3257,0.6618,8.3073,0.0,AdaBoost,0.7606823764857125,0.7622431055791067,0.7611221422614696,0.7614774097740576,0.7609808205981261,0.7609175576988891,0.7607490846816516,0.7604055995526595,0.7610341472484989
electricity-normalized,nswdemand,45312.0,0.1023,0.1279,0.0,1.0,0.4258,0.4441,0.1635,-0.0994,-0.4123,0.1109,0.2278,0.304,0.6682,0.2238,0.5018,0.3257,0.6618,8.3073,0.0,SVC,0.7626081343256768,0.759459744988106,0.7549879640499703,0.7620178968046315,0.7559581348132494,0.7619488392524949,0.7624292424598811,0.7625582852943782,0.7570703924040985
electricity-normalized,nswdemand,45312.0,0.051,0.1216,0.0,1.0,0.4255,0.4438,0.1632,-0.1031,-0.4168,0.1105,0.2269,0.3055,0.6672,0.2249,0.5007,0.3275,0.6604,8.3115,0.0,DecisionTree,0.7784401863866847,0.7813505208608164,0.7808484476295532,0.7811915733930288,0.7799673630925623,0.7806013517536824,0.7802471907916642,0.779309675348075,0.780649359787665
electricity-normalized,nswdemand,45312.0,0.051,0.1216,0.0,1.0,0.4255,0.4438,0.1632,-0.1031,-0.4168,0.1105,0.2269,0.3055,0.6672,0.2249,0.5007,0.3275,0.6604,8.3115,0.0,LogisticRegression,0.7533137493308024,0.753793103147526,0.7537254358837131,0.7542676205119692,0.7538270457747285,0.753276585331664,0.7537918918320481,0.7531980683657161,0.7538356358735824
electricity-normalized,nswdemand,45312.0,0.051,0.1216,0.0,1.0,0.4255,0.4438,0.1632,-0.1031,-0.4168,0.1105,0.2269,0.3055,0.6672,0.2249,0.5007,0.3275,0.6604,8.3115,0.0,KNN,0.7833573863801909,0.7840104929453009,0.7847019905294714,0.784348149055861,0.7841144732308025,0.7841491648478822,0.7833449938541812,0.7831075261468867,0.785073127490834
electricity-normalized,nswdemand,45312.0,0.051,0.1216,0.0,1.0,0.4255,0.4438,0.1632,-0.1031,-0.4168,0.1105,0.2269,0.3055,0.6672,0.2249,0.5007,0.3275,0.6604,8.3115,0.0,RandomForest,0.8078348803791864,0.8077208228033101,0.809344423677427,0.8094676917959609,0.8088076051685706,0.8089506492636079,0.8078793334899861,0.8081716482451424,0.8080579241180179
electricity-normalized,nswdemand,45312.0,0.051,0.1216,0.0,1.0,0.4255,0.4438,0.1632,-0.1031,-0.4168,0.1105,0.2269,0.3055,0.6672,0.2249,0.5007,0.3275,0.6604,8.3115,0.0,AdaBoost,0.7614436810670682,0.7625562239249382,0.7618223785143754,0.7612281490290813,0.7610265227384433,0.7615995717966982,0.7616248954552002,0.7612444157995668,0.761100115263998
electricity-normalized,nswdemand,45312.0,0.051,0.1216,0.0,1.0,0.4255,0.4438,0.1632,-0.1031,-0.4168,0.1105,0.2269,0.3055,0.6672,0.2249,0.5007,0.3275,0.6604,8.3115,0.0,SVC,0.7551066860586169,0.7662322265907578,0.763184127286968,0.7581159063133018,0.7630621834706082,0.7599102198076534,0.7610845774145698,0.7526415057618103,0.7556002311932046
electricity-normalized,vicdemand,45312.0,0.5005,0.1146,0.0241,0.9969,0.4219,0.4229,0.1205,0.1524,0.9307,0.0474,0.095,0.3103,0.6654,0.273,0.4992,0.377,0.6587,5.3635,0.0,DecisionTree,0.7702043196141968,0.7682371223114823,0.7709522634201342,0.7730177080033372,0.7706903890495636,0.7735209000478732,0.7711119734040921,0.7689660008359457,0.7716030296483781
electricity-normalized,vicdemand,45312.0,0.5005,0.1146,0.0241,0.9969,0.4219,0.4229,0.1205,0.1524,0.9307,0.0474,0.095,0.3103,0.6654,0.273,0.4992,0.377,0.6587,5.3635,0.0,LogisticRegression,0.7546567902802359,0.7545267573251581,0.7533360213923915,0.753546705485603,0.7533803830836622,0.7544087374397019,0.7544406593868359,0.7546167159073023,0.7531395124187644
electricity-normalized,vicdemand,45312.0,0.5005,0.1146,0.0241,0.9969,0.4219,0.4229,0.1205,0.1524,0.9307,0.0474,0.095,0.3103,0.6654,0.273,0.4992,0.377,0.6587,5.3635,0.0,KNN,0.7677910947823083,0.7691852495531178,0.7690255279938577,0.7700101415052483,0.7687952636592034,0.7687853698478281,0.7683622872766456,0.7648228917646046,0.7688487550633737
electricity-normalized,vicdemand,45312.0,0.5005,0.1146,0.0241,0.9969,0.4219,0.4229,0.1205,0.1524,0.9307,0.0474,0.095,0.3103,0.6654,0.273,0.4992,0.377,0.6587,5.3635,0.0,RandomForest,0.7911974941847333,0.784632955812493,0.7857139541882356,0.7842917917549462,0.7834727903316115,0.7838850973190626,0.7877597941821455,0.785201526875748,0.7859694154651223
electricity-normalized,vicdemand,45312.0,0.5005,0.1146,0.0241,0.9969,0.4219,0.4229,0.1205,0.1524,0.9307,0.0474,0.095,0.3103,0.6654,0.273,0.4992,0.377,0.6587,5.3635,0.0,AdaBoost,0.756624912467607,0.7565030792242867,0.7570501436895577,0.7570279023785556,0.7565396158320585,0.7566746977970168,0.7571563987602896,0.7561184704570456,0.7560087323005287
electricity-normalized,vicdemand,45312.0,0.5005,0.1146,0.0241,0.9969,0.4219,0.4229,0.1205,0.1524,0.9307,0.0474,0.095,0.3103,0.6654,0.273,0.4992,0.377,0.6587,5.3635,0.0,SVC,0.7592184140483003,0.7510432100967811,0.7612093251122738,0.7587945239228727,0.757908471878899,0.7538691802527444,0.7585841989734046,0.7509705983336231,0.7515434802200214
electricity-normalized,vicdemand,45312.0,0.4469,0.1048,0.0,0.9912,0.4231,0.4229,0.1212,0.1755,0.911,0.0489,0.0979,0.3107,0.6693,0.2766,0.5023,0.3819,0.6623,5.4003,0.0,DecisionTree,0.7689550523590809,0.7720735977216063,0.7703972890119912,0.7707122990348177,0.7725624332701355,0.7709921271278539,0.7688452779110704,0.7664606209336189,0.767937619757523
electricity-normalized,vicdemand,45312.0,0.4469,0.1048,0.0,0.9912,0.4231,0.4229,0.1212,0.1755,0.911,0.0489,0.0979,0.3107,0.6693,0.2766,0.5023,0.3819,0.6623,5.4003,0.0,LogisticRegression,0.7544925966862845,0.7543661678053197,0.7538488578718043,0.7540213282720762,0.7541999145373038,0.7544923555543424,0.7542850216602764,0.7542247928278819,0.7535160249462451
electricity-normalized,vicdemand,45312.0,0.4469,0.1048,0.0,0.9912,0.4231,0.4229,0.1212,0.1755,0.911,0.0489,0.0979,0.3107,0.6693,0.2766,0.5023,0.3819,0.6623,5.4003,0.0,KNN,0.7705043059412737,0.7704639416914237,0.7708684346277069,0.771188814579652,0.7701377279439912,0.7702223226716807,0.7708505765639103,0.7672757308690942,0.7701767438644626
electricity-normalized,vicdemand,45312.0,0.4469,0.1048,0.0,0.9912,0.4231,0.4229,0.1212,0.1755,0.911,0.0489,0.0979,0.3107,0.6693,0.2766,0.5023,0.3819,0.6623,5.4003,0.0,RandomForest,0.7920959364677294,0.7878536034167103,0.7897238048449778,0.7896545664047397,0.788634927207313,0.7877481979721613,0.7903957499323191,0.7884379556564344,0.7867701245031157
electricity-normalized,vicdemand,45312.0,0.4469,0.1048,0.0,0.9912,0.4231,0.4229,0.1212,0.1755,0.911,0.0489,0.0979,0.3107,0.6693,0.2766,0.5023,0.3819,0.6623,5.4003,0.0,AdaBoost,0.7571452590113593,0.7569720995117316,0.7566457551607494,0.7578001708189195,0.7585645751089353,0.7565546551331788,0.7572190423398817,0.7578100741356426,0.7561033538669256
electricity-normalized,vicdemand,45312.0,0.4469,0.1048,0.0,0.9912,0.4231,0.4229,0.1212,0.1755,0.911,0.0489,0.0979,0.3107,0.6693,0.2766,0.5023,0.3819,0.6623,5.4003,0.0,SVC,0.7625301286980295,0.7590633746661795,0.757433997680686,0.7576390367306975,0.7606196222076145,0.7593580382223613,0.7527234605119232,0.7576491026209016,0.7582154816648468
electricity-normalized,vicdemand,45312.0,0.3972,0.0974,0.0303,0.9894,0.4243,0.4229,0.1209,0.1636,0.8895,0.0482,0.0966,0.3041,0.669,0.2711,0.5038,0.3738,0.664,5.3903,0.0,DecisionTree,0.7726692556145058,0.7745216852254455,0.7733757175798835,0.77355096294737,0.7726986278155005,0.7725278937201884,0.7695315630467316,0.7684667000937861,0.7737205236456808
electricity-normalized,vicdemand,45312.0,0.3972,0.0974,0.0303,0.9894,0.4243,0.4229,0.1209,0.1636,0.8895,0.0482,0.0966,0.3041,0.669,0.2711,0.5038,0.3738,0.664,5.3903,0.0,LogisticRegression,0.7545413275412507,0.7541407616711644,0.7534693581627279,0.753460412336976,0.7532107309099633,0.7544578095243207,0.7543366578239354,0.7542618681765556,0.7536766866646957
electricity-normalized,vicdemand,45312.0,0.3972,0.0974,0.0303,0.9894,0.4243,0.4229,0.1209,0.1636,0.8895,0.0482,0.0966,0.3041,0.669,0.2711,0.5038,0.3738,0.664,5.3903,0.0,KNN,0.7724730027431328,0.771381148334336,0.7714663566363937,0.7716004096248381,0.7711623676690653,0.77094446463007,0.7710915184833322,0.7680516648883277,0.7710232040195251
electricity-normalized,vicdemand,45312.0,0.3972,0.0974,0.0303,0.9894,0.4243,0.4229,0.1209,0.1636,0.8895,0.0482,0.0966,0.3041,0.669,0.2711,0.5038,0.3738,0.664,5.3903,0.0,RandomForest,0.7939037022830379,0.7893785463444857,0.7895730811302479,0.7906286664572564,0.7898463403743983,0.7874062868744516,0.7903945328836478,0.7899868323971339,0.7888714300694804
electricity-normalized,vicdemand,45312.0,0.3972,0.0974,0.0303,0.9894,0.4243,0.4229,0.1209,0.1636,0.8895,0.0482,0.0966,0.3041,0.669,0.2711,0.5038,0.3738,0.664,5.3903,0.0,AdaBoost,0.7587320823497178,0.757190258041538,0.7569297826899979,0.7576964530965304,0.7570435515864479,0.7571944224528551,0.757943262838823,0.7580613391209255,0.7577181176271619
electricity-normalized,vicdemand,45312.0,0.3972,0.0974,0.0303,0.9894,0.4243,0.4229,0.1209,0.1636,0.8895,0.0482,0.0966,0.3041,0.669,0.2711,0.5038,0.3738,0.664,5.3903,0.0,SVC,0.7568085781037819,0.7516018062067213,0.7609428925397956,0.7560616091070669,0.7596227414641101,0.7612270236235396,0.7595973360066203,0.7575848326789465,0.7605131672954931
electricity-normalized,vicdemand,45312.0,0.3489,0.0921,0.0,1.0,0.423,0.4229,0.1219,0.1601,0.8833,0.0498,0.0992,0.3087,0.6703,0.2778,0.5034,0.3828,0.6636,5.4145,0.0,DecisionTree,0.772019814828671,0.7731899736496984,0.7742587034495353,0.7753626718025521,0.774499466723142,0.7721207182375847,0.7697408644426013,0.7719079272142577,0.7732123444406351
electricity-normalized,vicdemand,45312.0,0.3489,0.0921,0.0,1.0,0.423,0.4229,0.1219,0.1601,0.8833,0.0498,0.0992,0.3087,0.6703,0.2778,0.5034,0.3828,0.6636,5.4145,0.0,LogisticRegression,0.7545127763506254,0.7544690740301874,0.7534825586880705,0.7535404908176808,0.753201147659957,0.7541175530927593,0.7542793256917599,0.7544608051095782,0.7533325608416667
electricity-normalized,vicdemand,45312.0,0.3489,0.0921,0.0,1.0,0.423,0.4229,0.1219,0.1601,0.8833,0.0498,0.0992,0.3087,0.6703,0.2778,0.5034,0.3828,0.6636,5.4145,0.0,KNN,0.7725846171237414,0.7727146709149405,0.7754098276199509,0.7725802616840884,0.7718082358583924,0.7722322281851215,0.7731675578755797,0.7700186030045065,0.7718530792148348
electricity-normalized,vicdemand,45312.0,0.3489,0.0921,0.0,1.0,0.423,0.4229,0.1219,0.1601,0.8833,0.0498,0.0992,0.3087,0.6703,0.2778,0.5034,0.3828,0.6636,5.4145,0.0,RandomForest,0.7961567245584504,0.7930302774379715,0.7941302370628949,0.7919570298091864,0.7920465891365974,0.7896935200274335,0.7927940460131734,0.7920926997770819,0.7915260986394563
electricity-normalized,vicdemand,45312.0,0.3489,0.0921,0.0,1.0,0.423,0.4229,0.1219,0.1601,0.8833,0.0498,0.0992,0.3087,0.6703,0.2778,0.5034,0.3828,0.6636,5.4145,0.0,AdaBoost,0.7597884486871417,0.7571565024022024,0.7569474023351466,0.7577651229546775,0.7582379640725407,0.7580311407263782,0.760529632620846,0.7591972359669318,0.7581731407606866
electricity-normalized,vicdemand,45312.0,0.3489,0.0921,0.0,1.0,0.423,0.4229,0.1219,0.1601,0.8833,0.0498,0.0992,0.3087,0.6703,0.2778,0.5034,0.3828,0.6636,5.4145,0.0,SVC,0.7565741596114389,0.7489336665623093,0.758291280664245,0.7597207306354057,0.7576233329515566,0.7557105511120183,0.7524189643699781,0.7564797920601386,0.7600816770337705
electricity-normalized,vicdemand,45312.0,0.2996,0.0859,0.0,1.0,0.4234,0.4229,0.1212,0.1724,0.9153,0.049,0.0978,0.3113,0.6678,0.2736,0.5015,0.3773,0.6612,5.3935,0.0,DecisionTree,0.7756625705207336,0.7754278979666953,0.777929776185039,0.7740017268420843,0.7738108337413306,0.7748596819993436,0.7730130897816134,0.7708848016185044,0.7749978215126583
electricity-normalized,vicdemand,45312.0,0.2996,0.0859,0.0,1.0,0.4234,0.4229,0.1212,0.1724,0.9153,0.049,0.0978,0.3113,0.6678,0.2736,0.5015,0.3773,0.6612,5.3935,0.0,LogisticRegression,0.7541036340724303,0.7540854947485762,0.7536810269527697,0.7537407130003003,0.7536315788952679,0.7542863428809107,0.7541230872794746,0.754017357743677,0.7536110138241168
electricity-normalized,vicdemand,45312.0,0.2996,0.0859,0.0,1.0,0.4234,0.4229,0.1212,0.1724,0.9153,0.049,0.0978,0.3113,0.6678,0.2736,0.5015,0.3773,0.6612,5.3935,0.0,KNN,0.773463000263342,0.7737148606273736,0.776281644628255,0.7744509872369203,0.7742450724394787,0.773248554219086,0.7732610449499643,0.7714863671454545,0.7760285779247618
electricity-normalized,vicdemand,45312.0,0.2996,0.0859,0.0,1.0,0.4234,0.4229,0.1212,0.1724,0.9153,0.049,0.0978,0.3113,0.6678,0.2736,0.5015,0.3773,0.6612,5.3935,0.0,RandomForest,0.7959378082485202,0.7929139850464151,0.7959485017916874,0.7950721733297992,0.7941776197891601,0.792891707574611,0.7937252861585351,0.7936391457486718,0.7936475829090641
electricity-normalized,vicdemand,45312.0,0.2996,0.0859,0.0,1.0,0.4234,0.4229,0.1212,0.1724,0.9153,0.049,0.0978,0.3113,0.6678,0.2736,0.5015,0.3773,0.6612,5.3935,0.0,AdaBoost,0.7596698407823277,0.7582106632750453,0.7584039904208736,0.7573110810378177,0.7581510378079583,0.757856828678287,0.7603138775947168,0.7591037332185192,0.7575874099423671
electricity-normalized,vicdemand,45312.0,0.2996,0.0859,0.0,1.0,0.4234,0.4229,0.1212,0.1724,0.9153,0.049,0.0978,0.3113,0.6678,0.2736,0.5015,0.3773,0.6612,5.3935,0.0,SVC,0.7601884914344907,0.7522365440424325,0.7587026906052426,0.7610881828439513,0.7564569440792387,0.7610406068566802,0.7644825872541279,0.7584756865927603,0.7512726368299674
electricity-normalized,vicdemand,45312.0,0.2496,0.081,0.0241,1.0,0.4229,0.4229,0.1212,0.1653,0.9062,0.0494,0.0989,0.3079,0.67,0.2746,0.5035,0.3786,0.6639,5.4187,0.0,DecisionTree,0.7755515959493315,0.7760464009086526,0.7739144835340646,0.7742383159605715,0.776262253133308,0.7733620424218213,0.7721797984453188,0.7711210124594278,0.7747659602336723
electricity-normalized,vicdemand,45312.0,0.2496,0.081,0.0241,1.0,0.4229,0.4229,0.1212,0.1653,0.9062,0.0494,0.0989,0.3079,0.67,0.2746,0.5035,0.3786,0.6639,5.4187,0.0,LogisticRegression,0.7545211696125084,0.7543967277725674,0.7536390494472607,0.753892684151084,0.7538927550814144,0.7545587652673165,0.754538506979424,0.7547056127651511,0.7540397580612632
electricity-normalized,vicdemand,45312.0,0.2496,0.081,0.0241,1.0,0.4229,0.4229,0.1212,0.1653,0.9062,0.0494,0.0989,0.3079,0.67,0.2746,0.5035,0.3786,0.6639,5.4187,0.0,KNN,0.7776917581537964,0.7785228009036061,0.7774825916305964,0.7782378270334853,0.7774163734525509,0.7766965196832178,0.7791194844065481,0.7739819208299057,0.7780890222471664
electricity-normalized,vicdemand,45312.0,0.2496,0.081,0.0241,1.0,0.4229,0.4229,0.1212,0.1653,0.9062,0.0494,0.0989,0.3079,0.67,0.2746,0.5035,0.3786,0.6639,5.4187,0.0,RandomForest,0.799830540706777,0.7983408632908873,0.7973843108659608,0.7959077725622711,0.796563640285441,0.7960186301486637,0.7972796513428757,0.7962368886000335,0.7961272744634309
electricity-normalized,vicdemand,45312.0,0.2496,0.081,0.0241,1.0,0.4229,0.4229,0.1212,0.1653,0.9062,0.0494,0.0989,0.3079,0.67,0.2746,0.5035,0.3786,0.6639,5.4187,0.0,AdaBoost,0.7592686486632723,0.7590566347094028,0.7580000138077108,0.7585695791036465,0.757605796373123,0.7575137196963018,0.7599681951902508,0.7597172672083423,0.7582901365132955
electricity-normalized,vicdemand,45312.0,0.2496,0.081,0.0241,1.0,0.4229,0.4229,0.1212,0.1653,0.9062,0.0494,0.0989,0.3079,0.67,0.2746,0.5035,0.3786,0.6639,5.4187,0.0,SVC,0.7588963530411488,0.7632172709358388,0.7607599333776396,0.760895274158363,0.7553317387144547,0.7558081171950723,0.7614781245220065,0.760178044197991,0.7610257225796473
electricity-normalized,vicdemand,45312.0,0.2034,0.0765,0.0241,1.0,0.4232,0.4229,0.1209,0.1607,0.894,0.0489,0.0974,0.3037,0.6697,0.2716,0.503,0.3744,0.6632,5.413,0.0,DecisionTree,0.7752990806489355,0.7766875616991838,0.7775109995464605,0.7758530111840756,0.7779839487307225,0.7766105541893751,0.7725274079903192,0.7740655024458851,0.776643396929815
electricity-normalized,vicdemand,45312.0,0.2034,0.0765,0.0241,1.0,0.4232,0.4229,0.1209,0.1607,0.894,0.0489,0.0974,0.3037,0.6697,0.2716,0.503,0.3744,0.6632,5.413,0.0,LogisticRegression,0.7543424889503259,0.7544462466635602,0.7536797058951417,0.7536281890279162,0.753535746021111,0.7542441923417247,0.7544373532839017,0.7542701525728119,0.7536394440511625
electricity-normalized,vicdemand,45312.0,0.2034,0.0765,0.0241,1.0,0.4232,0.4229,0.1209,0.1607,0.894,0.0489,0.0974,0.3037,0.6697,0.2716,0.503,0.3744,0.6632,5.413,0.0,KNN,0.7788257280865698,0.7799462657655966,0.779933172452565,0.779092178161048,0.7789820788073005,0.7771168195075384,0.7799656137357434,0.7769616807987718,0.7771417494165223
electricity-normalized,vicdemand,45312.0,0.2034,0.0765,0.0241,1.0,0.4232,0.4229,0.1209,0.1607,0.894,0.0489,0.0974,0.3037,0.6697,0.2716,0.503,0.3744,0.6632,5.413,0.0,RandomForest,0.8023365810155597,0.7995859270174581,0.8013561068738541,0.7999875520027624,0.8000295004014766,0.7986935272342416,0.8002610094363016,0.7986960902176269,0.8005410956763793
electricity-normalized,vicdemand,45312.0,0.2034,0.0765,0.0241,1.0,0.4232,0.4229,0.1209,0.1607,0.894,0.0489,0.0974,0.3037,0.6697,0.2716,0.503,0.3744,0.6632,5.413,0.0,AdaBoost,0.760291613040788,0.7589528553325453,0.7604889378194681,0.7582516616248689,0.7596878751059595,0.7583600771206631,0.7597392495818285,0.7592962878171502,0.7593824844626983
electricity-normalized,vicdemand,45312.0,0.2034,0.0765,0.0241,1.0,0.4232,0.4229,0.1209,0.1607,0.894,0.0489,0.0974,0.3037,0.6697,0.2716,0.503,0.3744,0.6632,5.413,0.0,SVC,0.7605343797749613,0.7639682634017366,0.765544543687139,0.7640885278211595,0.7653309040489524,0.7611940991058224,0.7628719123259042,0.7601643420725701,0.7530184838006474
electricity-normalized,vicdemand,45312.0,0.1485,0.0724,0.0,0.9969,0.4223,0.4229,0.1208,0.1529,0.9091,0.0485,0.0968,0.3068,0.6672,0.274,0.5004,0.3778,0.6601,5.4074,0.0,DecisionTree,0.7790791834566518,0.7799444883574722,0.7787385745516946,0.7807766744578051,0.7803955433829388,0.779601559687223,0.778430691254268,0.7765650263739079,0.7799596513981947
electricity-normalized,vicdemand,45312.0,0.1485,0.0724,0.0,0.9969,0.4223,0.4229,0.1208,0.1529,0.9091,0.0485,0.0968,0.3068,0.6672,0.274,0.5004,0.3778,0.6601,5.4074,0.0,LogisticRegression,0.7541463785558168,0.753860802632912,0.7538769346593905,0.7538424910350956,0.753776516144588,0.7540331349337358,0.7541168888584844,0.7541780212671179,0.7537765000620034
electricity-normalized,vicdemand,45312.0,0.1485,0.0724,0.0,0.9969,0.4223,0.4229,0.1208,0.1529,0.9091,0.0485,0.0968,0.3068,0.6672,0.274,0.5004,0.3778,0.6601,5.4074,0.0,KNN,0.7803002528916008,0.7809965899447664,0.7806783126498826,0.7801297457258292,0.7796433883838139,0.7784897125809727,0.7804135382674945,0.7793440535797349,0.7800183672488326
electricity-normalized,vicdemand,45312.0,0.1485,0.0724,0.0,0.9969,0.4223,0.4229,0.1208,0.1529,0.9091,0.0485,0.0968,0.3068,0.6672,0.274,0.5004,0.3778,0.6601,5.4074,0.0,RandomForest,0.800913996870205,0.7995451093012609,0.8005730627343288,0.8000763952297936,0.8004107696003695,0.7998681375261145,0.8006366710354929,0.7998601924640972,0.8009257782910202
electricity-normalized,vicdemand,45312.0,0.1485,0.0724,0.0,0.9969,0.4223,0.4229,0.1208,0.1529,0.9091,0.0485,0.0968,0.3068,0.6672,0.274,0.5004,0.3778,0.6601,5.4074,0.0,AdaBoost,0.7610217307008584,0.7585044654754863,0.759582300880177,0.7597512005565569,0.7601841840479491,0.7593543371181533,0.7611540134427726,0.7601886636253465,0.759475974525218
electricity-normalized,vicdemand,45312.0,0.1485,0.0724,0.0,0.9969,0.4223,0.4229,0.1208,0.1529,0.9091,0.0485,0.0968,0.3068,0.6672,0.274,0.5004,0.3778,0.6601,5.4074,0.0,SVC,0.7616158531079436,0.7604953426972623,0.7615826550705784,0.7629730078084102,0.7521499894452477,0.7621111852746931,0.7589095250255399,0.751299304182389,0.7561745964768796
electricity-normalized,vicdemand,45312.0,0.1024,0.0691,0.0241,1.0,0.423,0.4229,0.1213,0.1608,0.8973,0.0491,0.0982,0.3067,0.6709,0.2746,0.5042,0.3787,0.6645,5.4178,0.0,DecisionTree,0.7770541085942737,0.7786402168820856,0.7789177591883277,0.7786464466315525,0.7781867273547489,0.7780839475594451,0.7789524379101429,0.7764884926137589,0.7791838526485724
electricity-normalized,vicdemand,45312.0,0.1024,0.0691,0.0241,1.0,0.423,0.4229,0.1213,0.1608,0.8973,0.0491,0.0982,0.3067,0.6709,0.2746,0.5042,0.3787,0.6645,5.4178,0.0,LogisticRegression,0.754558176880249,0.7543305945571955,0.7541946567656239,0.7542465127623174,0.7541889891761948,0.7545119903304429,0.7544373310357255,0.7545381292426734,0.7541916667636089
electricity-normalized,vicdemand,45312.0,0.1024,0.0691,0.0241,1.0,0.423,0.4229,0.1213,0.1608,0.8973,0.0491,0.0982,0.3067,0.6709,0.2746,0.5042,0.3787,0.6645,5.4178,0.0,KNN,0.7830760761783042,0.7825361394750808,0.780840901613288,0.7814755602144645,0.7815981548110121,0.7809901455847147,0.78259694926425,0.781261108371943,0.7813356118516751
electricity-normalized,vicdemand,45312.0,0.1024,0.0691,0.0241,1.0,0.423,0.4229,0.1213,0.1608,0.8973,0.0491,0.0982,0.3067,0.6709,0.2746,0.5042,0.3787,0.6645,5.4178,0.0,RandomForest,0.8059571147351438,0.8062905578451447,0.8050857736954066,0.8046967885854481,0.8041827995007136,0.8044216139697324,0.8044932715903794,0.8030721652816594,0.803248665496797
electricity-normalized,vicdemand,45312.0,0.1024,0.0691,0.0241,1.0,0.423,0.4229,0.1213,0.1608,0.8973,0.0491,0.0982,0.3067,0.6709,0.2746,0.5042,0.3787,0.6645,5.4178,0.0,AdaBoost,0.760501507568264,0.7594258046571475,0.7598965118581013,0.7595407810980752,0.7594994199679382,0.7584150062704887,0.7599653038050851,0.7591397954019555,0.758959971284404
electricity-normalized,vicdemand,45312.0,0.1024,0.0691,0.0241,1.0,0.423,0.4229,0.1213,0.1608,0.8973,0.0491,0.0982,0.3067,0.6709,0.2746,0.5042,0.3787,0.6645,5.4178,0.0,SVC,0.7615037473613087,0.7615364940564965,0.7564027174062243,0.757461456375542,0.7624945776716473,0.758627716978887,0.7622394254322614,0.7629840644267223,0.7648410132742323
electricity-normalized,vicdemand,45312.0,0.0508,0.0658,0.0,1.0,0.4229,0.4229,0.1209,0.1615,0.9103,0.0486,0.0971,0.3068,0.6684,0.2748,0.5011,0.3789,0.6608,5.4125,0.0,DecisionTree,0.7801720697761922,0.7810898090605911,0.7803701347067479,0.7812508267538615,0.7812425005505572,0.7816943499155704,0.781725059507932,0.7766247082888885,0.7813939958091324
electricity-normalized,vicdemand,45312.0,0.0508,0.0658,0.0,1.0,0.4229,0.4229,0.1209,0.1615,0.9103,0.0486,0.0971,0.3068,0.6684,0.2748,0.5011,0.3789,0.6608,5.4125,0.0,LogisticRegression,0.7543366712915742,0.754331010373585,0.7541284878514362,0.7541861887732767,0.7541804094033868,0.7543248842265862,0.7542474713751304,0.7542760759370374,0.7541458164653392
electricity-normalized,vicdemand,45312.0,0.0508,0.0658,0.0,1.0,0.4229,0.4229,0.1209,0.1615,0.9103,0.0486,0.0971,0.3068,0.6684,0.2748,0.5011,0.3789,0.6608,5.4125,0.0,KNN,0.7829644952247989,0.7822746304184058,0.7826643090266083,0.7834917411229545,0.7837833369118592,0.7827916895340229,0.783628963557842,0.7826951936668032,0.7837663732900267
electricity-normalized,vicdemand,45312.0,0.0508,0.0658,0.0,1.0,0.4229,0.4229,0.1209,0.1615,0.9103,0.0486,0.0971,0.3068,0.6684,0.2748,0.5011,0.3789,0.6608,5.4125,0.0,RandomForest,0.8075559241651694,0.8086624691725264,0.8079675241301649,0.8090347913572146,0.8078789624952604,0.8077685906502363,0.8084786148656944,0.8078295053554723,0.8077719820167897
electricity-normalized,vicdemand,45312.0,0.0508,0.0658,0.0,1.0,0.4229,0.4229,0.1209,0.1615,0.9103,0.0486,0.0971,0.3068,0.6684,0.2748,0.5011,0.3789,0.6608,5.4125,0.0,AdaBoost,0.7614172313546274,0.76090383264088,0.7616011191161967,0.7600326993221673,0.7609469172589667,0.7612458705045205,0.760978351517878,0.7602105843334628,0.7618025787546338
electricity-normalized,vicdemand,45312.0,0.0508,0.0658,0.0,1.0,0.4229,0.4229,0.1209,0.1615,0.9103,0.0486,0.0971,0.3068,0.6684,0.2748,0.5011,0.3789,0.6608,5.4125,0.0,SVC,0.7646382122347659,0.7624554702205455,0.7653527869865075,0.7622246724518436,0.7667871721627123,0.7642585364674332,0.7653171392705719,0.7600325371702773,0.7618428962060342
german,Age,1000.0,0.512,0.1025,19.0,75.0,35.2746,32.0,11.4082,1.0877,0.7319,6.5,14.0,0.0146,0.0691,0.0188,0.0589,0.0258,0.0862,3.6163,0.0324,DecisionTree,0.655645558403902,0.660436723222542,0.6597563860739604,0.6606997219017998,0.6681852274628937,0.662741837229006,0.666520345510788,0.6573586259139704,0.6624776125124915
german,Age,1000.0,0.512,0.1025,19.0,75.0,35.2746,32.0,11.4082,1.0877,0.7319,6.5,14.0,0.0146,0.0691,0.0188,0.0589,0.0258,0.0862,3.6163,0.0324,LogisticRegression,0.6462321489847758,0.6465732699371232,0.6456633586512694,0.6480536926335869,0.644884753936818,0.645070495311258,0.6462321489847758,0.6537455610974471,0.6485107699371232
german,Age,1000.0,0.512,0.1025,19.0,75.0,35.2746,32.0,11.4082,1.0877,0.7319,6.5,14.0,0.0146,0.0691,0.0188,0.0589,0.0258,0.0862,3.6163,0.0324,KNN,0.6625928751509258,0.6510805312646408,0.644366274052103,0.6708865133239214,0.6643225655014318,0.6636997912681658,0.6595546320592005,0.6565426939756678,0.6613747920065773
german,Age,1000.0,0.512,0.1025,19.0,75.0,35.2746,32.0,11.4082,1.0877,0.7319,6.5,14.0,0.0146,0.0691,0.0188,0.0589,0.0258,0.0862,3.6163,0.0324,RandomForest,0.6680933682967455,0.671417889830589,0.6605218855218856,0.660607691489241,0.6507889207205397,0.6710497428651149,0.6680882341646481,0.6676627823641226,0.6677633450490709
german,Age,1000.0,0.512,0.1025,19.0,75.0,35.2746,32.0,11.4082,1.0877,0.7319,6.5,14.0,0.0146,0.0691,0.0188,0.0589,0.0258,0.0862,3.6163,0.0324,AdaBoost,0.6584805212456777,0.6510657549354969,0.6522573040174043,0.6413609434672984,0.6488068562554401,0.636424715141261,0.6432323943153141,0.6546541061508863,0.6449636014462066
german,Age,1000.0,0.512,0.1025,19.0,75.0,35.2746,32.0,11.4082,1.0877,0.7319,6.5,14.0,0.0146,0.0691,0.0188,0.0589,0.0258,0.0862,3.6163,0.0324,SVC,0.5866071804226658,0.5866071804226658,0.5866071804226658,0.5866071804226658,0.5866071804226658,0.5866071804226658,0.5866071804226658,0.5866071804226658,0.5866071804226658
german,Age,1000.0,0.46,0.0907,19.0,74.0,34.8593,32.0,10.8735,1.0562,0.6333,6.0,13.25,0.0109,0.0165,0.0036,0.0299,0.0029,0.0403,3.5816,0.0311,DecisionTree,0.6674324030827323,0.6549533523353402,0.6592426723998814,0.6696143020806459,0.6669684609676472,0.6715658467263076,0.6680368049908141,0.6613626589750915,0.6619763579020457
german,Age,1000.0,0.46,0.0907,19.0,74.0,34.8593,32.0,10.8735,1.0562,0.6333,6.0,13.25,0.0109,0.0165,0.0036,0.0299,0.0029,0.0403,3.5816,0.0311,LogisticRegression,0.643757367102755,0.647286448348575,0.6426498024977452,0.6479148928631998,0.6440514005083071,0.6379647804313122,0.6441997182043204,0.6457122480554468,0.6462261097657274
german,Age,1000.0,0.46,0.0907,19.0,74.0,34.8593,32.0,10.8735,1.0562,0.6333,6.0,13.25,0.0109,0.0165,0.0036,0.0299,0.0029,0.0403,3.5816,0.0311,KNN,0.6559971908220678,0.6478507404890741,0.6604314077594049,0.6713691316321644,0.6784907411354725,0.6683106212254599,0.6592165440241853,0.649258149679236,0.6669987798054395
german,Age,1000.0,0.46,0.0907,19.0,74.0,34.8593,32.0,10.8735,1.0562,0.6333,6.0,13.25,0.0109,0.0165,0.0036,0.0299,0.0029,0.0403,3.5816,0.0311,RandomForest,0.6834426399075444,0.6733488963791817,0.6785885766866021,0.6812652205285643,0.6876784939699697,0.6947351890909483,0.6821082581459619,0.6816696501075424,0.6769091346712992
german,Age,1000.0,0.46,0.0907,19.0,74.0,34.8593,32.0,10.8735,1.0562,0.6333,6.0,13.25,0.0109,0.0165,0.0036,0.0299,0.0029,0.0403,3.5816,0.0311,AdaBoost,0.6547277617312062,0.6601095167345439,0.659461178659233,0.6477584867927855,0.6516138582027987,0.6523759653029525,0.658720730829745,0.6523660192491902,0.6542286963503485
german,Age,1000.0,0.46,0.0907,19.0,74.0,34.8593,32.0,10.8735,1.0562,0.6333,6.0,13.25,0.0109,0.0165,0.0036,0.0299,0.0029,0.0403,3.5816,0.0311,SVC,0.5866071804226658,0.5866071804226658,0.5866071804226658,0.5866071804226658,0.5866071804226658,0.5866071804226658,0.5866071804226658,0.5866071804226658,0.5866071804226658
german,Age,1000.0,0.409,0.0863,19.0,75.0,35.9052,33.0,11.1973,0.931,0.315,7.0,15.0,0.013,0.0389,0.0108,0.0326,0.0142,0.045,3.6351,0.0358,DecisionTree,0.6588681747472129,0.6419334484149263,0.6586235699686283,0.657050441736464,0.6634302844363446,0.652900101032883,0.6555920665135995,0.6650896386076075,0.6641125548558371
german,Age,1000.0,0.409,0.0863,19.0,75.0,35.9052,33.0,11.1973,0.931,0.315,7.0,15.0,0.013,0.0389,0.0108,0.0326,0.0142,0.045,3.6351,0.0358,LogisticRegression,0.6563338494078976,0.6449038397974726,0.6452031836980565,0.6482273430864527,0.6482621845556973,0.6481594785072887,0.6510975320455467,0.6457495153615069,0.6454852767307451
german,Age,1000.0,0.409,0.0863,19.0,75.0,35.9052,33.0,11.1973,0.931,0.315,7.0,15.0,0.013,0.0389,0.0108,0.0326,0.0142,0.045,3.6351,0.0358,KNN,0.65316062180294,0.6558433166058781,0.6487145627552944,0.6477291222343666,0.636185775872264,0.6586487842729819,0.6551294735191944,0.6569124695030517,0.6527663355293789
german,Age,1000.0,0.409,0.0863,19.0,75.0,35.9052,33.0,11.1973,0.931,0.315,7.0,15.0,0.013,0.0389,0.0108,0.0326,0.0142,0.045,3.6351,0.0358,RandomForest,0.6798181240700687,0.6779044469926078,0.6645251865145538,0.6802110372659889,0.6780864154340163,0.6771969665905079,0.687410545057521,0.6786938563033103,0.678269247829131
german,Age,1000.0,0.409,0.0863,19.0,75.0,35.9052,33.0,11.1973,0.931,0.315,7.0,15.0,0.013,0.0389,0.0108,0.0326,0.0142,0.045,3.6351,0.0358,AdaBoost,0.6543372990515985,0.6558765766044188,0.655456145877912,0.6435934992433151,0.6483161876538758,0.6544589022974346,0.6497465201714087,0.6444342771553452,0.6567568933869188
german,Age,1000.0,0.409,0.0863,19.0,75.0,35.9052,33.0,11.1973,0.931,0.315,7.0,15.0,0.013,0.0389,0.0108,0.0326,0.0142,0.045,3.6351,0.0358,SVC,0.5866071804226658,0.5866071804226658,0.5866071804226658,0.5866071804226658,0.5866071804226658,0.5866071804226658,0.5866071804226658,0.5866071804226658,0.5866071804226658
german,Age,1000.0,0.342,0.079,19.0,75.0,35.4483,33.0,11.3486,1.0463,0.6411,7.0,14.0,0.0042,0.0482,0.0115,0.0247,0.0174,0.0367,3.646,0.0288,DecisionTree,0.6532346791796617,0.6587795715399754,0.6609361531928359,0.6513473124841976,0.6454905325633427,0.6512753386241958,0.6425357601215962,0.6555885144091471,0.6684081798082949
german,Age,1000.0,0.342,0.079,19.0,75.0,35.4483,33.0,11.3486,1.0463,0.6411,7.0,14.0,0.0042,0.0482,0.0115,0.0247,0.0174,0.0367,3.646,0.0288,LogisticRegression,0.6485977706992774,0.643308930810784,0.6411727697572165,0.6453811595412836,0.6464831100487932,0.6479963368153873,0.6414006209862464,0.6461982542582253,0.6439976271337821
german,Age,1000.0,0.342,0.079,19.0,75.0,35.4483,33.0,11.3486,1.0463,0.6411,7.0,14.0,0.0042,0.0482,0.0115,0.0247,0.0174,0.0367,3.646,0.0288,KNN,0.6713780863728463,0.653861560284418,0.6422914215390245,0.653860225861809,0.6552155032116552,0.654390197015413,0.6498182857580647,0.6684815455364211,0.6478250317024461
german,Age,1000.0,0.342,0.079,19.0,75.0,35.4483,33.0,11.3486,1.0463,0.6411,7.0,14.0,0.0042,0.0482,0.0115,0.0247,0.0174,0.0367,3.646,0.0288,RandomForest,0.6869562027020605,0.677223239691444,0.6556768001292221,0.6729753338179936,0.6819898499738961,0.6827553723463335,0.6809408965819486,0.6805062269948764,0.6858478181061765
german,Age,1000.0,0.342,0.079,19.0,75.0,35.4483,33.0,11.3486,1.0463,0.6411,7.0,14.0,0.0042,0.0482,0.0115,0.0247,0.0174,0.0367,3.646,0.0288,AdaBoost,0.6451318021119395,0.6483529705546613,0.6582739306267721,0.6456520151943264,0.6511107186567022,0.6392429397848751,0.6490470935995776,0.6444502907027253,0.6485331030101462
german,Age,1000.0,0.342,0.079,19.0,75.0,35.4483,33.0,11.3486,1.0463,0.6411,7.0,14.0,0.0042,0.0482,0.0115,0.0247,0.0174,0.0367,3.646,0.0288,SVC,0.5866071804226658,0.5866071804226658,0.5866071804226658,0.5866071804226658,0.5866071804226658,0.5866071804226658,0.5866071804226658,0.5866071804226658,0.5866071804226658
german,Age,1000.0,0.307,0.075,19.0,75.0,35.5152,33.0,11.1827,0.9418,0.3428,7.0,15.0,0.0109,0.0492,0.0049,0.0336,0.009,0.0487,3.6418,0.0321,DecisionTree,0.6655622551902194,0.6622083338005974,0.6631168688164157,0.6674309400101079,0.6641225993552708,0.662758426906129,0.6698906282390125,0.6629004143634389,0.6696715415590875
german,Age,1000.0,0.307,0.075,19.0,75.0,35.5152,33.0,11.1827,0.9418,0.3428,7.0,15.0,0.0109,0.0492,0.0049,0.0336,0.009,0.0487,3.6418,0.0321,LogisticRegression,0.6461764920488569,0.6495933666541645,0.6493113657438312,0.6488301607035746,0.6456608040651256,0.6430089020339024,0.6428401403377527,0.6494842700674076,0.6419258945410018
german,Age,1000.0,0.307,0.075,19.0,75.0,35.5152,33.0,11.1827,0.9418,0.3428,7.0,15.0,0.0109,0.0492,0.0049,0.0336,0.009,0.0487,3.6418,0.0321,KNN,0.6555794944779348,0.6615940804197743,0.6527082946189114,0.6508072179594087,0.6570606393350802,0.6508256755916577,0.655458133701629,0.6452334055939336,0.6637264162723053
german,Age,1000.0,0.307,0.075,19.0,75.0,35.5152,33.0,11.1827,0.9418,0.3428,7.0,15.0,0.0109,0.0492,0.0049,0.0336,0.009,0.0487,3.6418,0.0321,RandomForest,0.6751704252352527,0.6863239653606998,0.6823318816631084,0.6791690367238475,0.6822026798657721,0.6823543211637794,0.6805579405901531,0.6832043116040695,0.684330875823651
german,Age,1000.0,0.307,0.075,19.0,75.0,35.5152,33.0,11.1827,0.9418,0.3428,7.0,15.0,0.0109,0.0492,0.0049,0.0336,0.009,0.0487,3.6418,0.0321,AdaBoost,0.6461349399671837,0.6460127292059624,0.6460126568801609,0.6532214393404758,0.6502533530626291,0.6560537344222147,0.6481258632584562,0.6507707269861335,0.6533150224791141
german,Age,1000.0,0.307,0.075,19.0,75.0,35.5152,33.0,11.1827,0.9418,0.3428,7.0,15.0,0.0109,0.0492,0.0049,0.0336,0.009,0.0487,3.6418,0.0321,SVC,0.5866071804226658,0.5866071804226658,0.5866071804226658,0.5866071804226658,0.5866071804226658,0.5866071804226658,0.5866071804226658,0.5866071804226658,0.5866071804226658
german,Age,1000.0,0.268,0.0724,19.0,75.0,35.5164,33.0,11.3446,1.0285,0.6104,7.0,15.0,0.0141,0.0645,0.0186,0.0395,0.0281,0.0571,3.6376,0.0285,DecisionTree,0.6662528273985506,0.6624176651055316,0.6599765206204268,0.665131409023532,0.6563424966512656,0.6618412367037176,0.658627074320918,0.6707363159392684,0.67009976327359
german,Age,1000.0,0.268,0.0724,19.0,75.0,35.5164,33.0,11.3446,1.0285,0.6104,7.0,15.0,0.0141,0.0645,0.0186,0.0395,0.0281,0.0571,3.6376,0.0285,LogisticRegression,0.667601790982007,0.6523871334661131,0.6649257732501636,0.6658251317062861,0.6614585870576457,0.6654144808785187,0.6630049827185979,0.6512738661661893,0.6495269282656391
german,Age,1000.0,0.268,0.0724,19.0,75.0,35.5164,33.0,11.3446,1.0285,0.6104,7.0,15.0,0.0141,0.0645,0.0186,0.0395,0.0281,0.0571,3.6376,0.0285,KNN,0.6525099309110652,0.6572793596652076,0.6530667229453454,0.6439049163731687,0.6535882022724597,0.6459570544971829,0.6541789178091,0.6506311607144203,0.6651445241214552
german,Age,1000.0,0.268,0.0724,19.0,75.0,35.5164,33.0,11.3446,1.0285,0.6104,7.0,15.0,0.0141,0.0645,0.0186,0.0395,0.0281,0.0571,3.6376,0.0285,RandomForest,0.6879962358596877,0.7135336427357898,0.6926194608088896,0.68558525555032,0.6838362780969408,0.6896597576140703,0.6968395661758701,0.6966811668139412,0.6968912740946964
german,Age,1000.0,0.268,0.0724,19.0,75.0,35.5164,33.0,11.3446,1.0285,0.6104,7.0,15.0,0.0141,0.0645,0.0186,0.0395,0.0281,0.0571,3.6376,0.0285,AdaBoost,0.6604552555152712,0.6649532786070959,0.6577146585676769,0.6567387527705892,0.6612599762666557,0.6567465299176413,0.6636064539846261,0.664093508648227,0.6517470958982585
german,Age,1000.0,0.268,0.0724,19.0,75.0,35.5164,33.0,11.3446,1.0285,0.6104,7.0,15.0,0.0141,0.0645,0.0186,0.0395,0.0281,0.0571,3.6376,0.0285,SVC,0.5866071804226658,0.5866071804226658,0.5866071804226658,0.5866071804226658,0.5866071804226658,0.5866071804226658,0.5866071804226658,0.5866071804226658,0.5866071804226658
german,Age,1000.0,0.208,0.0669,19.0,75.0,35.8763,34.0,11.4991,1.0325,0.6606,7.0,15.0,0.0393,0.0461,0.0202,0.0229,0.0283,0.0332,3.6588,0.029,DecisionTree,0.6387258129995146,0.6646664250891073,0.6449545465461946,0.6414950826854756,0.6368479117745136,0.6472227342916463,0.6336880473661097,0.6573165950165453,0.6650871030623926
german,Age,1000.0,0.208,0.0669,19.0,75.0,35.8763,34.0,11.4991,1.0325,0.6606,7.0,15.0,0.0393,0.0461,0.0202,0.0229,0.0283,0.0332,3.6588,0.029,LogisticRegression,0.6406332221014133,0.6466702140025933,0.6410508611143169,0.6422681378691615,0.6418295736649959,0.6412205805024747,0.6416591447066402,0.6507897289352288,0.6372991834527906
german,Age,1000.0,0.208,0.0669,19.0,75.0,35.8763,34.0,11.4991,1.0325,0.6606,7.0,15.0,0.0393,0.0461,0.0202,0.0229,0.0283,0.0332,3.6588,0.029,KNN,0.65263869074868,0.6581881052566964,0.6560543299935127,0.6505452680331132,0.650267555221515,0.6469157735782463,0.6484820268224856,0.6512277770068011,0.6749279315163931
german,Age,1000.0,0.208,0.0669,19.0,75.0,35.8763,34.0,11.4991,1.0325,0.6606,7.0,15.0,0.0393,0.0461,0.0202,0.0229,0.0283,0.0332,3.6588,0.029,RandomForest,0.6885030839039,0.6821568537279802,0.6704834093068355,0.6825073929004087,0.6804539706062878,0.6777752532149556,0.691502479781803,0.6852400092049857,0.6888217798653419
german,Age,1000.0,0.208,0.0669,19.0,75.0,35.8763,34.0,11.4991,1.0325,0.6606,7.0,15.0,0.0393,0.0461,0.0202,0.0229,0.0283,0.0332,3.6588,0.029,AdaBoost,0.6403812130622648,0.6432967422304512,0.643889614272025,0.6455933708106611,0.6409158899559149,0.6476136676930948,0.642833923091453,0.6365950571568333,0.647276960486392
german,Age,1000.0,0.208,0.0669,19.0,75.0,35.8763,34.0,11.4991,1.0325,0.6606,7.0,15.0,0.0393,0.0461,0.0202,0.0229,0.0283,0.0332,3.6588,0.029,SVC,0.5866071804226658,0.5866071804226658,0.5866071804226658,0.5866071804226658,0.5866071804226658,0.5866071804226658,0.5866071804226658,0.5866071804226658,0.5866071804226658
german,Age,1000.0,0.141,0.0617,19.0,75.0,35.5588,33.0,11.3988,1.0183,0.5837,7.0,15.0,0.0386,0.046,0.0188,0.033,0.0278,0.0466,3.6517,0.0297,DecisionTree,0.6611548107881966,0.669951416500612,0.671527459139194,0.6591670870765697,0.661275211221097,0.6615793085695088,0.6709447371510319,0.6646398051179921,0.6710445347823225
german,Age,1000.0,0.141,0.0617,19.0,75.0,35.5588,33.0,11.3988,1.0183,0.5837,7.0,15.0,0.0386,0.046,0.0188,0.033,0.0278,0.0466,3.6517,0.0297,LogisticRegression,0.6451218490326514,0.6567642880506306,0.642897308060787,0.6465196020542894,0.6452249189102442,0.6468585488094583,0.6476805567184083,0.6453635571168914,0.651775347870736
german,Age,1000.0,0.141,0.0617,19.0,75.0,35.5588,33.0,11.3988,1.0183,0.5837,7.0,15.0,0.0386,0.046,0.0188,0.033,0.0278,0.0466,3.6517,0.0297,KNN,0.6580030451059177,0.6459785685228864,0.6605566606817433,0.662343398361006,0.6607585339511408,0.6565976443108639,0.6531770955282172,0.6489326243647466,0.6509871905154201
german,Age,1000.0,0.141,0.0617,19.0,75.0,35.5588,33.0,11.3988,1.0183,0.5837,7.0,15.0,0.0386,0.046,0.0188,0.033,0.0278,0.0466,3.6517,0.0297,RandomForest,0.6871719562212707,0.6901715043852409,0.6959886855017233,0.6938725959077724,0.6930778743992714,0.6915240203820436,0.6915313970640425,0.6914351878270482,0.6814726333630805
german,Age,1000.0,0.141,0.0617,19.0,75.0,35.5588,33.0,11.3988,1.0183,0.5837,7.0,15.0,0.0386,0.046,0.0188,0.033,0.0278,0.0466,3.6517,0.0297,AdaBoost,0.6651060096586727,0.6508028737335774,0.654174453740605,0.655111021812824,0.6631738351944674,0.6550450093521852,0.6547413084686914,0.6562540574783882,0.644982565467554
german,Age,1000.0,0.141,0.0617,19.0,75.0,35.5588,33.0,11.3988,1.0183,0.5837,7.0,15.0,0.0386,0.046,0.0188,0.033,0.0278,0.0466,3.6517,0.0297,SVC,0.5866071804226658,0.5866071804226658,0.5866071804226658,0.5866071804226658,0.5866071804226658,0.5866071804226658,0.5866071804226658,0.5866071804226658,0.5866071804226658
german,Age,1000.0,0.091,0.0572,19.0,75.0,35.5765,33.0,11.2798,1.0028,0.5842,7.0,15.0,0.0234,0.0435,0.0214,0.0233,0.0313,0.0348,3.6487,0.0313,DecisionTree,0.6666463071620546,0.6521174908526591,0.6732254359044317,0.6651050344658511,0.6617665621195393,0.6660548868500089,0.6612238193254949,0.6703800750124236,0.6526558617941949
german,Age,1000.0,0.091,0.0572,19.0,75.0,35.5765,33.0,11.2798,1.0028,0.5842,7.0,15.0,0.0234,0.0435,0.0214,0.0233,0.0313,0.0348,3.6487,0.0313,LogisticRegression,0.6443289774670596,0.6417344325111017,0.6434404013470774,0.6437617820982451,0.6423341454517212,0.6449186186307927,0.6412416220939788,0.6414745108168691,0.6399353052318735
german,Age,1000.0,0.091,0.0572,19.0,75.0,35.5765,33.0,11.2798,1.0028,0.5842,7.0,15.0,0.0234,0.0435,0.0214,0.0233,0.0313,0.0348,3.6487,0.0313,KNN,0.6464989157511949,0.6531127688230641,0.6546776148992361,0.6506811343207615,0.6489912342946114,0.6448302161211297,0.647236409412907,0.6457615594670227,0.6479168541314243
german,Age,1000.0,0.091,0.0572,19.0,75.0,35.5765,33.0,11.2798,1.0028,0.5842,7.0,15.0,0.0234,0.0435,0.0214,0.0233,0.0313,0.0348,3.6487,0.0313,RandomForest,0.692683298744887,0.6892001394755337,0.6879073939317399,0.6937654838490581,0.6889805371915854,0.6956462436504515,0.7010157707493221,0.6856087037268227,0.7018085446845839
german,Age,1000.0,0.091,0.0572,19.0,75.0,35.5765,33.0,11.2798,1.0028,0.5842,7.0,15.0,0.0234,0.0435,0.0214,0.0233,0.0313,0.0348,3.6487,0.0313,AdaBoost,0.6535214711364407,0.6418765386632206,0.6477272350324217,0.6493579250601549,0.6478490577191869,0.639132490277904,0.6492946715816916,0.6525565952987735,0.6513645632665067
german,Age,1000.0,0.091,0.0572,19.0,75.0,35.5765,33.0,11.2798,1.0028,0.5842,7.0,15.0,0.0234,0.0435,0.0214,0.0233,0.0313,0.0348,3.6487,0.0313,SVC,0.5866071804226658,0.5866071804226658,0.5866071804226658,0.5866071804226658,0.5866071804226658,0.5866071804226658,0.5866071804226658,0.5866071804226658,0.5866071804226658
german,Age,1000.0,0.034,0.0549,19.0,75.0,35.5259,33.0,11.4163,1.0297,0.61,7.0,15.0,0.0289,0.0465,0.0195,0.0207,0.0295,0.03,3.6523,0.0323,DecisionTree,0.6575742509590067,0.6544707436965631,0.6588952723354542,0.6630733472107425,0.6648663841751371,0.6642471047606362,0.6601069233121127,0.6595692390861554,0.6534191126570332
german,Age,1000.0,0.034,0.0549,19.0,75.0,35.5259,33.0,11.4163,1.0297,0.61,7.0,15.0,0.0289,0.0465,0.0195,0.0207,0.0295,0.03,3.6523,0.0323,LogisticRegression,0.6402712315199297,0.6446656160215103,0.6389263577023647,0.6396571919358813,0.6369657997418068,0.6402712315199297,0.6432192418323894,0.6390777423047368,0.6373641327323756
german,Age,1000.0,0.034,0.0549,19.0,75.0,35.5259,33.0,11.4163,1.0297,0.61,7.0,15.0,0.0289,0.0465,0.0195,0.0207,0.0295,0.03,3.6523,0.0323,KNN,0.6551145423607573,0.643030509622786,0.6470409722624916,0.6523103027732526,0.6531691683619232,0.6570100660740901,0.6521522140380205,0.6480096160690841,0.6411525272027903
german,Age,1000.0,0.034,0.0549,19.0,75.0,35.5259,33.0,11.4163,1.0297,0.61,7.0,15.0,0.0289,0.0465,0.0195,0.0207,0.0295,0.03,3.6523,0.0323,RandomForest,0.6873238601465935,0.6884908519674041,0.6747405502056847,0.6878548284633572,0.6851432746434647,0.6928941896815692,0.6904726634399256,0.6861746970220993,0.6934502351230795
german,Age,1000.0,0.034,0.0549,19.0,75.0,35.5259,33.0,11.4163,1.0297,0.61,7.0,15.0,0.0289,0.0465,0.0195,0.0207,0.0295,0.03,3.6523,0.0323,AdaBoost,0.6451341146038827,0.6436635421136595,0.6461532702634184,0.6498693884071199,0.6530530273604025,0.650938778511982,0.6519900643416598,0.6463396900857039,0.6515092415990603
german,Age,1000.0,0.034,0.0549,19.0,75.0,35.5259,33.0,11.4163,1.0297,0.61,7.0,15.0,0.0289,0.0465,0.0195,0.0207,0.0295,0.03,3.6523,0.0323,SVC,0.5866071804226658,0.5866071804226658,0.5866071804226658,0.5866071804226658,0.5866071804226658,0.5866071804226658,0.5866071804226658,0.5866071804226658,0.5866071804226658
german,Credit_amount,1000.0,0.519,0.9626,250.0,15945.0,3337.6632,2384.0,2915.6233,1.982,4.2897,1140.0,2618.0,0.0208,0.5996,0.0377,0.4404,0.0531,0.593,6.1229,0.0,DecisionTree,0.6521977475159944,0.6608508193017038,0.6508763517658325,0.6390799150867187,0.6513824226715637,0.637698847181835,0.6368487348844863,0.6618730942647967,0.6448300026315426
german,Credit_amount,1000.0,0.519,0.9626,250.0,15945.0,3337.6632,2384.0,2915.6233,1.982,4.2897,1140.0,2618.0,0.0208,0.5996,0.0377,0.4404,0.0531,0.593,6.1229,0.0,LogisticRegression,0.6461660124955113,0.6426663215100754,0.6462495982199856,0.6451758577885948,0.6486067418004103,0.6451574899847061,0.6462812903916988,0.6426663215100754,0.6460901182159624
german,Credit_amount,1000.0,0.519,0.9626,250.0,15945.0,3337.6632,2384.0,2915.6233,1.982,4.2897,1140.0,2618.0,0.0208,0.5996,0.0377,0.4404,0.0531,0.593,6.1229,0.0,KNN,0.6471484898250965,0.6445038272916183,0.643480707328679,0.6319730557935395,0.6412436198088213,0.6372935318956917,0.640913903246793,0.6474396029588412,0.6537391344483253
german,Credit_amount,1000.0,0.519,0.9626,250.0,15945.0,3337.6632,2384.0,2915.6233,1.982,4.2897,1140.0,2618.0,0.0208,0.5996,0.0377,0.4404,0.0531,0.593,6.1229,0.0,RandomForest,0.6770064616896729,0.684825434940412,0.6788474443727776,0.6756642045230967,0.6661023899405929,0.6779579849956321,0.6704166927984028,0.6783357259760904,0.6755289119007335
german,Credit_amount,1000.0,0.519,0.9626,250.0,15945.0,3337.6632,2384.0,2915.6233,1.982,4.2897,1140.0,2618.0,0.0208,0.5996,0.0377,0.4404,0.0531,0.593,6.1229,0.0,AdaBoost,0.6565217855904404,0.6712862948182692,0.6630716554431189,0.6623857434467111,0.6549529661818022,0.6523832372023781,0.6608134677675902,0.6636197106127288,0.6773462310196081
german,Credit_amount,1000.0,0.519,0.9626,250.0,15945.0,3337.6632,2384.0,2915.6233,1.982,4.2897,1140.0,2618.0,0.0208,0.5996,0.0377,0.4404,0.0531,0.593,6.1229,0.0,SVC,0.5866071804226658,0.5866071804226658,0.5866071804226658,0.5866071804226658,0.5866071804226658,0.5866071804226658,0.5866071804226658,0.5866071804226658,0.5866071804226658
german,Credit_amount,1000.0,0.442,0.9552,250.0,18424.0,3275.4211,2331.0,2748.7264,1.9642,4.7461,1089.0,2606.25,0.0253,0.6144,0.0421,0.4291,0.0625,0.5833,6.2604,0.0,DecisionTree,0.6315754486890254,0.6419239003919611,0.6576481725862426,0.6314473151741157,0.628772380126257,0.6297878095639537,0.6481675247784449,0.641030000734182,0.6358018419764159
german,Credit_amount,1000.0,0.442,0.9552,250.0,18424.0,3275.4211,2331.0,2748.7264,1.9642,4.7461,1089.0,2606.25,0.0253,0.6144,0.0421,0.4291,0.0625,0.5833,6.2604,0.0,LogisticRegression,0.6405301196480361,0.6377905966050091,0.6390067265389286,0.6318116951417782,0.6381180263883771,0.6368223740985856,0.6387958425856229,0.6377905966050091,0.6373904778568733
german,Credit_amount,1000.0,0.442,0.9552,250.0,18424.0,3275.4211,2331.0,2748.7264,1.9642,4.7461,1089.0,2606.25,0.0253,0.6144,0.0421,0.4291,0.0625,0.5833,6.2604,0.0,KNN,0.6522471469728514,0.654138462388407,0.6671896224102486,0.6580735285339047,0.6630154882446294,0.6522243341315028,0.6495782730084205,0.6521683154539524,0.6568155793761673
german,Credit_amount,1000.0,0.442,0.9552,250.0,18424.0,3275.4211,2331.0,2748.7264,1.9642,4.7461,1089.0,2606.25,0.0253,0.6144,0.0421,0.4291,0.0625,0.5833,6.2604,0.0,RandomForest,0.6735489501738072,0.6822662257251535,0.6791513909351251,0.6723307824503417,0.6814988073991642,0.6793743257863213,0.6775738469275145,0.6649825210285252,0.6597689655421926
german,Credit_amount,1000.0,0.442,0.9552,250.0,18424.0,3275.4211,2331.0,2748.7264,1.9642,4.7461,1089.0,2606.25,0.0253,0.6144,0.0421,0.4291,0.0625,0.5833,6.2604,0.0,AdaBoost,0.6304119711117766,0.6458326191464319,0.6411298199935074,0.6368758995981555,0.6451245560629901,0.6478201313739372,0.6392921954956391,0.6608414851560773,0.6366358790814595
german,Credit_amount,1000.0,0.442,0.9552,250.0,18424.0,3275.4211,2331.0,2748.7264,1.9642,4.7461,1089.0,2606.25,0.0253,0.6144,0.0421,0.4291,0.0625,0.5833,6.2604,0.0,SVC,0.5866071804226658,0.5866071804226658,0.5866071804226658,0.5866071804226658,0.5866071804226658,0.5866071804226658,0.5866071804226658,0.5866071804226658,0.5866071804226658
german,Credit_amount,1000.0,0.406,0.963,250.0,15945.0,3248.899,2276.0,2721.3668,1.8105,3.7316,1105.5,2802.75,0.0184,0.6361,0.0008,0.4718,0.0004,0.6331,6.3347,0.0,DecisionTree,0.6399185225274577,0.634417286690134,0.658219557343179,0.6521977376916872,0.6527253513214832,0.651512207117287,0.6611544770425429,0.6441819629849657,0.635431673455398
german,Credit_amount,1000.0,0.406,0.963,250.0,15945.0,3248.899,2276.0,2721.3668,1.8105,3.7316,1105.5,2802.75,0.0184,0.6361,0.0008,0.4718,0.0004,0.6331,6.3347,0.0,LogisticRegression,0.6402027266618523,0.6450515091126771,0.6399577143829641,0.6396506954374417,0.6406024742891167,0.639290329509015,0.6369671517113021,0.6450515091126771,0.6427853739268102
german,Credit_amount,1000.0,0.406,0.963,250.0,15945.0,3248.899,2276.0,2721.3668,1.8105,3.7316,1105.5,2802.75,0.0184,0.6361,0.0008,0.4718,0.0004,0.6331,6.3347,0.0,KNN,0.642055422942128,0.6436200570685668,0.6425004261979345,0.6455062531294607,0.6360374492565908,0.6537721358905085,0.6549165618072856,0.6441930522950919,0.6608383079246442
german,Credit_amount,1000.0,0.406,0.963,250.0,15945.0,3248.899,2276.0,2721.3668,1.8105,3.7316,1105.5,2802.75,0.0184,0.6361,0.0008,0.4718,0.0004,0.6331,6.3347,0.0,RandomForest,0.6777141675751727,0.6664954967230572,0.6848151856352881,0.6806563101769174,0.6761169207311987,0.667833786798913,0.6740402991161646,0.6696795815489164,0.6693034336572594
german,Credit_amount,1000.0,0.406,0.963,250.0,15945.0,3248.899,2276.0,2721.3668,1.8105,3.7316,1105.5,2802.75,0.0184,0.6361,0.0008,0.4718,0.0004,0.6331,6.3347,0.0,AdaBoost,0.6620498879340436,0.6424331431013255,0.6498037820238242,0.6570902396778528,0.6537031509307389,0.6532418073020165,0.6708250976004931,0.6570646421721957,0.6567939174688653
german,Credit_amount,1000.0,0.406,0.963,250.0,15945.0,3248.899,2276.0,2721.3668,1.8105,3.7316,1105.5,2802.75,0.0184,0.6361,0.0008,0.4718,0.0004,0.6331,6.3347,0.0,SVC,0.5866071804226658,0.5866071804226658,0.5866071804226658,0.5866071804226658,0.5866071804226658,0.5866071804226658,0.5866071804226658,0.5866071804226658,0.5866071804226658
german,Credit_amount,1000.0,0.337,0.9457,250.0,18424.0,3279.1523,2279.0,2907.0374,1.9857,4.3356,1079.0,2563.0,0.0657,0.6153,0.0344,0.459,0.0523,0.6162,6.4207,0.0,DecisionTree,0.6604855475781919,0.6513861993095101,0.6586614951115272,0.6618386398922468,0.6686760660620827,0.6536791481068367,0.6669034232218303,0.6557762600103936,0.6654623790731042
german,Credit_amount,1000.0,0.337,0.9457,250.0,18424.0,3279.1523,2279.0,2907.0374,1.9857,4.3356,1079.0,2563.0,0.0657,0.6153,0.0344,0.459,0.0523,0.6162,6.4207,0.0,LogisticRegression,0.643428323297197,0.6434493477963736,0.6451287247650088,0.6442981656366846,0.6410779022188424,0.6451740437525129,0.6428441187849566,0.6434493477963736,0.6461469183747871
german,Credit_amount,1000.0,0.337,0.9457,250.0,18424.0,3279.1523,2279.0,2907.0374,1.9857,4.3356,1079.0,2563.0,0.0657,0.6153,0.0344,0.459,0.0523,0.6162,6.4207,0.0,KNN,0.6629859819348272,0.658831298379118,0.6432741249465321,0.6601922259550442,0.6479434136912038,0.6601039395089707,0.6639576033802036,0.6599197820982797,0.6576260444703719
german,Credit_amount,1000.0,0.337,0.9457,250.0,18424.0,3279.1523,2279.0,2907.0374,1.9857,4.3356,1079.0,2563.0,0.0657,0.6153,0.0344,0.459,0.0523,0.6162,6.4207,0.0,RandomForest,0.6805193331562842,0.685269500791109,0.6803642090977002,0.6804305823874748,0.6946382830726746,0.6900202668244972,0.680089460868083,0.6945184553569455,0.6723611571344987
german,Credit_amount,1000.0,0.337,0.9457,250.0,18424.0,3279.1523,2279.0,2907.0374,1.9857,4.3356,1079.0,2563.0,0.0657,0.6153,0.0344,0.459,0.0523,0.6162,6.4207,0.0,AdaBoost,0.654423873194467,0.6555633817234299,0.6528004352549347,0.6604704880279199,0.6670218452747401,0.6529466532030165,0.6616709765611422,0.6606457163634819,0.6663693992846249
german,Credit_amount,1000.0,0.337,0.9457,250.0,18424.0,3279.1523,2279.0,2907.0374,1.9857,4.3356,1079.0,2563.0,0.0657,0.6153,0.0344,0.459,0.0523,0.6162,6.4207,0.0,SVC,0.5866071804226658,0.5866071804226658,0.5866071804226658,0.5866071804226658,0.5866071804226658,0.5866071804226658,0.5866071804226658,0.5866071804226658,0.5866071804226658
german,Credit_amount,1000.0,0.292,0.9322,250.0,18424.0,3281.1441,2295.5,2844.4022,1.9457,4.3294,1100.0,2766.0,0.0467,0.6029,0.0259,0.4562,0.0385,0.6134,6.4648,0.0,DecisionTree,0.65387929197704,0.6500310544817602,0.6558673737304247,0.6340221916343018,0.6509162754686894,0.6524718290510538,0.6480168274626078,0.6561557140520845,0.649829283476081
german,Credit_amount,1000.0,0.292,0.9322,250.0,18424.0,3281.1441,2295.5,2844.4022,1.9457,4.3294,1100.0,2766.0,0.0467,0.6029,0.0259,0.4562,0.0385,0.6134,6.4648,0.0,LogisticRegression,0.6509624297640235,0.6521332489750212,0.647703916701617,0.6490035974384927,0.6487100839133969,0.6491540435414055,0.647523845468164,0.6521332489750212,0.6505102551346891
german,Credit_amount,1000.0,0.292,0.9322,250.0,18424.0,3281.1441,2295.5,2844.4022,1.9457,4.3294,1100.0,2766.0,0.0467,0.6029,0.0259,0.4562,0.0385,0.6134,6.4648,0.0,KNN,0.6492853567119359,0.6461753507605374,0.6403494629557207,0.6502674668619606,0.6514305791671462,0.647475571521692,0.6419176026364278,0.6455581643799859,0.641155454394193
german,Credit_amount,1000.0,0.292,0.9322,250.0,18424.0,3281.1441,2295.5,2844.4022,1.9457,4.3294,1100.0,2766.0,0.0467,0.6029,0.0259,0.4562,0.0385,0.6134,6.4648,0.0,RandomForest,0.6807213023884264,0.6861510077735927,0.6841683308193265,0.6797293555906866,0.6800244551819237,0.6821180406689892,0.6794946080473673,0.6714670070955906,0.6732908750094051
german,Credit_amount,1000.0,0.292,0.9322,250.0,18424.0,3281.1441,2295.5,2844.4022,1.9457,4.3294,1100.0,2766.0,0.0467,0.6029,0.0259,0.4562,0.0385,0.6134,6.4648,0.0,AdaBoost,0.6695525232526908,0.6696293351672609,0.6592871720101933,0.6556387636276023,0.6601551823410724,0.6668480624462758,0.6638745932993919,0.6628455974173433,0.6645593614881253
german,Credit_amount,1000.0,0.292,0.9322,250.0,18424.0,3281.1441,2295.5,2844.4022,1.9457,4.3294,1100.0,2766.0,0.0467,0.6029,0.0259,0.4562,0.0385,0.6134,6.4648,0.0,SVC,0.5866071804226658,0.5866071804226658,0.5866071804226658,0.5866071804226658,0.5866071804226658,0.5866071804226658,0.5866071804226658,0.5866071804226658,0.5866071804226658
german,Credit_amount,1000.0,0.248,0.9362,250.0,18424.0,3202.4322,2264.0,2743.4479,1.9699,4.4574,1057.5,2586.5,0.0036,0.6108,0.0057,0.4539,0.0107,0.6085,6.5322,0.0,DecisionTree,0.6575242656377298,0.6577427620643224,0.6562209654516489,0.6427623413900033,0.6633893619503411,0.6493295461545657,0.6634579331011506,0.6550458086650444,0.6552064789380477
german,Credit_amount,1000.0,0.248,0.9362,250.0,18424.0,3202.4322,2264.0,2743.4479,1.9699,4.4574,1057.5,2586.5,0.0036,0.6108,0.0057,0.4539,0.0107,0.6085,6.5322,0.0,LogisticRegression,0.6524666855761141,0.6493519467008027,0.6491083537792985,0.6479413642432414,0.6478992813338669,0.6482488893910736,0.6434255243278977,0.6493519467008027,0.6453805365451956
german,Credit_amount,1000.0,0.248,0.9362,250.0,18424.0,3202.4322,2264.0,2743.4479,1.9699,4.4574,1057.5,2586.5,0.0036,0.6108,0.0057,0.4539,0.0107,0.6085,6.5322,0.0,KNN,0.6627472331230266,0.653100638465186,0.6431474019076947,0.6493674408650103,0.655730444789963,0.6495621868496431,0.6575268952035243,0.6490017744858813,0.6520005907625858
german,Credit_amount,1000.0,0.248,0.9362,250.0,18424.0,3202.4322,2264.0,2743.4479,1.9699,4.4574,1057.5,2586.5,0.0036,0.6108,0.0057,0.4539,0.0107,0.6085,6.5322,0.0,RandomForest,0.6802672716637804,0.6720430394090942,0.6774424267758049,0.6898172139231358,0.6770108550865891,0.6802220737850181,0.6729610615701277,0.6742395921475349,0.6893088437842443
german,Credit_amount,1000.0,0.248,0.9362,250.0,18424.0,3202.4322,2264.0,2743.4479,1.9699,4.4574,1057.5,2586.5,0.0036,0.6108,0.0057,0.4539,0.0107,0.6085,6.5322,0.0,AdaBoost,0.6506792508499031,0.6429830998366343,0.6451561761056079,0.6522128992341746,0.6504797311168505,0.6549546138476646,0.6559217817026176,0.6507948094777013,0.6564563711945619
german,Credit_amount,1000.0,0.248,0.9362,250.0,18424.0,3202.4322,2264.0,2743.4479,1.9699,4.4574,1057.5,2586.5,0.0036,0.6108,0.0057,0.4539,0.0107,0.6085,6.5322,0.0,SVC,0.5866071804226658,0.5866071804226658,0.5866071804226658,0.5866071804226658,0.5866071804226658,0.5866071804226658,0.5866071804226658,0.5866071804226658,0.5866071804226658
german,Credit_amount,1000.0,0.184,0.9314,250.0,18424.0,3300.6593,2281.5,2886.0372,1.9339,4.1125,1074.0,2676.5,0.0438,0.6257,0.0237,0.4717,0.0359,0.6314,6.6074,0.0,DecisionTree,0.6622553081471323,0.6641290794415016,0.6641202421300512,0.6589029036520724,0.6584255544495836,0.6675313112270213,0.6543336174715634,0.662849431379114,0.6649589966282692
german,Credit_amount,1000.0,0.184,0.9314,250.0,18424.0,3300.6593,2281.5,2886.0372,1.9339,4.1125,1074.0,2676.5,0.0438,0.6257,0.0237,0.4717,0.0359,0.6314,6.6074,0.0,LogisticRegression,0.6473412334784459,0.6427169585067388,0.6463221843145579,0.6475803498514462,0.6462259145575016,0.6490802522552508,0.6460682200247418,0.6427169585067388,0.6475803498514462
german,Credit_amount,1000.0,0.184,0.9314,250.0,18424.0,3300.6593,2281.5,2886.0372,1.9339,4.1125,1074.0,2676.5,0.0438,0.6257,0.0237,0.4717,0.0359,0.6314,6.6074,0.0,KNN,0.6671289942432147,0.6599727340117423,0.6650890151188513,0.6736618508743025,0.6593315193622,0.6659879419822239,0.673161473323861,0.6599727340117423,0.6638030326009677
german,Credit_amount,1000.0,0.184,0.9314,250.0,18424.0,3300.6593,2281.5,2886.0372,1.9339,4.1125,1074.0,2676.5,0.0438,0.6257,0.0237,0.4717,0.0359,0.6314,6.6074,0.0,RandomForest,0.6877939690966777,0.6766641263440123,0.678252498943557,0.6910749464100927,0.6907466576847181,0.6813165065184301,0.676279320576304,0.6920815654651639,0.6992756951786221
german,Credit_amount,1000.0,0.184,0.9314,250.0,18424.0,3300.6593,2281.5,2886.0372,1.9339,4.1125,1074.0,2676.5,0.0438,0.6257,0.0237,0.4717,0.0359,0.6314,6.6074,0.0,AdaBoost,0.6490091345750542,0.6610833533985856,0.6607329021143579,0.6512829541686211,0.6679923053019112,0.659924153762837,0.65641937887591,0.6582837973916112,0.6541089814746208
german,Credit_amount,1000.0,0.184,0.9314,250.0,18424.0,3300.6593,2281.5,2886.0372,1.9339,4.1125,1074.0,2676.5,0.0438,0.6257,0.0237,0.4717,0.0359,0.6314,6.6074,0.0,SVC,0.5866071804226658,0.5866071804226658,0.5866071804226658,0.5866071804226658,0.5866071804226658,0.5866071804226658,0.5866071804226658,0.5866071804226658,0.5866071804226658
german,Credit_amount,1000.0,0.161,0.9249,250.0,18424.0,3321.3111,2359.0,2851.1337,1.9233,4.1385,1135.0,2657.0,0.0266,0.6041,0.0106,0.4523,0.0159,0.6084,6.6269,0.0,DecisionTree,0.6660846493392885,0.6597827731907078,0.6552991726523472,0.6610396647056755,0.6677745155655626,0.6627807174229641,0.6666602313471486,0.654112500708871,0.6550269701205934
german,Credit_amount,1000.0,0.161,0.9249,250.0,18424.0,3321.3111,2359.0,2851.1337,1.9233,4.1385,1135.0,2657.0,0.0266,0.6041,0.0106,0.4523,0.0159,0.6084,6.6269,0.0,LogisticRegression,0.6444207922232037,0.644795850406769,0.6450502842390827,0.6450502842390827,0.6459247934792255,0.6444207922232037,0.6465097699694247,0.6441847875158897,0.6444207922232037
german,Credit_amount,1000.0,0.161,0.9249,250.0,18424.0,3321.3111,2359.0,2851.1337,1.9233,4.1385,1135.0,2657.0,0.0266,0.6041,0.0106,0.4523,0.0159,0.6084,6.6269,0.0,KNN,0.6528812057824521,0.6520779580106222,0.6466221634098324,0.6476565517053587,0.6537371260185264,0.6508431975343836,0.6488680794989119,0.6520779580106222,0.6539454797144088
german,Credit_amount,1000.0,0.161,0.9249,250.0,18424.0,3321.3111,2359.0,2851.1337,1.9233,4.1385,1135.0,2657.0,0.0266,0.6041,0.0106,0.4523,0.0159,0.6084,6.6269,0.0,RandomForest,0.6979880866215036,0.6882412005379587,0.6869268753994293,0.6992933001143873,0.6927427604679399,0.6978075524079189,0.7008838992186428,0.6918416914764103,0.7026167769467446
german,Credit_amount,1000.0,0.161,0.9249,250.0,18424.0,3321.3111,2359.0,2851.1337,1.9233,4.1385,1135.0,2657.0,0.0266,0.6041,0.0106,0.4523,0.0159,0.6084,6.6269,0.0,AdaBoost,0.6543260831247399,0.6561568601421564,0.6549312022300822,0.6568514183241427,0.6497285501338564,0.6637454011912299,0.6597479950813395,0.6598830305311618,0.6551441714325205
german,Credit_amount,1000.0,0.161,0.9249,250.0,18424.0,3321.3111,2359.0,2851.1337,1.9233,4.1385,1135.0,2657.0,0.0266,0.6041,0.0106,0.4523,0.0159,0.6084,6.6269,0.0,SVC,0.5866071804226658,0.5866071804226658,0.5866071804226658,0.5866071804226658,0.5866071804226658,0.5866071804226658,0.5866071804226658,0.5866071804226658,0.5866071804226658
german,Credit_amount,1000.0,0.092,0.9273,250.0,18424.0,3269.0529,2295.5,2824.3896,1.9096,4.0372,1095.0,2621.5,0.0307,0.6148,0.0088,0.4639,0.0134,0.6245,6.7093,0.0,DecisionTree,0.6574174211086495,0.6614919853845094,0.6675643145183636,0.6618737008030542,0.660527728348387,0.6537921049942739,0.6687526202816223,0.6649080260741952,0.6540349543073631
german,Credit_amount,1000.0,0.092,0.9273,250.0,18424.0,3269.0529,2295.5,2824.3896,1.9096,4.0372,1095.0,2621.5,0.0307,0.6148,0.0088,0.4639,0.0134,0.6245,6.7093,0.0,LogisticRegression,0.6480910408369787,0.6444653077488836,0.6476938725917039,0.6448233742106143,0.6454083507008135,0.6406120994065769,0.6523670396458858,0.6444653077488836,0.6398237186685802
german,Credit_amount,1000.0,0.092,0.9273,250.0,18424.0,3269.0529,2295.5,2824.3896,1.9096,4.0372,1095.0,2621.5,0.0307,0.6148,0.0088,0.4639,0.0134,0.6245,6.7093,0.0,KNN,0.6395867180363488,0.6479862423723701,0.6508551603881614,0.6450810033990857,0.6444365127371318,0.6420301852126489,0.638910294005932,0.6479862423723701,0.6470833888464511
german,Credit_amount,1000.0,0.092,0.9273,250.0,18424.0,3269.0529,2295.5,2824.3896,1.9096,4.0372,1095.0,2621.5,0.0307,0.6148,0.0088,0.4639,0.0134,0.6245,6.7093,0.0,RandomForest,0.6909383471284914,0.695483369104849,0.6870933521865485,0.6841455155143107,0.6893261092992957,0.6841458524353289,0.6931959049794442,0.7008257726133487,0.6879793287158235
german,Credit_amount,1000.0,0.092,0.9273,250.0,18424.0,3269.0529,2295.5,2824.3896,1.9096,4.0372,1095.0,2621.5,0.0307,0.6148,0.0088,0.4639,0.0134,0.6245,6.7093,0.0,AdaBoost,0.6504937635014962,0.6535102658379015,0.6612787531582088,0.6497768093916458,0.6527136794511916,0.6592687410853846,0.6600460530951107,0.6497671745893299,0.6585862963072497
german,Credit_amount,1000.0,0.092,0.9273,250.0,18424.0,3269.0529,2295.5,2824.3896,1.9096,4.0372,1095.0,2621.5,0.0307,0.6148,0.0088,0.4639,0.0134,0.6245,6.7093,0.0,SVC,0.5866071804226658,0.5866071804226658,0.5866071804226658,0.5866071804226658,0.5866071804226658,0.5866071804226658,0.5866071804226658,0.5866071804226658,0.5866071804226658
german,Credit_amount,1000.0,0.059,0.9309,250.0,18424.0,3296.9692,2327.0,2826.0491,1.9246,4.1572,1103.0,2605.0,0.0188,0.6341,0.0084,0.4667,0.013,0.6267,6.7495,0.0,DecisionTree,0.665296607512822,0.6603507607889436,0.6597242435493305,0.6646616612374833,0.6607797047089117,0.6609619668948793,0.6645262048385916,0.6550884790031399,0.6652535868183004
german,Credit_amount,1000.0,0.059,0.9309,250.0,18424.0,3296.9692,2327.0,2826.0491,1.9246,4.1572,1103.0,2605.0,0.0188,0.6341,0.0084,0.4667,0.013,0.6267,6.7495,0.0,LogisticRegression,0.6433871887539548,0.6393728431896397,0.6336255530522181,0.6342105295424172,0.6336434866689229,0.634200083094158,0.6369784801906095,0.6393728431896397,0.6342105295424172
german,Credit_amount,1000.0,0.059,0.9309,250.0,18424.0,3296.9692,2327.0,2826.0491,1.9246,4.1572,1103.0,2605.0,0.0188,0.6341,0.0084,0.4667,0.013,0.6267,6.7495,0.0,KNN,0.6475996586234313,0.6542206838735503,0.6540846952806368,0.6463627392008436,0.6479922932420707,0.6476398681002274,0.6458550289358328,0.6542206838735503,0.6431920855956508
german,Credit_amount,1000.0,0.059,0.9309,250.0,18424.0,3296.9692,2327.0,2826.0491,1.9246,4.1572,1103.0,2605.0,0.0188,0.6341,0.0084,0.4667,0.013,0.6267,6.7495,0.0,RandomForest,0.6951632407861149,0.6966097815956827,0.6814425115938786,0.689779867008196,0.6913344312423263,0.6793743821026852,0.6892997130906986,0.6830986398841824,0.6933784855609224
german,Credit_amount,1000.0,0.059,0.9309,250.0,18424.0,3296.9692,2327.0,2826.0491,1.9246,4.1572,1103.0,2605.0,0.0188,0.6341,0.0084,0.4667,0.013,0.6267,6.7495,0.0,AdaBoost,0.6571756602195418,0.6647061302840027,0.6600022567971529,0.6550049228714245,0.6578455415551276,0.6540520968244314,0.6572983842798453,0.6525773210436013,0.6530389325938033
german,Credit_amount,1000.0,0.059,0.9309,250.0,18424.0,3296.9692,2327.0,2826.0491,1.9246,4.1572,1103.0,2605.0,0.0188,0.6341,0.0084,0.4667,0.013,0.6267,6.7495,0.0,SVC,0.5866071804226658,0.5866071804226658,0.5866071804226658,0.5866071804226658,0.5866071804226658,0.5866071804226658,0.5866071804226658,0.5866071804226658,0.5866071804226658
german,Duration,1000.0,0.518,0.0622,4.0,60.0,21.222,18.0,12.4982,1.0523,0.6449,6.0,12.0,0.0639,0.6359,0.0571,0.4687,0.0837,0.6301,2.6186,0.1078,DecisionTree,0.64309561966304,0.6379394848886942,0.6114364447498393,0.6424335927700565,0.6285410108199243,0.6380988777423409,0.6484767865461866,0.6305397220316343,0.6314076316880712
german,Duration,1000.0,0.518,0.0622,4.0,60.0,21.222,18.0,12.4982,1.0523,0.6449,6.0,12.0,0.0639,0.6359,0.0571,0.4687,0.0837,0.6301,2.6186,0.1078,LogisticRegression,0.6503771348466052,0.6302968039588281,0.6364740134672383,0.6389595576232725,0.6304628127661609,0.6420912981694192,0.6365447203446107,0.6343147739954357,0.6285657978211996
german,Duration,1000.0,0.518,0.0622,4.0,60.0,21.222,18.0,12.4982,1.0523,0.6449,6.0,12.0,0.0639,0.6359,0.0571,0.4687,0.0837,0.6301,2.6186,0.1078,KNN,0.660953460970756,0.6486123043061968,0.6441344496969957,0.6668745553393355,0.6599250670256044,0.6559017260214237,0.6540766854259786,0.6523129853440305,0.6552205054947496
german,Duration,1000.0,0.518,0.0622,4.0,60.0,21.222,18.0,12.4982,1.0523,0.6449,6.0,12.0,0.0639,0.6359,0.0571,0.4687,0.0837,0.6301,2.6186,0.1078,RandomForest,0.6658024938382776,0.6562817504019203,0.6561023567234381,0.6643896318221727,0.6609905780033045,0.6601022176202628,0.6504737811939455,0.679186105612354,0.6523617587693475
german,Duration,1000.0,0.518,0.0622,4.0,60.0,21.222,18.0,12.4982,1.0523,0.6449,6.0,12.0,0.0639,0.6359,0.0571,0.4687,0.0837,0.6301,2.6186,0.1078,AdaBoost,0.6510342124548308,0.6462871176626351,0.6647362975923709,0.6528554364415918,0.6509101042590001,0.6656963210024636,0.6446579272945268,0.6457890447428934,0.6606907830714857
german,Duration,1000.0,0.518,0.0622,4.0,60.0,21.222,18.0,12.4982,1.0523,0.6449,6.0,12.0,0.0639,0.6359,0.0571,0.4687,0.0837,0.6301,2.6186,0.1078,SVC,0.5866071804226658,0.5866071804226658,0.5866071804226658,0.5866071804226658,0.5866071804226658,0.5866071804226658,0.5866071804226658,0.5866071804226658,0.5866071804226658
german,Duration,1000.0,0.457,0.0534,4.0,60.0,20.6298,18.0,11.9158,1.1354,1.025,6.0,12.0,0.0129,0.6387,0.0022,0.4536,0.0037,0.6059,2.5671,0.1166,DecisionTree,0.6533515841049566,0.6377980102388758,0.6501530199854235,0.6706514844189632,0.6650549886407322,0.6632027993838885,0.6568342872657909,0.644992009493752,0.6550082016407324
german,Duration,1000.0,0.457,0.0534,4.0,60.0,20.6298,18.0,11.9158,1.1354,1.025,6.0,12.0,0.0129,0.6387,0.0022,0.4536,0.0037,0.6059,2.5671,0.1166,LogisticRegression,0.6389039007699729,0.6387678827743362,0.6462454306230212,0.6444121221612211,0.6415735345617579,0.6480060463657744,0.6326180069919274,0.6420157526959674,0.640499117188039
german,Duration,1000.0,0.457,0.0534,4.0,60.0,20.6298,18.0,11.9158,1.1354,1.025,6.0,12.0,0.0129,0.6387,0.0022,0.4536,0.0037,0.6059,2.5671,0.1166,KNN,0.6614225211536203,0.6642287993201701,0.6358012542787446,0.6632418797859572,0.6611992633656697,0.665035177995569,0.6631138630956067,0.6435135260912445,0.6553142083448463
german,Duration,1000.0,0.457,0.0534,4.0,60.0,20.6298,18.0,11.9158,1.1354,1.025,6.0,12.0,0.0129,0.6387,0.0022,0.4536,0.0037,0.6059,2.5671,0.1166,RandomForest,0.6800918956200056,0.6905799742198501,0.6796346568001089,0.6924839367934258,0.6844999064106986,0.6919643466286435,0.6823254655817477,0.6711577005844638,0.6893281655492353
german,Duration,1000.0,0.457,0.0534,4.0,60.0,20.6298,18.0,11.9158,1.1354,1.025,6.0,12.0,0.0129,0.6387,0.0022,0.4536,0.0037,0.6059,2.5671,0.1166,AdaBoost,0.6506566678884734,0.6531822347046398,0.6592443885083976,0.6519412246785576,0.6382165050689855,0.6466561233328887,0.6424395050266264,0.653540812154078,0.6352249259302076
german,Duration,1000.0,0.457,0.0534,4.0,60.0,20.6298,18.0,11.9158,1.1354,1.025,6.0,12.0,0.0129,0.6387,0.0022,0.4536,0.0037,0.6059,2.5671,0.1166,SVC,0.5866071804226658,0.5866071804226658,0.5866071804226658,0.5866071804226658,0.5866071804226658,0.5866071804226658,0.5866071804226658,0.5866071804226658,0.5866071804226658
german,Duration,1000.0,0.403,0.0503,4.0,72.0,20.9313,18.0,12.0169,1.2127,1.4217,6.0,12.0,0.0503,0.6172,0.0486,0.4616,0.0675,0.6169,2.5358,0.109,DecisionTree,0.6365622786345722,0.6466356013396684,0.6611316063433721,0.6478119722164843,0.6272277294018911,0.637015789689505,0.631740808713797,0.6374522048880953,0.6404110439722756
german,Duration,1000.0,0.403,0.0503,4.0,72.0,20.9313,18.0,12.0169,1.2127,1.4217,6.0,12.0,0.0503,0.6172,0.0486,0.4616,0.0675,0.6169,2.5358,0.109,LogisticRegression,0.6425599997428023,0.6460121639439896,0.6460729388612555,0.6466034940938467,0.655614318914084,0.6548169440752808,0.6520726237543361,0.6400355139564917,0.6449481298499093
german,Duration,1000.0,0.403,0.0503,4.0,72.0,20.9313,18.0,12.0169,1.2127,1.4217,6.0,12.0,0.0503,0.6172,0.0486,0.4616,0.0675,0.6169,2.5358,0.109,KNN,0.6543913978004333,0.6506660832209116,0.660085707525343,0.6615698997065903,0.6678083806098827,0.6471188228464914,0.6604271969601365,0.6566055460696312,0.6492578026875976
german,Duration,1000.0,0.403,0.0503,4.0,72.0,20.9313,18.0,12.0169,1.2127,1.4217,6.0,12.0,0.0503,0.6172,0.0486,0.4616,0.0675,0.6169,2.5358,0.109,RandomForest,0.670005309107584,0.6706566297227192,0.6820023056319896,0.6677769232614286,0.6610082283735927,0.6687258911656961,0.6745968459632955,0.6684488391330503,0.6636849726957841
german,Duration,1000.0,0.403,0.0503,4.0,72.0,20.9313,18.0,12.0169,1.2127,1.4217,6.0,12.0,0.0503,0.6172,0.0486,0.4616,0.0675,0.6169,2.5358,0.109,AdaBoost,0.6404850017807024,0.6657568510285407,0.6551113191425476,0.6487290052019992,0.6443057638196392,0.661250924186038,0.6520901189165185,0.653721502148023,0.6672995017108795
german,Duration,1000.0,0.403,0.0503,4.0,72.0,20.9313,18.0,12.0169,1.2127,1.4217,6.0,12.0,0.0503,0.6172,0.0486,0.4616,0.0675,0.6169,2.5358,0.109,SVC,0.5866071804226658,0.5866071804226658,0.5866071804226658,0.5866071804226658,0.5866071804226658,0.5866071804226658,0.5866071804226658,0.5866071804226658,0.5866071804226658
german,Duration,1000.0,0.345,0.0473,4.0,72.0,20.7481,18.0,12.3761,1.122,0.9015,6.0,12.0,0.0408,0.6614,0.0341,0.4878,0.0491,0.6497,2.605,0.1024,DecisionTree,0.6339708899800176,0.6512847768890997,0.6426604490890241,0.6535808574127631,0.6576387839484119,0.6459694270252527,0.6451238524788842,0.6349642267128658,0.6380510665024357
german,Duration,1000.0,0.345,0.0473,4.0,72.0,20.7481,18.0,12.3761,1.122,0.9015,6.0,12.0,0.0408,0.6614,0.0341,0.4878,0.0491,0.6497,2.605,0.1024,LogisticRegression,0.6362138906183249,0.6353270419702266,0.6337802048631758,0.644270436691242,0.6389938769698668,0.6402575129435342,0.6335004799795723,0.6320014543955096,0.6362163159053268
german,Duration,1000.0,0.345,0.0473,4.0,72.0,20.7481,18.0,12.3761,1.122,0.9015,6.0,12.0,0.0408,0.6614,0.0341,0.4878,0.0491,0.6497,2.605,0.1024,KNN,0.6513640110628421,0.6286595186937853,0.6294617588424071,0.6438865490295466,0.6406565646970496,0.6447957509223626,0.6449735768857245,0.6457228381987704,0.6401995824158183
german,Duration,1000.0,0.345,0.0473,4.0,72.0,20.7481,18.0,12.3761,1.122,0.9015,6.0,12.0,0.0408,0.6614,0.0341,0.4878,0.0491,0.6497,2.605,0.1024,RandomForest,0.6932376040752319,0.6725468173857428,0.6736820603780246,0.6783859552192216,0.684218130671689,0.6821592888076119,0.6861414208285215,0.680192696114894,0.6817657254275484
german,Duration,1000.0,0.345,0.0473,4.0,72.0,20.7481,18.0,12.3761,1.122,0.9015,6.0,12.0,0.0408,0.6614,0.0341,0.4878,0.0491,0.6497,2.605,0.1024,AdaBoost,0.6378808397433784,0.6496631145719918,0.6580757353705011,0.6656053893084022,0.6615638803397698,0.6633497748149259,0.6484303142227276,0.6243640285861427,0.6474833560893614
german,Duration,1000.0,0.345,0.0473,4.0,72.0,20.7481,18.0,12.3761,1.122,0.9015,6.0,12.0,0.0408,0.6614,0.0341,0.4878,0.0491,0.6497,2.605,0.1024,SVC,0.5866071804226658,0.5866071804226658,0.5866071804226658,0.5866071804226658,0.5866071804226658,0.5866071804226658,0.5866071804226658,0.5866071804226658,0.5866071804226658
german,Duration,1000.0,0.283,0.0432,4.0,60.0,21.1213,18.0,11.9251,0.9915,0.5683,6.0,12.0,0.0055,0.6352,0.007,0.4888,0.0099,0.6525,2.5948,0.1029,DecisionTree,0.6507781701062771,0.6388624313071737,0.6493217984131076,0.6624147632381422,0.6489921147229425,0.6443428331116404,0.6388188561345544,0.6312571053137115,0.6497217455373312
german,Duration,1000.0,0.283,0.0432,4.0,60.0,21.1213,18.0,11.9251,0.9915,0.5683,6.0,12.0,0.0055,0.6352,0.007,0.4888,0.0099,0.6525,2.5948,0.1029,LogisticRegression,0.6369298412729392,0.62748798987426,0.6280124323657258,0.6308721504380969,0.6274527790973411,0.6326518473492098,0.6329966797679136,0.641426920581952,0.6272289883821313
german,Duration,1000.0,0.283,0.0432,4.0,60.0,21.1213,18.0,11.9251,0.9915,0.5683,6.0,12.0,0.0055,0.6352,0.007,0.4888,0.0099,0.6525,2.5948,0.1029,KNN,0.6565103192191455,0.6520314062421467,0.6676554540370028,0.6574741763506966,0.6567015711596118,0.6560825793853368,0.6618910211320996,0.6595968785907154,0.6494130728925074
german,Duration,1000.0,0.283,0.0432,4.0,60.0,21.1213,18.0,11.9251,0.9915,0.5683,6.0,12.0,0.0055,0.6352,0.007,0.4888,0.0099,0.6525,2.5948,0.1029,RandomForest,0.6920977883322165,0.6863593753253638,0.6909087067653228,0.6878468395650226,0.6922029657816058,0.6874387966463037,0.6988830838386734,0.6943858694495885,0.6896820107662864
german,Duration,1000.0,0.283,0.0432,4.0,60.0,21.1213,18.0,11.9251,0.9915,0.5683,6.0,12.0,0.0055,0.6352,0.007,0.4888,0.0099,0.6525,2.5948,0.1029,AdaBoost,0.6429422050558504,0.6509071671116997,0.6457329930238619,0.6449408162619686,0.6443095569547453,0.6488271617468692,0.6379230761232746,0.6496527792836377,0.6494559480857695
german,Duration,1000.0,0.283,0.0432,4.0,60.0,21.1213,18.0,11.9251,0.9915,0.5683,6.0,12.0,0.0055,0.6352,0.007,0.4888,0.0099,0.6525,2.5948,0.1029,SVC,0.5866071804226658,0.5866071804226658,0.5866071804226658,0.5866071804226658,0.5866071804226658,0.5866071804226658,0.5866071804226658,0.5866071804226658,0.5866071804226658
german,Duration,1000.0,0.25,0.0413,4.0,72.0,21.0293,18.0,12.0146,1.0561,0.8831,6.0,12.0,0.0289,0.6224,0.0157,0.472,0.0236,0.6318,2.5985,0.1031,DecisionTree,0.6466618787409133,0.6448662665568103,0.6549646034815858,0.645797391208614,0.6536683217673636,0.6429575112146206,0.6453023392923668,0.6511057282571115,0.6330520112429469
german,Duration,1000.0,0.25,0.0413,4.0,72.0,21.0293,18.0,12.0146,1.0561,0.8831,6.0,12.0,0.0289,0.6224,0.0157,0.472,0.0236,0.6318,2.5985,0.1031,LogisticRegression,0.6367866579943688,0.6385752412354617,0.6363633068314555,0.6413355677658235,0.6345353105108181,0.6419291699799823,0.637848454539387,0.6419662227080057,0.6358423981153537
german,Duration,1000.0,0.25,0.0413,4.0,72.0,21.0293,18.0,12.0146,1.0561,0.8831,6.0,12.0,0.0289,0.6224,0.0157,0.472,0.0236,0.6318,2.5985,0.1031,KNN,0.65290936547421,0.6494306844915929,0.6497286351158855,0.644905017404516,0.6399953703913415,0.6456677779838002,0.6452530439077884,0.650405779893034,0.6480347032161862
german,Duration,1000.0,0.25,0.0413,4.0,72.0,21.0293,18.0,12.0146,1.0561,0.8831,6.0,12.0,0.0289,0.6224,0.0157,0.472,0.0236,0.6318,2.5985,0.1031,RandomForest,0.6815382748760934,0.6986795109594386,0.6860540440719477,0.6863555126940719,0.6760632442694564,0.6810173188277394,0.6866994545876061,0.6849637644710647,0.6816270467122126
german,Duration,1000.0,0.25,0.0413,4.0,72.0,21.0293,18.0,12.0146,1.0561,0.8831,6.0,12.0,0.0289,0.6224,0.0157,0.472,0.0236,0.6318,2.5985,0.1031,AdaBoost,0.637425520170487,0.6509398132188595,0.6427323231955401,0.6428096868981602,0.6468916993917457,0.6447191841325911,0.6563741886498612,0.6442923555837423,0.6485016721289785
german,Duration,1000.0,0.25,0.0413,4.0,72.0,21.0293,18.0,12.0146,1.0561,0.8831,6.0,12.0,0.0289,0.6224,0.0157,0.472,0.0236,0.6318,2.5985,0.1031,SVC,0.5866071804226658,0.5866071804226658,0.5866071804226658,0.5866071804226658,0.5866071804226658,0.5866071804226658,0.5866071804226658,0.5866071804226658,0.5866071804226658
german,Duration,1000.0,0.194,0.0397,4.0,72.0,20.902,18.0,12.237,1.1162,0.9762,6.0,12.0,0.0361,0.6209,0.0302,0.4564,0.0437,0.6134,2.6012,0.0968,DecisionTree,0.633221393010338,0.6570668561905513,0.6475377365976039,0.6472635819064299,0.6561985983197024,0.6514893700487365,0.6406369392128808,0.6646953463982644,0.6617137066084959
german,Duration,1000.0,0.194,0.0397,4.0,72.0,20.902,18.0,12.237,1.1162,0.9762,6.0,12.0,0.0361,0.6209,0.0302,0.4564,0.0437,0.6134,2.6012,0.0968,LogisticRegression,0.6378472706076826,0.6278319048866472,0.6359565511454346,0.6308678252542381,0.6300683772191583,0.6242141796969258,0.6329784712377017,0.6415278400874386,0.627726367252564
german,Duration,1000.0,0.194,0.0397,4.0,72.0,20.902,18.0,12.237,1.1162,0.9762,6.0,12.0,0.0361,0.6209,0.0302,0.4564,0.0437,0.6134,2.6012,0.0968,KNN,0.6597443738857796,0.6592052311396785,0.6451372573080016,0.6541018217157191,0.6497360116308255,0.6536029331801976,0.6449328085933309,0.6531696735749465,0.6473575349533129
german,Duration,1000.0,0.194,0.0397,4.0,72.0,20.902,18.0,12.237,1.1162,0.9762,6.0,12.0,0.0361,0.6209,0.0302,0.4564,0.0437,0.6134,2.6012,0.0968,RandomForest,0.6813864952237887,0.6876117199560035,0.6878380262102191,0.6970615657649845,0.6898931300214829,0.6920139951520434,0.6815000648360067,0.6893414388397378,0.7006785907886505
german,Duration,1000.0,0.194,0.0397,4.0,72.0,20.902,18.0,12.237,1.1162,0.9762,6.0,12.0,0.0361,0.6209,0.0302,0.4564,0.0437,0.6134,2.6012,0.0968,AdaBoost,0.636552283743381,0.6569038734857681,0.6570010595728066,0.6533723768374128,0.6440574401358603,0.6593884012125416,0.6518831233296656,0.655504924184517,0.6570134313618781
german,Duration,1000.0,0.194,0.0397,4.0,72.0,20.902,18.0,12.237,1.1162,0.9762,6.0,12.0,0.0361,0.6209,0.0302,0.4564,0.0437,0.6134,2.6012,0.0968,SVC,0.5866071804226658,0.5866071804226658,0.5866071804226658,0.5866071804226658,0.5866071804226658,0.5866071804226658,0.5866071804226658,0.5866071804226658,0.5866071804226658
german,Duration,1000.0,0.162,0.0346,4.0,60.0,20.7017,18.0,11.8338,1.0536,0.7204,6.0,12.0,0.0392,0.6125,0.0308,0.4545,0.0438,0.6115,2.5892,0.1186,DecisionTree,0.6402016250358127,0.6346639763228807,0.6290754781270352,0.63738660633798,0.6431200550125474,0.625565723224947,0.6362074243242933,0.6395361082384825,0.6355446967739775
german,Duration,1000.0,0.162,0.0346,4.0,60.0,20.7017,18.0,11.8338,1.0536,0.7204,6.0,12.0,0.0392,0.6125,0.0308,0.4545,0.0438,0.6115,2.5892,0.1186,LogisticRegression,0.6299955568570759,0.6306125951032101,0.6271188717512033,0.6306923844354999,0.6278006236418994,0.6323757948959676,0.629191313735551,0.6336396064239983,0.6357845630872117
german,Duration,1000.0,0.162,0.0346,4.0,60.0,20.7017,18.0,11.8338,1.0536,0.7204,6.0,12.0,0.0392,0.6125,0.0308,0.4545,0.0438,0.6115,2.5892,0.1186,KNN,0.6576102497936258,0.6657893202771344,0.6516810917732513,0.6459881048310918,0.657941864088484,0.6542642962229235,0.645122168273192,0.6490212194044788,0.660261578663164
german,Duration,1000.0,0.162,0.0346,4.0,60.0,20.7017,18.0,11.8338,1.0536,0.7204,6.0,12.0,0.0392,0.6125,0.0308,0.4545,0.0438,0.6115,2.5892,0.1186,RandomForest,0.6827359824932799,0.6783979718866767,0.6776457477294762,0.6805600199410926,0.679078550079724,0.666330020465377,0.6699449528007864,0.676592172452802,0.6667758781001724
german,Duration,1000.0,0.162,0.0346,4.0,60.0,20.7017,18.0,11.8338,1.0536,0.7204,6.0,12.0,0.0392,0.6125,0.0308,0.4545,0.0438,0.6115,2.5892,0.1186,AdaBoost,0.6445375944149431,0.6437617433458888,0.6553495706736558,0.6454742370331101,0.6462292345143714,0.6453281262377163,0.6471309811609096,0.6490350832599927,0.6383175599650129
german,Duration,1000.0,0.162,0.0346,4.0,60.0,20.7017,18.0,11.8338,1.0536,0.7204,6.0,12.0,0.0392,0.6125,0.0308,0.4545,0.0438,0.6115,2.5892,0.1186,SVC,0.5866071804226658,0.5866071804226658,0.5866071804226658,0.5866071804226658,0.5866071804226658,0.5866071804226658,0.5866071804226658,0.5866071804226658,0.5866071804226658
german,Duration,1000.0,0.096,0.0365,4.0,72.0,20.8131,18.0,11.9258,1.1343,1.0915,6.0,12.0,0.0271,0.6243,0.0189,0.4686,0.0268,0.6274,2.5882,0.0911,DecisionTree,0.6624208742891055,0.653329261483394,0.6583457516919548,0.6685799153274591,0.6620995076661436,0.6605545923318149,0.6523975103914922,0.6652180938639032,0.6399022226742621
german,Duration,1000.0,0.096,0.0365,4.0,72.0,20.8131,18.0,11.9258,1.1343,1.0915,6.0,12.0,0.0271,0.6243,0.0189,0.4686,0.0268,0.6274,2.5882,0.0911,LogisticRegression,0.645905311970768,0.6263299173745605,0.6420422710597661,0.6378082989196641,0.638311178241965,0.6352798610367084,0.6413340429462264,0.6397153291641461,0.636513542034681
german,Duration,1000.0,0.096,0.0365,4.0,72.0,20.8131,18.0,11.9258,1.1343,1.0915,6.0,12.0,0.0271,0.6243,0.0189,0.4686,0.0268,0.6274,2.5882,0.0911,KNN,0.6497459872218343,0.6572175520683687,0.6510625057281839,0.6439750510325333,0.6484333999114307,0.6419066358677882,0.6424789758136178,0.6614804731480802,0.6452254283623092
german,Duration,1000.0,0.096,0.0365,4.0,72.0,20.8131,18.0,11.9258,1.1343,1.0915,6.0,12.0,0.0271,0.6243,0.0189,0.4686,0.0268,0.6274,2.5882,0.0911,RandomForest,0.6874270051382039,0.685331624776526,0.7011276230456879,0.6935531356284711,0.6855790387438583,0.6905337852430927,0.697524342958851,0.6816483093596697,0.6924708038509182
german,Duration,1000.0,0.096,0.0365,4.0,72.0,20.8131,18.0,11.9258,1.1343,1.0915,6.0,12.0,0.0271,0.6243,0.0189,0.4686,0.0268,0.6274,2.5882,0.0911,AdaBoost,0.6627688522248145,0.6473441765173823,0.6558482661272936,0.6519531278117919,0.6569874873493905,0.6477418885359667,0.647950506545274,0.6523608637966875,0.6531776837730208
german,Duration,1000.0,0.096,0.0365,4.0,72.0,20.8131,18.0,11.9258,1.1343,1.0915,6.0,12.0,0.0271,0.6243,0.0189,0.4686,0.0268,0.6274,2.5882,0.0911,SVC,0.5866071804226658,0.5866071804226658,0.5866071804226658,0.5866071804226658,0.5866071804226658,0.5866071804226658,0.5866071804226658,0.5866071804226658,0.5866071804226658
german,Duration,1000.0,0.052,0.0348,4.0,72.0,20.8745,18.0,12.073,1.0944,0.9081,6.0,12.0,0.05,0.6229,0.0344,0.4638,0.0491,0.6215,2.6085,0.0914,DecisionTree,0.6563624134045024,0.6495944713781965,0.6573281907742508,0.656993920248054,0.6501187566078356,0.6710391863886151,0.6651652605102061,0.6614148601144805,0.6530040222121886
german,Duration,1000.0,0.052,0.0348,4.0,72.0,20.8745,18.0,12.073,1.0944,0.9081,6.0,12.0,0.05,0.6229,0.0344,0.4638,0.0491,0.6215,2.6085,0.0914,LogisticRegression,0.6372670677844349,0.646158159365769,0.6423237600037821,0.6411171180296633,0.6416834855192755,0.6436226348972721,0.6412001091250403,0.6428510266286156,0.6427719284653048
german,Duration,1000.0,0.052,0.0348,4.0,72.0,20.8745,18.0,12.073,1.0944,0.9081,6.0,12.0,0.05,0.6229,0.0344,0.4638,0.0491,0.6215,2.6085,0.0914,KNN,0.6488305557967782,0.6594249806763368,0.6537448921975506,0.6544168216127325,0.6531282850212525,0.6543578167447663,0.6511785440281584,0.6515188202298103,0.6519257793904517
german,Duration,1000.0,0.052,0.0348,4.0,72.0,20.8745,18.0,12.073,1.0944,0.9081,6.0,12.0,0.05,0.6229,0.0344,0.4638,0.0491,0.6215,2.6085,0.0914,RandomForest,0.6999122641380628,0.6960005469603143,0.7015964219905744,0.6905086704540853,0.6827442717476468,0.6895851213171111,0.6940876106051906,0.6948713734868136,0.6882312013922884
german,Duration,1000.0,0.052,0.0348,4.0,72.0,20.8745,18.0,12.073,1.0944,0.9081,6.0,12.0,0.05,0.6229,0.0344,0.4638,0.0491,0.6215,2.6085,0.0914,AdaBoost,0.6540759729421974,0.6489540353200222,0.6554103127888639,0.6518797301650177,0.6529020398376426,0.6598899165764891,0.6537570907092515,0.6480604673327709,0.6421101796345448
german,Duration,1000.0,0.052,0.0348,4.0,72.0,20.8745,18.0,12.073,1.0944,0.9081,6.0,12.0,0.05,0.6229,0.0344,0.4638,0.0491,0.6215,2.6085,0.0914,SVC,0.5866071804226658,0.5866071804226658,0.5866071804226658,0.5866071804226658,0.5866071804226658,0.5866071804226658,0.5866071804226658,0.5866071804226658,0.5866071804226658
