name,column_name,n_tuples,missing_perc,uniqueness,min,max,mean,median,std,skewness,kurtosis,mad,iqr,p_min,p_max,k_min,k_max,s_min,s_max,entropy,density,ml_algorithm,impute_standard,impute_mean,impute_median,impute_random,impute_knn,impute_mice,impute_linear_regression,impute_random_forest,impute_cmeans
drug,Age,200.0,0.465,0.4673,15.0,74.0,46.7664,47.0,16.4854,-0.0861,-1.1142,14.0,27.5,0.0165,0.0165,0.0158,0.0158,0.0157,0.0157,3.7753,0.0217,DecisionTree,0.9495146220881516,0.9376162263662264,0.9255966255966255,0.9316458078958079,0.9385944610944612,0.9316094145505911,0.9444680782180783,0.9456023374773375,0.9444680782180783
drug,Age,200.0,0.465,0.4673,15.0,74.0,46.7664,47.0,16.4854,-0.0861,-1.1142,14.0,27.5,0.0165,0.0165,0.0158,0.0158,0.0157,0.0157,3.7753,0.0217,LogisticRegression,0.9147577404120921,0.8642213030405219,0.9142963475484777,0.9118371125649936,0.9260900491708715,0.9017397099675911,0.9008594790873602,0.8724428037620227,0.9056772628426931
drug,Age,200.0,0.465,0.4673,15.0,74.0,46.7664,47.0,16.4854,-0.0861,-1.1142,14.0,27.5,0.0165,0.0165,0.0158,0.0158,0.0157,0.0157,3.7753,0.0217,KNN,0.7658765323700648,0.7203225778850778,0.6872416398552323,0.7602632948696673,0.7347824985385554,0.7720897998462561,0.7468059833519334,0.7302019400838928,0.7598353635750441
drug,Age,200.0,0.465,0.4673,15.0,74.0,46.7664,47.0,16.4854,-0.0861,-1.1142,14.0,27.5,0.0165,0.0165,0.0158,0.0158,0.0157,0.0157,3.7753,0.0217,RandomForest,0.9359893401805166,0.926478483390248,0.9360286241536242,0.9296245421245422,0.9275432900432901,0.9394179894179895,0.9136940918558566,0.9195127476009828,0.9149931114636998
drug,Age,200.0,0.465,0.4673,15.0,74.0,46.7664,47.0,16.4854,-0.0861,-1.1142,14.0,27.5,0.0165,0.0165,0.0158,0.0158,0.0157,0.0157,3.7753,0.0217,AdaBoost,0.7873652677712255,0.7873652677712255,0.7873652677712255,0.7873652677712255,0.7873652677712255,0.7873652677712255,0.7873652677712255,0.7873652677712255,0.7873652677712255
drug,Age,200.0,0.465,0.4673,15.0,74.0,46.7664,47.0,16.4854,-0.0861,-1.1142,14.0,27.5,0.0165,0.0165,0.0158,0.0158,0.0157,0.0157,3.7753,0.0217,SVC,0.8608457369324493,0.8557973595380516,0.872301004993903,0.8365889909730654,0.8635882150500126,0.8606829070748949,0.829798368464377,0.8590726898803848,0.8143423253603077
drug,Age,200.0,0.435,0.4425,15.0,74.0,45.0531,46.0,18.0598,-0.0832,-1.3086,15.0,32.0,0.0217,0.0217,0.0188,0.0188,0.0265,0.0265,3.8231,0.0224,DecisionTree,0.9620987345987346,0.9738098502804385,0.9206753663003663,0.942432844932845,0.9113167735042735,0.9620987345987346,0.9578238428238428,0.9784045101140689,0.9620987345987346
drug,Age,200.0,0.435,0.4425,15.0,74.0,45.0531,46.0,18.0598,-0.0832,-1.3086,15.0,32.0,0.0217,0.0217,0.0188,0.0188,0.0265,0.0265,3.8231,0.0224,LogisticRegression,0.9251044193484826,0.9032818385965178,0.9038158697989037,0.9176545489574358,0.9083568496523835,0.9242446581946038,0.9365104185780112,0.9004647526426394,0.9210618761074099
drug,Age,200.0,0.435,0.4425,15.0,74.0,45.0531,46.0,18.0598,-0.0832,-1.3086,15.0,32.0,0.0217,0.0217,0.0188,0.0188,0.0265,0.0265,3.8231,0.0224,KNN,0.7667331979019872,0.7375977825577547,0.7700297970719354,0.808007417931724,0.8106597252911815,0.8104170097888894,0.7901349411331663,0.7344930547098066,0.7298702839623454
drug,Age,200.0,0.435,0.4425,15.0,74.0,45.0531,46.0,18.0598,-0.0832,-1.3086,15.0,32.0,0.0217,0.0217,0.0188,0.0188,0.0265,0.0265,3.8231,0.0224,RandomForest,0.9452380952380953,0.9385912698412698,0.9203983516483516,0.9331277056277056,0.9201516539016539,0.9499042950513539,0.9425595238095238,0.9410631076439899,0.9258333333333334
drug,Age,200.0,0.435,0.4425,15.0,74.0,45.0531,46.0,18.0598,-0.0832,-1.3086,15.0,32.0,0.0217,0.0217,0.0188,0.0188,0.0265,0.0265,3.8231,0.0224,AdaBoost,0.7873652677712255,0.7873652677712255,0.7873652677712255,0.7873652677712255,0.7873652677712255,0.7873652677712255,0.7873652677712255,0.7873652677712255,0.7873652677712255
drug,Age,200.0,0.435,0.4425,15.0,74.0,45.0531,46.0,18.0598,-0.0832,-1.3086,15.0,32.0,0.0217,0.0217,0.0188,0.0188,0.0265,0.0265,3.8231,0.0224,SVC,0.8746586173558665,0.8721687651033823,0.8661070499909554,0.8833559016882195,0.8851332059346473,0.8789452083646666,0.8791019583607023,0.8943671475862127,0.8834373237859567
drug,Age,200.0,0.395,0.438,15.0,74.0,45.0992,47.0,16.7393,-0.0553,-1.2323,15.0,29.0,0.0625,0.0625,0.0279,0.0279,0.0475,0.0475,3.8476,0.0204,DecisionTree,0.9418887131387133,0.9359414428164428,0.9312838087838089,0.9185256179006178,0.9415023402523404,0.944990564990565,0.9254014041514041,0.9365931290931291,0.941652652902653
drug,Age,200.0,0.395,0.438,15.0,74.0,45.0992,47.0,16.7393,-0.0553,-1.2323,15.0,29.0,0.0625,0.0625,0.0279,0.0279,0.0475,0.0475,3.8476,0.0204,LogisticRegression,0.9232786207815232,0.9188176529353,0.9115398975413137,0.924561802107336,0.9201120157825496,0.9230276125768229,0.9305577598069859,0.9088673966102989,0.9273827153238918
drug,Age,200.0,0.395,0.438,15.0,74.0,45.0992,47.0,16.7393,-0.0553,-1.2323,15.0,29.0,0.0625,0.0625,0.0279,0.0279,0.0475,0.0475,3.8476,0.0204,KNN,0.6952357005256906,0.7108451586200687,0.7335226257750387,0.7262570162554027,0.7331339446053471,0.719683710327162,0.7007869144311802,0.7121656696060432,0.706902572172088
drug,Age,200.0,0.395,0.438,15.0,74.0,45.0992,47.0,16.7393,-0.0553,-1.2323,15.0,29.0,0.0625,0.0625,0.0279,0.0279,0.0475,0.0475,3.8476,0.0204,RandomForest,0.9269873100755452,0.9098214285714286,0.9334276834276833,0.91879884004884,0.9329166666666666,0.9182539682539683,0.9078934953934954,0.914781746031746,0.9105158730158731
drug,Age,200.0,0.395,0.438,15.0,74.0,45.0992,47.0,16.7393,-0.0553,-1.2323,15.0,29.0,0.0625,0.0625,0.0279,0.0279,0.0475,0.0475,3.8476,0.0204,AdaBoost,0.7873652677712255,0.7873652677712255,0.7873652677712255,0.7873652677712255,0.7873652677712255,0.7873652677712255,0.7873652677712255,0.7873652677712255,0.7873652677712255
drug,Age,200.0,0.395,0.438,15.0,74.0,45.0992,47.0,16.7393,-0.0553,-1.2323,15.0,29.0,0.0625,0.0625,0.0279,0.0279,0.0475,0.0475,3.8476,0.0204,SVC,0.8656551867402924,0.8589797519376055,0.8863189766894177,0.8706495791822555,0.8835924945408562,0.8677166761380757,0.8637458096008049,0.8480160045695373,0.846845066309352
drug,Age,200.0,0.385,0.4309,17.0,74.0,44.8455,43.0,15.6803,0.184,-1.0297,12.0,25.5,0.0626,0.0626,0.0479,0.0479,0.0711,0.0711,3.8243,0.0206,DecisionTree,0.9593541412291412,0.9593541412291412,0.9476218226218225,0.9486752136752136,0.9532435157435157,0.9665995115995116,0.9583653846153846,0.9644006850992145,0.9553462047212047
drug,Age,200.0,0.385,0.4309,17.0,74.0,44.8455,43.0,15.6803,0.184,-1.0297,12.0,25.5,0.0626,0.0626,0.0479,0.0479,0.0711,0.0711,3.8243,0.0206,LogisticRegression,0.9221311782186395,0.9137458239289242,0.9298006710712327,0.9185625694440993,0.9292021494888542,0.9302839241655031,0.9215834762333884,0.9090080105726899,0.9253071792402795
drug,Age,200.0,0.385,0.4309,17.0,74.0,44.8455,43.0,15.6803,0.184,-1.0297,12.0,25.5,0.0626,0.0626,0.0479,0.0479,0.0711,0.0711,3.8243,0.0206,KNN,0.7607764260636892,0.7514809159239159,0.7463124029331123,0.7387715866942518,0.7405347036782868,0.7438103078934154,0.7360907180782522,0.7334115523030806,0.7733125282621233
drug,Age,200.0,0.385,0.4309,17.0,74.0,44.8455,43.0,15.6803,0.184,-1.0297,12.0,25.5,0.0626,0.0626,0.0479,0.0479,0.0711,0.0711,3.8243,0.0206,RandomForest,0.9667846967846968,0.962550875050875,0.9411596736596737,0.9495385401635401,0.9493645474895474,0.9588458994708995,0.958491045991046,0.9486638708513708,0.9586729242979243
drug,Age,200.0,0.385,0.4309,17.0,74.0,44.8455,43.0,15.6803,0.184,-1.0297,12.0,25.5,0.0626,0.0626,0.0479,0.0479,0.0711,0.0711,3.8243,0.0206,AdaBoost,0.7873652677712255,0.7873652677712255,0.7873652677712255,0.7873652677712255,0.7873652677712255,0.7873652677712255,0.7873652677712255,0.7873652677712255,0.7873652677712255
drug,Age,200.0,0.385,0.4309,17.0,74.0,44.8455,43.0,15.6803,0.184,-1.0297,12.0,25.5,0.0626,0.0626,0.0479,0.0479,0.0711,0.0711,3.8243,0.0206,SVC,0.8704224184980281,0.8874279754192511,0.8890505493632346,0.8956176719662773,0.8865707857191831,0.8865919371273032,0.8869170320019137,0.8864643354668669,0.8779317301725078
drug,Age,200.0,0.285,0.3846,15.0,74.0,44.3776,45.0,16.9577,0.0161,-1.1914,14.0,29.5,0.0129,0.0129,0.0103,0.0103,0.0136,0.0136,3.8879,0.0207,DecisionTree,0.9539344152579446,0.9871842046842048,0.9621021571021571,0.9451698301698301,0.9428792735042735,0.9578133835119129,0.9687756850992145,0.9530541843777138,0.9737026862026862
drug,Age,200.0,0.285,0.3846,15.0,74.0,44.3776,45.0,16.9577,0.0161,-1.1914,14.0,29.5,0.0129,0.0129,0.0103,0.0103,0.0136,0.0136,3.8879,0.0207,LogisticRegression,0.9152858610418169,0.8795263623292491,0.9233522958522957,0.9086269480593744,0.9146020553704268,0.9233958066517625,0.9338153165204248,0.879628801818481,0.9212627210141372
drug,Age,200.0,0.285,0.3846,15.0,74.0,44.3776,45.0,16.9577,0.0161,-1.1914,14.0,29.5,0.0129,0.0129,0.0103,0.0103,0.0136,0.0136,3.8879,0.0207,KNN,0.7216672979362853,0.7164927617638666,0.7457814348937907,0.7645596825227172,0.7717507450994542,0.7293246735817098,0.7294302728681734,0.7485269917516395,0.7325001824212392
drug,Age,200.0,0.285,0.3846,15.0,74.0,44.3776,45.0,16.9577,0.0161,-1.1914,14.0,29.5,0.0129,0.0129,0.0103,0.0103,0.0136,0.0136,3.8879,0.0207,RandomForest,0.9668320105820106,0.9660144417129711,0.9586261192511193,0.9588458994708995,0.9543253968253969,0.9655374649859945,0.9621021571021571,0.9497717097717098,0.9490580253080252
drug,Age,200.0,0.285,0.3846,15.0,74.0,44.3776,45.0,16.9577,0.0161,-1.1914,14.0,29.5,0.0129,0.0129,0.0103,0.0103,0.0136,0.0136,3.8879,0.0207,AdaBoost,0.7873652677712255,0.7873652677712255,0.7873652677712255,0.7873652677712255,0.7873652677712255,0.7873652677712255,0.7873652677712255,0.7873652677712255,0.7873652677712255
drug,Age,200.0,0.285,0.3846,15.0,74.0,44.3776,45.0,16.9577,0.0161,-1.1914,14.0,29.5,0.0129,0.0129,0.0103,0.0103,0.0136,0.0136,3.8879,0.0207,SVC,0.907388671766661,0.9115331805686563,0.8947266629389147,0.8905134573048378,0.8898611004024809,0.9072230161283671,0.8946372639080903,0.9021691625623254,0.8804341648173074
drug,Age,200.0,0.245,0.3709,15.0,74.0,43.5166,43.0,16.9927,0.0791,-1.152,15.0,29.0,0.0215,0.0215,0.0119,0.0119,0.0206,0.0206,3.8685,0.0202,DecisionTree,0.9570889295889295,0.9609678978428978,0.9703842338217339,0.9558106708106708,0.9691905480140774,0.9609678978428978,0.9528561253561254,0.9484687112995935,0.9611894586894587
drug,Age,200.0,0.245,0.3709,15.0,74.0,43.5166,43.0,16.9927,0.0791,-1.152,15.0,29.0,0.0215,0.0215,0.0119,0.0119,0.0206,0.0206,3.8685,0.0202,LogisticRegression,0.9259800102042639,0.9064395287146298,0.9395333446209458,0.9259800102042639,0.9259800102042639,0.9259800102042639,0.9259800102042639,0.9110161144096367,0.9259800102042639
drug,Age,200.0,0.245,0.3709,15.0,74.0,43.5166,43.0,16.9927,0.0791,-1.152,15.0,29.0,0.0215,0.0215,0.0119,0.0119,0.0206,0.0206,3.8685,0.0202,KNN,0.7341466981807038,0.7212417443736451,0.7408386353245058,0.7424982699814472,0.767963444554906,0.7378207261227602,0.7444773849990228,0.7558729619873489,0.7620656613819861
drug,Age,200.0,0.245,0.3709,15.0,74.0,43.5166,43.0,16.9927,0.0791,-1.152,15.0,29.0,0.0215,0.0215,0.0119,0.0119,0.0206,0.0206,3.8685,0.0202,RandomForest,0.9464255761295235,0.9503045443834917,0.9609678978428978,0.9464265936305409,0.9374308671348146,0.9545383661173135,0.9340877872127873,0.9460717401506875,0.9276651467440942
drug,Age,200.0,0.245,0.3709,15.0,74.0,43.5166,43.0,16.9927,0.0791,-1.152,15.0,29.0,0.0215,0.0215,0.0119,0.0119,0.0206,0.0206,3.8685,0.0202,AdaBoost,0.7873652677712255,0.7873652677712255,0.7873652677712255,0.7873652677712255,0.7873652677712255,0.7873652677712255,0.7873652677712255,0.7873652677712255,0.7873652677712255
drug,Age,200.0,0.245,0.3709,15.0,74.0,43.5166,43.0,16.9927,0.0791,-1.152,15.0,29.0,0.0215,0.0215,0.0119,0.0119,0.0206,0.0206,3.8685,0.0202,SVC,0.8910128832164212,0.8693045015413436,0.9131437196135528,0.9009678110427475,0.8763630314503762,0.8814866174004048,0.8566195417496122,0.8749581654592102,0.8570392408106157
drug,Age,200.0,0.19,0.3457,15.0,74.0,43.8086,44.0,16.5617,0.0453,-1.1459,14.0,27.75,0.0269,0.0269,0.0152,0.0152,0.0188,0.0188,3.9121,0.0212,DecisionTree,0.9915781440781442,0.9915781440781442,0.9781041181041181,0.9693244235339824,0.9603409602093813,0.9957661782661783,0.9957661782661783,0.9957661782661783,0.9957661782661783
drug,Age,200.0,0.19,0.3457,15.0,74.0,43.8086,44.0,16.5617,0.0453,-1.1459,14.0,27.75,0.0269,0.0269,0.0152,0.0152,0.0188,0.0188,3.9121,0.0212,LogisticRegression,0.9503306841381106,0.9218649654622842,0.9451114342667382,0.9496795670494445,0.9505523721722986,0.9464417952492217,0.9503306841381106,0.9178570289543477,0.9539259765575555
drug,Age,200.0,0.19,0.3457,15.0,74.0,43.8086,44.0,16.5617,0.0453,-1.1459,14.0,27.75,0.0269,0.0269,0.0152,0.0152,0.0188,0.0188,3.9121,0.0212,KNN,0.7196348840904244,0.693537373450723,0.7468734677795343,0.7465840005094366,0.7434417499060338,0.7293264580213851,0.7114376601542299,0.7045085253165676,0.7309776413875337
drug,Age,200.0,0.19,0.3457,15.0,74.0,43.8086,44.0,16.5617,0.0453,-1.1459,14.0,27.75,0.0269,0.0269,0.0152,0.0152,0.0188,0.0188,3.9121,0.0212,RandomForest,0.9745856227106228,0.9560622057680881,0.974350205611998,0.9749328449328449,0.9570735239603165,0.9641440041440041,0.9741229073214368,0.953514332889333,0.9448594039402862
drug,Age,200.0,0.19,0.3457,15.0,74.0,43.8086,44.0,16.5617,0.0453,-1.1459,14.0,27.75,0.0269,0.0269,0.0152,0.0152,0.0188,0.0188,3.9121,0.0212,AdaBoost,0.7873652677712255,0.7873652677712255,0.7873652677712255,0.7873652677712255,0.7873652677712255,0.7873652677712255,0.7873652677712255,0.7873652677712255,0.7873652677712255
drug,Age,200.0,0.19,0.3457,15.0,74.0,43.8086,44.0,16.5617,0.0453,-1.1459,14.0,27.75,0.0269,0.0269,0.0152,0.0152,0.0188,0.0188,3.9121,0.0212,SVC,0.9148393969098259,0.8826070385557279,0.9086216551580247,0.8909540844783409,0.904919829793635,0.8980150143741513,0.9107063164268873,0.8665593648353704,0.8948225432173248
drug,Age,200.0,0.16,0.3155,15.0,74.0,45.0655,45.0,16.1345,0.0071,-1.0136,13.0,26.25,0.044,0.044,0.0241,0.0241,0.0383,0.0383,3.8733,0.0248,DecisionTree,0.9573913586413587,0.9702106227106227,0.9697280497280498,0.9697280497280498,0.9652782634032635,0.9652782634032635,0.9611777343027343,0.9702106227106227,0.9414766483516483
drug,Age,200.0,0.16,0.3155,15.0,74.0,45.0655,45.0,16.1345,0.0071,-1.0136,13.0,26.25,0.044,0.044,0.0241,0.0241,0.0383,0.0383,3.8733,0.0248,LogisticRegression,0.9236544837301526,0.9276216534760109,0.9236544837301526,0.9194216794973483,0.9236544837301526,0.9194216794973483,0.9236137169680744,0.9151000479345694,0.9236137169680744
drug,Age,200.0,0.16,0.3155,15.0,74.0,45.0655,45.0,16.1345,0.0071,-1.0136,13.0,26.25,0.044,0.044,0.0241,0.0241,0.0383,0.0383,3.8733,0.0248,KNN,0.7250762187988695,0.7407267739357384,0.7279624929261526,0.7363140466406516,0.7520349878985818,0.7210546934623625,0.7421793978553274,0.7579616667273539,0.7295060941590232
drug,Age,200.0,0.16,0.3155,15.0,74.0,45.0655,45.0,16.1345,0.0071,-1.0136,13.0,26.25,0.044,0.044,0.0241,0.0241,0.0383,0.0383,3.8733,0.0248,RandomForest,0.956390392015392,0.9641440041440041,0.9602693602693602,0.968377825877826,0.960043475043475,0.9643698893698893,0.9484687112995935,0.9641440041440041,0.9484687112995935
drug,Age,200.0,0.16,0.3155,15.0,74.0,45.0655,45.0,16.1345,0.0071,-1.0136,13.0,26.25,0.044,0.044,0.0241,0.0241,0.0383,0.0383,3.8733,0.0248,AdaBoost,0.7873652677712255,0.7873652677712255,0.7873652677712255,0.7873652677712255,0.7873652677712255,0.7873652677712255,0.7873652677712255,0.7873652677712255,0.7873652677712255
drug,Age,200.0,0.16,0.3155,15.0,74.0,45.0655,45.0,16.1345,0.0071,-1.0136,13.0,26.25,0.044,0.044,0.0241,0.0241,0.0383,0.0383,3.8733,0.0248,SVC,0.8800048225658362,0.8398503999790423,0.8804971333886169,0.8683746134288547,0.8974492898250302,0.8800048225658362,0.8484796840588897,0.8398787067212443,0.8569413705598203
drug,Age,200.0,0.085,0.3005,15.0,74.0,43.694,43.0,16.5379,0.0797,-1.0649,14.0,28.0,0.0751,0.0751,0.037,0.037,0.0575,0.0575,3.8759,0.0236,DecisionTree,0.9915781440781442,0.9915781440781442,0.9748643023643024,0.9957661782661783,0.9915781440781442,0.9915781440781442,0.9727625152625152,0.9957661782661783,0.9785424297924298
drug,Age,200.0,0.085,0.3005,15.0,74.0,43.694,43.0,16.5379,0.0797,-1.0649,14.0,28.0,0.0751,0.0751,0.037,0.037,0.0575,0.0575,3.8759,0.0236,LogisticRegression,0.9368503577620624,0.9380375635000249,0.9418603148227761,0.932842421254126,0.9407293260160305,0.9447372625239672,0.9380375635000249,0.942228443241752,0.9420120568613106
drug,Age,200.0,0.085,0.3005,15.0,74.0,43.694,43.0,16.5379,0.0797,-1.0649,14.0,28.0,0.0751,0.0751,0.037,0.037,0.0575,0.0575,3.8759,0.0236,KNN,0.7654192997379667,0.7557145101461638,0.755735207479189,0.7898996282209613,0.7724265701450048,0.769168359103775,0.773697377926871,0.76367806170492,0.773963112338766
drug,Age,200.0,0.085,0.3005,15.0,74.0,43.694,43.0,16.5379,0.0797,-1.0649,14.0,28.0,0.0751,0.0751,0.037,0.037,0.0575,0.0575,3.8759,0.0236,RandomForest,0.9872592338217339,0.9872592338217339,0.9701149708135003,0.9872592338217339,0.9872181637806637,0.9872592338217339,0.982984342046842,0.9872592338217339,0.9872181637806637
drug,Age,200.0,0.085,0.3005,15.0,74.0,43.694,43.0,16.5379,0.0797,-1.0649,14.0,28.0,0.0751,0.0751,0.037,0.037,0.0575,0.0575,3.8759,0.0236,AdaBoost,0.7873652677712255,0.7873652677712255,0.7873652677712255,0.7873652677712255,0.7873652677712255,0.7873652677712255,0.7873652677712255,0.7873652677712255,0.7873652677712255
drug,Age,200.0,0.085,0.3005,15.0,74.0,43.694,43.0,16.5379,0.0797,-1.0649,14.0,28.0,0.0751,0.0751,0.037,0.037,0.0575,0.0575,3.8759,0.0236,SVC,0.8960103149443838,0.8953903106295265,0.8740052539844909,0.8918495491229037,0.8981001429815723,0.9082309540865654,0.8825023141457407,0.9083573160286714,0.8902556818098226
drug,Age,200.0,0.055,0.3016,15.0,74.0,44.1058,43.0,16.4902,0.0517,-1.112,14.0,27.0,0.0626,0.0626,0.0272,0.0272,0.0423,0.0423,3.9191,0.0219,DecisionTree,0.9957661782661783,0.9957661782661783,0.9916656491656491,0.987477614977615,0.9957661782661783,0.9957661782661783,0.9957661782661783,0.9957661782661783,0.9957661782661783
drug,Age,200.0,0.055,0.3016,15.0,74.0,44.1058,43.0,16.4902,0.0517,-1.112,14.0,27.0,0.0626,0.0626,0.0272,0.0272,0.0423,0.0423,3.9191,0.0219,LogisticRegression,0.9449536489044086,0.9497714326597415,0.9407627691626814,0.9492688598372665,0.9449536489044086,0.9449536489044086,0.9497714326597415,0.9461282118055083,0.9449536489044086
drug,Age,200.0,0.055,0.3016,15.0,74.0,44.1058,43.0,16.4902,0.0517,-1.112,14.0,27.0,0.0626,0.0626,0.0272,0.0272,0.0423,0.0423,3.9191,0.0219,KNN,0.7416745518255612,0.7569333874186815,0.7520275883745311,0.7427590935369826,0.7467158446712018,0.7464984419079099,0.7617092790392209,0.7614342786842787,0.7679029693851122
drug,Age,200.0,0.055,0.3016,15.0,74.0,44.1058,43.0,16.4902,0.0517,-1.112,14.0,27.0,0.0626,0.0626,0.0272,0.0272,0.0423,0.0423,3.9191,0.0219,RandomForest,0.9914930555555556,0.9914930555555556,0.9831587047212047,0.9874358974358974,0.9914930555555556,0.9872592338217339,0.9872592338217339,0.9872592338217339,0.9872592338217339
drug,Age,200.0,0.055,0.3016,15.0,74.0,44.1058,43.0,16.4902,0.0517,-1.112,14.0,27.0,0.0626,0.0626,0.0272,0.0272,0.0423,0.0423,3.9191,0.0219,AdaBoost,0.7873652677712255,0.7873652677712255,0.7873652677712255,0.7873652677712255,0.7873652677712255,0.7873652677712255,0.7873652677712255,0.7873652677712255,0.7873652677712255
drug,Age,200.0,0.055,0.3016,15.0,74.0,44.1058,43.0,16.4902,0.0517,-1.112,14.0,27.0,0.0626,0.0626,0.0272,0.0272,0.0423,0.0423,3.9191,0.0219,SVC,0.9166453539561893,0.9336953494461427,0.9118240388044043,0.9119661211519565,0.912009868053701,0.9119732289152312,0.9167193962728468,0.9336526840257153,0.9077091938687134
drug,Na_to_K,200.0,0.515,0.9897,6.769,38.247,16.1303,13.934,7.4219,1.0451,0.2638,4.225,9.01,0.008,0.008,0.0078,0.0078,0.0057,0.0057,4.5604,0.0001,DecisionTree,0.7071267894436725,0.5931920377249227,0.518556496428469,0.6440034794513099,0.6047732098719594,0.691905444092626,0.6266254216000888,0.6026267919026833,0.6341579133125664
drug,Na_to_K,200.0,0.515,0.9897,6.769,38.247,16.1303,13.934,7.4219,1.0451,0.2638,4.225,9.01,0.008,0.008,0.0078,0.0078,0.0057,0.0057,4.5604,0.0001,LogisticRegression,0.6977707023263386,0.5978602470916654,0.5464818181220841,0.6770916251692114,0.6575479313714607,0.709616118100205,0.6824056073365079,0.558538529378353,0.6114616521684729
drug,Na_to_K,200.0,0.515,0.9897,6.769,38.247,16.1303,13.934,7.4219,1.0451,0.2638,4.225,9.01,0.008,0.008,0.0078,0.0078,0.0057,0.0057,4.5604,0.0001,KNN,0.563393011086701,0.572594886607145,0.5603142031985756,0.5687944494988693,0.5575323719751455,0.5643515997939534,0.572988105905053,0.5525605247148294,0.599089222369153
drug,Na_to_K,200.0,0.515,0.9897,6.769,38.247,16.1303,13.934,7.4219,1.0451,0.2638,4.225,9.01,0.008,0.008,0.0078,0.0078,0.0057,0.0057,4.5604,0.0001,RandomForest,0.713366584085177,0.6293304565445244,0.5668054393143137,0.6506718154525937,0.6786555862672244,0.7244752895994844,0.6988448473981812,0.6107397232397233,0.6147314210363695
drug,Na_to_K,200.0,0.515,0.9897,6.769,38.247,16.1303,13.934,7.4219,1.0451,0.2638,4.225,9.01,0.008,0.008,0.0078,0.0078,0.0057,0.0057,4.5604,0.0001,AdaBoost,0.5371705995341722,0.4926743705100822,0.47049706172776995,0.5324877862879414,0.5455602915332737,0.6392442434223858,0.5963712210564805,0.4994880916776697,0.3777056145804672
drug,Na_to_K,200.0,0.515,0.9897,6.769,38.247,16.1303,13.934,7.4219,1.0451,0.2638,4.225,9.01,0.008,0.008,0.0078,0.0078,0.0057,0.0057,4.5604,0.0001,SVC,0.6264655216952978,0.6064262416693816,0.5511387213967165,0.6264196145322236,0.5863362788496707,0.6223129942864848,0.6183329945543905,0.5936653784164369,0.5965615339634947
drug,Na_to_K,200.0,0.44,0.9911,6.269,34.997,15.6588,13.9345,6.7047,1.0179,0.2946,4.0285,8.2893,0.0546,0.0546,0.0548,0.0548,0.081,0.081,4.7061,0.0001,DecisionTree,0.6897843467926272,0.7053103566055152,0.5828755343378973,0.6582261841680109,0.6190436622069686,0.7065085273241556,0.6418914549446374,0.6899366582600119,0.6815393686489883
drug,Na_to_K,200.0,0.44,0.9911,6.269,34.997,15.6588,13.9345,6.7047,1.0179,0.2946,4.0285,8.2893,0.0546,0.0546,0.0548,0.0548,0.081,0.081,4.7061,0.0001,LogisticRegression,0.7211191567934989,0.6659264129893347,0.6354739685869838,0.6987204821245832,0.7014457635496306,0.7282827079044184,0.7275332068429083,0.5596484727585098,0.6703689217001363
drug,Na_to_K,200.0,0.44,0.9911,6.269,34.997,15.6588,13.9345,6.7047,1.0179,0.2946,4.0285,8.2893,0.0546,0.0546,0.0548,0.0548,0.081,0.081,4.7061,0.0001,KNN,0.6190827429627044,0.6069130782034853,0.570623037016228,0.5866660895906117,0.6013387628272995,0.6150267437473834,0.6053130597098465,0.540961457686092,0.6069347516734876
drug,Na_to_K,200.0,0.44,0.9911,6.269,34.997,15.6588,13.9345,6.7047,1.0179,0.2946,4.0285,8.2893,0.0546,0.0546,0.0548,0.0548,0.081,0.081,4.7061,0.0001,RandomForest,0.7150543811868999,0.683559523377922,0.5960629046754723,0.6875166446098436,0.6440217514847799,0.7230860106508024,0.742057282527123,0.6660285704934259,0.6815278533571216
drug,Na_to_K,200.0,0.44,0.9911,6.269,34.997,15.6588,13.9345,6.7047,1.0179,0.2946,4.0285,8.2893,0.0546,0.0546,0.0548,0.0548,0.081,0.081,4.7061,0.0001,AdaBoost,0.6078780590429198,0.6274594577590866,0.530046020475351,0.6122101721294485,0.5711830456597338,0.5564180193044269,0.6317928190580837,0.5273292623712135,0.622898204306821
drug,Na_to_K,200.0,0.44,0.9911,6.269,34.997,15.6588,13.9345,6.7047,1.0179,0.2946,4.0285,8.2893,0.0546,0.0546,0.0548,0.0548,0.081,0.081,4.7061,0.0001,SVC,0.6914280886008454,0.6646229196616644,0.6062480564334783,0.6591958287505415,0.6494498087036258,0.6844000915350045,0.6831633292318277,0.6282400966363408,0.6646229196616644
drug,Na_to_K,200.0,0.39,0.9836,6.269,38.247,16.1859,13.9695,7.0099,1.1597,0.819,3.867,8.1735,0.1253,0.1253,0.0586,0.0586,0.0871,0.0871,4.7813,0.0001,DecisionTree,0.7448990769859032,0.7603069164420694,0.6674499403223078,0.6354041631077926,0.6749931446099777,0.6949657734185319,0.7626395244435383,0.7264061987312065,0.7425492436622065
drug,Na_to_K,200.0,0.39,0.9836,6.269,38.247,16.1859,13.9695,7.0099,1.1597,0.819,3.867,8.1735,0.1253,0.1253,0.0586,0.0586,0.0871,0.0871,4.7813,0.0001,LogisticRegression,0.7143723810985771,0.720469422710915,0.6669235850700098,0.721847323151723,0.6922353444516197,0.7216400902265525,0.7545410907928853,0.6701064790629276,0.7003802114904183
drug,Na_to_K,200.0,0.39,0.9836,6.269,38.247,16.1859,13.9695,7.0099,1.1597,0.819,3.867,8.1735,0.1253,0.1253,0.0586,0.0586,0.0871,0.0871,4.7813,0.0001,KNN,0.6272790583051266,0.6111439406825293,0.5905070128162253,0.6337995616451921,0.6238326483303825,0.6502111446051326,0.6614742748939528,0.6120777295000458,0.6261533227277661
drug,Na_to_K,200.0,0.39,0.9836,6.269,38.247,16.1859,13.9695,7.0099,1.1597,0.819,3.867,8.1735,0.1253,0.1253,0.0586,0.0586,0.0871,0.0871,4.7813,0.0001,RandomForest,0.7147143270460845,0.7822903846929022,0.7026520651879835,0.6901285575453945,0.6877632793190068,0.6850552808401189,0.7037738754869902,0.7380438625255253,0.6908613986786061
drug,Na_to_K,200.0,0.39,0.9836,6.269,38.247,16.1859,13.9695,7.0099,1.1597,0.819,3.867,8.1735,0.1253,0.1253,0.0586,0.0586,0.0871,0.0871,4.7813,0.0001,AdaBoost,0.5564492833054655,0.6558387292682337,0.6020773989864788,0.5536771587838583,0.5928888651015128,0.5842132993067433,0.6340962888426336,0.6467720475519774,0.5845405485669004
drug,Na_to_K,200.0,0.39,0.9836,6.269,38.247,16.1859,13.9695,7.0099,1.1597,0.819,3.867,8.1735,0.1253,0.1253,0.0586,0.0586,0.0871,0.0871,4.7813,0.0001,SVC,0.6881277143966432,0.6822144267360222,0.6475981568826084,0.6784128828734559,0.694709805308645,0.6934860038834694,0.7133959722694962,0.6228496702282089,0.675630519464678
drug,Na_to_K,200.0,0.335,0.9925,6.269,38.247,16.0073,13.967,6.811,1.0922,0.781,3.778,7.934,0.0137,0.0137,0.0061,0.0061,0.0099,0.0099,4.8799,0.0,DecisionTree,0.7904886634762094,0.745864347201806,0.6791007675703128,0.7708564707248918,0.7491653110735472,0.7631263984553458,0.7125491309439397,0.7648396735438524,0.7183510334027976
drug,Na_to_K,200.0,0.335,0.9925,6.269,38.247,16.0073,13.967,6.811,1.0922,0.781,3.778,7.934,0.0137,0.0137,0.0061,0.0061,0.0099,0.0099,4.8799,0.0,LogisticRegression,0.7859804724768135,0.7258173519420825,0.7005382649619893,0.7447473353062433,0.7369196374185922,0.7669387156665529,0.8116930394245323,0.6507111093673563,0.7286216789362399
drug,Na_to_K,200.0,0.335,0.9925,6.269,38.247,16.0073,13.967,6.811,1.0922,0.781,3.778,7.934,0.0137,0.0137,0.0061,0.0061,0.0099,0.0099,4.8799,0.0,KNN,0.6129175399723295,0.6230094012766262,0.6055206419830108,0.6072399067541502,0.6034483725105478,0.6133248648044344,0.6240433411517617,0.5902290107314616,0.6113529292950981
drug,Na_to_K,200.0,0.335,0.9925,6.269,38.247,16.0073,13.967,6.811,1.0922,0.781,3.778,7.934,0.0137,0.0137,0.0061,0.0061,0.0099,0.0099,4.8799,0.0,RandomForest,0.7982805624447499,0.7628746025371724,0.6986870478308664,0.7152031191532423,0.7688222396149997,0.7942152329746017,0.722674435084766,0.7792158224223441,0.7578165108162835
drug,Na_to_K,200.0,0.335,0.9925,6.269,38.247,16.0073,13.967,6.811,1.0922,0.781,3.778,7.934,0.0137,0.0137,0.0061,0.0061,0.0099,0.0099,4.8799,0.0,AdaBoost,0.6326410489228286,0.6187634944122022,0.617680017257686,0.6436727766735146,0.643285064807813,0.7520762665633296,0.6455965140650699,0.65144280333771,0.567146891365506
drug,Na_to_K,200.0,0.335,0.9925,6.269,38.247,16.0073,13.967,6.811,1.0922,0.781,3.778,7.934,0.0137,0.0137,0.0061,0.0061,0.0099,0.0099,4.8799,0.0,SVC,0.6824133720591347,0.6875385513621317,0.6202821368308022,0.6703663151199439,0.7129997179356442,0.696386630916682,0.6931646631493413,0.646841839488278,0.6834937165630023
drug,Na_to_K,200.0,0.24,0.9934,6.269,38.247,16.2244,14.188,7.3924,1.0614,0.4623,4.2815,8.814,0.0592,0.0592,0.0301,0.0301,0.0482,0.0482,5.0148,0.0,DecisionTree,0.8071669607846934,0.8142489383844984,0.8258046193682578,0.8220547584403716,0.8346604481422535,0.7934017107578893,0.8250238180988432,0.8705594326088002,0.8586314857277831
drug,Na_to_K,200.0,0.24,0.9934,6.269,38.247,16.2244,14.188,7.3924,1.0614,0.4623,4.2815,8.814,0.0592,0.0592,0.0301,0.0301,0.0482,0.0482,5.0148,0.0,LogisticRegression,0.7977143520918601,0.8142182982093545,0.7888132138504012,0.8262469238032082,0.8147764338835766,0.7856184454664065,0.8388589854486308,0.7714669617810608,0.7630509794717962
drug,Na_to_K,200.0,0.24,0.9934,6.269,38.247,16.2244,14.188,7.3924,1.0614,0.4623,4.2815,8.814,0.0592,0.0592,0.0301,0.0301,0.0482,0.0482,5.0148,0.0,KNN,0.6774972462358237,0.6780824972783671,0.6909949158991328,0.6902069663939908,0.6750415911789504,0.6785955626417575,0.6617561564172443,0.6665228789799618,0.6837635645648157
drug,Na_to_K,200.0,0.24,0.9934,6.269,38.247,16.2244,14.188,7.3924,1.0614,0.4623,4.2815,8.814,0.0592,0.0592,0.0301,0.0301,0.0482,0.0482,5.0148,0.0,RandomForest,0.8287401834319428,0.8454323707058875,0.8421366128333437,0.8338512643766187,0.8049357511597454,0.8075174061295616,0.8246827801827801,0.8499229385878322,0.836873543123543
drug,Na_to_K,200.0,0.24,0.9934,6.269,38.247,16.2244,14.188,7.3924,1.0614,0.4623,4.2815,8.814,0.0592,0.0592,0.0301,0.0301,0.0482,0.0482,5.0148,0.0,AdaBoost,0.6158226794505681,0.7055516092201684,0.8151219351051096,0.6648263378008188,0.7003161734543156,0.7077897188384831,0.7562459987771376,0.717160401050184,0.7200812520812521
drug,Na_to_K,200.0,0.24,0.9934,6.269,38.247,16.2244,14.188,7.3924,1.0614,0.4623,4.2815,8.814,0.0592,0.0592,0.0301,0.0301,0.0482,0.0482,5.0148,0.0,SVC,0.762752090057186,0.7667827882901411,0.7848939809340487,0.758666794055381,0.7626643163599686,0.7525921326575007,0.7541134491869786,0.7601000421309346,0.738187042577674
drug,Na_to_K,200.0,0.295,0.9929,6.269,38.247,16.0909,13.967,7.0784,1.0967,0.5364,4.022,8.594,0.0711,0.0711,0.0546,0.0546,0.0833,0.0833,4.9389,0.0,DecisionTree,0.8179345945534275,0.8173936352126215,0.7731719447914689,0.8129658918137646,0.7705215444460423,0.7793230822523104,0.8144015595818874,0.7799852395769578,0.8393323987584592
drug,Na_to_K,200.0,0.295,0.9929,6.269,38.247,16.0909,13.967,7.0784,1.0967,0.5364,4.022,8.594,0.0711,0.0711,0.0546,0.0546,0.0833,0.0833,4.9389,0.0,LogisticRegression,0.8041690109128663,0.7441174377003865,0.8002008937645344,0.8127068400777319,0.7965117355921318,0.7781565037233056,0.8079300760365038,0.6558507552715555,0.7482835087505635
drug,Na_to_K,200.0,0.295,0.9929,6.269,38.247,16.0909,13.967,7.0784,1.0967,0.5364,4.022,8.594,0.0711,0.0711,0.0546,0.0546,0.0833,0.0833,4.9389,0.0,KNN,0.6045909744038536,0.5904582164532678,0.6378685621282677,0.6126156385136281,0.6479741661604188,0.6005610495850204,0.6378544025179786,0.5800764354095429,0.6350596166185307
drug,Na_to_K,200.0,0.295,0.9929,6.269,38.247,16.0909,13.967,7.0784,1.0967,0.5364,4.022,8.594,0.0711,0.0711,0.0546,0.0546,0.0833,0.0833,4.9389,0.0,RandomForest,0.8082680344865218,0.7558308832846757,0.7835861200710657,0.7834495510622252,0.8453479335859341,0.7917535382290817,0.8202709661030257,0.7807590919971128,0.8293461042023429
drug,Na_to_K,200.0,0.295,0.9929,6.269,38.247,16.0909,13.967,7.0784,1.0967,0.5364,4.022,8.594,0.0711,0.0711,0.0546,0.0546,0.0833,0.0833,4.9389,0.0,AdaBoost,0.6422883878292094,0.680983753528343,0.6818998374991144,0.6938570360020107,0.6203640213379849,0.6746086652055345,0.649615692684848,0.7047258258112875,0.7041840644119474
drug,Na_to_K,200.0,0.295,0.9929,6.269,38.247,16.0909,13.967,7.0784,1.0967,0.5364,4.022,8.594,0.0711,0.0711,0.0546,0.0546,0.0833,0.0833,4.9389,0.0,SVC,0.7609207045676372,0.727032497494454,0.7127589176077185,0.7629566350717181,0.7550530293226583,0.7648613472874078,0.7684552534193434,0.6229330569703633,0.7028994127952461
drug,Na_to_K,200.0,0.185,0.9939,6.269,38.247,16.1512,13.938,7.0254,0.9779,0.2233,4.089,8.6765,0.0942,0.0942,0.0705,0.0705,0.1019,0.1019,5.0852,0.0,DecisionTree,0.8829677495706909,0.890759091206567,0.8077959269411716,0.8680818103207468,0.8402832642298022,0.8692028926955396,0.8986736653872778,0.8469529227802265,0.857498617714886
drug,Na_to_K,200.0,0.185,0.9939,6.269,38.247,16.1512,13.938,7.0254,0.9779,0.2233,4.089,8.6765,0.0942,0.0942,0.0705,0.0705,0.1019,0.1019,5.0852,0.0,LogisticRegression,0.8574244864670396,0.8397965181251487,0.7750644379068153,0.8527413238994122,0.8079830866294333,0.8306115284852535,0.8587649826421786,0.7561465686708309,0.8402337762530847
drug,Na_to_K,200.0,0.185,0.9939,6.269,38.247,16.1512,13.938,7.0254,0.9779,0.2233,4.089,8.6765,0.0942,0.0942,0.0705,0.0705,0.1019,0.1019,5.0852,0.0,KNN,0.703585523274477,0.6814884989979166,0.6993898269746479,0.7045112179487181,0.6994061629710031,0.6875628672000784,0.6952089970760341,0.6652969015111873,0.6814180430326215
drug,Na_to_K,200.0,0.185,0.9939,6.269,38.247,16.1512,13.938,7.0254,0.9779,0.2233,4.089,8.6765,0.0942,0.0942,0.0705,0.0705,0.1019,0.1019,5.0852,0.0,RandomForest,0.8951724750067365,0.9090779603866557,0.8116886769822179,0.8728126402674012,0.8660606942199895,0.8680598538172066,0.8953972153720606,0.8670448465538704,0.8872872731928262
drug,Na_to_K,200.0,0.185,0.9939,6.269,38.247,16.1512,13.938,7.0254,0.9779,0.2233,4.089,8.6765,0.0942,0.0942,0.0705,0.0705,0.1019,0.1019,5.0852,0.0,AdaBoost,0.6393690510335864,0.6805505146036287,0.6527589963965659,0.7834532962981386,0.654817678172631,0.7618689254760417,0.723184426807501,0.7141028315918317,0.6622084589809456
drug,Na_to_K,200.0,0.185,0.9939,6.269,38.247,16.1512,13.938,7.0254,0.9779,0.2233,4.089,8.6765,0.0942,0.0942,0.0705,0.0705,0.1019,0.1019,5.0852,0.0,SVC,0.7758471972842412,0.7876970298751781,0.7626359646355994,0.7973571578873584,0.7644415393531969,0.7721124689012412,0.7877206319375079,0.75840230193922,0.7792458290963911
drug,Na_to_K,200.0,0.155,0.9882,6.269,37.188,16.1525,13.935,7.3519,0.9463,0.0223,4.36,9.721,0.1025,0.1025,0.0511,0.0511,0.0779,0.0779,5.1135,0.0,DecisionTree,0.908153830374403,0.9226751816361267,0.8541848430832761,0.8621005134664143,0.8377593509253345,0.8826263553581902,0.9093745610438438,0.9372674627983824,0.9107046272827255
drug,Na_to_K,200.0,0.155,0.9882,6.269,37.188,16.1525,13.935,7.3519,0.9463,0.0223,4.36,9.721,0.1025,0.1025,0.0511,0.0511,0.0779,0.0779,5.1135,0.0,LogisticRegression,0.8737581883390457,0.8690898537773538,0.803664451358522,0.8715175693906396,0.8736105639573838,0.8581690854682658,0.9044435815813188,0.7675195490520406,0.8690898537773538
drug,Na_to_K,200.0,0.155,0.9882,6.269,37.188,16.1525,13.935,7.3519,0.9463,0.0223,4.36,9.721,0.1025,0.1025,0.0511,0.0511,0.0779,0.0779,5.1135,0.0,KNN,0.7014361657087373,0.7383512469641486,0.705454536598294,0.7223942152383426,0.738361314510771,0.7019419546647666,0.7394255934778933,0.6932696940564365,0.7383512469641486
drug,Na_to_K,200.0,0.155,0.9882,6.269,37.188,16.1525,13.935,7.3519,0.9463,0.0223,4.36,9.721,0.1025,0.1025,0.0511,0.0511,0.0779,0.0779,5.1135,0.0,RandomForest,0.9034054617527665,0.9323877136981975,0.843746959375691,0.8861261469253272,0.8990612835637544,0.8657569521341608,0.9205035637951124,0.910876940478647,0.9404368147709172
drug,Na_to_K,200.0,0.155,0.9882,6.269,37.188,16.1525,13.935,7.3519,0.9463,0.0223,4.36,9.721,0.1025,0.1025,0.0511,0.0511,0.0779,0.0779,5.1135,0.0,AdaBoost,0.7344606581229388,0.8119172814645416,0.6996368943290299,0.6711411327293679,0.6952969392501818,0.7871415563994033,0.7702548889032305,0.795827242356654,0.813401798768731
drug,Na_to_K,200.0,0.155,0.9882,6.269,37.188,16.1525,13.935,7.3519,0.9463,0.0223,4.36,9.721,0.1025,0.1025,0.0511,0.0511,0.0779,0.0779,5.1135,0.0,SVC,0.8197894366892354,0.8364713970732488,0.7779365151516873,0.8331385754664014,0.8271147311566575,0.8147532390965765,0.8358157638879004,0.790905624089117,0.8322625870463662
drug,Na_to_K,200.0,0.065,0.9893,6.269,38.247,16.0589,13.935,7.2248,1.02,0.321,4.226,9.1225,0.0521,0.0521,0.0237,0.0237,0.0351,0.0351,5.2163,0.0,DecisionTree,0.9456016852206456,0.9582663654336137,0.8873634852134495,0.9209675098036954,0.8945307310383603,0.9285618768607606,0.9209524837031561,0.9622476890679164,0.9440930762425558
drug,Na_to_K,200.0,0.065,0.9893,6.269,38.247,16.0589,13.935,7.2248,1.02,0.321,4.226,9.1225,0.0521,0.0521,0.0237,0.0237,0.0351,0.0351,5.2163,0.0,LogisticRegression,0.9378889200230663,0.8945443824905005,0.8865306781421082,0.9295949687475111,0.9250155174958792,0.9253008369533793,0.9073733846169991,0.8565347957405004,0.918328694172413
drug,Na_to_K,200.0,0.065,0.9893,6.269,38.247,16.0589,13.935,7.2248,1.02,0.321,4.226,9.1225,0.0521,0.0521,0.0237,0.0237,0.0351,0.0351,5.2163,0.0,KNN,0.7283372381667342,0.7245139973310196,0.7164603729177461,0.7329114858145113,0.732531662739036,0.7258930451650082,0.7370446234761711,0.6826912799247454,0.7126356723485041
drug,Na_to_K,200.0,0.065,0.9893,6.269,38.247,16.0589,13.935,7.2248,1.02,0.321,4.226,9.1225,0.0521,0.0521,0.0237,0.0237,0.0351,0.0351,5.2163,0.0,RandomForest,0.9456893869760757,0.9575174355056624,0.9210154466922351,0.9455322644445706,0.9456124451128649,0.9291735206390379,0.9494273017579379,0.9501298275162767,0.9539654609387225
drug,Na_to_K,200.0,0.065,0.9893,6.269,38.247,16.0589,13.935,7.2248,1.02,0.321,4.226,9.1225,0.0521,0.0521,0.0237,0.0237,0.0351,0.0351,5.2163,0.0,AdaBoost,0.3945703303597643,0.7663414634146342,0.6236478329523443,0.7366124773370979,0.7182062151030864,0.6456274751310946,0.7228937097292338,0.6661854136341256,0.7377271363962346
drug,Na_to_K,200.0,0.065,0.9893,6.269,38.247,16.0589,13.935,7.2248,1.02,0.321,4.226,9.1225,0.0521,0.0521,0.0237,0.0237,0.0351,0.0351,5.2163,0.0,SVC,0.862796458709743,0.8288700768194549,0.8149969666987706,0.8699468711468719,0.8532700670481704,0.858460247988929,0.8276572902714954,0.8270070261437107,0.8327107132690824
drug,Na_to_K,200.0,0.05,0.9895,6.269,38.247,16.136,13.9695,7.172,0.9589,0.1501,4.299,9.1415,0.0338,0.0338,0.0155,0.0155,0.0263,0.0263,5.2324,0.0,DecisionTree,0.9586295218392206,0.9087678598204914,0.9415801650730455,0.9701183793590706,0.9369425345895933,0.9414457350228983,0.9627962151466208,0.971131590001141,0.9173658040826053
drug,Na_to_K,200.0,0.05,0.9895,6.269,38.247,16.136,13.9695,7.172,0.9589,0.1501,4.299,9.1415,0.0338,0.0338,0.0155,0.0155,0.0263,0.0263,5.2324,0.0,LogisticRegression,0.9042306306564261,0.9006717974438307,0.9004833114533897,0.9164353014387898,0.9000930859533307,0.9252395534235156,0.913622955212019,0.9068358161862115,0.8835603177680116
drug,Na_to_K,200.0,0.05,0.9895,6.269,38.247,16.136,13.9695,7.172,0.9589,0.1501,4.299,9.1415,0.0338,0.0338,0.0155,0.0155,0.0263,0.0263,5.2324,0.0,KNN,0.720764880952381,0.7370486517872537,0.720180382117882,0.720764880952381,0.720764880952381,0.720764880952381,0.732473804440191,0.7071971597885464,0.7247853738683232
drug,Na_to_K,200.0,0.05,0.9895,6.269,38.247,16.136,13.9695,7.172,0.9589,0.1501,4.299,9.1415,0.0338,0.0338,0.0155,0.0155,0.0263,0.0263,5.2324,0.0,RandomForest,0.932611473359173,0.9250981873416251,0.9374243981015924,0.9492027011044366,0.907804708270058,0.9326245034866046,0.9627737468638862,0.9630912071813464,0.9085107693291836
drug,Na_to_K,200.0,0.05,0.9895,6.269,38.247,16.136,13.9695,7.172,0.9589,0.1501,4.299,9.1415,0.0338,0.0338,0.0155,0.0155,0.0263,0.0263,5.2324,0.0,AdaBoost,0.8662551817188335,0.7720544497700392,0.7352998806936931,0.7472795997176472,0.6164520012047114,0.8070639587175482,0.7995431332246747,0.39732591461242195,0.7101790561692312
drug,Na_to_K,200.0,0.05,0.9895,6.269,38.247,16.136,13.9695,7.172,0.9589,0.1501,4.299,9.1415,0.0338,0.0338,0.0155,0.0155,0.0263,0.0263,5.2324,0.0,SVC,0.8665923212142334,0.8538855970043301,0.8530732510865728,0.86673542368531,0.8622729958518922,0.8790780887534515,0.8704961310027923,0.8702056010310537,0.8242284529570623
electricity-normalized,nswprice,45312.0,0.5054,0.1531,0.0,1.0,0.0579,0.0487,0.0398,8.9442,155.7384,0.0173,0.0391,0.3095,0.31,0.2256,0.2707,0.3283,0.3726,7.5902,0.0,DecisionTree,0.7150143966344493,0.7088501322394215,0.708785651359623,0.715378961773928,0.7112414750259082,0.7103429560093166,0.7023065856376424,0.6917387406551108,0.7128414365047365
electricity-normalized,nswprice,45312.0,0.5054,0.1531,0.0,1.0,0.0579,0.0487,0.0398,8.9442,155.7384,0.0173,0.0391,0.3095,0.31,0.2256,0.2707,0.3283,0.3726,7.5902,0.0,LogisticRegression,0.6978773265493767,0.6979998138928701,0.6930140734665214,0.6947333358547958,0.6948757392040992,0.6992328731572962,0.671950184561871,0.6813292693178573,0.6909057317560443
electricity-normalized,nswprice,45312.0,0.5054,0.1531,0.0,1.0,0.0579,0.0487,0.0398,8.9442,155.7384,0.0173,0.0391,0.3095,0.31,0.2256,0.2707,0.3283,0.3726,7.5902,0.0,KNN,0.7153855553003259,0.7149787341218938,0.7160300791910219,0.7176244649636085,0.7155988870606484,0.7130699547498034,0.7146947494833348,0.6978666097255835,0.7144318123636038
electricity-normalized,nswprice,45312.0,0.5054,0.1531,0.0,1.0,0.0579,0.0487,0.0398,8.9442,155.7384,0.0173,0.0391,0.3095,0.31,0.2256,0.2707,0.3283,0.3726,7.5902,0.0,RandomForest,0.7261946382427586,0.7204763584907831,0.719886202083192,0.7201077403073353,0.7191230835671489,0.721008342610088,0.7209118825201315,0.7088077284870214,0.7203062111059442
electricity-normalized,nswprice,45312.0,0.5054,0.1531,0.0,1.0,0.0579,0.0487,0.0398,8.9442,155.7384,0.0173,0.0391,0.3095,0.31,0.2256,0.2707,0.3283,0.3726,7.5902,0.0,AdaBoost,0.7029635257299695,0.6939792256868343,0.6999614970504702,0.7010300083226952,0.7010918160084528,0.7005871496639642,0.6981688279634075,0.6846359872562289,0.6984207798178903
electricity-normalized,nswprice,45312.0,0.5054,0.1531,0.0,1.0,0.0579,0.0487,0.0398,8.9442,155.7384,0.0173,0.0391,0.3095,0.31,0.2256,0.2707,0.3283,0.3726,7.5902,0.0,SVC,0.6991699464267209,0.705110737818255,0.6965002594009786,0.7095549692040072,0.7049794280926415,0.6900389692862112,0.6941789322904719,0.6842019172273445,0.6969276050353099
electricity-normalized,nswprice,45312.0,0.4495,0.1404,0.0,1.0,0.058,0.0485,0.0417,9.4712,161.5377,0.0174,0.0393,0.3,0.3042,0.2273,0.2773,0.3311,0.3821,7.5903,0.0,DecisionTree,0.7186996267143151,0.7156419652863146,0.7174661769994484,0.7208392244365093,0.719172362466751,0.7178643954118913,0.7125031630436808,0.7035138705314057,0.7188523382280829
electricity-normalized,nswprice,45312.0,0.4495,0.1404,0.0,1.0,0.058,0.0485,0.0417,9.4712,161.5377,0.0174,0.0393,0.3,0.3042,0.2273,0.2773,0.3311,0.3821,7.5903,0.0,LogisticRegression,0.704279973883909,0.7056539639133844,0.7012463905535148,0.7036963058038825,0.7049313172296034,0.7067657053208125,0.676526182177882,0.6951287198652716,0.7038621467329718
electricity-normalized,nswprice,45312.0,0.4495,0.1404,0.0,1.0,0.058,0.0485,0.0417,9.4712,161.5377,0.0174,0.0393,0.3,0.3042,0.2273,0.2773,0.3311,0.3821,7.5903,0.0,KNN,0.7205404531685479,0.7203326984344034,0.7200534203776765,0.7216781110204092,0.7234077252929563,0.7206656724697227,0.7200813961311903,0.7064963784072489,0.7216892152949118
electricity-normalized,nswprice,45312.0,0.4495,0.1404,0.0,1.0,0.058,0.0485,0.0417,9.4712,161.5377,0.0174,0.0393,0.3,0.3042,0.2273,0.2773,0.3311,0.3821,7.5903,0.0,RandomForest,0.7344707282645206,0.728695372381551,0.7287963147739166,0.7309630059144621,0.7299371158176606,0.7283768584900618,0.7282292059266213,0.7241428031554497,0.7289101108536853
electricity-normalized,nswprice,45312.0,0.4495,0.1404,0.0,1.0,0.058,0.0485,0.0417,9.4712,161.5377,0.0174,0.0393,0.3,0.3042,0.2273,0.2773,0.3311,0.3821,7.5903,0.0,AdaBoost,0.7033695183835461,0.7002443120995665,0.7089033776496284,0.7095962323866747,0.7108149957419604,0.7063506955230022,0.7030385050571886,0.6950630226180828,0.7045472328693687
electricity-normalized,nswprice,45312.0,0.4495,0.1404,0.0,1.0,0.058,0.0485,0.0417,9.4712,161.5377,0.0174,0.0393,0.3,0.3042,0.2273,0.2773,0.3311,0.3821,7.5903,0.0,SVC,0.6956638029806824,0.7034824794469752,0.7056678871902373,0.7028966729319343,0.7030338589449262,0.7012883910828508,0.7036947497610431,0.6973228124339079,0.7023960564576647
electricity-normalized,nswprice,45312.0,0.3967,0.1306,0.0,0.9818,0.0575,0.0483,0.0385,8.4464,145.8172,0.0173,0.0391,0.3093,0.3137,0.2214,0.2741,0.3224,0.3783,7.5971,0.0,DecisionTree,0.7284848362686326,0.7230930747835254,0.7232515473026996,0.7279059504125404,0.7229211807104403,0.7276056473268842,0.718704276899592,0.7112981577814109,0.7281617039946373
electricity-normalized,nswprice,45312.0,0.3967,0.1306,0.0,0.9818,0.0575,0.0483,0.0385,8.4464,145.8172,0.0173,0.0391,0.3093,0.3137,0.2214,0.2741,0.3224,0.3783,7.5971,0.0,LogisticRegression,0.7096533338620614,0.7112827022241119,0.7074374511539557,0.7082231242571878,0.708349128098779,0.7131113287378109,0.6809641688148365,0.6984698815705679,0.710694965380698
electricity-normalized,nswprice,45312.0,0.3967,0.1306,0.0,0.9818,0.0575,0.0483,0.0385,8.4464,145.8172,0.0173,0.0391,0.3093,0.3137,0.2214,0.2741,0.3224,0.3783,7.5971,0.0,KNN,0.7252106018584761,0.724497304247121,0.7285719429280646,0.7286512514005767,0.7296971843499539,0.7244454906559331,0.7259573331150901,0.716248506421147,0.7268399910911546
electricity-normalized,nswprice,45312.0,0.3967,0.1306,0.0,0.9818,0.0575,0.0483,0.0385,8.4464,145.8172,0.0173,0.0391,0.3093,0.3137,0.2214,0.2741,0.3224,0.3783,7.5971,0.0,RandomForest,0.7395574808646934,0.7359005349623196,0.7379793910787484,0.7380643142466812,0.7378466336562673,0.7390834872515742,0.7365886146383116,0.7317023214496079,0.7354812143277657
electricity-normalized,nswprice,45312.0,0.3967,0.1306,0.0,0.9818,0.0575,0.0483,0.0385,8.4464,145.8172,0.0173,0.0391,0.3093,0.3137,0.2214,0.2741,0.3224,0.3783,7.5971,0.0,AdaBoost,0.7100096639382014,0.7080010008332799,0.713046373231838,0.7138421460646166,0.7137698235505898,0.7123560181702712,0.7065690018974106,0.7015567336621701,0.7097010037633489
electricity-normalized,nswprice,45312.0,0.3967,0.1306,0.0,0.9818,0.0575,0.0483,0.0385,8.4464,145.8172,0.0173,0.0391,0.3093,0.3137,0.2214,0.2741,0.3224,0.3783,7.5971,0.0,SVC,0.7169176783293673,0.7070662738477274,0.7103189088528696,0.7140158731222467,0.7169718373252002,0.7212509189752802,0.6961818224310791,0.7050455734633947,0.7137917120845956
electricity-normalized,nswprice,45312.0,0.3493,0.125,0.0,1.0,0.0578,0.0486,0.0387,8.4563,145.7222,0.0174,0.0394,0.3063,0.3115,0.2238,0.2742,0.3261,0.3779,7.6201,0.0,DecisionTree,0.7334884897290777,0.7319809947817153,0.7313548475136953,0.7303249434958502,0.7331384110415763,0.7309455007864959,0.7267068445634803,0.7190098777681827,0.7283659680863995
electricity-normalized,nswprice,45312.0,0.3493,0.125,0.0,1.0,0.0578,0.0486,0.0387,8.4563,145.7222,0.0174,0.0394,0.3063,0.3115,0.2238,0.2742,0.3261,0.3779,7.6201,0.0,LogisticRegression,0.7165657335248005,0.7177920901605148,0.7139767650405876,0.7146207817111653,0.7153865707477252,0.7193045890439925,0.6876185670840194,0.7049769691074746,0.7145925659586237
electricity-normalized,nswprice,45312.0,0.3493,0.125,0.0,1.0,0.0578,0.0486,0.0387,8.4563,145.7222,0.0174,0.0394,0.3063,0.3115,0.2238,0.2742,0.3261,0.3779,7.6201,0.0,KNN,0.7320506907523805,0.7329296741815888,0.7369509894493017,0.7363952306411314,0.7362397361139476,0.730387943737399,0.7317662913188746,0.7248975221464267,0.7354635137289541
electricity-normalized,nswprice,45312.0,0.3493,0.125,0.0,1.0,0.0578,0.0486,0.0387,8.4563,145.7222,0.0174,0.0394,0.3063,0.3115,0.2238,0.2742,0.3261,0.3779,7.6201,0.0,RandomForest,0.7533217080234036,0.7496417585761389,0.7495925453341692,0.7502283090484685,0.7510923191338822,0.7496354715630122,0.7485943005518771,0.7423640971280643,0.7489748112958923
electricity-normalized,nswprice,45312.0,0.3493,0.125,0.0,1.0,0.0578,0.0486,0.0387,8.4563,145.7222,0.0174,0.0394,0.3063,0.3115,0.2238,0.2742,0.3261,0.3779,7.6201,0.0,AdaBoost,0.7161073055044942,0.7173372032180549,0.7206380437352222,0.7231987305542322,0.7224957831977419,0.7178262957252187,0.7164806474041253,0.70798566988741,0.7174226585520709
electricity-normalized,nswprice,45312.0,0.3493,0.125,0.0,1.0,0.0578,0.0486,0.0387,8.4563,145.7222,0.0174,0.0394,0.3063,0.3115,0.2238,0.2742,0.3261,0.3779,7.6201,0.0,SVC,0.7118325218756645,0.709822649594214,0.7262169301375445,0.7242586178965673,0.7269055349984124,0.7166253126043148,0.7080313650344913,0.7125534848417303,0.7227791566536454
electricity-normalized,nswprice,45312.0,0.3021,0.1184,0.0,1.0,0.0579,0.0485,0.0407,9.508,169.4841,0.0173,0.0392,0.3057,0.3124,0.2265,0.2742,0.3295,0.3778,7.6175,0.0,DecisionTree,0.7385771341832627,0.7340498289304886,0.7359765310604399,0.7383870795632864,0.7391763240780358,0.736745393638369,0.7352766592662583,0.723164646472597,0.7346562557489447
electricity-normalized,nswprice,45312.0,0.3021,0.1184,0.0,1.0,0.0579,0.0485,0.0407,9.508,169.4841,0.0173,0.0392,0.3057,0.3124,0.2265,0.2742,0.3295,0.3778,7.6175,0.0,LogisticRegression,0.7203566938601462,0.7205641931069628,0.7185398616836495,0.7194796575570019,0.7199028322698098,0.7222123495163231,0.696216889203066,0.7072035296219013,0.7184613190913252
electricity-normalized,nswprice,45312.0,0.3021,0.1184,0.0,1.0,0.0579,0.0485,0.0407,9.508,169.4841,0.0173,0.0392,0.3057,0.3124,0.2265,0.2742,0.3295,0.3778,7.6175,0.0,KNN,0.7395084105416678,0.739050972372497,0.7425172305890183,0.7432989738248119,0.742995899082812,0.7386708733367704,0.7409147053029045,0.7312114880955944,0.7421288869291927
electricity-normalized,nswprice,45312.0,0.3021,0.1184,0.0,1.0,0.0579,0.0485,0.0407,9.508,169.4841,0.0173,0.0392,0.3057,0.3124,0.2265,0.2742,0.3295,0.3778,7.6175,0.0,RandomForest,0.7595373161865847,0.7575342930533224,0.7560120857650539,0.7580183932093373,0.7580358908412876,0.7565882014574281,0.7563953636771183,0.7465324484868305,0.7565539321029795
electricity-normalized,nswprice,45312.0,0.3021,0.1184,0.0,1.0,0.0579,0.0485,0.0407,9.508,169.4841,0.0173,0.0392,0.3057,0.3124,0.2265,0.2742,0.3295,0.3778,7.6175,0.0,AdaBoost,0.7188342425102586,0.7198518433437663,0.7230272801479709,0.7247999004626471,0.7248659858406012,0.7189965672874841,0.7197120323494519,0.7105732752078209,0.7230085022917666
electricity-normalized,nswprice,45312.0,0.3021,0.1184,0.0,1.0,0.0579,0.0485,0.0407,9.508,169.4841,0.0173,0.0392,0.3057,0.3124,0.2265,0.2742,0.3295,0.3778,7.6175,0.0,SVC,0.722390508987342,0.7254618180743514,0.7294357980323223,0.7258784468936829,0.7305225245084426,0.7275952011924424,0.7154943513197745,0.7092357205656812,0.7291118092560243
electricity-normalized,nswprice,45312.0,0.2506,0.1117,0.0,1.0,0.0578,0.0486,0.04,9.102,159.2785,0.0175,0.0394,0.3039,0.3053,0.2266,0.274,0.33,0.3777,7.6285,0.0,DecisionTree,0.7415602261268668,0.7425130025119189,0.7428765658991849,0.7456648005367623,0.7456005968316846,0.7452667140829446,0.733787744193333,0.7339003471523493,0.7431200603014234
electricity-normalized,nswprice,45312.0,0.2506,0.1117,0.0,1.0,0.0578,0.0486,0.04,9.102,159.2785,0.0175,0.0394,0.3039,0.3053,0.2266,0.274,0.33,0.3777,7.6285,0.0,LogisticRegression,0.7267778025352409,0.7280558731355096,0.7242914278848226,0.7253067038665487,0.7238839907062041,0.7292883098271815,0.7106646022810418,0.7166277577219513,0.7268363709445843
electricity-normalized,nswprice,45312.0,0.2506,0.1117,0.0,1.0,0.0578,0.0486,0.04,9.102,159.2785,0.0175,0.0394,0.3039,0.3053,0.2266,0.274,0.33,0.3777,7.6285,0.0,KNN,0.7478417000987888,0.7485391235575337,0.7496358103623696,0.7501606347168837,0.7514842237654552,0.7478076482866842,0.7459829611090918,0.7406590369719601,0.7487950365655789
electricity-normalized,nswprice,45312.0,0.2506,0.1117,0.0,1.0,0.0578,0.0486,0.04,9.102,159.2785,0.0175,0.0394,0.3039,0.3053,0.2266,0.274,0.33,0.3777,7.6285,0.0,RandomForest,0.7666053050507295,0.762628341551973,0.7649886298110709,0.7641924711864734,0.7653577982800918,0.7645513937492658,0.7651013632096387,0.758040378581766,0.7636261265162821
electricity-normalized,nswprice,45312.0,0.2506,0.1117,0.0,1.0,0.0578,0.0486,0.04,9.102,159.2785,0.0175,0.0394,0.3039,0.3053,0.2266,0.274,0.33,0.3777,7.6285,0.0,AdaBoost,0.7284535280010784,0.7265640129082989,0.7281404965784734,0.7298865662821905,0.7292001003828289,0.7273693142251357,0.7137526829620006,0.7184909173260029,0.7279139192329477
electricity-normalized,nswprice,45312.0,0.2506,0.1117,0.0,1.0,0.0578,0.0486,0.04,9.102,159.2785,0.0175,0.0394,0.3039,0.3053,0.2266,0.274,0.33,0.3777,7.6285,0.0,SVC,0.7271350307222026,0.7237846873608479,0.7344314518395911,0.7284702981390023,0.7340378567169883,0.7332760360537811,0.7260421025675386,0.7202850580874739,0.7242542526192625
electricity-normalized,nswprice,45312.0,0.1978,0.1067,0.0,1.0,0.0579,0.0487,0.0402,9.0793,158.1255,0.0174,0.0393,0.3049,0.3094,0.2244,0.2725,0.3267,0.3759,7.6333,0.0,DecisionTree,0.7514913065192139,0.7508262414561752,0.7513720562264913,0.7505938810148566,0.7513191689881095,0.7510728262891015,0.7392714674061655,0.7442055931592291,0.75074148296725
electricity-normalized,nswprice,45312.0,0.1978,0.1067,0.0,1.0,0.0579,0.0487,0.0402,9.0793,158.1255,0.0174,0.0393,0.3049,0.3094,0.2244,0.2725,0.3267,0.3759,7.6333,0.0,LogisticRegression,0.7341171104581611,0.7353251371358718,0.7331971441684231,0.7337217887852664,0.7340953520445614,0.7363638275559552,0.715059880495235,0.7266696052475806,0.7353116557971557
electricity-normalized,nswprice,45312.0,0.1978,0.1067,0.0,1.0,0.0579,0.0487,0.0402,9.0793,158.1255,0.0174,0.0393,0.3049,0.3094,0.2244,0.2725,0.3267,0.3759,7.6333,0.0,KNN,0.7547456625748851,0.7561020099543523,0.7584737263341647,0.7579035285764099,0.7584589318950523,0.7548626905502964,0.7529544981624707,0.7496602135382153,0.7571360019188278
electricity-normalized,nswprice,45312.0,0.1978,0.1067,0.0,1.0,0.0579,0.0487,0.0402,9.0793,158.1255,0.0174,0.0393,0.3049,0.3094,0.2244,0.2725,0.3267,0.3759,7.6333,0.0,RandomForest,0.7756019422979926,0.774848521183913,0.7745599675636134,0.7747260398625209,0.7754269672707449,0.7749477153098454,0.7721147484062058,0.7692797575500031,0.7741564258392856
electricity-normalized,nswprice,45312.0,0.1978,0.1067,0.0,1.0,0.0579,0.0487,0.0402,9.0793,158.1255,0.0174,0.0393,0.3049,0.3094,0.2244,0.2725,0.3267,0.3759,7.6333,0.0,AdaBoost,0.7363356726961684,0.7370433454967749,0.7379448834602994,0.7401977895953581,0.7393421776284838,0.7370554158191267,0.7238201511386285,0.7280527907241646,0.7386614327901827
electricity-normalized,nswprice,45312.0,0.1978,0.1067,0.0,1.0,0.0579,0.0487,0.0402,9.0793,158.1255,0.0174,0.0393,0.3049,0.3094,0.2244,0.2725,0.3267,0.3759,7.6333,0.0,SVC,0.7354176528933947,0.7408097473792303,0.7381477654079572,0.7421956055994423,0.739457955685201,0.7369600087237171,0.7224256649366048,0.7271620715075943,0.7431457515383442
electricity-normalized,nswprice,45312.0,0.1514,0.1019,0.0,1.0,0.0578,0.0486,0.0395,8.9403,155.6181,0.0174,0.0393,0.3064,0.3065,0.226,0.2731,0.329,0.3762,7.632,0.0,DecisionTree,0.7597906385510882,0.754200603712861,0.7618184609570381,0.7581315126993696,0.7585842416031333,0.7588747628731627,0.7574562320221654,0.75354496877803,0.7587883923546309
electricity-normalized,nswprice,45312.0,0.1514,0.1019,0.0,1.0,0.0578,0.0486,0.0395,8.9403,155.6181,0.0174,0.0393,0.3064,0.3065,0.226,0.2731,0.329,0.3762,7.632,0.0,LogisticRegression,0.7385286140607883,0.7397005731628891,0.737741496361493,0.7387194888337871,0.7378092918405763,0.7399647506060256,0.7277926000149085,0.7320756392708644,0.7381796842076496
electricity-normalized,nswprice,45312.0,0.1514,0.1019,0.0,1.0,0.0578,0.0486,0.0395,8.9403,155.6181,0.0174,0.0393,0.3064,0.3065,0.226,0.2731,0.329,0.3762,7.632,0.0,KNN,0.7619868048734436,0.7622606704073578,0.763362617496473,0.763602840620993,0.762603534671066,0.7616994116657512,0.7607635689262967,0.7622509444522392,0.7640912072656578
electricity-normalized,nswprice,45312.0,0.1514,0.1019,0.0,1.0,0.0578,0.0486,0.0395,8.9403,155.6181,0.0174,0.0393,0.3064,0.3065,0.226,0.2731,0.329,0.3762,7.632,0.0,RandomForest,0.7819345572388975,0.7815999523362689,0.7817132565182842,0.782341781850219,0.7807683674400927,0.7818240415328224,0.7819264812615566,0.778346480117494,0.7822605998751797
electricity-normalized,nswprice,45312.0,0.1514,0.1019,0.0,1.0,0.0578,0.0486,0.0395,8.9403,155.6181,0.0174,0.0393,0.3064,0.3065,0.226,0.2731,0.329,0.3762,7.632,0.0,AdaBoost,0.7402860717197617,0.7413683259528026,0.742875316250299,0.745379092552739,0.7439111883386889,0.7409024834040746,0.7341484519657713,0.7352895294904512,0.7432937925564989
electricity-normalized,nswprice,45312.0,0.1514,0.1019,0.0,1.0,0.0578,0.0486,0.0395,8.9403,155.6181,0.0174,0.0393,0.3064,0.3065,0.226,0.2731,0.329,0.3762,7.632,0.0,SVC,0.7454753918862111,0.7289090465928574,0.7463582230471304,0.7416649731405909,0.7507611915890636,0.7455996335126556,0.738301950420708,0.7267114495165201,0.7455348810776886
electricity-normalized,nswprice,45312.0,0.1,0.0979,0.0,1.0,0.0579,0.0487,0.0403,9.2161,161.6618,0.0175,0.0393,0.3033,0.3069,0.2256,0.2754,0.3286,0.3796,7.638,0.0,DecisionTree,0.7628215846918708,0.764991706293304,0.7642843710896458,0.767844017169114,0.766060273016236,0.7654746376339037,0.7633778715316946,0.7650595869308421,0.7639841389460534
electricity-normalized,nswprice,45312.0,0.1,0.0979,0.0,1.0,0.0579,0.0487,0.0403,9.2161,161.6618,0.0175,0.0393,0.3033,0.3069,0.2256,0.2754,0.3286,0.3796,7.638,0.0,LogisticRegression,0.7448576208446518,0.7447433795630136,0.7424536849505855,0.7430002949282286,0.7430342009897977,0.7450883457687562,0.7383501036392746,0.7404057954377672,0.7443199298790089
electricity-normalized,nswprice,45312.0,0.1,0.0979,0.0,1.0,0.0579,0.0487,0.0403,9.2161,161.6618,0.0175,0.0393,0.3033,0.3069,0.2256,0.2754,0.3286,0.3796,7.638,0.0,KNN,0.7696491989618145,0.7688466758094041,0.7714386039933978,0.7710096374338435,0.7712069819088576,0.768355126612754,0.7672923025106391,0.7668248156719824,0.770009828624714
electricity-normalized,nswprice,45312.0,0.1,0.0979,0.0,1.0,0.0579,0.0487,0.0403,9.2161,161.6618,0.0175,0.0393,0.3033,0.3069,0.2256,0.2754,0.3286,0.3796,7.638,0.0,RandomForest,0.7919010869669557,0.7914782604456728,0.7911062673865865,0.792526484393255,0.7922975099553095,0.7920488580748584,0.7907908888158363,0.7888622347726706,0.7925273219823421
electricity-normalized,nswprice,45312.0,0.1,0.0979,0.0,1.0,0.0579,0.0487,0.0403,9.2161,161.6618,0.0175,0.0393,0.3033,0.3069,0.2256,0.2754,0.3286,0.3796,7.638,0.0,AdaBoost,0.7471060681573777,0.7483421632242799,0.7475145993882594,0.7488074762998963,0.7494916943566048,0.7504785020249859,0.741482267023235,0.7462283939730001,0.7489212383681179
electricity-normalized,nswprice,45312.0,0.1,0.0979,0.0,1.0,0.0579,0.0487,0.0403,9.2161,161.6618,0.0175,0.0393,0.3033,0.3069,0.2256,0.2754,0.3286,0.3796,7.638,0.0,SVC,0.7438154688481332,0.7476263229414785,0.7470951758509337,0.7466019356723264,0.7493690711287305,0.7553886629748117,0.7447373618122277,0.7507502752558988,0.7546292918173884
electricity-normalized,nswprice,45312.0,0.0504,0.0939,0.0,1.0,0.0579,0.0487,0.04,9.129,160.4957,0.0174,0.0391,0.3052,0.3088,0.2255,0.2752,0.3283,0.3794,7.6427,0.0,DecisionTree,0.7695336653141147,0.7730058121048321,0.7739963146499755,0.7728269655695794,0.7739818386052045,0.7726819491466839,0.7699843607197152,0.7709707718896776,0.7731828020238997
electricity-normalized,nswprice,45312.0,0.0504,0.0939,0.0,1.0,0.0579,0.0487,0.04,9.129,160.4957,0.0174,0.0391,0.3052,0.3088,0.2255,0.2752,0.3283,0.3794,7.6427,0.0,LogisticRegression,0.747405608533451,0.7473948383100998,0.7480844861513709,0.7485513054718866,0.7487992580288068,0.7477798590105946,0.7438185862506921,0.744857327826719,0.7485251702132297
electricity-normalized,nswprice,45312.0,0.0504,0.0939,0.0,1.0,0.0579,0.0487,0.04,9.129,160.4957,0.0174,0.0391,0.3052,0.3088,0.2255,0.2752,0.3283,0.3794,7.6427,0.0,KNN,0.774940073521039,0.775915976839744,0.7783125013442838,0.7783564793161867,0.7785114676502789,0.7762608467914047,0.7750668456702997,0.7743444444018313,0.77829686752108
electricity-normalized,nswprice,45312.0,0.0504,0.0939,0.0,1.0,0.0579,0.0487,0.04,9.129,160.4957,0.0174,0.0391,0.3052,0.3088,0.2255,0.2752,0.3283,0.3794,7.6427,0.0,RandomForest,0.8005191937312938,0.8010961170266806,0.8019068709043391,0.8003917376506646,0.8011867076870626,0.8011078861109533,0.8002542084169694,0.7976492759413947,0.800557971042799
electricity-normalized,nswprice,45312.0,0.0504,0.0939,0.0,1.0,0.0579,0.0487,0.04,9.129,160.4957,0.0174,0.0391,0.3052,0.3088,0.2255,0.2752,0.3283,0.3794,7.6427,0.0,AdaBoost,0.7521077091529969,0.7541242686569145,0.7546523154122033,0.7553580874775366,0.7553236345248193,0.7521149499957512,0.7504357791996875,0.7506900573602164,0.7533367185145012
electricity-normalized,nswprice,45312.0,0.0504,0.0939,0.0,1.0,0.0579,0.0487,0.04,9.129,160.4957,0.0174,0.0391,0.3052,0.3088,0.2255,0.2752,0.3283,0.3794,7.6427,0.0,SVC,0.7448094280206748,0.7520169498791591,0.756221635812709,0.7562701401393235,0.7621618546095692,0.7509455182516974,0.7549732434937998,0.7567140631243027,0.7479223470204803
electricity-normalized,nswdemand,45312.0,0.5014,0.2109,0.0039,0.9563,0.4252,0.4436,0.1632,-0.1066,-0.4233,0.1106,0.2276,0.3003,0.6679,0.2213,0.5006,0.3224,0.6607,8.2479,0.0,DecisionTree,0.7750157188121344,0.7743908992293521,0.7730681341967585,0.7736481774765336,0.7737042397165229,0.7737663220624189,0.7734242051807123,0.7738207281127997,0.7727868752170296
electricity-normalized,nswdemand,45312.0,0.5014,0.2109,0.0039,0.9563,0.4252,0.4436,0.1632,-0.1066,-0.4233,0.1106,0.2276,0.3003,0.6679,0.2213,0.5006,0.3224,0.6607,8.2479,0.0,LogisticRegression,0.7455687530858608,0.7468070960630625,0.7499371079393617,0.7512351081069424,0.7500834980602972,0.7471502444732893,0.7467472921945766,0.7454135094863726,0.7507763030395225
electricity-normalized,nswdemand,45312.0,0.5014,0.2109,0.0039,0.9563,0.4252,0.4436,0.1632,-0.1066,-0.4233,0.1106,0.2276,0.3003,0.6679,0.2213,0.5006,0.3224,0.6607,8.2479,0.0,KNN,0.7739764268863831,0.7733614256269206,0.7744033146086347,0.7724620605505871,0.7734595638659678,0.7740909135142836,0.7737771312014428,0.7651445268093755,0.7731247768899401
electricity-normalized,nswdemand,45312.0,0.5014,0.2109,0.0039,0.9563,0.4252,0.4436,0.1632,-0.1066,-0.4233,0.1106,0.2276,0.3003,0.6679,0.2213,0.5006,0.3224,0.6607,8.2479,0.0,RandomForest,0.7955833154090712,0.7937877759313722,0.7980397170354152,0.7960274064084185,0.793416986811515,0.7943177177878804,0.791924587794909,0.7898443933772276,0.796555455597469
electricity-normalized,nswdemand,45312.0,0.5014,0.2109,0.0039,0.9563,0.4252,0.4436,0.1632,-0.1066,-0.4233,0.1106,0.2276,0.3003,0.6679,0.2213,0.5006,0.3224,0.6607,8.2479,0.0,AdaBoost,0.7578479681606568,0.7582285823052282,0.7590035806864146,0.7590654011359105,0.7582183325933114,0.758013301485144,0.758145618173917,0.758075909238964,0.7589637704046712
electricity-normalized,nswdemand,45312.0,0.5014,0.2109,0.0039,0.9563,0.4252,0.4436,0.1632,-0.1066,-0.4233,0.1106,0.2276,0.3003,0.6679,0.2213,0.5006,0.3224,0.6607,8.2479,0.0,SVC,0.7583409499914994,0.7541923687513534,0.7549613473328181,0.7630242139002095,0.7598462481922171,0.7587783515617154,0.7500319431810764,0.7510150908616771,0.7624991351403664
electricity-normalized,nswdemand,45312.0,0.4495,0.1958,0.0015,0.9808,0.4241,0.4424,0.1641,-0.0895,-0.43,0.1111,0.2279,0.3128,0.6729,0.23,0.5058,0.3345,0.6659,8.2659,0.0,DecisionTree,0.7733396822198869,0.7721995780317206,0.7736429701853385,0.7737895357350801,0.7725390042148365,0.7736306332319873,0.7736857685198034,0.7714690224118058,0.772256159250515
electricity-normalized,nswdemand,45312.0,0.4495,0.1958,0.0015,0.9808,0.4241,0.4424,0.1641,-0.0895,-0.43,0.1111,0.2279,0.3128,0.6729,0.23,0.5058,0.3345,0.6659,8.2659,0.0,LogisticRegression,0.747554259109113,0.7503122265345572,0.7509404562861661,0.7512794703629456,0.7505635904152799,0.7480814081695614,0.7487213337867399,0.7467059065699253,0.7506280228095543
electricity-normalized,nswdemand,45312.0,0.4495,0.1958,0.0015,0.9808,0.4241,0.4424,0.1641,-0.0895,-0.43,0.1111,0.2279,0.3128,0.6729,0.23,0.5058,0.3345,0.6659,8.2659,0.0,KNN,0.7748229212466087,0.7748443419842639,0.7726960115054717,0.7719019906515584,0.7737125293099416,0.7730903227008601,0.7744583893186612,0.7690920808432724,0.7722338332973041
electricity-normalized,nswdemand,45312.0,0.4495,0.1958,0.0015,0.9808,0.4241,0.4424,0.1641,-0.0895,-0.43,0.1111,0.2279,0.3128,0.6729,0.23,0.5058,0.3345,0.6659,8.2659,0.0,RandomForest,0.797622998107545,0.7966892756268641,0.7960679291554928,0.7959254599531624,0.7969788722470499,0.7972688101511124,0.7942510721478999,0.7927667456797952,0.7967267283133069
electricity-normalized,nswdemand,45312.0,0.4495,0.1958,0.0015,0.9808,0.4241,0.4424,0.1641,-0.0895,-0.43,0.1111,0.2279,0.3128,0.6729,0.23,0.5058,0.3345,0.6659,8.2659,0.0,AdaBoost,0.7592081077094667,0.7593394043334205,0.7585756668289042,0.7594294008981877,0.7600757151540042,0.7602891351709413,0.7587216153403981,0.757950996466082,0.7595667431059033
electricity-normalized,nswdemand,45312.0,0.4495,0.1958,0.0015,0.9808,0.4241,0.4424,0.1641,-0.0895,-0.43,0.1111,0.2279,0.3128,0.6729,0.23,0.5058,0.3345,0.6659,8.2659,0.0,SVC,0.7546664460626927,0.749882437212738,0.7588706697316715,0.7599119285906788,0.7541919216265824,0.7586547463920513,0.7550266476538586,0.7551917729532633,0.7589738801476045
electricity-normalized,nswdemand,45312.0,0.3986,0.1815,0.0,1.0,0.425,0.4438,0.1633,-0.0956,-0.393,0.11,0.2263,0.306,0.6715,0.2252,0.5045,0.3276,0.665,8.2714,0.0,DecisionTree,0.7748486106320738,0.7750429193414444,0.7748345593871513,0.7721262157104668,0.7740841411340129,0.7750133803442609,0.7737651437070684,0.7725108703280554,0.7742620800444593
electricity-normalized,nswdemand,45312.0,0.3986,0.1815,0.0,1.0,0.425,0.4438,0.1633,-0.0956,-0.393,0.11,0.2263,0.306,0.6715,0.2252,0.5045,0.3276,0.665,8.2714,0.0,LogisticRegression,0.7468570984943803,0.7490091666336132,0.7508553805691909,0.7515317662973621,0.75092323860786,0.7483528180777046,0.7479702559852438,0.7475084102891195,0.7511599434367402
electricity-normalized,nswdemand,45312.0,0.3986,0.1815,0.0,1.0,0.425,0.4438,0.1633,-0.0956,-0.393,0.11,0.2263,0.306,0.6715,0.2252,0.5045,0.3276,0.665,8.2714,0.0,KNN,0.7740979553351036,0.7734101925087309,0.7746000704516381,0.7762550113327786,0.774249379153146,0.7738250059022164,0.7743264692447941,0.771033032005124,0.7750413954743312
electricity-normalized,nswdemand,45312.0,0.3986,0.1815,0.0,1.0,0.425,0.4438,0.1633,-0.0956,-0.393,0.11,0.2263,0.306,0.6715,0.2252,0.5045,0.3276,0.665,8.2714,0.0,RandomForest,0.7986125818010484,0.7973921758204368,0.7988735142372648,0.7974236864864921,0.796787672401577,0.7975327123273901,0.7961364322713498,0.7949639727653133,0.7962992221387877
electricity-normalized,nswdemand,45312.0,0.3986,0.1815,0.0,1.0,0.425,0.4438,0.1633,-0.0956,-0.393,0.11,0.2263,0.306,0.6715,0.2252,0.5045,0.3276,0.665,8.2714,0.0,AdaBoost,0.7595055130161407,0.758689238022805,0.7596058616102108,0.7594405882106325,0.7584179957329371,0.7589037237297042,0.7593079233676769,0.7589172128077724,0.7595145476179341
electricity-normalized,nswdemand,45312.0,0.3986,0.1815,0.0,1.0,0.425,0.4438,0.1633,-0.0956,-0.393,0.11,0.2263,0.306,0.6715,0.2252,0.5045,0.3276,0.665,8.2714,0.0,SVC,0.7554256799159292,0.7578838333354687,0.7627683214710923,0.7576493468504615,0.7593442226832797,0.7524697487488929,0.7564552464070179,0.7484469700445071,0.7562729923370272
electricity-normalized,nswdemand,45312.0,0.3527,0.1712,0.0,1.0,0.4246,0.4429,0.1643,-0.085,-0.4192,0.112,0.2291,0.3137,0.6692,0.2264,0.5026,0.3298,0.6625,8.2873,0.0,DecisionTree,0.7736531527494754,0.7737168244237385,0.7734963514436,0.7745159282713567,0.7729851540630488,0.7719354621278226,0.77293111984049,0.7725646488211861,0.7739198709850142
electricity-normalized,nswdemand,45312.0,0.3527,0.1712,0.0,1.0,0.4246,0.4429,0.1643,-0.085,-0.4192,0.112,0.2291,0.3137,0.6692,0.2264,0.5026,0.3298,0.6625,8.2873,0.0,LogisticRegression,0.7484677874016911,0.7493911791672756,0.7525778173331372,0.752751972596921,0.7525367872649169,0.7500334935591751,0.7495556096435695,0.7486503334858873,0.7527730334991292
electricity-normalized,nswdemand,45312.0,0.3527,0.1712,0.0,1.0,0.4246,0.4429,0.1643,-0.085,-0.4192,0.112,0.2291,0.3137,0.6692,0.2264,0.5026,0.3298,0.6625,8.2873,0.0,KNN,0.772243493479583,0.7729469398490809,0.7743403713279312,0.7732909079137085,0.7746411351009124,0.7732276689482405,0.7719955064277554,0.7689889786288314,0.7726346794934348
electricity-normalized,nswdemand,45312.0,0.3527,0.1712,0.0,1.0,0.4246,0.4429,0.1643,-0.085,-0.4192,0.112,0.2291,0.3137,0.6692,0.2264,0.5026,0.3298,0.6625,8.2873,0.0,RandomForest,0.7963024161272666,0.7953995239259577,0.7949145833517516,0.7970124385613133,0.7951588661454114,0.7952586286564302,0.7942749026833097,0.7950876849648019,0.7958267396657515
electricity-normalized,nswdemand,45312.0,0.3527,0.1712,0.0,1.0,0.4246,0.4429,0.1643,-0.085,-0.4192,0.112,0.2291,0.3137,0.6692,0.2264,0.5026,0.3298,0.6625,8.2873,0.0,AdaBoost,0.758756945144492,0.7600331357326562,0.7603635951761973,0.7595556066326885,0.759742997162241,0.7601943310434969,0.7596211757503497,0.7580095679998659,0.7604176862879819
electricity-normalized,nswdemand,45312.0,0.3527,0.1712,0.0,1.0,0.4246,0.4429,0.1643,-0.085,-0.4192,0.112,0.2291,0.3137,0.6692,0.2264,0.5026,0.3298,0.6625,8.2873,0.0,SVC,0.7583075511203866,0.7537746552695604,0.7603999810875988,0.7603023585844976,0.7562860280921119,0.760234012995416,0.7565197655996375,0.7558769630566802,0.7623046662923063
electricity-normalized,nswdemand,45312.0,0.2989,0.1586,0.0012,1.0,0.4258,0.4436,0.1638,-0.096,-0.3987,0.1105,0.2268,0.3044,0.6678,0.2264,0.5005,0.3296,0.6602,8.2886,0.0,DecisionTree,0.7737693363196734,0.7759137476703339,0.7753241123120561,0.7755335833425222,0.7754160400078536,0.7769576194793837,0.7741442384794636,0.770205454676922,0.7756714193519127
electricity-normalized,nswdemand,45312.0,0.2989,0.1586,0.0012,1.0,0.4258,0.4436,0.1638,-0.096,-0.3987,0.1105,0.2268,0.3044,0.6678,0.2264,0.5005,0.3296,0.6602,8.2886,0.0,LogisticRegression,0.7498693745552393,0.7519126748398113,0.7522970856648057,0.7526824611695444,0.752029819132572,0.7503571389443072,0.7503700374450774,0.7497835084814344,0.7523708583439693
electricity-normalized,nswdemand,45312.0,0.2989,0.1586,0.0012,1.0,0.4258,0.4436,0.1638,-0.096,-0.3987,0.1105,0.2268,0.3044,0.6678,0.2264,0.5005,0.3296,0.6602,8.2886,0.0,KNN,0.775108694040403,0.7758536714000186,0.7750019857606104,0.7744370092882155,0.7761164324517739,0.7762360583811916,0.7761407055913062,0.7724579015192483,0.7767813389722145
electricity-normalized,nswdemand,45312.0,0.2989,0.1586,0.0012,1.0,0.4258,0.4436,0.1638,-0.096,-0.3987,0.1105,0.2268,0.3044,0.6678,0.2264,0.5005,0.3296,0.6602,8.2886,0.0,RandomForest,0.8016048105799344,0.7996654075709047,0.8020928158597045,0.8003952093901691,0.7999266951364934,0.7995775017427739,0.7993885064519786,0.7977385889104027,0.7996650874753914
electricity-normalized,nswdemand,45312.0,0.2989,0.1586,0.0012,1.0,0.4258,0.4436,0.1638,-0.096,-0.3987,0.1105,0.2268,0.3044,0.6678,0.2264,0.5005,0.3296,0.6602,8.2886,0.0,AdaBoost,0.7599665728729472,0.7604258035006798,0.7608765878646224,0.7614278330493196,0.7617502123385529,0.760920016160463,0.7607065546381344,0.7592298418130855,0.7603887732561492
electricity-normalized,nswdemand,45312.0,0.2989,0.1586,0.0012,1.0,0.4258,0.4436,0.1638,-0.096,-0.3987,0.1105,0.2268,0.3044,0.6678,0.2264,0.5005,0.3296,0.6602,8.2886,0.0,SVC,0.7592988269242051,0.7542509529098465,0.7500781901278695,0.762436379354261,0.756692152970679,0.7631754888105572,0.7537054967938862,0.7602908307270198,0.7598479221842426
electricity-normalized,nswdemand,45312.0,0.2487,0.149,0.0,1.0,0.4252,0.443,0.1631,-0.0992,-0.4131,0.1104,0.2266,0.3021,0.6695,0.2257,0.5015,0.3287,0.6612,8.2929,0.0,DecisionTree,0.7745801632771434,0.775365255719771,0.7723775191971494,0.7739761353626066,0.775233068106952,0.7753066524274187,0.7747250587218815,0.7729066726007721,0.774823611896204
electricity-normalized,nswdemand,45312.0,0.2487,0.149,0.0,1.0,0.4252,0.443,0.1631,-0.0992,-0.4131,0.1104,0.2266,0.3021,0.6695,0.2257,0.5015,0.3287,0.6612,8.2929,0.0,LogisticRegression,0.7494382990357102,0.7518729295497363,0.7522249650223014,0.7526559708844125,0.7521427996592043,0.7508909954613732,0.7504322593443715,0.7493144143986872,0.7521249146569928
electricity-normalized,nswdemand,45312.0,0.2487,0.149,0.0,1.0,0.4252,0.443,0.1631,-0.0992,-0.4131,0.1104,0.2266,0.3021,0.6695,0.2257,0.5015,0.3287,0.6612,8.2929,0.0,KNN,0.7760671681290057,0.7761737830963885,0.7761350363728923,0.7771368493634851,0.7759442207314298,0.7763822926996071,0.7765034092362982,0.7758103704150097,0.7767519267190559
electricity-normalized,nswdemand,45312.0,0.2487,0.149,0.0,1.0,0.4252,0.443,0.1631,-0.0992,-0.4131,0.1104,0.2266,0.3021,0.6695,0.2257,0.5015,0.3287,0.6612,8.2929,0.0,RandomForest,0.801016001321226,0.7984644777163702,0.8015579410678983,0.8000955697272263,0.8009502299928295,0.7993749825636403,0.7989290940652716,0.7980683378543401,0.7997555498175677
electricity-normalized,nswdemand,45312.0,0.2487,0.149,0.0,1.0,0.4252,0.443,0.1631,-0.0992,-0.4131,0.1104,0.2266,0.3021,0.6695,0.2257,0.5015,0.3287,0.6612,8.2929,0.0,AdaBoost,0.759459613189204,0.7607860186628724,0.7607045632497494,0.760982115043739,0.7603175897531069,0.7609994868523937,0.759941345063124,0.7581863261984371,0.7601253247759419
electricity-normalized,nswdemand,45312.0,0.2487,0.149,0.0,1.0,0.4252,0.443,0.1631,-0.0992,-0.4131,0.1104,0.2266,0.3021,0.6695,0.2257,0.5015,0.3287,0.6612,8.2929,0.0,SVC,0.759376791724065,0.7604666879850508,0.7581884506598734,0.7542075108271831,0.7648854818334141,0.7550610703324316,0.7570805912295329,0.7586055109001045,0.7581890860497489
electricity-normalized,nswdemand,45312.0,0.2004,0.1415,0.0,1.0,0.4248,0.4432,0.1633,-0.099,-0.4141,0.1103,0.2264,0.3092,0.6681,0.2234,0.5013,0.3251,0.6612,8.299,0.0,DecisionTree,0.7774285461873226,0.7765581806881672,0.7785843680253968,0.7784855056042773,0.7775855760888272,0.7779724251297926,0.7776490408363983,0.7766678127395721,0.7791675469531487
electricity-normalized,nswdemand,45312.0,0.2004,0.1415,0.0,1.0,0.4248,0.4432,0.1633,-0.099,-0.4141,0.1103,0.2264,0.3092,0.6681,0.2234,0.5013,0.3251,0.6612,8.299,0.0,LogisticRegression,0.7511511396614713,0.7520054855438681,0.7539455930101653,0.753678673334468,0.7532901344662704,0.752049508472268,0.7517410437902101,0.7510452045578491,0.7534900854356458
electricity-normalized,nswdemand,45312.0,0.2004,0.1415,0.0,1.0,0.4248,0.4432,0.1633,-0.099,-0.4141,0.1103,0.2264,0.3092,0.6681,0.2234,0.5013,0.3251,0.6612,8.299,0.0,KNN,0.7772621916097731,0.7790101779401175,0.781628140146787,0.7783659560984839,0.779460619175866,0.7782482606929658,0.7786525996551902,0.7777519597655943,0.7796229274940886
electricity-normalized,nswdemand,45312.0,0.2004,0.1415,0.0,1.0,0.4248,0.4432,0.1633,-0.099,-0.4141,0.1103,0.2264,0.3092,0.6681,0.2234,0.5013,0.3251,0.6612,8.299,0.0,RandomForest,0.8021716035017699,0.799529098277844,0.80211879561153,0.8014645900566173,0.8003592334755066,0.79974540264328,0.800884985924425,0.7997150505806262,0.8023759431251694
electricity-normalized,nswdemand,45312.0,0.2004,0.1415,0.0,1.0,0.4248,0.4432,0.1633,-0.099,-0.4141,0.1103,0.2264,0.3092,0.6681,0.2234,0.5013,0.3251,0.6612,8.299,0.0,AdaBoost,0.760342639188137,0.7610290596892162,0.7605068829317959,0.7615933782361792,0.760777526340459,0.7606920135116211,0.7600209996027157,0.7594281376979939,0.7609497608470621
electricity-normalized,nswdemand,45312.0,0.2004,0.1415,0.0,1.0,0.4248,0.4432,0.1633,-0.099,-0.4141,0.1103,0.2264,0.3092,0.6681,0.2234,0.5013,0.3251,0.6612,8.299,0.0,SVC,0.7561998129358587,0.7616892480192416,0.7625895937044761,0.7649549979951301,0.7583924742237955,0.7577558904800701,0.7563458476141338,0.7629230961807592,0.7644801610060306
electricity-normalized,nswdemand,45312.0,0.1495,0.1338,0.0,1.0,0.4257,0.4444,0.1631,-0.1052,-0.4051,0.1101,0.226,0.3026,0.669,0.2229,0.5015,0.3245,0.6614,8.3018,0.0,DecisionTree,0.7771959088278246,0.7780710955846943,0.7793062692880728,0.7785026364921526,0.7781715746513574,0.7776583632859795,0.7791710111039502,0.7797889529009077,0.7772448940788363
electricity-normalized,nswdemand,45312.0,0.1495,0.1338,0.0,1.0,0.4257,0.4444,0.1631,-0.1052,-0.4051,0.1101,0.226,0.3026,0.669,0.2229,0.5015,0.3245,0.6614,8.3018,0.0,LogisticRegression,0.7520238722115343,0.752628216803153,0.7537705204269372,0.7543079391353188,0.7537933434570524,0.7530211670670723,0.7521277686584428,0.7513124261394305,0.7543452933833659
electricity-normalized,nswdemand,45312.0,0.1495,0.1338,0.0,1.0,0.4257,0.4444,0.1631,-0.1052,-0.4051,0.1101,0.226,0.3026,0.669,0.2229,0.5015,0.3245,0.6614,8.3018,0.0,KNN,0.7804878397755075,0.7809008353573879,0.779627684027685,0.7801955604975134,0.7786647972703759,0.7811577150091644,0.7815601830599093,0.7807169737906039,0.7812606199461971
electricity-normalized,nswdemand,45312.0,0.1495,0.1338,0.0,1.0,0.4257,0.4444,0.1631,-0.1052,-0.4051,0.1101,0.226,0.3026,0.669,0.2229,0.5015,0.3245,0.6614,8.3018,0.0,RandomForest,0.8055574701394362,0.8045221023672283,0.8049531213700065,0.8048206262676459,0.8040398144383222,0.8037843378654639,0.8049236506894103,0.8051739122712424,0.8049112778383454
electricity-normalized,nswdemand,45312.0,0.1495,0.1338,0.0,1.0,0.4257,0.4444,0.1631,-0.1052,-0.4051,0.1101,0.226,0.3026,0.669,0.2229,0.5015,0.3245,0.6614,8.3018,0.0,AdaBoost,0.7599971642862176,0.7615017092299501,0.7607987061540761,0.7615809899700259,0.7615471188399147,0.7609289436824753,0.7601039452767255,0.7594981862538832,0.7611617804028847
electricity-normalized,nswdemand,45312.0,0.1495,0.1338,0.0,1.0,0.4257,0.4444,0.1631,-0.1052,-0.4051,0.1101,0.226,0.3026,0.669,0.2229,0.5015,0.3245,0.6614,8.3018,0.0,SVC,0.7585025189820123,0.7519153645601112,0.7643513294904198,0.7658524697326953,0.7614065541169757,0.7619900910568675,0.763503774652632,0.7570076947594011,0.7641078547886473
electricity-normalized,nswdemand,45312.0,0.0987,0.1272,0.0,1.0,0.4253,0.4436,0.1632,-0.0985,-0.4106,0.1104,0.227,0.3064,0.6668,0.2257,0.5002,0.3286,0.66,8.3073,0.0,DecisionTree,0.7786988896427818,0.7780116432561979,0.7794789208688933,0.7795055688370509,0.7795131999110756,0.7799880477539625,0.7794329170415113,0.7794473313024498,0.7779419397266732
electricity-normalized,nswdemand,45312.0,0.0987,0.1272,0.0,1.0,0.4253,0.4436,0.1632,-0.0985,-0.4106,0.1104,0.227,0.3064,0.6668,0.2257,0.5002,0.3286,0.66,8.3073,0.0,LogisticRegression,0.7521401228612363,0.7531891519572105,0.7531197594107496,0.7534995338286249,0.7532460955413159,0.7524971603784607,0.7524857808431396,0.7526049568581532,0.7534305781592395
electricity-normalized,nswdemand,45312.0,0.0987,0.1272,0.0,1.0,0.4253,0.4436,0.1632,-0.0985,-0.4106,0.1104,0.227,0.3064,0.6668,0.2257,0.5002,0.3286,0.66,8.3073,0.0,KNN,0.781822621786332,0.78064139156139,0.7817268542849303,0.7813511274256475,0.7806356047079479,0.7814177599259944,0.7810968768063749,0.7817600170832,0.7822143144964765
electricity-normalized,nswdemand,45312.0,0.0987,0.1272,0.0,1.0,0.4253,0.4436,0.1632,-0.0985,-0.4106,0.1104,0.227,0.3064,0.6668,0.2257,0.5002,0.3286,0.66,8.3073,0.0,RandomForest,0.8063510135299253,0.8052592149485379,0.807023329360725,0.8061217689248097,0.8062419416688519,0.8066682208376588,0.8059733194778624,0.8053010804737366,0.8067903089367642
electricity-normalized,nswdemand,45312.0,0.0987,0.1272,0.0,1.0,0.4253,0.4436,0.1632,-0.0985,-0.4106,0.1104,0.227,0.3064,0.6668,0.2257,0.5002,0.3286,0.66,8.3073,0.0,AdaBoost,0.7600831386111648,0.7621775059968954,0.7614748838408805,0.7616103245437477,0.7618831898454772,0.7612803574188418,0.760248046524297,0.7606420684226668,0.761658225451879
electricity-normalized,nswdemand,45312.0,0.0987,0.1272,0.0,1.0,0.4253,0.4436,0.1632,-0.0985,-0.4106,0.1104,0.227,0.3064,0.6668,0.2257,0.5002,0.3286,0.66,8.3073,0.0,SVC,0.7645707997622662,0.7619534021032464,0.7628485718816245,0.7643163466575768,0.7622368818550891,0.7564733851931549,0.7601493042858289,0.7637195420428514,0.761912270568882
electricity-normalized,nswdemand,45312.0,0.0501,0.1216,0.0012,1.0,0.425,0.4433,0.1635,-0.0969,-0.4218,0.111,0.2278,0.3058,0.6687,0.2253,0.5019,0.3282,0.6617,8.3133,0.0,DecisionTree,0.7791592278042506,0.7800821258293762,0.7802260468132949,0.7816646750492502,0.7808438446106897,0.7810917850499033,0.778826671292768,0.7800263993193839,0.7819288622139526
electricity-normalized,nswdemand,45312.0,0.0501,0.1216,0.0012,1.0,0.425,0.4433,0.1635,-0.0969,-0.4218,0.111,0.2278,0.3058,0.6687,0.2253,0.5019,0.3282,0.6617,8.3133,0.0,LogisticRegression,0.7544882813706016,0.75424517809309,0.7542381016185753,0.7542612030779327,0.7540739066719877,0.7541634465437025,0.7544231763346543,0.754093666944529,0.7542671477175278
electricity-normalized,nswdemand,45312.0,0.0501,0.1216,0.0012,1.0,0.425,0.4433,0.1635,-0.0969,-0.4218,0.111,0.2278,0.3058,0.6687,0.2253,0.5019,0.3282,0.6617,8.3133,0.0,KNN,0.7843270064337695,0.7839840367621201,0.7860808714135057,0.7849586107352571,0.7851142116744496,0.7853588935730359,0.7845824259386833,0.7834941293574506,0.784884960245762
electricity-normalized,nswdemand,45312.0,0.0501,0.1216,0.0012,1.0,0.425,0.4433,0.1635,-0.0969,-0.4218,0.111,0.2278,0.3058,0.6687,0.2253,0.5019,0.3282,0.6617,8.3133,0.0,RandomForest,0.8088282113803218,0.8093711217228605,0.8099422475534186,0.8093673935882306,0.8082092892287333,0.8085758429188997,0.8093870784315137,0.8066016652503327,0.8091436318114847
electricity-normalized,nswdemand,45312.0,0.0501,0.1216,0.0012,1.0,0.425,0.4433,0.1635,-0.0969,-0.4218,0.111,0.2278,0.3058,0.6687,0.2253,0.5019,0.3282,0.6617,8.3133,0.0,AdaBoost,0.7612009071385174,0.7625583882954621,0.760850748568083,0.7624219233623346,0.7614079467923827,0.7626912575908478,0.7611528594955492,0.7605748349555566,0.7616468970534858
electricity-normalized,nswdemand,45312.0,0.0501,0.1216,0.0012,1.0,0.425,0.4433,0.1635,-0.0969,-0.4218,0.111,0.2278,0.3058,0.6687,0.2253,0.5019,0.3282,0.6617,8.3133,0.0,SVC,0.7605952489797323,0.7652478436826644,0.7653800071827348,0.766380376199016,0.7595144191981245,0.7582993556116058,0.7581861699743542,0.7570735168299895,0.7625968216247336
electricity-normalized,vicdemand,45312.0,0.501,0.1142,0.0,0.9837,0.4228,0.4229,0.1209,0.1551,0.8323,0.0493,0.0979,0.3026,0.6676,0.2722,0.502,0.3749,0.6621,5.3916,0.0,DecisionTree,0.7704470224519345,0.7694772317720027,0.7725171777716923,0.7733279736319489,0.7734432249841146,0.7716735903019961,0.770973181816345,0.7679065903100335,0.7695448808817611
electricity-normalized,vicdemand,45312.0,0.501,0.1142,0.0,0.9837,0.4228,0.4229,0.1209,0.1551,0.8323,0.0493,0.0979,0.3026,0.6676,0.2722,0.502,0.3749,0.6621,5.3916,0.0,LogisticRegression,0.7544311378421877,0.7547260167267806,0.753612922693695,0.7537422600020777,0.7533736171881615,0.7542613101932842,0.7542498445470482,0.754434011203232,0.7538307644649207
electricity-normalized,vicdemand,45312.0,0.501,0.1142,0.0,0.9837,0.4228,0.4229,0.1209,0.1551,0.8323,0.0493,0.0979,0.3026,0.6676,0.2722,0.502,0.3749,0.6621,5.3916,0.0,KNN,0.767053518011632,0.7691521881630011,0.7692757575702278,0.7691048083395992,0.7684614557708171,0.7670705024071456,0.7676974401636971,0.7663444859029319,0.7689079208968087
electricity-normalized,vicdemand,45312.0,0.501,0.1142,0.0,0.9837,0.4228,0.4229,0.1209,0.1551,0.8323,0.0493,0.0979,0.3026,0.6676,0.2722,0.502,0.3749,0.6621,5.3916,0.0,RandomForest,0.7909316695324056,0.7862903360822292,0.7857937005673981,0.7867477798435869,0.7848216141568782,0.7848338344840103,0.7878076135624161,0.7856585766540121,0.78624072333599
electricity-normalized,vicdemand,45312.0,0.501,0.1142,0.0,0.9837,0.4228,0.4229,0.1209,0.1551,0.8323,0.0493,0.0979,0.3026,0.6676,0.2722,0.502,0.3749,0.6621,5.3916,0.0,AdaBoost,0.7577872432012113,0.7569669054245616,0.757725804448693,0.755985037364881,0.7557500426319165,0.7554175842870039,0.757024551804242,0.7566553417630492,0.7554770139499163
electricity-normalized,vicdemand,45312.0,0.501,0.1142,0.0,0.9837,0.4228,0.4229,0.1209,0.1551,0.8323,0.0493,0.0979,0.3026,0.6676,0.2722,0.502,0.3749,0.6621,5.3916,0.0,SVC,0.7570599638128886,0.7494175904078371,0.760698047978958,0.7538871180695155,0.7594391505169656,0.7560631447795623,0.7519404174942443,0.7536877406369393,0.7598138296569074
electricity-normalized,vicdemand,45312.0,0.45,0.1059,0.0241,1.0,0.4228,0.4229,0.1215,0.1467,0.8925,0.0495,0.0989,0.3135,0.6721,0.2715,0.5025,0.3745,0.6628,5.4076,0.0,DecisionTree,0.7692621609827913,0.770442820976066,0.7736006830000821,0.771583654638587,0.7706469403007151,0.7720273470173913,0.7685799524347336,0.764948994808712,0.7726023345457151
electricity-normalized,vicdemand,45312.0,0.45,0.1059,0.0241,1.0,0.4228,0.4229,0.1215,0.1467,0.8925,0.0495,0.0989,0.3135,0.6721,0.2715,0.5025,0.3745,0.6628,5.4076,0.0,LogisticRegression,0.7545640758399716,0.754688507639679,0.7532265386255257,0.7533439309216954,0.7531259397423378,0.7545873199421644,0.7545384492228445,0.7542986319603321,0.7531336002131231
electricity-normalized,vicdemand,45312.0,0.45,0.1059,0.0241,1.0,0.4228,0.4229,0.1215,0.1467,0.8925,0.0495,0.0989,0.3135,0.6721,0.2715,0.5025,0.3745,0.6628,5.4076,0.0,KNN,0.769306922258694,0.7699298226507272,0.7694365657758748,0.7702115822092734,0.7694627656698185,0.7679581490763574,0.7702431393590757,0.7654409206499602,0.7707097758625765
electricity-normalized,vicdemand,45312.0,0.45,0.1059,0.0241,1.0,0.4228,0.4229,0.1215,0.1467,0.8925,0.0495,0.0989,0.3135,0.6721,0.2715,0.5025,0.3745,0.6628,5.4076,0.0,RandomForest,0.7913881799573059,0.7866469081312749,0.7896350036589291,0.7880986466111938,0.7870975797829933,0.7860782966698631,0.7868516414170561,0.7860470177614949,0.7875552374165358
electricity-normalized,vicdemand,45312.0,0.45,0.1059,0.0241,1.0,0.4228,0.4229,0.1215,0.1467,0.8925,0.0495,0.0989,0.3135,0.6721,0.2715,0.5025,0.3745,0.6628,5.4076,0.0,AdaBoost,0.7564462374762084,0.7565482135789648,0.757301405985292,0.7563584115081943,0.7570726578621346,0.7552703521654016,0.7579987236216947,0.7566178300454398,0.7552714417962696
electricity-normalized,vicdemand,45312.0,0.45,0.1059,0.0241,1.0,0.4228,0.4229,0.1215,0.1467,0.8925,0.0495,0.0989,0.3135,0.6721,0.2715,0.5025,0.3745,0.6628,5.4076,0.0,SVC,0.7571314773871802,0.7549643302941712,0.7531095566608305,0.7579041674622812,0.7589020525164455,0.7540365244915955,0.7501041996503148,0.749701259789381,0.7531603358877454
electricity-normalized,vicdemand,45312.0,0.3989,0.0975,0.0,0.9837,0.4219,0.4229,0.1207,0.1615,0.8979,0.0489,0.0979,0.3146,0.6668,0.2739,0.499,0.3772,0.6586,5.403,0.0,DecisionTree,0.7717685550119096,0.7713099345479041,0.773109149108845,0.7723278743849972,0.770436326087445,0.7715298826377683,0.7720209021604327,0.771001756081398,0.7724432975574222
electricity-normalized,vicdemand,45312.0,0.3989,0.0975,0.0,0.9837,0.4219,0.4229,0.1207,0.1615,0.8979,0.0489,0.0979,0.3146,0.6668,0.2739,0.499,0.3772,0.6586,5.403,0.0,LogisticRegression,0.7545219056996082,0.7546226358745057,0.753791458357461,0.753851067716751,0.7541278888400831,0.7546132633804914,0.7542650606083454,0.7546016301305158,0.7538337144830275
electricity-normalized,vicdemand,45312.0,0.3989,0.0975,0.0,0.9837,0.4219,0.4229,0.1207,0.1615,0.8979,0.0489,0.0979,0.3146,0.6668,0.2739,0.499,0.3772,0.6586,5.403,0.0,KNN,0.7703729595520689,0.7737821042981211,0.7716324311707542,0.7724239148568809,0.7720434638790101,0.7718895485610661,0.7728731099648113,0.7677309870941114,0.7724036981811471
electricity-normalized,vicdemand,45312.0,0.3989,0.0975,0.0,0.9837,0.4219,0.4229,0.1207,0.1615,0.8979,0.0489,0.0979,0.3146,0.6668,0.2739,0.499,0.3772,0.6586,5.403,0.0,RandomForest,0.7926814424109373,0.7892326791254769,0.7920191867490969,0.7897703950032331,0.7894243781377693,0.7882555193269731,0.7898440937924815,0.7874700365495371,0.7890725223530646
electricity-normalized,vicdemand,45312.0,0.3989,0.0975,0.0,0.9837,0.4219,0.4229,0.1207,0.1615,0.8979,0.0489,0.0979,0.3146,0.6668,0.2739,0.499,0.3772,0.6586,5.403,0.0,AdaBoost,0.7574016188448314,0.7567309895443557,0.7567911685876538,0.756060602691228,0.7563971579947709,0.755594300073911,0.7581407400276458,0.7572823271182622,0.7551904554302213
electricity-normalized,vicdemand,45312.0,0.3989,0.0975,0.0,0.9837,0.4219,0.4229,0.1207,0.1615,0.8979,0.0489,0.0979,0.3146,0.6668,0.2739,0.499,0.3772,0.6586,5.403,0.0,SVC,0.7565315327247412,0.7521207164359428,0.7595231856580292,0.7552346306396381,0.7602360311728049,0.7576707919546352,0.7566406936931847,0.7611016229217243,0.7572188072205539
electricity-normalized,vicdemand,45312.0,0.3509,0.0916,0.0,1.0,0.4229,0.4229,0.1208,0.1598,0.9064,0.0497,0.0988,0.3031,0.6656,0.2729,0.5007,0.3763,0.6609,5.3977,0.0,DecisionTree,0.7727173698746985,0.7749130631668714,0.7740901264664457,0.7761467595425138,0.7746733647145151,0.7728014276883994,0.7719528360927757,0.7679920009541088,0.7757106293132433
electricity-normalized,vicdemand,45312.0,0.3509,0.0916,0.0,1.0,0.4229,0.4229,0.1208,0.1598,0.9064,0.0497,0.0988,0.3031,0.6656,0.2729,0.5007,0.3763,0.6609,5.3977,0.0,LogisticRegression,0.7542556933040406,0.7542091838913326,0.7534969866872465,0.7536093508654469,0.7533298203017297,0.7540794396410504,0.7541084188624299,0.7542815897034867,0.7534795243977491
electricity-normalized,vicdemand,45312.0,0.3509,0.0916,0.0,1.0,0.4229,0.4229,0.1208,0.1598,0.9064,0.0497,0.0988,0.3031,0.6656,0.2729,0.5007,0.3763,0.6609,5.3977,0.0,KNN,0.7741024538967876,0.7732845364621593,0.7751900520631835,0.7750015620612989,0.7745235308472056,0.7727893494081128,0.7737985426476381,0.7710948233799864,0.7752236277156881
electricity-normalized,vicdemand,45312.0,0.3509,0.0916,0.0,1.0,0.4229,0.4229,0.1208,0.1598,0.9064,0.0497,0.0988,0.3031,0.6656,0.2729,0.5007,0.3763,0.6609,5.3977,0.0,RandomForest,0.7947670000114904,0.79193242191896,0.7925533186628677,0.7924551762401497,0.7927584226415814,0.7905990727476542,0.7934403180098639,0.7920540548361918,0.7920549749443551
electricity-normalized,vicdemand,45312.0,0.3509,0.0916,0.0,1.0,0.4229,0.4229,0.1208,0.1598,0.9064,0.0497,0.0988,0.3031,0.6656,0.2729,0.5007,0.3763,0.6609,5.3977,0.0,AdaBoost,0.7595149574513056,0.7570333814679719,0.7574713913181073,0.7579349849520398,0.7577506423479458,0.7574318040527938,0.7596716871566891,0.7575466498667623,0.7580570824764001
electricity-normalized,vicdemand,45312.0,0.3509,0.0916,0.0,1.0,0.4229,0.4229,0.1208,0.1598,0.9064,0.0497,0.0988,0.3031,0.6656,0.2729,0.5007,0.3763,0.6609,5.3977,0.0,SVC,0.7476564046298694,0.7530970317841634,0.7581214500788999,0.7611774531420679,0.7594775816214958,0.7545635454992727,0.7497548418057991,0.7609248830713738,0.7579809403158841
electricity-normalized,vicdemand,45312.0,0.2987,0.0864,0.0,1.0,0.4232,0.4229,0.1214,0.161,0.9142,0.0489,0.0976,0.3129,0.6702,0.275,0.5028,0.3788,0.6629,5.4129,0.0,DecisionTree,0.7721554437326084,0.7738553711224827,0.7740308135908389,0.7744447523609598,0.7734536623155902,0.7734212702363449,0.7739453490743016,0.772165304321655,0.7748527779472698
electricity-normalized,vicdemand,45312.0,0.2987,0.0864,0.0,1.0,0.4232,0.4229,0.1214,0.161,0.9142,0.0489,0.0976,0.3129,0.6702,0.275,0.5028,0.3788,0.6629,5.4129,0.0,LogisticRegression,0.7546278725190927,0.7546339847439698,0.7539275328424131,0.7539845706145881,0.7541318848796654,0.7546511026290439,0.7545037965490164,0.7546220491388528,0.7540129221296012
electricity-normalized,vicdemand,45312.0,0.2987,0.0864,0.0,1.0,0.4232,0.4229,0.1214,0.161,0.9142,0.0489,0.0976,0.3129,0.6702,0.275,0.5028,0.3788,0.6629,5.4129,0.0,KNN,0.7748421350989544,0.7767924215157953,0.7743228321558489,0.7751136156339281,0.7747860016768954,0.7732005427741021,0.7758613325894406,0.7725642449651269,0.7762007594649942
electricity-normalized,vicdemand,45312.0,0.2987,0.0864,0.0,1.0,0.4232,0.4229,0.1214,0.161,0.9142,0.0489,0.0976,0.3129,0.6702,0.275,0.5028,0.3788,0.6629,5.4129,0.0,RandomForest,0.7970602543905614,0.7967138594863636,0.7950844999625346,0.7951733902554757,0.7965123682485808,0.7934810677762593,0.7957471426298155,0.7925775416859013,0.7952288226251565
electricity-normalized,vicdemand,45312.0,0.2987,0.0864,0.0,1.0,0.4232,0.4229,0.1214,0.161,0.9142,0.0489,0.0976,0.3129,0.6702,0.275,0.5028,0.3788,0.6629,5.4129,0.0,AdaBoost,0.7598761548975165,0.7587223325201375,0.7570737098719132,0.7570618848449207,0.7565040249527011,0.7581035949077449,0.7598265901089711,0.7581774158340601,0.7574033017289394
electricity-normalized,vicdemand,45312.0,0.2987,0.0864,0.0,1.0,0.4232,0.4229,0.1214,0.161,0.9142,0.0489,0.0976,0.3129,0.6702,0.275,0.5028,0.3788,0.6629,5.4129,0.0,SVC,0.7541212025524743,0.7516889290495048,0.7574361325733279,0.7622614020767052,0.7614452275600492,0.7562094110792639,0.7621714994215312,0.756292502715378,0.7506235164431604
electricity-normalized,vicdemand,45312.0,0.2527,0.0807,0.0,1.0,0.4228,0.4229,0.1206,0.1498,0.9002,0.0485,0.0968,0.3029,0.6691,0.2707,0.5022,0.3731,0.6622,5.3947,0.0,DecisionTree,0.7738268339682212,0.7768661608054691,0.7744529601158927,0.7751493818939122,0.7755822476485017,0.7755295980101109,0.7734324922622217,0.773585283749716,0.7767457729905898
electricity-normalized,vicdemand,45312.0,0.2527,0.0807,0.0,1.0,0.4228,0.4229,0.1206,0.1498,0.9002,0.0485,0.0968,0.3029,0.6691,0.2707,0.5022,0.3731,0.6622,5.3947,0.0,LogisticRegression,0.754221603146545,0.7544666409348446,0.753967867139048,0.7541002094526126,0.7541001410520123,0.7543363983037714,0.754198330585223,0.7539217653833089,0.7538236877301853
electricity-normalized,vicdemand,45312.0,0.2527,0.0807,0.0,1.0,0.4228,0.4229,0.1206,0.1498,0.9002,0.0485,0.0968,0.3029,0.6691,0.2707,0.5022,0.3731,0.6622,5.3947,0.0,KNN,0.7762499674127463,0.7763992795954311,0.7749172462292643,0.774451754174249,0.7761425434690682,0.7755348550299208,0.7752656974400023,0.775451615677365,0.7759354412541848
electricity-normalized,vicdemand,45312.0,0.2527,0.0807,0.0,1.0,0.4228,0.4229,0.1206,0.1498,0.9002,0.0485,0.0968,0.3029,0.6691,0.2707,0.5022,0.3731,0.6622,5.3947,0.0,RandomForest,0.7987178759643895,0.7958127701214339,0.7968363544346739,0.7967316114476387,0.7970518658791426,0.7955256654537388,0.7986504639373645,0.7949062119820276,0.7959072355359803
electricity-normalized,vicdemand,45312.0,0.2527,0.0807,0.0,1.0,0.4228,0.4229,0.1206,0.1498,0.9002,0.0485,0.0968,0.3029,0.6691,0.2707,0.5022,0.3731,0.6622,5.3947,0.0,AdaBoost,0.7589443469524597,0.7571512398018105,0.7576418348426104,0.7559190081482685,0.7563429760928103,0.7563835256745902,0.7587849089022912,0.7575253357546976,0.7568780170379665
electricity-normalized,vicdemand,45312.0,0.2527,0.0807,0.0,1.0,0.4228,0.4229,0.1206,0.1498,0.9002,0.0485,0.0968,0.3029,0.6691,0.2707,0.5022,0.3731,0.6622,5.3947,0.0,SVC,0.7561778033243027,0.7542047738395309,0.7591767122803685,0.7600822707268736,0.7619773608639678,0.7594200244941479,0.7592900725781385,0.7616819201076777,0.7591813532943539
electricity-normalized,vicdemand,45312.0,0.2032,0.0767,0.0,1.0,0.4231,0.4229,0.1214,0.1631,0.8605,0.0497,0.0992,0.3065,0.6692,0.2747,0.5028,0.3788,0.6632,5.4213,0.0,DecisionTree,0.7731481777967524,0.7775853239435376,0.7750075375331846,0.7743552516679771,0.7747505381311839,0.7750193731410172,0.7755339693317119,0.7751837261067627,0.7756671708317406
electricity-normalized,vicdemand,45312.0,0.2032,0.0767,0.0,1.0,0.4231,0.4229,0.1214,0.1631,0.8605,0.0497,0.0992,0.3065,0.6692,0.2747,0.5028,0.3788,0.6632,5.4213,0.0,LogisticRegression,0.7542384337265583,0.7540542196207324,0.7535756961677055,0.7537338446850238,0.753722350508001,0.7543190862566653,0.7541750309985626,0.7540886705489066,0.7536904243154436
electricity-normalized,vicdemand,45312.0,0.2032,0.0767,0.0,1.0,0.4231,0.4229,0.1214,0.1631,0.8605,0.0497,0.0992,0.3065,0.6692,0.2747,0.5028,0.3788,0.6632,5.4213,0.0,KNN,0.7784315648794453,0.777377018872921,0.7798183168930634,0.7790452921384896,0.7790636912095981,0.7774320723643471,0.7788935382203627,0.7768398779017212,0.7788853173747954
electricity-normalized,vicdemand,45312.0,0.2032,0.0767,0.0,1.0,0.4231,0.4229,0.1214,0.1631,0.8605,0.0497,0.0992,0.3065,0.6692,0.2747,0.5028,0.3788,0.6632,5.4213,0.0,RandomForest,0.8016120926680778,0.7990715717156959,0.799833617011653,0.8001503878582028,0.8003791260859816,0.7985882158386832,0.7995487196668808,0.7994295495763282,0.8006687844294893
electricity-normalized,vicdemand,45312.0,0.2032,0.0767,0.0,1.0,0.4231,0.4229,0.1214,0.1631,0.8605,0.0497,0.0992,0.3065,0.6692,0.2747,0.5028,0.3788,0.6632,5.4213,0.0,AdaBoost,0.7611425059754855,0.7590875934492268,0.7589248758515446,0.757771596787961,0.7583848488342062,0.7576163624025435,0.7618442297190998,0.7587675368523503,0.7587761507146011
electricity-normalized,vicdemand,45312.0,0.2032,0.0767,0.0,1.0,0.4231,0.4229,0.1214,0.1631,0.8605,0.0497,0.0992,0.3065,0.6692,0.2747,0.5028,0.3788,0.6632,5.4213,0.0,SVC,0.7627982904126228,0.7634622838736675,0.7584987752388798,0.7610899355720551,0.7619788110494035,0.7540464082105162,0.7611130989666971,0.7596138211121749,0.762228269945769
electricity-normalized,vicdemand,45312.0,0.1494,0.0724,0.0,1.0,0.423,0.4229,0.1209,0.1573,0.8884,0.049,0.0981,0.3048,0.6673,0.2721,0.5014,0.3753,0.6612,5.4132,0.0,DecisionTree,0.7762098336091569,0.7781062862395457,0.7798527939128038,0.7783791568591693,0.7770319395683103,0.7785599411536575,0.7768540449288267,0.7738585573292713,0.7785293704488676
electricity-normalized,vicdemand,45312.0,0.1494,0.0724,0.0,1.0,0.423,0.4229,0.1209,0.1573,0.8884,0.049,0.0981,0.3048,0.6673,0.2721,0.5014,0.3753,0.6612,5.4132,0.0,LogisticRegression,0.7545038349740952,0.7547115040469041,0.7541634672364141,0.7541722947416758,0.7541145340018978,0.7545759010975963,0.7543830337203189,0.7545038596107772,0.7541693828961973
electricity-normalized,vicdemand,45312.0,0.1494,0.0724,0.0,1.0,0.423,0.4229,0.1209,0.1573,0.8884,0.049,0.0981,0.3048,0.6673,0.2721,0.5014,0.3753,0.6612,5.4132,0.0,KNN,0.7796280619539901,0.7776513579214918,0.7788296069609508,0.7793204248848993,0.7786268875477084,0.7786187060526041,0.7794699585287449,0.7775141209758971,0.778668550868362
electricity-normalized,vicdemand,45312.0,0.1494,0.0724,0.0,1.0,0.423,0.4229,0.1209,0.1573,0.8884,0.049,0.0981,0.3048,0.6673,0.2721,0.5014,0.3753,0.6612,5.4132,0.0,RandomForest,0.8023044707246398,0.801954375054014,0.801633087384028,0.8014184866216367,0.8019001034883091,0.8001021844262299,0.8019898841627244,0.8012607195807637,0.8011758626626235
electricity-normalized,vicdemand,45312.0,0.1494,0.0724,0.0,1.0,0.423,0.4229,0.1209,0.1573,0.8884,0.049,0.0981,0.3048,0.6673,0.2721,0.5014,0.3753,0.6612,5.4132,0.0,AdaBoost,0.7604026193048896,0.7581832392114932,0.7600374728462778,0.758768823189347,0.7595116445232626,0.7581428628525222,0.7609034543758711,0.7597342556678794,0.7596645379966951
electricity-normalized,vicdemand,45312.0,0.1494,0.0724,0.0,1.0,0.423,0.4229,0.1209,0.1573,0.8884,0.049,0.0981,0.3048,0.6673,0.2721,0.5014,0.3753,0.6612,5.4132,0.0,SVC,0.7586352966885941,0.7586688766226576,0.7620810830990838,0.7557581591867535,0.763545074508393,0.7615929911774872,0.7613182642887625,0.7585229174385121,0.7647788580141439
electricity-normalized,vicdemand,45312.0,0.0994,0.0692,0.0,1.0,0.4231,0.4229,0.1214,0.1654,0.9129,0.0493,0.0984,0.3073,0.6688,0.2747,0.5021,0.3787,0.6623,5.4265,0.0,DecisionTree,0.777907054681218,0.7773782428506051,0.779619794328205,0.7779443821089171,0.7799947191287615,0.7791006229616265,0.7794577531035379,0.7764556068910474,0.7790045778606035
electricity-normalized,vicdemand,45312.0,0.0994,0.0692,0.0,1.0,0.4231,0.4229,0.1214,0.1654,0.9129,0.0493,0.0984,0.3073,0.6688,0.2747,0.5021,0.3787,0.6623,5.4265,0.0,LogisticRegression,0.754356615325416,0.754425631773595,0.7540219013277907,0.7540652370939472,0.7540188459295825,0.7544082393329259,0.7543335499541726,0.754281745629327,0.7541256460772178
electricity-normalized,vicdemand,45312.0,0.0994,0.0692,0.0,1.0,0.4231,0.4229,0.1214,0.1654,0.9129,0.0493,0.0984,0.3073,0.6688,0.2747,0.5021,0.3787,0.6623,5.4265,0.0,KNN,0.7821722375727749,0.7809839938141642,0.782910550458195,0.7820561417123957,0.7816743644873646,0.7816211801944025,0.7821068890277001,0.7823110800031494,0.7824819966500955
electricity-normalized,vicdemand,45312.0,0.0994,0.0692,0.0,1.0,0.4231,0.4229,0.1214,0.1654,0.9129,0.0493,0.0984,0.3073,0.6688,0.2747,0.5021,0.3787,0.6623,5.4265,0.0,RandomForest,0.8066327163549015,0.8052616140846949,0.8050442608521933,0.8047040590556134,0.8047076610456863,0.8039015827256295,0.8040783807204221,0.8056208947955086,0.8060943274095849
electricity-normalized,vicdemand,45312.0,0.0994,0.0692,0.0,1.0,0.4231,0.4229,0.1214,0.1654,0.9129,0.0493,0.0984,0.3073,0.6688,0.2747,0.5021,0.3787,0.6623,5.4265,0.0,AdaBoost,0.7617684004122549,0.7598668257952188,0.7602057309287741,0.7610663288697914,0.7597859103623951,0.7587032494927028,0.7617612643645475,0.7607203502444515,0.7599341840657667
electricity-normalized,vicdemand,45312.0,0.0994,0.0692,0.0,1.0,0.4231,0.4229,0.1214,0.1654,0.9129,0.0493,0.0984,0.3073,0.6688,0.2747,0.5021,0.3787,0.6623,5.4265,0.0,SVC,0.7580792841144189,0.7609099552586487,0.7618659115420586,0.7533301166968736,0.7570090347668317,0.7621383918655225,0.7650071578589358,0.7568460992812909,0.7582634688251537
electricity-normalized,vicdemand,45312.0,0.0499,0.0655,0.0,1.0,0.423,0.4229,0.1209,0.1542,0.8865,0.0486,0.0968,0.3074,0.6691,0.2733,0.5021,0.3767,0.6621,5.4153,0.0,DecisionTree,0.7811114607756117,0.7805207680868729,0.7811836444009262,0.7801916762654442,0.7803196793754378,0.7807529503086389,0.7796355810441903,0.7794031102504817,0.7807612030805352
electricity-normalized,vicdemand,45312.0,0.0499,0.0655,0.0,1.0,0.423,0.4229,0.1209,0.1542,0.8865,0.0486,0.0968,0.3074,0.6691,0.2733,0.5021,0.3767,0.6621,5.4153,0.0,LogisticRegression,0.7539794683933385,0.7541147243092269,0.7539902888847838,0.753949970492097,0.7539671372383635,0.754203737132515,0.7541145334227191,0.7540286168752273,0.7540593049482895
electricity-normalized,vicdemand,45312.0,0.0499,0.0655,0.0,1.0,0.423,0.4229,0.1209,0.1542,0.8865,0.0486,0.0968,0.3074,0.6691,0.2733,0.5021,0.3767,0.6621,5.4153,0.0,KNN,0.7848262059135401,0.7835262853643382,0.784069673844759,0.7836398116587489,0.7837705790973057,0.7833048967277989,0.7838985381365902,0.7833185953807404,0.7834524767859674
electricity-normalized,vicdemand,45312.0,0.0499,0.0655,0.0,1.0,0.423,0.4229,0.1209,0.1542,0.8865,0.0486,0.0968,0.3074,0.6691,0.2733,0.5021,0.3767,0.6621,5.4153,0.0,RandomForest,0.8091519861086323,0.8070114834616731,0.8078923965641385,0.8083751696416465,0.806954254120629,0.8066606713514796,0.807643187637699,0.8073233799979174,0.8071964400257912
electricity-normalized,vicdemand,45312.0,0.0499,0.0655,0.0,1.0,0.423,0.4229,0.1209,0.1542,0.8865,0.0486,0.0968,0.3074,0.6691,0.2733,0.5021,0.3767,0.6621,5.4153,0.0,AdaBoost,0.7614592763093385,0.7607061520707347,0.7607895775176092,0.7599603960742934,0.7599140029196091,0.7595203326654101,0.7609785458598801,0.7602184590839014,0.7604641944444513
electricity-normalized,vicdemand,45312.0,0.0499,0.0655,0.0,1.0,0.423,0.4229,0.1209,0.1542,0.8865,0.0486,0.0968,0.3074,0.6691,0.2733,0.5021,0.3767,0.6621,5.4153,0.0,SVC,0.7529407758511891,0.7574217933607041,0.7658960109421029,0.7579951649711035,0.7578773559859578,0.7612406352934122,0.7629112968958536,0.76401912041978,0.7617652955167162
german,Age,1000.0,0.496,0.1052,19.0,75.0,35.8532,33.0,11.7156,1.0396,0.5352,7.0,15.0,0.0146,0.0389,0.0032,0.0147,0.0073,0.0198,3.6376,0.0287,DecisionTree,0.6653380212936161,0.656339666620206,0.6735229310200286,0.6564863800717959,0.6634854039063,0.6679421070432016,0.6722646602669085,0.6616069038480478,0.659338883921811
german,Age,1000.0,0.496,0.1052,19.0,75.0,35.8532,33.0,11.7156,1.0396,0.5352,7.0,15.0,0.0146,0.0389,0.0032,0.0147,0.0073,0.0198,3.6376,0.0287,LogisticRegression,0.6480452167228757,0.6418914187149796,0.6494760149349714,0.6498004170363054,0.6500390432693076,0.6479856017559832,0.6465245740979386,0.6415239557893814,0.642032345431581
german,Age,1000.0,0.496,0.1052,19.0,75.0,35.8532,33.0,11.7156,1.0396,0.5352,7.0,15.0,0.0146,0.0389,0.0032,0.0147,0.0073,0.0198,3.6376,0.0287,KNN,0.6438570212201181,0.6546519139920413,0.6533056665288972,0.6568489742695532,0.6598299413187085,0.6559927060122127,0.6565134046579202,0.6458676941749752,0.6676297177734641
german,Age,1000.0,0.496,0.1052,19.0,75.0,35.8532,33.0,11.7156,1.0396,0.5352,7.0,15.0,0.0146,0.0389,0.0032,0.0147,0.0073,0.0198,3.6376,0.0287,RandomForest,0.6698937482757465,0.6759328403169285,0.6712872542064732,0.6665734534739796,0.659686548644427,0.6619244948861878,0.6716509018194329,0.6725946362173717,0.6731811109275727
german,Age,1000.0,0.496,0.1052,19.0,75.0,35.8532,33.0,11.7156,1.0396,0.5352,7.0,15.0,0.0146,0.0389,0.0032,0.0147,0.0073,0.0198,3.6376,0.0287,AdaBoost,0.6514250632503172,0.6568587804749354,0.654088852931638,0.6531051877350225,0.6424567990827118,0.6383727575978232,0.6449303517114393,0.6603498211496428,0.6503848430029574
german,Age,1000.0,0.496,0.1052,19.0,75.0,35.8532,33.0,11.7156,1.0396,0.5352,7.0,15.0,0.0146,0.0389,0.0032,0.0147,0.0073,0.0198,3.6376,0.0287,SVC,0.5866071804226658,0.5866071804226658,0.5866071804226658,0.5866071804226658,0.5866071804226658,0.5866071804226658,0.5866071804226658,0.5866071804226658,0.5866071804226658
german,Age,1000.0,0.437,0.0924,19.0,74.0,35.7353,34.0,11.3933,0.9496,0.4113,8.0,15.0,0.0257,0.1028,0.0069,0.044,0.006,0.0641,3.6551,0.0274,DecisionTree,0.6508833053944421,0.642845540951222,0.6511029746114395,0.643295943083403,0.6516691606376109,0.6532838887427002,0.6507555103234345,0.6670104324047075,0.650032367680029
german,Age,1000.0,0.437,0.0924,19.0,74.0,35.7353,34.0,11.3933,0.9496,0.4113,8.0,15.0,0.0257,0.1028,0.0069,0.044,0.006,0.0641,3.6551,0.0274,LogisticRegression,0.6434425199481365,0.6475579001651475,0.6478117537905963,0.6439655741223057,0.6420020625935767,0.6433555152377396,0.6460138025645559,0.6468481705849833,0.6480158716679026
german,Age,1000.0,0.437,0.0924,19.0,74.0,35.7353,34.0,11.3933,0.9496,0.4113,8.0,15.0,0.0257,0.1028,0.0069,0.044,0.006,0.0641,3.6551,0.0274,KNN,0.6555955145202622,0.6467695032128427,0.6488911593634914,0.6509479711480639,0.657889289253627,0.6490963081114489,0.655130640442898,0.6634872516942962,0.6555204575578273
german,Age,1000.0,0.437,0.0924,19.0,74.0,35.7353,34.0,11.3933,0.9496,0.4113,8.0,15.0,0.0257,0.1028,0.0069,0.044,0.006,0.0641,3.6551,0.0274,RandomForest,0.6842603666138926,0.6640458171689985,0.6583051012485786,0.6794646732344699,0.6832860093691515,0.6892809368580688,0.6873304635882322,0.6881069276010147,0.6628229652752816
german,Age,1000.0,0.437,0.0924,19.0,74.0,35.7353,34.0,11.3933,0.9496,0.4113,8.0,15.0,0.0257,0.1028,0.0069,0.044,0.006,0.0641,3.6551,0.0274,AdaBoost,0.6405926552426267,0.641039352380536,0.6372331927353143,0.6448954569322158,0.6466784053218422,0.6452795502723369,0.6428052961978743,0.6324091149036413,0.644639901512366
german,Age,1000.0,0.437,0.0924,19.0,74.0,35.7353,34.0,11.3933,0.9496,0.4113,8.0,15.0,0.0257,0.1028,0.0069,0.044,0.006,0.0641,3.6551,0.0274,SVC,0.5866071804226658,0.5866071804226658,0.5866071804226658,0.5866071804226658,0.5866071804226658,0.5866071804226658,0.5866071804226658,0.5866071804226658,0.5866071804226658
german,Age,1000.0,0.365,0.0819,19.0,74.0,35.6189,33.0,11.2237,1.0063,0.5744,7.0,15.0,0.0003,0.0533,0.0114,0.0288,0.0174,0.042,3.6281,0.0316,DecisionTree,0.6538660793034798,0.644716367084441,0.6520942609308658,0.6616165422806923,0.6636585012071936,0.651508627213494,0.6612361198253596,0.6516630018773104,0.660423993841699
german,Age,1000.0,0.365,0.0819,19.0,74.0,35.6189,33.0,11.2237,1.0063,0.5744,7.0,15.0,0.0003,0.0533,0.0114,0.0288,0.0174,0.042,3.6281,0.0316,LogisticRegression,0.655060436176989,0.6391743870217965,0.6574402754763485,0.6546473759139988,0.6541216616358893,0.6572548644705966,0.6530491913003081,0.6634152768713233,0.6382088934626748
german,Age,1000.0,0.365,0.0819,19.0,74.0,35.6189,33.0,11.2237,1.0063,0.5744,7.0,15.0,0.0003,0.0533,0.0114,0.0288,0.0174,0.042,3.6281,0.0316,KNN,0.661704772205292,0.6486979713750858,0.6484711766376892,0.6603532519227788,0.6700960874155606,0.6498366440661644,0.6559690555019413,0.6436949448173321,0.6543474145980182
german,Age,1000.0,0.365,0.0819,19.0,74.0,35.6189,33.0,11.2237,1.0063,0.5744,7.0,15.0,0.0003,0.0533,0.0114,0.0288,0.0174,0.042,3.6281,0.0316,RandomForest,0.6765594643895002,0.6720424907079489,0.6738509940110511,0.6852159735057728,0.6812447789764337,0.6789491669294434,0.6780603175382738,0.6673319128039474,0.6772641530829389
german,Age,1000.0,0.365,0.0819,19.0,74.0,35.6189,33.0,11.2237,1.0063,0.5744,7.0,15.0,0.0003,0.0533,0.0114,0.0288,0.0174,0.042,3.6281,0.0316,AdaBoost,0.6625124996448808,0.656189326993211,0.6569694285298823,0.6505612253264283,0.6611191902849647,0.6449966118318965,0.6481579559124125,0.6633830593897404,0.6565293103847305
german,Age,1000.0,0.365,0.0819,19.0,74.0,35.6189,33.0,11.2237,1.0063,0.5744,7.0,15.0,0.0003,0.0533,0.0114,0.0288,0.0174,0.042,3.6281,0.0316,SVC,0.5866071804226658,0.5866071804226658,0.5866071804226658,0.5866071804226658,0.5866071804226658,0.5866071804226658,0.5866071804226658,0.5866071804226658,0.5866071804226658
german,Age,1000.0,0.343,0.0791,20.0,75.0,35.9787,34.0,11.2546,0.9608,0.4297,7.0,15.0,0.0134,0.0801,0.0274,0.031,0.041,0.047,3.645,0.0317,DecisionTree,0.6503616025520209,0.6558205427483083,0.6514406299106132,0.6497433732672949,0.6522394992128131,0.6546346456730725,0.6450562391234448,0.6547232870287001,0.6624871512468243
german,Age,1000.0,0.343,0.0791,20.0,75.0,35.9787,34.0,11.2546,0.9608,0.4297,7.0,15.0,0.0134,0.0801,0.0274,0.031,0.041,0.047,3.645,0.0317,LogisticRegression,0.6423316000955723,0.6511691977769534,0.6448634495206196,0.645492517480682,0.6453950298012472,0.6419270358635996,0.6398799679125915,0.6549397654928787,0.6513947213111301
german,Age,1000.0,0.343,0.0791,20.0,75.0,35.9787,34.0,11.2546,0.9608,0.4297,7.0,15.0,0.0134,0.0801,0.0274,0.031,0.041,0.047,3.645,0.0317,KNN,0.6507171968596076,0.6454139939133685,0.6473843215399033,0.6433388679362828,0.6455969097047268,0.6494905050255558,0.6463971586448786,0.6366020198052386,0.637517625171618
german,Age,1000.0,0.343,0.0791,20.0,75.0,35.9787,34.0,11.2546,0.9608,0.4297,7.0,15.0,0.0134,0.0801,0.0274,0.031,0.041,0.047,3.645,0.0317,RandomForest,0.6841516733732097,0.6720001856450097,0.6604358163512801,0.6713504971670977,0.6720926308103579,0.6766476522254506,0.6781214053317758,0.6729812193439211,0.6760188779142375
german,Age,1000.0,0.343,0.0791,20.0,75.0,35.9787,34.0,11.2546,0.9608,0.4297,7.0,15.0,0.0134,0.0801,0.0274,0.031,0.041,0.047,3.645,0.0317,AdaBoost,0.6475502280805957,0.6446892761738311,0.6484400824949195,0.651708681059576,0.654231741804411,0.6451601332534015,0.6454304659556735,0.6564752471662723,0.6585471604663348
german,Age,1000.0,0.343,0.0791,20.0,75.0,35.9787,34.0,11.2546,0.9608,0.4297,7.0,15.0,0.0134,0.0801,0.0274,0.031,0.041,0.047,3.645,0.0317,SVC,0.5866071804226658,0.5866071804226658,0.5866071804226658,0.5866071804226658,0.5866071804226658,0.5866071804226658,0.5866071804226658,0.5866071804226658,0.5866071804226658
german,Age,1000.0,0.274,0.073,19.0,75.0,35.3829,33.0,11.2464,0.9792,0.4909,7.0,16.0,0.0101,0.0641,0.0063,0.0388,0.0094,0.0583,3.6397,0.0309,DecisionTree,0.6553442752942518,0.6583292578652715,0.6541503602841336,0.6553562348345536,0.659877138945975,0.652833809601149,0.6641431733004275,0.6570475768051554,0.6639004547522109
german,Age,1000.0,0.274,0.073,19.0,75.0,35.3829,33.0,11.2464,0.9792,0.4909,7.0,16.0,0.0101,0.0641,0.0063,0.0388,0.0094,0.0583,3.6397,0.0309,LogisticRegression,0.6461924083491098,0.6408836457798452,0.6460385897389298,0.645434330070729,0.6452659674305106,0.645564658961406,0.6435026829764804,0.6435123728313318,0.6428257861128912
german,Age,1000.0,0.274,0.073,19.0,75.0,35.3829,33.0,11.2464,0.9792,0.4909,7.0,16.0,0.0101,0.0641,0.0063,0.0388,0.0094,0.0583,3.6397,0.0309,KNN,0.658719783556139,0.6367833579536166,0.6520909958016131,0.651657114717624,0.6465611003169165,0.650522878339832,0.649929479750558,0.6415311185129906,0.6469643633493446
german,Age,1000.0,0.274,0.073,19.0,75.0,35.3829,33.0,11.2464,0.9792,0.4909,7.0,16.0,0.0101,0.0641,0.0063,0.0388,0.0094,0.0583,3.6397,0.0309,RandomForest,0.680509948110527,0.6727415512015491,0.688170191836317,0.6861507465687786,0.6889912510081573,0.682000099963167,0.679072257231413,0.6695938986857741,0.6915777972333914
german,Age,1000.0,0.274,0.073,19.0,75.0,35.3829,33.0,11.2464,0.9792,0.4909,7.0,16.0,0.0101,0.0641,0.0063,0.0388,0.0094,0.0583,3.6397,0.0309,AdaBoost,0.6573213376599853,0.6359673907943597,0.6430917941358218,0.6522681239252833,0.6434610033582857,0.6467283503938446,0.6532034223119,0.647006236187151,0.646830101052844
german,Age,1000.0,0.274,0.073,19.0,75.0,35.3829,33.0,11.2464,0.9792,0.4909,7.0,16.0,0.0101,0.0641,0.0063,0.0388,0.0094,0.0583,3.6397,0.0309,SVC,0.5866071804226658,0.5866071804226658,0.5866071804226658,0.5866071804226658,0.5866071804226658,0.5866071804226658,0.5866071804226658,0.5866071804226658,0.5866071804226658
german,Age,1000.0,0.271,0.0713,19.0,75.0,35.2126,33.0,11.0344,0.9981,0.5782,7.0,14.0,0.013,0.0526,0.0079,0.027,0.012,0.0387,3.6244,0.0349,DecisionTree,0.6614962455566749,0.6648221581161297,0.6731855456711199,0.6632449666643955,0.6612043806567323,0.65190453587643,0.6650976471128492,0.6567862091443059,0.6700348259770765
german,Age,1000.0,0.271,0.0713,19.0,75.0,35.2126,33.0,11.0344,0.9981,0.5782,7.0,14.0,0.013,0.0526,0.0079,0.027,0.012,0.0387,3.6244,0.0349,LogisticRegression,0.6473219609483927,0.648050858596811,0.638046290281548,0.6407797899882228,0.6419454314337358,0.6416959536311198,0.6413827398759243,0.6494070914022907,0.6410443337315396
german,Age,1000.0,0.271,0.0713,19.0,75.0,35.2126,33.0,11.0344,0.9981,0.5782,7.0,14.0,0.013,0.0526,0.0079,0.027,0.012,0.0387,3.6244,0.0349,KNN,0.6467217538790718,0.6570961704903112,0.6560943531168579,0.6456614092830988,0.6390671800939138,0.6431396694322586,0.6451350714445891,0.6461357804277718,0.6553897733393125
german,Age,1000.0,0.271,0.0713,19.0,75.0,35.2126,33.0,11.0344,0.9981,0.5782,7.0,14.0,0.013,0.0526,0.0079,0.027,0.012,0.0387,3.6244,0.0349,RandomForest,0.6848701347313908,0.678859290324739,0.6872296469167304,0.6764490675678697,0.6846206096432137,0.6789642428330938,0.684239872181485,0.6886221131824404,0.6946896167137887
german,Age,1000.0,0.271,0.0713,19.0,75.0,35.2126,33.0,11.0344,0.9981,0.5782,7.0,14.0,0.013,0.0526,0.0079,0.027,0.012,0.0387,3.6244,0.0349,AdaBoost,0.6534351174173021,0.6567652571344827,0.6486277275013937,0.6477946744818117,0.6671365945939163,0.6529703313792772,0.6507384004988193,0.656867826086635,0.6459668416418793
german,Age,1000.0,0.271,0.0713,19.0,75.0,35.2126,33.0,11.0344,0.9981,0.5782,7.0,14.0,0.013,0.0526,0.0079,0.027,0.012,0.0387,3.6244,0.0349,SVC,0.5866071804226658,0.5866071804226658,0.5866071804226658,0.5866071804226658,0.5866071804226658,0.5866071804226658,0.5866071804226658,0.5866071804226658,0.5866071804226658
german,Age,1000.0,0.23,0.0675,20.0,75.0,35.8377,33.0,11.6407,1.0315,0.5342,7.0,15.0,0.0205,0.0489,0.0109,0.033,0.0173,0.0468,3.6597,0.0301,DecisionTree,0.6682030350941961,0.668292706549769,0.6700457016466655,0.6691843303994212,0.671439755733005,0.6722941286817194,0.6671014861564687,0.6629893345793824,0.6693989608798827
german,Age,1000.0,0.23,0.0675,20.0,75.0,35.8377,33.0,11.6407,1.0315,0.5342,7.0,15.0,0.0205,0.0489,0.0109,0.033,0.0173,0.0468,3.6597,0.0301,LogisticRegression,0.6417829395376653,0.6430871550706172,0.6408240651498498,0.6390447724120802,0.6380630239530857,0.6360995124243568,0.6366977564706727,0.6506484629001927,0.6427845822275511
german,Age,1000.0,0.23,0.0675,20.0,75.0,35.8377,33.0,11.6407,1.0315,0.5342,7.0,15.0,0.0205,0.0489,0.0109,0.033,0.0173,0.0468,3.6597,0.0301,KNN,0.664477721305106,0.6593113084419095,0.649087621364077,0.6611430964569688,0.6671303744734077,0.6721803543856998,0.6625863766766127,0.6582180071191944,0.6575278186608988
german,Age,1000.0,0.23,0.0675,20.0,75.0,35.8377,33.0,11.6407,1.0315,0.5342,7.0,15.0,0.0205,0.0489,0.0109,0.033,0.0173,0.0468,3.6597,0.0301,RandomForest,0.6943203232629505,0.6885944253432181,0.6763117756523392,0.679642417800647,0.6802472094541336,0.6902942201873538,0.6874807673312224,0.6836919826754542,0.6851866454974118
german,Age,1000.0,0.23,0.0675,20.0,75.0,35.8377,33.0,11.6407,1.0315,0.5342,7.0,15.0,0.0205,0.0489,0.0109,0.033,0.0173,0.0468,3.6597,0.0301,AdaBoost,0.6442505747875124,0.6540207195874559,0.6465422633149038,0.6543490147803229,0.651208428713103,0.6479718106321062,0.6595066957922604,0.658656500784693,0.6638421906492633
german,Age,1000.0,0.23,0.0675,20.0,75.0,35.8377,33.0,11.6407,1.0315,0.5342,7.0,15.0,0.0205,0.0489,0.0109,0.033,0.0173,0.0468,3.6597,0.0301,SVC,0.5866071804226658,0.5866071804226658,0.5866071804226658,0.5866071804226658,0.5866071804226658,0.5866071804226658,0.5866071804226658,0.5866071804226658,0.5866071804226658
german,Age,1000.0,0.155,0.0627,19.0,75.0,35.5337,33.0,11.3159,1.0044,0.5813,7.0,15.0,0.024,0.0363,0.0146,0.023,0.0221,0.0334,3.6532,0.0318,DecisionTree,0.6651691743385737,0.6664268943513257,0.6675294931551113,0.6632379175390075,0.6660939342266076,0.667110534635892,0.6645583004409685,0.6401306861372614,0.6642021783208225
german,Age,1000.0,0.155,0.0627,19.0,75.0,35.5337,33.0,11.3159,1.0044,0.5813,7.0,15.0,0.024,0.0363,0.0146,0.023,0.0221,0.0334,3.6532,0.0318,LogisticRegression,0.6406591357861421,0.6424685775066523,0.6356039823510511,0.6401327104600711,0.637735094283297,0.6371570319659106,0.6343657519884395,0.6399434968429536,0.640226064864049
german,Age,1000.0,0.155,0.0627,19.0,75.0,35.5337,33.0,11.3159,1.0044,0.5813,7.0,15.0,0.024,0.0363,0.0146,0.023,0.0221,0.0334,3.6532,0.0318,KNN,0.6545022134003493,0.6536694275193289,0.647948331020368,0.6589725159182017,0.6542622278252986,0.6596194567502053,0.6585245162905421,0.6530747769702662,0.6478066073898314
german,Age,1000.0,0.155,0.0627,19.0,75.0,35.5337,33.0,11.3159,1.0044,0.5813,7.0,15.0,0.024,0.0363,0.0146,0.023,0.0221,0.0334,3.6532,0.0318,RandomForest,0.6856987142663011,0.6840999228784012,0.6803598950092928,0.6886906965728732,0.669762027523771,0.688997320039621,0.6800916862571288,0.6823219831695967,0.6760956913640582
german,Age,1000.0,0.155,0.0627,19.0,75.0,35.5337,33.0,11.3159,1.0044,0.5813,7.0,15.0,0.024,0.0363,0.0146,0.023,0.0221,0.0334,3.6532,0.0318,AdaBoost,0.640702745741181,0.6581991293047126,0.6522210906506297,0.6426712327789151,0.6466703519977856,0.6433029030250205,0.6484743557577555,0.6456269376618566,0.663741624925044
german,Age,1000.0,0.155,0.0627,19.0,75.0,35.5337,33.0,11.3159,1.0044,0.5813,7.0,15.0,0.024,0.0363,0.0146,0.023,0.0221,0.0334,3.6532,0.0318,SVC,0.5866071804226658,0.5866071804226658,0.5866071804226658,0.5866071804226658,0.5866071804226658,0.5866071804226658,0.5866071804226658,0.5866071804226658,0.5866071804226658
german,Age,1000.0,0.115,0.0599,19.0,75.0,35.5412,33.0,11.1588,0.9824,0.5436,7.0,15.0,0.0064,0.0492,0.0051,0.0337,0.0087,0.0484,3.6482,0.0319,DecisionTree,0.6588875469382011,0.6579883291939819,0.6647019340871971,0.663269245347617,0.6615453778224093,0.6587005137389464,0.6576892757894419,0.6612296395530762,0.6536115679086026
german,Age,1000.0,0.115,0.0599,19.0,75.0,35.5412,33.0,11.1588,0.9824,0.5436,7.0,15.0,0.0064,0.0492,0.0051,0.0337,0.0087,0.0484,3.6482,0.0319,LogisticRegression,0.654032705017031,0.6397001902318775,0.6472755534716037,0.6572846058516838,0.6516638356119082,0.654566115701108,0.6517473867832452,0.6378056948988307,0.6420090535857959
german,Age,1000.0,0.115,0.0599,19.0,75.0,35.5412,33.0,11.1588,0.9824,0.5436,7.0,15.0,0.0064,0.0492,0.0051,0.0337,0.0087,0.0484,3.6482,0.0319,KNN,0.6602594841897571,0.6572970454886743,0.6578960235619181,0.6633697064026985,0.6571939714054597,0.661932600136783,0.6580382979448203,0.6507145106343222,0.6609732520884125
german,Age,1000.0,0.115,0.0599,19.0,75.0,35.5412,33.0,11.1588,0.9824,0.5436,7.0,15.0,0.0064,0.0492,0.0051,0.0337,0.0087,0.0484,3.6482,0.0319,RandomForest,0.6766793771682468,0.6928354265769358,0.6857720999559025,0.6844074557860419,0.6719439778543123,0.6946388747939226,0.6882381175851112,0.6806479673166534,0.6981159465424858
german,Age,1000.0,0.115,0.0599,19.0,75.0,35.5412,33.0,11.1588,0.9824,0.5436,7.0,15.0,0.0064,0.0492,0.0051,0.0337,0.0087,0.0484,3.6482,0.0319,AdaBoost,0.6632976142374656,0.6501837146044439,0.6481316050794548,0.6618865093165742,0.6594271714345558,0.6581306722178595,0.6637525465427896,0.6510001008777999,0.6608882637970874
german,Age,1000.0,0.115,0.0599,19.0,75.0,35.5412,33.0,11.1588,0.9824,0.5436,7.0,15.0,0.0064,0.0492,0.0051,0.0337,0.0087,0.0484,3.6482,0.0319,SVC,0.5866071804226658,0.5866071804226658,0.5866071804226658,0.5866071804226658,0.5866071804226658,0.5866071804226658,0.5866071804226658,0.5866071804226658,0.5866071804226658
german,Age,1000.0,0.057,0.0562,19.0,75.0,35.702,33.0,11.354,1.0034,0.5735,7.0,15.0,0.0282,0.0284,0.0195,0.0219,0.0296,0.0316,3.6577,0.0302,DecisionTree,0.6627054935293246,0.6573546940668159,0.659797553180878,0.665266207587502,0.6681291871400773,0.6684144676560597,0.6608534419483285,0.6595301717116425,0.6637670854311151
german,Age,1000.0,0.057,0.0562,19.0,75.0,35.702,33.0,11.354,1.0034,0.5735,7.0,15.0,0.0282,0.0284,0.0195,0.0219,0.0296,0.0316,3.6577,0.0302,LogisticRegression,0.6503538556686665,0.6425238227954136,0.6442951037990143,0.650925287269486,0.6523763838978429,0.6494549509425813,0.6481452260957925,0.6394101170735067,0.646107899337347
german,Age,1000.0,0.057,0.0562,19.0,75.0,35.702,33.0,11.354,1.0034,0.5735,7.0,15.0,0.0282,0.0284,0.0195,0.0219,0.0296,0.0316,3.6577,0.0302,KNN,0.6545825841128313,0.649500295364414,0.6470263218880912,0.6498058460108247,0.6471928309112907,0.6487673521786215,0.648681412077639,0.660741880937948,0.6492117184627909
german,Age,1000.0,0.057,0.0562,19.0,75.0,35.702,33.0,11.354,1.0034,0.5735,7.0,15.0,0.0282,0.0284,0.0195,0.0219,0.0296,0.0316,3.6577,0.0302,RandomForest,0.6970036958199469,0.6973620526519747,0.6944650370006751,0.7015991030274613,0.6939387911050064,0.7033803240105346,0.6939275461310334,0.6930714297316748,0.6880039095071607
german,Age,1000.0,0.057,0.0562,19.0,75.0,35.702,33.0,11.354,1.0034,0.5735,7.0,15.0,0.0282,0.0284,0.0195,0.0219,0.0296,0.0316,3.6577,0.0302,AdaBoost,0.6583183683900931,0.657261175227287,0.6489944446537774,0.6563882073020595,0.6430831322645625,0.6574843106497132,0.6507942707310669,0.6618995333320675,0.6621082116261409
german,Age,1000.0,0.057,0.0562,19.0,75.0,35.702,33.0,11.354,1.0034,0.5735,7.0,15.0,0.0282,0.0284,0.0195,0.0219,0.0296,0.0316,3.6577,0.0302,SVC,0.5866071804226658,0.5866071804226658,0.5866071804226658,0.5866071804226658,0.5866071804226658,0.5866071804226658,0.5866071804226658,0.5866071804226658,0.5866071804226658
german,Credit_amount,1000.0,0.509,0.9674,250.0,18424.0,3413.8921,2333.0,2946.3204,1.9501,4.3881,1148.0,2887.5,0.0328,0.6134,0.0162,0.4619,0.0234,0.6145,6.1513,0.0,DecisionTree,0.6487493886953798,0.6462872023104722,0.6341781438156502,0.6508983447387422,0.6373327677307952,0.6434214763410018,0.6558019738179864,0.6444772440550106,0.6494958137634086
german,Credit_amount,1000.0,0.509,0.9674,250.0,18424.0,3413.8921,2333.0,2946.3204,1.9501,4.3881,1148.0,2887.5,0.0328,0.6134,0.0162,0.4619,0.0234,0.6145,6.1513,0.0,LogisticRegression,0.6469689126843674,0.6473966093126431,0.643504452278846,0.6405420343144369,0.6441653155244069,0.6463538459617406,0.6485374322019931,0.6473966093126431,0.646837795203796
german,Credit_amount,1000.0,0.509,0.9674,250.0,18424.0,3413.8921,2333.0,2946.3204,1.9501,4.3881,1148.0,2887.5,0.0328,0.6134,0.0162,0.4619,0.0234,0.6145,6.1513,0.0,KNN,0.6485094800650754,0.6667124174409781,0.6601824875163353,0.6550301438441654,0.6499472490680807,0.6512772062547313,0.6592975058464987,0.6665500494048423,0.6515364132498571
german,Credit_amount,1000.0,0.509,0.9674,250.0,18424.0,3413.8921,2333.0,2946.3204,1.9501,4.3881,1148.0,2887.5,0.0328,0.6134,0.0162,0.4619,0.0234,0.6145,6.1513,0.0,RandomForest,0.6674336946248463,0.6690574626409046,0.678676593737403,0.6786226751572582,0.6688784308756752,0.6764916896584168,0.6745329731753044,0.6766632858793211,0.6748265763488989
german,Credit_amount,1000.0,0.509,0.9674,250.0,18424.0,3413.8921,2333.0,2946.3204,1.9501,4.3881,1148.0,2887.5,0.0328,0.6134,0.0162,0.4619,0.0234,0.6145,6.1513,0.0,AdaBoost,0.6526020310998581,0.669017388742612,0.6592204417890852,0.6564174743163613,0.6591934328156465,0.639314159300429,0.6613334262511481,0.6561446532692493,0.6585310990552
german,Credit_amount,1000.0,0.509,0.9674,250.0,18424.0,3413.8921,2333.0,2946.3204,1.9501,4.3881,1148.0,2887.5,0.0328,0.6134,0.0162,0.4619,0.0234,0.6145,6.1513,0.0,SVC,0.5866071804226658,0.5866071804226658,0.5866071804226658,0.5866071804226658,0.5866071804226658,0.5866071804226658,0.5866071804226658,0.5866071804226658,0.5866071804226658
german,Credit_amount,1000.0,0.428,0.9458,250.0,18424.0,3218.715,2171.0,2877.7702,2.1127,5.2257,994.0,2583.5,0.0507,0.6276,0.0288,0.4734,0.0433,0.6288,6.2722,0.0,DecisionTree,0.6517846980089685,0.654890311859023,0.6479223208935437,0.6598435056703492,0.6638755817483403,0.650512493665033,0.6538114883787154,0.6462357377261878,0.6534778444684348
german,Credit_amount,1000.0,0.428,0.9458,250.0,18424.0,3218.715,2171.0,2877.7702,2.1127,5.2257,994.0,2583.5,0.0507,0.6276,0.0288,0.4734,0.0433,0.6288,6.2722,0.0,LogisticRegression,0.656853181834126,0.6519092773137026,0.6517108937346499,0.6456477531317631,0.6491540435414055,0.6462948444211005,0.6503578196754486,0.6519092773137026,0.6533662758602321
german,Credit_amount,1000.0,0.428,0.9458,250.0,18424.0,3218.715,2171.0,2877.7702,2.1127,5.2257,994.0,2583.5,0.0507,0.6276,0.0288,0.4734,0.0433,0.6288,6.2722,0.0,KNN,0.6549321583450545,0.6396932351894871,0.6335690063097219,0.6381615517640226,0.6351460736191018,0.646045019896001,0.6507614394080994,0.6367456192490324,0.6585186769095032
german,Credit_amount,1000.0,0.428,0.9458,250.0,18424.0,3218.715,2171.0,2877.7702,2.1127,5.2257,994.0,2583.5,0.0507,0.6276,0.0288,0.4734,0.0433,0.6288,6.2722,0.0,RandomForest,0.6718982242460214,0.6671122012974695,0.6755167503827872,0.6765997513106612,0.6717516329023228,0.6754257170533262,0.6836180514312048,0.6896082439512513,0.6687403598495685
german,Credit_amount,1000.0,0.428,0.9458,250.0,18424.0,3218.715,2171.0,2877.7702,2.1127,5.2257,994.0,2583.5,0.0507,0.6276,0.0288,0.4734,0.0433,0.6288,6.2722,0.0,AdaBoost,0.664346460882707,0.6652702269719557,0.6717272625005901,0.6615469224586806,0.6652936086837995,0.6553156330282079,0.6561440231160719,0.6711539333977938,0.6675561942635124
german,Credit_amount,1000.0,0.428,0.9458,250.0,18424.0,3218.715,2171.0,2877.7702,2.1127,5.2257,994.0,2583.5,0.0507,0.6276,0.0288,0.4734,0.0433,0.6288,6.2722,0.0,SVC,0.5866071804226658,0.5866071804226658,0.5866071804226658,0.5866071804226658,0.5866071804226658,0.5866071804226658,0.5866071804226658,0.5866071804226658,0.5866071804226658
german,Credit_amount,1000.0,0.373,0.949,250.0,18424.0,3260.89,2320.0,2805.4353,1.8543,3.9419,1121.0,2664.5,0.0084,0.6385,0.0035,0.4673,0.0043,0.6283,6.3677,0.0,DecisionTree,0.6648872450618137,0.6587366032849763,0.6496822305611356,0.6550640954985534,0.6558797614834886,0.6481400560629675,0.6503046038342563,0.6609988055696048,0.6526204377304399
german,Credit_amount,1000.0,0.373,0.949,250.0,18424.0,3260.89,2320.0,2805.4353,1.8543,3.9419,1121.0,2664.5,0.0084,0.6385,0.0035,0.4673,0.0043,0.6283,6.3677,0.0,LogisticRegression,0.6424717983563348,0.6449992086781127,0.6452265919065713,0.6495167155641434,0.6489243565309962,0.6471856296959799,0.638339571243016,0.6449992086781127,0.6428857205855423
german,Credit_amount,1000.0,0.373,0.949,250.0,18424.0,3260.89,2320.0,2805.4353,1.8543,3.9419,1121.0,2664.5,0.0084,0.6385,0.0035,0.4673,0.0043,0.6283,6.3677,0.0,KNN,0.6323636144726901,0.6571192655851508,0.6374307234676055,0.6457300144375091,0.641263843432839,0.6390332374217117,0.6326293126886077,0.6571440076634782,0.635784450965206
german,Credit_amount,1000.0,0.373,0.949,250.0,18424.0,3260.89,2320.0,2805.4353,1.8543,3.9419,1121.0,2664.5,0.0084,0.6385,0.0035,0.4673,0.0043,0.6283,6.3677,0.0,RandomForest,0.6703040925778236,0.6816974234249011,0.6686249061960805,0.664875054996037,0.6668355534669226,0.666129482741914,0.6733523452326011,0.6838853202490844,0.6635336074080384
german,Credit_amount,1000.0,0.373,0.949,250.0,18424.0,3260.89,2320.0,2805.4353,1.8543,3.9419,1121.0,2664.5,0.0084,0.6385,0.0035,0.4673,0.0043,0.6283,6.3677,0.0,AdaBoost,0.6590259054697749,0.6609634095069699,0.6572767091735925,0.6681245612734166,0.666925765961301,0.6630030046907163,0.6664256205032886,0.654610413806816,0.6688757656261948
german,Credit_amount,1000.0,0.373,0.949,250.0,18424.0,3260.89,2320.0,2805.4353,1.8543,3.9419,1121.0,2664.5,0.0084,0.6385,0.0035,0.4673,0.0043,0.6283,6.3677,0.0,SVC,0.5866071804226658,0.5866071804226658,0.5866071804226658,0.5866071804226658,0.5866071804226658,0.5866071804226658,0.5866071804226658,0.5866071804226658,0.5866071804226658
german,Credit_amount,1000.0,0.372,0.9459,250.0,18424.0,3327.6895,2332.0,2898.3546,1.9729,4.4202,1107.5,2735.25,0.0519,0.6504,0.0126,0.4658,0.021,0.6246,6.365,0.0,DecisionTree,0.6568617311482782,0.6538738203122315,0.6388343381097131,0.6402787386168246,0.6552902843310656,0.6350534265227632,0.6560852148133581,0.6491365816882968,0.6510956425341421
german,Credit_amount,1000.0,0.372,0.9459,250.0,18424.0,3327.6895,2332.0,2898.3546,1.9729,4.4202,1107.5,2735.25,0.0519,0.6504,0.0126,0.4658,0.021,0.6246,6.365,0.0,LogisticRegression,0.6412015797773312,0.641280063373081,0.6445347779034418,0.6447645976923361,0.6445813490464113,0.6466313300801322,0.6460163808855808,0.641280063373081,0.6424665631938349
german,Credit_amount,1000.0,0.372,0.9459,250.0,18424.0,3327.6895,2332.0,2898.3546,1.9729,4.4202,1107.5,2735.25,0.0519,0.6504,0.0126,0.4658,0.021,0.6246,6.365,0.0,KNN,0.6428039548937402,0.6433198122542798,0.640669216316625,0.6434940643363067,0.6470305938424623,0.6504617544134264,0.655861855737869,0.6445597874004749,0.6333484073217499
german,Credit_amount,1000.0,0.372,0.9459,250.0,18424.0,3327.6895,2332.0,2898.3546,1.9729,4.4202,1107.5,2735.25,0.0519,0.6504,0.0126,0.4658,0.021,0.6246,6.365,0.0,RandomForest,0.6673511924486617,0.6693084778206568,0.6869846416006404,0.6677797014886688,0.6691876699956565,0.6586277451793805,0.6670971550112854,0.6652550742777211,0.6718426509408367
german,Credit_amount,1000.0,0.372,0.9459,250.0,18424.0,3327.6895,2332.0,2898.3546,1.9729,4.4202,1107.5,2735.25,0.0519,0.6504,0.0126,0.4658,0.021,0.6246,6.365,0.0,AdaBoost,0.6599904341571938,0.6436517286302441,0.6595532914425608,0.6651468141228887,0.6566056214765358,0.6579499218132345,0.6601425618174479,0.6525089155905007,0.6504060155457695
german,Credit_amount,1000.0,0.372,0.9459,250.0,18424.0,3327.6895,2332.0,2898.3546,1.9729,4.4202,1107.5,2735.25,0.0519,0.6504,0.0126,0.4658,0.021,0.6246,6.365,0.0,SVC,0.5866071804226658,0.5866071804226658,0.5866071804226658,0.5866071804226658,0.5866071804226658,0.5866071804226658,0.5866071804226658,0.5866071804226658,0.5866071804226658
german,Credit_amount,1000.0,0.294,0.9391,250.0,15945.0,3246.0737,2350.5,2756.7057,1.9122,4.0348,1131.5,2598.75,0.0203,0.6424,0.0048,0.4684,0.0079,0.6253,6.4737,0.0,DecisionTree,0.6581733616291483,0.6517439779752034,0.6572909529054469,0.6536262691251341,0.6658897255444975,0.6510804383560751,0.6746994579903549,0.6449311471226531,0.6604712500574907
german,Credit_amount,1000.0,0.294,0.9391,250.0,15945.0,3246.0737,2350.5,2756.7057,1.9122,4.0348,1131.5,2598.75,0.0203,0.6424,0.0048,0.4684,0.0079,0.6253,6.4737,0.0,LogisticRegression,0.6389106252587737,0.645273967267907,0.6377164215907486,0.6403357194395317,0.6397313148538558,0.6417470060358477,0.6383505710667672,0.6439441685020376,0.6398059369881837
german,Credit_amount,1000.0,0.294,0.9391,250.0,15945.0,3246.0737,2350.5,2756.7057,1.9122,4.0348,1131.5,2598.75,0.0203,0.6424,0.0048,0.4684,0.0079,0.6253,6.4737,0.0,KNN,0.6504598168982545,0.6385149097641796,0.65053922284956,0.6462923797495955,0.6595169197572904,0.651043922000778,0.6494655018799652,0.6396952358518853,0.649649141210741
german,Credit_amount,1000.0,0.294,0.9391,250.0,15945.0,3246.0737,2350.5,2756.7057,1.9122,4.0348,1131.5,2598.75,0.0203,0.6424,0.0048,0.4684,0.0079,0.6253,6.4737,0.0,RandomForest,0.6806782622874485,0.6745856429893301,0.6968453372559436,0.6825179026852382,0.6787038193000259,0.6777086746568903,0.6875266661892576,0.6726253143896329,0.6874215957181492
german,Credit_amount,1000.0,0.294,0.9391,250.0,15945.0,3246.0737,2350.5,2756.7057,1.9122,4.0348,1131.5,2598.75,0.0203,0.6424,0.0048,0.4684,0.0079,0.6253,6.4737,0.0,AdaBoost,0.6503655891376758,0.661518168822935,0.6566962966571075,0.6464400249224327,0.644665004660657,0.6471564379533374,0.6581529583934773,0.6652751600607039,0.6484424217092726
german,Credit_amount,1000.0,0.294,0.9391,250.0,15945.0,3246.0737,2350.5,2756.7057,1.9122,4.0348,1131.5,2598.75,0.0203,0.6424,0.0048,0.4684,0.0079,0.6253,6.4737,0.0,SVC,0.5866071804226658,0.5866071804226658,0.5866071804226658,0.5866071804226658,0.5866071804226658,0.5866071804226658,0.5866071804226658,0.5866071804226658,0.5866071804226658
german,Credit_amount,1000.0,0.243,0.9392,276.0,15945.0,3285.9538,2333.0,2834.8863,1.8865,3.7756,1109.0,2604.0,0.0183,0.6122,0.003,0.4685,0.0056,0.6281,6.543,0.0,DecisionTree,0.6635520625972801,0.657444561338727,0.6592119756697601,0.659052165977599,0.6619886124151234,0.6665847843062662,0.6597669302943703,0.6585623623399863,0.6614205017810078
german,Credit_amount,1000.0,0.243,0.9392,276.0,15945.0,3285.9538,2333.0,2834.8863,1.8865,3.7756,1109.0,2604.0,0.0183,0.6122,0.003,0.4685,0.0056,0.6281,6.543,0.0,LogisticRegression,0.6513431906204148,0.6421860922677618,0.6397522188996498,0.6460315086316571,0.6404470606962653,0.6467640216781417,0.6500257961551714,0.6421860922677618,0.6479016448890333
german,Credit_amount,1000.0,0.243,0.9392,276.0,15945.0,3285.9538,2333.0,2834.8863,1.8865,3.7756,1109.0,2604.0,0.0183,0.6122,0.003,0.4685,0.0056,0.6281,6.543,0.0,KNN,0.6389670150264017,0.6471948155629819,0.639295046136373,0.6477622833451253,0.6470829405745873,0.6511585626865769,0.6458371784454684,0.6464548383864025,0.6532873933031051
german,Credit_amount,1000.0,0.243,0.9392,276.0,15945.0,3285.9538,2333.0,2834.8863,1.8865,3.7756,1109.0,2604.0,0.0183,0.6122,0.003,0.4685,0.0056,0.6281,6.543,0.0,RandomForest,0.671163764878364,0.6702592991306688,0.6746791202338891,0.6711612717576897,0.6698750819251564,0.6763329231183806,0.6652074170094583,0.6757586416805902,0.6658629570825007
german,Credit_amount,1000.0,0.243,0.9392,276.0,15945.0,3285.9538,2333.0,2834.8863,1.8865,3.7756,1109.0,2604.0,0.0183,0.6122,0.003,0.4685,0.0056,0.6281,6.543,0.0,AdaBoost,0.6641918433231921,0.6626599467671348,0.6555160552366519,0.6565548453157899,0.6598356169093929,0.6586216756262339,0.6440036392843429,0.660141024333142,0.6484365615948525
german,Credit_amount,1000.0,0.243,0.9392,276.0,15945.0,3285.9538,2333.0,2834.8863,1.8865,3.7756,1109.0,2604.0,0.0183,0.6122,0.003,0.4685,0.0056,0.6281,6.543,0.0,SVC,0.5866071804226658,0.5866071804226658,0.5866071804226658,0.5866071804226658,0.5866071804226658,0.5866071804226658,0.5866071804226658,0.5866071804226658,0.5866071804226658
german,Credit_amount,1000.0,0.199,0.9326,276.0,18424.0,3221.2797,2249.0,2819.8646,2.0171,4.6078,1046.0,2516.0,0.0066,0.6135,0.0044,0.4662,0.0062,0.6242,6.5898,0.0,DecisionTree,0.6659512202014257,0.6672516303360804,0.6581203921854006,0.6531368659310051,0.660121945492671,0.6539819968245539,0.6580610303381992,0.6584300770432816,0.6628444355224847
german,Credit_amount,1000.0,0.199,0.9326,276.0,18424.0,3221.2797,2249.0,2819.8646,2.0171,4.6078,1046.0,2516.0,0.0066,0.6135,0.0044,0.4662,0.0062,0.6242,6.5898,0.0,LogisticRegression,0.6446917662661034,0.6455706783656617,0.6430548044416218,0.6484887952943301,0.6466380744278548,0.6444601691703714,0.6404015006467192,0.6455706783656617,0.643296168835694
german,Credit_amount,1000.0,0.199,0.9326,276.0,18424.0,3221.2797,2249.0,2819.8646,2.0171,4.6078,1046.0,2516.0,0.0066,0.6135,0.0044,0.4662,0.0062,0.6242,6.5898,0.0,KNN,0.6530931451550235,0.6494182458169976,0.6739324490035179,0.6475033238066263,0.6489303651390913,0.6527840991503113,0.6511634942573931,0.6483372426011629,0.6466375670986988
german,Credit_amount,1000.0,0.199,0.9326,276.0,18424.0,3221.2797,2249.0,2819.8646,2.0171,4.6078,1046.0,2516.0,0.0066,0.6135,0.0044,0.4662,0.0062,0.6242,6.5898,0.0,RandomForest,0.6873732340106191,0.6791298190541869,0.6877389364776659,0.6775900248411689,0.6762112733861413,0.6787575483087841,0.6748948169445044,0.6877672945828202,0.684469683504452
german,Credit_amount,1000.0,0.199,0.9326,276.0,18424.0,3221.2797,2249.0,2819.8646,2.0171,4.6078,1046.0,2516.0,0.0066,0.6135,0.0044,0.4662,0.0062,0.6242,6.5898,0.0,AdaBoost,0.6554836672104634,0.6596813652120144,0.6581717199101287,0.6569777312548384,0.6513197556371861,0.6632181621137139,0.6545361380203338,0.657030073156329,0.6513609648921375
german,Credit_amount,1000.0,0.199,0.9326,276.0,18424.0,3221.2797,2249.0,2819.8646,2.0171,4.6078,1046.0,2516.0,0.0066,0.6135,0.0044,0.4662,0.0062,0.6242,6.5898,0.0,SVC,0.5866071804226658,0.5866071804226658,0.5866071804226658,0.5866071804226658,0.5866071804226658,0.5866071804226658,0.5866071804226658,0.5866071804226658,0.5866071804226658
german,Credit_amount,1000.0,0.149,0.9377,250.0,15857.0,3312.5335,2333.0,2836.392,1.838,3.5505,1117.0,2730.0,0.041,0.6249,0.0237,0.4808,0.0363,0.6415,6.6582,0.0,DecisionTree,0.6666019584882196,0.664527082658957,0.6512239351251538,0.6543935294242224,0.6599660105528113,0.6576274266674782,0.6722596470821676,0.6621451205525528,0.6647924464004844
german,Credit_amount,1000.0,0.149,0.9377,250.0,15857.0,3312.5335,2333.0,2836.392,1.838,3.5505,1117.0,2730.0,0.041,0.6249,0.0237,0.4808,0.0363,0.6415,6.6582,0.0,LogisticRegression,0.6400817569758318,0.6372992425073084,0.642439020222606,0.6384375435754763,0.6384375435754763,0.6375040086612838,0.6380804159331317,0.6372992425073084,0.6395803183369364
german,Credit_amount,1000.0,0.149,0.9377,250.0,15857.0,3312.5335,2333.0,2836.392,1.838,3.5505,1117.0,2730.0,0.041,0.6249,0.0237,0.4808,0.0363,0.6415,6.6582,0.0,KNN,0.6576772905169566,0.6577273702561288,0.6616059457322201,0.6514621684180693,0.6559369326188849,0.6480909429512209,0.6549613807587921,0.6554646173366598,0.6538265954479636
german,Credit_amount,1000.0,0.149,0.9377,250.0,15857.0,3312.5335,2333.0,2836.392,1.838,3.5505,1117.0,2730.0,0.041,0.6249,0.0237,0.4808,0.0363,0.6415,6.6582,0.0,RandomForest,0.6849125382952846,0.683785139701216,0.6861644852516992,0.669651080924546,0.6975653445604489,0.6841993043457569,0.6890944066637424,0.6844740934874962,0.6825497228766209
german,Credit_amount,1000.0,0.149,0.9377,250.0,15857.0,3312.5335,2333.0,2836.392,1.838,3.5505,1117.0,2730.0,0.041,0.6249,0.0237,0.4808,0.0363,0.6415,6.6582,0.0,AdaBoost,0.6575324627449379,0.6656008567249898,0.663003597970114,0.6480688631966152,0.6637274409751287,0.6480052079707669,0.667216541493864,0.6639813119341583,0.6570856543808715
german,Credit_amount,1000.0,0.149,0.9377,250.0,15857.0,3312.5335,2333.0,2836.392,1.838,3.5505,1117.0,2730.0,0.041,0.6249,0.0237,0.4808,0.0363,0.6415,6.6582,0.0,SVC,0.5866071804226658,0.5866071804226658,0.5866071804226658,0.5866071804226658,0.5866071804226658,0.5866071804226658,0.5866071804226658,0.5866071804226658,0.5866071804226658
german,Credit_amount,1000.0,0.111,0.9291,250.0,18424.0,3331.8954,2331.0,2879.8787,1.9114,4.0148,1103.0,2625.0,0.0409,0.6296,0.0209,0.4674,0.031,0.6277,6.6895,0.0,DecisionTree,0.6552626669061676,0.667123449243246,0.6607198977165011,0.656648146873267,0.6568710814531165,0.6635442115784982,0.655928375855347,0.664780637708066,0.6591197464595807
german,Credit_amount,1000.0,0.111,0.9291,250.0,18424.0,3331.8954,2331.0,2879.8787,1.9114,4.0148,1103.0,2625.0,0.0409,0.6296,0.0209,0.4674,0.031,0.6277,6.6895,0.0,LogisticRegression,0.6471392619853037,0.6448378546232452,0.649049965149169,0.6480910408369787,0.6469388689779649,0.6484186209482936,0.6442881449798857,0.6448378546232452,0.6480910408369787
german,Credit_amount,1000.0,0.111,0.9291,250.0,18424.0,3331.8954,2331.0,2879.8787,1.9114,4.0148,1103.0,2625.0,0.0409,0.6296,0.0209,0.4674,0.031,0.6277,6.6895,0.0,KNN,0.6490955094049841,0.6431505051677622,0.6482323956147373,0.6494143854394361,0.6491010639921706,0.6464594219985307,0.6475328877323916,0.6431505051677622,0.6457531456817923
german,Credit_amount,1000.0,0.111,0.9291,250.0,18424.0,3331.8954,2331.0,2879.8787,1.9114,4.0148,1103.0,2625.0,0.0409,0.6296,0.0209,0.4674,0.031,0.6277,6.6895,0.0,RandomForest,0.6997085425311661,0.689050030174166,0.6915209687586041,0.6856608922624732,0.6914022960072947,0.686592444184931,0.6928788753785344,0.6936765019037088,0.693842955552394
german,Credit_amount,1000.0,0.111,0.9291,250.0,18424.0,3331.8954,2331.0,2879.8787,1.9114,4.0148,1103.0,2625.0,0.0409,0.6296,0.0209,0.4674,0.031,0.6277,6.6895,0.0,AdaBoost,0.6565026680204257,0.6435507044153403,0.6586927539688614,0.651530717159371,0.6612684473275118,0.6605632160139034,0.6450246058352935,0.647663346898931,0.6433423480240874
german,Credit_amount,1000.0,0.111,0.9291,250.0,18424.0,3331.8954,2331.0,2879.8787,1.9114,4.0148,1103.0,2625.0,0.0409,0.6296,0.0209,0.4674,0.031,0.6277,6.6895,0.0,SVC,0.5866071804226658,0.5866071804226658,0.5866071804226658,0.5866071804226658,0.5866071804226658,0.5866071804226658,0.5866071804226658,0.5866071804226658,0.5866071804226658
german,Credit_amount,1000.0,0.056,0.928,250.0,18424.0,3293.553,2324.0,2831.5516,1.9159,4.1185,1106.5,2636.0,0.0218,0.6363,0.0196,0.4714,0.0294,0.6327,6.748,0.0,DecisionTree,0.6439032797258482,0.6467598939216425,0.664457536442477,0.6529379557896575,0.6500715393205211,0.6565347411318929,0.658596227327529,0.643800541648495,0.6490078396802497
german,Credit_amount,1000.0,0.056,0.928,250.0,18424.0,3293.553,2324.0,2831.5516,1.9159,4.1185,1106.5,2636.0,0.0218,0.6363,0.0196,0.4714,0.0294,0.6327,6.748,0.0,LogisticRegression,0.638856892728021,0.6389186706300609,0.6390139508473243,0.6373667613885934,0.6357630296551149,0.6368919899586148,0.636339436926963,0.6389186706300609,0.6373667613885934
german,Credit_amount,1000.0,0.056,0.928,250.0,18424.0,3293.553,2324.0,2831.5516,1.9159,4.1185,1106.5,2636.0,0.0218,0.6363,0.0196,0.4714,0.0294,0.6327,6.748,0.0,KNN,0.6400874471016138,0.6426908045441933,0.6427992754045136,0.6363150773658891,0.6346425516220846,0.636256313742612,0.6389456344940122,0.6426908045441933,0.6358324963761807
german,Credit_amount,1000.0,0.056,0.928,250.0,18424.0,3293.553,2324.0,2831.5516,1.9159,4.1185,1106.5,2636.0,0.0218,0.6363,0.0196,0.4714,0.0294,0.6327,6.748,0.0,RandomForest,0.6868661887477665,0.6926466896656841,0.6845914777709954,0.6899809879879621,0.6981028410589281,0.6933011402234042,0.6913564699459649,0.6828346800147671,0.693051324632033
german,Credit_amount,1000.0,0.056,0.928,250.0,18424.0,3293.553,2324.0,2831.5516,1.9159,4.1185,1106.5,2636.0,0.0218,0.6363,0.0196,0.4714,0.0294,0.6327,6.748,0.0,AdaBoost,0.6557466811220454,0.65420536120265,0.6566230383644274,0.6614178658617723,0.656537343342282,0.6606495153074258,0.6508768840688178,0.6589006843665357,0.6649183952672363
german,Credit_amount,1000.0,0.056,0.928,250.0,18424.0,3293.553,2324.0,2831.5516,1.9159,4.1185,1106.5,2636.0,0.0218,0.6363,0.0196,0.4714,0.0294,0.6327,6.748,0.0,SVC,0.5866071804226658,0.5866071804226658,0.5866071804226658,0.5866071804226658,0.5866071804226658,0.5866071804226658,0.5866071804226658,0.5866071804226658,0.5866071804226658
german,Duration,1000.0,0.48,0.0577,4.0,60.0,20.3308,18.0,11.4025,1.0309,0.712,6.0,12.0,0.0329,0.5982,0.0319,0.4498,0.045,0.6061,2.5944,0.1079,DecisionTree,0.634184063549318,0.6103820529322244,0.647328055893136,0.6256190529976877,0.6280432381558692,0.6264403383689464,0.6250753660709762,0.6403301995314283,0.6151444053504057
german,Duration,1000.0,0.48,0.0577,4.0,60.0,20.3308,18.0,11.4025,1.0309,0.712,6.0,12.0,0.0329,0.5982,0.0319,0.4498,0.045,0.6061,2.5944,0.1079,LogisticRegression,0.65368556536852,0.635414926394173,0.6364792391493134,0.6334677089210895,0.6302203027178908,0.6373894263152239,0.6476920635277157,0.6438750388440544,0.6352258006148275
german,Duration,1000.0,0.48,0.0577,4.0,60.0,20.3308,18.0,11.4025,1.0309,0.712,6.0,12.0,0.0329,0.5982,0.0319,0.4498,0.045,0.6061,2.5944,0.1079,KNN,0.6559123064982022,0.6480630368021096,0.6541562426441371,0.6720523506801426,0.6576135010216129,0.6535714251325401,0.633955595579172,0.6435070628203886,0.6362497867068062
german,Duration,1000.0,0.48,0.0577,4.0,60.0,20.3308,18.0,11.4025,1.0309,0.712,6.0,12.0,0.0329,0.5982,0.0319,0.4498,0.045,0.6061,2.5944,0.1079,RandomForest,0.6605618770458641,0.6742027422241412,0.6661569733411113,0.6733904194877648,0.6657909455727311,0.6739612799378918,0.6662836237467232,0.6589595516742097,0.6808016107017629
german,Duration,1000.0,0.48,0.0577,4.0,60.0,20.3308,18.0,11.4025,1.0309,0.712,6.0,12.0,0.0329,0.5982,0.0319,0.4498,0.045,0.6061,2.5944,0.1079,AdaBoost,0.6452772248919405,0.6573397328674302,0.6646907508989233,0.6522993355313194,0.6518335285806179,0.6573940570674273,0.6483025190076721,0.6441413513520179,0.6550317329411599
german,Duration,1000.0,0.48,0.0577,4.0,60.0,20.3308,18.0,11.4025,1.0309,0.712,6.0,12.0,0.0329,0.5982,0.0319,0.4498,0.045,0.6061,2.5944,0.1079,SVC,0.5866071804226658,0.5866071804226658,0.5866071804226658,0.5866071804226658,0.5866071804226658,0.5866071804226658,0.5866071804226658,0.5866071804226658,0.5866071804226658
german,Duration,1000.0,0.487,0.0604,4.0,72.0,21.2963,18.0,12.594,1.0926,0.8351,6.0,12.0,0.0593,0.6436,0.0459,0.4856,0.0659,0.6451,2.6269,0.0945,DecisionTree,0.6297803825643472,0.6186208598705205,0.6224761810313447,0.6492569945373072,0.6285367276262968,0.6384350927661602,0.6274104667888777,0.6191508851937886,0.6127667833379036
german,Duration,1000.0,0.487,0.0604,4.0,72.0,21.2963,18.0,12.594,1.0926,0.8351,6.0,12.0,0.0593,0.6436,0.0459,0.4856,0.0659,0.6451,2.6269,0.0945,LogisticRegression,0.6300367202208943,0.6288296309720031,0.6274589424888806,0.6243019754670295,0.6254107380663761,0.6307977931891494,0.6312054391038456,0.6297031472367027,0.635024220660525
german,Duration,1000.0,0.487,0.0604,4.0,72.0,21.2963,18.0,12.594,1.0926,0.8351,6.0,12.0,0.0593,0.6436,0.0459,0.4856,0.0659,0.6451,2.6269,0.0945,KNN,0.6537832633485224,0.637273338893991,0.6600581950155427,0.6483503612069359,0.6448291577348099,0.6445130039946394,0.647410564865375,0.6519787533469522,0.6417482532460044
german,Duration,1000.0,0.487,0.0604,4.0,72.0,21.2963,18.0,12.594,1.0926,0.8351,6.0,12.0,0.0593,0.6436,0.0459,0.4856,0.0659,0.6451,2.6269,0.0945,RandomForest,0.6797487422161761,0.6653864628107375,0.669933773984627,0.6770166189245646,0.6720938941759916,0.6809176355535786,0.6791305703212763,0.6635226489936216,0.6591205966252661
german,Duration,1000.0,0.487,0.0604,4.0,72.0,21.2963,18.0,12.594,1.0926,0.8351,6.0,12.0,0.0593,0.6436,0.0459,0.4856,0.0659,0.6451,2.6269,0.0945,AdaBoost,0.6376702940585914,0.6219439585740416,0.6357988109848681,0.6359596267044857,0.6347931548609648,0.6287213527369792,0.6348253604046189,0.6404013049857874,0.6319601707716425
german,Duration,1000.0,0.487,0.0604,4.0,72.0,21.2963,18.0,12.594,1.0926,0.8351,6.0,12.0,0.0593,0.6436,0.0459,0.4856,0.0659,0.6451,2.6269,0.0945,SVC,0.5866071804226658,0.5866071804226658,0.5866071804226658,0.5866071804226658,0.5866071804226658,0.5866071804226658,0.5866071804226658,0.5866071804226658,0.5866071804226658
german,Duration,1000.0,0.406,0.0471,4.0,72.0,20.9108,18.0,11.8783,1.0863,1.0248,6.0,12.0,0.0199,0.6,0.0228,0.475,0.0328,0.6337,2.542,0.126,DecisionTree,0.6300252542070335,0.630331768197942,0.6194277711559861,0.6304218106623644,0.6299265233356178,0.620501635581892,0.6284213598682714,0.627026448819932,0.6506232951916827
german,Duration,1000.0,0.406,0.0471,4.0,72.0,20.9108,18.0,11.8783,1.0863,1.0248,6.0,12.0,0.0199,0.6,0.0228,0.475,0.0328,0.6337,2.542,0.126,LogisticRegression,0.6326324136359578,0.6285888466588885,0.6312026225725649,0.6288115688050773,0.6293159344842019,0.6308768280285124,0.6356818788596519,0.6328668920084892,0.6255038258743556
german,Duration,1000.0,0.406,0.0471,4.0,72.0,20.9108,18.0,11.8783,1.0863,1.0248,6.0,12.0,0.0199,0.6,0.0228,0.475,0.0328,0.6337,2.542,0.126,KNN,0.6628518129274372,0.6506103352757586,0.6571376662474434,0.65497043023989,0.6550480128205871,0.6571096433897826,0.6538119736298356,0.6545906284006016,0.654881011278442
german,Duration,1000.0,0.406,0.0471,4.0,72.0,20.9108,18.0,11.8783,1.0863,1.0248,6.0,12.0,0.0199,0.6,0.0228,0.475,0.0328,0.6337,2.542,0.126,RandomForest,0.6869421724409895,0.6788794205346675,0.6778041745322306,0.6766409994868552,0.6647269097195364,0.6761637052090348,0.6685110101374327,0.6687234729006494,0.6714636109397685
german,Duration,1000.0,0.406,0.0471,4.0,72.0,20.9108,18.0,11.8783,1.0863,1.0248,6.0,12.0,0.0199,0.6,0.0228,0.475,0.0328,0.6337,2.542,0.126,AdaBoost,0.6467844745897158,0.630880598848959,0.64236695211823,0.6369756246047817,0.6386091665453568,0.6491674537548755,0.6301616640774785,0.6327265194572631,0.6309772533439899
german,Duration,1000.0,0.406,0.0471,4.0,72.0,20.9108,18.0,11.8783,1.0863,1.0248,6.0,12.0,0.0199,0.6,0.0228,0.475,0.0328,0.6337,2.542,0.126,SVC,0.5866071804226658,0.5866071804226658,0.5866071804226658,0.5866071804226658,0.5866071804226658,0.5866071804226658,0.5866071804226658,0.5866071804226658,0.5866071804226658
german,Duration,1000.0,0.354,0.0449,4.0,60.0,21.0526,18.0,12.1506,1.068,0.7041,6.0,12.0,0.0256,0.625,0.0206,0.463,0.0294,0.6197,2.5803,0.1176,DecisionTree,0.6401971128067883,0.6526560043452063,0.6505131116741842,0.6312396981856392,0.6385742885089879,0.6547280955676078,0.6694261160273705,0.6429418142066792,0.6422685848897256
german,Duration,1000.0,0.354,0.0449,4.0,60.0,21.0526,18.0,12.1506,1.068,0.7041,6.0,12.0,0.0256,0.625,0.0206,0.463,0.0294,0.6197,2.5803,0.1176,LogisticRegression,0.6503386473338314,0.6302413951247372,0.6401569591974678,0.6382993384362715,0.6418881026478882,0.639468102408256,0.6475867727617616,0.6518304254621158,0.6204823090744948
german,Duration,1000.0,0.354,0.0449,4.0,60.0,21.0526,18.0,12.1506,1.068,0.7041,6.0,12.0,0.0256,0.625,0.0206,0.463,0.0294,0.6197,2.5803,0.1176,KNN,0.6596232950583946,0.645620884680917,0.6529180844366635,0.664350457057386,0.6542954139490427,0.6467696017695113,0.6613944207648504,0.6437773307207189,0.6421738459875888
german,Duration,1000.0,0.354,0.0449,4.0,60.0,21.0526,18.0,12.1506,1.068,0.7041,6.0,12.0,0.0256,0.625,0.0206,0.463,0.0294,0.6197,2.5803,0.1176,RandomForest,0.6989055315094045,0.6849619366236089,0.6802500367959238,0.6984836515384545,0.6904051591304243,0.6918001339653773,0.7015650744232733,0.692716437374725,0.6873396560830782
german,Duration,1000.0,0.354,0.0449,4.0,60.0,21.0526,18.0,12.1506,1.068,0.7041,6.0,12.0,0.0256,0.625,0.0206,0.463,0.0294,0.6197,2.5803,0.1176,AdaBoost,0.6579655738033453,0.6507264870904772,0.6662440659300555,0.6606704999437243,0.6505512818043823,0.6638752239881683,0.6679092811675631,0.6622346829168319,0.6465313897922731
german,Duration,1000.0,0.354,0.0449,4.0,60.0,21.0526,18.0,12.1506,1.068,0.7041,6.0,12.0,0.0256,0.625,0.0206,0.463,0.0294,0.6197,2.5803,0.1176,SVC,0.5866071804226658,0.5866071804226658,0.5866071804226658,0.5866071804226658,0.5866071804226658,0.5866071804226658,0.5866071804226658,0.5866071804226658,0.5866071804226658
german,Duration,1000.0,0.316,0.0439,4.0,60.0,21.1316,18.0,12.0565,1.0141,0.6174,6.0,12.0,0.0705,0.606,0.0437,0.4712,0.0627,0.6326,2.6425,0.1096,DecisionTree,0.6314648984720322,0.6604859154948006,0.6598027677013111,0.6491959355408208,0.6335960950707443,0.6636826401681076,0.6495675502552947,0.6349995213818201,0.6415622160923704
german,Duration,1000.0,0.316,0.0439,4.0,60.0,21.1316,18.0,12.0565,1.0141,0.6174,6.0,12.0,0.0705,0.606,0.0437,0.4712,0.0627,0.6326,2.6425,0.1096,LogisticRegression,0.6264573505861658,0.6288638052537656,0.6264960772906527,0.6280543648209557,0.6215960885062277,0.6342705040998903,0.6247995278554153,0.6342387847186439,0.6320572624016269
german,Duration,1000.0,0.316,0.0439,4.0,60.0,21.1316,18.0,12.0565,1.0141,0.6174,6.0,12.0,0.0705,0.606,0.0437,0.4712,0.0627,0.6326,2.6425,0.1096,KNN,0.6536042383165112,0.6629103608634273,0.6516856842840559,0.6531421840510223,0.656962702398602,0.6520685772601138,0.6358278095850788,0.6669616233694564,0.6529948620388621
german,Duration,1000.0,0.316,0.0439,4.0,60.0,21.1316,18.0,12.0565,1.0141,0.6174,6.0,12.0,0.0705,0.606,0.0437,0.4712,0.0627,0.6326,2.6425,0.1096,RandomForest,0.672765790008242,0.6729070653615052,0.6675020975310928,0.6782296211825234,0.6725569158348367,0.6769588138120142,0.6721870474620023,0.6768257912258334,0.6718505170449152
german,Duration,1000.0,0.316,0.0439,4.0,60.0,21.1316,18.0,12.0565,1.0141,0.6174,6.0,12.0,0.0705,0.606,0.0437,0.4712,0.0627,0.6326,2.6425,0.1096,AdaBoost,0.6315117911115169,0.6550746767748294,0.6345134254479745,0.6346900092649148,0.642650470331239,0.6535093153391446,0.6557954627562808,0.6353056518960025,0.6609779105086131
german,Duration,1000.0,0.316,0.0439,4.0,60.0,21.1316,18.0,12.0565,1.0141,0.6174,6.0,12.0,0.0705,0.606,0.0437,0.4712,0.0627,0.6326,2.6425,0.1096,SVC,0.5866071804226658,0.5866071804226658,0.5866071804226658,0.5866071804226658,0.5866071804226658,0.5866071804226658,0.5866071804226658,0.5866071804226658,0.5866071804226658
german,Duration,1000.0,0.214,0.042,4.0,72.0,21.0229,18.0,12.3266,1.0772,0.8172,6.0,12.0,0.0141,0.6295,0.0143,0.4742,0.0215,0.6334,2.6221,0.0907,DecisionTree,0.6495852277302308,0.6347402843736989,0.6446011078285327,0.6570275311510101,0.6564925066838827,0.647440803647084,0.6631793529928394,0.647937485787502,0.6503839710178249
german,Duration,1000.0,0.214,0.042,4.0,72.0,21.0229,18.0,12.3266,1.0772,0.8172,6.0,12.0,0.0141,0.6295,0.0143,0.4742,0.0215,0.6334,2.6221,0.0907,LogisticRegression,0.6366568202507369,0.6328948743420031,0.6307831185351784,0.6274199569968858,0.6268613019595703,0.630443571854064,0.6300639083845789,0.6415707504291044,0.6325300022788651
german,Duration,1000.0,0.214,0.042,4.0,72.0,21.0229,18.0,12.3266,1.0772,0.8172,6.0,12.0,0.0141,0.6295,0.0143,0.4742,0.0215,0.6334,2.6221,0.0907,KNN,0.6597860305952333,0.6392591735383516,0.6568211649101313,0.6542493226632577,0.6524579070437813,0.6460145851274547,0.6531018497941071,0.6329490194653296,0.6406222386234218
german,Duration,1000.0,0.214,0.042,4.0,72.0,21.0229,18.0,12.3266,1.0772,0.8172,6.0,12.0,0.0141,0.6295,0.0143,0.4742,0.0215,0.6334,2.6221,0.0907,RandomForest,0.6726447485586208,0.6628641478186322,0.6833229599640978,0.6778164436563315,0.6788687935107672,0.6726834487113077,0.6795213568505432,0.6654111194568446,0.6797337548277275
german,Duration,1000.0,0.214,0.042,4.0,72.0,21.0229,18.0,12.3266,1.0772,0.8172,6.0,12.0,0.0141,0.6295,0.0143,0.4742,0.0215,0.6334,2.6221,0.0907,AdaBoost,0.6332256776050599,0.6433607227212581,0.6468556081708677,0.64128089279343,0.6459860879758057,0.6500688725358155,0.6301403505862399,0.6515755751431689,0.650510667161087
german,Duration,1000.0,0.214,0.042,4.0,72.0,21.0229,18.0,12.3266,1.0772,0.8172,6.0,12.0,0.0141,0.6295,0.0143,0.4742,0.0215,0.6334,2.6221,0.0907,SVC,0.5866071804226658,0.5866071804226658,0.5866071804226658,0.5866071804226658,0.5866071804226658,0.5866071804226658,0.5866071804226658,0.5866071804226658,0.5866071804226658
german,Duration,1000.0,0.211,0.0406,4.0,72.0,20.8454,18.0,12.0763,1.0676,0.816,6.0,12.0,0.0587,0.6244,0.0221,0.465,0.0315,0.6281,2.6336,0.0967,DecisionTree,0.6627431382806516,0.6389251688627401,0.6640022020350291,0.6456253484306842,0.6525990265978387,0.6568636948698224,0.6600630272717877,0.6510843836914737,0.6565136760805094
german,Duration,1000.0,0.211,0.0406,4.0,72.0,20.8454,18.0,12.0763,1.0676,0.816,6.0,12.0,0.0587,0.6244,0.0221,0.465,0.0315,0.6281,2.6336,0.0967,LogisticRegression,0.635155854163377,0.6261142330699353,0.6318771282134334,0.6328711567435424,0.6274908263186125,0.634227246414806,0.6283853265730179,0.6321810066236796,0.6329036619422457
german,Duration,1000.0,0.211,0.0406,4.0,72.0,20.8454,18.0,12.0763,1.0676,0.816,6.0,12.0,0.0587,0.6244,0.0221,0.465,0.0315,0.6281,2.6336,0.0967,KNN,0.652304605437321,0.6435838449935529,0.6518736580962079,0.6592155214729711,0.6521814921047494,0.6613746366793108,0.6555485178529467,0.6573727357648436,0.6522087260131508
german,Duration,1000.0,0.211,0.0406,4.0,72.0,20.8454,18.0,12.0763,1.0676,0.816,6.0,12.0,0.0587,0.6244,0.0221,0.465,0.0315,0.6281,2.6336,0.0967,RandomForest,0.6765178880231427,0.6732647519019997,0.6778168634936022,0.6785341861262363,0.6712916900251465,0.6778750264524227,0.6749448868226906,0.6783693441228839,0.6820550657579969
german,Duration,1000.0,0.211,0.0406,4.0,72.0,20.8454,18.0,12.0763,1.0676,0.816,6.0,12.0,0.0587,0.6244,0.0221,0.465,0.0315,0.6281,2.6336,0.0967,AdaBoost,0.6462828268006457,0.6455603978742016,0.6660600701575088,0.6520424099567472,0.6572847669653157,0.6521233413464664,0.6383987453265029,0.6624113095283878,0.6555739614729752
german,Duration,1000.0,0.211,0.0406,4.0,72.0,20.8454,18.0,12.0763,1.0676,0.816,6.0,12.0,0.0587,0.6244,0.0221,0.465,0.0315,0.6281,2.6336,0.0967,SVC,0.5866071804226658,0.5866071804226658,0.5866071804226658,0.5866071804226658,0.5866071804226658,0.5866071804226658,0.5866071804226658,0.5866071804226658,0.5866071804226658
german,Duration,1000.0,0.148,0.0387,4.0,72.0,20.9272,18.0,12.2134,1.1532,1.0375,6.0,12.0,0.028,0.6435,0.0192,0.464,0.0287,0.6246,2.6174,0.091,DecisionTree,0.6555550972433769,0.6524156842830904,0.6631371612281052,0.653562046751607,0.6601869868299404,0.6539693643497091,0.639444406740485,0.6550840807277272,0.6489309215453707
german,Duration,1000.0,0.148,0.0387,4.0,72.0,20.9272,18.0,12.2134,1.1532,1.0375,6.0,12.0,0.028,0.6435,0.0192,0.464,0.0287,0.6246,2.6174,0.091,LogisticRegression,0.6392352351791194,0.6370504721395822,0.6344423279790884,0.6375406051436918,0.6360359372070711,0.6421083427833155,0.6456161807038729,0.6356134154592131,0.647618784181399
german,Duration,1000.0,0.148,0.0387,4.0,72.0,20.9272,18.0,12.2134,1.1532,1.0375,6.0,12.0,0.028,0.6435,0.0192,0.464,0.0287,0.6246,2.6174,0.091,KNN,0.6587380181566486,0.6482750927188908,0.6413388589724419,0.6558882906510869,0.6499693956383715,0.6524617282064524,0.6586299389810517,0.6523691942357007,0.6510187475795562
german,Duration,1000.0,0.148,0.0387,4.0,72.0,20.9272,18.0,12.2134,1.1532,1.0375,6.0,12.0,0.028,0.6435,0.0192,0.464,0.0287,0.6246,2.6174,0.091,RandomForest,0.6975406259376893,0.6910385506376242,0.6896429503983642,0.696853207519053,0.6805453564937023,0.6905325210607033,0.6919399225436693,0.6879304452775143,0.6881687416961535
german,Duration,1000.0,0.148,0.0387,4.0,72.0,20.9272,18.0,12.2134,1.1532,1.0375,6.0,12.0,0.028,0.6435,0.0192,0.464,0.0287,0.6246,2.6174,0.091,AdaBoost,0.6477962393200682,0.6504060952489596,0.6646364222041591,0.6533879005446732,0.6511924914179796,0.652365591447944,0.6490121122618658,0.6443044313203772,0.6494976418522499
german,Duration,1000.0,0.148,0.0387,4.0,72.0,20.9272,18.0,12.2134,1.1532,1.0375,6.0,12.0,0.028,0.6435,0.0192,0.464,0.0287,0.6246,2.6174,0.091,SVC,0.5866071804226658,0.5866071804226658,0.5866071804226658,0.5866071804226658,0.5866071804226658,0.5866071804226658,0.5866071804226658,0.5866071804226658,0.5866071804226658
german,Duration,1000.0,0.101,0.0367,4.0,72.0,20.9221,18.0,12.1015,1.0864,0.8507,6.0,12.0,0.0452,0.6188,0.0309,0.4686,0.044,0.6273,2.614,0.0912,DecisionTree,0.6484645832508883,0.6440074386422132,0.6698946586131566,0.6463052348019089,0.6344861088283282,0.6515296387871893,0.6485530887400748,0.6351365683403599,0.6340224648517309
german,Duration,1000.0,0.101,0.0367,4.0,72.0,20.9221,18.0,12.1015,1.0864,0.8507,6.0,12.0,0.0452,0.6188,0.0309,0.4686,0.044,0.6273,2.614,0.0912,LogisticRegression,0.6461856715217066,0.6385001611070221,0.6427799887486981,0.6396450648623238,0.6374180624880963,0.6408191602819739,0.6427324682398281,0.6435854968739273,0.6415594919317935
german,Duration,1000.0,0.101,0.0367,4.0,72.0,20.9221,18.0,12.1015,1.0864,0.8507,6.0,12.0,0.0452,0.6188,0.0309,0.4686,0.044,0.6273,2.614,0.0912,KNN,0.6681720910512681,0.6454180418723525,0.6583103802005176,0.6588855773658419,0.6543061946036166,0.6576021123643981,0.6631488452616605,0.646271057339896,0.6498147680852131
german,Duration,1000.0,0.101,0.0367,4.0,72.0,20.9221,18.0,12.1015,1.0864,0.8507,6.0,12.0,0.0452,0.6188,0.0309,0.4686,0.044,0.6273,2.614,0.0912,RandomForest,0.6982854104290165,0.7000626460511807,0.6771990395539506,0.6916535495529677,0.6824698007733337,0.6796717147766558,0.6858236368499885,0.6989929359720559,0.698668628397883
german,Duration,1000.0,0.101,0.0367,4.0,72.0,20.9221,18.0,12.1015,1.0864,0.8507,6.0,12.0,0.0452,0.6188,0.0309,0.4686,0.044,0.6273,2.614,0.0912,AdaBoost,0.6605274822448517,0.6502842750962743,0.6536952910984486,0.6566869017234023,0.6515272508502243,0.6567079849375327,0.650403118876409,0.6531924425612599,0.6537907906667482
german,Duration,1000.0,0.101,0.0367,4.0,72.0,20.9221,18.0,12.1015,1.0864,0.8507,6.0,12.0,0.0452,0.6188,0.0309,0.4686,0.044,0.6273,2.614,0.0912,SVC,0.5866071804226658,0.5866071804226658,0.5866071804226658,0.5866071804226658,0.5866071804226658,0.5866071804226658,0.5866071804226658,0.5866071804226658,0.5866071804226658
german,Duration,1000.0,0.06,0.0351,4.0,72.0,20.8957,18.0,11.9958,1.0941,0.9362,6.0,12.0,0.0315,0.624,0.0209,0.4678,0.0306,0.6268,2.6056,0.0914,DecisionTree,0.6506872408974311,0.6590063076542524,0.6551879099020808,0.6522569272723261,0.6590591840868912,0.6520114201603789,0.6648704435670415,0.6542036170097393,0.6522514104108661
german,Duration,1000.0,0.06,0.0351,4.0,72.0,20.8957,18.0,11.9958,1.0941,0.9362,6.0,12.0,0.0315,0.624,0.0209,0.4678,0.0306,0.6268,2.6056,0.0914,LogisticRegression,0.648219418101139,0.6443574858451084,0.6381880675080722,0.647441508154688,0.6419884528548945,0.6506620579048209,0.6467954337280313,0.6477929754520643,0.6478987978876686
german,Duration,1000.0,0.06,0.0351,4.0,72.0,20.8957,18.0,11.9958,1.0941,0.9362,6.0,12.0,0.0315,0.624,0.0209,0.4678,0.0306,0.6268,2.6056,0.0914,KNN,0.6507101943893814,0.6535577194512294,0.649334063618841,0.650091172594242,0.6459050922092691,0.6494391589234036,0.6442077017905632,0.6508497958146333,0.6483134018306096
german,Duration,1000.0,0.06,0.0351,4.0,72.0,20.8957,18.0,11.9958,1.0941,0.9362,6.0,12.0,0.0315,0.624,0.0209,0.4678,0.0306,0.6268,2.6056,0.0914,RandomForest,0.6901818771280219,0.6979214176272442,0.6935948682006874,0.68392800138166,0.6927480439317957,0.6883886092221903,0.6987978929746452,0.686024651225785,0.6971051880276812
german,Duration,1000.0,0.06,0.0351,4.0,72.0,20.8957,18.0,11.9958,1.0941,0.9362,6.0,12.0,0.0315,0.624,0.0209,0.4678,0.0306,0.6268,2.6056,0.0914,AdaBoost,0.6531692388908443,0.6534652648028632,0.6555860738200562,0.6505321427156001,0.6523139871041037,0.6502771406438689,0.6685374565742728,0.6605133699512983,0.6526538820624276
german,Duration,1000.0,0.06,0.0351,4.0,72.0,20.8957,18.0,11.9958,1.0941,0.9362,6.0,12.0,0.0315,0.624,0.0209,0.4678,0.0306,0.6268,2.6056,0.0914,SVC,0.5866071804226658,0.5866071804226658,0.5866071804226658,0.5866071804226658,0.5866071804226658,0.5866071804226658,0.5866071804226658,0.5866071804226658,0.5866071804226658
