name,column_name,n_tuples,missing_perc,uniqueness,min,max,mean,median,std,skewness,kurtosis,mad,iqr,p_min,p_max,k_min,k_max,s_min,s_max,entropy,density,ml_algorithm,impute_standard,impute_mean,impute_median,impute_random,impute_knn,impute_mice,impute_linear_regression,impute_random_forest,impute_cmeans
drug,Age,200.0,0.455,0.4495,15.0,74.0,43.9358,45.0,16.0151,-0.0201,-1.1058,13.0,27.0,0.0439,0.0439,0.0094,0.0094,0.011,0.011,3.7532,0.023,DecisionTree,0.9742567828413417,0.9541639957264957,0.942123778998779,0.9578305722055722,0.9582661782661783,0.9578980374200963,0.9698628434474023,0.9743236277611278,0.9624646534021534
drug,Age,200.0,0.455,0.4495,15.0,74.0,43.9358,45.0,16.0151,-0.0201,-1.1058,13.0,27.0,0.0439,0.0439,0.0094,0.0094,0.011,0.011,3.7532,0.023,LogisticRegression,0.9449668579719508,0.922792974529685,0.9066433779389117,0.9333830503035843,0.9246012533967873,0.9449668579719508,0.9449668579719508,0.9119160682116021,0.9449668579719508
drug,Age,200.0,0.455,0.4495,15.0,74.0,43.9358,45.0,16.0151,-0.0201,-1.1058,13.0,27.0,0.0439,0.0439,0.0094,0.0094,0.011,0.011,3.7532,0.023,KNN,0.8018843899380064,0.7386831514527593,0.7489562956492317,0.7687183776216795,0.7924845982616586,0.7927848381487994,0.7913184929571564,0.7509885146406683,0.7399329029702579
drug,Age,200.0,0.455,0.4495,15.0,74.0,43.9358,45.0,16.0151,-0.0201,-1.1058,13.0,27.0,0.0439,0.0439,0.0094,0.0094,0.011,0.011,3.7532,0.023,RandomForest,0.9574773374773375,0.9665102258852258,0.9462660256410256,0.9493645474895474,0.944783885096385,0.9658513708513707,0.9622764041514041,0.9702106227106227,0.9624096967846968
drug,Age,200.0,0.455,0.4495,15.0,74.0,43.9358,45.0,16.0151,-0.0201,-1.1058,13.0,27.0,0.0439,0.0439,0.0094,0.0094,0.011,0.011,3.7532,0.023,AdaBoost,0.7873652677712255,0.7873652677712255,0.7873652677712255,0.7873652677712255,0.7873652677712255,0.7873652677712255,0.7873652677712255,0.7873652677712255,0.7873652677712255
drug,Age,200.0,0.455,0.4495,15.0,74.0,43.9358,45.0,16.0151,-0.0201,-1.1058,13.0,27.0,0.0439,0.0439,0.0094,0.0094,0.011,0.011,3.7532,0.023,SVC,0.9078798037715718,0.8844610447258074,0.8752746463368083,0.9116429868966266,0.8927876482365624,0.9123340521375849,0.8950285231729145,0.9026443876735379,0.8684542073142928
drug,Age,200.0,0.435,0.4425,15.0,74.0,45.2035,47.0,16.2857,-0.1314,-0.9768,12.0,26.0,0.1157,0.1157,0.0641,0.0641,0.103,0.103,3.7748,0.0224,DecisionTree,0.9389600214600214,0.9479784798534798,0.941043956043956,0.944703144078144,0.9361624024124025,0.9435623383968972,0.9233943833943833,0.9434963688272511,0.9392079489138312
drug,Age,200.0,0.435,0.4425,15.0,74.0,45.2035,47.0,16.2857,-0.1314,-0.9768,12.0,26.0,0.1157,0.1157,0.0641,0.0641,0.103,0.103,3.7748,0.0224,LogisticRegression,0.9134561524002314,0.877637371407933,0.9336682049637388,0.912292493754955,0.8998490252327944,0.9055945001635791,0.9016262461953252,0.8841624258741639,0.9074874684888847
drug,Age,200.0,0.435,0.4425,15.0,74.0,45.2035,47.0,16.2857,-0.1314,-0.9768,12.0,26.0,0.1157,0.1157,0.0641,0.0641,0.103,0.103,3.7748,0.0224,KNN,0.7879845343676888,0.7258408720999436,0.735319494658717,0.796199736292736,0.7655924577618212,0.7830419246050874,0.7704304958359917,0.7359063829615694,0.7624360583056236
drug,Age,200.0,0.435,0.4425,15.0,74.0,45.2035,47.0,16.2857,-0.1314,-0.9768,12.0,26.0,0.1157,0.1157,0.0641,0.0641,0.103,0.103,3.7748,0.0224,RandomForest,0.9350423881673882,0.9389213564213565,0.9244264416139416,0.9345299145299146,0.926818181818182,0.9261976911976912,0.9277941502941502,0.9266418997668998,0.9316942004074358
drug,Age,200.0,0.435,0.4425,15.0,74.0,45.2035,47.0,16.2857,-0.1314,-0.9768,12.0,26.0,0.1157,0.1157,0.0641,0.0641,0.103,0.103,3.7748,0.0224,AdaBoost,0.7873652677712255,0.7873652677712255,0.7873652677712255,0.7873652677712255,0.7873652677712255,0.7873652677712255,0.7873652677712255,0.7873652677712255,0.7873652677712255
drug,Age,200.0,0.435,0.4425,15.0,74.0,45.2035,47.0,16.2857,-0.1314,-0.9768,12.0,26.0,0.1157,0.1157,0.0641,0.0641,0.103,0.103,3.7748,0.0224,SVC,0.9030235149907463,0.8644539871708622,0.8652721689658851,0.902451815538873,0.8804500096791986,0.8982030107947123,0.882832538402181,0.8623854392458773,0.8745025614127278
drug,Age,200.0,0.35,0.4,16.0,74.0,45.6077,47.0,16.1943,-0.0641,-1.0751,13.0,26.0,0.0598,0.0598,0.0324,0.0324,0.0488,0.0488,3.7772,0.0226,DecisionTree,0.9874114774114775,0.9790781440781441,0.9701149708135002,0.9830175380175381,0.9741229073214368,0.9790781440781441,0.9499653124653125,0.9786986277611278,0.9750702075702076
drug,Age,200.0,0.35,0.4,16.0,74.0,45.6077,47.0,16.1943,-0.0641,-1.0751,13.0,26.0,0.0598,0.0598,0.0324,0.0324,0.0488,0.0488,3.7772,0.0226,LogisticRegression,0.9289780552854816,0.9273541510241043,0.9506602600346369,0.9370247077071341,0.9343930691931427,0.9363220933280492,0.9212575119399384,0.935776739600269,0.9366332515532048
drug,Age,200.0,0.35,0.4,16.0,74.0,45.6077,47.0,16.1943,-0.0641,-1.0751,13.0,26.0,0.0598,0.0598,0.0324,0.0324,0.0488,0.0488,3.7772,0.0226,KNN,0.741121498612161,0.6992309005663513,0.7454590468620707,0.7679922875327287,0.7855974368042586,0.7402463911546068,0.7294886328905754,0.7106986161715921,0.7247635783644817
drug,Age,200.0,0.35,0.4,16.0,74.0,45.6077,47.0,16.1943,-0.0641,-1.0751,13.0,26.0,0.0598,0.0598,0.0324,0.0324,0.0488,0.0488,3.7772,0.0226,RandomForest,0.9744645332880627,0.966223792547322,0.9655858030858031,0.9792612942612943,0.9667185592185592,0.966223792547322,0.9457437656905742,0.9611772486772487,0.966223792547322
drug,Age,200.0,0.35,0.4,16.0,74.0,45.6077,47.0,16.1943,-0.0641,-1.0751,13.0,26.0,0.0598,0.0598,0.0324,0.0324,0.0488,0.0488,3.7772,0.0226,AdaBoost,0.7873652677712255,0.7873652677712255,0.7873652677712255,0.7873652677712255,0.7873652677712255,0.7873652677712255,0.7873652677712255,0.7873652677712255,0.7873652677712255
drug,Age,200.0,0.35,0.4,16.0,74.0,45.6077,47.0,16.1943,-0.0641,-1.0751,13.0,26.0,0.0598,0.0598,0.0324,0.0324,0.0488,0.0488,3.7772,0.0226,SVC,0.8882702642934587,0.8476792727876974,0.9213824862455142,0.9166161720446084,0.9094038732600335,0.8960175281424777,0.8794301975837766,0.8462829231364252,0.8492094632095268
drug,Age,200.0,0.36,0.4297,15.0,74.0,43.0703,42.0,15.9478,0.1204,-0.9356,12.5,25.0,0.1036,0.1036,0.0723,0.0723,0.1056,0.1056,3.8646,0.0192,DecisionTree,0.9530704711954712,0.9565300671550672,0.9330944055944056,0.9357618362030127,0.9415995115995117,0.9454720606191195,0.9527763535484124,0.9488835470085469,0.9371123321123321
drug,Age,200.0,0.36,0.4297,15.0,74.0,43.0703,42.0,15.9478,0.1204,-0.9356,12.5,25.0,0.1036,0.1036,0.0723,0.0723,0.1056,0.1056,3.8646,0.0192,LogisticRegression,0.9197319248075937,0.9066483407659878,0.9337646520895977,0.9194226556453835,0.9236167762726043,0.9242711404938682,0.9247330192344356,0.8922501926178397,0.9125140119345457
drug,Age,200.0,0.36,0.4297,15.0,74.0,43.0703,42.0,15.9478,0.1204,-0.9356,12.5,25.0,0.1036,0.1036,0.0723,0.0723,0.1056,0.1056,3.8646,0.0192,KNN,0.725474138075319,0.7474745046408391,0.7391020877530462,0.7262695100883162,0.7203365994008009,0.725474138075319,0.7166655264884514,0.764807572551808,0.7556778090802467
drug,Age,200.0,0.36,0.4297,15.0,74.0,43.0703,42.0,15.9478,0.1204,-0.9356,12.5,25.0,0.1036,0.1036,0.0723,0.0723,0.1056,0.1056,3.8646,0.0192,RandomForest,0.9667846967846968,0.9659185606060606,0.9410786782661782,0.9252987709355635,0.9200031912531912,0.9576686018899133,0.9368181818181819,0.9489903846153845,0.9451606726606727
drug,Age,200.0,0.36,0.4297,15.0,74.0,43.0703,42.0,15.9478,0.1204,-0.9356,12.5,25.0,0.1036,0.1036,0.0723,0.0723,0.1056,0.1056,3.8646,0.0192,AdaBoost,0.7873652677712255,0.7873652677712255,0.7873652677712255,0.7873652677712255,0.7873652677712255,0.7873652677712255,0.7873652677712255,0.7873652677712255,0.7873652677712255
drug,Age,200.0,0.36,0.4297,15.0,74.0,43.0703,42.0,15.9478,0.1204,-0.9356,12.5,25.0,0.1036,0.1036,0.0723,0.0723,0.1056,0.1056,3.8646,0.0192,SVC,0.9031542495351637,0.8551478157615128,0.8751041578500932,0.8872658976518103,0.875521037941206,0.8863801653721354,0.886268846434397,0.8589236197597744,0.8590665130114963
drug,Age,200.0,0.255,0.3557,15.0,74.0,44.1678,46.0,16.6279,-0.0052,-1.1188,14.0,27.0,0.0668,0.0668,0.0409,0.0409,0.0653,0.0653,3.8663,0.0231,DecisionTree,0.9743473519944108,0.9827234203704791,0.9915781440781442,0.9748758764383764,0.9667582417582418,0.966535409035409,0.966535409035409,0.9871173597644185,0.9575076312576313
drug,Age,200.0,0.255,0.3557,15.0,74.0,44.1678,46.0,16.6279,-0.0052,-1.1188,14.0,27.0,0.0668,0.0668,0.0409,0.0409,0.0653,0.0653,3.8663,0.0231,LogisticRegression,0.9286136090907272,0.9181389470381851,0.9441762381827681,0.9330743934044526,0.9372652731461799,0.9286136090907272,0.92580152271619,0.912189872964111,0.9247339273090128
drug,Age,200.0,0.255,0.3557,15.0,74.0,44.1678,46.0,16.6279,-0.0052,-1.1188,14.0,27.0,0.0668,0.0668,0.0409,0.0409,0.0653,0.0653,3.8663,0.0231,KNN,0.7970992257589065,0.7300189366098039,0.7743145637518074,0.7971853425950246,0.771306598060344,0.7928430587759843,0.7922391381598402,0.7276025340025377,0.7415847975373191
drug,Age,200.0,0.255,0.3557,15.0,74.0,44.1678,46.0,16.6279,-0.0052,-1.1188,14.0,27.0,0.0668,0.0668,0.0409,0.0409,0.0653,0.0653,3.8663,0.0231,RandomForest,0.9784045101140689,0.9784045101140689,0.9784979073214368,0.9788194444444445,0.9748001998001998,0.9784045101140689,0.9663053939524529,0.9784045101140689,0.9784045101140689
drug,Age,200.0,0.255,0.3557,15.0,74.0,44.1678,46.0,16.6279,-0.0052,-1.1188,14.0,27.0,0.0668,0.0668,0.0409,0.0409,0.0653,0.0653,3.8663,0.0231,AdaBoost,0.7873652677712255,0.7873652677712255,0.7873652677712255,0.7873652677712255,0.7873652677712255,0.7873652677712255,0.7873652677712255,0.7873652677712255,0.7873652677712255
drug,Age,200.0,0.255,0.3557,15.0,74.0,44.1678,46.0,16.6279,-0.0052,-1.1188,14.0,27.0,0.0668,0.0668,0.0409,0.0409,0.0653,0.0653,3.8663,0.0231,SVC,0.91741555919434,0.872014462930459,0.929462711523083,0.9215774058682089,0.9418772676725262,0.9217514836120039,0.9022648911224762,0.8938243179279876,0.8811094543601828
drug,Age,200.0,0.26,0.3649,15.0,74.0,45.1757,46.5,16.5667,-0.0247,-1.1034,13.5,27.25,0.0829,0.0829,0.0597,0.0597,0.0839,0.0839,3.8676,0.0222,DecisionTree,0.9740371230077112,0.9871387272857861,0.9711485042735043,0.9957661782661783,0.9873643023643024,0.9871387272857861,0.9740371230077112,0.9871387272857861,0.9829506930977518
drug,Age,200.0,0.26,0.3649,15.0,74.0,45.1757,46.5,16.5667,-0.0247,-1.1034,13.5,27.25,0.0829,0.0829,0.0597,0.0597,0.0839,0.0839,3.8676,0.0222,LogisticRegression,0.9400370649693024,0.9370298637702015,0.9402507672066496,0.9483005741535153,0.9319026543298481,0.9400370649693024,0.9400370649693024,0.9286090576780874,0.9357927486919977
drug,Age,200.0,0.26,0.3649,15.0,74.0,45.1757,46.5,16.5667,-0.0247,-1.1034,13.5,27.25,0.0829,0.0829,0.0597,0.0597,0.0839,0.0839,3.8676,0.0222,KNN,0.7419970078342379,0.7307563364177272,0.7776829464838365,0.7822624086038159,0.7531619317069796,0.7540949957049836,0.7711400379246907,0.7478800959096998,0.757606510928817
drug,Age,200.0,0.26,0.3649,15.0,74.0,45.1757,46.5,16.5667,-0.0247,-1.1034,13.5,27.25,0.0829,0.0829,0.0597,0.0597,0.0839,0.0839,3.8676,0.0222,RandomForest,0.9745746247216835,0.9786317828413417,0.9706335331335332,0.9786317828413417,0.9750274725274726,0.9788053939524528,0.9829506930977518,0.9745746247216835,0.9704720606191195
drug,Age,200.0,0.26,0.3649,15.0,74.0,45.1757,46.5,16.5667,-0.0247,-1.1034,13.5,27.25,0.0829,0.0829,0.0597,0.0597,0.0839,0.0839,3.8676,0.0222,AdaBoost,0.7873652677712255,0.7873652677712255,0.7873652677712255,0.7873652677712255,0.7873652677712255,0.7873652677712255,0.7873652677712255,0.7873652677712255,0.7873652677712255
drug,Age,200.0,0.26,0.3649,15.0,74.0,45.1757,46.5,16.5667,-0.0247,-1.1034,13.5,27.25,0.0829,0.0829,0.0597,0.0597,0.0839,0.0839,3.8676,0.0222,SVC,0.8872707624250125,0.89590244738516,0.8865173949372731,0.8911489981748277,0.8873835028017281,0.895396096660595,0.8999487066098698,0.9085655779961288,0.9038105397621987
drug,Age,200.0,0.155,0.3314,15.0,74.0,44.5562,45.0,16.5164,-0.0088,-1.1084,14.0,28.0,0.0596,0.0596,0.0333,0.0333,0.0498,0.0498,3.9207,0.0217,DecisionTree,0.9957661782661783,0.9957661782661783,0.9749841015466015,0.9957661782661783,0.9915781440781442,0.9915781440781442,0.9915781440781442,0.9914912864912865,0.9915781440781442
drug,Age,200.0,0.155,0.3314,15.0,74.0,44.5562,45.0,16.5164,-0.0088,-1.1084,14.0,28.0,0.0596,0.0596,0.0333,0.0333,0.0498,0.0498,3.9207,0.0217,LogisticRegression,0.9497472195846809,0.953910821639556,0.9386679816929429,0.9460261857165881,0.9502170654583154,0.9539380993264082,0.9455805529180141,0.9582260325724139,0.9497472195846809
drug,Age,200.0,0.155,0.3314,15.0,74.0,44.5562,45.0,16.5164,-0.0088,-1.1084,14.0,28.0,0.0596,0.0596,0.0333,0.0333,0.0498,0.0498,3.9207,0.0217,KNN,0.7639430730421695,0.7236452605872441,0.7474088321010637,0.755003973026831,0.7773986998046962,0.7811762166137506,0.7514888972700567,0.7494109320483692,0.7568586424400521
drug,Age,200.0,0.155,0.3314,15.0,74.0,44.5562,45.0,16.5164,-0.0088,-1.1084,14.0,28.0,0.0596,0.0596,0.0333,0.0333,0.0498,0.0498,3.9207,0.0217,RandomForest,0.9914930555555556,0.9914930555555556,0.9751607651607652,0.9874358974358974,0.9832020757020757,0.9914930555555556,0.9872592338217339,0.9872592338217339,0.9872592338217339
drug,Age,200.0,0.155,0.3314,15.0,74.0,44.5562,45.0,16.5164,-0.0088,-1.1084,14.0,28.0,0.0596,0.0596,0.0333,0.0333,0.0498,0.0498,3.9207,0.0217,AdaBoost,0.7873652677712255,0.7873652677712255,0.7873652677712255,0.7873652677712255,0.7873652677712255,0.7873652677712255,0.7873652677712255,0.7873652677712255,0.7873652677712255
drug,Age,200.0,0.155,0.3314,15.0,74.0,44.5562,45.0,16.5164,-0.0088,-1.1084,14.0,28.0,0.0596,0.0596,0.0333,0.0333,0.0498,0.0498,3.9207,0.0217,SVC,0.9334891213689388,0.9294176049691077,0.9182072965348508,0.9201251905452758,0.9205784254717249,0.9377880631678807,0.9212655985214231,0.93025569241751,0.9290648727468216
drug,Age,200.0,0.13,0.3276,15.0,74.0,44.4483,45.5,16.5819,-0.0184,-1.1126,13.5,26.75,0.0921,0.0921,0.0471,0.0471,0.0697,0.0697,3.9113,0.0211,DecisionTree,0.9790096015096015,0.9830175380175381,0.9604884004884005,0.9653341103341104,0.9695648795648797,0.9830175380175381,0.9790096015096015,0.978872238872239,0.9748643023643024
drug,Age,200.0,0.13,0.3276,15.0,74.0,44.4483,45.5,16.5819,-0.0184,-1.1126,13.5,26.75,0.0921,0.0921,0.0471,0.0471,0.0697,0.0697,3.9113,0.0211,LogisticRegression,0.9408693889377956,0.9332228649904734,0.9375390245449804,0.9408693889377956,0.9369805000489068,0.9408693889377956,0.93185824775816,0.9372308014984099,0.9324105400605014
drug,Age,200.0,0.13,0.3276,15.0,74.0,44.4483,45.5,16.5819,-0.0184,-1.1126,13.5,26.75,0.0921,0.0921,0.0471,0.0471,0.0697,0.0697,3.9113,0.0211,KNN,0.7321635789506373,0.7417876919133011,0.7446367262862411,0.7284276978057265,0.729551059865272,0.7356509526880111,0.7272248136449949,0.750911979691132,0.7619653463863284
drug,Age,200.0,0.13,0.3276,15.0,74.0,44.4483,45.5,16.5819,-0.0184,-1.1126,13.5,26.75,0.0921,0.0921,0.0471,0.0471,0.0697,0.0697,3.9113,0.0211,RandomForest,0.9741039679274974,0.9783377896613191,0.966124222999223,0.9658166833166834,0.9658166833166834,0.9783377896613191,0.9700960314195609,0.9741039679274974,0.9783377896613191
drug,Age,200.0,0.13,0.3276,15.0,74.0,44.4483,45.5,16.5819,-0.0184,-1.1126,13.5,26.75,0.0921,0.0921,0.0471,0.0471,0.0697,0.0697,3.9113,0.0211,AdaBoost,0.7873652677712255,0.7873652677712255,0.7873652677712255,0.7873652677712255,0.7873652677712255,0.7873652677712255,0.7873652677712255,0.7873652677712255,0.7873652677712255
drug,Age,200.0,0.13,0.3276,15.0,74.0,44.4483,45.5,16.5819,-0.0184,-1.1126,13.5,26.75,0.0921,0.0921,0.0471,0.0471,0.0697,0.0697,3.9113,0.0211,SVC,0.9083447517714672,0.9086908003181163,0.8924097519991747,0.9051360530459092,0.9087674971850164,0.912561923488639,0.8956392852333692,0.9041491120545883,0.8956392852333692
drug,Age,200.0,0.09,0.3077,15.0,74.0,44.4725,45.0,16.593,0.0022,-1.0986,14.0,27.0,0.0621,0.0621,0.0257,0.0257,0.0404,0.0404,3.9189,0.0127,DecisionTree,0.9913053939524528,0.9871173597644185,0.9874114774114775,0.9742567828413417,0.9742567828413417,0.9871173597644185,0.9913053939524528,0.9871173597644185,0.9696701426297015
drug,Age,200.0,0.09,0.3077,15.0,74.0,44.4725,45.0,16.593,0.0022,-1.0986,14.0,27.0,0.0621,0.0621,0.0257,0.0257,0.0404,0.0404,3.9189,0.0127,LogisticRegression,0.9496016462038134,0.9498816560420236,0.9412553918237986,0.9489747421902077,0.95350867027193,0.9536197686042888,0.9456907763002964,0.9540424125432057,0.9456907763002964
drug,Age,200.0,0.09,0.3077,15.0,74.0,44.4725,45.0,16.593,0.0022,-1.0986,14.0,27.0,0.0621,0.0621,0.0257,0.0257,0.0404,0.0404,3.9189,0.0127,KNN,0.7482553524763111,0.7332573428344705,0.7487919945457638,0.7400253777941306,0.74882383036859,0.7528764647201602,0.7381986339683708,0.7386882715599952,0.7475242068532142
drug,Age,200.0,0.09,0.3077,15.0,74.0,44.4725,45.0,16.593,0.0022,-1.0986,14.0,27.0,0.0621,0.0621,0.0257,0.0257,0.0404,0.0404,3.9189,0.0127,RandomForest,0.9827984495080083,0.9827984495080083,0.9790354090354091,0.9787412913883502,0.9787412913883502,0.9827984495080083,0.9746387272857862,0.9827984495080083,0.9787412913883502
drug,Age,200.0,0.09,0.3077,15.0,74.0,44.4725,45.0,16.593,0.0022,-1.0986,14.0,27.0,0.0621,0.0621,0.0257,0.0257,0.0404,0.0404,3.9189,0.0127,AdaBoost,0.7873652677712255,0.7873652677712255,0.7873652677712255,0.7873652677712255,0.7873652677712255,0.7873652677712255,0.7873652677712255,0.7873652677712255,0.7873652677712255
drug,Age,200.0,0.09,0.3077,15.0,74.0,44.4725,45.0,16.593,0.0022,-1.0986,14.0,27.0,0.0621,0.0621,0.0257,0.0257,0.0404,0.0404,3.9189,0.0127,SVC,0.9002199274689864,0.8875367768521161,0.9162806445585201,0.8950548612268855,0.9038120450320646,0.9044718214083802,0.8878676952222698,0.8960305377419303,0.8790795831732882
drug,Age,200.0,0.04,0.2969,15.0,74.0,44.5,45.0,16.5828,0.0375,-1.1217,14.0,27.25,0.0718,0.0718,0.035,0.035,0.0542,0.0542,3.9292,0.0219,DecisionTree,0.9915781440781442,0.9915781440781442,0.9957661782661783,0.9957661782661783,0.9957661782661783,0.9915781440781442,0.9915781440781442,0.9915781440781442,0.9915781440781442
drug,Age,200.0,0.04,0.2969,15.0,74.0,44.5,45.0,16.5828,0.0375,-1.1217,14.0,27.25,0.0718,0.0718,0.035,0.035,0.0542,0.0542,3.9292,0.0219,LogisticRegression,0.9412905469404591,0.9497714326597415,0.9456333308782083,0.9496947786896561,0.9496947786896561,0.9412905469404591,0.9540624305175388,0.9497714326597415,0.949244646762206
drug,Age,200.0,0.04,0.2969,15.0,74.0,44.5,45.0,16.5828,0.0375,-1.1217,14.0,27.25,0.0718,0.0718,0.035,0.035,0.0542,0.0542,3.9292,0.0219,KNN,0.7498673109298108,0.7380442466808014,0.7266733803864103,0.7386966481705709,0.7425226648351648,0.7536625280583614,0.7418114566533685,0.745726564363119,0.7463130106549224
drug,Age,200.0,0.04,0.2969,15.0,74.0,44.5,45.0,16.5828,0.0375,-1.1217,14.0,27.25,0.0718,0.0718,0.035,0.035,0.0542,0.0542,3.9292,0.0219,RandomForest,0.9914930555555556,0.9872592338217339,0.9830925671550672,0.9914930555555556,0.9872592338217339,0.9914930555555556,0.9872592338217339,0.9872592338217339,0.9872592338217339
drug,Age,200.0,0.04,0.2969,15.0,74.0,44.5,45.0,16.5828,0.0375,-1.1217,14.0,27.25,0.0718,0.0718,0.035,0.035,0.0542,0.0542,3.9292,0.0219,AdaBoost,0.7873652677712255,0.7873652677712255,0.7873652677712255,0.7873652677712255,0.7873652677712255,0.7873652677712255,0.7873652677712255,0.7873652677712255,0.7873652677712255
drug,Age,200.0,0.04,0.2969,15.0,74.0,44.5,45.0,16.5828,0.0375,-1.1217,14.0,27.25,0.0718,0.0718,0.035,0.035,0.0542,0.0542,3.9292,0.0219,SVC,0.9039552501261612,0.9124969152882547,0.895125644059713,0.8992971304680415,0.8992971304680415,0.9039552501261612,0.8997332586673276,0.9081498004148241,0.8999712133296244
drug,Na_to_K,200.0,0.52,0.9896,6.683,38.247,17.2503,15.2735,7.9687,0.9131,-0.0656,4.7835,11.7145,0.1063,0.1063,0.0713,0.0713,0.112,0.112,4.5499,0.0001,DecisionTree,0.6503009657473193,0.7239473284784452,0.635298468943519,0.649119888275532,0.730980399390075,0.6046173114795688,0.6169274322109688,0.636575393477246,0.6519996061299027
drug,Na_to_K,200.0,0.52,0.9896,6.683,38.247,17.2503,15.2735,7.9687,0.9131,-0.0656,4.7835,11.7145,0.1063,0.1063,0.0713,0.0713,0.112,0.112,4.5499,0.0001,LogisticRegression,0.679022568202311,0.6119754639632712,0.6652021440251951,0.671423821813271,0.7153605050074405,0.6510049354372676,0.6428630502026652,0.6290102944710908,0.6183599413829782
drug,Na_to_K,200.0,0.52,0.9896,6.683,38.247,17.2503,15.2735,7.9687,0.9131,-0.0656,4.7835,11.7145,0.1063,0.1063,0.0713,0.0713,0.112,0.112,4.5499,0.0001,KNN,0.542692388791241,0.5531733168519862,0.5560470204794447,0.5370471913633789,0.5632538789326805,0.5453612599154333,0.5409678681044235,0.5485613789273356,0.5387769154802005
drug,Na_to_K,200.0,0.52,0.9896,6.683,38.247,17.2503,15.2735,7.9687,0.9131,-0.0656,4.7835,11.7145,0.1063,0.1063,0.0713,0.0713,0.112,0.112,4.5499,0.0001,RandomForest,0.6596159239432879,0.714780900961625,0.6231990916383663,0.6993745053467245,0.721970519495238,0.6277697298401633,0.6671882683400656,0.6983428112455285,0.6294672322264481
drug,Na_to_K,200.0,0.52,0.9896,6.683,38.247,17.2503,15.2735,7.9687,0.9131,-0.0656,4.7835,11.7145,0.1063,0.1063,0.0713,0.0713,0.112,0.112,4.5499,0.0001,AdaBoost,0.49585952127804844,0.5690165742211425,0.5273129091124448,0.5987310475841603,0.5932442598778249,0.5239605197852423,0.6175959252578722,0.5667088516287844,0.4589441274375865
drug,Na_to_K,200.0,0.52,0.9896,6.683,38.247,17.2503,15.2735,7.9687,0.9131,-0.0656,4.7835,11.7145,0.1063,0.1063,0.0713,0.0713,0.112,0.112,4.5499,0.0001,SVC,0.6115150264258524,0.6272254847201656,0.594186298560618,0.6098568206424838,0.631548989946858,0.6072420007558275,0.6046834820693037,0.6140788315082091,0.5711950740461575
drug,Na_to_K,200.0,0.465,1.0,6.683,38.247,15.5594,13.313,6.9377,1.1478,0.6973,3.601,9.016,0.1035,0.1035,0.0587,0.0587,0.0884,0.0884,4.6728,0.0,DecisionTree,0.7487999684797031,0.6969682691049774,0.6471091213050693,0.6876405089812347,0.6659369010660565,0.7015463704852708,0.700610912993422,0.7305798954181613,0.6851280332634277
drug,Na_to_K,200.0,0.465,1.0,6.683,38.247,15.5594,13.313,6.9377,1.1478,0.6973,3.601,9.016,0.1035,0.1035,0.0587,0.0587,0.0884,0.0884,4.6728,0.0,LogisticRegression,0.7295342916999263,0.5849888266964979,0.653848075092756,0.707454456315568,0.6925016792383598,0.7128499044106296,0.6630726272503285,0.5242015903803539,0.6097426321637536
drug,Na_to_K,200.0,0.465,1.0,6.683,38.247,15.5594,13.313,6.9377,1.1478,0.6973,3.601,9.016,0.1035,0.1035,0.0587,0.0587,0.0884,0.0884,4.6728,0.0,KNN,0.6030892940093381,0.5755820732864911,0.6030114560458919,0.5850248814129888,0.5769957329787805,0.5884380581810857,0.5777279055476483,0.5464058676998539,0.5842713293849837
drug,Na_to_K,200.0,0.465,1.0,6.683,38.247,15.5594,13.313,6.9377,1.1478,0.6973,3.601,9.016,0.1035,0.1035,0.0587,0.0587,0.0884,0.0884,4.6728,0.0,RandomForest,0.7146315820777823,0.7274383710702303,0.6473074607345497,0.769723500183537,0.7304257196946633,0.7321697789354265,0.7540442152019939,0.7011577120711455,0.7393276932864631
drug,Na_to_K,200.0,0.465,1.0,6.683,38.247,15.5594,13.313,6.9377,1.1478,0.6973,3.601,9.016,0.1035,0.1035,0.0587,0.0587,0.0884,0.0884,4.6728,0.0,AdaBoost,0.6466603857520097,0.5974042659019738,0.621109171401354,0.6017986745240597,0.6025150482625872,0.6326632813136258,0.6370401517932698,0.5435439299553838,0.629442501187923
drug,Na_to_K,200.0,0.465,1.0,6.683,38.247,15.5594,13.313,6.9377,1.1478,0.6973,3.601,9.016,0.1035,0.1035,0.0587,0.0587,0.0884,0.0884,4.6728,0.0,SVC,0.6509632479243328,0.6010474146983033,0.5909200785378946,0.6513275450753364,0.6248594877512885,0.6373447622690175,0.6295810906452235,0.6013901990472563,0.6096382815225417
drug,Na_to_K,200.0,0.38,0.9839,6.269,38.247,15.6681,13.741,6.8462,1.1286,0.7323,3.76,8.2965,0.0116,0.0116,0.009,0.009,0.0145,0.0145,4.7979,0.0001,DecisionTree,0.7706522584596728,0.7555626373429826,0.6405133568641633,0.7244274323237738,0.6517082950490318,0.6917974900115862,0.7005159599365003,0.7379829441662034,0.7494204801344941
drug,Na_to_K,200.0,0.38,0.9839,6.269,38.247,15.6681,13.741,6.8462,1.1286,0.7323,3.76,8.2965,0.0116,0.0116,0.009,0.009,0.0145,0.0145,4.7979,0.0001,LogisticRegression,0.7127558408724031,0.6585837398711277,0.6279216536817156,0.6818919922901677,0.6834020178300724,0.6936776507700585,0.7089516092677012,0.633663627499643,0.6634365945982218
drug,Na_to_K,200.0,0.38,0.9839,6.269,38.247,15.6681,13.741,6.8462,1.1286,0.7323,3.76,8.2965,0.0116,0.0116,0.009,0.009,0.0145,0.0145,4.7979,0.0001,KNN,0.5676485959353715,0.5758030596562634,0.557738166765837,0.577141510613997,0.5495312751711918,0.5628495039473037,0.5758318039762726,0.5855889610383362,0.5758030596562634
drug,Na_to_K,200.0,0.38,0.9839,6.269,38.247,15.6681,13.741,6.8462,1.1286,0.7323,3.76,8.2965,0.0116,0.0116,0.009,0.009,0.0145,0.0145,4.7979,0.0001,RandomForest,0.7137723477441049,0.6889378905645158,0.6100519528895966,0.6949350365992925,0.6776295035092543,0.7116547346554678,0.697322411425567,0.727627869978581,0.6916991128029479
drug,Na_to_K,200.0,0.38,0.9839,6.269,38.247,15.6681,13.741,6.8462,1.1286,0.7323,3.76,8.2965,0.0116,0.0116,0.009,0.009,0.0145,0.0145,4.7979,0.0001,AdaBoost,0.6257109644739637,0.6305807576450808,0.44086532800856054,0.655242438336072,0.6567645886053233,0.6246903678837072,0.6392776879273858,0.63888913784287,0.6343476965959759
drug,Na_to_K,200.0,0.38,0.9839,6.269,38.247,15.6681,13.741,6.8462,1.1286,0.7323,3.76,8.2965,0.0116,0.0116,0.009,0.009,0.0145,0.0145,4.7979,0.0001,SVC,0.6640118851142833,0.6390173193115881,0.5747148667527725,0.6339804868946206,0.6154970916288343,0.6627715318542836,0.6424523371189859,0.6786899674399673,0.6386199030331303
drug,Na_to_K,200.0,0.3,0.9857,6.269,38.247,16.1896,13.9525,6.9862,1.0072,0.3514,4.172,8.3763,0.0201,0.0201,0.0135,0.0135,0.0216,0.0216,4.9218,0.0001,DecisionTree,0.7909853116057384,0.7423785226504855,0.7762103746570022,0.7624681948650984,0.7442614323668495,0.7471823798578551,0.7828552382856088,0.8196505437513502,0.7473333143373619
drug,Na_to_K,200.0,0.3,0.9857,6.269,38.247,16.1896,13.9525,6.9862,1.0072,0.3514,4.172,8.3763,0.0201,0.0201,0.0135,0.0135,0.0216,0.0216,4.9218,0.0001,LogisticRegression,0.7884780563351993,0.7155037679498604,0.7577154562291117,0.7789847725916621,0.8140128744531555,0.7847732468256728,0.7725271493025042,0.6608165029518562,0.6985688432344568
drug,Na_to_K,200.0,0.3,0.9857,6.269,38.247,16.1896,13.9525,6.9862,1.0072,0.3514,4.172,8.3763,0.0201,0.0201,0.0135,0.0135,0.0216,0.0216,4.9218,0.0001,KNN,0.6256101316226338,0.6162738308173248,0.6711249458905308,0.6219320511184341,0.663695595546315,0.6370733951323607,0.6288112319893132,0.6385018122806991,0.6374528900245164
drug,Na_to_K,200.0,0.3,0.9857,6.269,38.247,16.1896,13.9525,6.9862,1.0072,0.3514,4.172,8.3763,0.0201,0.0201,0.0135,0.0135,0.0216,0.0216,4.9218,0.0001,RandomForest,0.752237307732218,0.7404770442173237,0.7183062399180471,0.7843677596439744,0.782683338488396,0.7565276201884462,0.76519529779366,0.7757487777646896,0.7098903897759302
drug,Na_to_K,200.0,0.3,0.9857,6.269,38.247,16.1896,13.9525,6.9862,1.0072,0.3514,4.172,8.3763,0.0201,0.0201,0.0135,0.0135,0.0216,0.0216,4.9218,0.0001,AdaBoost,0.6354786428418244,0.646261398608631,0.6629170636295366,0.6587042381331638,0.6743439969236016,0.6621187494538305,0.6810103255429258,0.5043215388318283,0.6734459953134084
drug,Na_to_K,200.0,0.3,0.9857,6.269,38.247,16.1896,13.9525,6.9862,1.0072,0.3514,4.172,8.3763,0.0201,0.0201,0.0135,0.0135,0.0216,0.0216,4.9218,0.0001,SVC,0.6900259970626283,0.6805765586670357,0.6932002654699211,0.6991566755789973,0.7156795315664467,0.6788127767903347,0.6642349644351251,0.6679927361781032,0.6369391462849843
drug,Na_to_K,200.0,0.3,0.9857,6.683,34.997,15.8357,13.8515,6.9764,1.03,0.2161,4.141,8.821,0.0249,0.0249,0.0151,0.0151,0.0222,0.0222,4.9218,0.0001,DecisionTree,0.7647948198095822,0.7751323123847244,0.7451552909226884,0.7262783926661134,0.7708153415261505,0.7791991297569484,0.7119131896050005,0.8074616005043717,0.7563611357950373
drug,Na_to_K,200.0,0.3,0.9857,6.683,34.997,15.8357,13.8515,6.9764,1.03,0.2161,4.141,8.821,0.0249,0.0249,0.0151,0.0151,0.0222,0.0222,4.9218,0.0001,LogisticRegression,0.7526220288081993,0.7909344622755763,0.7451167662392184,0.7367957227525421,0.7582062885924826,0.7370792246688407,0.7837621773844119,0.6956201329461923,0.7099468001701165
drug,Na_to_K,200.0,0.3,0.9857,6.683,34.997,15.8357,13.8515,6.9764,1.03,0.2161,4.141,8.821,0.0249,0.0249,0.0151,0.0151,0.0222,0.0222,4.9218,0.0001,KNN,0.6753852019267326,0.6809159029449645,0.6917946773654723,0.6554025803171741,0.6714295914833793,0.6603987189399594,0.6421275745859079,0.644310543388394,0.6503239573622426
drug,Na_to_K,200.0,0.3,0.9857,6.683,34.997,15.8357,13.8515,6.9764,1.03,0.2161,4.141,8.821,0.0249,0.0249,0.0151,0.0151,0.0222,0.0222,4.9218,0.0001,RandomForest,0.8031636752545561,0.7917519730462772,0.792432114075995,0.8108698977933313,0.7839914174030774,0.8047855907212981,0.7689054027317638,0.8102784391811928,0.7556843960133433
drug,Na_to_K,200.0,0.3,0.9857,6.683,34.997,15.8357,13.8515,6.9764,1.03,0.2161,4.141,8.821,0.0249,0.0249,0.0151,0.0151,0.0222,0.0222,4.9218,0.0001,AdaBoost,0.63368545482712,0.6856529124339913,0.6845274962752929,0.6753322724724494,0.6750713377165283,0.6874907267875735,0.6341920397409213,0.6928956753042133,0.616248934208899
drug,Na_to_K,200.0,0.3,0.9857,6.683,34.997,15.8357,13.8515,6.9764,1.03,0.2161,4.141,8.821,0.0249,0.0249,0.0151,0.0151,0.0222,0.0222,4.9218,0.0001,SVC,0.7337349369314472,0.7290944104048973,0.7322544263420699,0.7245272799782216,0.7258348009359158,0.6945520102549908,0.7137267226959563,0.7505876140729082,0.6724320269140903
drug,Na_to_K,200.0,0.2,0.9938,6.269,38.247,16.2925,13.955,7.3118,0.9604,0.1581,4.34,9.075,0.0519,0.0519,0.0145,0.0145,0.0256,0.0256,5.0665,0.0,DecisionTree,0.8931670394895291,0.8530326931173949,0.7955987202976659,0.8237358304497696,0.8366356955908447,0.7587658012342444,0.8245161129968085,0.8588652955622903,0.8570646796493815
drug,Na_to_K,200.0,0.2,0.9938,6.269,38.247,16.2925,13.955,7.3118,0.9604,0.1581,4.34,9.075,0.0519,0.0519,0.0145,0.0145,0.0256,0.0256,5.0665,0.0,LogisticRegression,0.8030355261524695,0.7948207699564288,0.7347605923795439,0.7751633115995735,0.7698959340573361,0.7665598672430067,0.8289415992816805,0.752528500376841,0.792175328544246
drug,Na_to_K,200.0,0.2,0.9938,6.269,38.247,16.2925,13.955,7.3118,0.9604,0.1581,4.34,9.075,0.0519,0.0519,0.0145,0.0145,0.0256,0.0256,5.0665,0.0,KNN,0.6314554994074271,0.633465470503014,0.6364318434571941,0.6026103286459457,0.6230012425828847,0.6146025283196335,0.6078309944676168,0.5920625459100597,0.6324147857786714
drug,Na_to_K,200.0,0.2,0.9938,6.269,38.247,16.2925,13.955,7.3118,0.9604,0.1581,4.34,9.075,0.0519,0.0519,0.0145,0.0145,0.0256,0.0256,5.0665,0.0,RandomForest,0.8571459376040564,0.8313406296070779,0.7630981893013562,0.7874967622559133,0.7859886253810404,0.7910651969271221,0.792556697931698,0.8829252738635498,0.8375895855730257
drug,Na_to_K,200.0,0.2,0.9938,6.269,38.247,16.2925,13.955,7.3118,0.9604,0.1581,4.34,9.075,0.0519,0.0519,0.0145,0.0145,0.0256,0.0256,5.0665,0.0,AdaBoost,0.6441725092808073,0.7049371363601273,0.7366469183116781,0.7190537806769581,0.7209656203080365,0.7250454415627028,0.6839057157229134,0.7428040561867036,0.7049371363601273
drug,Na_to_K,200.0,0.2,0.9938,6.269,38.247,16.2925,13.955,7.3118,0.9604,0.1581,4.34,9.075,0.0519,0.0519,0.0145,0.0145,0.0256,0.0256,5.0665,0.0,SVC,0.7431985581319656,0.7588008844425419,0.7086464765424086,0.7177246009653089,0.7152022349343778,0.7074838295401886,0.7195610797647726,0.7081351251504915,0.7598099437803638
drug,Na_to_K,200.0,0.17,0.994,6.269,38.247,15.6648,13.308,7.1405,1.0961,0.4858,3.7775,8.8615,0.0295,0.0295,0.0043,0.0043,0.0085,0.0085,5.1036,0.0,DecisionTree,0.9109581898447747,0.8524634198562414,0.828036815170742,0.8602125088106307,0.8687950366196648,0.8850305491265176,0.7732274396475856,0.8669630653832765,0.8364012034051971
drug,Na_to_K,200.0,0.17,0.994,6.269,38.247,15.6648,13.308,7.1405,1.0961,0.4858,3.7775,8.8615,0.0295,0.0295,0.0043,0.0043,0.0085,0.0085,5.1036,0.0,LogisticRegression,0.8915384475720735,0.746389475300065,0.8128754057916147,0.8740430857542285,0.8408808145005133,0.8906318219833707,0.8110569520234725,0.6049122104278561,0.750649614159627
drug,Na_to_K,200.0,0.17,0.994,6.269,38.247,15.6648,13.308,7.1405,1.0961,0.4858,3.7775,8.8615,0.0295,0.0295,0.0043,0.0043,0.0085,0.0085,5.1036,0.0,KNN,0.6788964539221688,0.6514896494586236,0.6875463887356097,0.6740316105314028,0.6959943693289281,0.6791139971139971,0.6705493828903597,0.648354966857969,0.6608419823109566
drug,Na_to_K,200.0,0.17,0.994,6.269,38.247,15.6648,13.308,7.1405,1.0961,0.4858,3.7775,8.8615,0.0295,0.0295,0.0043,0.0043,0.0085,0.0085,5.1036,0.0,RandomForest,0.8940388377393427,0.8352874758860345,0.8260613923113922,0.8570450182152607,0.875508418800124,0.9064105282787012,0.8207335112193828,0.8842500105589728,0.8254875497447511
drug,Na_to_K,200.0,0.17,0.994,6.269,38.247,15.6648,13.308,7.1405,1.0961,0.4858,3.7775,8.8615,0.0295,0.0295,0.0043,0.0043,0.0085,0.0085,5.1036,0.0,AdaBoost,0.7207922058871773,0.7267437404212708,0.7095790344095219,0.6312296486038605,0.7081165084099625,0.5856913925984211,0.7235852181817595,0.5903737605862673,0.7267437404212708
drug,Na_to_K,200.0,0.17,0.994,6.269,38.247,15.6648,13.308,7.1405,1.0961,0.4858,3.7775,8.8615,0.0295,0.0295,0.0043,0.0043,0.0085,0.0085,5.1036,0.0,SVC,0.8223182383312232,0.7343078439926645,0.7400655940554902,0.7971000560305852,0.8060732779463389,0.8160606609399919,0.7596798208002475,0.6620090432940968,0.7248222171084027
drug,Na_to_K,200.0,0.105,0.9888,6.269,38.247,16.1663,13.935,7.3264,1.012,0.2306,4.226,8.803,0.0601,0.0601,0.0299,0.0299,0.0473,0.0473,5.1719,0.0,DecisionTree,0.890991761527784,0.9419312542239839,0.8913088784996679,0.9114168464554306,0.8622473333776814,0.8612304733533386,0.8539677668326707,0.9131146896404249,0.8515138129184718
drug,Na_to_K,200.0,0.105,0.9888,6.269,38.247,16.1663,13.935,7.3264,1.012,0.2306,4.226,8.803,0.0601,0.0601,0.0299,0.0299,0.0473,0.0473,5.1719,0.0,LogisticRegression,0.882845654284171,0.864814541997057,0.8780677344850015,0.8862248894198986,0.8656990231824289,0.873972000424154,0.8626469520432287,0.8438089513357799,0.8786701899752974
drug,Na_to_K,200.0,0.105,0.9888,6.269,38.247,16.1663,13.935,7.3264,1.012,0.2306,4.226,8.803,0.0601,0.0601,0.0299,0.0299,0.0473,0.0473,5.1719,0.0,KNN,0.7081966032039338,0.6931248306626457,0.7023532896124915,0.6920972005162933,0.7009613759537772,0.7084524438261385,0.7064625698764354,0.6747586013751118,0.7136223461317827
drug,Na_to_K,200.0,0.105,0.9888,6.269,38.247,16.1663,13.935,7.3264,1.012,0.2306,4.226,8.803,0.0601,0.0601,0.0299,0.0299,0.0473,0.0473,5.1719,0.0,RandomForest,0.8857095517924087,0.9245799710438899,0.9073254685539299,0.9026912746638911,0.8904045539931585,0.8899682694815367,0.8912583445900703,0.922070386266083,0.8940958458016679
drug,Na_to_K,200.0,0.105,0.9888,6.269,38.247,16.1663,13.935,7.3264,1.012,0.2306,4.226,8.803,0.0601,0.0601,0.0299,0.0299,0.0473,0.0473,5.1719,0.0,AdaBoost,0.6070394028712951,0.6738485721191347,0.5832468446074268,0.5589536458214706,0.6457982234550604,0.7425911936290523,0.5795170108242698,0.7365186610952975,0.6180735895756904
drug,Na_to_K,200.0,0.105,0.9888,6.269,38.247,16.1663,13.935,7.3264,1.012,0.2306,4.226,8.803,0.0601,0.0601,0.0299,0.0299,0.0473,0.0473,5.1719,0.0,SVC,0.8335197542513052,0.8156138995140639,0.8159950125505053,0.8162885977490599,0.8166781278307315,0.8326317191702605,0.8284795592538582,0.7960046327652337,0.7988327292888816
drug,Na_to_K,200.0,0.105,1.0,6.269,38.247,15.8562,13.597,7.2609,1.0496,0.3392,3.92,9.1005,0.0952,0.0952,0.0597,0.0597,0.0847,0.0847,5.1874,0.0,DecisionTree,0.9217632734912147,0.9268758886948064,0.8715145596394365,0.9175914527057294,0.899210741311712,0.9033293721529017,0.9160098905723906,0.8958915401918256,0.9381762297152174
drug,Na_to_K,200.0,0.105,1.0,6.269,38.247,15.8562,13.597,7.2609,1.0496,0.3392,3.92,9.1005,0.0952,0.0952,0.0597,0.0597,0.0847,0.0847,5.1874,0.0,LogisticRegression,0.9376675296030135,0.8540096328968981,0.8516650657286531,0.9027738651072379,0.8868329370772196,0.9082658927987284,0.9246384009555071,0.7348355296351401,0.9075117607543964
drug,Na_to_K,200.0,0.105,1.0,6.269,38.247,15.8562,13.597,7.2609,1.0496,0.3392,3.92,9.1005,0.0952,0.0952,0.0597,0.0597,0.0847,0.0847,5.1874,0.0,KNN,0.7258303202788496,0.7289636877672592,0.69800360917657,0.7229234173032937,0.7062928043516924,0.7064514265112757,0.714775715185198,0.7065535997106154,0.7442042256930415
drug,Na_to_K,200.0,0.105,1.0,6.269,38.247,15.8562,13.597,7.2609,1.0496,0.3392,3.92,9.1005,0.0952,0.0952,0.0597,0.0597,0.0847,0.0847,5.1874,0.0,RandomForest,0.9621144178097729,0.9454415517578576,0.9051398695074329,0.9293276834548134,0.9249516802641802,0.9204694636064703,0.9620654917090481,0.8919289675063542,0.9402950612154284
drug,Na_to_K,200.0,0.105,1.0,6.269,38.247,15.8562,13.597,7.2609,1.0496,0.3392,3.92,9.1005,0.0952,0.0952,0.0597,0.0597,0.0847,0.0847,5.1874,0.0,AdaBoost,0.25303741505986216,0.6254072732629385,0.6234488318595822,0.6842643628228859,0.7534780989634515,0.758384732687116,0.6453384483621101,0.7509068684317468,0.6517538374102377
drug,Na_to_K,200.0,0.105,1.0,6.269,38.247,15.8562,13.597,7.2609,1.0496,0.3392,3.92,9.1005,0.0952,0.0952,0.0597,0.0597,0.0847,0.0847,5.1874,0.0,SVC,0.8370647571755914,0.8216163159795323,0.7741590939901781,0.8328393062176827,0.820106621460434,0.8372559873213696,0.8452978480355127,0.7536443481533491,0.8429027790922353
drug,Na_to_K,200.0,0.045,0.9895,6.269,38.247,16.0049,13.935,7.0982,1.0215,0.3523,4.108,8.947,0.1043,0.1043,0.0457,0.0457,0.0681,0.0681,5.2378,0.0,DecisionTree,0.9583268821319192,0.9833643389151864,0.9708572958766758,0.9500518172386667,0.9542150492344291,0.9582264745719435,0.954013318070839,0.9787576251780379,0.9791044321552796
drug,Na_to_K,200.0,0.045,0.9895,6.269,38.247,16.0049,13.935,7.0982,1.0215,0.3523,4.108,8.947,0.1043,0.1043,0.0457,0.0457,0.0681,0.0681,5.2378,0.0,LogisticRegression,0.946259994303023,0.8901511388508292,0.9384680352643759,0.9345405332456527,0.9423594747187329,0.9310154733751442,0.9380440196965619,0.8915436279406868,0.8909365960836549
drug,Na_to_K,200.0,0.045,0.9895,6.269,38.247,16.0049,13.935,7.0982,1.0215,0.3523,4.108,8.947,0.1043,0.1043,0.0457,0.0457,0.0681,0.0681,5.2378,0.0,KNN,0.7322392697864188,0.7366406640097115,0.729284259195522,0.7244234734751825,0.7286069751586842,0.7240632608521897,0.7316815490505966,0.7323144306617391,0.7406011017201493
drug,Na_to_K,200.0,0.045,0.9895,6.269,38.247,16.0049,13.935,7.0982,1.0215,0.3523,4.108,8.947,0.1043,0.1043,0.0457,0.0457,0.0681,0.0681,5.2378,0.0,RandomForest,0.9621929710589995,0.9748573944707419,0.9418255143772497,0.9541032166225966,0.9500289901954289,0.9417501529869263,0.9622747395296437,0.961479912740751,0.9664771173404648
drug,Na_to_K,200.0,0.045,0.9895,6.269,38.247,16.0049,13.935,7.0982,1.0215,0.3523,4.108,8.947,0.1043,0.1043,0.0457,0.0457,0.0681,0.0681,5.2378,0.0,AdaBoost,0.42348411843343825,0.8091786449124192,0.7900791034013935,0.7392212350000518,0.7618617846323249,0.5484094519437588,0.586559276671889,0.8634018226049747,0.7339012846855008
drug,Na_to_K,200.0,0.045,0.9895,6.269,38.247,16.0049,13.935,7.0982,1.0215,0.3523,4.108,8.947,0.1043,0.1043,0.0457,0.0457,0.0681,0.0681,5.2378,0.0,SVC,0.8745055730273783,0.8654938820739823,0.8749254197675639,0.8787239474816875,0.8703580346040479,0.8700637230804132,0.8748273736227983,0.8546261574582893,0.8616400729082199
electricity-normalized,nswprice,45312.0,0.5029,0.1517,0.0,0.9818,0.0576,0.0486,0.0385,8.5044,146.9082,0.0174,0.039,0.306,0.3079,0.2206,0.2723,0.3216,0.376,7.5852,0.0,DecisionTree,0.7152608846010089,0.7079285524201341,0.7102794214906775,0.717323904966858,0.7158352742654948,0.7096554903745643,0.7085642354355646,0.6987769950659177,0.7122418030903821
electricity-normalized,nswprice,45312.0,0.5029,0.1517,0.0,0.9818,0.0576,0.0486,0.0385,8.5044,146.9082,0.0174,0.039,0.306,0.3079,0.2206,0.2723,0.3216,0.376,7.5852,0.0,LogisticRegression,0.699565422454066,0.7008786735267243,0.6957363663080196,0.6991316808506948,0.6962089722585116,0.7019998644179205,0.6723628690428832,0.6864317225494714,0.6959429759358677
electricity-normalized,nswprice,45312.0,0.5029,0.1517,0.0,0.9818,0.0576,0.0486,0.0385,8.5044,146.9082,0.0174,0.039,0.306,0.3079,0.2206,0.2723,0.3216,0.376,7.5852,0.0,KNN,0.7139265900924262,0.7131225596531389,0.7152497978773135,0.7169206241477816,0.7170492454028723,0.7114330212079889,0.7138739107919602,0.701119743654546,0.7149350239992327
electricity-normalized,nswprice,45312.0,0.5029,0.1517,0.0,0.9818,0.0576,0.0486,0.0385,8.5044,146.9082,0.0174,0.039,0.306,0.3079,0.2206,0.2723,0.3216,0.376,7.5852,0.0,RandomForest,0.7274480017271336,0.7218974160466677,0.7218256113805599,0.7227969541627545,0.7216910153743998,0.7221942877765151,0.7227636432209388,0.7097659429645279,0.7218240027035834
electricity-normalized,nswprice,45312.0,0.5029,0.1517,0.0,0.9818,0.0576,0.0486,0.0385,8.5044,146.9082,0.0174,0.039,0.306,0.3079,0.2206,0.2723,0.3216,0.376,7.5852,0.0,AdaBoost,0.6998118682978471,0.6962591197716225,0.702356975109018,0.7048885926875615,0.7055197970116841,0.7013845059126099,0.6987999143721242,0.6879997803787947,0.7013414347557336
electricity-normalized,nswprice,45312.0,0.5029,0.1517,0.0,0.9818,0.0576,0.0486,0.0385,8.5044,146.9082,0.0174,0.039,0.306,0.3079,0.2206,0.2723,0.3216,0.376,7.5852,0.0,SVC,0.6934536376979028,0.7015485875752374,0.6911344653927344,0.7071647346876062,0.6996550388278705,0.7045314907783711,0.6933936102376712,0.6865787588658552,0.6974044614651549
electricity-normalized,nswprice,45312.0,0.4481,0.1422,0.0,0.9818,0.0582,0.0485,0.0422,9.1291,149.048,0.0174,0.0393,0.3007,0.3016,0.2229,0.2708,0.3243,0.3736,7.6033,0.0,DecisionTree,0.7245640144653311,0.7183601101404741,0.7209354139286921,0.7193076356488932,0.7188800286505146,0.7177663565681622,0.7168555014289844,0.7043384236666328,0.7164419289806769
electricity-normalized,nswprice,45312.0,0.4481,0.1422,0.0,0.9818,0.0582,0.0485,0.0422,9.1291,149.048,0.0174,0.0393,0.3007,0.3016,0.2229,0.2708,0.3243,0.3736,7.6033,0.0,LogisticRegression,0.7070718459858125,0.7078332021224151,0.7038023302884043,0.7054565190820896,0.7049684712487004,0.7088569524528281,0.6786165310816701,0.6905935510639173,0.7041728086714681
electricity-normalized,nswprice,45312.0,0.4481,0.1422,0.0,0.9818,0.0582,0.0485,0.0422,9.1291,149.048,0.0174,0.0393,0.3007,0.3016,0.2229,0.2708,0.3243,0.3736,7.6033,0.0,KNN,0.7209434808204231,0.7203507579220302,0.7242192191782597,0.7240993395700868,0.7238976522042033,0.7212398594167115,0.7211047779549257,0.7082732922781789,0.7215197993263821
electricity-normalized,nswprice,45312.0,0.4481,0.1422,0.0,0.9818,0.0582,0.0485,0.0422,9.1291,149.048,0.0174,0.0393,0.3007,0.3016,0.2229,0.2708,0.3243,0.3736,7.6033,0.0,RandomForest,0.736234318760351,0.7306548335156148,0.7317379886208364,0.7318532437144143,0.7294355435569387,0.7308396131591669,0.7303591924147588,0.7174212758748993,0.7315901471627333
electricity-normalized,nswprice,45312.0,0.4481,0.1422,0.0,0.9818,0.0582,0.0485,0.0422,9.1291,149.048,0.0174,0.0393,0.3007,0.3016,0.2229,0.2708,0.3243,0.3736,7.6033,0.0,AdaBoost,0.7073537959043315,0.7050609504856353,0.7073784962380351,0.7094316771471681,0.7100578475901064,0.7090080279736265,0.7078711377784711,0.69388643856054,0.7053531546766899
electricity-normalized,nswprice,45312.0,0.4481,0.1422,0.0,0.9818,0.0582,0.0485,0.0422,9.1291,149.048,0.0174,0.0393,0.3007,0.3016,0.2229,0.2708,0.3243,0.3736,7.6033,0.0,SVC,0.7066859723549844,0.7070383417052001,0.7073037885251973,0.704828684349207,0.7089153221800228,0.7080092552313783,0.6923998496977917,0.6967167513903577,0.7061043171457654
electricity-normalized,nswprice,45312.0,0.4008,0.1323,0.0,0.9818,0.0579,0.0489,0.0395,8.8236,153.0877,0.0174,0.039,0.2998,0.3025,0.2238,0.2712,0.3258,0.3744,7.6092,0.0,DecisionTree,0.7284318970332182,0.7240402096057971,0.7231506942475642,0.7269893599351581,0.7264874307679278,0.7252709399486938,0.7255038889302305,0.710530247249132,0.7261929117856466
electricity-normalized,nswprice,45312.0,0.4008,0.1323,0.0,0.9818,0.0579,0.0489,0.0395,8.8236,153.0877,0.0174,0.039,0.2998,0.3025,0.2238,0.2712,0.3258,0.3744,7.6092,0.0,LogisticRegression,0.7123870192509925,0.7140251510100062,0.7057797358243921,0.7081036691690294,0.7086172879764008,0.7147703978185082,0.6838439144070997,0.6955875172217324,0.710310752241572
electricity-normalized,nswprice,45312.0,0.4008,0.1323,0.0,0.9818,0.0579,0.0489,0.0395,8.8236,153.0877,0.0174,0.039,0.2998,0.3025,0.2238,0.2712,0.3258,0.3744,7.6092,0.0,KNN,0.7261826148244124,0.7262541925692929,0.7288465291067919,0.7291802326579895,0.7295239221584734,0.7245550139636223,0.7273307241371926,0.7156449068850457,0.7265389496745305
electricity-normalized,nswprice,45312.0,0.4008,0.1323,0.0,0.9818,0.0579,0.0489,0.0395,8.8236,153.0877,0.0174,0.039,0.2998,0.3025,0.2238,0.2712,0.3258,0.3744,7.6092,0.0,RandomForest,0.7416654029755656,0.7376020869249922,0.7380201933420139,0.7376881493924436,0.7384449964023619,0.7384098676494506,0.7380980223072188,0.7298600380055654,0.7383441341455753
electricity-normalized,nswprice,45312.0,0.4008,0.1323,0.0,0.9818,0.0579,0.0489,0.0395,8.8236,153.0877,0.0174,0.039,0.2998,0.3025,0.2238,0.2712,0.3258,0.3744,7.6092,0.0,AdaBoost,0.714776606860928,0.710626207028465,0.7135163485744124,0.7129966198020267,0.7165216725643926,0.7133948447169747,0.7077961940343219,0.7008285858302754,0.7110572380607498
electricity-normalized,nswprice,45312.0,0.4008,0.1323,0.0,0.9818,0.0579,0.0489,0.0395,8.8236,153.0877,0.0174,0.039,0.2998,0.3025,0.2238,0.2712,0.3258,0.3744,7.6092,0.0,SVC,0.7132292624655467,0.7211267844842542,0.7176885022795632,0.7180706799993162,0.7170968891389357,0.7136578074717634,0.7077281804238004,0.6969719912767429,0.6983860597234777
electricity-normalized,nswprice,45312.0,0.3503,0.1243,0.0,0.98,0.0578,0.0487,0.0381,8.4987,150.6963,0.0174,0.0393,0.3128,0.3133,0.225,0.2731,0.3277,0.377,7.6108,0.0,DecisionTree,0.7311853259867405,0.7258041880111938,0.72829558194836,0.7293017717965065,0.7306509610996179,0.7290501572310626,0.7252861676878147,0.7180662471263478,0.7300423144799347
electricity-normalized,nswprice,45312.0,0.3503,0.1243,0.0,0.98,0.0578,0.0487,0.0381,8.4987,150.6963,0.0174,0.0393,0.3128,0.3133,0.225,0.2731,0.3277,0.377,7.6108,0.0,LogisticRegression,0.7147735902074719,0.7158119505923377,0.7116673318568164,0.71354047492347,0.7123084658768861,0.7159404544472474,0.6910908495186483,0.7006826513813714,0.7119269032485352
electricity-normalized,nswprice,45312.0,0.3503,0.1243,0.0,0.98,0.0578,0.0487,0.0381,8.4987,150.6963,0.0174,0.0393,0.3128,0.3133,0.225,0.2731,0.3277,0.377,7.6108,0.0,KNN,0.7341631995862425,0.7335107441567228,0.7365812012604402,0.7356938672317781,0.7355519168812532,0.7334335567730009,0.734452100552129,0.72296381794649,0.7361326945520684
electricity-normalized,nswprice,45312.0,0.3503,0.1243,0.0,0.98,0.0578,0.0487,0.0381,8.4987,150.6963,0.0174,0.0393,0.3128,0.3133,0.225,0.2731,0.3277,0.377,7.6108,0.0,RandomForest,0.7488186295789205,0.745460298981847,0.7464990431755303,0.7458029179163539,0.7454988216289165,0.7455861599981783,0.7451892295693572,0.7366701818625695,0.7450932031387686
electricity-normalized,nswprice,45312.0,0.3503,0.1243,0.0,0.98,0.0578,0.0487,0.0381,8.4987,150.6963,0.0174,0.0393,0.3128,0.3133,0.225,0.2731,0.3277,0.377,7.6108,0.0,AdaBoost,0.7160196843743206,0.7148222540442685,0.7157417242903559,0.7196036019846289,0.7170397123123626,0.7132675253510652,0.7133327621992621,0.7057579424880736,0.7144761832413695
electricity-normalized,nswprice,45312.0,0.3503,0.1243,0.0,0.98,0.0578,0.0487,0.0381,8.4987,150.6963,0.0174,0.0393,0.3128,0.3133,0.225,0.2731,0.3277,0.377,7.6108,0.0,SVC,0.7123529943732845,0.7132579831294235,0.713520993185605,0.7118992641157169,0.7182424302173603,0.7055695672216091,0.7120184363595286,0.7093207446541818,0.7192816571245301
electricity-normalized,nswprice,45312.0,0.2959,0.1172,0.0,0.9818,0.058,0.0488,0.0404,9.0019,153.8111,0.0175,0.0393,0.304,0.3049,0.2241,0.2733,0.3265,0.377,7.6254,0.0,DecisionTree,0.7391761764387949,0.7335573383399253,0.7370809998071255,0.7407649252289215,0.7378218178649405,0.7345949981395891,0.731894450706376,0.7252206423338381,0.734321195017764
electricity-normalized,nswprice,45312.0,0.2959,0.1172,0.0,0.9818,0.058,0.0488,0.0404,9.0019,153.8111,0.0175,0.0393,0.304,0.3049,0.2241,0.2733,0.3265,0.377,7.6254,0.0,LogisticRegression,0.7205729507739664,0.7208288434874267,0.7199090193350944,0.7209301907421097,0.721063209028822,0.722247652153894,0.6952819635152292,0.7103737838561779,0.7176445878012951
electricity-normalized,nswprice,45312.0,0.2959,0.1172,0.0,0.9818,0.058,0.0488,0.0404,9.0019,153.8111,0.0175,0.0393,0.304,0.3049,0.2241,0.2733,0.3265,0.377,7.6254,0.0,KNN,0.7401492783074188,0.7406912587187009,0.740531282339844,0.7419585186143596,0.7428422490632753,0.7390184519517279,0.7395328369593926,0.729207017240189,0.7404645259499854
electricity-normalized,nswprice,45312.0,0.2959,0.1172,0.0,0.9818,0.058,0.0488,0.0404,9.0019,153.8111,0.0175,0.0393,0.304,0.3049,0.2241,0.2733,0.3265,0.377,7.6254,0.0,RandomForest,0.760231185861113,0.7562709339029682,0.7568935136566812,0.7564784308880727,0.7575561505148298,0.7560527077166423,0.7536364428121891,0.745874049509518,0.7563682093888358
electricity-normalized,nswprice,45312.0,0.2959,0.1172,0.0,0.9818,0.058,0.0488,0.0404,9.0019,153.8111,0.0175,0.0393,0.304,0.3049,0.2241,0.2733,0.3265,0.377,7.6254,0.0,AdaBoost,0.7211211726645239,0.7206397120599489,0.7239664727586395,0.7268152908099693,0.7285759948098419,0.7215471039423187,0.717049654406617,0.7113460122621053,0.7222566869947643
electricity-normalized,nswprice,45312.0,0.2959,0.1172,0.0,0.9818,0.058,0.0488,0.0404,9.0019,153.8111,0.0175,0.0393,0.304,0.3049,0.2241,0.2733,0.3265,0.377,7.6254,0.0,SVC,0.7223640673198829,0.7231299387350736,0.7168981103871545,0.7311875373260818,0.7285660498414046,0.7247360725780362,0.7139603091731075,0.7083244523097544,0.7257873118367651
electricity-normalized,nswprice,45312.0,0.2513,0.1121,0.0,0.9818,0.0578,0.0487,0.0394,8.9208,156.9414,0.0174,0.0392,0.3023,0.3055,0.2228,0.2721,0.3244,0.3757,7.624,0.0,DecisionTree,0.7421874124498412,0.7392631944375411,0.7437344943636455,0.7448258469038771,0.7429555866464796,0.7403535305829982,0.7410580070546453,0.7336902447837961,0.741435404163504
electricity-normalized,nswprice,45312.0,0.2513,0.1121,0.0,0.9818,0.0578,0.0487,0.0394,8.9208,156.9414,0.0174,0.0392,0.3023,0.3055,0.2228,0.2721,0.3244,0.3757,7.624,0.0,LogisticRegression,0.7248556044909513,0.7264348176552288,0.7259793763226108,0.7263682225058716,0.7259414904829978,0.7289052208332604,0.7051183713952051,0.7159389726339586,0.7245762892285688
electricity-normalized,nswprice,45312.0,0.2513,0.1121,0.0,0.9818,0.0578,0.0487,0.0394,8.9208,156.9414,0.0174,0.0392,0.3023,0.3055,0.2228,0.2721,0.3244,0.3757,7.624,0.0,KNN,0.7475449528445636,0.7485250585441784,0.7503116027417464,0.7523135357871185,0.7514627409250089,0.7472516063960613,0.7467355782048375,0.7381965825599365,0.7499455489672895
electricity-normalized,nswprice,45312.0,0.2513,0.1121,0.0,0.9818,0.0578,0.0487,0.0394,8.9208,156.9414,0.0174,0.0392,0.3023,0.3055,0.2228,0.2721,0.3244,0.3757,7.624,0.0,RandomForest,0.766278072136026,0.7652638349300804,0.765124524541091,0.7642215876485037,0.766926636212601,0.765241146275745,0.7638295722729888,0.7571716348287083,0.7652009188508115
electricity-normalized,nswprice,45312.0,0.2513,0.1121,0.0,0.9818,0.0578,0.0487,0.0394,8.9208,156.9414,0.0174,0.0392,0.3023,0.3055,0.2228,0.2721,0.3244,0.3757,7.624,0.0,AdaBoost,0.7257214226473806,0.7250306836788831,0.7310818209552383,0.7330970345587496,0.7315469408436406,0.7286448727960564,0.7135031216328719,0.7183085378906745,0.7273096933681383
electricity-normalized,nswprice,45312.0,0.2513,0.1121,0.0,0.9818,0.0578,0.0487,0.0394,8.9208,156.9414,0.0174,0.0392,0.3023,0.3055,0.2228,0.2721,0.3244,0.3757,7.624,0.0,SVC,0.7289754106401272,0.7223333151310491,0.7374788889230284,0.7393853311269377,0.7348904568956977,0.7341172248290829,0.7222755397579864,0.7295480586837962,0.7273434578731247
electricity-normalized,nswprice,45312.0,0.1996,0.1067,0.0,1.0,0.058,0.0487,0.0408,9.3396,163.0284,0.0175,0.0394,0.3026,0.3056,0.2254,0.274,0.3282,0.3778,7.6311,0.0,DecisionTree,0.751774647563962,0.7518546633910346,0.7509512404406478,0.753095433062164,0.7551490494050236,0.7509370050484849,0.7523911778946848,0.7459215992164985,0.7519975842845158
electricity-normalized,nswprice,45312.0,0.1996,0.1067,0.0,1.0,0.058,0.0487,0.0408,9.3396,163.0284,0.0175,0.0394,0.3026,0.3056,0.2254,0.274,0.3282,0.3778,7.6311,0.0,LogisticRegression,0.7331620905844504,0.734990611976102,0.7314119562899754,0.7321019367277977,0.7314058134998285,0.7354716087764592,0.7204716101672652,0.7253386591023806,0.7346963092708944
electricity-normalized,nswprice,45312.0,0.1996,0.1067,0.0,1.0,0.058,0.0487,0.0408,9.3396,163.0284,0.0175,0.0394,0.3026,0.3056,0.2254,0.274,0.3282,0.3778,7.6311,0.0,KNN,0.7533023533542935,0.7554545055286921,0.7574126484827813,0.7577518709223576,0.7579773324205995,0.754274693933549,0.7530583417706965,0.7502612867086038,0.7561372098449858
electricity-normalized,nswprice,45312.0,0.1996,0.1067,0.0,1.0,0.058,0.0487,0.0408,9.3396,163.0284,0.0175,0.0394,0.3026,0.3056,0.2254,0.274,0.3282,0.3778,7.6311,0.0,RandomForest,0.7773898226787362,0.7751804077420346,0.7742637948300718,0.7745399098236072,0.7755215583245232,0.776324710186136,0.7752266860043826,0.7698104469367465,0.7755204099164057
electricity-normalized,nswprice,45312.0,0.1996,0.1067,0.0,1.0,0.058,0.0487,0.0408,9.3396,163.0284,0.0175,0.0394,0.3026,0.3056,0.2254,0.274,0.3282,0.3778,7.6311,0.0,AdaBoost,0.7326286343769556,0.7336458655843785,0.7366990795727676,0.736078870247247,0.7362025302385402,0.7337539017165285,0.7291147666895252,0.7276518637345585,0.7364050676583306
electricity-normalized,nswprice,45312.0,0.1996,0.1067,0.0,1.0,0.058,0.0487,0.0408,9.3396,163.0284,0.0175,0.0394,0.3026,0.3056,0.2254,0.274,0.3282,0.3778,7.6311,0.0,SVC,0.7334473636049755,0.739957363313618,0.737521636087439,0.7396710760552658,0.7360788944761634,0.7330437830212913,0.7226261458722745,0.7251686639623476,0.7364135548235344
electricity-normalized,nswprice,45312.0,0.1502,0.1022,0.0,1.0,0.058,0.0488,0.0408,9.2976,161.4023,0.0175,0.0392,0.305,0.3066,0.2267,0.2742,0.3299,0.378,7.6344,0.0,DecisionTree,0.7543211823952491,0.7568985883833038,0.7603064187219446,0.7584811712473309,0.7589256947062223,0.755717564016851,0.7526221547471369,0.7528911432810065,0.759378566588208
electricity-normalized,nswprice,45312.0,0.1502,0.1022,0.0,1.0,0.058,0.0488,0.0408,9.2976,161.4023,0.0175,0.0392,0.305,0.3066,0.2267,0.2742,0.3299,0.378,7.6344,0.0,LogisticRegression,0.7379827030502664,0.7385573091209631,0.7373577232935694,0.7376391298992354,0.7378192462806537,0.7388652678007963,0.7297982864906727,0.7330077306761205,0.7373060865375138
electricity-normalized,nswprice,45312.0,0.1502,0.1022,0.0,1.0,0.058,0.0488,0.0408,9.2976,161.4023,0.0175,0.0392,0.305,0.3066,0.2267,0.2742,0.3299,0.378,7.6344,0.0,KNN,0.7605568305067261,0.7611114722660132,0.7639227667814465,0.7637644133208172,0.7646529031822611,0.7587437464080551,0.7597401658791054,0.7570643671084659,0.7618517976417563
electricity-normalized,nswprice,45312.0,0.1502,0.1022,0.0,1.0,0.058,0.0488,0.0408,9.2976,161.4023,0.0175,0.0392,0.305,0.3066,0.2267,0.2742,0.3299,0.378,7.6344,0.0,RandomForest,0.7828108292164442,0.7813793002406082,0.782661539931381,0.7821184258138674,0.7836113891741369,0.7822967047942363,0.7836361084190071,0.7775619116948939,0.7803161840431122
electricity-normalized,nswprice,45312.0,0.1502,0.1022,0.0,1.0,0.058,0.0488,0.0408,9.2976,161.4023,0.0175,0.0392,0.305,0.3066,0.2267,0.2742,0.3299,0.378,7.6344,0.0,AdaBoost,0.7405570605356316,0.7420479444874305,0.7431178519520987,0.7423861658539366,0.7434374453893347,0.7419708336290989,0.7327641019146772,0.7372397535268478,0.7407707052521637
electricity-normalized,nswprice,45312.0,0.1502,0.1022,0.0,1.0,0.058,0.0488,0.0408,9.2976,161.4023,0.0175,0.0392,0.305,0.3066,0.2267,0.2742,0.3299,0.378,7.6344,0.0,SVC,0.7436521460570218,0.7399297939455187,0.7473443533183809,0.7411629666558468,0.7434415422768003,0.7387838367142261,0.7425908020142302,0.7317553771909466,0.7497572352060384
electricity-normalized,nswprice,45312.0,0.0988,0.0975,0.0,1.0,0.0578,0.0486,0.04,9.1817,161.0404,0.0174,0.0392,0.3041,0.3061,0.2253,0.2747,0.328,0.3788,7.6379,0.0,DecisionTree,0.7622231099897288,0.7632866899468036,0.7674725132271376,0.7658258035574499,0.7662079359568584,0.7663764374175471,0.7619483946678509,0.760117859786049,0.7675541636467365
electricity-normalized,nswprice,45312.0,0.0988,0.0975,0.0,1.0,0.0578,0.0486,0.04,9.1817,161.0404,0.0174,0.0392,0.3041,0.3061,0.2253,0.2747,0.328,0.3788,7.6379,0.0,LogisticRegression,0.7429299862062411,0.7443995490655277,0.7440641501526317,0.7444468926202348,0.7440574336327512,0.7449493214025774,0.7363103246566234,0.7402822865204111,0.7439188876385776
electricity-normalized,nswprice,45312.0,0.0988,0.0975,0.0,1.0,0.0578,0.0486,0.04,9.1817,161.0404,0.0174,0.0392,0.3041,0.3061,0.2253,0.2747,0.328,0.3788,7.6379,0.0,KNN,0.7699173314670289,0.7710513968451723,0.7735457328875612,0.7727889027121041,0.7733357308474056,0.7708271621926176,0.7687948635272405,0.7691569176559792,0.7718199604439068
electricity-normalized,nswprice,45312.0,0.0988,0.0975,0.0,1.0,0.0578,0.0486,0.04,9.1817,161.0404,0.0174,0.0392,0.3041,0.3061,0.2253,0.2747,0.328,0.3788,7.6379,0.0,RandomForest,0.7935043311374538,0.7926589603926915,0.7933285023877134,0.7926535000546889,0.7938680284375587,0.7948403730448129,0.7922465509584755,0.7902185284995688,0.7928988848593372
electricity-normalized,nswprice,45312.0,0.0988,0.0975,0.0,1.0,0.0578,0.0486,0.04,9.1817,161.0404,0.0174,0.0392,0.3041,0.3061,0.2253,0.2747,0.328,0.3788,7.6379,0.0,AdaBoost,0.7472121599496766,0.7472191344723258,0.7491906163817088,0.7495710025944754,0.7500006309677235,0.7474376993643201,0.7403154470835475,0.7451056397616833,0.7490792305237549
electricity-normalized,nswprice,45312.0,0.0988,0.0975,0.0,1.0,0.0578,0.0486,0.04,9.1817,161.0404,0.0174,0.0392,0.3041,0.3061,0.2253,0.2747,0.328,0.3788,7.6379,0.0,SVC,0.7490296489360697,0.7504827598734596,0.7538015830146464,0.7545724428004066,0.7520924131782596,0.7527440528453718,0.7452357270839404,0.745594691458112,0.7415748316224191
electricity-normalized,nswprice,45312.0,0.051,0.0938,0.0,1.0,0.0578,0.0486,0.0401,9.1248,159.3711,0.0174,0.0392,0.3042,0.3068,0.2248,0.2751,0.3273,0.3791,7.6409,0.0,DecisionTree,0.7725130534793325,0.7735654359499928,0.7745768335772778,0.7748565265547732,0.7742768007204871,0.7745846515839458,0.7699914090042387,0.7722523629901129,0.7726498059863258
electricity-normalized,nswprice,45312.0,0.051,0.0938,0.0,1.0,0.0578,0.0486,0.0401,9.1248,159.3711,0.0174,0.0392,0.3042,0.3068,0.2248,0.2751,0.3273,0.3791,7.6409,0.0,LogisticRegression,0.7488218010384671,0.7491771928297155,0.7489501629540596,0.7489165963084415,0.7485305149917458,0.7495973064603555,0.7437830562169999,0.7462530002899793,0.7497364807777533
electricity-normalized,nswprice,45312.0,0.051,0.0938,0.0,1.0,0.0578,0.0486,0.0401,9.1248,159.3711,0.0174,0.0392,0.3042,0.3068,0.2248,0.2751,0.3273,0.3791,7.6409,0.0,KNN,0.7768718532334078,0.7767937714870756,0.7789487176770917,0.7792739681284355,0.7793608131843244,0.7770395783560526,0.7757897915701975,0.7760872458795495,0.7791792568882691
electricity-normalized,nswprice,45312.0,0.051,0.0938,0.0,1.0,0.0578,0.0486,0.0401,9.1248,159.3711,0.0174,0.0392,0.3042,0.3068,0.2248,0.2751,0.3273,0.3791,7.6409,0.0,RandomForest,0.8013943622612165,0.8014810812053932,0.8029220145216511,0.8031743204074708,0.8022698602517823,0.8024946161499615,0.8018459657094125,0.8008080470718114,0.8023913000458922
electricity-normalized,nswprice,45312.0,0.051,0.0938,0.0,1.0,0.0578,0.0486,0.0401,9.1248,159.3711,0.0174,0.0392,0.3042,0.3068,0.2248,0.2751,0.3273,0.3791,7.6409,0.0,AdaBoost,0.7541652520728491,0.7534761315571462,0.7551867601838931,0.7548812260197273,0.7565428393497245,0.754877499519253,0.7499986478973815,0.7522909122615974,0.7558355619704402
electricity-normalized,nswprice,45312.0,0.051,0.0938,0.0,1.0,0.0578,0.0486,0.0401,9.1248,159.3711,0.0174,0.0392,0.3042,0.3068,0.2248,0.2751,0.3273,0.3791,7.6409,0.0,SVC,0.7475385792267032,0.7571259661001701,0.751805990102409,0.7599792308935158,0.7572583492736277,0.7535862026320822,0.750242527176719,0.7491855582517962,0.7572886597488867
electricity-normalized,nswdemand,45312.0,0.5024,0.2128,0.0082,0.9808,0.4262,0.4453,0.164,-0.1022,-0.4307,0.111,0.2275,0.2971,0.665,0.2228,0.4995,0.3242,0.6595,8.2522,0.0,DecisionTree,0.7733312539144132,0.7733521800529503,0.7730761341498148,0.7737983838577427,0.7737973284206747,0.7734020029161061,0.7729236476468954,0.7709505238440151,0.7735307826876676
electricity-normalized,nswdemand,45312.0,0.5024,0.2128,0.0082,0.9808,0.4262,0.4453,0.164,-0.1022,-0.4307,0.111,0.2275,0.2971,0.665,0.2228,0.4995,0.3242,0.6595,8.2522,0.0,LogisticRegression,0.7476622962425419,0.747294728887139,0.7511938809885671,0.752123982054428,0.7522864807242078,0.7483102552586578,0.7485970973198728,0.7461491136209998,0.7511734013342081
electricity-normalized,nswdemand,45312.0,0.5024,0.2128,0.0082,0.9808,0.4262,0.4453,0.164,-0.1022,-0.4307,0.111,0.2275,0.2971,0.665,0.2228,0.4995,0.3242,0.6595,8.2522,0.0,KNN,0.7738411678223713,0.775006144725644,0.7720054540620562,0.7753040534590463,0.7727167894854419,0.7747850272296085,0.7748733292988221,0.7664947462773541,0.7736033337731161
electricity-normalized,nswdemand,45312.0,0.5024,0.2128,0.0082,0.9808,0.4262,0.4453,0.164,-0.1022,-0.4307,0.111,0.2275,0.2971,0.665,0.2228,0.4995,0.3242,0.6595,8.2522,0.0,RandomForest,0.7956593334787909,0.7941500444866079,0.7957052811446916,0.7952097159345201,0.7933191199368783,0.796098105877401,0.7910111968446254,0.7906807696221547,0.7956456492487499
electricity-normalized,nswdemand,45312.0,0.5024,0.2128,0.0082,0.9808,0.4262,0.4453,0.164,-0.1022,-0.4307,0.111,0.2275,0.2971,0.665,0.2228,0.4995,0.3242,0.6595,8.2522,0.0,AdaBoost,0.7584176115959622,0.7590663685733662,0.7598503216314604,0.7597632723220402,0.7582918020237489,0.7580791006834061,0.7586301484193232,0.7581541778104272,0.7587444123097353
electricity-normalized,nswdemand,45312.0,0.5024,0.2128,0.0082,0.9808,0.4262,0.4453,0.164,-0.1022,-0.4307,0.111,0.2275,0.2971,0.665,0.2228,0.4995,0.3242,0.6595,8.2522,0.0,SVC,0.7576606167863391,0.7522835600104657,0.7630830711246492,0.760678125692575,0.7557269603152933,0.7568722748869092,0.7569195645633305,0.7536145460372159,0.7604079369694476
electricity-normalized,nswdemand,45312.0,0.4492,0.1961,0.0082,0.9566,0.4251,0.4436,0.1633,-0.0963,-0.4129,0.1103,0.2263,0.3003,0.6679,0.2288,0.5002,0.3329,0.6593,8.2622,0.0,DecisionTree,0.772371429362442,0.7729005894397465,0.772157638923387,0.772446930075414,0.773470617374932,0.7725717554391398,0.7729125383983515,0.772144199509358,0.7707474417566477
electricity-normalized,nswdemand,45312.0,0.4492,0.1961,0.0082,0.9566,0.4251,0.4436,0.1633,-0.0963,-0.4129,0.1103,0.2263,0.3003,0.6679,0.2288,0.5002,0.3329,0.6593,8.2622,0.0,LogisticRegression,0.7477378821845043,0.7487725124852556,0.752697836521203,0.7531130373015175,0.7514454308741135,0.7487658272747113,0.7485315228251899,0.7469118272920903,0.7519761476968976
electricity-normalized,nswdemand,45312.0,0.4492,0.1961,0.0082,0.9566,0.4251,0.4436,0.1633,-0.0963,-0.4129,0.1103,0.2263,0.3003,0.6679,0.2288,0.5002,0.3329,0.6593,8.2622,0.0,KNN,0.7721779914400486,0.7705699535098758,0.7732536658596347,0.7712837454497858,0.7723139320023377,0.7735907852797992,0.772624369674979,0.7666176243837923,0.7728766487442678
electricity-normalized,nswdemand,45312.0,0.4492,0.1961,0.0082,0.9566,0.4251,0.4436,0.1633,-0.0963,-0.4129,0.1103,0.2263,0.3003,0.6679,0.2288,0.5002,0.3329,0.6593,8.2622,0.0,RandomForest,0.797262131050611,0.7941200582139497,0.7955606773476323,0.7960575538316648,0.7957087930646407,0.7949805877808594,0.7921313308390285,0.7933137623367297,0.7952875505801262
electricity-normalized,nswdemand,45312.0,0.4492,0.1961,0.0082,0.9566,0.4251,0.4436,0.1633,-0.0963,-0.4129,0.1103,0.2263,0.3003,0.6679,0.2288,0.5002,0.3329,0.6593,8.2622,0.0,AdaBoost,0.7595971290728449,0.7590826995178269,0.7602532937290943,0.758636182153141,0.7594561257881802,0.7591520331012201,0.7594746480047159,0.7579357460440083,0.7589218750364988
electricity-normalized,nswdemand,45312.0,0.4492,0.1961,0.0082,0.9566,0.4251,0.4436,0.1633,-0.0963,-0.4129,0.1103,0.2263,0.3003,0.6679,0.2288,0.5002,0.3329,0.6593,8.2622,0.0,SVC,0.7588407919953779,0.7597540667136038,0.7615188365028154,0.7595803818626605,0.753719725207977,0.7567424710734145,0.7565623746837402,0.7496888845208474,0.7604291389088423
electricity-normalized,nswdemand,45312.0,0.4028,0.1821,0.0,0.949,0.4262,0.4451,0.1631,-0.1072,-0.4147,0.1105,0.2275,0.3053,0.6685,0.2247,0.5022,0.327,0.6618,8.2712,0.0,DecisionTree,0.7720983292477166,0.7746907615780099,0.773032699205762,0.7729125057669493,0.7728650178969946,0.7726839177402447,0.772635144196349,0.7727852908894933,0.7745521209096953
electricity-normalized,nswdemand,45312.0,0.4028,0.1821,0.0,0.949,0.4262,0.4451,0.1631,-0.1072,-0.4147,0.1105,0.2275,0.3053,0.6685,0.2247,0.5022,0.327,0.6618,8.2712,0.0,LogisticRegression,0.7485547248040705,0.749142567794047,0.7514714145547682,0.7518206528710889,0.7507220395309471,0.7491460417214137,0.7497668705042863,0.7480127432990311,0.7507222478535085
electricity-normalized,nswdemand,45312.0,0.4028,0.1821,0.0,0.949,0.4262,0.4451,0.1631,-0.1072,-0.4147,0.1105,0.2275,0.3053,0.6685,0.2247,0.5022,0.327,0.6618,8.2712,0.0,KNN,0.7730017896197927,0.7736963707476002,0.7738927704200635,0.7741898311879808,0.7730900785696494,0.7749677530187855,0.7742189019379297,0.7695009067172592,0.7746947778718297
electricity-normalized,nswdemand,45312.0,0.4028,0.1821,0.0,0.949,0.4262,0.4451,0.1631,-0.1072,-0.4147,0.1105,0.2275,0.3053,0.6685,0.2247,0.5022,0.327,0.6618,8.2712,0.0,RandomForest,0.7962509029637146,0.7946937549105201,0.7963165236349159,0.795358514609958,0.7939036165444096,0.7952042780201275,0.7914477943657352,0.7936530543546837,0.7942464606628953
electricity-normalized,nswdemand,45312.0,0.4028,0.1821,0.0,0.949,0.4262,0.4451,0.1631,-0.1072,-0.4147,0.1105,0.2275,0.3053,0.6685,0.2247,0.5022,0.327,0.6618,8.2712,0.0,AdaBoost,0.7586029043178613,0.7590903495111188,0.7593162583553641,0.7599192405348382,0.759989335326945,0.7590666137930089,0.7595891279854685,0.7585538247061855,0.7600980538683993
electricity-normalized,nswdemand,45312.0,0.4028,0.1821,0.0,0.949,0.4262,0.4451,0.1631,-0.1072,-0.4147,0.1105,0.2275,0.3053,0.6685,0.2247,0.5022,0.327,0.6618,8.2712,0.0,SVC,0.7497092830974936,0.7459320852809931,0.7607729308105892,0.7551766011168551,0.7564210477725644,0.7573421383169735,0.7572342315661239,0.7565463663059653,0.754235421473875
electricity-normalized,nswdemand,45312.0,0.3544,0.17,0.0012,1.0,0.4257,0.4444,0.1634,-0.1052,-0.4205,0.1103,0.227,0.3027,0.6656,0.2213,0.4997,0.3224,0.6594,8.2788,0.0,DecisionTree,0.7740478642579565,0.77340016473647,0.7726736746570011,0.7737400316980311,0.7739630576481491,0.7757839327104082,0.7734831878927763,0.7729825577137868,0.774126866798489
electricity-normalized,nswdemand,45312.0,0.3544,0.17,0.0012,1.0,0.4257,0.4444,0.1634,-0.1052,-0.4205,0.1103,0.227,0.3027,0.6656,0.2213,0.4997,0.3224,0.6594,8.2788,0.0,LogisticRegression,0.748233783354539,0.749416418084296,0.7508574907169868,0.7515146613484297,0.7510171820278868,0.749422301287221,0.7497560554122435,0.7483682439406049,0.7503233152107937
electricity-normalized,nswdemand,45312.0,0.3544,0.17,0.0012,1.0,0.4257,0.4444,0.1634,-0.1052,-0.4205,0.1103,0.227,0.3027,0.6656,0.2213,0.4997,0.3224,0.6594,8.2788,0.0,KNN,0.7766316861750135,0.7765271379767541,0.7756781541988671,0.7767630459221744,0.7764164878525505,0.777373497825959,0.7765359681723499,0.7741859267687541,0.7766927132783699
electricity-normalized,nswdemand,45312.0,0.3544,0.17,0.0012,1.0,0.4257,0.4444,0.1634,-0.1052,-0.4205,0.1103,0.227,0.3027,0.6656,0.2213,0.4997,0.3224,0.6594,8.2788,0.0,RandomForest,0.8002480426586736,0.7982738023625575,0.7989580196679441,0.7988118315442505,0.7977134861718659,0.7988167128108898,0.7960705455787997,0.7967067097536126,0.797391687841914
electricity-normalized,nswdemand,45312.0,0.3544,0.17,0.0012,1.0,0.4257,0.4444,0.1634,-0.1052,-0.4205,0.1103,0.227,0.3027,0.6656,0.2213,0.4997,0.3224,0.6594,8.2788,0.0,AdaBoost,0.7594734672533494,0.7600127717968352,0.7594666635133188,0.7603894559326908,0.7608963591551299,0.7607634755786186,0.7596531869780894,0.7586594353551548,0.7594334818269002
electricity-normalized,nswdemand,45312.0,0.3544,0.17,0.0012,1.0,0.4257,0.4444,0.1634,-0.1052,-0.4205,0.1103,0.227,0.3027,0.6656,0.2213,0.4997,0.3224,0.6594,8.2788,0.0,SVC,0.7594214967573429,0.7641140786651373,0.7594847791453875,0.7527465864481965,0.7627706016495279,0.7536329761124676,0.756495131271623,0.7547908664120122,0.7600757367239046
electricity-normalized,nswdemand,45312.0,0.302,0.1588,0.0015,0.9808,0.4252,0.443,0.1631,-0.0917,-0.4225,0.1104,0.2275,0.3045,0.6698,0.2275,0.5011,0.3312,0.6611,8.2857,0.0,DecisionTree,0.7727655274786812,0.7757892337056541,0.7739355939562749,0.7736768238581283,0.7742758602798343,0.7766542511116246,0.77301148455654,0.7725652385814216,0.7747199857348298
electricity-normalized,nswdemand,45312.0,0.302,0.1588,0.0015,0.9808,0.4252,0.443,0.1631,-0.0917,-0.4225,0.1104,0.2275,0.3045,0.6698,0.2275,0.5011,0.3312,0.6611,8.2857,0.0,LogisticRegression,0.750066133855736,0.7514108180628923,0.7506518948737525,0.7517534126928778,0.751110180235042,0.7492483569845465,0.7504495723811472,0.7490012728896833,0.7514487999962225
electricity-normalized,nswdemand,45312.0,0.302,0.1588,0.0015,0.9808,0.4252,0.443,0.1631,-0.0917,-0.4225,0.1104,0.2275,0.3045,0.6698,0.2275,0.5011,0.3312,0.6611,8.2857,0.0,KNN,0.7763101386656193,0.7762401781177017,0.7784226813744848,0.7773720890407779,0.7771926237929652,0.7755035028540251,0.7762622419289963,0.772140293162566,0.7767384573807845
electricity-normalized,nswdemand,45312.0,0.302,0.1588,0.0015,0.9808,0.4252,0.443,0.1631,-0.0917,-0.4225,0.1104,0.2275,0.3045,0.6698,0.2275,0.5011,0.3312,0.6611,8.2857,0.0,RandomForest,0.8000101501793586,0.7993389001067321,0.8016083199113909,0.8007568299281563,0.7996832602838628,0.7998580886971159,0.7984277110094786,0.7956755836343492,0.7991181298946963
electricity-normalized,nswdemand,45312.0,0.302,0.1588,0.0015,0.9808,0.4252,0.443,0.1631,-0.0917,-0.4225,0.1104,0.2275,0.3045,0.6698,0.2275,0.5011,0.3312,0.6611,8.2857,0.0,AdaBoost,0.7610129671054006,0.7611239544070643,0.7610885629524039,0.7607798376543092,0.7611711802487062,0.7606910913590499,0.7608494568045251,0.759343609916602,0.7604532887160806
electricity-normalized,nswdemand,45312.0,0.302,0.1588,0.0015,0.9808,0.4252,0.443,0.1631,-0.0917,-0.4225,0.1104,0.2275,0.3045,0.6698,0.2275,0.5011,0.3312,0.6611,8.2857,0.0,SVC,0.745850156620012,0.7553224545166894,0.7620322622845919,0.7624653178905765,0.7569040822492898,0.7602856609912725,0.7552265288455374,0.755407535495325,0.7574331620583226
electricity-normalized,nswdemand,45312.0,0.2468,0.1494,0.0,1.0,0.4248,0.4432,0.1637,-0.092,-0.4098,0.111,0.2272,0.3036,0.6685,0.2268,0.5008,0.3302,0.6608,8.296,0.0,DecisionTree,0.775929698790611,0.774881235759081,0.7745880902782534,0.7749115007579426,0.7746943895338131,0.7755069941218121,0.7771673192919335,0.7752011638514141,0.7747077152079335
electricity-normalized,nswdemand,45312.0,0.2468,0.1494,0.0,1.0,0.4248,0.4432,0.1637,-0.092,-0.4098,0.111,0.2272,0.3036,0.6685,0.2268,0.5008,0.3302,0.6608,8.296,0.0,LogisticRegression,0.7492631042945085,0.7514051458687186,0.7536162416460734,0.7537462782086478,0.7534827640817031,0.7506639488888514,0.7499028710787139,0.749044013861274,0.7535410399220983
electricity-normalized,nswdemand,45312.0,0.2468,0.1494,0.0,1.0,0.4248,0.4432,0.1637,-0.092,-0.4098,0.111,0.2272,0.3036,0.6685,0.2268,0.5008,0.3302,0.6608,8.296,0.0,KNN,0.7797474884713302,0.7791860583501673,0.7802030871395866,0.7775937716154931,0.778557029740153,0.779224182714027,0.7791164760954967,0.7754792699059315,0.7787807530717237
electricity-normalized,nswdemand,45312.0,0.2468,0.1494,0.0,1.0,0.4248,0.4432,0.1637,-0.092,-0.4098,0.111,0.2272,0.3036,0.6685,0.2268,0.5008,0.3302,0.6608,8.296,0.0,RandomForest,0.801146504373935,0.7998130277353839,0.8019532050098752,0.8023827474579031,0.8021039982936911,0.801242818250173,0.7996492214784144,0.7980506922505173,0.8015951727513251
electricity-normalized,nswdemand,45312.0,0.2468,0.1494,0.0,1.0,0.4248,0.4432,0.1637,-0.092,-0.4098,0.111,0.2272,0.3036,0.6685,0.2268,0.5008,0.3302,0.6608,8.296,0.0,AdaBoost,0.7598917399268402,0.7609590916356554,0.761179143384143,0.7615121451228729,0.7608251403528407,0.7625033032658506,0.7601309434426107,0.7598668361747061,0.7614475160109825
electricity-normalized,nswdemand,45312.0,0.2468,0.1494,0.0,1.0,0.4248,0.4432,0.1637,-0.092,-0.4098,0.111,0.2272,0.3036,0.6685,0.2268,0.5008,0.3302,0.6608,8.296,0.0,SVC,0.74896343467625,0.7587405988516924,0.7620522995108883,0.7616015266583531,0.7597391238211253,0.7563743308944376,0.7476019743232021,0.7550458626028271,0.76438957550844
electricity-normalized,nswdemand,45312.0,0.1986,0.1413,0.0,1.0,0.426,0.4444,0.1629,-0.1044,-0.3959,0.1099,0.2257,0.312,0.6679,0.2249,0.5,0.3274,0.6593,8.2987,0.0,DecisionTree,0.7770210109745905,0.7781197184425575,0.7772248109552271,0.7760108765119264,0.775310746431959,0.7771941801657685,0.7780915320453324,0.7757575404134512,0.7781415588202997
electricity-normalized,nswdemand,45312.0,0.1986,0.1413,0.0,1.0,0.426,0.4444,0.1629,-0.1044,-0.3959,0.1099,0.2257,0.312,0.6679,0.2249,0.5,0.3274,0.6593,8.2987,0.0,LogisticRegression,0.7506868970290324,0.7518803878840565,0.7529315108447078,0.7531278069989427,0.7527554275806021,0.7515880910263019,0.7511726100702798,0.7510441966909973,0.7533030182663757
electricity-normalized,nswdemand,45312.0,0.1986,0.1413,0.0,1.0,0.426,0.4444,0.1629,-0.1044,-0.3959,0.1099,0.2257,0.312,0.6679,0.2249,0.5,0.3274,0.6593,8.2987,0.0,KNN,0.7785965460359248,0.7789402391656051,0.7798379322838382,0.7791350092291369,0.7797918908595074,0.7801287303195305,0.7785243516526046,0.7778216922509443,0.7793335930250491
electricity-normalized,nswdemand,45312.0,0.1986,0.1413,0.0,1.0,0.426,0.4444,0.1629,-0.1044,-0.3959,0.1099,0.2257,0.312,0.6679,0.2249,0.5,0.3274,0.6593,8.2987,0.0,RandomForest,0.8040174654543136,0.8014282476133715,0.8032389667456894,0.8028172506411462,0.8021026313078186,0.8017962436179181,0.8011510337381467,0.8026680367310223,0.8028151111008143
electricity-normalized,nswdemand,45312.0,0.1986,0.1413,0.0,1.0,0.426,0.4444,0.1629,-0.1044,-0.3959,0.1099,0.2257,0.312,0.6679,0.2249,0.5,0.3274,0.6593,8.2987,0.0,AdaBoost,0.7601174844643666,0.7606587263521536,0.760961278412685,0.7611380737190031,0.7613246255365295,0.7623703213296068,0.7601502027962079,0.7598614990042425,0.760354414164023
electricity-normalized,nswdemand,45312.0,0.1986,0.1413,0.0,1.0,0.426,0.4444,0.1629,-0.1044,-0.3959,0.1099,0.2257,0.312,0.6679,0.2249,0.5,0.3274,0.6593,8.2987,0.0,SVC,0.7625118791946216,0.7652969227340237,0.7633720013016687,0.7606369747600019,0.7533621447721907,0.7543873831278862,0.7585335453213834,0.756936838031574,0.7577576806730151
electricity-normalized,nswdemand,45312.0,0.1505,0.1339,0.0,1.0,0.4257,0.4438,0.1632,-0.094,-0.4101,0.1104,0.2266,0.306,0.6679,0.2255,0.5005,0.3282,0.6601,8.3029,0.0,DecisionTree,0.7753575018399224,0.7772167017284013,0.7754373970927184,0.7772387629073549,0.7776209051412708,0.7774997347168948,0.776776370262648,0.7757564290560335,0.7768678456319079
electricity-normalized,nswdemand,45312.0,0.1505,0.1339,0.0,1.0,0.4257,0.4438,0.1632,-0.094,-0.4101,0.1104,0.2266,0.306,0.6679,0.2255,0.5005,0.3282,0.6601,8.3029,0.0,LogisticRegression,0.7520593181125336,0.7529388299993295,0.7529464926210345,0.7530850793120982,0.7528294326577765,0.7520737434755167,0.7525037031169125,0.7513479142913606,0.7533437890426722
electricity-normalized,nswdemand,45312.0,0.1505,0.1339,0.0,1.0,0.4257,0.4438,0.1632,-0.094,-0.4101,0.1104,0.2266,0.306,0.6679,0.2255,0.5005,0.3282,0.6601,8.3029,0.0,KNN,0.7807488893212459,0.7808815206679517,0.7814826065607157,0.7822256155718255,0.7806413437615412,0.7796179685552403,0.7807114758825048,0.7806329363294799,0.7820734580123544
electricity-normalized,nswdemand,45312.0,0.1505,0.1339,0.0,1.0,0.4257,0.4438,0.1632,-0.094,-0.4101,0.1104,0.2266,0.306,0.6679,0.2255,0.5005,0.3282,0.6601,8.3029,0.0,RandomForest,0.8048705915762022,0.8024748440916321,0.8050543228787119,0.8040704566174257,0.8037689212846664,0.8030927993510015,0.8038263919906535,0.8021261425659105,0.8042020219779553
electricity-normalized,nswdemand,45312.0,0.1505,0.1339,0.0,1.0,0.4257,0.4438,0.1632,-0.094,-0.4101,0.1104,0.2266,0.306,0.6679,0.2255,0.5005,0.3282,0.6601,8.3029,0.0,AdaBoost,0.7595058661200493,0.760768393113554,0.7612763018080386,0.761723506606093,0.7612450136577323,0.7601525100192312,0.7592904310794978,0.7591100388179691,0.7606003172155491
electricity-normalized,nswdemand,45312.0,0.1505,0.1339,0.0,1.0,0.4257,0.4438,0.1632,-0.094,-0.4101,0.1104,0.2266,0.306,0.6679,0.2255,0.5005,0.3282,0.6601,8.3029,0.0,SVC,0.7599010940560484,0.760306538044089,0.765229371390326,0.7604593275537334,0.7575038840958442,0.7560671691383232,0.7588825770109889,0.7605524847686669,0.7573782406625151
electricity-normalized,nswdemand,45312.0,0.0996,0.1275,0.0012,1.0,0.4257,0.4442,0.1632,-0.1026,-0.4123,0.1105,0.227,0.3035,0.6693,0.2248,0.5017,0.3273,0.6615,8.3069,0.0,DecisionTree,0.778756370285049,0.7776849029949827,0.7770533379672475,0.777377984787164,0.7775698749518298,0.7778717564848715,0.7794345932094072,0.7787038677543625,0.7789180027157873
electricity-normalized,nswdemand,45312.0,0.0996,0.1275,0.0012,1.0,0.4257,0.4442,0.1632,-0.1026,-0.4123,0.1105,0.227,0.3035,0.6693,0.2248,0.5017,0.3273,0.6615,8.3069,0.0,LogisticRegression,0.7528119492238406,0.7530900155794739,0.7537264582202158,0.7538905888373302,0.7534039261961124,0.7529858477735838,0.753020700467657,0.7525954958185745,0.7533898209551022
electricity-normalized,nswdemand,45312.0,0.0996,0.1275,0.0012,1.0,0.4257,0.4442,0.1632,-0.1026,-0.4123,0.1105,0.227,0.3035,0.6693,0.2248,0.5017,0.3273,0.6615,8.3069,0.0,KNN,0.78124071687961,0.7820964912107919,0.7818551957885009,0.7825812049943652,0.7827137345861664,0.7818646761581812,0.7808981811631764,0.7815239357893912,0.7816263429505622
electricity-normalized,nswdemand,45312.0,0.0996,0.1275,0.0012,1.0,0.4257,0.4442,0.1632,-0.1026,-0.4123,0.1105,0.227,0.3035,0.6693,0.2248,0.5017,0.3273,0.6615,8.3069,0.0,RandomForest,0.8064217632208905,0.807346366477332,0.8062295838227749,0.806364112758817,0.8061968796648084,0.8077038814688988,0.8065263087242912,0.8059021318483339,0.805739358004106
electricity-normalized,nswdemand,45312.0,0.0996,0.1275,0.0012,1.0,0.4257,0.4442,0.1632,-0.1026,-0.4123,0.1105,0.227,0.3035,0.6693,0.2248,0.5017,0.3273,0.6615,8.3069,0.0,AdaBoost,0.7605887957029903,0.7633146069181345,0.7619215870320172,0.7618505606445324,0.762193229343343,0.762660687894694,0.761278643491709,0.7610456206098759,0.7624129574503579
electricity-normalized,nswdemand,45312.0,0.0996,0.1275,0.0012,1.0,0.4257,0.4442,0.1632,-0.1026,-0.4123,0.1105,0.227,0.3035,0.6693,0.2248,0.5017,0.3273,0.6615,8.3069,0.0,SVC,0.7638324496670417,0.7557978068439921,0.7549478965532543,0.7650077256870218,0.7659099767378138,0.7635680909494189,0.7613251810058567,0.7653341366882461,0.748511990127023
electricity-normalized,nswdemand,45312.0,0.0493,0.1217,0.0,1.0,0.4254,0.4435,0.1633,-0.0974,-0.4141,0.1106,0.2271,0.3044,0.6683,0.2255,0.5015,0.3282,0.6613,8.3126,0.0,DecisionTree,0.7803253240233801,0.7806129341589567,0.7796904189818293,0.78042429666489,0.7809321021019985,0.7798942591659868,0.7807304441073846,0.7796806321117347,0.7806035335821646
electricity-normalized,nswdemand,45312.0,0.0493,0.1217,0.0,1.0,0.4254,0.4435,0.1633,-0.0974,-0.4141,0.1106,0.2271,0.3044,0.6683,0.2255,0.5015,0.3282,0.6613,8.3126,0.0,LogisticRegression,0.753144495983048,0.7537160264853858,0.7540061814892466,0.7536366548355355,0.7536166566598277,0.7532690919647215,0.7535055720168183,0.7533466093055057,0.753706662223647
electricity-normalized,nswdemand,45312.0,0.0493,0.1217,0.0,1.0,0.4254,0.4435,0.1633,-0.0974,-0.4141,0.1106,0.2271,0.3044,0.6683,0.2255,0.5015,0.3282,0.6613,8.3126,0.0,KNN,0.7842269760871878,0.7848229161342917,0.7848125721676941,0.7850608117447552,0.7847134990970092,0.7847164218995742,0.7848932182300922,0.7837825006595739,0.7845877878053482
electricity-normalized,nswdemand,45312.0,0.0493,0.1217,0.0,1.0,0.4254,0.4435,0.1633,-0.0974,-0.4141,0.1106,0.2271,0.3044,0.6683,0.2255,0.5015,0.3282,0.6613,8.3126,0.0,RandomForest,0.8096989672815675,0.8077688788609686,0.8092261622064398,0.808523667934137,0.8092333299684245,0.8087937034522461,0.8074122717870601,0.8071983110924416,0.8082441315939807
electricity-normalized,nswdemand,45312.0,0.0493,0.1217,0.0,1.0,0.4254,0.4435,0.1633,-0.0974,-0.4141,0.1106,0.2271,0.3044,0.6683,0.2255,0.5015,0.3282,0.6613,8.3126,0.0,AdaBoost,0.761621278983768,0.7628692066413687,0.761985410388793,0.7619649187029223,0.7618786152494766,0.7619783449747493,0.761579306250529,0.7617882352469746,0.7617234722702947
electricity-normalized,nswdemand,45312.0,0.0493,0.1217,0.0,1.0,0.4254,0.4435,0.1633,-0.0974,-0.4141,0.1106,0.2271,0.3044,0.6683,0.2255,0.5015,0.3282,0.6613,8.3126,0.0,SVC,0.7626817554874539,0.7640099101207466,0.7649037252985107,0.7655050722923805,0.7593511836345993,0.7680948708261228,0.7646293201028753,0.7578089224005033,0.7556278273769045
electricity-normalized,vicdemand,45312.0,0.5021,0.1155,0.0,1.0,0.4223,0.4229,0.1214,0.1499,0.8979,0.0477,0.0961,0.3036,0.6674,0.2744,0.5021,0.3782,0.6617,5.3528,0.0,DecisionTree,0.7679327716284388,0.7678438307477721,0.7701196735678527,0.7691248252690671,0.7705039063861864,0.769410688418202,0.7685517971426101,0.767045053315159,0.7693954527732884
electricity-normalized,vicdemand,45312.0,0.5021,0.1155,0.0,1.0,0.4223,0.4229,0.1214,0.1499,0.8979,0.0477,0.0961,0.3036,0.6674,0.2744,0.5021,0.3782,0.6617,5.3528,0.0,LogisticRegression,0.7546565951263988,0.7546794035380242,0.7530332462716663,0.7530990008337037,0.7533907155743875,0.7544697748800159,0.7545529295942696,0.7544573343969058,0.7529003555374045
electricity-normalized,vicdemand,45312.0,0.5021,0.1155,0.0,1.0,0.4223,0.4229,0.1214,0.1499,0.8979,0.0477,0.0961,0.3036,0.6674,0.2744,0.5021,0.3782,0.6617,5.3528,0.0,KNN,0.7686859169902726,0.7678926809907883,0.7667814879128924,0.7684835977305351,0.7685515043809912,0.7677287923617298,0.7681394766294025,0.7638066178309505,0.7683449267743536
electricity-normalized,vicdemand,45312.0,0.5021,0.1155,0.0,1.0,0.4223,0.4229,0.1214,0.1499,0.8979,0.0477,0.0961,0.3036,0.6674,0.2744,0.5021,0.3782,0.6617,5.3528,0.0,RandomForest,0.7907092622093352,0.7861242128330481,0.7878323547901412,0.786716949198843,0.7873976789928316,0.7837102003999673,0.7885476152372255,0.7858098446001348,0.786911870784004
electricity-normalized,vicdemand,45312.0,0.5021,0.1155,0.0,1.0,0.4223,0.4229,0.1214,0.1499,0.8979,0.0477,0.0961,0.3036,0.6674,0.2744,0.5021,0.3782,0.6617,5.3528,0.0,AdaBoost,0.757132876165175,0.7560408932664556,0.7565418506373605,0.7555335714980899,0.7562002521167897,0.7553163989147879,0.7572153548898022,0.7562378691303212,0.7557884225897218
electricity-normalized,vicdemand,45312.0,0.5021,0.1155,0.0,1.0,0.4223,0.4229,0.1214,0.1499,0.8979,0.0477,0.0961,0.3036,0.6674,0.2744,0.5021,0.3782,0.6617,5.3528,0.0,SVC,0.7526040069464344,0.7493736440206014,0.7584720881801292,0.7487269743154531,0.7489445680648499,0.7509721268129903,0.755908609234393,0.7535358735363153,0.7607611582104209
electricity-normalized,vicdemand,45312.0,0.4509,0.1064,0.0241,1.0,0.4224,0.4229,0.1215,0.1567,0.9298,0.0484,0.0968,0.3186,0.6694,0.2764,0.5033,0.3812,0.6629,5.3786,0.0,DecisionTree,0.7706370799049254,0.7712536576472047,0.7732539721332004,0.7706852135303639,0.7708572415137706,0.7718607905945809,0.7705601953176339,0.7687418167586378,0.7723934930462588
electricity-normalized,vicdemand,45312.0,0.4509,0.1064,0.0241,1.0,0.4224,0.4229,0.1215,0.1567,0.9298,0.0484,0.0968,0.3186,0.6694,0.2764,0.5033,0.3812,0.6629,5.3786,0.0,LogisticRegression,0.7544027999426861,0.7542413184883863,0.753283634043472,0.7535144875896733,0.7534680995819883,0.7543129994456854,0.7541261026097756,0.75433358106228,0.7533038308763198
electricity-normalized,vicdemand,45312.0,0.4509,0.1064,0.0241,1.0,0.4224,0.4229,0.1215,0.1567,0.9298,0.0484,0.0968,0.3186,0.6694,0.2764,0.5033,0.3812,0.6629,5.3786,0.0,KNN,0.7701558741879758,0.7687848714218075,0.7687435684220636,0.7691651277644592,0.7706042617299211,0.768063008127659,0.7696592867700094,0.765075029064681,0.7690282152095385
electricity-normalized,vicdemand,45312.0,0.4509,0.1064,0.0241,1.0,0.4224,0.4229,0.1215,0.1567,0.9298,0.0484,0.0968,0.3186,0.6694,0.2764,0.5033,0.3812,0.6629,5.3786,0.0,RandomForest,0.7937444779068017,0.7896958276029702,0.7900956328889478,0.7883368691465178,0.7918356039675087,0.7882317270618742,0.7911556980461358,0.7890012056370941,0.7888471721824043
electricity-normalized,vicdemand,45312.0,0.4509,0.1064,0.0241,1.0,0.4224,0.4229,0.1215,0.1567,0.9298,0.0484,0.0968,0.3186,0.6694,0.2764,0.5033,0.3812,0.6629,5.3786,0.0,AdaBoost,0.7585013381547514,0.7566265737190204,0.7582089982280862,0.7568395583927501,0.758153523664559,0.7560805870277784,0.7587602960619837,0.757386389191557,0.7578728377981743
electricity-normalized,vicdemand,45312.0,0.4509,0.1064,0.0241,1.0,0.4224,0.4229,0.1215,0.1567,0.9298,0.0484,0.0968,0.3186,0.6694,0.2764,0.5033,0.3812,0.6629,5.3786,0.0,SVC,0.7578390458508322,0.754720154819376,0.755386566161028,0.7521132283188624,0.7580793618689479,0.7586565067071974,0.7587955808472028,0.7548045792742467,0.7519021555336123
electricity-normalized,vicdemand,45312.0,0.3971,0.0981,0.0,1.0,0.4225,0.4229,0.121,0.1661,0.9208,0.0491,0.0976,0.3061,0.6698,0.2755,0.5017,0.3802,0.6615,5.3946,0.0,DecisionTree,0.7707176931451617,0.77359428531886,0.7729217877676193,0.7724863489835239,0.774371009459025,0.7738169977874328,0.7724387211442827,0.7687942441008548,0.7733298045141639
electricity-normalized,vicdemand,45312.0,0.3971,0.0981,0.0,1.0,0.4225,0.4229,0.121,0.1661,0.9208,0.0491,0.0976,0.3061,0.6698,0.2755,0.5017,0.3802,0.6615,5.3946,0.0,LogisticRegression,0.7545988447409745,0.7546539779576398,0.7534906516128378,0.7534883156382031,0.7533160662921587,0.7542761365218384,0.7543798939091205,0.7545241699361985,0.7532374088819429
electricity-normalized,vicdemand,45312.0,0.3971,0.0981,0.0,1.0,0.4225,0.4229,0.121,0.1661,0.9208,0.0491,0.0976,0.3061,0.6698,0.2755,0.5017,0.3802,0.6615,5.3946,0.0,KNN,0.7703026835110267,0.7697346440085675,0.7706945708506239,0.7689168301572057,0.7700462907486366,0.7696546071347726,0.7694519961813187,0.7665731501650975,0.769373251661252
electricity-normalized,vicdemand,45312.0,0.3971,0.0981,0.0,1.0,0.4225,0.4229,0.121,0.1661,0.9208,0.0491,0.0976,0.3061,0.6698,0.2755,0.5017,0.3802,0.6615,5.3946,0.0,RandomForest,0.7952323428634345,0.7888843189357965,0.792178794938555,0.7912858585291179,0.7888875305673395,0.7885283919668056,0.7905696672835749,0.7878969521083883,0.7898197826292972
electricity-normalized,vicdemand,45312.0,0.3971,0.0981,0.0,1.0,0.4225,0.4229,0.121,0.1661,0.9208,0.0491,0.0976,0.3061,0.6698,0.2755,0.5017,0.3802,0.6615,5.3946,0.0,AdaBoost,0.7578722223019999,0.7576203132479102,0.7576187182474707,0.7570413933217831,0.7582698555182025,0.7562122445059782,0.758123278653897,0.7562568124568262,0.7569572149514817
electricity-normalized,vicdemand,45312.0,0.3971,0.0981,0.0,1.0,0.4225,0.4229,0.121,0.1661,0.9208,0.0491,0.0976,0.3061,0.6698,0.2755,0.5017,0.3802,0.6615,5.3946,0.0,SVC,0.7546349684636215,0.7596769964593294,0.7499010839017984,0.7614798818675348,0.7507812118808106,0.7595554453385528,0.7536672220463521,0.753075347055921,0.7609177288169036
electricity-normalized,vicdemand,45312.0,0.3482,0.0908,0.0,0.9912,0.4223,0.4229,0.1207,0.1638,0.9085,0.0481,0.0966,0.3069,0.6682,0.2759,0.4995,0.3807,0.6585,5.3851,0.0,DecisionTree,0.7729620811928283,0.7724456694514417,0.7746412012335755,0.7731182752403425,0.7727564718680627,0.7716262816265861,0.7712219426349213,0.7709401339815214,0.7746413327509125
electricity-normalized,vicdemand,45312.0,0.3482,0.0908,0.0,0.9912,0.4223,0.4229,0.1207,0.1638,0.9085,0.0481,0.0966,0.3069,0.6682,0.2759,0.4995,0.3807,0.6585,5.3851,0.0,LogisticRegression,0.7546389797164696,0.7545069205775621,0.7541286206859835,0.7539833559804539,0.7538249456924639,0.7546330600895633,0.7545904190232428,0.7544455883110879,0.7537960675915218
electricity-normalized,vicdemand,45312.0,0.3482,0.0908,0.0,0.9912,0.4223,0.4229,0.1207,0.1638,0.9085,0.0481,0.0966,0.3069,0.6682,0.2759,0.4995,0.3807,0.6585,5.3851,0.0,KNN,0.7740033879596652,0.7759913836426099,0.7740728651425659,0.7752268558979245,0.7749042887124225,0.7742096355226392,0.7747050577108122,0.7719730713803352,0.7754622009335085
electricity-normalized,vicdemand,45312.0,0.3482,0.0908,0.0,0.9912,0.4223,0.4229,0.1207,0.1638,0.9085,0.0481,0.0966,0.3069,0.6682,0.2759,0.4995,0.3807,0.6585,5.3851,0.0,RandomForest,0.7976517705797792,0.7932671017203876,0.7931382371245461,0.792807809081593,0.7928119009881758,0.7925478524707698,0.7938126801691054,0.7925600448049853,0.7928735343689691
electricity-normalized,vicdemand,45312.0,0.3482,0.0908,0.0,0.9912,0.4223,0.4229,0.1207,0.1638,0.9085,0.0481,0.0966,0.3069,0.6682,0.2759,0.4995,0.3807,0.6585,5.3851,0.0,AdaBoost,0.759420765201703,0.7584501872087072,0.7581262167675237,0.7583111717049376,0.7578807101138167,0.7575731575581793,0.7600646533486499,0.7579944150587912,0.7574684867356754
electricity-normalized,vicdemand,45312.0,0.3482,0.0908,0.0,0.9912,0.4223,0.4229,0.1207,0.1638,0.9085,0.0481,0.0966,0.3069,0.6682,0.2759,0.4995,0.3807,0.6585,5.3851,0.0,SVC,0.7552681064839996,0.7465420918506088,0.7480456659880711,0.758685797234591,0.7586190888686544,0.7576431815932164,0.7595253406178394,0.7577285102543712,0.7616126179660052
electricity-normalized,vicdemand,45312.0,0.3016,0.0865,0.0241,0.9969,0.4228,0.4229,0.121,0.1773,0.9342,0.0482,0.0963,0.3056,0.666,0.2801,0.4994,0.3857,0.6586,5.3949,0.0,DecisionTree,0.7731984721892515,0.7744603968586071,0.773854744497406,0.7760264760191006,0.7756179958060765,0.7740215441101246,0.7724500042547326,0.7716365390715837,0.7759267102729458
electricity-normalized,vicdemand,45312.0,0.3016,0.0865,0.0241,0.9969,0.4228,0.4229,0.121,0.1773,0.9342,0.0482,0.0963,0.3056,0.666,0.2801,0.4994,0.3857,0.6586,5.3949,0.0,LogisticRegression,0.7541063703563626,0.7543739250064722,0.7536824151201479,0.7535982954708725,0.7536848957963411,0.7543417552729662,0.7539909190553671,0.7542968979193421,0.7537914716490292
electricity-normalized,vicdemand,45312.0,0.3016,0.0865,0.0241,0.9969,0.4228,0.4229,0.121,0.1773,0.9342,0.0482,0.0963,0.3056,0.666,0.2801,0.4994,0.3857,0.6586,5.3949,0.0,KNN,0.7757256505220713,0.7775732143509482,0.7761304084379801,0.7749330014976461,0.7755921913958655,0.7738491591307474,0.7769715067252142,0.7728873440478857,0.7769224416650502
electricity-normalized,vicdemand,45312.0,0.3016,0.0865,0.0241,0.9969,0.4228,0.4229,0.121,0.1773,0.9342,0.0482,0.0963,0.3056,0.666,0.2801,0.4994,0.3857,0.6586,5.3949,0.0,RandomForest,0.797681745743293,0.7955522666301154,0.7961048813479734,0.7950616911279403,0.7958174062401381,0.7939400124146297,0.7975655201964357,0.795490169398574,0.7961065170621109
electricity-normalized,vicdemand,45312.0,0.3016,0.0865,0.0241,0.9969,0.4228,0.4229,0.121,0.1773,0.9342,0.0482,0.0963,0.3056,0.666,0.2801,0.4994,0.3857,0.6586,5.3949,0.0,AdaBoost,0.7595419973144972,0.7590083419361698,0.7582358694216911,0.758135548579226,0.7590971761636183,0.7576971162416888,0.7593264967511468,0.7584620332403931,0.7589914878249392
electricity-normalized,vicdemand,45312.0,0.3016,0.0865,0.0241,0.9969,0.4228,0.4229,0.121,0.1773,0.9342,0.0482,0.0963,0.3056,0.666,0.2801,0.4994,0.3857,0.6586,5.3949,0.0,SVC,0.7599174949813516,0.754222271599803,0.7529841408241169,0.7561988407409479,0.7600274141274038,0.7608682392456745,0.7545666938665635,0.7524275953472294,0.7599334503442134
electricity-normalized,vicdemand,45312.0,0.248,0.0805,0.0241,1.0,0.4221,0.4229,0.1208,0.1752,0.901,0.049,0.0979,0.3062,0.6669,0.2748,0.5009,0.3788,0.6608,5.4075,0.0,DecisionTree,0.7752162436535583,0.7763109762700591,0.7754877632536892,0.7753916642599205,0.7771042204939147,0.7752967021566451,0.7744953294942433,0.7725981495495134,0.7756674035929864
electricity-normalized,vicdemand,45312.0,0.248,0.0805,0.0241,1.0,0.4221,0.4229,0.1208,0.1752,0.901,0.049,0.0979,0.3062,0.6669,0.2748,0.5009,0.3788,0.6608,5.4075,0.0,LogisticRegression,0.7545585412301867,0.7544077629899306,0.754186341163004,0.7540156693394006,0.7540590987228711,0.7542924392549609,0.7544916743733517,0.7545871242724523,0.7540817540619642
electricity-normalized,vicdemand,45312.0,0.248,0.0805,0.0241,1.0,0.4221,0.4229,0.1208,0.1752,0.901,0.049,0.0979,0.3062,0.6669,0.2748,0.5009,0.3788,0.6608,5.4075,0.0,KNN,0.7768981833805593,0.7787417990928747,0.7780262686350887,0.7787066680006806,0.7782331106065231,0.7776180339696324,0.7773546613582109,0.7749121296111605,0.7786310713473384
electricity-normalized,vicdemand,45312.0,0.248,0.0805,0.0241,1.0,0.4221,0.4229,0.1208,0.1752,0.901,0.049,0.0979,0.3062,0.6669,0.2748,0.5009,0.3788,0.6608,5.4075,0.0,RandomForest,0.8004234919494405,0.7978572234210094,0.7977353191157425,0.7959584553949436,0.797145346383402,0.7974691570223179,0.7983497308702648,0.798268627302857,0.7976503701665291
electricity-normalized,vicdemand,45312.0,0.248,0.0805,0.0241,1.0,0.4221,0.4229,0.1208,0.1752,0.901,0.049,0.0979,0.3062,0.6669,0.2748,0.5009,0.3788,0.6608,5.4075,0.0,AdaBoost,0.7599998318455583,0.7580360489804834,0.7578952165904685,0.7582138851418503,0.758685404952866,0.7578687259320877,0.7613933028717172,0.7598746925653845,0.7578046175279538
electricity-normalized,vicdemand,45312.0,0.248,0.0805,0.0241,1.0,0.4221,0.4229,0.1208,0.1752,0.901,0.049,0.0979,0.3062,0.6669,0.2748,0.5009,0.3788,0.6608,5.4075,0.0,SVC,0.7632836614872515,0.7556755738805774,0.7527161316676259,0.7591819904071861,0.7614822115412729,0.756895697052378,0.7603502318768762,0.7572937986521759,0.7605118054696167
electricity-normalized,vicdemand,45312.0,0.1939,0.0759,0.0256,0.9969,0.4231,0.4229,0.1208,0.1662,0.9471,0.0481,0.0963,0.3099,0.6676,0.2725,0.5012,0.3755,0.6609,5.3968,0.0,DecisionTree,0.7745473603192725,0.7782368568148871,0.7778217097592413,0.7762240484502485,0.7759702928345564,0.7761982857942903,0.7774947334885649,0.7730620872440689,0.7783967108909211
electricity-normalized,vicdemand,45312.0,0.1939,0.0759,0.0256,0.9969,0.4231,0.4229,0.1208,0.1662,0.9471,0.0481,0.0963,0.3099,0.6676,0.2725,0.5012,0.3755,0.6609,5.3968,0.0,LogisticRegression,0.7545875978290368,0.7546154766725081,0.7541598176545466,0.7540881195560796,0.7540302217585105,0.7545467275939087,0.7545295798987839,0.7545556452020263,0.7540273904763475
electricity-normalized,vicdemand,45312.0,0.1939,0.0759,0.0256,0.9969,0.4231,0.4229,0.1208,0.1662,0.9471,0.0481,0.0963,0.3099,0.6676,0.2725,0.5012,0.3755,0.6609,5.3968,0.0,KNN,0.7771870931138412,0.7787775260915036,0.7783966465199197,0.7777746533568591,0.7795382468454427,0.7775533930679681,0.7795239748616383,0.777278413402845,0.7788170088480046
electricity-normalized,vicdemand,45312.0,0.1939,0.0759,0.0256,0.9969,0.4231,0.4229,0.1208,0.1662,0.9471,0.0481,0.0963,0.3099,0.6676,0.2725,0.5012,0.3755,0.6609,5.3968,0.0,RandomForest,0.8011358371369312,0.8002067775471176,0.7990886574575456,0.798375133414797,0.7996215499700892,0.7984705357906317,0.80098390044767,0.8010745793833791,0.7990996642847855
electricity-normalized,vicdemand,45312.0,0.1939,0.0759,0.0256,0.9969,0.4231,0.4229,0.1208,0.1662,0.9471,0.0481,0.0963,0.3099,0.6676,0.2725,0.5012,0.3755,0.6609,5.3968,0.0,AdaBoost,0.761104068304146,0.7584446688087266,0.7597187454761423,0.7588324080822344,0.7595181042551439,0.7581479628799225,0.7606420549367959,0.7584758645763203,0.7586218728599726
electricity-normalized,vicdemand,45312.0,0.1939,0.0759,0.0256,0.9969,0.4231,0.4229,0.1208,0.1662,0.9471,0.0481,0.0963,0.3099,0.6676,0.2725,0.5012,0.3755,0.6609,5.3968,0.0,SVC,0.7610751239582939,0.7636611735121792,0.7638733672509269,0.7532536559895184,0.7560455275624076,0.7611254457724035,0.7546688104556463,0.7542965309375608,0.763384986574296
electricity-normalized,vicdemand,45312.0,0.1493,0.0726,0.0,1.0,0.4235,0.4229,0.1212,0.1664,0.9228,0.0485,0.0968,0.308,0.6702,0.2739,0.5029,0.3775,0.6629,5.4085,0.0,DecisionTree,0.7770157630817263,0.7791487153142231,0.7770381110883999,0.7773989889711803,0.7784489701734411,0.7767960702858279,0.7779119165436467,0.7771532501433526,0.779016997666033
electricity-normalized,vicdemand,45312.0,0.1493,0.0726,0.0,1.0,0.4235,0.4229,0.1212,0.1664,0.9228,0.0485,0.0968,0.308,0.6702,0.2739,0.5029,0.3775,0.6629,5.4085,0.0,LogisticRegression,0.7540734669850491,0.7543507352403145,0.75375106877641,0.7536530866130435,0.7536247412045549,0.7540712554733618,0.7540935421180385,0.7538954496972499,0.753762639659405
electricity-normalized,vicdemand,45312.0,0.1493,0.0726,0.0,1.0,0.4235,0.4229,0.1212,0.1664,0.9228,0.0485,0.0968,0.308,0.6702,0.2739,0.5029,0.3775,0.6629,5.4085,0.0,KNN,0.7807239586592734,0.7813081422492442,0.779802953192426,0.7799450184687124,0.779857042233496,0.77996812837206,0.7817700269963712,0.7770817928964057,0.7799813071707073
electricity-normalized,vicdemand,45312.0,0.1493,0.0726,0.0,1.0,0.4235,0.4229,0.1212,0.1664,0.9228,0.0485,0.0968,0.308,0.6702,0.2739,0.5029,0.3775,0.6629,5.4085,0.0,RandomForest,0.8036167084586947,0.8028664296440953,0.8022298197665451,0.801777201886846,0.8023797193419416,0.8020043734889356,0.8025637880806265,0.8007573850624956,0.8017263502899471
electricity-normalized,vicdemand,45312.0,0.1493,0.0726,0.0,1.0,0.4235,0.4229,0.1212,0.1664,0.9228,0.0485,0.0968,0.308,0.6702,0.2739,0.5029,0.3775,0.6629,5.4085,0.0,AdaBoost,0.7600131593725031,0.7587175408512964,0.7600040316577726,0.7600855677381602,0.7597655919700185,0.7598281525126517,0.7613974789740339,0.7601129790296953,0.7589608545775841
electricity-normalized,vicdemand,45312.0,0.1493,0.0726,0.0,1.0,0.4235,0.4229,0.1212,0.1664,0.9228,0.0485,0.0968,0.308,0.6702,0.2739,0.5029,0.3775,0.6629,5.4085,0.0,SVC,0.762679503841394,0.7623549832753334,0.7639201731245566,0.7627360726107422,0.7617108832483009,0.7609416116685146,0.7607163853929868,0.7626851691633664,0.7647734634520371
electricity-normalized,vicdemand,45312.0,0.1,0.069,0.0,1.0,0.4225,0.4229,0.1213,0.1609,0.8989,0.0487,0.0971,0.3104,0.6691,0.2763,0.5015,0.3811,0.6611,5.4125,0.0,DecisionTree,0.7795185683139232,0.7806403122792533,0.7807770838066093,0.778675184155317,0.7788585592729415,0.7769720030152889,0.779626214196127,0.7764294283738591,0.780219275415371
electricity-normalized,vicdemand,45312.0,0.1,0.069,0.0,1.0,0.4225,0.4229,0.1213,0.1609,0.8989,0.0487,0.0971,0.3104,0.6691,0.2763,0.5015,0.3811,0.6611,5.4125,0.0,LogisticRegression,0.7542361958293968,0.7544208089207156,0.7542297065635235,0.7541833794456854,0.754074103045347,0.7543567291748338,0.7543137332908882,0.7542217297652345,0.7540941250636866
electricity-normalized,vicdemand,45312.0,0.1,0.069,0.0,1.0,0.4225,0.4229,0.1213,0.1609,0.8989,0.0487,0.0971,0.3104,0.6691,0.2763,0.5015,0.3811,0.6611,5.4125,0.0,KNN,0.7818767175847109,0.7811765594128983,0.7816454511057069,0.7808605658080958,0.7821448334833376,0.7807360157190241,0.7815212776393121,0.7810255932315587,0.7821413944894314
electricity-normalized,vicdemand,45312.0,0.1,0.069,0.0,1.0,0.4225,0.4229,0.1213,0.1609,0.8989,0.0487,0.0971,0.3104,0.6691,0.2763,0.5015,0.3811,0.6611,5.4125,0.0,RandomForest,0.80599501762103,0.8046652370190529,0.8045815035758852,0.8050639637879309,0.8037766665642713,0.8040595715091436,0.8051334216873096,0.8044490639350526,0.8047061817575103
electricity-normalized,vicdemand,45312.0,0.1,0.069,0.0,1.0,0.4225,0.4229,0.1213,0.1609,0.8989,0.0487,0.0971,0.3104,0.6691,0.2763,0.5015,0.3811,0.6611,5.4125,0.0,AdaBoost,0.7615482522481767,0.7593083309032407,0.7606680646869379,0.7601694191810209,0.7609097885814294,0.7593025086987717,0.7616303502469159,0.7605975254127892,0.7599893136866627
electricity-normalized,vicdemand,45312.0,0.1,0.069,0.0,1.0,0.4225,0.4229,0.1213,0.1609,0.8989,0.0487,0.0971,0.3104,0.6691,0.2763,0.5015,0.3811,0.6611,5.4125,0.0,SVC,0.7656721951838731,0.7553432986943426,0.7600299518481731,0.7547361368807105,0.7614449988705103,0.7540720661763428,0.7609171555400261,0.7565890085678185,0.7538644954933074
electricity-normalized,vicdemand,45312.0,0.0483,0.0657,0.0,1.0,0.4229,0.4229,0.121,0.1539,0.8968,0.049,0.0979,0.3088,0.669,0.2735,0.5023,0.3772,0.6624,5.4189,0.0,DecisionTree,0.7797755344022816,0.779468660464125,0.7792090760569826,0.7789417846398299,0.7786916890681419,0.7792655416427843,0.780339413071326,0.7792322559331675,0.7792405296154156
electricity-normalized,vicdemand,45312.0,0.0483,0.0657,0.0,1.0,0.4229,0.4229,0.121,0.1539,0.8968,0.049,0.0979,0.3088,0.669,0.2735,0.5023,0.3772,0.6624,5.4189,0.0,LogisticRegression,0.7543822782769807,0.7542355965338372,0.7539357017249302,0.7538841338788205,0.7538436613538263,0.7541552068118542,0.7542701028293702,0.754336327089314,0.7539415393575783
electricity-normalized,vicdemand,45312.0,0.0483,0.0657,0.0,1.0,0.4229,0.4229,0.121,0.1539,0.8968,0.049,0.0979,0.3088,0.669,0.2735,0.5023,0.3772,0.6624,5.4189,0.0,KNN,0.7842176002233839,0.7836984981589992,0.7838146558747436,0.7838633145310402,0.7832927945276498,0.7830982766212283,0.7833062406286873,0.7842582808687977,0.7836968214688708
electricity-normalized,vicdemand,45312.0,0.0483,0.0657,0.0,1.0,0.4229,0.4229,0.121,0.1539,0.8968,0.049,0.0979,0.3088,0.669,0.2735,0.5023,0.3772,0.6624,5.4189,0.0,RandomForest,0.8096172163257882,0.8093753131209248,0.8080086224080372,0.8092624631140427,0.8091229294871335,0.8080204882113496,0.808732173988779,0.8081547778130593,0.8081392588895048
electricity-normalized,vicdemand,45312.0,0.0483,0.0657,0.0,1.0,0.4229,0.4229,0.121,0.1539,0.8968,0.049,0.0979,0.3088,0.669,0.2735,0.5023,0.3772,0.6624,5.4189,0.0,AdaBoost,0.7614312038991593,0.7613430484831947,0.7603515356107485,0.7603830786210544,0.7612176746750042,0.7608432360683283,0.7607376701501584,0.7605991282769275,0.7612388158248196
electricity-normalized,vicdemand,45312.0,0.0483,0.0657,0.0,1.0,0.4229,0.4229,0.121,0.1539,0.8968,0.049,0.0979,0.3088,0.669,0.2735,0.5023,0.3772,0.6624,5.4189,0.0,SVC,0.7561513653816034,0.7661271553535189,0.7600818321535672,0.7585713946445496,0.7627769990958944,0.7641546202372489,0.7653215486084393,0.7624230033976116,0.7617889349254945
german,Age,1000.0,0.515,0.1072,20.0,75.0,36.2124,33.0,11.7408,0.9452,0.2133,7.0,16.0,0.0296,0.0408,0.0114,0.0349,0.0182,0.0504,3.6518,0.0335,DecisionTree,0.65215771872122,0.6563172828912937,0.64729701597999,0.6549287126071148,0.6527322331734614,0.649276228732405,0.6459091895261964,0.651997168760994,0.6544183130948129
german,Age,1000.0,0.515,0.1072,20.0,75.0,36.2124,33.0,11.7408,0.9452,0.2133,7.0,16.0,0.0296,0.0408,0.0114,0.0349,0.0182,0.0504,3.6518,0.0335,LogisticRegression,0.6436831961137619,0.6403256737469145,0.6384462635810086,0.6416522857572751,0.640445074533994,0.6410708488240024,0.6401826779865026,0.6413026953690572,0.6396618080776207
german,Age,1000.0,0.515,0.1072,20.0,75.0,36.2124,33.0,11.7408,0.9452,0.2133,7.0,16.0,0.0296,0.0408,0.0114,0.0349,0.0182,0.0504,3.6518,0.0335,KNN,0.6477119998235651,0.6593950827834288,0.6554241699133679,0.6429160099517749,0.6595216086064223,0.6490116232837745,0.6463818189530538,0.6748518118320064,0.6598805192028995
german,Age,1000.0,0.515,0.1072,20.0,75.0,36.2124,33.0,11.7408,0.9452,0.2133,7.0,16.0,0.0296,0.0408,0.0114,0.0349,0.0182,0.0504,3.6518,0.0335,RandomForest,0.6612863585178681,0.6669010812461293,0.6582263887932861,0.6601424182659775,0.6680374500886019,0.66176721812247,0.6557137514703005,0.6559261759929458,0.6673903591560865
german,Age,1000.0,0.515,0.1072,20.0,75.0,36.2124,33.0,11.7408,0.9452,0.2133,7.0,16.0,0.0296,0.0408,0.0114,0.0349,0.0182,0.0504,3.6518,0.0335,AdaBoost,0.6517022095622035,0.6489657667805345,0.6469368868399061,0.654970906979491,0.6562888017933101,0.6577370854940187,0.6479672557485712,0.6584472955171177,0.6486099219470066
german,Age,1000.0,0.515,0.1072,20.0,75.0,36.2124,33.0,11.7408,0.9452,0.2133,7.0,16.0,0.0296,0.0408,0.0114,0.0349,0.0182,0.0504,3.6518,0.0335,SVC,0.5866071804226658,0.5866071804226658,0.5866071804226658,0.5866071804226658,0.5866071804226658,0.5866071804226658,0.5866071804226658,0.5866071804226658,0.5866071804226658
german,Age,1000.0,0.42,0.0862,20.0,75.0,35.5759,33.0,11.1598,1.0004,0.6236,7.0,15.0,0.0392,0.0393,0.0169,0.0314,0.0256,0.0469,3.6263,0.0372,DecisionTree,0.6575946559986147,0.6522718156223007,0.6549352528767782,0.6645170136126773,0.6548443255960299,0.6574190340880681,0.6630867977021802,0.6527707516652144,0.648426391059757
german,Age,1000.0,0.42,0.0862,20.0,75.0,35.5759,33.0,11.1598,1.0004,0.6236,7.0,15.0,0.0392,0.0393,0.0169,0.0314,0.0256,0.0469,3.6263,0.0372,LogisticRegression,0.6401092602432277,0.637740055487446,0.6474290053307481,0.6404070749819526,0.6397622290598349,0.6401092602432277,0.6413508125278521,0.6532972668695305,0.6370365205656446
german,Age,1000.0,0.42,0.0862,20.0,75.0,35.5759,33.0,11.1598,1.0004,0.6236,7.0,15.0,0.0392,0.0393,0.0169,0.0314,0.0256,0.0469,3.6263,0.0372,KNN,0.6452723783968554,0.6580457422659841,0.6571445323671206,0.647354682337693,0.6395029864448373,0.6506539320400233,0.6530397969880075,0.6527468283653297,0.6714976718744279
german,Age,1000.0,0.42,0.0862,20.0,75.0,35.5759,33.0,11.1598,1.0004,0.6236,7.0,15.0,0.0392,0.0393,0.0169,0.0314,0.0256,0.0469,3.6263,0.0372,RandomForest,0.6687192937885008,0.6673954784427988,0.6911044487597972,0.6764792495169735,0.6536513153579735,0.6782219928459265,0.6685981214400603,0.6623797379970285,0.6770462073317384
german,Age,1000.0,0.42,0.0862,20.0,75.0,35.5759,33.0,11.1598,1.0004,0.6236,7.0,15.0,0.0392,0.0393,0.0169,0.0314,0.0256,0.0469,3.6263,0.0372,AdaBoost,0.654035783750723,0.6503122937596347,0.6442350328221458,0.6475192605200878,0.6374626396590861,0.6450244848674884,0.6530088682556345,0.6528625537034698,0.6561650271421751
german,Age,1000.0,0.42,0.0862,20.0,75.0,35.5759,33.0,11.1598,1.0004,0.6236,7.0,15.0,0.0392,0.0393,0.0169,0.0314,0.0256,0.0469,3.6263,0.0372,SVC,0.5866071804226658,0.5866071804226658,0.5866071804226658,0.5866071804226658,0.5866071804226658,0.5866071804226658,0.5866071804226658,0.5866071804226658,0.5866071804226658
german,Age,1000.0,0.421,0.0898,19.0,75.0,35.5993,33.0,11.5006,1.0538,0.615,7.0,14.0,0.0129,0.0149,0.0118,0.0175,0.016,0.0285,3.6329,0.0277,DecisionTree,0.6634237176865729,0.6528272709349972,0.6612433031529672,0.6641483000724925,0.6674962686166652,0.6723919415476912,0.6651629065883728,0.6558340137751169,0.6728225882551147
german,Age,1000.0,0.421,0.0898,19.0,75.0,35.5993,33.0,11.5006,1.0538,0.615,7.0,14.0,0.0129,0.0149,0.0118,0.0175,0.016,0.0285,3.6329,0.0277,LogisticRegression,0.653044764361723,0.6511464963083647,0.651895234142585,0.6529652073480423,0.649991445232643,0.6538959334018568,0.655295601994313,0.6443592708577387,0.6525700282426095
german,Age,1000.0,0.421,0.0898,19.0,75.0,35.5993,33.0,11.5006,1.0538,0.615,7.0,14.0,0.0129,0.0149,0.0118,0.0175,0.016,0.0285,3.6329,0.0277,KNN,0.6665909703904104,0.6524183977143357,0.6617602155733429,0.6635756691841785,0.6588784419308167,0.6611205845594901,0.6582808526852305,0.6539237842753096,0.6610008641155851
german,Age,1000.0,0.421,0.0898,19.0,75.0,35.5993,33.0,11.5006,1.0538,0.615,7.0,14.0,0.0129,0.0149,0.0118,0.0175,0.016,0.0285,3.6329,0.0277,RandomForest,0.6813227692200076,0.6718699704240361,0.673294628783409,0.686477521145743,0.6912913597384485,0.6947021654858492,0.681924074398939,0.6580826152926539,0.6869252840361738
german,Age,1000.0,0.421,0.0898,19.0,75.0,35.5993,33.0,11.5006,1.0538,0.615,7.0,14.0,0.0129,0.0149,0.0118,0.0175,0.016,0.0285,3.6329,0.0277,AdaBoost,0.6601501589690181,0.6577435198425701,0.6457856897162092,0.6476827337115305,0.6544412329436529,0.6591067361031131,0.6513637719670141,0.6592235480511113,0.649344829231188
german,Age,1000.0,0.421,0.0898,19.0,75.0,35.5993,33.0,11.5006,1.0538,0.615,7.0,14.0,0.0129,0.0149,0.0118,0.0175,0.016,0.0285,3.6329,0.0277,SVC,0.5866071804226658,0.5866071804226658,0.5866071804226658,0.5866071804226658,0.5866071804226658,0.5866071804226658,0.5866071804226658,0.5866071804226658,0.5866071804226658
german,Age,1000.0,0.365,0.0819,19.0,74.0,35.2,33.0,11.3081,1.0129,0.4547,7.0,14.5,0.0227,0.0386,0.0003,0.0251,0.0012,0.0361,3.6306,0.0346,DecisionTree,0.6563717596183432,0.6527570166824892,0.6576303109033181,0.6504212112851147,0.6535416077170406,0.6563717596183432,0.6558915336230033,0.661332349738267,0.6666876895206514
german,Age,1000.0,0.365,0.0819,19.0,74.0,35.2,33.0,11.3081,1.0129,0.4547,7.0,14.5,0.0227,0.0386,0.0003,0.0251,0.0012,0.0361,3.6306,0.0346,LogisticRegression,0.6393180579487613,0.6405066592810751,0.6373118182424815,0.6398037705687017,0.6398543502798641,0.6392223336354292,0.6378520618746708,0.6375942396474723,0.6418522852499967
german,Age,1000.0,0.365,0.0819,19.0,74.0,35.2,33.0,11.3081,1.0129,0.4547,7.0,14.5,0.0227,0.0386,0.0003,0.0251,0.0012,0.0361,3.6306,0.0346,KNN,0.6482220348344445,0.6292548085659966,0.655026170030818,0.64247167708227,0.6497807206446103,0.6371341688760361,0.6440815093878967,0.6242956581191001,0.6357967297682352
german,Age,1000.0,0.365,0.0819,19.0,74.0,35.2,33.0,11.3081,1.0129,0.4547,7.0,14.5,0.0227,0.0386,0.0003,0.0251,0.0012,0.0361,3.6306,0.0346,RandomForest,0.6603639542026637,0.654573567458574,0.6657083070085169,0.6593642595052815,0.6617314786424909,0.6664800245146235,0.6721117404505388,0.6553321376094068,0.6486877423068015
german,Age,1000.0,0.365,0.0819,19.0,74.0,35.2,33.0,11.3081,1.0129,0.4547,7.0,14.5,0.0227,0.0386,0.0003,0.0251,0.0012,0.0361,3.6306,0.0346,AdaBoost,0.6356691347807073,0.6482960137337993,0.6601253307009377,0.6466748473692226,0.6353841359102828,0.6437124106205078,0.6407974049251278,0.6402855484746962,0.6459737547820261
german,Age,1000.0,0.365,0.0819,19.0,74.0,35.2,33.0,11.3081,1.0129,0.4547,7.0,14.5,0.0227,0.0386,0.0003,0.0251,0.0012,0.0361,3.6306,0.0346,SVC,0.5866071804226658,0.5866071804226658,0.5866071804226658,0.5866071804226658,0.5866071804226658,0.5866071804226658,0.5866071804226658,0.5866071804226658,0.5866071804226658
german,Age,1000.0,0.283,0.0725,19.0,75.0,35.9107,33.0,11.4538,1.0316,0.6354,7.0,15.0,0.0042,0.0389,0.0054,0.0218,0.0091,0.0322,3.6453,0.0349,DecisionTree,0.6646563705608559,0.6601788677377587,0.652359040507001,0.6649886131797506,0.6634694492346096,0.6641301414742394,0.6627904833121626,0.6557388080484581,0.6602331057547064
german,Age,1000.0,0.283,0.0725,19.0,75.0,35.9107,33.0,11.4538,1.0316,0.6354,7.0,15.0,0.0042,0.0389,0.0054,0.0218,0.0091,0.0322,3.6453,0.0349,LogisticRegression,0.6427264747456426,0.6545539074882294,0.6393527083312043,0.6441056231406922,0.6434831560297153,0.6419832536259107,0.6404643856085863,0.6456033101976133,0.6485936128975123
german,Age,1000.0,0.283,0.0725,19.0,75.0,35.9107,33.0,11.4538,1.0316,0.6354,7.0,15.0,0.0042,0.0389,0.0054,0.0218,0.0091,0.0322,3.6453,0.0349,KNN,0.6584278130506317,0.6457810680314875,0.6542590250223885,0.6442871746905746,0.6567361379711667,0.6502889828009916,0.6521246537872452,0.6555391377572591,0.6472222053615488
german,Age,1000.0,0.283,0.0725,19.0,75.0,35.9107,33.0,11.4538,1.0316,0.6354,7.0,15.0,0.0042,0.0389,0.0054,0.0218,0.0091,0.0322,3.6453,0.0349,RandomForest,0.6934040207427058,0.6894532326193189,0.6814260476739034,0.6924890807124586,0.6945443996257893,0.6880046262702959,0.6888557998387081,0.6855243724947463,0.6882287221572261
german,Age,1000.0,0.283,0.0725,19.0,75.0,35.9107,33.0,11.4538,1.0316,0.6354,7.0,15.0,0.0042,0.0389,0.0054,0.0218,0.0091,0.0322,3.6453,0.0349,AdaBoost,0.6596417817583816,0.6602336623142769,0.6497593836322035,0.6562841874360353,0.6510732070088278,0.6491193882747528,0.6559692024085916,0.6571334851405086,0.6442774932069618
german,Age,1000.0,0.283,0.0725,19.0,75.0,35.9107,33.0,11.4538,1.0316,0.6354,7.0,15.0,0.0042,0.0389,0.0054,0.0218,0.0091,0.0322,3.6453,0.0349,SVC,0.5866071804226658,0.5866071804226658,0.5866071804226658,0.5866071804226658,0.5866071804226658,0.5866071804226658,0.5866071804226658,0.5866071804226658,0.5866071804226658
german,Age,1000.0,0.278,0.0734,19.0,75.0,35.5014,33.0,11.4407,1.0783,0.7371,7.0,14.0,0.008,0.0673,0.0025,0.0489,0.0049,0.0707,3.633,0.0283,DecisionTree,0.657769571129453,0.6727772442885096,0.6591822719382235,0.6601911302204281,0.6564404117606827,0.6474003130682582,0.6755421269572773,0.6643081953708301,0.6656826707801646
german,Age,1000.0,0.278,0.0734,19.0,75.0,35.5014,33.0,11.4407,1.0783,0.7371,7.0,14.0,0.008,0.0673,0.0025,0.0489,0.0049,0.0707,3.633,0.0283,LogisticRegression,0.6395387901873336,0.6428942592686434,0.6417127768602078,0.6426493246973167,0.642471488353933,0.6410387537670923,0.6402414326208161,0.6504829283338425,0.6425308410221184
german,Age,1000.0,0.278,0.0734,19.0,75.0,35.5014,33.0,11.4407,1.0783,0.7371,7.0,14.0,0.008,0.0673,0.0025,0.0489,0.0049,0.0707,3.633,0.0283,KNN,0.6647261328682615,0.6443172145054115,0.6548158410423027,0.6549963064023614,0.6607143153652072,0.6547303398627272,0.6590114768845237,0.65143150300714,0.6460906898811477
german,Age,1000.0,0.278,0.0734,19.0,75.0,35.5014,33.0,11.4407,1.0783,0.7371,7.0,14.0,0.008,0.0673,0.0025,0.0489,0.0049,0.0707,3.633,0.0283,RandomForest,0.6912760085299798,0.6756632322346845,0.675312868969096,0.6848796599480879,0.6835941668846581,0.6848980424092531,0.688193220551995,0.678799514167902,0.6716433099612131
german,Age,1000.0,0.278,0.0734,19.0,75.0,35.5014,33.0,11.4407,1.0783,0.7371,7.0,14.0,0.008,0.0673,0.0025,0.0489,0.0049,0.0707,3.633,0.0283,AdaBoost,0.6617098447120278,0.6615038976879234,0.6542573818515109,0.6550888526914882,0.6638424802790797,0.6738288422781649,0.668241832712838,0.6571503409816537,0.6579650314353784
german,Age,1000.0,0.278,0.0734,19.0,75.0,35.5014,33.0,11.4407,1.0783,0.7371,7.0,14.0,0.008,0.0673,0.0025,0.0489,0.0049,0.0707,3.633,0.0283,SVC,0.5866071804226658,0.5866071804226658,0.5866071804226658,0.5866071804226658,0.5866071804226658,0.5866071804226658,0.5866071804226658,0.5866071804226658,0.5866071804226658
german,Age,1000.0,0.221,0.068,19.0,75.0,35.8151,33.0,11.5318,0.9909,0.5137,7.0,15.0,0.0311,0.0329,0.0175,0.0283,0.0263,0.0414,3.6532,0.0337,DecisionTree,0.6527032307720204,0.6573737664617296,0.6660202691272162,0.6510663375375239,0.6565591302393892,0.6654292309381793,0.6609532902928229,0.6566854649009086,0.6628317285000258
german,Age,1000.0,0.221,0.068,19.0,75.0,35.8151,33.0,11.5318,0.9909,0.5137,7.0,15.0,0.0311,0.0329,0.0175,0.0283,0.0263,0.0414,3.6532,0.0337,LogisticRegression,0.6436800110330037,0.6420369980191625,0.6401450161841374,0.6424831208991753,0.6390666662433251,0.644782471071004,0.6405498187339439,0.6428015783802347,0.6422996662529004
german,Age,1000.0,0.221,0.068,19.0,75.0,35.8151,33.0,11.5318,0.9909,0.5137,7.0,15.0,0.0311,0.0329,0.0175,0.0283,0.0263,0.0414,3.6532,0.0337,KNN,0.6525439188565014,0.6328365083849495,0.636496116859121,0.6438686769621387,0.6466502722420551,0.6460042969026547,0.6429970984041727,0.6370943005226398,0.6495095084465987
german,Age,1000.0,0.221,0.068,19.0,75.0,35.8151,33.0,11.5318,0.9909,0.5137,7.0,15.0,0.0311,0.0329,0.0175,0.0283,0.0263,0.0414,3.6532,0.0337,RandomForest,0.6678969626093283,0.6786383637773772,0.6816627445617119,0.6716249590907367,0.678084790106476,0.6740268159375639,0.6666812585824645,0.6730758372645729,0.6574601627395622
german,Age,1000.0,0.221,0.068,19.0,75.0,35.8151,33.0,11.5318,0.9909,0.5137,7.0,15.0,0.0311,0.0329,0.0175,0.0283,0.0263,0.0414,3.6532,0.0337,AdaBoost,0.656009006246856,0.6616428558453664,0.6641669585252059,0.6569856017602145,0.6512694758109371,0.6563077517174896,0.657475977363927,0.6606025531746205,0.6478847249274405
german,Age,1000.0,0.221,0.068,19.0,75.0,35.8151,33.0,11.5318,0.9909,0.5137,7.0,15.0,0.0311,0.0329,0.0175,0.0283,0.0263,0.0414,3.6532,0.0337,SVC,0.5866071804226658,0.5866071804226658,0.5866071804226658,0.5866071804226658,0.5866071804226658,0.5866071804226658,0.5866071804226658,0.5866071804226658,0.5866071804226658
german,Age,1000.0,0.173,0.0641,19.0,75.0,35.468,33.0,11.1943,1.0371,0.6944,7.0,15.0,0.0217,0.0507,0.0166,0.0291,0.0247,0.0432,3.6384,0.0316,DecisionTree,0.64501773140267,0.6518374647123399,0.6415479118104382,0.6502308107425836,0.642255358545034,0.6466531016718491,0.6385273498838817,0.6509387558069173,0.655650590394163
german,Age,1000.0,0.173,0.0641,19.0,75.0,35.468,33.0,11.1943,1.0371,0.6944,7.0,15.0,0.0217,0.0507,0.0166,0.0291,0.0247,0.0432,3.6384,0.0316,LogisticRegression,0.6410496727402468,0.6510253810381754,0.6391329458318062,0.6399148449934665,0.6383833780632266,0.6395076787936862,0.6401750855775137,0.6509282466138824,0.6429102132931837
german,Age,1000.0,0.173,0.0641,19.0,75.0,35.468,33.0,11.1943,1.0371,0.6944,7.0,15.0,0.0217,0.0507,0.0166,0.0291,0.0247,0.0432,3.6384,0.0316,KNN,0.6492799481159335,0.640970381402909,0.6475533858361131,0.649247430507564,0.6511041643593131,0.6502076964687425,0.6431993224969366,0.6359926058514987,0.6502257455949761
german,Age,1000.0,0.173,0.0641,19.0,75.0,35.468,33.0,11.1943,1.0371,0.6944,7.0,15.0,0.0217,0.0507,0.0166,0.0291,0.0247,0.0432,3.6384,0.0316,RandomForest,0.6646678911713717,0.6776543998128566,0.6674834657512458,0.6714366711352299,0.662630815149456,0.6767806908562742,0.67969227907881,0.6719472595396101,0.683528241232517
german,Age,1000.0,0.173,0.0641,19.0,75.0,35.468,33.0,11.1943,1.0371,0.6944,7.0,15.0,0.0217,0.0507,0.0166,0.0291,0.0247,0.0432,3.6384,0.0316,AdaBoost,0.6473470611236666,0.651581921153123,0.6395894350236914,0.6473750837259338,0.6523271660951226,0.6468001457380298,0.6555354684532733,0.6471909031132475,0.650670349138965
german,Age,1000.0,0.173,0.0641,19.0,75.0,35.468,33.0,11.1943,1.0371,0.6944,7.0,15.0,0.0217,0.0507,0.0166,0.0291,0.0247,0.0432,3.6384,0.0316,SVC,0.5866071804226658,0.5866071804226658,0.5866071804226658,0.5866071804226658,0.5866071804226658,0.5866071804226658,0.5866071804226658,0.5866071804226658,0.5866071804226658
german,Age,1000.0,0.103,0.0591,19.0,75.0,35.4682,33.0,11.2012,0.9868,0.5123,7.0,15.0,0.0072,0.055,0.0086,0.0281,0.0139,0.0423,3.6493,0.0299,DecisionTree,0.6693541335716227,0.6636523897922892,0.658937261962889,0.6593113875360088,0.6676355150080343,0.6655015848151637,0.665315472959475,0.6655448994155195,0.6583543094446398
german,Age,1000.0,0.103,0.0591,19.0,75.0,35.4682,33.0,11.2012,0.9868,0.5123,7.0,15.0,0.0072,0.055,0.0086,0.0281,0.0139,0.0423,3.6493,0.0299,LogisticRegression,0.6430358248853022,0.6414804820258111,0.6480317316104487,0.6476381671570696,0.6482314069250401,0.6482314069250401,0.6460696017431541,0.6481855622934444,0.6413814508877691
german,Age,1000.0,0.103,0.0591,19.0,75.0,35.4682,33.0,11.2012,0.9868,0.5123,7.0,15.0,0.0072,0.055,0.0086,0.0281,0.0139,0.0423,3.6493,0.0299,KNN,0.651258306526606,0.6367442446094136,0.6471068130520443,0.6493914892688084,0.6478669607385723,0.6478245210868256,0.6431036872705538,0.6368176364699367,0.6336470508910864
german,Age,1000.0,0.103,0.0591,19.0,75.0,35.4682,33.0,11.2012,0.9868,0.5123,7.0,15.0,0.0072,0.055,0.0086,0.0281,0.0139,0.0423,3.6493,0.0299,RandomForest,0.6827654241363733,0.6892353107578787,0.6830821938766207,0.6854672629090965,0.6884518667731524,0.6870899655579434,0.6832788768158597,0.6801411687700514,0.6835036129139241
german,Age,1000.0,0.103,0.0591,19.0,75.0,35.4682,33.0,11.2012,0.9868,0.5123,7.0,15.0,0.0072,0.055,0.0086,0.0281,0.0139,0.0423,3.6493,0.0299,AdaBoost,0.6527001847921952,0.6479795517008696,0.6473131182793685,0.6413567533222616,0.6427315950205646,0.6494182525576998,0.6501828285952216,0.6424365101575831,0.6459042195332239
german,Age,1000.0,0.103,0.0591,19.0,75.0,35.4682,33.0,11.2012,0.9868,0.5123,7.0,15.0,0.0072,0.055,0.0086,0.0281,0.0139,0.0423,3.6493,0.0299,SVC,0.5866071804226658,0.5866071804226658,0.5866071804226658,0.5866071804226658,0.5866071804226658,0.5866071804226658,0.5866071804226658,0.5866071804226658,0.5866071804226658
german,Age,1000.0,0.034,0.0549,19.0,75.0,35.5331,33.0,11.3311,1.0228,0.6158,7.0,15.0,0.0316,0.0402,0.02,0.0208,0.0303,0.0305,3.65,0.0303,DecisionTree,0.6602245149246092,0.667823197738058,0.6651316066462392,0.6639443434831475,0.6589654587816313,0.6639443434831475,0.6582923709843431,0.6648358771464146,0.6636561775582587
german,Age,1000.0,0.034,0.0549,19.0,75.0,35.5331,33.0,11.3311,1.0228,0.6158,7.0,15.0,0.0316,0.0402,0.02,0.0208,0.0303,0.0305,3.65,0.0303,LogisticRegression,0.637875770233504,0.6419922296199846,0.6363006873891608,0.637875770233504,0.637875770233504,0.637875770233504,0.637875770233504,0.6379584588260004,0.6407241434990537
german,Age,1000.0,0.034,0.0549,19.0,75.0,35.5331,33.0,11.3311,1.0228,0.6158,7.0,15.0,0.0316,0.0402,0.02,0.0208,0.0303,0.0305,3.65,0.0303,KNN,0.655585267142252,0.6592939493503671,0.6605724346214981,0.6547184320221595,0.6532420554172996,0.6532434262262277,0.6527230497078316,0.6587947318209086,0.6656538696207013
german,Age,1000.0,0.034,0.0549,19.0,75.0,35.5331,33.0,11.3311,1.0228,0.6158,7.0,15.0,0.0316,0.0402,0.02,0.0208,0.0303,0.0305,3.65,0.0303,RandomForest,0.6956378760323687,0.7008354053238226,0.694868221148393,0.6874667287564838,0.6992980176190905,0.6917781107866136,0.6824848031618271,0.6888660456218904,0.6920041747747954
german,Age,1000.0,0.034,0.0549,19.0,75.0,35.5331,33.0,11.3311,1.0228,0.6158,7.0,15.0,0.0316,0.0402,0.02,0.0208,0.0303,0.0305,3.65,0.0303,AdaBoost,0.6622731002601233,0.6519382080149037,0.6487721404626869,0.6558624891804066,0.6464516210839084,0.6501135273128195,0.6633054316736483,0.6635065839676859,0.6575542414934135
german,Age,1000.0,0.034,0.0549,19.0,75.0,35.5331,33.0,11.3311,1.0228,0.6158,7.0,15.0,0.0316,0.0402,0.02,0.0208,0.0303,0.0305,3.65,0.0303,SVC,0.5866071804226658,0.5866071804226658,0.5866071804226658,0.5866071804226658,0.5866071804226658,0.5866071804226658,0.5866071804226658,0.5866071804226658,0.5866071804226658
german,Credit_amount,1000.0,0.502,0.9598,276.0,18424.0,3401.4659,2295.5,3058.2544,1.8954,3.6879,1123.5,2788.0,0.0433,0.6578,0.0042,0.4934,0.0085,0.6525,6.1539,0.0,DecisionTree,0.6628824701918445,0.6313787767894097,0.6415578250228685,0.655960306219526,0.6516807698697433,0.6656241915073677,0.6437799176550285,0.6490631907134754,0.6704881189662442
german,Credit_amount,1000.0,0.502,0.9598,276.0,18424.0,3401.4659,2295.5,3058.2544,1.8954,3.6879,1123.5,2788.0,0.0433,0.6578,0.0042,0.4934,0.0085,0.6525,6.1539,0.0,LogisticRegression,0.6429690074521206,0.6428942788445466,0.6468471499677108,0.6504993790640226,0.6487167990387501,0.6465232501856977,0.6422415959460174,0.6428942788445466,0.6461406873381563
german,Credit_amount,1000.0,0.502,0.9598,276.0,18424.0,3401.4659,2295.5,3058.2544,1.8954,3.6879,1123.5,2788.0,0.0433,0.6578,0.0042,0.4934,0.0085,0.6525,6.1539,0.0,KNN,0.645449428500732,0.6405719396181911,0.6552567922496475,0.6550165089498807,0.6535192385656314,0.656167091032273,0.6483191257521709,0.6369566411869599,0.6504312379782557
german,Credit_amount,1000.0,0.502,0.9598,276.0,18424.0,3401.4659,2295.5,3058.2544,1.8954,3.6879,1123.5,2788.0,0.0433,0.6578,0.0042,0.4934,0.0085,0.6525,6.1539,0.0,RandomForest,0.6517798805996158,0.6742151598083214,0.6627038803355655,0.6616645184019823,0.6767346868031489,0.6561764713565698,0.6671593064527312,0.676618206570513,0.6685773063826128
german,Credit_amount,1000.0,0.502,0.9598,276.0,18424.0,3401.4659,2295.5,3058.2544,1.8954,3.6879,1123.5,2788.0,0.0433,0.6578,0.0042,0.4934,0.0085,0.6525,6.1539,0.0,AdaBoost,0.6507655735736866,0.6623334451378589,0.6393051723224649,0.6617298680465781,0.6520938698615824,0.6622190296099548,0.6515681458375961,0.6546467992837466,0.6514148426945547
german,Credit_amount,1000.0,0.502,0.9598,276.0,18424.0,3401.4659,2295.5,3058.2544,1.8954,3.6879,1123.5,2788.0,0.0433,0.6578,0.0042,0.4934,0.0085,0.6525,6.1539,0.0,SVC,0.5866071804226658,0.5866071804226658,0.5866071804226658,0.5866071804226658,0.5866071804226658,0.5866071804226658,0.5866071804226658,0.5866071804226658,0.5866071804226658
german,Credit_amount,1000.0,0.437,0.952,338.0,18424.0,3218.9023,2284.0,2822.1919,2.0652,5.0275,1083.0,2560.0,0.1107,0.5947,0.0633,0.4472,0.0902,0.6021,6.2659,0.0,DecisionTree,0.6465751889596993,0.6542757727278347,0.660450320347761,0.6453047822320674,0.6565301347472497,0.6356190375701063,0.6586818860575538,0.6681391955790308,0.6553936350944232
german,Credit_amount,1000.0,0.437,0.952,338.0,18424.0,3218.9023,2284.0,2822.1919,2.0652,5.0275,1083.0,2560.0,0.1107,0.5947,0.0633,0.4472,0.0902,0.6021,6.2659,0.0,LogisticRegression,0.6440988594678073,0.6408230790232401,0.6417587873916963,0.6416792966129159,0.6425207356743015,0.6425207356743015,0.6426934947390577,0.6408230790232401,0.641616241698705
german,Credit_amount,1000.0,0.437,0.952,338.0,18424.0,3218.9023,2284.0,2822.1919,2.0652,5.0275,1083.0,2560.0,0.1107,0.5947,0.0633,0.4472,0.0902,0.6021,6.2659,0.0,KNN,0.6478384517424683,0.647087629899743,0.6520209979232944,0.6484886091386254,0.6433915396025274,0.6468538595716393,0.6279083500293378,0.6445550406065761,0.6377919836150648
german,Credit_amount,1000.0,0.437,0.952,338.0,18424.0,3218.9023,2284.0,2822.1919,2.0652,5.0275,1083.0,2560.0,0.1107,0.5947,0.0633,0.4472,0.0902,0.6021,6.2659,0.0,RandomForest,0.6695910464687136,0.6692363058065174,0.6829019283384534,0.6720439995109833,0.6690274704567529,0.6700346127717801,0.6632747725870894,0.6735416177696649,0.6593736114439299
german,Credit_amount,1000.0,0.437,0.952,338.0,18424.0,3218.9023,2284.0,2822.1919,2.0652,5.0275,1083.0,2560.0,0.1107,0.5947,0.0633,0.4472,0.0902,0.6021,6.2659,0.0,AdaBoost,0.657851132447512,0.6530224008376392,0.6484160702799535,0.654209385034179,0.6649830265853955,0.6598020956429833,0.6631200018303849,0.6677780320354835,0.6634828750791631
german,Credit_amount,1000.0,0.437,0.952,338.0,18424.0,3218.9023,2284.0,2822.1919,2.0652,5.0275,1083.0,2560.0,0.1107,0.5947,0.0633,0.4472,0.0902,0.6021,6.2659,0.0,SVC,0.5866071804226658,0.5866071804226658,0.5866071804226658,0.5866071804226658,0.5866071804226658,0.5866071804226658,0.5866071804226658,0.5866071804226658,0.5866071804226658
german,Credit_amount,1000.0,0.409,0.956,276.0,18424.0,3445.5685,2384.0,2976.1819,1.8207,3.6073,1193.0,2902.0,0.0309,0.6422,0.0268,0.4894,0.0396,0.6545,6.3199,0.0,DecisionTree,0.6719861363369506,0.6588442330585467,0.669675690699541,0.664981239855031,0.6709458049038769,0.6694992513642674,0.6660206429988346,0.6607341377047149,0.6652082325151937
german,Credit_amount,1000.0,0.409,0.956,276.0,18424.0,3445.5685,2384.0,2976.1819,1.8207,3.6073,1193.0,2902.0,0.0309,0.6422,0.0268,0.4894,0.0396,0.6545,6.3199,0.0,LogisticRegression,0.6561673281321779,0.6590580399691133,0.6424639226461752,0.6465812225173444,0.6461184807394145,0.6465812225173444,0.6539720537039272,0.6590580399691133,0.6482863071496108
german,Credit_amount,1000.0,0.409,0.956,276.0,18424.0,3445.5685,2384.0,2976.1819,1.8207,3.6073,1193.0,2902.0,0.0309,0.6422,0.0268,0.4894,0.0396,0.6545,6.3199,0.0,KNN,0.6636907170540975,0.6573173698659774,0.6627878512864589,0.6554799882162958,0.6516813889090071,0.6503821615253313,0.6575881247567512,0.6552144535995523,0.6564537039908445
german,Credit_amount,1000.0,0.409,0.956,276.0,18424.0,3445.5685,2384.0,2976.1819,1.8207,3.6073,1193.0,2902.0,0.0309,0.6422,0.0268,0.4894,0.0396,0.6545,6.3199,0.0,RandomForest,0.674694537551229,0.6822329333819146,0.6909738128602128,0.6922127251157086,0.6847902915573328,0.6835000124868615,0.6783928313697948,0.6750865894749457,0.6843811635630352
german,Credit_amount,1000.0,0.409,0.956,276.0,18424.0,3445.5685,2384.0,2976.1819,1.8207,3.6073,1193.0,2902.0,0.0309,0.6422,0.0268,0.4894,0.0396,0.6545,6.3199,0.0,AdaBoost,0.6571065467654084,0.6550112484055606,0.6498993926377665,0.6568857247732501,0.6554277682392285,0.66332461052232,0.6642397738468628,0.6562617124160586,0.6645464693081565
german,Credit_amount,1000.0,0.409,0.956,276.0,18424.0,3445.5685,2384.0,2976.1819,1.8207,3.6073,1193.0,2902.0,0.0309,0.6422,0.0268,0.4894,0.0396,0.6545,6.3199,0.0,SVC,0.5866071804226658,0.5866071804226658,0.5866071804226658,0.5866071804226658,0.5866071804226658,0.5866071804226658,0.5866071804226658,0.5866071804226658,0.5866071804226658
german,Credit_amount,1000.0,0.364,0.945,338.0,15857.0,3297.1305,2327.5,2804.9582,1.8186,3.4675,1127.5,2670.25,0.0237,0.6441,0.0224,0.4702,0.035,0.634,6.3781,0.0,DecisionTree,0.6506578246869581,0.6500121292079556,0.664265747125524,0.6445672130068483,0.6478818363004654,0.6563258628176044,0.6565728707175709,0.6549592822207699,0.6528227797054648
german,Credit_amount,1000.0,0.364,0.945,338.0,15857.0,3297.1305,2327.5,2804.9582,1.8186,3.4675,1127.5,2670.25,0.0237,0.6441,0.0224,0.4702,0.035,0.634,6.3781,0.0,LogisticRegression,0.6367669092955277,0.6417127863742548,0.6334005344896063,0.639599887379039,0.6355086442295331,0.6370775306570797,0.6363240700749112,0.6417127863742548,0.6376979107567315
german,Credit_amount,1000.0,0.364,0.945,338.0,15857.0,3297.1305,2327.5,2804.9582,1.8186,3.4675,1127.5,2670.25,0.0237,0.6441,0.0224,0.4702,0.035,0.634,6.3781,0.0,KNN,0.6554479707269603,0.6458898119674258,0.6508960731469384,0.6461638386880513,0.6536486809108637,0.6443703756966263,0.6556797518145858,0.6483941660583018,0.647430513842259
german,Credit_amount,1000.0,0.364,0.945,338.0,15857.0,3297.1305,2327.5,2804.9582,1.8186,3.4675,1127.5,2670.25,0.0237,0.6441,0.0224,0.4702,0.035,0.634,6.3781,0.0,RandomForest,0.6750568061155129,0.6805061153977229,0.6862248196901942,0.6720410222688846,0.6756765287622901,0.6821087607324395,0.6747786647097158,0.6890346054959149,0.6914309879649843
german,Credit_amount,1000.0,0.364,0.945,338.0,15857.0,3297.1305,2327.5,2804.9582,1.8186,3.4675,1127.5,2670.25,0.0237,0.6441,0.0224,0.4702,0.035,0.634,6.3781,0.0,AdaBoost,0.657455106920055,0.647759073621091,0.6537673368079208,0.6398803157111912,0.6555786896023851,0.6539991155926353,0.6521893953294123,0.6653683531773448,0.6466439938101537
german,Credit_amount,1000.0,0.364,0.945,338.0,15857.0,3297.1305,2327.5,2804.9582,1.8186,3.4675,1127.5,2670.25,0.0237,0.6441,0.0224,0.4702,0.035,0.634,6.3781,0.0,SVC,0.5866071804226658,0.5866071804226658,0.5866071804226658,0.5866071804226658,0.5866071804226658,0.5866071804226658,0.5866071804226658,0.5866071804226658,0.5866071804226658
german,Credit_amount,1000.0,0.307,0.9278,250.0,18424.0,3222.0808,2299.0,2843.1071,2.0721,4.8992,1068.0,2567.0,0.0501,0.6053,0.0151,0.4578,0.0238,0.6143,6.4387,0.0,DecisionTree,0.6412728583766285,0.6593894783985779,0.6546954430379095,0.6612161839547377,0.650043322295711,0.6563672747884148,0.6537427313900523,0.6533717489684175,0.6506172088399581
german,Credit_amount,1000.0,0.307,0.9278,250.0,18424.0,3222.0808,2299.0,2843.1071,2.0721,4.8992,1068.0,2567.0,0.0501,0.6053,0.0151,0.4578,0.0238,0.6143,6.4387,0.0,LogisticRegression,0.6516992595910367,0.6501643360389808,0.6466801215741964,0.6436692705185324,0.6418404018713011,0.6417468379867836,0.6459538094755486,0.6501643360389808,0.6442919293502539
german,Credit_amount,1000.0,0.307,0.9278,250.0,18424.0,3222.0808,2299.0,2843.1071,2.0721,4.8992,1068.0,2567.0,0.0501,0.6053,0.0151,0.4578,0.0238,0.6143,6.4387,0.0,KNN,0.63951031018321,0.6528761037800974,0.6521025014127096,0.6502711603099993,0.6435411898718937,0.6492795594243961,0.6652981096588976,0.6509687799759576,0.6475064329098141
german,Credit_amount,1000.0,0.307,0.9278,250.0,18424.0,3222.0808,2299.0,2843.1071,2.0721,4.8992,1068.0,2567.0,0.0501,0.6053,0.0151,0.4578,0.0238,0.6143,6.4387,0.0,RandomForest,0.6714015558937934,0.6702856101476499,0.6733070558792864,0.6703836857507864,0.6686710681977039,0.6587059692475709,0.6728236889281066,0.6657197311255197,0.676468868354271
german,Credit_amount,1000.0,0.307,0.9278,250.0,18424.0,3222.0808,2299.0,2843.1071,2.0721,4.8992,1068.0,2567.0,0.0501,0.6053,0.0151,0.4578,0.0238,0.6143,6.4387,0.0,AdaBoost,0.6488447555121886,0.6436305202778803,0.6610448730525187,0.6542644774753898,0.6535657249032368,0.6683582682487658,0.6654218589024636,0.6564258262698172,0.6506031407769752
german,Credit_amount,1000.0,0.307,0.9278,250.0,18424.0,3222.0808,2299.0,2843.1071,2.0721,4.8992,1068.0,2567.0,0.0501,0.6053,0.0151,0.4578,0.0238,0.6143,6.4387,0.0,SVC,0.5866071804226658,0.5866071804226658,0.5866071804226658,0.5866071804226658,0.5866071804226658,0.5866071804226658,0.5866071804226658,0.5866071804226658,0.5866071804226658
german,Credit_amount,1000.0,0.25,0.9413,250.0,18424.0,3328.0547,2359.5,2845.3949,1.8945,4.0291,1124.5,2660.25,0.042,0.6641,0.03,0.4934,0.046,0.6586,6.5373,0.0,DecisionTree,0.6488320896789455,0.6429529275572421,0.657916883722168,0.648244315053682,0.6523492768959464,0.6624511917512558,0.6517255802906072,0.6485448671646737,0.6549908571336556
german,Credit_amount,1000.0,0.25,0.9413,250.0,18424.0,3328.0547,2359.5,2845.3949,1.8945,4.0291,1124.5,2660.25,0.042,0.6641,0.03,0.4934,0.046,0.6586,6.5373,0.0,LogisticRegression,0.6412145138544306,0.6460184762641841,0.6432888501333381,0.6417026910140169,0.6431920167310756,0.6403091962832412,0.6425215284388248,0.6446131115354343,0.6403334193074638
german,Credit_amount,1000.0,0.25,0.9413,250.0,18424.0,3328.0547,2359.5,2845.3949,1.8945,4.0291,1124.5,2660.25,0.042,0.6641,0.03,0.4934,0.046,0.6586,6.5373,0.0,KNN,0.6321865720994269,0.6451992490686511,0.6217239161327259,0.6371097196771599,0.6360681098621808,0.6354421290764741,0.6405400526781225,0.6445271643399626,0.6372693912916306
german,Credit_amount,1000.0,0.25,0.9413,250.0,18424.0,3328.0547,2359.5,2845.3949,1.8945,4.0291,1124.5,2660.25,0.042,0.6641,0.03,0.4934,0.046,0.6586,6.5373,0.0,RandomForest,0.6728519037758183,0.6754481097514503,0.6698079621644351,0.6754550944024629,0.676504862382394,0.6826310716437253,0.6817812605081798,0.6674396880949476,0.6908434381077552
german,Credit_amount,1000.0,0.25,0.9413,250.0,18424.0,3328.0547,2359.5,2845.3949,1.8945,4.0291,1124.5,2660.25,0.042,0.6641,0.03,0.4934,0.046,0.6586,6.5373,0.0,AdaBoost,0.659717993656679,0.656961522906788,0.6504134130530211,0.6604827087999796,0.6586721266871374,0.6609520493282456,0.6614912662371075,0.6523495386811698,0.6587859473642095
german,Credit_amount,1000.0,0.25,0.9413,250.0,18424.0,3328.0547,2359.5,2845.3949,1.8945,4.0291,1124.5,2660.25,0.042,0.6641,0.03,0.4934,0.046,0.6586,6.5373,0.0,SVC,0.5866071804226658,0.5866071804226658,0.5866071804226658,0.5866071804226658,0.5866071804226658,0.5866071804226658,0.5866071804226658,0.5866071804226658,0.5866071804226658
german,Credit_amount,1000.0,0.203,0.9297,250.0,18424.0,3326.5634,2384.0,2831.6456,1.915,4.2301,1160.0,2671.0,0.0658,0.607,0.0293,0.4602,0.0435,0.6188,6.5808,0.0,DecisionTree,0.6622086401249714,0.6585255207644382,0.6469445260712146,0.6619413512973982,0.666443336162868,0.6489654484793089,0.6670452231651971,0.661440723245577,0.6579210134823021
german,Credit_amount,1000.0,0.203,0.9297,250.0,18424.0,3326.5634,2384.0,2831.6456,1.915,4.2301,1160.0,2671.0,0.0658,0.607,0.0293,0.4602,0.0435,0.6188,6.5808,0.0,LogisticRegression,0.6372297599111089,0.6439079830353029,0.6390203141676444,0.6384439068957964,0.6395866816572564,0.6369143956676534,0.6386200177678139,0.6439079830353029,0.6390102743854085
german,Credit_amount,1000.0,0.203,0.9297,250.0,18424.0,3326.5634,2384.0,2831.6456,1.915,4.2301,1160.0,2671.0,0.0658,0.607,0.0293,0.4602,0.0435,0.6188,6.5808,0.0,KNN,0.6385865850712251,0.6309747641240792,0.6320960882493738,0.6448484297229262,0.6398352219018807,0.644480396653343,0.6366539874891219,0.6321786696633804,0.6440921437118858
german,Credit_amount,1000.0,0.203,0.9297,250.0,18424.0,3326.5634,2384.0,2831.6456,1.915,4.2301,1160.0,2671.0,0.0658,0.607,0.0293,0.4602,0.0435,0.6188,6.5808,0.0,RandomForest,0.6830200691950352,0.6722964818393361,0.6935071885432089,0.691572854185723,0.692352736286156,0.6761077338604501,0.6804354904117397,0.6812466917321753,0.6971790915288671
german,Credit_amount,1000.0,0.203,0.9297,250.0,18424.0,3326.5634,2384.0,2831.6456,1.915,4.2301,1160.0,2671.0,0.0658,0.607,0.0293,0.4602,0.0435,0.6188,6.5808,0.0,AdaBoost,0.6680910897752783,0.6615212256748437,0.6610144474924065,0.6630020573102651,0.6666387979604135,0.6582757018098006,0.6707100008584168,0.666664939605136,0.6694162758261908
german,Credit_amount,1000.0,0.203,0.9297,250.0,18424.0,3326.5634,2384.0,2831.6456,1.915,4.2301,1160.0,2671.0,0.0658,0.607,0.0293,0.4602,0.0435,0.6188,6.5808,0.0,SVC,0.5866071804226658,0.5866071804226658,0.5866071804226658,0.5866071804226658,0.5866071804226658,0.5866071804226658,0.5866071804226658,0.5866071804226658,0.5866071804226658
german,Credit_amount,1000.0,0.155,0.9349,250.0,18424.0,3264.9148,2302.0,2844.2866,1.9779,4.4482,1086.0,2601.0,0.0408,0.6218,0.0172,0.4677,0.0261,0.6252,6.6466,0.0,DecisionTree,0.6546873252627539,0.6592032961287472,0.6514924128913175,0.6536967916956995,0.6495141523215435,0.655800622437652,0.6455189819267844,0.6592267285274647,0.6541647749223412
german,Credit_amount,1000.0,0.155,0.9349,250.0,18424.0,3264.9148,2302.0,2844.2866,1.9779,4.4482,1086.0,2601.0,0.0408,0.6218,0.0172,0.4677,0.0261,0.6252,6.6466,0.0,LogisticRegression,0.6482295255187374,0.6477305132896227,0.6480369450623813,0.650093443891421,0.6482318094938346,0.650093443891421,0.6478663818386499,0.6477305132896227,0.6496587277297683
german,Credit_amount,1000.0,0.155,0.9349,250.0,18424.0,3264.9148,2302.0,2844.2866,1.9779,4.4482,1086.0,2601.0,0.0408,0.6218,0.0172,0.4677,0.0261,0.6252,6.6466,0.0,KNN,0.6522936107678512,0.660684534957557,0.6470248379030121,0.6433680003240693,0.6422529526840428,0.6479861770563593,0.6488400787557035,0.6603742485254311,0.6415947544094777
german,Credit_amount,1000.0,0.155,0.9349,250.0,18424.0,3264.9148,2302.0,2844.2866,1.9779,4.4482,1086.0,2601.0,0.0408,0.6218,0.0172,0.4677,0.0261,0.6252,6.6466,0.0,RandomForest,0.6866627273595213,0.6784392982873618,0.6796992575593838,0.6708211183924546,0.6762044618191262,0.6739293148831191,0.6804318344367449,0.6896163416554703,0.6756748728161678
german,Credit_amount,1000.0,0.155,0.9349,250.0,18424.0,3264.9148,2302.0,2844.2866,1.9779,4.4482,1086.0,2601.0,0.0408,0.6218,0.0172,0.4677,0.0261,0.6252,6.6466,0.0,AdaBoost,0.656821959905483,0.6561696998962439,0.656981358967439,0.6534216804372128,0.6613118182448251,0.6507561133878157,0.6576564216767627,0.6559429049361487,0.6553927081537712
german,Credit_amount,1000.0,0.155,0.9349,250.0,18424.0,3264.9148,2302.0,2844.2866,1.9779,4.4482,1086.0,2601.0,0.0408,0.6218,0.0172,0.4677,0.0261,0.6252,6.6466,0.0,SVC,0.5866071804226658,0.5866071804226658,0.5866071804226658,0.5866071804226658,0.5866071804226658,0.5866071804226658,0.5866071804226658,0.5866071804226658,0.5866071804226658
german,Credit_amount,1000.0,0.097,0.9302,250.0,18424.0,3239.0642,2299.0,2784.9302,1.9434,4.2957,1087.0,2612.5,0.0538,0.6224,0.0381,0.4651,0.0566,0.6256,6.7067,0.0,DecisionTree,0.651405462278646,0.6613428060273849,0.6615099273694188,0.6486688909460055,0.6501647745925972,0.6550638041615137,0.6528258503433203,0.6590425548944995,0.6441103211016315
german,Credit_amount,1000.0,0.097,0.9302,250.0,18424.0,3239.0642,2299.0,2784.9302,1.9434,4.2957,1087.0,2612.5,0.0538,0.6224,0.0381,0.4651,0.0566,0.6256,6.7067,0.0,LogisticRegression,0.6381211990152739,0.6380082615430323,0.6336222726288832,0.6369290499205933,0.6369290499205933,0.6369290499205933,0.6375646025900388,0.6380082615430323,0.6369784801906095
german,Credit_amount,1000.0,0.097,0.9302,250.0,18424.0,3239.0642,2299.0,2784.9302,1.9434,4.2957,1087.0,2612.5,0.0538,0.6224,0.0381,0.4651,0.0566,0.6256,6.7067,0.0,KNN,0.6435378396490505,0.6509422220079113,0.638515888913875,0.6427254480637588,0.6430737980663912,0.6442934595611625,0.6414088557397217,0.6515882902135195,0.6440874975012572
german,Credit_amount,1000.0,0.097,0.9302,250.0,18424.0,3239.0642,2299.0,2784.9302,1.9434,4.2957,1087.0,2612.5,0.0538,0.6224,0.0381,0.4651,0.0566,0.6256,6.7067,0.0,RandomForest,0.6869945226601819,0.6934761556601464,0.6929769009067004,0.6939549046005894,0.6845723347264152,0.6911602649380183,0.6896279971932108,0.6913773208897189,0.6881201886937085
german,Credit_amount,1000.0,0.097,0.9302,250.0,18424.0,3239.0642,2299.0,2784.9302,1.9434,4.2957,1087.0,2612.5,0.0538,0.6224,0.0381,0.4651,0.0566,0.6256,6.7067,0.0,AdaBoost,0.6502347614230697,0.6474513603201087,0.6484528744404859,0.6550690947513178,0.6495372886800022,0.6540484437194606,0.6499120601229726,0.6612605012468505,0.6493701520895587
german,Credit_amount,1000.0,0.097,0.9302,250.0,18424.0,3239.0642,2299.0,2784.9302,1.9434,4.2957,1087.0,2612.5,0.0538,0.6224,0.0381,0.4651,0.0566,0.6256,6.7067,0.0,SVC,0.5866071804226658,0.5866071804226658,0.5866071804226658,0.5866071804226658,0.5866071804226658,0.5866071804226658,0.5866071804226658,0.5866071804226658,0.5866071804226658
german,Credit_amount,1000.0,0.062,0.9222,250.0,18424.0,3299.0565,2319.5,2863.8231,1.934,4.1538,1105.0,2640.25,0.0321,0.6258,0.0159,0.4646,0.0244,0.6228,6.7331,0.0,DecisionTree,0.6573917516891079,0.6660626262086655,0.6666748264522803,0.6481770215411837,0.6573852150274333,0.6508285017823343,0.660645330845143,0.6640611010693742,0.6504407522841185
german,Credit_amount,1000.0,0.062,0.9222,250.0,18424.0,3299.0565,2319.5,2863.8231,1.934,4.1538,1105.0,2640.25,0.0321,0.6258,0.0159,0.4646,0.0244,0.6228,6.7331,0.0,LogisticRegression,0.6437405593922939,0.6524826828833296,0.6445344954608955,0.6444653077488836,0.6450502842390827,0.6450502842390827,0.6437405593922939,0.6524826828833296,0.6450502842390827
german,Credit_amount,1000.0,0.062,0.9222,250.0,18424.0,3299.0565,2319.5,2863.8231,1.934,4.1538,1105.0,2640.25,0.0321,0.6258,0.0159,0.4646,0.0244,0.6228,6.7331,0.0,KNN,0.6529459557218458,0.6477949333587761,0.6457764581401919,0.652654850179577,0.6545168590185814,0.6532397137565618,0.6497740664393783,0.6477949333587761,0.6532341123072014
german,Credit_amount,1000.0,0.062,0.9222,250.0,18424.0,3299.0565,2319.5,2863.8231,1.934,4.1538,1105.0,2640.25,0.0321,0.6258,0.0159,0.4646,0.0244,0.6228,6.7331,0.0,RandomForest,0.7016188406352062,0.6888750101136004,0.6994585097452645,0.6987757800257679,0.687924319180818,0.6965728323827778,0.6960461437041214,0.6863431713554698,0.694676977825859
german,Credit_amount,1000.0,0.062,0.9222,250.0,18424.0,3299.0565,2319.5,2863.8231,1.934,4.1538,1105.0,2640.25,0.0321,0.6258,0.0159,0.4646,0.0244,0.6228,6.7331,0.0,AdaBoost,0.6606363674530455,0.6750237597199469,0.6681881818818389,0.661577156289622,0.6561422300922451,0.6589472887700268,0.663047754385134,0.6702379519616839,0.6587116673759078
german,Credit_amount,1000.0,0.062,0.9222,250.0,18424.0,3299.0565,2319.5,2863.8231,1.934,4.1538,1105.0,2640.25,0.0321,0.6258,0.0159,0.4646,0.0244,0.6228,6.7331,0.0,SVC,0.5866071804226658,0.5866071804226658,0.5866071804226658,0.5866071804226658,0.5866071804226658,0.5866071804226658,0.5866071804226658,0.5866071804226658,0.5866071804226658
german,Duration,1000.0,0.496,0.0536,4.0,60.0,21.1885,18.0,11.9986,1.0138,0.7098,6.0,12.0,0.0718,0.633,0.045,0.4655,0.0639,0.6229,2.594,0.1269,DecisionTree,0.6281722735911484,0.6234928945985685,0.6614530626394222,0.6311224995241441,0.6661188817213126,0.6490444273872233,0.6367822715294462,0.6180187591568101,0.6308739812765412
german,Duration,1000.0,0.496,0.0536,4.0,60.0,21.1885,18.0,11.9986,1.0138,0.7098,6.0,12.0,0.0718,0.633,0.045,0.4655,0.0639,0.6229,2.594,0.1269,LogisticRegression,0.6345170771732914,0.6309857365446024,0.6365008435316941,0.6336401361126949,0.6313297902284233,0.6305865680522416,0.6416389724653698,0.6369291552653414,0.6266185921213192
german,Duration,1000.0,0.496,0.0536,4.0,60.0,21.1885,18.0,11.9986,1.0138,0.7098,6.0,12.0,0.0718,0.633,0.045,0.4655,0.0639,0.6229,2.594,0.1269,KNN,0.6584510264454652,0.6419757729825106,0.6452783477686364,0.6499474068199718,0.6458864572961942,0.6583036540921301,0.6604939703829524,0.6698268390928028,0.6391308725835199
german,Duration,1000.0,0.496,0.0536,4.0,60.0,21.1885,18.0,11.9986,1.0138,0.7098,6.0,12.0,0.0718,0.633,0.045,0.4655,0.0639,0.6229,2.594,0.1269,RandomForest,0.6756878891059253,0.6631011853416271,0.6735753957261894,0.679961553241869,0.669814399110542,0.6654387785343552,0.6775870427257954,0.6651898605932598,0.6751425878198772
german,Duration,1000.0,0.496,0.0536,4.0,60.0,21.1885,18.0,11.9986,1.0138,0.7098,6.0,12.0,0.0718,0.633,0.045,0.4655,0.0639,0.6229,2.594,0.1269,AdaBoost,0.662298662825535,0.6499801998401009,0.6747705936760044,0.6483468815364481,0.6576614622990334,0.6422558503057639,0.6510293804329679,0.6530429669476302,0.6501406133500431
german,Duration,1000.0,0.496,0.0536,4.0,60.0,21.1885,18.0,11.9986,1.0138,0.7098,6.0,12.0,0.0718,0.633,0.045,0.4655,0.0639,0.6229,2.594,0.1269,SVC,0.5866071804226658,0.5866071804226658,0.5866071804226658,0.5866071804226658,0.5866071804226658,0.5866071804226658,0.5866071804226658,0.5866071804226658,0.5866071804226658
german,Duration,1000.0,0.443,0.0539,4.0,72.0,20.7271,18.0,12.1563,1.1456,1.1021,6.0,12.0,0.0815,0.648,0.0666,0.4726,0.0945,0.6347,2.576,0.1088,DecisionTree,0.6404224594801128,0.6507385857354154,0.633463666173887,0.6356081995237004,0.6240210277929661,0.6365991708762646,0.6423404629224222,0.6402555385810774,0.636003819608363
german,Duration,1000.0,0.443,0.0539,4.0,72.0,20.7271,18.0,12.1563,1.1456,1.1021,6.0,12.0,0.0815,0.648,0.0666,0.4726,0.0945,0.6347,2.576,0.1088,LogisticRegression,0.6340737807111652,0.6362790815366406,0.6309958770309427,0.6438006560074726,0.642551783720251,0.6444695166341518,0.6357927633732547,0.6292554799095419,0.6414332918962163
german,Duration,1000.0,0.443,0.0539,4.0,72.0,20.7271,18.0,12.1563,1.1456,1.1021,6.0,12.0,0.0815,0.648,0.0666,0.4726,0.0945,0.6347,2.576,0.1088,KNN,0.6549071688994035,0.6567655831926118,0.653427077190482,0.652029169355915,0.642617189315853,0.6606959912491461,0.6429824198538692,0.6445706362544441,0.6605841913728622
german,Duration,1000.0,0.443,0.0539,4.0,72.0,20.7271,18.0,12.1563,1.1456,1.1021,6.0,12.0,0.0815,0.648,0.0666,0.4726,0.0945,0.6347,2.576,0.1088,RandomForest,0.6735530713466551,0.6728233913311985,0.6678375056935016,0.6832389636088788,0.6828509274656052,0.6742732262473597,0.6808383886971081,0.6650808744807074,0.6760191355656123
german,Duration,1000.0,0.443,0.0539,4.0,72.0,20.7271,18.0,12.1563,1.1456,1.1021,6.0,12.0,0.0815,0.648,0.0666,0.4726,0.0945,0.6347,2.576,0.1088,AdaBoost,0.631865590827911,0.6392105584508413,0.6363003436686635,0.6473312030182952,0.6371291457193349,0.6449152506507435,0.6465552462677123,0.6551233654156863,0.6525848689296356
german,Duration,1000.0,0.443,0.0539,4.0,72.0,20.7271,18.0,12.1563,1.1456,1.1021,6.0,12.0,0.0815,0.648,0.0666,0.4726,0.0945,0.6347,2.576,0.1088,SVC,0.5866071804226658,0.5866071804226658,0.5866071804226658,0.5866071804226658,0.5866071804226658,0.5866071804226658,0.5866071804226658,0.5866071804226658,0.5866071804226658
german,Duration,1000.0,0.384,0.0519,4.0,72.0,21.1429,18.0,11.9637,1.0576,0.86,6.0,12.0,0.0229,0.5785,0.0182,0.444,0.0268,0.5991,2.6002,0.0956,DecisionTree,0.6383551721008902,0.675425068809866,0.6563262895145319,0.6520814754011393,0.6608197984504238,0.653119965279821,0.629277214054239,0.6389377058273781,0.6607078308796749
german,Duration,1000.0,0.384,0.0519,4.0,72.0,21.1429,18.0,11.9637,1.0576,0.86,6.0,12.0,0.0229,0.5785,0.0182,0.444,0.0268,0.5991,2.6002,0.0956,LogisticRegression,0.6501635535424479,0.6384427248033889,0.6430902671062079,0.6463730465417535,0.6475426799195899,0.6453505576058615,0.6389839348028727,0.6608655086783404,0.6413243619764015
german,Duration,1000.0,0.384,0.0519,4.0,72.0,21.1429,18.0,11.9637,1.0576,0.86,6.0,12.0,0.0229,0.5785,0.0182,0.444,0.0268,0.5991,2.6002,0.0956,KNN,0.6508356144819163,0.6496011360262098,0.6602236241511533,0.6604294502737913,0.6642754586341835,0.654258434434459,0.6571519045123243,0.6389862642217934,0.6517989126804404
german,Duration,1000.0,0.384,0.0519,4.0,72.0,21.1429,18.0,11.9637,1.0576,0.86,6.0,12.0,0.0229,0.5785,0.0182,0.444,0.0268,0.5991,2.6002,0.0956,RandomForest,0.6837868207064806,0.6857711107693699,0.6698224143360441,0.6857544266531892,0.6846853551595258,0.6786846691197311,0.6789299647020458,0.6735713701850915,0.6788781671347698
german,Duration,1000.0,0.384,0.0519,4.0,72.0,21.1429,18.0,11.9637,1.0576,0.86,6.0,12.0,0.0229,0.5785,0.0182,0.444,0.0268,0.5991,2.6002,0.0956,AdaBoost,0.6543070968825511,0.6712745200156685,0.6598569490883157,0.6584831213851763,0.6573160236115206,0.6576286613671742,0.6504670845739973,0.6515820576297596,0.6473330944709653
german,Duration,1000.0,0.384,0.0519,4.0,72.0,21.1429,18.0,11.9637,1.0576,0.86,6.0,12.0,0.0229,0.5785,0.0182,0.444,0.0268,0.5991,2.6002,0.0956,SVC,0.5866071804226658,0.5866071804226658,0.5866071804226658,0.5866071804226658,0.5866071804226658,0.5866071804226658,0.5866071804226658,0.5866071804226658,0.5866071804226658
german,Duration,1000.0,0.355,0.0496,4.0,72.0,20.8109,18.0,12.0687,1.1396,1.0679,6.0,12.0,0.0126,0.6137,0.0037,0.4708,0.005,0.629,2.5913,0.0957,DecisionTree,0.6342237918686028,0.6543860011354583,0.6310981578931019,0.6462278929473644,0.6481544269604471,0.6475704452159612,0.6381843837081094,0.6398767796865679,0.6529190600585801
german,Duration,1000.0,0.355,0.0496,4.0,72.0,20.8109,18.0,12.0687,1.1396,1.0679,6.0,12.0,0.0126,0.6137,0.0037,0.4708,0.005,0.629,2.5913,0.0957,LogisticRegression,0.6383398653635375,0.6373120607757297,0.6372999825987335,0.6409015130242524,0.6357813675854431,0.6451063321018153,0.6447945761125621,0.6546901361403827,0.6374126246740872
german,Duration,1000.0,0.355,0.0496,4.0,72.0,20.8109,18.0,12.0687,1.1396,1.0679,6.0,12.0,0.0126,0.6137,0.0037,0.4708,0.005,0.629,2.5913,0.0957,KNN,0.6604167761209387,0.6281455603577581,0.6563304525716793,0.6582854654706174,0.6593274256823647,0.6489356652160558,0.6453745045772278,0.6462082950940886,0.6254483783533991
german,Duration,1000.0,0.355,0.0496,4.0,72.0,20.8109,18.0,12.0687,1.1396,1.0679,6.0,12.0,0.0126,0.6137,0.0037,0.4708,0.005,0.629,2.5913,0.0957,RandomForest,0.6670417051898467,0.6735641856914365,0.6744591388490447,0.6649133674862513,0.674624590407743,0.6751647487109836,0.671492072625258,0.6704572585899982,0.664697632689065
german,Duration,1000.0,0.355,0.0496,4.0,72.0,20.8109,18.0,12.0687,1.1396,1.0679,6.0,12.0,0.0126,0.6137,0.0037,0.4708,0.005,0.629,2.5913,0.0957,AdaBoost,0.6424913086937304,0.6356478260731524,0.6453124625208257,0.6422158442443595,0.6470329147610729,0.6347343559855401,0.6478455905507786,0.6353163317070094,0.6525583307339999
german,Duration,1000.0,0.355,0.0496,4.0,72.0,20.8109,18.0,12.0687,1.1396,1.0679,6.0,12.0,0.0126,0.6137,0.0037,0.4708,0.005,0.629,2.5913,0.0957,SVC,0.5866071804226658,0.5866071804226658,0.5866071804226658,0.5866071804226658,0.5866071804226658,0.5866071804226658,0.5866071804226658,0.5866071804226658,0.5866071804226658
german,Duration,1000.0,0.31,0.0464,4.0,72.0,21.5826,18.0,12.4408,1.0614,0.8338,6.0,14.75,0.0208,0.6525,0.0218,0.4827,0.0312,0.6442,2.5974,0.0961,DecisionTree,0.6313215081747527,0.6454849989789606,0.6287422872075927,0.6298350134469217,0.6349971581606203,0.61767556982757,0.626083030854759,0.6336569149546354,0.6209189108512694
german,Duration,1000.0,0.31,0.0464,4.0,72.0,21.5826,18.0,12.4408,1.0614,0.8338,6.0,14.75,0.0208,0.6525,0.0218,0.4827,0.0312,0.6442,2.5974,0.0961,LogisticRegression,0.6229914746192458,0.6119496421862749,0.6242605962565656,0.6266242608515048,0.6261083591691786,0.6238612779090547,0.6228437824963077,0.6271243651264877,0.6180714461001862
german,Duration,1000.0,0.31,0.0464,4.0,72.0,21.5826,18.0,12.4408,1.0614,0.8338,6.0,14.75,0.0208,0.6525,0.0218,0.4827,0.0312,0.6442,2.5974,0.0961,KNN,0.6460033973767978,0.6406856508598335,0.6393249316155377,0.6429464112313996,0.638957263859605,0.6446515133720214,0.6379351595788596,0.6472029767329595,0.6444954845699145
german,Duration,1000.0,0.31,0.0464,4.0,72.0,21.5826,18.0,12.4408,1.0614,0.8338,6.0,14.75,0.0208,0.6525,0.0218,0.4827,0.0312,0.6442,2.5974,0.0961,RandomForest,0.6776461820741145,0.6736192962460931,0.6773940483791325,0.6738298023459441,0.6737427065382118,0.6735704234692104,0.6674042377012769,0.6613019029921863,0.6823220548367802
german,Duration,1000.0,0.31,0.0464,4.0,72.0,21.5826,18.0,12.4408,1.0614,0.8338,6.0,14.75,0.0208,0.6525,0.0218,0.4827,0.0312,0.6442,2.5974,0.0961,AdaBoost,0.6355284096505409,0.6417165377020796,0.6313396237327007,0.6427921831880601,0.6379291601802863,0.6334719764483152,0.6315030456857897,0.6415221656504551,0.6292945031874058
german,Duration,1000.0,0.31,0.0464,4.0,72.0,21.5826,18.0,12.4408,1.0614,0.8338,6.0,14.75,0.0208,0.6525,0.0218,0.4827,0.0312,0.6442,2.5974,0.0961,SVC,0.5866071804226658,0.5866071804226658,0.5866071804226658,0.5866071804226658,0.5866071804226658,0.5866071804226658,0.5866071804226658,0.5866071804226658,0.5866071804226658
german,Duration,1000.0,0.245,0.0424,4.0,72.0,20.7113,18.0,11.8459,1.1061,1.0061,6.0,12.0,0.0343,0.6343,0.0132,0.4613,0.0187,0.6184,2.593,0.0924,DecisionTree,0.6541696632800406,0.6544218241802122,0.6645842863365683,0.6747017192459872,0.6710493273099071,0.6776263389318298,0.6693603974141098,0.6645473403562859,0.6585470434548453
german,Duration,1000.0,0.245,0.0424,4.0,72.0,20.7113,18.0,11.8459,1.1061,1.0061,6.0,12.0,0.0343,0.6343,0.0132,0.4613,0.0187,0.6184,2.593,0.0924,LogisticRegression,0.6546938634565967,0.6476555113471704,0.6655997233837125,0.6554426471631715,0.655969365623332,0.660287353352441,0.6541503005603667,0.6545510654454708,0.6606493386102202
german,Duration,1000.0,0.245,0.0424,4.0,72.0,20.7113,18.0,11.8459,1.1061,1.0061,6.0,12.0,0.0343,0.6343,0.0132,0.4613,0.0187,0.6184,2.593,0.0924,KNN,0.6475798637845028,0.6374819880103684,0.6335996794075889,0.6523081606232598,0.649548467693557,0.6492921498763164,0.6451333206656051,0.6380819742721119,0.6530821279942174
german,Duration,1000.0,0.245,0.0424,4.0,72.0,20.7113,18.0,11.8459,1.1061,1.0061,6.0,12.0,0.0343,0.6343,0.0132,0.4613,0.0187,0.6184,2.593,0.0924,RandomForest,0.6916653444201893,0.6926349903213961,0.6873052247030129,0.6803682303296739,0.6842480294950195,0.6779148477960528,0.6789254859780335,0.6873715777162529,0.6882226513097442
german,Duration,1000.0,0.245,0.0424,4.0,72.0,20.7113,18.0,11.8459,1.1061,1.0061,6.0,12.0,0.0343,0.6343,0.0132,0.4613,0.0187,0.6184,2.593,0.0924,AdaBoost,0.6667536377396077,0.6506152744306702,0.6693981787409851,0.6539206617982738,0.662736493122458,0.6591041355258147,0.661359585534034,0.6569978112755757,0.659787954007176
german,Duration,1000.0,0.245,0.0424,4.0,72.0,20.7113,18.0,11.8459,1.1061,1.0061,6.0,12.0,0.0343,0.6343,0.0132,0.4613,0.0187,0.6184,2.593,0.0924,SVC,0.5866071804226658,0.5866071804226658,0.5866071804226658,0.5866071804226658,0.5866071804226658,0.5866071804226658,0.5866071804226658,0.5866071804226658,0.5866071804226658
german,Duration,1000.0,0.2,0.04,4.0,72.0,20.8512,18.0,11.9531,1.1369,1.0872,6.0,12.0,0.0171,0.6221,0.0225,0.4517,0.0322,0.6086,2.5869,0.0968,DecisionTree,0.640162799027209,0.6397019297222077,0.6328110688478944,0.6330402442785189,0.6318252944920815,0.6380090253759834,0.6409725244626368,0.639460462537559,0.636015476001817
german,Duration,1000.0,0.2,0.04,4.0,72.0,20.8512,18.0,11.9531,1.1369,1.0872,6.0,12.0,0.0171,0.6221,0.0225,0.4517,0.0322,0.6086,2.5869,0.0968,LogisticRegression,0.6408001543571185,0.6347486673790763,0.6367066130166118,0.6401139301266902,0.6370373662492742,0.6409618675926263,0.6408008206854388,0.642823867939721,0.6369256630047475
german,Duration,1000.0,0.2,0.04,4.0,72.0,20.8512,18.0,11.9531,1.1369,1.0872,6.0,12.0,0.0171,0.6221,0.0225,0.4517,0.0322,0.6086,2.5869,0.0968,KNN,0.6588494213766694,0.6363902336045334,0.6576577821356664,0.6507840937916343,0.6533910410414898,0.6457125099458085,0.6620069397611765,0.6584575993843065,0.6458627805156165
german,Duration,1000.0,0.2,0.04,4.0,72.0,20.8512,18.0,11.9531,1.1369,1.0872,6.0,12.0,0.0171,0.6221,0.0225,0.4517,0.0322,0.6086,2.5869,0.0968,RandomForest,0.68063104804708,0.6802814845273785,0.6749040148125768,0.6790498412895767,0.6760354900721232,0.6828188676556284,0.6742564682508139,0.6827183762877358,0.6829389131122807
german,Duration,1000.0,0.2,0.04,4.0,72.0,20.8512,18.0,11.9531,1.1369,1.0872,6.0,12.0,0.0171,0.6221,0.0225,0.4517,0.0322,0.6086,2.5869,0.0968,AdaBoost,0.6324899855932609,0.644507192428059,0.6530316231495625,0.6565656691802231,0.6498208247154218,0.6481749911881963,0.6401759406181808,0.6457302132966056,0.6596948493497063
german,Duration,1000.0,0.2,0.04,4.0,72.0,20.8512,18.0,11.9531,1.1369,1.0872,6.0,12.0,0.0171,0.6221,0.0225,0.4517,0.0322,0.6086,2.5869,0.0968,SVC,0.5866071804226658,0.5866071804226658,0.5866071804226658,0.5866071804226658,0.5866071804226658,0.5866071804226658,0.5866071804226658,0.5866071804226658,0.5866071804226658
german,Duration,1000.0,0.152,0.0377,4.0,60.0,20.8491,18.0,12.0086,1.0724,0.7734,6.0,12.0,0.0344,0.6281,0.0305,0.4719,0.044,0.6324,2.6005,0.0933,DecisionTree,0.6699609470746322,0.646047426474515,0.6592784128892125,0.6898977427834148,0.6690014278948174,0.6844694841611219,0.6601848323298726,0.654510008344761,0.6553531440771238
german,Duration,1000.0,0.152,0.0377,4.0,60.0,20.8491,18.0,12.0086,1.0724,0.7734,6.0,12.0,0.0344,0.6281,0.0305,0.4719,0.044,0.6324,2.6005,0.0933,LogisticRegression,0.640225678704071,0.643374257056283,0.6324081060493015,0.638554713916049,0.6311534994396918,0.6411532285035711,0.6379788137050448,0.6406476711027728,0.6431452019076633
german,Duration,1000.0,0.152,0.0377,4.0,60.0,20.8491,18.0,12.0086,1.0724,0.7734,6.0,12.0,0.0344,0.6281,0.0305,0.4719,0.044,0.6324,2.6005,0.0933,KNN,0.6552418680724655,0.6470639154586744,0.6574097315454709,0.6477423584767044,0.6513775793914752,0.6590171441270192,0.6545563642474778,0.6576769545219189,0.6573308984480153
german,Duration,1000.0,0.152,0.0377,4.0,60.0,20.8491,18.0,12.0086,1.0724,0.7734,6.0,12.0,0.0344,0.6281,0.0305,0.4719,0.044,0.6324,2.6005,0.0933,RandomForest,0.6849601795239109,0.6802751051498552,0.6800935197283354,0.6828571575689655,0.669444323433404,0.6774659404567516,0.6811106618097094,0.6746339733152417,0.6729346243252075
german,Duration,1000.0,0.152,0.0377,4.0,60.0,20.8491,18.0,12.0086,1.0724,0.7734,6.0,12.0,0.0344,0.6281,0.0305,0.4719,0.044,0.6324,2.6005,0.0933,AdaBoost,0.6560502912473043,0.6651798534271582,0.6491281671384387,0.6552509529232728,0.651887090199721,0.6533750697931002,0.6455330596492697,0.6581287752990648,0.6416613316654334
german,Duration,1000.0,0.152,0.0377,4.0,60.0,20.8491,18.0,12.0086,1.0724,0.7734,6.0,12.0,0.0344,0.6281,0.0305,0.4719,0.044,0.6324,2.6005,0.0933,SVC,0.5866071804226658,0.5866071804226658,0.5866071804226658,0.5866071804226658,0.5866071804226658,0.5866071804226658,0.5866071804226658,0.5866071804226658,0.5866071804226658
german,Duration,1000.0,0.097,0.0365,4.0,72.0,21.0188,18.0,12.0204,1.0544,0.7881,6.0,12.0,0.0493,0.6317,0.0333,0.4688,0.0477,0.6289,2.6075,0.0912,DecisionTree,0.6619669241187957,0.6535205689688466,0.6639224672507099,0.6767163147693782,0.6788483058622352,0.6798775691794161,0.6503051843003891,0.6503689498737228,0.6543663013730979
german,Duration,1000.0,0.097,0.0365,4.0,72.0,21.0188,18.0,12.0204,1.0544,0.7881,6.0,12.0,0.0493,0.6317,0.0333,0.4688,0.0477,0.6289,2.6075,0.0912,LogisticRegression,0.6474793145264126,0.6464853110718065,0.6410673368635076,0.6489183570034651,0.6468722375435244,0.6495091090103557,0.6460871669420843,0.6411694549131054,0.6491455038268519
german,Duration,1000.0,0.097,0.0365,4.0,72.0,21.0188,18.0,12.0204,1.0544,0.7881,6.0,12.0,0.0493,0.6317,0.0333,0.4688,0.0477,0.6289,2.6075,0.0912,KNN,0.6557052410049932,0.6494524862938754,0.6472214906169725,0.6490871133409879,0.6516995769926728,0.6581034493290042,0.6528319487433116,0.6491903379287185,0.6503578768615835
german,Duration,1000.0,0.097,0.0365,4.0,72.0,21.0188,18.0,12.0204,1.0544,0.7881,6.0,12.0,0.0493,0.6317,0.0333,0.4688,0.0477,0.6289,2.6075,0.0912,RandomForest,0.6913372072486975,0.7034347617917496,0.6956956845790935,0.6852796251240382,0.6993709191188415,0.688786059583955,0.6924735368451214,0.6787835396629464,0.6875950074077751
german,Duration,1000.0,0.097,0.0365,4.0,72.0,21.0188,18.0,12.0204,1.0544,0.7881,6.0,12.0,0.0493,0.6317,0.0333,0.4688,0.0477,0.6289,2.6075,0.0912,AdaBoost,0.6516612483435729,0.6649607301291266,0.6558110233717827,0.6524759383003047,0.6562649325605807,0.6591328393605507,0.6548657649353936,0.6641097133954462,0.6577494734664373
german,Duration,1000.0,0.097,0.0365,4.0,72.0,21.0188,18.0,12.0204,1.0544,0.7881,6.0,12.0,0.0493,0.6317,0.0333,0.4688,0.0477,0.6289,2.6075,0.0912,SVC,0.5866071804226658,0.5866071804226658,0.5866071804226658,0.5866071804226658,0.5866071804226658,0.5866071804226658,0.5866071804226658,0.5866071804226658,0.5866071804226658
german,Duration,1000.0,0.056,0.035,4.0,72.0,20.9703,18.0,12.0764,1.0922,0.8932,6.0,12.0,0.0327,0.6267,0.0242,0.4652,0.035,0.6244,2.6206,0.0914,DecisionTree,0.6537640105127358,0.6484199551978247,0.6581276082910509,0.6571833937140465,0.6522726768042504,0.6510924080462049,0.6441237374333622,0.6558616984363003,0.6510904428632293
german,Duration,1000.0,0.056,0.035,4.0,72.0,20.9703,18.0,12.0764,1.0922,0.8932,6.0,12.0,0.0327,0.6267,0.0242,0.4652,0.035,0.6244,2.6206,0.0914,LogisticRegression,0.6469830913455579,0.648563131245758,0.64332627002274,0.6413161053217474,0.642971410852483,0.6442978393315208,0.6439048851056491,0.6502304767481062,0.6483875242426879
german,Duration,1000.0,0.056,0.035,4.0,72.0,20.9703,18.0,12.0764,1.0922,0.8932,6.0,12.0,0.0327,0.6267,0.0242,0.4652,0.035,0.6244,2.6206,0.0914,KNN,0.6525804548234115,0.6530836507149615,0.6576588880087189,0.6511918402172845,0.6509688126948745,0.6535968521849262,0.6491431342760076,0.6417381406693176,0.6523380470487689
german,Duration,1000.0,0.056,0.035,4.0,72.0,20.9703,18.0,12.0764,1.0922,0.8932,6.0,12.0,0.0327,0.6267,0.0242,0.4652,0.035,0.6244,2.6206,0.0914,RandomForest,0.6919837375842589,0.6889275689928406,0.6882801254916643,0.697381307478189,0.6944806674178309,0.6990472911377174,0.6910213979618576,0.6899343581043319,0.6839857647508422
german,Duration,1000.0,0.056,0.035,4.0,72.0,20.9703,18.0,12.0764,1.0922,0.8932,6.0,12.0,0.0327,0.6267,0.0242,0.4652,0.035,0.6244,2.6206,0.0914,AdaBoost,0.6495185324491483,0.6537196034959235,0.6487723489641775,0.645103586421732,0.6514089983115249,0.6536686983371209,0.6517412599695283,0.6526183035504647,0.6532636775993084
german,Duration,1000.0,0.056,0.035,4.0,72.0,20.9703,18.0,12.0764,1.0922,0.8932,6.0,12.0,0.0327,0.6267,0.0242,0.4652,0.035,0.6244,2.6206,0.0914,SVC,0.5866071804226658,0.5866071804226658,0.5866071804226658,0.5866071804226658,0.5866071804226658,0.5866071804226658,0.5866071804226658,0.5866071804226658,0.5866071804226658
