name,column_name,n_tuples,missing_perc,uniqueness,min,max,mean,median,std,skewness,kurtosis,mad,iqr,p_min,p_max,k_min,k_max,s_min,s_max,entropy,density,ml_algorithm,impute_standard,impute_mean,impute_median,impute_random,impute_knn,impute_mice,impute_linear_regression,impute_random_forest,impute_cmeans
drug,Age,200.0,0.49,0.4804,15.0,74.0,43.6765,41.5,16.7098,0.1325,-1.1195,14.5,27.75,0.0939,0.0939,0.0653,0.0653,0.0964,0.0964,3.7869,0.0221,DecisionTree,0.965728785103785,0.9776892551892551,0.9316103341103341,0.9611084401709401,0.9617208485958486,0.965728785103785,0.9497245115995117,0.9617208485958486,0.9776892551892551
drug,Age,200.0,0.49,0.4804,15.0,74.0,43.6765,41.5,16.7098,0.1325,-1.1195,14.5,27.75,0.0939,0.0939,0.0653,0.0653,0.0964,0.0964,3.7869,0.0221,LogisticRegression,0.9204341295785928,0.9158096422603018,0.9038899507069011,0.9038111919413563,0.9164620559006368,0.9162451856437324,0.9246528573654094,0.9198605681862277,0.9328001828531605
drug,Age,200.0,0.49,0.4804,15.0,74.0,43.6765,41.5,16.7098,0.1325,-1.1195,14.5,27.75,0.0939,0.0939,0.0653,0.0653,0.0964,0.0964,3.7869,0.0221,KNN,0.7957023585744093,0.7475226501893169,0.7604865613043579,0.7885199843142174,0.8034396666303687,0.7689451855340095,0.7734716457490746,0.7559861227912075,0.7895478452764887
drug,Age,200.0,0.49,0.4804,15.0,74.0,43.6765,41.5,16.7098,0.1325,-1.1195,14.5,27.75,0.0939,0.0939,0.0653,0.0653,0.0964,0.0964,3.7869,0.0221,RandomForest,0.960922619047619,0.9532963564213564,0.9372668997668998,0.9356823078881902,0.9449114774114774,0.960922619047619,0.952809829059829,0.9494581807081808,0.9447168803418802
drug,Age,200.0,0.49,0.4804,15.0,74.0,43.6765,41.5,16.7098,0.1325,-1.1195,14.5,27.75,0.0939,0.0939,0.0653,0.0653,0.0964,0.0964,3.7869,0.0221,AdaBoost,0.7873652677712255,0.7873652677712255,0.7873652677712255,0.7873652677712255,0.7873652677712255,0.7873652677712255,0.7873652677712255,0.7873652677712255,0.7873652677712255
drug,Age,200.0,0.49,0.4804,15.0,74.0,43.6765,41.5,16.7098,0.1325,-1.1195,14.5,27.75,0.0939,0.0939,0.0653,0.0653,0.0964,0.0964,3.7869,0.0221,SVC,0.8895276561775007,0.8631457981569838,0.8678392212658517,0.8662209900818311,0.8712762911404216,0.8823736197377501,0.8896575360442227,0.8568623096153913,0.8763096598390716
drug,Age,200.0,0.415,0.4188,15.0,74.0,45.0855,47.0,16.3527,-0.0252,-1.0624,13.0,26.0,0.1105,0.1105,0.0492,0.0492,0.0796,0.0796,3.7358,0.0247,DecisionTree,0.9550075414781298,0.9550075414781298,0.9023692973692974,0.9102585724460726,0.9213664113664113,0.9322921522921523,0.9393286941816354,0.9460884485884486,0.9550075414781298
drug,Age,200.0,0.415,0.4188,15.0,74.0,45.0855,47.0,16.3527,-0.0252,-1.0624,13.0,26.0,0.1105,0.1105,0.0492,0.0492,0.0796,0.0796,3.7358,0.0247,LogisticRegression,0.9209190886116813,0.9245313668563124,0.8929238907983721,0.9066178479133817,0.9118363494554128,0.9170465395920734,0.9170465395920734,0.9295779107263857,0.9175270242387623
drug,Age,200.0,0.415,0.4188,15.0,74.0,45.0855,47.0,16.3527,-0.0252,-1.0624,13.0,26.0,0.1105,0.1105,0.0492,0.0492,0.0796,0.0796,3.7358,0.0247,KNN,0.7620507803278408,0.7404232545735434,0.6868065730565731,0.7575737178060109,0.7489210819304462,0.7806143771950971,0.7471594844859087,0.7316446407156152,0.7789471037678252
drug,Age,200.0,0.415,0.4188,15.0,74.0,45.0855,47.0,16.3527,-0.0252,-1.0624,13.0,26.0,0.1105,0.1105,0.0492,0.0492,0.0796,0.0796,3.7358,0.0247,RandomForest,0.9091590354090354,0.904800061050061,0.8923076923076924,0.9075356587856589,0.8969017094017094,0.9086011904761905,0.9147705072705072,0.9203495115995116,0.9085500610500611
drug,Age,200.0,0.415,0.4188,15.0,74.0,45.0855,47.0,16.3527,-0.0252,-1.0624,13.0,26.0,0.1105,0.1105,0.0492,0.0492,0.0796,0.0796,3.7358,0.0247,AdaBoost,0.7873652677712255,0.7873652677712255,0.7873652677712255,0.7873652677712255,0.7873652677712255,0.7873652677712255,0.7873652677712255,0.7873652677712255,0.7873652677712255
drug,Age,200.0,0.415,0.4188,15.0,74.0,45.0855,47.0,16.3527,-0.0252,-1.0624,13.0,26.0,0.1105,0.1105,0.0492,0.0492,0.0796,0.0796,3.7358,0.0247,SVC,0.8745929881951019,0.8847775305919873,0.859099100517089,0.8763623010095827,0.8753529385819812,0.8778760562275364,0.8753502203809054,0.8634028656988277,0.8643782795071413
drug,Age,200.0,0.39,0.4098,15.0,74.0,43.7213,42.5,16.6124,0.0563,-1.1963,14.5,28.75,0.0764,0.0764,0.048,0.048,0.0684,0.0684,3.7863,0.0241,DecisionTree,0.9957661782661783,0.9957661782661783,0.9619677544677545,0.9873643023643024,0.9837126068376069,0.9957661782661783,0.9830389055389056,0.9831762681762681,0.9957661782661783
drug,Age,200.0,0.39,0.4098,15.0,74.0,43.7213,42.5,16.6124,0.0563,-1.1963,14.5,28.75,0.0764,0.0764,0.048,0.048,0.0684,0.0684,3.7863,0.0241,LogisticRegression,0.9535621849261183,0.9292344376362034,0.9422227802617352,0.9458695684151024,0.9583089857229405,0.9577814470990726,0.9619557137049397,0.9334004688347548,0.9498228685358431
drug,Age,200.0,0.39,0.4098,15.0,74.0,43.7213,42.5,16.6124,0.0563,-1.1963,14.5,28.75,0.0764,0.0764,0.048,0.048,0.0684,0.0684,3.7863,0.0241,KNN,0.7542239980538668,0.7546999980429678,0.7672478763158855,0.7600769266633773,0.7831993103570973,0.7377287772354302,0.7770963409736964,0.7443248556106413,0.7526153715320086
drug,Age,200.0,0.39,0.4098,15.0,74.0,43.7213,42.5,16.6124,0.0563,-1.1963,14.5,28.75,0.0764,0.0764,0.048,0.048,0.0684,0.0684,3.7863,0.0241,RandomForest,0.9914930555555556,0.9874358974358974,0.9670489926739927,0.9744899708135003,0.9790114909600204,0.9868983957219252,0.9958119658119657,0.9749314574314574,0.9833333333333334
drug,Age,200.0,0.39,0.4098,15.0,74.0,43.7213,42.5,16.6124,0.0563,-1.1963,14.5,28.75,0.0764,0.0764,0.048,0.048,0.0684,0.0684,3.7863,0.0241,AdaBoost,0.7873652677712255,0.7873652677712255,0.7873652677712255,0.7873652677712255,0.7873652677712255,0.7873652677712255,0.7873652677712255,0.7873652677712255,0.7873652677712255
drug,Age,200.0,0.39,0.4098,15.0,74.0,43.7213,42.5,16.6124,0.0563,-1.1963,14.5,28.75,0.0764,0.0764,0.048,0.048,0.0684,0.0684,3.7863,0.0241,SVC,0.9254539156941239,0.8997185684933842,0.9082537270019319,0.9256532590966259,0.9209082947770901,0.9334951823837058,0.9087876796944652,0.9086503936787875,0.9079482919240892
drug,Age,200.0,0.36,0.3984,15.0,74.0,44.2578,43.0,16.571,0.0166,-1.1052,14.0,27.25,0.0596,0.0596,0.0498,0.0498,0.0739,0.0739,3.7769,0.0236,DecisionTree,0.95842084998335,0.9628465978465979,0.9626709401709401,0.9543032661782661,0.9707556332556333,0.9621414696414697,0.9663698107448107,0.9669918969918969,0.956767538017538
drug,Age,200.0,0.36,0.3984,15.0,74.0,44.2578,43.0,16.571,0.0166,-1.1052,14.0,27.25,0.0596,0.0596,0.0498,0.0498,0.0739,0.0739,3.7769,0.0236,LogisticRegression,0.9130135397068557,0.8793053850494483,0.9410048022569417,0.9247921260442655,0.929178503555643,0.9203560066081461,0.9281815470807454,0.8727803305832175,0.9281815470807454
drug,Age,200.0,0.36,0.3984,15.0,74.0,44.2578,43.0,16.571,0.0166,-1.1052,14.0,27.25,0.0596,0.0596,0.0498,0.0498,0.0739,0.0739,3.7769,0.0236,KNN,0.7495241254147273,0.6947587619969625,0.7314506951818556,0.7592588109550719,0.7441686385171439,0.762972625200886,0.7393417884620905,0.7228344414688953,0.7210693194486367
drug,Age,200.0,0.36,0.3984,15.0,74.0,44.2578,43.0,16.571,0.0166,-1.1052,14.0,27.25,0.0596,0.0596,0.0498,0.0498,0.0739,0.0739,3.7769,0.0236,RandomForest,0.949443754774637,0.9338807087162351,0.9530282952341775,0.9461271367521367,0.9542331973581972,0.9452770881079704,0.9254578754578755,0.9410730282789106,0.9212912087912088
drug,Age,200.0,0.36,0.3984,15.0,74.0,44.2578,43.0,16.571,0.0166,-1.1052,14.0,27.25,0.0596,0.0596,0.0498,0.0498,0.0739,0.0739,3.7769,0.0236,AdaBoost,0.7873652677712255,0.7873652677712255,0.7873652677712255,0.7873652677712255,0.7873652677712255,0.7873652677712255,0.7873652677712255,0.7873652677712255,0.7873652677712255
drug,Age,200.0,0.36,0.3984,15.0,74.0,44.2578,43.0,16.571,0.0166,-1.1052,14.0,27.25,0.0596,0.0596,0.0498,0.0498,0.0739,0.0739,3.7769,0.0236,SVC,0.8758447152918394,0.8764431205155445,0.8865147048973635,0.8577883911591677,0.8622802117587469,0.8566557122045312,0.8684225991604423,0.8777272370232774,0.846557638957049
drug,Age,200.0,0.295,0.383,15.0,74.0,45.2553,45.0,16.7685,-0.0388,-1.0852,14.0,28.0,0.0854,0.0854,0.0523,0.0523,0.0754,0.0754,3.8729,0.0216,DecisionTree,0.9831762681762681,0.9740111277611279,0.9581976356976358,0.9745332445332445,0.9608793801228012,0.9871842046842048,0.978156426906427,0.9832448107448107,0.964000444000444
drug,Age,200.0,0.295,0.383,15.0,74.0,45.2553,45.0,16.7685,-0.0388,-1.0852,14.0,28.0,0.0854,0.0854,0.0523,0.0523,0.0754,0.0754,3.8729,0.0216,LogisticRegression,0.94550594120675,0.9101168742521408,0.9379123788308733,0.9458525166084724,0.9460742046426605,0.9423769875079433,0.9303016080067164,0.9017408058760723,0.9218828617203231
drug,Age,200.0,0.295,0.383,15.0,74.0,45.2553,45.0,16.7685,-0.0388,-1.0852,14.0,28.0,0.0854,0.0854,0.0523,0.0523,0.0754,0.0754,3.8729,0.0216,KNN,0.7707079428378448,0.7150959059174059,0.7291792584321745,0.7792225297433479,0.7635883264294955,0.7701689216738237,0.7599890953273306,0.7012160098849285,0.73607796774703
drug,Age,200.0,0.295,0.383,15.0,74.0,45.2553,45.0,16.7685,-0.0388,-1.0852,14.0,28.0,0.0854,0.0854,0.0523,0.0523,0.0754,0.0754,3.8729,0.0216,RandomForest,0.9646332371332371,0.955060251639199,0.9526023976023975,0.9660755217005217,0.9621162864912864,0.9646332371332371,0.9437879134754135,0.9441351622233976,0.9387676212676213
drug,Age,200.0,0.295,0.383,15.0,74.0,45.2553,45.0,16.7685,-0.0388,-1.0852,14.0,28.0,0.0854,0.0854,0.0523,0.0523,0.0754,0.0754,3.8729,0.0216,AdaBoost,0.7873652677712255,0.7873652677712255,0.7873652677712255,0.7873652677712255,0.7873652677712255,0.7873652677712255,0.7873652677712255,0.7873652677712255,0.7873652677712255
drug,Age,200.0,0.295,0.383,15.0,74.0,45.2553,45.0,16.7685,-0.0388,-1.0852,14.0,28.0,0.0854,0.0854,0.0523,0.0523,0.0754,0.0754,3.8729,0.0216,SVC,0.9080808491932422,0.8664831652245234,0.8549699689278674,0.8946089303500768,0.9063473665814091,0.8992923738448477,0.8854758440147846,0.8585901065900463,0.8761521137775332
drug,Age,200.0,0.26,0.3716,15.0,74.0,44.2905,46.0,16.7615,0.0257,-1.142,14.0,27.75,0.086,0.086,0.0381,0.0381,0.0604,0.0604,3.8616,0.0212,DecisionTree,0.9744114545585134,0.969061804208863,0.9751306332556333,0.9743236277611278,0.9785567537038125,0.9785567537038125,0.9690831717302306,0.9785567537038125,0.9650370115995116
drug,Age,200.0,0.26,0.3716,15.0,74.0,44.2905,46.0,16.7615,0.0257,-1.142,14.0,27.75,0.086,0.086,0.0381,0.0381,0.0604,0.0604,3.8616,0.0212,LogisticRegression,0.9306979057266344,0.9122190994081556,0.9441851528791828,0.9399804929753703,0.9264324142736429,0.9396863753283116,0.9356095218882504,0.9071725555380823,0.9304183837839105
drug,Age,200.0,0.26,0.3716,15.0,74.0,44.2905,46.0,16.7615,0.0257,-1.142,14.0,27.75,0.086,0.086,0.0381,0.0381,0.0604,0.0604,3.8616,0.0212,KNN,0.7638126310048253,0.7330128302985119,0.7822973101979307,0.7709889473987189,0.7680138707556542,0.7722856249081065,0.7674549908918484,0.7079265215662915,0.7431647222945037
drug,Age,200.0,0.26,0.3716,15.0,74.0,44.2905,46.0,16.7615,0.0257,-1.142,14.0,27.75,0.086,0.086,0.0381,0.0381,0.0604,0.0604,3.8616,0.0212,RandomForest,0.957999222999223,0.957999222999223,0.9580907980907981,0.9533514055389056,0.9621658896658897,0.9543087468087468,0.9499989824989825,0.9660781212251801,0.953507881007881
drug,Age,200.0,0.26,0.3716,15.0,74.0,44.2905,46.0,16.7615,0.0257,-1.142,14.0,27.75,0.086,0.086,0.0381,0.0381,0.0604,0.0604,3.8616,0.0212,AdaBoost,0.7873652677712255,0.7873652677712255,0.7873652677712255,0.7873652677712255,0.7873652677712255,0.7873652677712255,0.7873652677712255,0.7873652677712255,0.7873652677712255
drug,Age,200.0,0.26,0.3716,15.0,74.0,44.2905,46.0,16.7615,0.0257,-1.142,14.0,27.75,0.086,0.086,0.0381,0.0381,0.0604,0.0604,3.8616,0.0212,SVC,0.8805706978812609,0.859978307733731,0.9015970797329972,0.8718969027048062,0.8744021632206918,0.876389379341131,0.8757837820022871,0.8612521032785803,0.8588663477982417
drug,Age,200.0,0.205,0.3396,15.0,74.0,45.239,47.0,16.7747,-0.0209,-1.1096,13.0,27.0,0.08,0.08,0.0345,0.0345,0.0561,0.0561,3.8594,0.0231,DecisionTree,0.9654834401709401,0.9654834401709401,0.960622329059829,0.9654834401709401,0.961426282051282,0.9654834401709401,0.9651957417582417,0.9645012973137973,0.9654834401709401
drug,Age,200.0,0.205,0.3396,15.0,74.0,45.239,47.0,16.7747,-0.0209,-1.1096,13.0,27.0,0.08,0.08,0.0345,0.0345,0.0561,0.0561,3.8594,0.0231,LogisticRegression,0.9213462726205617,0.9191009561259174,0.9316603796736393,0.9356683161815759,0.9316603796736393,0.9213462726205617,0.9323191853367937,0.9192148567052436,0.9314774364398487
drug,Age,200.0,0.205,0.3396,15.0,74.0,45.239,47.0,16.7747,-0.0209,-1.1096,13.0,27.0,0.08,0.08,0.0345,0.0345,0.0561,0.0561,3.8594,0.0231,KNN,0.729328749811583,0.7367014678982976,0.7486503806051126,0.7420351209706054,0.723365167120291,0.7323009719384568,0.7365583264259262,0.7497652086395481,0.7346365058636797
drug,Age,200.0,0.205,0.3396,15.0,74.0,45.239,47.0,16.7747,-0.0209,-1.1096,13.0,27.0,0.08,0.08,0.0345,0.0345,0.0561,0.0561,3.8594,0.0231,RandomForest,0.9572382478632478,0.9530044261294262,0.9449114774114774,0.9490781440781441,0.9533119658119658,0.9612103174603175,0.9488377594627595,0.952809829059829,0.9572382478632478
drug,Age,200.0,0.205,0.3396,15.0,74.0,45.239,47.0,16.7747,-0.0209,-1.1096,13.0,27.0,0.08,0.08,0.0345,0.0345,0.0561,0.0561,3.8594,0.0231,AdaBoost,0.7873652677712255,0.7873652677712255,0.7873652677712255,0.7873652677712255,0.7873652677712255,0.7873652677712255,0.7873652677712255,0.7873652677712255,0.7873652677712255
drug,Age,200.0,0.205,0.3396,15.0,74.0,45.239,47.0,16.7747,-0.0209,-1.1096,13.0,27.0,0.08,0.08,0.0345,0.0345,0.0561,0.0561,3.8594,0.0231,SVC,0.8815411497081229,0.874095422600001,0.8953079548676817,0.902206537348853,0.8813237580592971,0.8900042640031602,0.8721410933498823,0.8649137594363733,0.8885298947150765
drug,Age,200.0,0.14,0.3314,15.0,74.0,43.7849,43.0,16.6536,0.1027,-1.0781,14.0,27.0,0.0645,0.0645,0.0358,0.0358,0.056,0.056,3.9176,0.0209,DecisionTree,0.964570462217521,0.9791656491656492,0.9651892551892551,0.964570462217521,0.964570462217521,0.964570462217521,0.9494154456654458,0.9688534708755296,0.964570462217521
drug,Age,200.0,0.14,0.3314,15.0,74.0,43.7849,43.0,16.6536,0.1027,-1.0781,14.0,27.0,0.0645,0.0645,0.0358,0.0358,0.056,0.056,3.9176,0.0209,LogisticRegression,0.9271441328176899,0.9082269172511063,0.9237483431601079,0.9186018649004221,0.9216447941933513,0.9186324225780386,0.9186324225780386,0.9158180831667138,0.9149617876574035
drug,Age,200.0,0.14,0.3314,15.0,74.0,43.7849,43.0,16.6536,0.1027,-1.0781,14.0,27.0,0.0645,0.0645,0.0358,0.0358,0.056,0.056,3.9176,0.0209,KNN,0.7383410282318141,0.7330096046518796,0.7216595613369736,0.7427569963129366,0.7462676769417772,0.7392574650801396,0.7470499659071088,0.7444278796420347,0.7472769443247385
drug,Age,200.0,0.14,0.3314,15.0,74.0,43.7849,43.0,16.6536,0.1027,-1.0781,14.0,27.0,0.0645,0.0645,0.0358,0.0358,0.056,0.056,3.9176,0.0209,RandomForest,0.9741039679274974,0.9741039679274974,0.9485958485958486,0.9449775224775225,0.9565300671550672,0.9458577533577534,0.9502724358974359,0.953016738163797,0.9408108558108559
drug,Age,200.0,0.14,0.3314,15.0,74.0,43.7849,43.0,16.6536,0.1027,-1.0781,14.0,27.0,0.0645,0.0645,0.0358,0.0358,0.056,0.056,3.9176,0.0209,AdaBoost,0.7873652677712255,0.7873652677712255,0.7873652677712255,0.7873652677712255,0.7873652677712255,0.7873652677712255,0.7873652677712255,0.7873652677712255,0.7873652677712255
drug,Age,200.0,0.14,0.3314,15.0,74.0,43.7849,43.0,16.6536,0.1027,-1.0781,14.0,27.0,0.0645,0.0645,0.0358,0.0358,0.056,0.056,3.9176,0.0209,SVC,0.8795325321917306,0.8755556367987731,0.8563784128030831,0.8690635799810783,0.8650676369178858,0.8728020929301176,0.8444906773323873,0.8619062073281614,0.8484315404586698
drug,Age,200.0,0.07,0.3065,15.0,74.0,44.0538,45.0,16.1077,0.009,-1.0701,13.0,27.0,0.0605,0.0605,0.0346,0.0346,0.0541,0.0541,3.9083,0.0217,DecisionTree,0.9957661782661783,0.9957661782661783,0.9790846306471307,0.9915781440781442,0.9875702075702075,0.9957661782661783,0.9957661782661783,0.9915781440781442,0.9957661782661783
drug,Age,200.0,0.07,0.3065,15.0,74.0,44.0538,45.0,16.1077,0.009,-1.0701,13.0,27.0,0.0605,0.0605,0.0346,0.0346,0.0541,0.0541,3.9083,0.0217,LogisticRegression,0.9535251740155117,0.9543303743091085,0.945198327251165,0.9495172375075753,0.9537364996805295,0.9577444361884662,0.9583429577708447,0.9504126733634821,0.9535251740155117
drug,Age,200.0,0.07,0.3065,15.0,74.0,44.0538,45.0,16.1077,0.009,-1.0701,13.0,27.0,0.0605,0.0605,0.0346,0.0346,0.0541,0.0541,3.9083,0.0217,KNN,0.7602260451659411,0.7708500001290699,0.7568513530064584,0.7529080453885508,0.7607080357761847,0.7482755365242559,0.7720414598628884,0.7703668368279712,0.7726387651442457
drug,Age,200.0,0.07,0.3065,15.0,74.0,44.0538,45.0,16.1077,0.009,-1.0701,13.0,27.0,0.0605,0.0605,0.0346,0.0346,0.0541,0.0541,3.9083,0.0217,RandomForest,0.9914930555555556,0.9914930555555556,0.9832512973137973,0.9872592338217339,0.9832512973137973,0.9914930555555556,0.9872592338217339,0.9872592338217339,0.9914930555555556
drug,Age,200.0,0.07,0.3065,15.0,74.0,44.0538,45.0,16.1077,0.009,-1.0701,13.0,27.0,0.0605,0.0605,0.0346,0.0346,0.0541,0.0541,3.9083,0.0217,AdaBoost,0.7873652677712255,0.7873652677712255,0.7873652677712255,0.7873652677712255,0.7873652677712255,0.7873652677712255,0.7873652677712255,0.7873652677712255,0.7873652677712255
drug,Age,200.0,0.07,0.3065,15.0,74.0,44.0538,45.0,16.1077,0.009,-1.0701,13.0,27.0,0.0605,0.0605,0.0346,0.0346,0.0541,0.0541,3.9083,0.0217,SVC,0.9162461045128222,0.9205665878615437,0.9034280620153863,0.9122892263338696,0.9000622418436421,0.9162461045128222,0.9079254033478806,0.9163651119495415,0.9080289522084979
drug,Age,200.0,0.045,0.2984,15.0,74.0,44.3298,45.0,16.7047,0.0395,-1.125,14.0,27.0,0.0478,0.0478,0.0251,0.0251,0.0395,0.0395,3.916,0.022,DecisionTree,0.986043956043956,0.9817690642690642,0.9683685758685758,0.9913722388722389,0.9913722388722389,0.986043956043956,0.9688202075702076,0.9817690642690642,0.9735730935730935
drug,Age,200.0,0.045,0.2984,15.0,74.0,44.3298,45.0,16.7047,0.0395,-1.125,14.0,27.0,0.0478,0.0478,0.0251,0.0251,0.0395,0.0395,3.916,0.022,LogisticRegression,0.9459515480640723,0.9439534366939634,0.9573921091369865,0.9445031353656597,0.9484623705748949,0.9484623705748949,0.9489123478910823,0.9439534366939634,0.9440945641357494
drug,Age,200.0,0.045,0.2984,15.0,74.0,44.3298,45.0,16.7047,0.0395,-1.125,14.0,27.0,0.0478,0.0478,0.0251,0.0251,0.0395,0.0395,3.916,0.022,KNN,0.7485580018526446,0.7457137840607668,0.750743888056388,0.7483163142685201,0.7429086633579558,0.7428732279430809,0.7457137840607668,0.7414665606958963,0.7464131225027123
drug,Age,200.0,0.045,0.2984,15.0,74.0,44.3298,45.0,16.7047,0.0395,-1.125,14.0,27.0,0.0478,0.0478,0.0251,0.0251,0.0395,0.0395,3.916,0.022,RandomForest,0.9737057387057387,0.9651970251970251,0.966422743922744,0.9788081363081363,0.9748001998001998,0.9737057387057387,0.961094461094461,0.961094461094461,0.961094461094461
drug,Age,200.0,0.045,0.2984,15.0,74.0,44.3298,45.0,16.7047,0.0395,-1.125,14.0,27.0,0.0478,0.0478,0.0251,0.0251,0.0395,0.0395,3.916,0.022,AdaBoost,0.7873652677712255,0.7873652677712255,0.7873652677712255,0.7873652677712255,0.7873652677712255,0.7873652677712255,0.7873652677712255,0.7873652677712255,0.7873652677712255
drug,Age,200.0,0.045,0.2984,15.0,74.0,44.3298,45.0,16.7047,0.0395,-1.125,14.0,27.0,0.0478,0.0478,0.0251,0.0251,0.0395,0.0395,3.916,0.022,SVC,0.8870934973147102,0.8691370730892183,0.8781623117744822,0.8876597366309495,0.8872037952938413,0.8950357970854675,0.8738117722315145,0.8685264391964382,0.8817443642535935
drug,Na_to_K,200.0,0.515,0.9897,6.269,35.639,15.5081,12.923,7.1405,1.1173,0.487,3.642,8.447,0.0919,0.0919,0.0786,0.0786,0.1189,0.1189,4.5604,0.0001,DecisionTree,0.6943559040926506,0.6834878877329288,0.6125515515096416,0.7228689472494337,0.6471382508040543,0.701722906676795,0.6780369684394587,0.6948690578638412,0.6386841757767397
drug,Na_to_K,200.0,0.515,0.9897,6.269,35.639,15.5081,12.923,7.1405,1.1173,0.487,3.642,8.447,0.0919,0.0919,0.0786,0.0786,0.1189,0.1189,4.5604,0.0001,LogisticRegression,0.714729847944858,0.6375020334498069,0.5652740619091906,0.742057555562371,0.6577857378310903,0.7006162669868469,0.6845035053032595,0.5504798190119048,0.6509802432362748
drug,Na_to_K,200.0,0.515,0.9897,6.269,35.639,15.5081,12.923,7.1405,1.1173,0.487,3.642,8.447,0.0919,0.0919,0.0786,0.0786,0.1189,0.1189,4.5604,0.0001,KNN,0.5986807464881831,0.6010254382333338,0.5655914233239916,0.5845661092536522,0.5931816781149633,0.6011623781111063,0.5614676759614398,0.5472411477870003,0.593215455814207
drug,Na_to_K,200.0,0.515,0.9897,6.269,35.639,15.5081,12.923,7.1405,1.1173,0.487,3.642,8.447,0.0919,0.0919,0.0786,0.0786,0.1189,0.1189,4.5604,0.0001,RandomForest,0.7215159332701961,0.7002079467607615,0.645312119148326,0.6944736003595111,0.6716377406706353,0.7130769978875382,0.7244961802902978,0.6492496589884845,0.6640486006637873
drug,Na_to_K,200.0,0.515,0.9897,6.269,35.639,15.5081,12.923,7.1405,1.1173,0.487,3.642,8.447,0.0919,0.0919,0.0786,0.0786,0.1189,0.1189,4.5604,0.0001,AdaBoost,0.5338453978082461,0.49376416358973213,0.5096407263371548,0.5301604236473094,0.4575184166352815,0.6168769690626419,0.6234549656010275,0.41524726758516706,0.47765683986645874
drug,Na_to_K,200.0,0.515,0.9897,6.269,35.639,15.5081,12.923,7.1405,1.1173,0.487,3.642,8.447,0.0919,0.0919,0.0786,0.0786,0.1189,0.1189,4.5604,0.0001,SVC,0.6850787688263711,0.6845673470554228,0.5602773319040041,0.66398561338189,0.6225975139718505,0.6383719484122408,0.6521370044107841,0.6036549261913889,0.6326206670781258
drug,Na_to_K,200.0,0.475,1.0,6.769,38.247,17.0416,14.16,7.6894,0.864,-0.2033,4.451,9.838,0.0197,0.0197,0.0316,0.0316,0.044,0.044,4.654,0.0,DecisionTree,0.6930242397060533,0.6649885388304151,0.6039467812700133,0.5893256788947256,0.5874403038639638,0.6176777913803708,0.6426021298002011,0.6582226338203816,0.7042840802007844
drug,Na_to_K,200.0,0.475,1.0,6.769,38.247,17.0416,14.16,7.6894,0.864,-0.2033,4.451,9.838,0.0197,0.0197,0.0316,0.0316,0.044,0.044,4.654,0.0,LogisticRegression,0.7212171049999802,0.6272455093510058,0.6485090692664828,0.6747666591878466,0.6763846996784808,0.68863629555977,0.6934288043941448,0.6081933153665101,0.623070354986464
drug,Na_to_K,200.0,0.475,1.0,6.769,38.247,17.0416,14.16,7.6894,0.864,-0.2033,4.451,9.838,0.0197,0.0197,0.0316,0.0316,0.044,0.044,4.654,0.0,KNN,0.5766709014329425,0.5558349068910359,0.5871498408804664,0.556243655295513,0.5421640729478189,0.5449585990616594,0.544756370375888,0.5565453438379353,0.575241922625743
drug,Na_to_K,200.0,0.475,1.0,6.769,38.247,17.0416,14.16,7.6894,0.864,-0.2033,4.451,9.838,0.0197,0.0197,0.0316,0.0316,0.044,0.044,4.654,0.0,RandomForest,0.6680240878065511,0.6415848800133752,0.5888115807194755,0.6512704337846804,0.5658565958369879,0.6102817409040235,0.6181482766411028,0.6596905065460174,0.6707892558986871
drug,Na_to_K,200.0,0.475,1.0,6.769,38.247,17.0416,14.16,7.6894,0.864,-0.2033,4.451,9.838,0.0197,0.0197,0.0316,0.0316,0.044,0.044,4.654,0.0,AdaBoost,0.5332092162782608,0.5495727749757457,0.6233187783076961,0.6031320612267672,0.5853993875676148,0.6095613188140363,0.5997580843984357,0.568414269479803,0.5918035583662727
drug,Na_to_K,200.0,0.475,1.0,6.769,38.247,17.0416,14.16,7.6894,0.864,-0.2033,4.451,9.838,0.0197,0.0197,0.0316,0.0316,0.044,0.044,4.654,0.0,SVC,0.6361084158116955,0.6129570194519982,0.6062530062530063,0.5882669861469427,0.5846538160951041,0.5968719881795966,0.6072368937853758,0.6150417702763709,0.609484111567445
drug,Na_to_K,200.0,0.38,1.0,6.269,38.247,16.3511,14.118,7.2895,0.9042,-0.0545,4.2035,10.0257,0.0658,0.0658,0.0378,0.0378,0.0579,0.0579,4.8203,0.0,DecisionTree,0.7272253968652693,0.7904958532777123,0.6927203007564929,0.7336105769784904,0.6562736845427208,0.7191642795620176,0.730045667738119,0.7289484785000998,0.7032646709303989
drug,Na_to_K,200.0,0.38,1.0,6.269,38.247,16.3511,14.118,7.2895,0.9042,-0.0545,4.2035,10.0257,0.0658,0.0658,0.0378,0.0378,0.0579,0.0579,4.8203,0.0,LogisticRegression,0.746256236783178,0.6896610000767298,0.7083454509510948,0.742472279417136,0.7293795705743693,0.7325320191647425,0.6884566427852875,0.647299949891124,0.6854084781033734
drug,Na_to_K,200.0,0.38,1.0,6.269,38.247,16.3511,14.118,7.2895,0.9042,-0.0545,4.2035,10.0257,0.0658,0.0658,0.0378,0.0378,0.0579,0.0579,4.8203,0.0,KNN,0.6231039351871676,0.6019821465299406,0.5987587714056876,0.6164587704723998,0.595852400401995,0.6018347313659163,0.5879922503230657,0.5672616413313454,0.5952107155091025
drug,Na_to_K,200.0,0.38,1.0,6.269,38.247,16.3511,14.118,7.2895,0.9042,-0.0545,4.2035,10.0257,0.0658,0.0658,0.0378,0.0378,0.0579,0.0579,4.8203,0.0,RandomForest,0.7751671252550385,0.7502714485294273,0.6699611860702824,0.7340972438222688,0.6849948910553731,0.7640023892486034,0.7412379252856329,0.720441082737645,0.6795750997811258
drug,Na_to_K,200.0,0.38,1.0,6.269,38.247,16.3511,14.118,7.2895,0.9042,-0.0545,4.2035,10.0257,0.0658,0.0658,0.0378,0.0378,0.0579,0.0579,4.8203,0.0,AdaBoost,0.592638321866882,0.6189165933294325,0.6307954135426912,0.6391639052191167,0.6106952921810407,0.6531277319822028,0.654838506673024,0.615873921313301,0.607371593945339
drug,Na_to_K,200.0,0.38,1.0,6.269,38.247,16.3511,14.118,7.2895,0.9042,-0.0545,4.2035,10.0257,0.0658,0.0658,0.0378,0.0378,0.0579,0.0579,4.8203,0.0,SVC,0.6773347407547577,0.7048946938759506,0.6328099854526228,0.6756524216357641,0.6811534600461334,0.6620323391438089,0.6579473111117018,0.6291665699575509,0.6499987984227718
drug,Na_to_K,200.0,0.345,1.0,6.269,35.639,16.9228,15.036,7.3408,0.7732,-0.4097,4.639,10.929,0.0538,0.0538,0.0233,0.0233,0.0283,0.0283,4.8752,0.0,DecisionTree,0.7672097569482205,0.7431191327825717,0.6727900201709743,0.7322276291360446,0.7123624038431802,0.7244478578451861,0.6881815683578714,0.7825440938405523,0.7498960810929662
drug,Na_to_K,200.0,0.345,1.0,6.269,35.639,16.9228,15.036,7.3408,0.7732,-0.4097,4.639,10.929,0.0538,0.0538,0.0233,0.0233,0.0283,0.0283,4.8752,0.0,LogisticRegression,0.6838916465927125,0.7025791836630967,0.6209258302625952,0.6462636280593294,0.6471370312865123,0.6481840272938375,0.6631194304225847,0.6601073298495053,0.7084836284894627
drug,Na_to_K,200.0,0.345,1.0,6.269,35.639,16.9228,15.036,7.3408,0.7732,-0.4097,4.639,10.929,0.0538,0.0538,0.0233,0.0233,0.0283,0.0283,4.8752,0.0,KNN,0.6069782455179137,0.5910616554087992,0.5863212993871707,0.5777693289787224,0.5988624035642512,0.5921186472731936,0.6169658893545774,0.617969840295836,0.6360563894141446
drug,Na_to_K,200.0,0.345,1.0,6.269,35.639,16.9228,15.036,7.3408,0.7732,-0.4097,4.639,10.929,0.0538,0.0538,0.0233,0.0233,0.0283,0.0283,4.8752,0.0,RandomForest,0.7259981569525219,0.7513746560422719,0.6455041341140599,0.694491884494863,0.6305832517873459,0.6972213216274696,0.7081906737053796,0.7475049785487936,0.7415281867537469
drug,Na_to_K,200.0,0.345,1.0,6.269,35.639,16.9228,15.036,7.3408,0.7732,-0.4097,4.639,10.929,0.0538,0.0538,0.0233,0.0233,0.0283,0.0283,4.8752,0.0,AdaBoost,0.5596867067514428,0.6373565305308726,0.5633069745561595,0.5826515517066788,0.5473709059059961,0.6277448706131639,0.6168809682982768,0.6567457994569404,0.6605805173305174
drug,Na_to_K,200.0,0.345,1.0,6.269,35.639,16.9228,15.036,7.3408,0.7732,-0.4097,4.639,10.929,0.0538,0.0538,0.0233,0.0233,0.0283,0.0283,4.8752,0.0,SVC,0.6732693743227425,0.6996674519370372,0.5978483906859259,0.625418501272346,0.6601605548607676,0.6408172863688079,0.6555778153451924,0.6642777258479479,0.6860413416116817
drug,Na_to_K,200.0,0.275,1.0,6.269,35.639,15.3166,13.091,6.9625,1.0566,0.2173,3.577,8.897,0.0806,0.0806,0.0433,0.0433,0.0678,0.0678,4.9767,0.0,DecisionTree,0.8655435373775805,0.8773405160588539,0.7320604827821844,0.822692384360316,0.7370177382187186,0.8126271639988234,0.7804736797194607,0.7970656770151427,0.7727727411025129
drug,Na_to_K,200.0,0.275,1.0,6.269,35.639,15.3166,13.091,6.9625,1.0566,0.2173,3.577,8.897,0.0806,0.0806,0.0433,0.0433,0.0678,0.0678,4.9767,0.0,LogisticRegression,0.8582872524304472,0.7474953962295874,0.6777729017658841,0.8052181928141007,0.7464303310744644,0.8217138276264817,0.8224000890963121,0.6374136149642676,0.7707221914057514
drug,Na_to_K,200.0,0.275,1.0,6.269,35.639,15.3166,13.091,6.9625,1.0566,0.2173,3.577,8.897,0.0806,0.0806,0.0433,0.0433,0.0678,0.0678,4.9767,0.0,KNN,0.6741671410163399,0.6570608220412751,0.6209520467181768,0.6352150626332964,0.627337852870425,0.6554964259798857,0.655955545047065,0.6635988838299018,0.6812905801111241
drug,Na_to_K,200.0,0.275,1.0,6.269,35.639,15.3166,13.091,6.9625,1.0566,0.2173,3.577,8.897,0.0806,0.0806,0.0433,0.0433,0.0678,0.0678,4.9767,0.0,RandomForest,0.8250121716473755,0.8218376805208101,0.7223970073620128,0.7981122520694293,0.7814861365715904,0.7745006602312858,0.7931465336635615,0.7926703387288507,0.7484030670607942
drug,Na_to_K,200.0,0.275,1.0,6.269,35.639,15.3166,13.091,6.9625,1.0566,0.2173,3.577,8.897,0.0806,0.0806,0.0433,0.0433,0.0678,0.0678,4.9767,0.0,AdaBoost,0.7364867726013236,0.695776322794717,0.6774869123666888,0.6215990360891128,0.6824941317802288,0.7076722469601701,0.7130216724376158,0.6631338569203057,0.6864846004964748
drug,Na_to_K,200.0,0.275,1.0,6.269,35.639,15.3166,13.091,6.9625,1.0566,0.2173,3.577,8.897,0.0806,0.0806,0.0433,0.0433,0.0678,0.0678,4.9767,0.0,SVC,0.8094267492722593,0.7558133962986905,0.6590314193361693,0.7503890704114489,0.7018284442982504,0.7802162139371002,0.7567273927655124,0.7336683542881023,0.7856499343407155
drug,Na_to_K,200.0,0.235,0.9935,6.269,38.247,16.2423,14.133,7.4495,1.0287,0.3035,4.215,9.231,0.0466,0.0466,0.0191,0.0191,0.0327,0.0327,5.0214,0.0,DecisionTree,0.8255674905680938,0.8117805691019931,0.8147671582064516,0.8428849213846943,0.8309804438356035,0.8411943360091357,0.8061835222674908,0.8113291180484207,0.8037172676717901
drug,Na_to_K,200.0,0.235,0.9935,6.269,38.247,16.2423,14.133,7.4495,1.0287,0.3035,4.215,9.231,0.0466,0.0466,0.0191,0.0191,0.0327,0.0327,5.0214,0.0,LogisticRegression,0.800881764357864,0.7111833904693463,0.7696742535599892,0.7619143030899367,0.7698688556813557,0.8049378540657834,0.8349095535325936,0.7456972486118257,0.7275195721603185
drug,Na_to_K,200.0,0.235,0.9935,6.269,38.247,16.2423,14.133,7.4495,1.0287,0.3035,4.215,9.231,0.0466,0.0466,0.0191,0.0191,0.0327,0.0327,5.0214,0.0,KNN,0.6703232632747532,0.6528175302920558,0.6616557442278043,0.6756223108780564,0.6643387937802807,0.6824064931913865,0.6518641142139594,0.6344409551598079,0.6483501047652263
drug,Na_to_K,200.0,0.235,0.9935,6.269,38.247,16.2423,14.133,7.4495,1.0287,0.3035,4.215,9.231,0.0466,0.0466,0.0191,0.0191,0.0327,0.0327,5.0214,0.0,RandomForest,0.8243392587801625,0.8444745946061736,0.8345445401983883,0.8263094398750636,0.8515598392495577,0.8239331970059525,0.8456651748145578,0.8372151469675949,0.8628522711179578
drug,Na_to_K,200.0,0.235,0.9935,6.269,38.247,16.2423,14.133,7.4495,1.0287,0.3035,4.215,9.231,0.0466,0.0466,0.0191,0.0191,0.0327,0.0327,5.0214,0.0,AdaBoost,0.6748181148384582,0.6815624272096845,0.7062999646552278,0.6886114711438537,0.6840554452695696,0.7579330122394264,0.7331291017862419,0.6330053132505901,0.6709999239874844
drug,Na_to_K,200.0,0.235,0.9935,6.269,38.247,16.2423,14.133,7.4495,1.0287,0.3035,4.215,9.231,0.0466,0.0466,0.0191,0.0191,0.0327,0.0327,5.0214,0.0,SVC,0.7556928774566621,0.707247636424343,0.7539342209893056,0.7540806762335961,0.7587862797268559,0.763707825591062,0.7667759802485413,0.6719678697819211,0.6941870569943752
drug,Na_to_K,200.0,0.19,0.9938,6.269,38.247,16.5276,14.2275,7.445,0.9168,0.0676,4.4935,9.7875,0.0763,0.0763,0.0434,0.0434,0.0674,0.0674,5.079,0.0,DecisionTree,0.8757691335491228,0.9068647966745331,0.7781124747671463,0.796094340327391,0.7467459400648395,0.8393966146484803,0.8725987136028696,0.9131153273414091,0.8708753789350848
drug,Na_to_K,200.0,0.19,0.9938,6.269,38.247,16.5276,14.2275,7.445,0.9168,0.0676,4.4935,9.7875,0.0763,0.0763,0.0434,0.0434,0.0674,0.0674,5.079,0.0,LogisticRegression,0.8263353836341929,0.8401432167900046,0.7407699304796425,0.7828629111849742,0.7555186317335069,0.8180525800579836,0.8403300437118726,0.7857391297314409,0.8416202092780389
drug,Na_to_K,200.0,0.19,0.9938,6.269,38.247,16.5276,14.2275,7.445,0.9168,0.0676,4.4935,9.7875,0.0763,0.0763,0.0434,0.0434,0.0674,0.0674,5.079,0.0,KNN,0.6951294629715199,0.7006136350384453,0.6782240116562187,0.6958707471377545,0.6755141721645975,0.7036212406795648,0.7286975519864067,0.6718663303722014,0.6870784193386394
drug,Na_to_K,200.0,0.19,0.9938,6.269,38.247,16.5276,14.2275,7.445,0.9168,0.0676,4.4935,9.7875,0.0763,0.0763,0.0434,0.0434,0.0674,0.0674,5.079,0.0,RandomForest,0.8200501217143124,0.9112782298664048,0.8163609773916791,0.8069880654196409,0.786394676412682,0.8140338177425706,0.8734820938313671,0.8993123730995953,0.8786079488621862
drug,Na_to_K,200.0,0.19,0.9938,6.269,38.247,16.5276,14.2275,7.445,0.9168,0.0676,4.4935,9.7875,0.0763,0.0763,0.0434,0.0434,0.0674,0.0674,5.079,0.0,AdaBoost,0.7353987920198631,0.7519850441764653,0.6713713486639632,0.6406358289543275,0.64999885536557,0.7000789276766658,0.7118954571056492,0.72494287220599,0.7281139897907912
drug,Na_to_K,200.0,0.19,0.9938,6.269,38.247,16.5276,14.2275,7.445,0.9168,0.0676,4.4935,9.7875,0.0763,0.0763,0.0434,0.0434,0.0674,0.0674,5.079,0.0,SVC,0.7584460355678015,0.8296854646582701,0.7161784199077952,0.7714628982128983,0.7421507450714473,0.7531417404219256,0.8201808794814688,0.7993353655798612,0.7769544604370782
drug,Na_to_K,200.0,0.19,0.9938,6.269,38.247,15.9596,13.9935,7.0544,1.0595,0.5547,4.122,8.745,0.0941,0.0941,0.0388,0.0388,0.0588,0.0588,5.079,0.0,DecisionTree,0.8806260644903547,0.8697232872733344,0.8509163251205222,0.8674058439893022,0.881418058169854,0.859112365235594,0.868084783265223,0.9131864411469129,0.899548934337131
drug,Na_to_K,200.0,0.19,0.9938,6.269,38.247,15.9596,13.9935,7.0544,1.0595,0.5547,4.122,8.745,0.0941,0.0941,0.0388,0.0388,0.0588,0.0588,5.079,0.0,LogisticRegression,0.9046877396955056,0.7884862162561918,0.8161913634952619,0.8961166544571275,0.8710058531025858,0.8878736796589781,0.8938096175246599,0.7673768439588509,0.8060161654193312
drug,Na_to_K,200.0,0.19,0.9938,6.269,38.247,15.9596,13.9935,7.0544,1.0595,0.5547,4.122,8.745,0.0941,0.0941,0.0388,0.0388,0.0588,0.0588,5.079,0.0,KNN,0.7047271800350298,0.6810024484468671,0.6970172890708887,0.6831073067799074,0.7299001679575967,0.6919874846945281,0.7038361796409723,0.6870076918213981,0.6941122364577622
drug,Na_to_K,200.0,0.19,0.9938,6.269,38.247,15.9596,13.9935,7.0544,1.0595,0.5547,4.122,8.745,0.0941,0.0941,0.0388,0.0388,0.0588,0.0588,5.079,0.0,RandomForest,0.8916196896355565,0.9025434512383042,0.8646024544350815,0.8722708316339016,0.8966332304371563,0.882814274092124,0.8952166294912124,0.9249217544626527,0.9033673639060927
drug,Na_to_K,200.0,0.19,0.9938,6.269,38.247,15.9596,13.9935,7.0544,1.0595,0.5547,4.122,8.745,0.0941,0.0941,0.0388,0.0388,0.0588,0.0588,5.079,0.0,AdaBoost,0.6892808580466105,0.7474930416291998,0.7183216961414214,0.6761255803624058,0.787550251808858,0.7814523638040923,0.7559136075711488,0.7495521267770228,0.6920770808425607
drug,Na_to_K,200.0,0.19,0.9938,6.269,38.247,15.9596,13.9935,7.0544,1.0595,0.5547,4.122,8.745,0.0941,0.0941,0.0388,0.0388,0.0588,0.0588,5.079,0.0,SVC,0.816934065998006,0.8083465171291089,0.7835398894400866,0.8243837437047327,0.8164601259438317,0.8117587675732838,0.8152247871475443,0.8227936210311031,0.7963749039515622
drug,Na_to_K,200.0,0.08,0.9946,6.269,38.247,16.1502,13.996,7.173,1.0314,0.3884,4.099,8.4825,0.0667,0.0667,0.038,0.038,0.0583,0.0583,5.2074,0.0,DecisionTree,0.9375277978448266,0.9114991707483127,0.9006534298339511,0.9129605132841668,0.8932607633899524,0.9082354031560685,0.8753346218372814,0.9498288120656542,0.8945191242349594
drug,Na_to_K,200.0,0.08,0.9946,6.269,38.247,16.1502,13.996,7.173,1.0314,0.3884,4.099,8.4825,0.0667,0.0667,0.038,0.038,0.0583,0.0583,5.2074,0.0,LogisticRegression,0.9047214016402223,0.8705341210933316,0.9126772419855943,0.8929295673045674,0.9029300861732102,0.9040008054428104,0.885732101202026,0.8966633514256137,0.8734560625814496
drug,Na_to_K,200.0,0.08,0.9946,6.269,38.247,16.1502,13.996,7.173,1.0314,0.3884,4.099,8.4825,0.0667,0.0667,0.038,0.038,0.0583,0.0583,5.2074,0.0,KNN,0.7158704769289586,0.7191008972278125,0.7284350290157258,0.7246745845860072,0.7246745845860072,0.7158519632972373,0.7051892061753837,0.7154619348263302,0.7050636051040463
drug,Na_to_K,200.0,0.08,0.9946,6.269,38.247,16.1502,13.996,7.173,1.0314,0.3884,4.099,8.4825,0.0667,0.0667,0.038,0.038,0.0583,0.0583,5.2074,0.0,RandomForest,0.9116846091674907,0.9407218897482057,0.9365112420466428,0.9322438079113271,0.9319537772578462,0.9154882572455487,0.9195117591690333,0.9546039797084689,0.8989229078025518
drug,Na_to_K,200.0,0.08,0.9946,6.269,38.247,16.1502,13.996,7.173,1.0314,0.3884,4.099,8.4825,0.0667,0.0667,0.038,0.038,0.0583,0.0583,5.2074,0.0,AdaBoost,0.5727037384350234,0.6383432222911847,0.6903922543732912,0.26497698620995963,0.6496437253198057,0.6240642761994039,0.6797401629003463,0.7708523804553485,0.6305692006922833
drug,Na_to_K,200.0,0.08,0.9946,6.269,38.247,16.1502,13.996,7.173,1.0314,0.3884,4.099,8.4825,0.0667,0.0667,0.038,0.038,0.0583,0.0583,5.2074,0.0,SVC,0.8568172482950684,0.82838946285406,0.8484991753483617,0.8523344651802099,0.8573415917475389,0.8483021904764655,0.8542547793515662,0.8580601638953378,0.8160184637311834
drug,Na_to_K,200.0,0.08,0.9891,6.269,38.247,16.1003,13.9365,7.1901,1.0626,0.4025,3.9555,8.6165,0.1085,0.1085,0.0681,0.0681,0.102,0.102,5.1999,0.0,DecisionTree,0.9662384150435621,0.9457962300715923,0.9666085700494013,0.9284450507094828,0.93263667757062,0.9141015054949101,0.9541232866524131,0.907040423850638,0.9672806413001115
drug,Na_to_K,200.0,0.08,0.9891,6.269,38.247,16.1003,13.9365,7.1901,1.0626,0.4025,3.9555,8.6165,0.1085,0.1085,0.0681,0.0681,0.102,0.102,5.1999,0.0,LogisticRegression,0.9466655333363896,0.9133990324323346,0.9137963268349603,0.9126157190886341,0.9186930411772555,0.925532628767993,0.9131014055560531,0.8138801540542364,0.9382316083228185
drug,Na_to_K,200.0,0.08,0.9891,6.269,38.247,16.1003,13.9365,7.1901,1.0626,0.4025,3.9555,8.6165,0.1085,0.1085,0.0681,0.0681,0.102,0.102,5.1999,0.0,KNN,0.7258792309055466,0.7032098441681774,0.7156517411548924,0.7108407691857124,0.7344367579658098,0.7256031636813662,0.7077565613787602,0.6963944167553663,0.7325710667911296
drug,Na_to_K,200.0,0.08,0.9891,6.269,38.247,16.1003,13.9365,7.1901,1.0626,0.4025,3.9555,8.6165,0.1085,0.1085,0.0681,0.0681,0.102,0.102,5.1999,0.0,RandomForest,0.954143104041669,0.9672036767113404,0.9709000870936753,0.945794831427174,0.945500245064725,0.912885976876977,0.9547285399849417,0.9208589200296099,0.9832382287211414
drug,Na_to_K,200.0,0.08,0.9891,6.269,38.247,16.1003,13.9365,7.1901,1.0626,0.4025,3.9555,8.6165,0.1085,0.1085,0.0681,0.0681,0.102,0.102,5.1999,0.0,AdaBoost,0.7430431560687508,0.7505008791531936,0.7504720824428754,0.5751125045977987,0.5443028089939604,0.7757220142140341,0.7290778097967134,0.7320953628324293,0.673832047398089
drug,Na_to_K,200.0,0.08,0.9891,6.269,38.247,16.1003,13.9365,7.1901,1.0626,0.4025,3.9555,8.6165,0.1085,0.1085,0.0681,0.0681,0.102,0.102,5.1999,0.0,SVC,0.8408248192154955,0.840440561470351,0.8495453832005138,0.8523514075569271,0.8434053254129275,0.836671052665309,0.8561345261751206,0.8185055438531815,0.8828141296513481
electricity-normalized,nswprice,45312.0,0.5012,0.1512,0.0,0.9818,0.0578,0.0488,0.0396,8.832,151.7423,0.0176,0.0392,0.3066,0.3116,0.2246,0.2699,0.3269,0.3721,7.5881,0.0,DecisionTree,0.7149959424716782,0.710903961116917,0.7080593848099965,0.7110302254265022,0.714553232274084,0.7127972908279536,0.7083248151942654,0.6962844697083144,0.7098980212415126
electricity-normalized,nswprice,45312.0,0.5012,0.1512,0.0,0.9818,0.0578,0.0488,0.0396,8.832,151.7423,0.0176,0.0392,0.3066,0.3116,0.2246,0.2699,0.3269,0.3721,7.5881,0.0,LogisticRegression,0.6995000749149474,0.701494435168106,0.6943013437690599,0.6966896127093558,0.695352978595815,0.7026718709654862,0.6706193708942689,0.6856077117312145,0.697430752670856
electricity-normalized,nswprice,45312.0,0.5012,0.1512,0.0,0.9818,0.0578,0.0488,0.0396,8.832,151.7423,0.0176,0.0392,0.3066,0.3116,0.2246,0.2699,0.3269,0.3721,7.5881,0.0,KNN,0.7125445141647956,0.7120513312450676,0.7137733901425399,0.7144270533654281,0.7149272682646575,0.7117952376058325,0.7121230101960462,0.6986508342595564,0.711901679738979
electricity-normalized,nswprice,45312.0,0.5012,0.1512,0.0,0.9818,0.0578,0.0488,0.0396,8.832,151.7423,0.0176,0.0392,0.3066,0.3116,0.2246,0.2699,0.3269,0.3721,7.5881,0.0,RandomForest,0.7278710676538869,0.7249352655328276,0.7224171899939849,0.7216865391174861,0.7241176050864713,0.7227596105065023,0.7236651478341587,0.7124890326839471,0.7226288489499834
electricity-normalized,nswprice,45312.0,0.5012,0.1512,0.0,0.9818,0.0578,0.0488,0.0396,8.832,151.7423,0.0176,0.0392,0.3066,0.3116,0.2246,0.2699,0.3269,0.3721,7.5881,0.0,AdaBoost,0.6979042701980325,0.6966322258083042,0.7014385077264987,0.7065233639793362,0.7049232321452742,0.7008717722605521,0.6991222430304979,0.6860745681499552,0.70027088436363
electricity-normalized,nswprice,45312.0,0.5012,0.1512,0.0,0.9818,0.0578,0.0488,0.0396,8.832,151.7423,0.0176,0.0392,0.3066,0.3116,0.2246,0.2699,0.3269,0.3721,7.5881,0.0,SVC,0.6940667260459512,0.7079017201513262,0.7002160655199869,0.6982625214976791,0.6963073826769435,0.7055412968275466,0.691320715498301,0.6788970961960086,0.6978717950560327
electricity-normalized,nswprice,45312.0,0.4488,0.1404,0.0,0.9818,0.0578,0.049,0.0383,8.7283,158.8133,0.0176,0.0394,0.3105,0.3151,0.2274,0.2762,0.3312,0.3809,7.6018,0.0,DecisionTree,0.7192644362995806,0.715582984653043,0.7178250162063544,0.7193638015144225,0.715806901145402,0.7204002457436391,0.7135372327012515,0.699189048632888,0.712276358774871
electricity-normalized,nswprice,45312.0,0.4488,0.1404,0.0,0.9818,0.0578,0.049,0.0383,8.7283,158.8133,0.0176,0.0394,0.3105,0.3151,0.2274,0.2762,0.3312,0.3809,7.6018,0.0,LogisticRegression,0.7045745824108881,0.7048079133081866,0.7016102457274609,0.7018264602561659,0.7027689195616766,0.7058432026622825,0.678428568840967,0.6882338865386142,0.7049799580751306
electricity-normalized,nswprice,45312.0,0.4488,0.1404,0.0,0.9818,0.0578,0.049,0.0383,8.7283,158.8133,0.0176,0.0394,0.3105,0.3151,0.2274,0.2762,0.3312,0.3809,7.6018,0.0,KNN,0.7174597593213119,0.7176032850695743,0.7180519995109819,0.7219453288836803,0.7208438691359602,0.7173977204818912,0.7183500243086585,0.7058322694518411,0.7175495182624733
electricity-normalized,nswprice,45312.0,0.4488,0.1404,0.0,0.9818,0.0578,0.049,0.0383,8.7283,158.8133,0.0176,0.0394,0.3105,0.3151,0.2274,0.2762,0.3312,0.3809,7.6018,0.0,RandomForest,0.732672354644931,0.7282038599475023,0.7269391874861475,0.7288396029595537,0.7266365852189869,0.7280983770456312,0.7275231328821589,0.7185764250841387,0.7256120058612388
electricity-normalized,nswprice,45312.0,0.4488,0.1404,0.0,0.9818,0.0578,0.049,0.0383,8.7283,158.8133,0.0176,0.0394,0.3105,0.3151,0.2274,0.2762,0.3312,0.3809,7.6018,0.0,AdaBoost,0.7022389688864223,0.7006826282442957,0.7052168107305398,0.7086954814018285,0.7073282249322987,0.7030278396405775,0.6979397375741148,0.6876553228162846,0.7052820910815953
electricity-normalized,nswprice,45312.0,0.4488,0.1404,0.0,0.9818,0.0578,0.049,0.0383,8.7283,158.8133,0.0176,0.0394,0.3105,0.3151,0.2274,0.2762,0.3312,0.3809,7.6018,0.0,SVC,0.6979607334383566,0.7017839850899317,0.6962030615166089,0.707865294153735,0.7123324321112521,0.6926373694751713,0.69681610914644,0.6931416832476058,0.7023502581043531
electricity-normalized,nswprice,45312.0,0.4004,0.1323,0.0,1.0,0.0579,0.0485,0.0412,9.3853,161.6803,0.0175,0.0393,0.2969,0.303,0.2223,0.2751,0.3236,0.3796,7.6046,0.0,DecisionTree,0.7263166844315347,0.7232133265955167,0.7252190182770504,0.7238078277457788,0.722908455914272,0.724072434678226,0.7163990071624391,0.7079255783661222,0.721881307397879
electricity-normalized,nswprice,45312.0,0.4004,0.1323,0.0,1.0,0.0579,0.0485,0.0412,9.3853,161.6803,0.0175,0.0393,0.2969,0.303,0.2223,0.2751,0.3236,0.3796,7.6046,0.0,LogisticRegression,0.7090430436039363,0.7095048097786671,0.7053893497464259,0.7055448535530172,0.70462180226864,0.7119409484749071,0.6766778382371885,0.6948718531432585,0.7050987234957868
electricity-normalized,nswprice,45312.0,0.4004,0.1323,0.0,1.0,0.0579,0.0485,0.0412,9.3853,161.6803,0.0175,0.0393,0.2969,0.303,0.2223,0.2751,0.3236,0.3796,7.6046,0.0,KNN,0.7275387086198252,0.7274816783235589,0.7309658959952287,0.7298457735708797,0.729891497275282,0.7260314713260658,0.7268868627497589,0.7129014465890049,0.7280021740233824
electricity-normalized,nswprice,45312.0,0.4004,0.1323,0.0,1.0,0.0579,0.0485,0.0412,9.3853,161.6803,0.0175,0.0393,0.2969,0.303,0.2223,0.2751,0.3236,0.3796,7.6046,0.0,RandomForest,0.7432205281978743,0.7379409110494541,0.7392896758326524,0.7378205608529684,0.7379425709012708,0.7371872488137392,0.7373918273366159,0.7243930717956958,0.7371058688966091
electricity-normalized,nswprice,45312.0,0.4004,0.1323,0.0,1.0,0.0579,0.0485,0.0412,9.3853,161.6803,0.0175,0.0393,0.2969,0.303,0.2223,0.2751,0.3236,0.3796,7.6046,0.0,AdaBoost,0.7121419289311544,0.7082939016048779,0.7128338110576882,0.7108063747765223,0.7125396744988983,0.7132810406679527,0.7072895841742158,0.6995079336686547,0.7088350666887013
electricity-normalized,nswprice,45312.0,0.4004,0.1323,0.0,1.0,0.0579,0.0485,0.0412,9.3853,161.6803,0.0175,0.0393,0.2969,0.303,0.2223,0.2751,0.3236,0.3796,7.6046,0.0,SVC,0.7137698101853884,0.7095887086060266,0.7069946829909393,0.7173825661372472,0.7198309805804444,0.7056809447535811,0.7002405192115533,0.6964333788410818,0.7140274532164994
electricity-normalized,nswprice,45312.0,0.3483,0.1246,0.0,1.0,0.058,0.0487,0.0416,9.6535,168.0134,0.0174,0.039,0.299,0.308,0.2237,0.274,0.3257,0.3776,7.6085,0.0,DecisionTree,0.7327866665164212,0.7306978658124174,0.7305397734283572,0.7300334597081894,0.7318993726562102,0.7316865054096718,0.7295805078702657,0.7162370635019418,0.7266634490623138
electricity-normalized,nswprice,45312.0,0.3483,0.1246,0.0,1.0,0.058,0.0487,0.0416,9.6535,168.0134,0.0174,0.039,0.299,0.308,0.2237,0.274,0.3257,0.3776,7.6085,0.0,LogisticRegression,0.7161322752138244,0.7173060710071424,0.714622256238321,0.7145838829184648,0.7147570028431914,0.7185244845227845,0.6872252691184543,0.7039659276189822,0.7127628980820747
electricity-normalized,nswprice,45312.0,0.3483,0.1246,0.0,1.0,0.058,0.0487,0.0416,9.6535,168.0134,0.0174,0.039,0.299,0.308,0.2237,0.274,0.3257,0.3776,7.6085,0.0,KNN,0.7332822657403746,0.7337753431552853,0.736461159426802,0.7365911561675373,0.7367702721148917,0.733455862424176,0.7339704160080925,0.7219608912863473,0.7342204504450971
electricity-normalized,nswprice,45312.0,0.3483,0.1246,0.0,1.0,0.058,0.0487,0.0416,9.6535,168.0134,0.0174,0.039,0.299,0.308,0.2237,0.274,0.3257,0.3776,7.6085,0.0,RandomForest,0.7461296264466293,0.7445031599017636,0.7463106622664051,0.7462748478764266,0.7454617825688694,0.7439676769866798,0.745415432657226,0.7379979568962718,0.7452443929192045
electricity-normalized,nswprice,45312.0,0.3483,0.1246,0.0,1.0,0.058,0.0487,0.0416,9.6535,168.0134,0.0174,0.039,0.299,0.308,0.2237,0.274,0.3257,0.3776,7.6085,0.0,AdaBoost,0.7169224623166972,0.7147964719490096,0.72006343713739,0.7206047194809144,0.7217807069550116,0.7162168200405733,0.7081664462073665,0.7065023061264497,0.7141900024073948
electricity-normalized,nswprice,45312.0,0.3483,0.1246,0.0,1.0,0.058,0.0487,0.0416,9.6535,168.0134,0.0174,0.039,0.299,0.308,0.2237,0.274,0.3257,0.3776,7.6085,0.0,SVC,0.7092975064382114,0.7194033739010655,0.7262835602470123,0.7228109025625519,0.71614477222481,0.7105698414190698,0.7147901480146177,0.7071983760120558,0.7207099462597453
electricity-normalized,nswprice,45312.0,0.3026,0.1178,0.0,1.0,0.0577,0.0486,0.0387,8.4663,145.9971,0.0175,0.0392,0.306,0.307,0.2242,0.2733,0.3266,0.3769,7.6177,0.0,DecisionTree,0.737936386981594,0.7396148657531765,0.7397366417440256,0.7391632957806953,0.7395426170035382,0.7367717061822026,0.7342538542783704,0.7269782830458043,0.7379380362165947
electricity-normalized,nswprice,45312.0,0.3026,0.1178,0.0,1.0,0.0577,0.0486,0.0387,8.4663,145.9971,0.0175,0.0392,0.306,0.307,0.2242,0.2733,0.3266,0.3769,7.6177,0.0,LogisticRegression,0.7224275442112815,0.7237276966079654,0.7202175229483456,0.7196684667936768,0.7195506702933803,0.7250618763428972,0.6910825523951176,0.710498307372377,0.7201846288863795
electricity-normalized,nswprice,45312.0,0.3026,0.1178,0.0,1.0,0.0577,0.0486,0.0387,8.4663,145.9971,0.0175,0.0392,0.306,0.307,0.2242,0.2733,0.3266,0.3769,7.6177,0.0,KNN,0.7402033345202574,0.7407131471611909,0.7431841373285445,0.7429282872273474,0.7434776427539045,0.739488872016566,0.741677371894656,0.732155874216809,0.7416239658372771
electricity-normalized,nswprice,45312.0,0.3026,0.1178,0.0,1.0,0.0577,0.0486,0.0387,8.4663,145.9971,0.0175,0.0392,0.306,0.307,0.2242,0.2733,0.3266,0.3769,7.6177,0.0,RandomForest,0.7562361934424058,0.7535935894521084,0.7556946113120417,0.7546264580221709,0.7550651707337889,0.7534299884753124,0.7544819155590022,0.7475107845111759,0.7524689142812773
electricity-normalized,nswprice,45312.0,0.3026,0.1178,0.0,1.0,0.0577,0.0486,0.0387,8.4663,145.9971,0.0175,0.0392,0.306,0.307,0.2242,0.2733,0.3266,0.3769,7.6177,0.0,AdaBoost,0.7212705088003304,0.7219168968872871,0.7263032064399138,0.7256424719741771,0.7260720198011659,0.7228488279951578,0.7168051194118344,0.7124425229084996,0.7244320141168106
electricity-normalized,nswprice,45312.0,0.3026,0.1178,0.0,1.0,0.0577,0.0486,0.0387,8.4663,145.9971,0.0175,0.0392,0.306,0.307,0.2242,0.2733,0.3266,0.3769,7.6177,0.0,SVC,0.7216733305450069,0.7141842651930728,0.7301441437584164,0.7200042896282097,0.7290170874339871,0.7301500283792406,0.7062893614036586,0.7196282044830837,0.7231631509297805
electricity-normalized,nswprice,45312.0,0.2487,0.1122,0.0,1.0,0.0581,0.0489,0.0406,9.1539,157.127,0.0175,0.0392,0.302,0.3075,0.2252,0.2753,0.328,0.3796,7.6311,0.0,DecisionTree,0.7448028098071607,0.7441801775384251,0.7450319434351453,0.7438517214680864,0.7469862652496815,0.7430411649149866,0.7400254109488079,0.7395184518275106,0.7426708001755736
electricity-normalized,nswprice,45312.0,0.2487,0.1122,0.0,1.0,0.0581,0.0489,0.0406,9.1539,157.127,0.0175,0.0392,0.302,0.3075,0.2252,0.2753,0.328,0.3796,7.6311,0.0,LogisticRegression,0.727503399914371,0.7278520095276473,0.7243376376227622,0.7258441034339569,0.7253693629955077,0.7294626270045184,0.7066013991097658,0.7158637660868291,0.7282582252503568
electricity-normalized,nswprice,45312.0,0.2487,0.1122,0.0,1.0,0.0581,0.0489,0.0406,9.1539,157.127,0.0175,0.0392,0.302,0.3075,0.2252,0.2753,0.328,0.3796,7.6311,0.0,KNN,0.7483667385983757,0.747454687426279,0.7502716473942344,0.7483965811194656,0.7499718975038416,0.7467551272645874,0.7468989280677706,0.7419373900165376,0.7495500433104643
electricity-normalized,nswprice,45312.0,0.2487,0.1122,0.0,1.0,0.0581,0.0489,0.0406,9.1539,157.127,0.0175,0.0392,0.302,0.3075,0.2252,0.2753,0.328,0.3796,7.6311,0.0,RandomForest,0.7650315668680692,0.7646467391868097,0.7635716932846215,0.7643989205925334,0.7637798082052891,0.7653624399720921,0.7622107827296712,0.7577103209582556,0.7649790263732047
electricity-normalized,nswprice,45312.0,0.2487,0.1122,0.0,1.0,0.0581,0.0489,0.0406,9.1539,157.127,0.0175,0.0392,0.302,0.3075,0.2252,0.2753,0.328,0.3796,7.6311,0.0,AdaBoost,0.728268889367248,0.7308157409861826,0.7318410138836087,0.7307898260760463,0.7327962400162363,0.7282893148561034,0.7232612994400585,0.721200702531237,0.7310800404778848
electricity-normalized,nswprice,45312.0,0.2487,0.1122,0.0,1.0,0.0581,0.0489,0.0406,9.1539,157.127,0.0175,0.0392,0.302,0.3075,0.2252,0.2753,0.328,0.3796,7.6311,0.0,SVC,0.7227870319527696,0.7360794955705575,0.733656748209773,0.7328146824215016,0.7181831251611385,0.7346766923704499,0.7241241476796246,0.7216906162314191,0.7301996930303475
electricity-normalized,nswprice,45312.0,0.2005,0.1067,0.0,1.0,0.0578,0.0485,0.0393,8.551,146.0784,0.0174,0.0393,0.3056,0.3089,0.2258,0.2738,0.3289,0.3771,7.6273,0.0,DecisionTree,0.7518156964829925,0.7467291500308259,0.7530696737057511,0.7511478387388664,0.7532606189185598,0.7471845707311385,0.7482100563878855,0.7422827113879189,0.7486706503571872
electricity-normalized,nswprice,45312.0,0.2005,0.1067,0.0,1.0,0.0578,0.0485,0.0393,8.551,146.0784,0.0174,0.0393,0.3056,0.3089,0.2258,0.2738,0.3289,0.3771,7.6273,0.0,LogisticRegression,0.7314960790467797,0.7321257424778818,0.7297703152200362,0.7297239276806784,0.7299589240521112,0.7328825760327897,0.7167241171564167,0.7240277811049954,0.7302319669998306
electricity-normalized,nswprice,45312.0,0.2005,0.1067,0.0,1.0,0.0578,0.0485,0.0393,8.551,146.0784,0.0174,0.0393,0.3056,0.3089,0.2258,0.2738,0.3289,0.3771,7.6273,0.0,KNN,0.7531889644874021,0.7529781627672332,0.757809354127344,0.7572370293760942,0.7557884165559949,0.7523264596309609,0.7528548652971738,0.7479251992332926,0.7552891771129793
electricity-normalized,nswprice,45312.0,0.2005,0.1067,0.0,1.0,0.0578,0.0485,0.0393,8.551,146.0784,0.0174,0.0393,0.3056,0.3089,0.2258,0.2738,0.3289,0.3771,7.6273,0.0,RandomForest,0.7731633129688316,0.7718654455051702,0.7723799609402344,0.7726546495324276,0.7739194089342405,0.7714850251744906,0.7736338745499716,0.766432841890446,0.771103124002717
electricity-normalized,nswprice,45312.0,0.2005,0.1067,0.0,1.0,0.0578,0.0485,0.0393,8.551,146.0784,0.0174,0.0393,0.3056,0.3089,0.2258,0.2738,0.3289,0.3771,7.6273,0.0,AdaBoost,0.7331593366881612,0.7342505911237235,0.7365758735918763,0.7353220980108811,0.7359518698255394,0.7333827250138962,0.7262646667240427,0.7270534429955633,0.7358750533947829
electricity-normalized,nswprice,45312.0,0.2005,0.1067,0.0,1.0,0.0578,0.0485,0.0393,8.551,146.0784,0.0174,0.0393,0.3056,0.3089,0.2258,0.2738,0.3289,0.3771,7.6273,0.0,SVC,0.727342778435036,0.7355041027110004,0.730615943531857,0.7389740557916769,0.7382175972394195,0.733116792672342,0.7305798704139602,0.7335466669595442,0.7331733329690375
electricity-normalized,nswprice,45312.0,0.151,0.1023,0.0,1.0,0.058,0.0487,0.0407,9.1853,159.0785,0.0174,0.0392,0.3027,0.3045,0.2256,0.2735,0.3286,0.3771,7.6383,0.0,DecisionTree,0.7571433389612682,0.7556520726595114,0.7583602621760166,0.7591593919088716,0.7574169340688267,0.7538349435504204,0.7566857173969836,0.7527518173603913,0.7556212940898055
electricity-normalized,nswprice,45312.0,0.151,0.1023,0.0,1.0,0.058,0.0487,0.0407,9.1853,159.0785,0.0174,0.0392,0.3027,0.3045,0.2256,0.2735,0.3286,0.3771,7.6383,0.0,LogisticRegression,0.7405247648234763,0.7415270288335619,0.7377720100621734,0.7378916583024763,0.7379980939623563,0.7415733050540378,0.7295041223143678,0.7324729541632455,0.7381888194824223
electricity-normalized,nswprice,45312.0,0.151,0.1023,0.0,1.0,0.058,0.0487,0.0407,9.1853,159.0785,0.0174,0.0392,0.3027,0.3045,0.2256,0.2735,0.3286,0.3771,7.6383,0.0,KNN,0.7614505398669238,0.7626236239431088,0.7647745179078114,0.765226989074743,0.7650427804194083,0.76175036842264,0.7607001684737973,0.7572037369142496,0.7640206792037264
electricity-normalized,nswprice,45312.0,0.151,0.1023,0.0,1.0,0.058,0.0487,0.0407,9.1853,159.0785,0.0174,0.0392,0.3027,0.3045,0.2256,0.2735,0.3286,0.3771,7.6383,0.0,RandomForest,0.7830911539373413,0.7811376922933582,0.781755789157814,0.7821405434865965,0.7854600014291895,0.7816829563668036,0.781299038729175,0.7765937211671687,0.784020887625323
electricity-normalized,nswprice,45312.0,0.151,0.1023,0.0,1.0,0.058,0.0487,0.0407,9.1853,159.0785,0.0174,0.0392,0.3027,0.3045,0.2256,0.2735,0.3286,0.3771,7.6383,0.0,AdaBoost,0.7430770609264165,0.743255491269147,0.7440885650709209,0.7428457797459485,0.7447958663122859,0.7426363318976471,0.7323617591511782,0.7387063400756664,0.7420314677679141
electricity-normalized,nswprice,45312.0,0.151,0.1023,0.0,1.0,0.058,0.0487,0.0407,9.1853,159.0785,0.0174,0.0392,0.3027,0.3045,0.2256,0.2735,0.3286,0.3771,7.6383,0.0,SVC,0.7444855439654517,0.7432389959615344,0.7411721850821025,0.7482960918277601,0.7379921687610393,0.7479880299996616,0.7416604459933962,0.7357301182951649,0.7482235141303392
electricity-normalized,nswprice,45312.0,0.1018,0.0974,0.0,1.0,0.0579,0.0487,0.0399,9.1238,161.2302,0.0174,0.0392,0.3038,0.3042,0.2247,0.2728,0.3273,0.3759,7.6345,0.0,DecisionTree,0.7657658400481493,0.7644623643247981,0.7681011645357765,0.766580658275826,0.7663940498391912,0.766860431762056,0.7627489190934745,0.7616842483552445,0.7649576347182976
electricity-normalized,nswprice,45312.0,0.1018,0.0974,0.0,1.0,0.0579,0.0487,0.0399,9.1238,161.2302,0.0174,0.0392,0.3038,0.3042,0.2247,0.2728,0.3273,0.3759,7.6345,0.0,LogisticRegression,0.7439496811059585,0.744597814281815,0.7436346716788806,0.7442170099145052,0.7444695357052178,0.7457931665614433,0.7369914824717638,0.7403140737579244,0.7442152054164053
electricity-normalized,nswprice,45312.0,0.1018,0.0974,0.0,1.0,0.0579,0.0487,0.0399,9.1238,161.2302,0.0174,0.0392,0.3038,0.3042,0.2247,0.2728,0.3273,0.3759,7.6345,0.0,KNN,0.7676709970003621,0.7679310178607854,0.7698854903956047,0.7683588468307498,0.7702130835956349,0.7685004446942749,0.7664013156322611,0.7675301257389218,0.7693753782695198
electricity-normalized,nswprice,45312.0,0.1018,0.0974,0.0,1.0,0.0579,0.0487,0.0399,9.1238,161.2302,0.0174,0.0392,0.3038,0.3042,0.2247,0.2728,0.3273,0.3759,7.6345,0.0,RandomForest,0.7924354076878621,0.7910390283784519,0.7908380865545974,0.7908867818805081,0.7917501119590236,0.7912227206549801,0.7912291763516779,0.7894684696200773,0.7915920729820862
electricity-normalized,nswprice,45312.0,0.1018,0.0974,0.0,1.0,0.0579,0.0487,0.0399,9.1238,161.2302,0.0174,0.0392,0.3038,0.3042,0.2247,0.2728,0.3273,0.3759,7.6345,0.0,AdaBoost,0.7467054857748496,0.749517625950439,0.7496405168652998,0.7485253772380871,0.7503115381687548,0.7490392480335679,0.7418198359982753,0.7458509552627055,0.7481441552462675
electricity-normalized,nswprice,45312.0,0.1018,0.0974,0.0,1.0,0.0579,0.0487,0.0399,9.1238,161.2302,0.0174,0.0392,0.3038,0.3042,0.2247,0.2728,0.3273,0.3759,7.6345,0.0,SVC,0.7431560152229354,0.7546761907752744,0.7550615208620235,0.756149909650141,0.7541785234577141,0.7515708818709889,0.7484865946250379,0.7477377505961811,0.7506615543282968
electricity-normalized,nswprice,45312.0,0.0494,0.0935,0.0,1.0,0.0578,0.0486,0.04,9.1859,161.5612,0.0174,0.0392,0.3032,0.3066,0.2251,0.2744,0.3277,0.3784,7.6397,0.0,DecisionTree,0.7744555593029133,0.770719512593993,0.7756498782594682,0.7740678461787638,0.775013453335207,0.7746597920761529,0.7705164780613454,0.7728918582992194,0.7747998135988169
electricity-normalized,nswprice,45312.0,0.0494,0.0935,0.0,1.0,0.0578,0.0486,0.04,9.1859,161.5612,0.0174,0.0392,0.3032,0.3066,0.2251,0.2744,0.3277,0.3784,7.6397,0.0,LogisticRegression,0.7498522892151627,0.7504276270138666,0.749379806944296,0.7497893295671315,0.7498762200017839,0.7507361518905208,0.7459951221889628,0.7476647171995914,0.7494683021423547
electricity-normalized,nswprice,45312.0,0.0494,0.0935,0.0,1.0,0.0578,0.0486,0.04,9.1859,161.5612,0.0174,0.0392,0.3032,0.3066,0.2251,0.2744,0.3277,0.3784,7.6397,0.0,KNN,0.7785629909296522,0.7792107434771233,0.7791673586951735,0.7793491710866247,0.7796561400308153,0.7785191453821139,0.7757221526460237,0.7775540178759752,0.7794381367491028
electricity-normalized,nswprice,45312.0,0.0494,0.0935,0.0,1.0,0.0578,0.0486,0.04,9.1859,161.5612,0.0174,0.0392,0.3032,0.3066,0.2251,0.2744,0.3277,0.3784,7.6397,0.0,RandomForest,0.802445363368276,0.8018216692600746,0.8025476689037254,0.802605676962407,0.8024383898607159,0.8018736022286381,0.8007127783417328,0.7999997944775602,0.8014129405641977
electricity-normalized,nswprice,45312.0,0.0494,0.0935,0.0,1.0,0.0578,0.0486,0.04,9.1859,161.5612,0.0174,0.0392,0.3032,0.3066,0.2251,0.2744,0.3277,0.3784,7.6397,0.0,AdaBoost,0.7548506959007133,0.7553369729163154,0.7562863833740611,0.7560507057033429,0.755967882011219,0.7555716787024089,0.751560453583218,0.7537523009922429,0.7544704271442874
electricity-normalized,nswprice,45312.0,0.0494,0.0935,0.0,1.0,0.0578,0.0486,0.04,9.1859,161.5612,0.0174,0.0392,0.3032,0.3066,0.2251,0.2744,0.3277,0.3784,7.6397,0.0,SVC,0.7550866717611504,0.7545481474003529,0.7577621366858015,0.7565494266105384,0.7584049828989354,0.7504480202382332,0.7505909896300323,0.7547203728922965,0.756187533684493
electricity-normalized,nswdemand,45312.0,0.4986,0.2109,0.0,1.0,0.4252,0.4435,0.1629,-0.1039,-0.4204,0.1113,0.2276,0.3061,0.6689,0.2257,0.5013,0.3286,0.6612,8.2488,0.0,DecisionTree,0.7745693757190191,0.7742010902336398,0.7746498471920022,0.7751455703629387,0.7727392797197254,0.7730318593778098,0.7736974694164694,0.7722972873998476,0.7726109698063268
electricity-normalized,nswdemand,45312.0,0.4986,0.2109,0.0,1.0,0.4252,0.4435,0.1629,-0.1039,-0.4204,0.1113,0.2276,0.3061,0.6689,0.2257,0.5013,0.3286,0.6612,8.2488,0.0,LogisticRegression,0.7476433076891528,0.7488646897515268,0.7510245766201851,0.7514224001327351,0.7504917741544865,0.7490294057559705,0.7492465158353923,0.7475333176095174,0.7503316822951942
electricity-normalized,nswdemand,45312.0,0.4986,0.2109,0.0,1.0,0.4252,0.4435,0.1629,-0.1039,-0.4204,0.1113,0.2276,0.3061,0.6689,0.2257,0.5013,0.3286,0.6612,8.2488,0.0,KNN,0.7741785576884521,0.7741842448049108,0.7754620430617876,0.7745028947310559,0.7748190823077692,0.7746622546290625,0.7742272442969376,0.767092522908271,0.7733767211906027
electricity-normalized,nswdemand,45312.0,0.4986,0.2109,0.0,1.0,0.4252,0.4435,0.1629,-0.1039,-0.4204,0.1113,0.2276,0.3061,0.6689,0.2257,0.5013,0.3286,0.6612,8.2488,0.0,RandomForest,0.7959189818719138,0.795601209434643,0.7953374723995543,0.7945375871938634,0.7953932873288461,0.7958557606001362,0.791060639628796,0.7913318765907555,0.7938981771262159
electricity-normalized,nswdemand,45312.0,0.4986,0.2109,0.0,1.0,0.4252,0.4435,0.1629,-0.1039,-0.4204,0.1113,0.2276,0.3061,0.6689,0.2257,0.5013,0.3286,0.6612,8.2488,0.0,AdaBoost,0.758164739978176,0.759199275378004,0.7582846872392859,0.7596706864442067,0.7594126972178757,0.7588175112629086,0.7573436138782292,0.7573565164824215,0.7584717340590792
electricity-normalized,nswdemand,45312.0,0.4986,0.2109,0.0,1.0,0.4252,0.4435,0.1629,-0.1039,-0.4204,0.1113,0.2276,0.3061,0.6689,0.2257,0.5013,0.3286,0.6612,8.2488,0.0,SVC,0.7430903487621492,0.7526972537379535,0.7597992436859698,0.7607170591978667,0.7574762393096659,0.7596719611717223,0.7469919164176007,0.754754194776063,0.75158467703309
electricity-normalized,nswdemand,45312.0,0.4508,0.1959,0.0,0.9625,0.4245,0.4421,0.1639,-0.0858,-0.4197,0.1109,0.2279,0.3097,0.6694,0.2251,0.5015,0.3275,0.661,8.2637,0.0,DecisionTree,0.7720705586251194,0.772860824820743,0.7753002233592521,0.7743231195925412,0.7728842996602451,0.771950029420031,0.7720539173585029,0.7718655311302492,0.7741258374860011
electricity-normalized,nswdemand,45312.0,0.4508,0.1959,0.0,0.9625,0.4245,0.4421,0.1639,-0.0858,-0.4197,0.1109,0.2279,0.3097,0.6694,0.2251,0.5015,0.3275,0.661,8.2637,0.0,LogisticRegression,0.7474079607264275,0.7493190460096754,0.7521677244835013,0.7526229902616306,0.7521887450251526,0.748793901518248,0.748749009652398,0.7471849984460559,0.7517167509211315
electricity-normalized,nswdemand,45312.0,0.4508,0.1959,0.0,0.9625,0.4245,0.4421,0.1639,-0.0858,-0.4197,0.1109,0.2279,0.3097,0.6694,0.2251,0.5015,0.3275,0.661,8.2637,0.0,KNN,0.7758527204305823,0.7747719538543967,0.7752034347456532,0.774121678217951,0.7743170196352,0.775697973463068,0.7749224984075437,0.7682728520605207,0.7748746869556185
electricity-normalized,nswdemand,45312.0,0.4508,0.1959,0.0,0.9625,0.4245,0.4421,0.1639,-0.0858,-0.4197,0.1109,0.2279,0.3097,0.6694,0.2251,0.5015,0.3275,0.661,8.2637,0.0,RandomForest,0.7951903164314593,0.7967116734519369,0.7981456115727567,0.7962582786551202,0.7967663926709578,0.7956389039322693,0.7916976302798653,0.7920002131221393,0.7959980114265791
electricity-normalized,nswdemand,45312.0,0.4508,0.1959,0.0,0.9625,0.4245,0.4421,0.1639,-0.0858,-0.4197,0.1109,0.2279,0.3097,0.6694,0.2251,0.5015,0.3275,0.661,8.2637,0.0,AdaBoost,0.7596150913936158,0.7601981202142639,0.7597039142640579,0.7596436467695501,0.7599179638021802,0.7604342389790222,0.7607597377823274,0.758804657393805,0.7597930049311659
electricity-normalized,nswdemand,45312.0,0.4508,0.1959,0.0,0.9625,0.4245,0.4421,0.1639,-0.0858,-0.4197,0.1109,0.2279,0.3097,0.6694,0.2251,0.5015,0.3275,0.661,8.2637,0.0,SVC,0.7479471311609522,0.7600905599433413,0.7581324748444986,0.7544402653035114,0.7636133687175948,0.7490420258968556,0.7478341672456938,0.7589156169792435,0.763108622251361
electricity-normalized,nswdemand,45312.0,0.4031,0.1828,0.0,1.0,0.4249,0.4429,0.1643,-0.0897,-0.4436,0.1123,0.2297,0.3073,0.6694,0.2259,0.5029,0.3287,0.6634,8.2782,0.0,DecisionTree,0.7758021802688919,0.7762708947102896,0.7728258018015652,0.7757006976814513,0.775979154063503,0.7752871120763867,0.7757474864000179,0.7752056846110364,0.7750977354632109
electricity-normalized,nswdemand,45312.0,0.4031,0.1828,0.0,1.0,0.4249,0.4429,0.1643,-0.0897,-0.4436,0.1123,0.2297,0.3073,0.6694,0.2259,0.5029,0.3287,0.6634,8.2782,0.0,LogisticRegression,0.7495564379801989,0.7504975136065575,0.7525711020167002,0.7528700888679314,0.7523563038386794,0.7492235161400771,0.7507904194412202,0.7492799827661087,0.7523506072988002
electricity-normalized,nswdemand,45312.0,0.4031,0.1828,0.0,1.0,0.4249,0.4429,0.1643,-0.0897,-0.4436,0.1123,0.2297,0.3073,0.6694,0.2259,0.5029,0.3287,0.6634,8.2782,0.0,KNN,0.775115807509187,0.7737239050182604,0.7742511632738747,0.7750591237478505,0.7748802564984423,0.7760518533728935,0.774775194045639,0.7721781817319826,0.7747872495765316
electricity-normalized,nswdemand,45312.0,0.4031,0.1828,0.0,1.0,0.4249,0.4429,0.1643,-0.0897,-0.4436,0.1123,0.2297,0.3073,0.6694,0.2259,0.5029,0.3287,0.6634,8.2782,0.0,RandomForest,0.8014661282057203,0.800140282475866,0.8003025637026666,0.8006381719914175,0.7992840811557129,0.8003960532464928,0.7978070573939772,0.795919672725979,0.7996648332154027
electricity-normalized,nswdemand,45312.0,0.4031,0.1828,0.0,1.0,0.4249,0.4429,0.1643,-0.0897,-0.4436,0.1123,0.2297,0.3073,0.6694,0.2259,0.5029,0.3287,0.6634,8.2782,0.0,AdaBoost,0.7601638429511854,0.7599688008234846,0.7598697938310921,0.7596742072397984,0.7599454690879245,0.7596576052592987,0.7607307140273726,0.7593995384642732,0.7599415909043908
electricity-normalized,nswdemand,45312.0,0.4031,0.1828,0.0,1.0,0.4249,0.4429,0.1643,-0.0897,-0.4436,0.1123,0.2297,0.3073,0.6694,0.2259,0.5029,0.3287,0.6634,8.2782,0.0,SVC,0.7586874229601273,0.7594911471498845,0.7570971624720624,0.7585822033935341,0.7576477914737978,0.755336474509725,0.7606892672121757,0.7616997359032767,0.7608803853077097
electricity-normalized,nswdemand,45312.0,0.3468,0.1687,0.0,0.9808,0.4263,0.4436,0.1635,-0.0982,-0.4211,0.1107,0.2269,0.3058,0.6684,0.2274,0.5002,0.331,0.6596,8.2854,0.0,DecisionTree,0.7721180086978185,0.772561220815025,0.7750416769473727,0.7719028439337373,0.7720711320572768,0.7735119880023047,0.7733919258793703,0.7707660764241835,0.7732927842650866
electricity-normalized,nswdemand,45312.0,0.3468,0.1687,0.0,0.9808,0.4263,0.4436,0.1635,-0.0982,-0.4211,0.1107,0.2269,0.3058,0.6684,0.2274,0.5002,0.331,0.6596,8.2854,0.0,LogisticRegression,0.7481109414047253,0.750699569638066,0.7520761517348572,0.752664966380845,0.7526893784484824,0.7496351458437609,0.7497138196291756,0.74904746912606,0.7527924715090276
electricity-normalized,nswdemand,45312.0,0.3468,0.1687,0.0,0.9808,0.4263,0.4436,0.1635,-0.0982,-0.4211,0.1107,0.2269,0.3058,0.6684,0.2274,0.5002,0.331,0.6596,8.2854,0.0,KNN,0.777211492446368,0.7771891859895925,0.7759785736151353,0.7761272813458058,0.7749740069763863,0.7762712306705494,0.777641162566713,0.7719067614512999,0.7770998287950129
electricity-normalized,nswdemand,45312.0,0.3468,0.1687,0.0,0.9808,0.4263,0.4436,0.1635,-0.0982,-0.4211,0.1107,0.2269,0.3058,0.6684,0.2274,0.5002,0.331,0.6596,8.2854,0.0,RandomForest,0.8004444994808054,0.7989122689093717,0.7999779759306491,0.7996426634959882,0.7979955726830466,0.7988934116603633,0.799882370535171,0.7966259659976274,0.7994278580601277
electricity-normalized,nswdemand,45312.0,0.3468,0.1687,0.0,0.9808,0.4263,0.4436,0.1635,-0.0982,-0.4211,0.1107,0.2269,0.3058,0.6684,0.2274,0.5002,0.331,0.6596,8.2854,0.0,AdaBoost,0.7588975825600389,0.7592508538652585,0.7600384615104308,0.7598848000643754,0.7595297328116585,0.7595367776922511,0.7604603646884303,0.758070254589096,0.7598744673710518
electricity-normalized,nswdemand,45312.0,0.3468,0.1687,0.0,0.9808,0.4263,0.4436,0.1635,-0.0982,-0.4211,0.1107,0.2269,0.3058,0.6684,0.2274,0.5002,0.331,0.6596,8.2854,0.0,SVC,0.7517811061612413,0.7609436055944299,0.75333130638218,0.7524660941418198,0.7601960695642332,0.7557851247537222,0.7609348966347637,0.7551712802203456,0.7579893158449548
electricity-normalized,nswdemand,45312.0,0.2982,0.1586,0.0,1.0,0.4261,0.4441,0.163,-0.0954,-0.4134,0.1107,0.2267,0.3053,0.6679,0.2246,0.5013,0.3269,0.6613,8.288,0.0,DecisionTree,0.7721089739020638,0.7726201789789395,0.7715565354495697,0.7727260916887516,0.7710305052844149,0.7736072208384267,0.7735926163709081,0.7709509284822068,0.7717918360758149
electricity-normalized,nswdemand,45312.0,0.2982,0.1586,0.0,1.0,0.4261,0.4441,0.163,-0.0954,-0.4134,0.1107,0.2267,0.3053,0.6679,0.2246,0.5013,0.3269,0.6613,8.288,0.0,LogisticRegression,0.7491396417604448,0.751407122982182,0.7522999334191567,0.7527439465396601,0.7522494808454636,0.7500963703050061,0.7492508908475123,0.7497554697337915,0.7519287957110927
electricity-normalized,nswdemand,45312.0,0.2982,0.1586,0.0,1.0,0.4261,0.4441,0.163,-0.0954,-0.4134,0.1107,0.2267,0.3053,0.6679,0.2246,0.5013,0.3269,0.6613,8.288,0.0,KNN,0.7741757500423885,0.7759587745919634,0.7754589270710738,0.7772537006419142,0.7761273073712571,0.7767356396716297,0.7752479855048872,0.7737959806980754,0.7763010084568538
electricity-normalized,nswdemand,45312.0,0.2982,0.1586,0.0,1.0,0.4261,0.4441,0.163,-0.0954,-0.4134,0.1107,0.2267,0.3053,0.6679,0.2246,0.5013,0.3269,0.6613,8.288,0.0,RandomForest,0.8002418101193026,0.7998416166513982,0.7985296066241458,0.7994945516883368,0.7995224285821104,0.798424153264282,0.7982917601517232,0.7953559852004346,0.7986541101593146
electricity-normalized,nswdemand,45312.0,0.2982,0.1586,0.0,1.0,0.4261,0.4441,0.163,-0.0954,-0.4134,0.1107,0.2267,0.3053,0.6679,0.2246,0.5013,0.3269,0.6613,8.288,0.0,AdaBoost,0.7597769543127066,0.7603498891983346,0.7603794271641418,0.7611532763388908,0.760876340394684,0.7611160317065968,0.7603108028340035,0.7593324591961015,0.760910076737451
electricity-normalized,nswdemand,45312.0,0.2982,0.1586,0.0,1.0,0.4261,0.4441,0.163,-0.0954,-0.4134,0.1107,0.2267,0.3053,0.6679,0.2246,0.5013,0.3269,0.6613,8.288,0.0,SVC,0.7606223960440064,0.7550746651628273,0.7609102255019133,0.7621088586342791,0.7600909118246675,0.7563009027308065,0.7605590423255267,0.762275624078138,0.758585905797459
electricity-normalized,nswdemand,45312.0,0.2516,0.1495,0.0,1.0,0.4257,0.4441,0.1628,-0.0993,-0.402,0.1097,0.2263,0.3014,0.6662,0.2215,0.4985,0.3225,0.6581,8.2889,0.0,DecisionTree,0.7750552804276498,0.7744772132916384,0.7750461330559213,0.7770538616805476,0.7755257787551723,0.7760423139435546,0.7749030610091895,0.7734452098314687,0.7764406326847929
electricity-normalized,nswdemand,45312.0,0.2516,0.1495,0.0,1.0,0.4257,0.4441,0.1628,-0.0993,-0.402,0.1097,0.2263,0.3014,0.6662,0.2215,0.4985,0.3225,0.6581,8.2889,0.0,LogisticRegression,0.7497763807079836,0.7511330628593029,0.7521105486129329,0.7527588463719463,0.7521703908532777,0.7506592057003902,0.7508763256361101,0.7498217715243769,0.7526168908374525
electricity-normalized,nswdemand,45312.0,0.2516,0.1495,0.0,1.0,0.4257,0.4441,0.1628,-0.0993,-0.402,0.1097,0.2263,0.3014,0.6662,0.2215,0.4985,0.3225,0.6581,8.2889,0.0,KNN,0.7757474765946858,0.7762950285239901,0.7785448124498675,0.7762281040189264,0.7746290897881993,0.7776432374366136,0.7769790435297674,0.7761143631074576,0.7759513985778869
electricity-normalized,nswdemand,45312.0,0.2516,0.1495,0.0,1.0,0.4257,0.4441,0.1628,-0.0993,-0.402,0.1097,0.2263,0.3014,0.6662,0.2215,0.4985,0.3225,0.6581,8.2889,0.0,RandomForest,0.8000809645854495,0.7966331236453692,0.7993857713394699,0.7991261272515077,0.7983823556910599,0.7988054093196117,0.797508956953103,0.7971008060599978,0.8001056346629546
electricity-normalized,nswdemand,45312.0,0.2516,0.1495,0.0,1.0,0.4257,0.4441,0.1628,-0.0993,-0.402,0.1097,0.2263,0.3014,0.6662,0.2215,0.4985,0.3225,0.6581,8.2889,0.0,AdaBoost,0.7596957045327684,0.7606449231540966,0.7604771814691883,0.7607000154012238,0.7604221775108914,0.7603877539638852,0.7599771792104648,0.759254449127094,0.7598122595765164
electricity-normalized,nswdemand,45312.0,0.2516,0.1495,0.0,1.0,0.4257,0.4441,0.1628,-0.0993,-0.402,0.1097,0.2263,0.3014,0.6662,0.2215,0.4985,0.3225,0.6581,8.2889,0.0,SVC,0.7583892154082683,0.7612227431276282,0.76072841280947,0.749999203824611,0.7629470249815029,0.7574797173029107,0.7564384523737026,0.7614100005449228,0.7605608639105693
electricity-normalized,nswdemand,45312.0,0.1988,0.1415,0.0012,0.9808,0.4252,0.4435,0.1634,-0.097,-0.4139,0.1107,0.2273,0.3055,0.6674,0.2223,0.5005,0.3236,0.6603,8.3,0.0,DecisionTree,0.7768009305236567,0.7768257419330276,0.7768728908060683,0.7778442774117843,0.7780276892676049,0.7788065155893059,0.778011437469035,0.7741904995673963,0.7786716677341212
electricity-normalized,nswdemand,45312.0,0.1988,0.1415,0.0012,0.9808,0.4252,0.4435,0.1634,-0.097,-0.4139,0.1107,0.2273,0.3055,0.6674,0.2223,0.5005,0.3236,0.6603,8.3,0.0,LogisticRegression,0.7511103917461537,0.7534696120991564,0.7531851434003979,0.7536570993981069,0.7536264465542446,0.7520119005522286,0.7512809135635787,0.7511475170393521,0.75355246970302
electricity-normalized,nswdemand,45312.0,0.1988,0.1415,0.0012,0.9808,0.4252,0.4435,0.1634,-0.097,-0.4139,0.1107,0.2273,0.3055,0.6674,0.2223,0.5005,0.3236,0.6603,8.3,0.0,KNN,0.7782710557704471,0.7792134825557392,0.7811085267961734,0.7797192189319698,0.7791075692402023,0.7805121889387391,0.7796169932305508,0.7785172975164221,0.779241462543082
electricity-normalized,nswdemand,45312.0,0.1988,0.1415,0.0012,0.9808,0.4252,0.4435,0.1634,-0.097,-0.4139,0.1107,0.2273,0.3055,0.6674,0.2223,0.5005,0.3236,0.6603,8.3,0.0,RandomForest,0.803167670345673,0.8002814349498336,0.8021857768006246,0.8026921280804666,0.801680661148759,0.8024670362971994,0.8012355936109252,0.8009068797324154,0.8026737680222709
electricity-normalized,nswdemand,45312.0,0.1988,0.1415,0.0012,0.9808,0.4252,0.4435,0.1634,-0.097,-0.4139,0.1107,0.2273,0.3055,0.6674,0.2223,0.5005,0.3236,0.6603,8.3,0.0,AdaBoost,0.7594715472216774,0.7610085945111986,0.7604032714293185,0.7611190623070904,0.7610247215662462,0.7602661526384613,0.7602155685072727,0.7591097590348153,0.7604268836254273
electricity-normalized,nswdemand,45312.0,0.1988,0.1415,0.0012,0.9808,0.4252,0.4435,0.1634,-0.097,-0.4139,0.1107,0.2273,0.3055,0.6674,0.2223,0.5005,0.3236,0.6603,8.3,0.0,SVC,0.7602734960783649,0.7603619206685824,0.7610795877714639,0.7644781099987137,0.7612185652743346,0.7574655084183459,0.7601211826086194,0.7585297305957291,0.7533619286684675
electricity-normalized,nswdemand,45312.0,0.1521,0.1348,0.0,1.0,0.4258,0.4438,0.1636,-0.0935,-0.4105,0.1109,0.2281,0.3069,0.6703,0.2258,0.5032,0.3287,0.6637,8.3056,0.0,DecisionTree,0.7763906811755512,0.7776479712068338,0.7767382433331875,0.7777679588421846,0.7764522210526339,0.7773255603138182,0.7755788127799442,0.7764107205270234,0.7759894770963832
electricity-normalized,nswdemand,45312.0,0.1521,0.1348,0.0,1.0,0.4258,0.4438,0.1636,-0.0935,-0.4105,0.1109,0.2281,0.3069,0.6703,0.2258,0.5032,0.3287,0.6637,8.3056,0.0,LogisticRegression,0.7506607156185463,0.7520753804782994,0.7518247397668556,0.7525346912194367,0.7519520182635868,0.7511466303335622,0.7506993597393422,0.750222793060439,0.752234095414274
electricity-normalized,nswdemand,45312.0,0.1521,0.1348,0.0,1.0,0.4258,0.4438,0.1636,-0.0935,-0.4105,0.1109,0.2281,0.3069,0.6703,0.2258,0.5032,0.3287,0.6637,8.3056,0.0,KNN,0.7797947910635634,0.7795597526390239,0.7808233090714551,0.7802426635486872,0.7799446053346153,0.7805215259015712,0.7793718428844011,0.7798369365350617,0.7808056761253003
electricity-normalized,nswdemand,45312.0,0.1521,0.1348,0.0,1.0,0.4258,0.4438,0.1636,-0.0935,-0.4105,0.1109,0.2281,0.3069,0.6703,0.2258,0.5032,0.3287,0.6637,8.3056,0.0,RandomForest,0.8035867282530913,0.8039216674309138,0.8044272116535194,0.8036249524220718,0.8049241447785177,0.8047363696463393,0.8032198296252231,0.8034201337440938,0.8045227994958218
electricity-normalized,nswdemand,45312.0,0.1521,0.1348,0.0,1.0,0.4258,0.4438,0.1636,-0.0935,-0.4105,0.1109,0.2281,0.3069,0.6703,0.2258,0.5032,0.3287,0.6637,8.3056,0.0,AdaBoost,0.7599807559726022,0.7609016367105871,0.7614619921716328,0.760739325416497,0.7608670700220241,0.7608834959850895,0.7595747715429548,0.75945501070613,0.7613658448366456
electricity-normalized,nswdemand,45312.0,0.1521,0.1348,0.0,1.0,0.4258,0.4438,0.1636,-0.0935,-0.4105,0.1109,0.2281,0.3069,0.6703,0.2258,0.5032,0.3287,0.6637,8.3056,0.0,SVC,0.7549580947373611,0.7622654115069463,0.7644916820709214,0.7626377305800263,0.7623339535249092,0.7603959786426744,0.7575464091828487,0.756068614068542,0.7644744612378248
electricity-normalized,nswdemand,45312.0,0.0984,0.1277,0.0,1.0,0.426,0.4441,0.1632,-0.0923,-0.3923,0.1103,0.2265,0.3039,0.67,0.2247,0.5023,0.327,0.6621,8.3077,0.0,DecisionTree,0.7773363030578039,0.7776747869110853,0.7796597995462162,0.779639585000601,0.7798572875335004,0.7781593610109596,0.7776941453602637,0.7768271609681706,0.7779961436622346
electricity-normalized,nswdemand,45312.0,0.0984,0.1277,0.0,1.0,0.426,0.4441,0.1632,-0.0923,-0.3923,0.1103,0.2265,0.3039,0.67,0.2247,0.5023,0.327,0.6621,8.3077,0.0,LogisticRegression,0.7526676431294336,0.7532356583733538,0.7534416133580005,0.753733036028635,0.7532489023565184,0.7528701201274044,0.7530122484816216,0.7523574542998517,0.7533844613588594
electricity-normalized,nswdemand,45312.0,0.0984,0.1277,0.0,1.0,0.426,0.4441,0.1632,-0.0923,-0.3923,0.1103,0.2265,0.3039,0.67,0.2247,0.5023,0.327,0.6621,8.3077,0.0,KNN,0.7826054634858179,0.7825611179110398,0.7827849096488658,0.7824568683439088,0.7834048041293344,0.7837687168945524,0.7824913454377643,0.7825769235193698,0.7828047239607517
electricity-normalized,nswdemand,45312.0,0.0984,0.1277,0.0,1.0,0.426,0.4441,0.1632,-0.0923,-0.3923,0.1103,0.2265,0.3039,0.67,0.2247,0.5023,0.327,0.6621,8.3077,0.0,RandomForest,0.8090167549517787,0.8071548985772756,0.8093399243939452,0.8082990179539121,0.8074773867636237,0.8069314062109603,0.8075165634706524,0.806239292815386,0.8068634625651094
electricity-normalized,nswdemand,45312.0,0.0984,0.1277,0.0,1.0,0.426,0.4441,0.1632,-0.0923,-0.3923,0.1103,0.2265,0.3039,0.67,0.2247,0.5023,0.327,0.6621,8.3077,0.0,AdaBoost,0.7611867687550611,0.7619846111345047,0.7620198177928182,0.7613839603578212,0.761819202046016,0.7618270758548943,0.7612312280406188,0.7604846941227158,0.7620039592579452
electricity-normalized,nswdemand,45312.0,0.0984,0.1277,0.0,1.0,0.426,0.4441,0.1632,-0.0923,-0.3923,0.1103,0.2265,0.3039,0.67,0.2247,0.5023,0.327,0.6621,8.3077,0.0,SVC,0.7622370774188885,0.7651455852986466,0.7664508869946332,0.7667433591054864,0.7603550608933283,0.7665390997808093,0.7650134991205122,0.7599780894305396,0.7549590275176916
electricity-normalized,nswdemand,45312.0,0.0515,0.1216,0.0,1.0,0.4253,0.4436,0.1631,-0.0983,-0.4087,0.1104,0.2266,0.3048,0.6672,0.2229,0.5006,0.3245,0.6604,8.3099,0.0,DecisionTree,0.7789795761301455,0.7799838145750497,0.7802923360758458,0.7796555956799213,0.7814363749946999,0.7821827059591455,0.7809011171574294,0.7812799363406656,0.7805286008727723
electricity-normalized,nswdemand,45312.0,0.0515,0.1216,0.0,1.0,0.4253,0.4436,0.1631,-0.0983,-0.4087,0.1104,0.2266,0.3048,0.6672,0.2229,0.5006,0.3245,0.6604,8.3099,0.0,LogisticRegression,0.7534907345805689,0.7533246937091144,0.7538311762157841,0.7537791290438803,0.7538395075946223,0.7540564728834738,0.7539545181323014,0.7533457126210106,0.7537991404165255
electricity-normalized,nswdemand,45312.0,0.0515,0.1216,0.0,1.0,0.4253,0.4436,0.1631,-0.0983,-0.4087,0.1104,0.2266,0.3048,0.6672,0.2229,0.5006,0.3245,0.6604,8.3099,0.0,KNN,0.7845719294515355,0.784242214226194,0.7845420565260562,0.7848730507915633,0.7848624865383682,0.7850667804881566,0.7850533873958924,0.7846119744176347,0.7848473614756893
electricity-normalized,nswdemand,45312.0,0.0515,0.1216,0.0,1.0,0.4253,0.4436,0.1631,-0.0983,-0.4087,0.1104,0.2266,0.3048,0.6672,0.2229,0.5006,0.3245,0.6604,8.3099,0.0,RandomForest,0.8093700489914066,0.8093971694459655,0.8095023762333513,0.8099168459273689,0.8086468440571444,0.810192299429513,0.8108490082899898,0.8089736226821891,0.8091248333986776
electricity-normalized,nswdemand,45312.0,0.0515,0.1216,0.0,1.0,0.4253,0.4436,0.1631,-0.0983,-0.4087,0.1104,0.2266,0.3048,0.6672,0.2229,0.5006,0.3245,0.6604,8.3099,0.0,AdaBoost,0.760566419864204,0.7616450656109796,0.7621630650185355,0.7623191573680457,0.7622358471718854,0.7617451671985795,0.7609280445116682,0.7609261591737498,0.7622343222311657
electricity-normalized,nswdemand,45312.0,0.0515,0.1216,0.0,1.0,0.4253,0.4436,0.1631,-0.0983,-0.4087,0.1104,0.2266,0.3048,0.6672,0.2229,0.5006,0.3245,0.6604,8.3099,0.0,SVC,0.7617454491063793,0.762965219027326,0.7587619140557831,0.7645547275959418,0.7668404234667668,0.7670825144255452,0.7648259255132803,0.7619515704929349,0.760715540320057
electricity-normalized,vicdemand,45312.0,0.5063,0.1154,0.0,1.0,0.4233,0.4229,0.1203,0.1715,0.9716,0.0473,0.0945,0.3029,0.6679,0.2725,0.5001,0.3759,0.6593,5.3509,0.0,DecisionTree,0.7697077596909162,0.7674645933267192,0.7686779333140277,0.7705619584850841,0.7711693524637903,0.7716289231797127,0.7673568939492736,0.7662781463206196,0.769678304470768
electricity-normalized,vicdemand,45312.0,0.5063,0.1154,0.0,1.0,0.4233,0.4229,0.1203,0.1715,0.9716,0.0473,0.0945,0.3029,0.6679,0.2725,0.5001,0.3759,0.6593,5.3509,0.0,LogisticRegression,0.7546648846567657,0.7545271021228386,0.7530177906021307,0.7535196211661296,0.75338382629898,0.7546856051218209,0.7546475601292435,0.7547719699467133,0.7532508517774382
electricity-normalized,vicdemand,45312.0,0.5063,0.1154,0.0,1.0,0.4233,0.4229,0.1203,0.1715,0.9716,0.0473,0.0945,0.3029,0.6679,0.2725,0.5001,0.3759,0.6593,5.3509,0.0,KNN,0.7677397690689141,0.7672859049996151,0.7696925287369674,0.7699131272107265,0.7686955862927229,0.766778776447546,0.768032998840112,0.7632686569251433,0.7676316112021451
electricity-normalized,vicdemand,45312.0,0.5063,0.1154,0.0,1.0,0.4233,0.4229,0.1203,0.1715,0.9716,0.0473,0.0945,0.3029,0.6679,0.2725,0.5001,0.3759,0.6593,5.3509,0.0,RandomForest,0.7916654539549012,0.7879155976045347,0.7892727551547387,0.7877058054953259,0.7862814070275956,0.786464799099409,0.7884573141495648,0.7859129745507233,0.7877515078904319
electricity-normalized,vicdemand,45312.0,0.5063,0.1154,0.0,1.0,0.4233,0.4229,0.1203,0.1715,0.9716,0.0473,0.0945,0.3029,0.6679,0.2725,0.5001,0.3759,0.6593,5.3509,0.0,AdaBoost,0.7579456782261066,0.756928942664903,0.7570262933708826,0.7571395164849439,0.7571270405404479,0.7566988852198734,0.7581503361712809,0.7576703893132215,0.7566495135718743
electricity-normalized,vicdemand,45312.0,0.5063,0.1154,0.0,1.0,0.4233,0.4229,0.1203,0.1715,0.9716,0.0473,0.0945,0.3029,0.6679,0.2725,0.5001,0.3759,0.6593,5.3509,0.0,SVC,0.749997416155014,0.7524044344521941,0.7534839235782304,0.7531313357140521,0.7555610671398858,0.7533022926815961,0.7528626722420271,0.7562859752054732,0.7480019584752695
electricity-normalized,vicdemand,45312.0,0.4528,0.1069,0.0,0.9969,0.4228,0.4229,0.1212,0.1768,0.8901,0.0486,0.0968,0.2989,0.6677,0.2707,0.5014,0.3739,0.6612,5.3793,0.0,DecisionTree,0.7705281076339306,0.7718609857155649,0.7715217956472079,0.7706012351703888,0.7727088444033404,0.7706092764612903,0.7695019259440237,0.7695117210863588,0.7704360537117272
electricity-normalized,vicdemand,45312.0,0.4528,0.1069,0.0,0.9969,0.4228,0.4229,0.1212,0.1768,0.8901,0.0486,0.0968,0.2989,0.6677,0.2707,0.5014,0.3739,0.6612,5.3793,0.0,LogisticRegression,0.7543592347766213,0.7544641464944088,0.7536558020580555,0.7532976605330413,0.7534157224104348,0.7544340425400076,0.7543566723571881,0.7544509023773359,0.7530876065231169
electricity-normalized,vicdemand,45312.0,0.4528,0.1069,0.0,0.9969,0.4228,0.4229,0.1212,0.1768,0.8901,0.0486,0.0968,0.2989,0.6677,0.2707,0.5014,0.3739,0.6612,5.3793,0.0,KNN,0.7702599343263297,0.7691880713117198,0.7713363235469163,0.7695327843972446,0.7709660674773542,0.770999376701494,0.7700286910119818,0.7683814750213862,0.769934944277649
electricity-normalized,vicdemand,45312.0,0.4528,0.1069,0.0,0.9969,0.4228,0.4229,0.1212,0.1768,0.8901,0.0486,0.0968,0.2989,0.6677,0.2707,0.5014,0.3739,0.6612,5.3793,0.0,RandomForest,0.7917589131412687,0.7870339496148681,0.7885566291140007,0.7870381124427546,0.7885168655213558,0.7865852834669991,0.7873279243469463,0.786822097908747,0.7850926249222407
electricity-normalized,vicdemand,45312.0,0.4528,0.1069,0.0,0.9969,0.4228,0.4229,0.1212,0.1768,0.8901,0.0486,0.0968,0.2989,0.6677,0.2707,0.5014,0.3739,0.6612,5.3793,0.0,AdaBoost,0.7582312115354725,0.7571727160591546,0.7580382236315033,0.7581959463135868,0.7589507385150588,0.7573001846242597,0.7582750618775445,0.7569075224118103,0.756286454996142
electricity-normalized,vicdemand,45312.0,0.4528,0.1069,0.0,0.9969,0.4228,0.4229,0.1212,0.1768,0.8901,0.0486,0.0968,0.2989,0.6677,0.2707,0.5014,0.3739,0.6612,5.3793,0.0,SVC,0.7543758382434957,0.7601314258078438,0.7590189125695328,0.7591429672161073,0.7487167938803003,0.7547382817973056,0.7489776574888629,0.7563290163685874,0.7586683342161369
electricity-normalized,vicdemand,45312.0,0.3975,0.097,0.0241,1.0,0.4223,0.4229,0.1204,0.1306,0.8861,0.0481,0.0961,0.305,0.6646,0.2682,0.4972,0.3705,0.6566,5.4008,0.0,DecisionTree,0.7718013987556593,0.7710207478927417,0.7714747695778046,0.7717002043046037,0.7726593349507013,0.7709611256532997,0.769301890012219,0.7695190914985843,0.7712185692272651
electricity-normalized,vicdemand,45312.0,0.3975,0.097,0.0241,1.0,0.4223,0.4229,0.1204,0.1306,0.8861,0.0481,0.0961,0.305,0.6646,0.2682,0.4972,0.3705,0.6566,5.4008,0.0,LogisticRegression,0.7539330755915115,0.7541951665403688,0.753230569441054,0.7533275397195984,0.7527141559559541,0.7541551436960536,0.7538612601609074,0.7541464058459709,0.7531662843018304
electricity-normalized,vicdemand,45312.0,0.3975,0.097,0.0241,1.0,0.4223,0.4229,0.1204,0.1306,0.8861,0.0481,0.0961,0.305,0.6646,0.2682,0.4972,0.3705,0.6566,5.4008,0.0,KNN,0.7687258622007069,0.7699919423336208,0.7716294636544359,0.770624478110655,0.7724098818312717,0.7699933312646764,0.7684859810214434,0.7672096407196386,0.7705089649616985
electricity-normalized,vicdemand,45312.0,0.3975,0.097,0.0241,1.0,0.4223,0.4229,0.1204,0.1306,0.8861,0.0481,0.0961,0.305,0.6646,0.2682,0.4972,0.3705,0.6566,5.4008,0.0,RandomForest,0.7941251298517796,0.7895947630304919,0.7914633334558583,0.7909546362797152,0.7902150510047152,0.788286393440962,0.7917902436864952,0.7890759279940792,0.7891839702392955
electricity-normalized,vicdemand,45312.0,0.3975,0.097,0.0241,1.0,0.4223,0.4229,0.1204,0.1306,0.8861,0.0481,0.0961,0.305,0.6646,0.2682,0.4972,0.3705,0.6566,5.4008,0.0,AdaBoost,0.7579670000676255,0.7566577734453309,0.7564515586827849,0.7570522340721086,0.7566032709707431,0.7567272938774358,0.7573762009814493,0.7567388818591707,0.7569384593020447
electricity-normalized,vicdemand,45312.0,0.3975,0.097,0.0241,1.0,0.4223,0.4229,0.1204,0.1306,0.8861,0.0481,0.0961,0.305,0.6646,0.2682,0.4972,0.3705,0.6566,5.4008,0.0,SVC,0.7548622661718493,0.7555959662005987,0.7619960857448156,0.7590649053188133,0.7518316527174906,0.7504401843559679,0.756967447220229,0.7595947335603621,0.7577518762741213
electricity-normalized,vicdemand,45312.0,0.3484,0.0915,0.0241,1.0,0.4229,0.4229,0.1216,0.1652,0.8636,0.0502,0.1005,0.3124,0.6692,0.2774,0.5015,0.3831,0.6619,5.4183,0.0,DecisionTree,0.7704400169692533,0.7731272830444499,0.7726882533717103,0.7704777178191651,0.7723520721207753,0.7715971617104704,0.7710282518586882,0.7717422351193948,0.7731474463918572
electricity-normalized,vicdemand,45312.0,0.3484,0.0915,0.0241,1.0,0.4229,0.4229,0.1216,0.1652,0.8636,0.0502,0.1005,0.3124,0.6692,0.2774,0.5015,0.3831,0.6619,5.4183,0.0,LogisticRegression,0.7546394405976049,0.7547462338426151,0.7537053073563175,0.7534014997672278,0.7534341419104219,0.7545762184397528,0.7545533994620722,0.7545905827920621,0.7533409206328595
electricity-normalized,vicdemand,45312.0,0.3484,0.0915,0.0241,1.0,0.4229,0.4229,0.1216,0.1652,0.8636,0.0502,0.1005,0.3124,0.6692,0.2774,0.5015,0.3831,0.6619,5.4183,0.0,KNN,0.7735012220644337,0.7728100813724051,0.7718305724250029,0.7731167068053081,0.7717388058185042,0.77128103760007,0.7733696466451526,0.7704814067786465,0.7723557706600768
electricity-normalized,vicdemand,45312.0,0.3484,0.0915,0.0241,1.0,0.4229,0.4229,0.1216,0.1652,0.8636,0.0502,0.1005,0.3124,0.6692,0.2774,0.5015,0.3831,0.6619,5.4183,0.0,RandomForest,0.7951208741464745,0.7916757580792111,0.7916281173915571,0.7908993415146548,0.7927840857401105,0.7898351948399401,0.7915360829503142,0.7899233979817029,0.7895276776753167
electricity-normalized,vicdemand,45312.0,0.3484,0.0915,0.0241,1.0,0.4229,0.4229,0.1216,0.1652,0.8636,0.0502,0.1005,0.3124,0.6692,0.2774,0.5015,0.3831,0.6619,5.4183,0.0,AdaBoost,0.7583141196787971,0.7572033681165393,0.7578567712763713,0.7573121026263929,0.7587277126258735,0.7579153541144934,0.7592560732807387,0.7573914138674631,0.7582289726034289
electricity-normalized,vicdemand,45312.0,0.3484,0.0915,0.0241,1.0,0.4229,0.4229,0.1216,0.1652,0.8636,0.0502,0.1005,0.3124,0.6692,0.2774,0.5015,0.3831,0.6619,5.4183,0.0,SVC,0.7554895424821155,0.7559590009303978,0.7591273166314234,0.7581603864349898,0.7557171571565479,0.7531946363891371,0.7584627985512359,0.7574345818687553,0.7629039055223783
electricity-normalized,vicdemand,45312.0,0.2951,0.0851,0.0241,0.9912,0.4233,0.4229,0.121,0.1581,0.8932,0.0478,0.0955,0.3123,0.6664,0.2745,0.5003,0.3778,0.6601,5.3985,0.0,DecisionTree,0.774312391247331,0.775929408048063,0.7766734010807271,0.7757933389518239,0.7766083808910944,0.7761978055093647,0.7749326854040022,0.7713821742551824,0.7781331603555806
electricity-normalized,vicdemand,45312.0,0.2951,0.0851,0.0241,0.9912,0.4233,0.4229,0.121,0.1581,0.8932,0.0478,0.0955,0.3123,0.6664,0.2745,0.5003,0.3778,0.6601,5.3985,0.0,LogisticRegression,0.7544671484719834,0.7542297270128273,0.7540013241317435,0.753891295962147,0.7537970692659125,0.7543946701749517,0.7544725593097104,0.7544379078509125,0.7537415754903893
electricity-normalized,vicdemand,45312.0,0.2951,0.0851,0.0241,0.9912,0.4233,0.4229,0.121,0.1581,0.8932,0.0478,0.0955,0.3123,0.6664,0.2745,0.5003,0.3778,0.6601,5.3985,0.0,KNN,0.7759124739207646,0.7763254416564662,0.777204228012845,0.7763676581448207,0.7757147195270649,0.7742441711118944,0.7764635716063328,0.7733588742595616,0.7771839822618747
electricity-normalized,vicdemand,45312.0,0.2951,0.0851,0.0241,0.9912,0.4233,0.4229,0.121,0.1581,0.8932,0.0478,0.0955,0.3123,0.6664,0.2745,0.5003,0.3778,0.6601,5.3985,0.0,RandomForest,0.7982502227530253,0.7955333226547604,0.7950658311709611,0.7975593981604637,0.7963979433701616,0.7950411583590088,0.7968434156634363,0.7942281317739481,0.7964407408803366
electricity-normalized,vicdemand,45312.0,0.2951,0.0851,0.0241,0.9912,0.4233,0.4229,0.121,0.1581,0.8932,0.0478,0.0955,0.3123,0.6664,0.2745,0.5003,0.3778,0.6601,5.3985,0.0,AdaBoost,0.759577152573266,0.7572750608480227,0.7581221532670734,0.7583100579763077,0.7575594019242671,0.7564876500860945,0.7593810789767045,0.7582254598494464,0.7583511726359156
electricity-normalized,vicdemand,45312.0,0.2951,0.0851,0.0241,0.9912,0.4233,0.4229,0.121,0.1581,0.8932,0.0478,0.0955,0.3123,0.6664,0.2745,0.5003,0.3778,0.6601,5.3985,0.0,SVC,0.7605976430231266,0.7589672353667529,0.7635217525426499,0.7548488945123728,0.7598577147603409,0.7595288594115726,0.7569372525875993,0.7596538475787596,0.7523767622850277
electricity-normalized,vicdemand,45312.0,0.248,0.0808,0.0,1.0,0.4228,0.4229,0.1214,0.1659,0.8919,0.0489,0.0971,0.3094,0.6711,0.277,0.5034,0.3815,0.6639,5.4195,0.0,DecisionTree,0.7749249803899211,0.7756488194010381,0.7772211406520132,0.7764786779544526,0.7766869321193904,0.775999292241851,0.7739276296671487,0.7743102067573109,0.7774202069185341
electricity-normalized,vicdemand,45312.0,0.248,0.0808,0.0,1.0,0.4228,0.4229,0.1214,0.1659,0.8919,0.0489,0.0971,0.3094,0.6711,0.277,0.5034,0.3815,0.6639,5.4195,0.0,LogisticRegression,0.7544954540381574,0.7544571560132113,0.7538082939529327,0.7540681608810499,0.7539645884622698,0.7541691794639885,0.7545498390151057,0.7543859359263321,0.7539212183752717
electricity-normalized,vicdemand,45312.0,0.248,0.0808,0.0,1.0,0.4228,0.4229,0.1214,0.1659,0.8919,0.0489,0.0971,0.3094,0.6711,0.277,0.5034,0.3815,0.6639,5.4195,0.0,KNN,0.7772406244720634,0.7776560187165307,0.7757075103786749,0.776356483255606,0.7763052655630406,0.7765821510916686,0.7781621119007331,0.7754397354375342,0.7776668685571917
electricity-normalized,vicdemand,45312.0,0.248,0.0808,0.0,1.0,0.4228,0.4229,0.1214,0.1659,0.8919,0.0489,0.0971,0.3094,0.6711,0.277,0.5034,0.3815,0.6639,5.4195,0.0,RandomForest,0.7996406906328497,0.7984912872017237,0.7970396692862801,0.7972803465979568,0.7967515970356001,0.7952255034684201,0.7989956061257251,0.7967030287495453,0.7973440811073409
electricity-normalized,vicdemand,45312.0,0.248,0.0808,0.0,1.0,0.4228,0.4229,0.1214,0.1659,0.8919,0.0489,0.0971,0.3094,0.6711,0.277,0.5034,0.3815,0.6639,5.4195,0.0,AdaBoost,0.7603500112834537,0.757764134021117,0.7585148247470452,0.7582910783197307,0.7592450478199702,0.7584062976188517,0.7596800391555245,0.7591298481396334,0.7584166667848038
electricity-normalized,vicdemand,45312.0,0.248,0.0808,0.0,1.0,0.4228,0.4229,0.1214,0.1659,0.8919,0.0489,0.0971,0.3094,0.6711,0.277,0.5034,0.3815,0.6639,5.4195,0.0,SVC,0.7558718487857717,0.7591431671695416,0.7634187441080041,0.762855641694379,0.757963391663508,0.7607259661864453,0.7611598886804755,0.7618655429369147,0.7616005766474011
electricity-normalized,vicdemand,45312.0,0.199,0.0765,0.0,1.0,0.423,0.4229,0.121,0.1714,0.9189,0.0484,0.0968,0.3104,0.6671,0.2743,0.4997,0.378,0.6594,5.414,0.0,DecisionTree,0.7752701710346732,0.7761913928156876,0.7777367593749307,0.7765510622317684,0.7754153902841974,0.7745091430853384,0.7756929876982475,0.7727710697698392,0.7768450063028902
electricity-normalized,vicdemand,45312.0,0.199,0.0765,0.0,1.0,0.423,0.4229,0.121,0.1714,0.9189,0.0484,0.0968,0.3104,0.6671,0.2743,0.4997,0.378,0.6594,5.414,0.0,LogisticRegression,0.7544948546124648,0.7545210010794713,0.7540508023144201,0.7542038636256142,0.7541314999264722,0.7543283465393954,0.7545038077969025,0.7544954342765147,0.7540541371660929
electricity-normalized,vicdemand,45312.0,0.199,0.0765,0.0,1.0,0.423,0.4229,0.121,0.1714,0.9189,0.0484,0.0968,0.3104,0.6671,0.2743,0.4997,0.378,0.6594,5.414,0.0,KNN,0.7788159498943446,0.7773281056733385,0.7775047145076641,0.7768388501691114,0.7770425092160641,0.7767485494577911,0.7796272556037914,0.7754298454577139,0.7774247784613967
electricity-normalized,vicdemand,45312.0,0.199,0.0765,0.0,1.0,0.423,0.4229,0.121,0.1714,0.9189,0.0484,0.0968,0.3104,0.6671,0.2743,0.4997,0.378,0.6594,5.414,0.0,RandomForest,0.8017292305003674,0.7988453133164255,0.8003631933400359,0.798654164057656,0.7997254219738105,0.7993676037379629,0.7997733936931973,0.795999351543301,0.7992363397581191
electricity-normalized,vicdemand,45312.0,0.199,0.0765,0.0,1.0,0.423,0.4229,0.121,0.1714,0.9189,0.0484,0.0968,0.3104,0.6671,0.2743,0.4997,0.378,0.6594,5.414,0.0,AdaBoost,0.7608078554174531,0.7587596743457506,0.759222800237414,0.7598339472592084,0.7589010450193681,0.7589944968079674,0.7600138134697821,0.7603500263745573,0.7586277688612645
electricity-normalized,vicdemand,45312.0,0.199,0.0765,0.0,1.0,0.423,0.4229,0.121,0.1714,0.9189,0.0484,0.0968,0.3104,0.6671,0.2743,0.4997,0.378,0.6594,5.414,0.0,SVC,0.7604362234629228,0.7576653645331133,0.7619462191110842,0.760191312444483,0.7640289526371588,0.7621484853886719,0.7560282736370558,0.7588906252558252,0.762733604060559
electricity-normalized,vicdemand,45312.0,0.1499,0.0725,0.0,1.0,0.4229,0.4229,0.121,0.1467,0.8915,0.0485,0.0968,0.3115,0.6704,0.2758,0.5024,0.3805,0.6621,5.4131,0.0,DecisionTree,0.7777585837921515,0.7786479712358823,0.777615965049036,0.7803751681797501,0.7787358413190807,0.779660109944379,0.7777825987638272,0.7751739439330515,0.7784530535778713
electricity-normalized,vicdemand,45312.0,0.1499,0.0725,0.0,1.0,0.4229,0.4229,0.121,0.1467,0.8915,0.0485,0.0968,0.3115,0.6704,0.2758,0.5024,0.3805,0.6621,5.4131,0.0,LogisticRegression,0.7542872017917222,0.7543221777925793,0.7540536210122082,0.754108252108775,0.753941072673001,0.754379269326778,0.7543646706311948,0.7541890094125017,0.754047623141696
electricity-normalized,vicdemand,45312.0,0.1499,0.0725,0.0,1.0,0.4229,0.4229,0.121,0.1467,0.8915,0.0485,0.0968,0.3115,0.6704,0.2758,0.5024,0.3805,0.6621,5.4131,0.0,KNN,0.7797915553639042,0.7789753418800578,0.7801747443273525,0.7790978552722959,0.7795586204901328,0.7792867596394011,0.778933708934746,0.7779948996737266,0.7798186064761762
electricity-normalized,vicdemand,45312.0,0.1499,0.0725,0.0,1.0,0.4229,0.4229,0.121,0.1467,0.8915,0.0485,0.0968,0.3115,0.6704,0.2758,0.5024,0.3805,0.6621,5.4131,0.0,RandomForest,0.8040737249253922,0.8031098601784706,0.8024078229896002,0.80074743676482,0.8025853813926386,0.8016391592168101,0.8033358812161837,0.8019028541845576,0.8011843334321458
electricity-normalized,vicdemand,45312.0,0.1499,0.0725,0.0,1.0,0.4229,0.4229,0.121,0.1467,0.8915,0.0485,0.0968,0.3115,0.6704,0.2758,0.5024,0.3805,0.6621,5.4131,0.0,AdaBoost,0.7612405485524086,0.7596607487361554,0.7596465095020642,0.7600028533422012,0.7607255234829182,0.7593024791910267,0.7606059524148139,0.7608348389099566,0.7596494497691729
electricity-normalized,vicdemand,45312.0,0.1499,0.0725,0.0,1.0,0.4229,0.4229,0.121,0.1467,0.8915,0.0485,0.0968,0.3115,0.6704,0.2758,0.5024,0.3805,0.6621,5.4131,0.0,SVC,0.7640597200065092,0.7619490095302713,0.7594741012303037,0.7618312245638252,0.7653813629179235,0.7600724072263704,0.7562010495042413,0.7600477435449452,0.7657383189958156
electricity-normalized,vicdemand,45312.0,0.1001,0.0689,0.0,1.0,0.4229,0.4229,0.1209,0.1553,0.9092,0.0485,0.0968,0.3078,0.6683,0.2732,0.5016,0.3768,0.6614,5.4111,0.0,DecisionTree,0.7797729201122582,0.7794075935942123,0.7787891956821562,0.7777886260598965,0.7786433243348345,0.7793031666270163,0.77987205015755,0.7765028874071165,0.7788336375212893
electricity-normalized,vicdemand,45312.0,0.1001,0.0689,0.0,1.0,0.4229,0.4229,0.1209,0.1553,0.9092,0.0485,0.0968,0.3078,0.6683,0.2732,0.5016,0.3768,0.6614,5.4111,0.0,LogisticRegression,0.7540369087385488,0.7539012838222962,0.7539296416830995,0.753926408820501,0.7537479109226256,0.7541084979299282,0.7541637520609108,0.754224238423663,0.7538948112363748
electricity-normalized,vicdemand,45312.0,0.1001,0.0689,0.0,1.0,0.4229,0.4229,0.1209,0.1553,0.9092,0.0485,0.0968,0.3078,0.6683,0.2732,0.5016,0.3768,0.6614,5.4111,0.0,KNN,0.7814247273261054,0.7823594782017355,0.7822777080209367,0.7819120443173788,0.7813967832379178,0.7817635777227199,0.780967416453457,0.779616388986969,0.7830306509533586
electricity-normalized,vicdemand,45312.0,0.1001,0.0689,0.0,1.0,0.4229,0.4229,0.1209,0.1553,0.9092,0.0485,0.0968,0.3078,0.6683,0.2732,0.5016,0.3768,0.6614,5.4111,0.0,RandomForest,0.8060424280762303,0.8041249638800825,0.8047268100516659,0.8052264446808873,0.8043521546101946,0.8041595855761987,0.8031866680043831,0.8026359889573028,0.804531224263418
electricity-normalized,vicdemand,45312.0,0.1001,0.0689,0.0,1.0,0.4229,0.4229,0.1209,0.1553,0.9092,0.0485,0.0968,0.3078,0.6683,0.2732,0.5016,0.3768,0.6614,5.4111,0.0,AdaBoost,0.7611725675834927,0.7605142981300905,0.7605411298363269,0.7596838662874439,0.7598760815807472,0.7595508695446189,0.7609473562824642,0.7600162605757463,0.7599169594819901
electricity-normalized,vicdemand,45312.0,0.1001,0.0689,0.0,1.0,0.4229,0.4229,0.1209,0.1553,0.9092,0.0485,0.0968,0.3078,0.6683,0.2732,0.5016,0.3768,0.6614,5.4111,0.0,SVC,0.7613412439067404,0.7588150604567963,0.7658318265378337,0.7628407823788814,0.759017569904038,0.7632944320024895,0.7649631074971208,0.7540415751978137,0.7607874350728268
electricity-normalized,vicdemand,45312.0,0.0508,0.0657,0.0,1.0,0.4228,0.4229,0.121,0.1619,0.9148,0.0486,0.0973,0.3119,0.6693,0.274,0.5027,0.3779,0.6626,5.415,0.0,DecisionTree,0.7802137576534824,0.7799872939485794,0.780546696987007,0.7811535113108965,0.7793150192370225,0.7803419602108905,0.7801474923316751,0.7789006061366857,0.7796599431206392
electricity-normalized,vicdemand,45312.0,0.0508,0.0657,0.0,1.0,0.4228,0.4229,0.121,0.1619,0.9148,0.0486,0.0973,0.3119,0.6693,0.274,0.5027,0.3779,0.6626,5.415,0.0,LogisticRegression,0.75416050506919,0.7541637031319081,0.754165993562812,0.7540940817195889,0.7540535420311848,0.7542755960575381,0.7542094074054619,0.7542701100259283,0.7540250101247724
electricity-normalized,vicdemand,45312.0,0.0508,0.0657,0.0,1.0,0.4228,0.4229,0.121,0.1619,0.9148,0.0486,0.0973,0.3119,0.6693,0.274,0.5027,0.3779,0.6626,5.415,0.0,KNN,0.7847380798719223,0.7834961946141863,0.7840109480999495,0.7839121147972494,0.7848459008074856,0.7842467367047566,0.7837088175557722,0.7827446016439642,0.7847954458450273
electricity-normalized,vicdemand,45312.0,0.0508,0.0657,0.0,1.0,0.4228,0.4229,0.121,0.1619,0.9148,0.0486,0.0973,0.3119,0.6693,0.274,0.5027,0.3779,0.6626,5.415,0.0,RandomForest,0.8082714938459447,0.807069050668729,0.8087843013378486,0.8068649380038206,0.8084434727783492,0.8071236966977546,0.8075168308195093,0.8074939340037094,0.80854549445927
electricity-normalized,vicdemand,45312.0,0.0508,0.0657,0.0,1.0,0.4228,0.4229,0.121,0.1619,0.9148,0.0486,0.0973,0.3119,0.6693,0.274,0.5027,0.3779,0.6626,5.415,0.0,AdaBoost,0.7619747205687741,0.7608144631882603,0.7606142094699289,0.7604352199103843,0.7606194794891531,0.7598908681847962,0.7608451957526325,0.7614562933556075,0.7612525584152452
electricity-normalized,vicdemand,45312.0,0.0508,0.0657,0.0,1.0,0.4228,0.4229,0.121,0.1619,0.9148,0.0486,0.0973,0.3119,0.6693,0.274,0.5027,0.3779,0.6626,5.415,0.0,SVC,0.7570137477926204,0.7647409602695691,0.7633788439594217,0.7547284134975702,0.7631950923014142,0.7602472327023435,0.7625852994783902,0.7638244144232391,0.7599914166707038
german,Age,1000.0,0.513,0.1068,19.0,75.0,35.6119,33.0,11.3476,0.9772,0.5142,7.0,15.0,0.0453,0.0623,0.0196,0.0286,0.0292,0.043,3.6365,0.0337,DecisionTree,0.6483254242444155,0.6546229431921027,0.6514599205088831,0.6431625363475725,0.6475555460191571,0.6400353592092116,0.6404981536565872,0.659224607900559,0.6437036140054336
german,Age,1000.0,0.513,0.1068,19.0,75.0,35.6119,33.0,11.3476,0.9772,0.5142,7.0,15.0,0.0453,0.0623,0.0196,0.0286,0.0292,0.043,3.6365,0.0337,LogisticRegression,0.6399806490523633,0.6505401137649,0.6405820791631207,0.6419294874779892,0.6468350063347712,0.6442931189139096,0.6429579598518393,0.6448076595033291,0.6514306006993028
german,Age,1000.0,0.513,0.1068,19.0,75.0,35.6119,33.0,11.3476,0.9772,0.5142,7.0,15.0,0.0453,0.0623,0.0196,0.0286,0.0292,0.043,3.6365,0.0337,KNN,0.643231019031621,0.6716195989002324,0.6499296753971637,0.6457811500505688,0.6461624783813636,0.6438955586429842,0.6492581580516339,0.6556623941469345,0.6700844165407287
german,Age,1000.0,0.513,0.1068,19.0,75.0,35.6119,33.0,11.3476,0.9772,0.5142,7.0,15.0,0.0453,0.0623,0.0196,0.0286,0.0292,0.043,3.6365,0.0337,RandomForest,0.6621114819758283,0.657621976851573,0.6615227484562771,0.6771265184403789,0.6686584495361226,0.6703956787290147,0.6621026356327322,0.6717452081255766,0.661006739750036
german,Age,1000.0,0.513,0.1068,19.0,75.0,35.6119,33.0,11.3476,0.9772,0.5142,7.0,15.0,0.0453,0.0623,0.0196,0.0286,0.0292,0.043,3.6365,0.0337,AdaBoost,0.6476794517557939,0.6463857415979378,0.6549744066273521,0.6375937417130364,0.6569510983003379,0.6464018036030658,0.6466483854420884,0.6621322276584913,0.6423460575823927
german,Age,1000.0,0.513,0.1068,19.0,75.0,35.6119,33.0,11.3476,0.9772,0.5142,7.0,15.0,0.0453,0.0623,0.0196,0.0286,0.0292,0.043,3.6365,0.0337,SVC,0.5866071804226658,0.5866071804226658,0.5866071804226658,0.5866071804226658,0.5866071804226658,0.5866071804226658,0.5866071804226658,0.5866071804226658,0.5866071804226658
german,Age,1000.0,0.471,0.0964,20.0,75.0,36.1115,34.0,11.207,0.9708,0.5276,7.0,15.0,0.0224,0.0319,0.0033,0.0261,0.003,0.0375,3.6334,0.0354,DecisionTree,0.6571114093880489,0.6530930923813194,0.6635584996314732,0.652322316686599,0.6634361333010609,0.6622386027513579,0.667495810405164,0.6607413702672637,0.6561631534117668
german,Age,1000.0,0.471,0.0964,20.0,75.0,36.1115,34.0,11.207,0.9708,0.5276,7.0,15.0,0.0224,0.0319,0.0033,0.0261,0.003,0.0375,3.6334,0.0354,LogisticRegression,0.6534314371555265,0.6448686275179328,0.6421593090252486,0.6507825918349037,0.6485067294190852,0.6500034896293134,0.6486232950050598,0.6407678408662908,0.6448147432038582
german,Age,1000.0,0.471,0.0964,20.0,75.0,36.1115,34.0,11.207,0.9708,0.5276,7.0,15.0,0.0224,0.0319,0.0033,0.0261,0.003,0.0375,3.6334,0.0354,KNN,0.6550841880244598,0.6488111888875908,0.6578274480733329,0.6545504065716056,0.6600730950561208,0.6548079764440418,0.6523988735881281,0.6462268181790873,0.6471717053622716
german,Age,1000.0,0.471,0.0964,20.0,75.0,36.1115,34.0,11.207,0.9708,0.5276,7.0,15.0,0.0224,0.0319,0.0033,0.0261,0.003,0.0375,3.6334,0.0354,RandomForest,0.6842131922669744,0.6751746141565297,0.6716893869149639,0.678154252493395,0.6660606557129534,0.682964736345212,0.6816523430880878,0.6799327523101844,0.6821213923129252
german,Age,1000.0,0.471,0.0964,20.0,75.0,36.1115,34.0,11.207,0.9708,0.5276,7.0,15.0,0.0224,0.0319,0.0033,0.0261,0.003,0.0375,3.6334,0.0354,AdaBoost,0.6552381672160639,0.6514573396171475,0.657925485609862,0.6466172039413218,0.662166231867669,0.6591085222622441,0.6569038472483067,0.6624597577928342,0.6593998455446509
german,Age,1000.0,0.471,0.0964,20.0,75.0,36.1115,34.0,11.207,0.9708,0.5276,7.0,15.0,0.0224,0.0319,0.0033,0.0261,0.003,0.0375,3.6334,0.0354,SVC,0.5866071804226658,0.5866071804226658,0.5866071804226658,0.5866071804226658,0.5866071804226658,0.5866071804226658,0.5866071804226658,0.5866071804226658,0.5866071804226658
german,Age,1000.0,0.378,0.082,19.0,75.0,35.6688,33.0,11.2571,0.9256,0.3643,7.0,15.75,0.0174,0.0212,0.0033,0.0292,0.0037,0.0443,3.6434,0.0324,DecisionTree,0.6605077341506488,0.6559922888320026,0.6670660336052202,0.6582066095357504,0.6553532401605517,0.6606822823112853,0.6544673665057135,0.6569895602738112,0.6610430110129827
german,Age,1000.0,0.378,0.082,19.0,75.0,35.6688,33.0,11.2571,0.9256,0.3643,7.0,15.75,0.0174,0.0212,0.0033,0.0292,0.0037,0.0443,3.6434,0.0324,LogisticRegression,0.6474612746351877,0.6421540565019231,0.6526000899935113,0.6447516062159213,0.6491884566761822,0.6521958447426207,0.650779256091346,0.6397579352322516,0.6432687866233423
german,Age,1000.0,0.378,0.082,19.0,75.0,35.6688,33.0,11.2571,0.9256,0.3643,7.0,15.75,0.0174,0.0212,0.0033,0.0292,0.0037,0.0443,3.6434,0.0324,KNN,0.6714538386791843,0.645812960086583,0.6413783133573274,0.6626845364334091,0.6571095880600142,0.6578698668881983,0.6557727866158197,0.6461637881345079,0.6500090969385421
german,Age,1000.0,0.378,0.082,19.0,75.0,35.6688,33.0,11.2571,0.9256,0.3643,7.0,15.75,0.0174,0.0212,0.0033,0.0292,0.0037,0.0443,3.6434,0.0324,RandomForest,0.6813925507267663,0.6727532896257972,0.6726584283988524,0.6936083808863416,0.6768635020211714,0.6916406027076957,0.6828471906291214,0.6763175339770522,0.6702433821289986
german,Age,1000.0,0.378,0.082,19.0,75.0,35.6688,33.0,11.2571,0.9256,0.3643,7.0,15.75,0.0174,0.0212,0.0033,0.0292,0.0037,0.0443,3.6434,0.0324,AdaBoost,0.6495614686542607,0.6566956556160998,0.6701903452551707,0.6503814534166777,0.6482466652353965,0.6555522211402492,0.6664537272685003,0.6575787041233179,0.6393028090857755
german,Age,1000.0,0.378,0.082,19.0,75.0,35.6688,33.0,11.2571,0.9256,0.3643,7.0,15.75,0.0174,0.0212,0.0033,0.0292,0.0037,0.0443,3.6434,0.0324,SVC,0.5866071804226658,0.5866071804226658,0.5866071804226658,0.5866071804226658,0.5866071804226658,0.5866071804226658,0.5866071804226658,0.5866071804226658,0.5866071804226658
german,Age,1000.0,0.345,0.0779,20.0,75.0,35.5893,33.0,11.5876,0.9854,0.4785,7.0,16.0,0.0258,0.053,0.0044,0.0366,0.0056,0.0535,3.6482,0.0328,DecisionTree,0.6551450073218795,0.6334715901285127,0.654052706323277,0.6531696180844757,0.6555457284647276,0.6473954893059553,0.6526300757942154,0.6671652496248097,0.6507332351155807
german,Age,1000.0,0.345,0.0779,20.0,75.0,35.5893,33.0,11.5876,0.9854,0.4785,7.0,16.0,0.0258,0.053,0.0044,0.0366,0.0056,0.0535,3.6482,0.0328,LogisticRegression,0.6425441773311654,0.6448279997549962,0.6451415122344617,0.644421101819925,0.6425441773311654,0.6416815202367755,0.6432913365112244,0.6536540497450861,0.6451502383148902
german,Age,1000.0,0.345,0.0779,20.0,75.0,35.5893,33.0,11.5876,0.9854,0.4785,7.0,16.0,0.0258,0.053,0.0044,0.0366,0.0056,0.0535,3.6482,0.0328,KNN,0.663779199880651,0.6568146828307585,0.6629627965938949,0.6562715766984281,0.6647824768089498,0.665720110551277,0.6602163330008796,0.6342181918468666,0.6473135247605453
german,Age,1000.0,0.345,0.0779,20.0,75.0,35.5893,33.0,11.5876,0.9854,0.4785,7.0,16.0,0.0258,0.053,0.0044,0.0366,0.0056,0.0535,3.6482,0.0328,RandomForest,0.6696550289989948,0.6787572019189171,0.6676367004104056,0.660650757422928,0.670189803409016,0.6757941475287375,0.6803893718138435,0.6667619175318218,0.6758689450279466
german,Age,1000.0,0.345,0.0779,20.0,75.0,35.5893,33.0,11.5876,0.9854,0.4785,7.0,16.0,0.0258,0.053,0.0044,0.0366,0.0056,0.0535,3.6482,0.0328,AdaBoost,0.6580169915146432,0.6468005067273771,0.649371847003772,0.6566798164415908,0.6526372121018432,0.6571664757976532,0.6496585180213599,0.6671345281140771,0.6529713535488695
german,Age,1000.0,0.345,0.0779,20.0,75.0,35.5893,33.0,11.5876,0.9854,0.4785,7.0,16.0,0.0258,0.053,0.0044,0.0366,0.0056,0.0535,3.6482,0.0328,SVC,0.5866071804226658,0.5866071804226658,0.5866071804226658,0.5866071804226658,0.5866071804226658,0.5866071804226658,0.5866071804226658,0.5866071804226658,0.5866071804226658
german,Age,1000.0,0.269,0.0725,19.0,75.0,35.3406,33.0,11.3225,1.0535,0.7106,7.0,14.0,0.0231,0.0541,0.0134,0.0211,0.02,0.0334,3.6349,0.0336,DecisionTree,0.6399664312279628,0.6592273048406938,0.6535327846189691,0.6468890506239655,0.655420672429672,0.6506998237506608,0.6521858512803684,0.6634859123395633,0.6609112229728451
german,Age,1000.0,0.269,0.0725,19.0,75.0,35.3406,33.0,11.3225,1.0535,0.7106,7.0,14.0,0.0231,0.0541,0.0134,0.0211,0.02,0.0334,3.6349,0.0336,LogisticRegression,0.6456041630412979,0.6439390901268877,0.6418571793705845,0.6467308561081335,0.6414542536016596,0.6426199131764219,0.6410127789552011,0.6442338666934533,0.6452148198288676
german,Age,1000.0,0.269,0.0725,19.0,75.0,35.3406,33.0,11.3225,1.0535,0.7106,7.0,14.0,0.0231,0.0541,0.0134,0.0211,0.02,0.0334,3.6349,0.0336,KNN,0.6453035728556406,0.6437355955985335,0.6460731032278922,0.6565106350055139,0.652564432512489,0.6561652775616815,0.6624735833314908,0.6412794697624806,0.6374918510071435
german,Age,1000.0,0.269,0.0725,19.0,75.0,35.3406,33.0,11.3225,1.0535,0.7106,7.0,14.0,0.0231,0.0541,0.0134,0.0211,0.02,0.0334,3.6349,0.0336,RandomForest,0.688390949344485,0.6741922712921462,0.6803744438932815,0.6822748457469756,0.6789195674209476,0.6766594082659946,0.6959722914392306,0.6809051129168973,0.6884739538635745
german,Age,1000.0,0.269,0.0725,19.0,75.0,35.3406,33.0,11.3225,1.0535,0.7106,7.0,14.0,0.0231,0.0541,0.0134,0.0211,0.02,0.0334,3.6349,0.0336,AdaBoost,0.6383703747422171,0.6557648880961392,0.649309529049237,0.6437816719439758,0.6414678857133914,0.6408578941993112,0.6507749726761712,0.6426574351943296,0.6468285963757991
german,Age,1000.0,0.269,0.0725,19.0,75.0,35.3406,33.0,11.3225,1.0535,0.7106,7.0,14.0,0.0231,0.0541,0.0134,0.0211,0.02,0.0334,3.6349,0.0336,SVC,0.5866071804226658,0.5866071804226658,0.5866071804226658,0.5866071804226658,0.5866071804226658,0.5866071804226658,0.5866071804226658,0.5866071804226658,0.5866071804226658
german,Age,1000.0,0.246,0.0703,19.0,75.0,35.5504,33.0,11.3472,0.9927,0.4822,7.0,15.0,0.0296,0.0368,0.0158,0.0335,0.0243,0.0493,3.6467,0.0312,DecisionTree,0.6574443023779992,0.6695725615979875,0.6695907677668413,0.6571810842531636,0.6586068447634681,0.657797100711899,0.66875012173676,0.6691324820678215,0.6640523252305195
german,Age,1000.0,0.246,0.0703,19.0,75.0,35.5504,33.0,11.3472,0.9927,0.4822,7.0,15.0,0.0296,0.0368,0.0158,0.0335,0.0243,0.0493,3.6467,0.0312,LogisticRegression,0.6478423174669407,0.6387732313479086,0.6463292709922335,0.6441662119121484,0.6457188973272665,0.6469214380732451,0.6463744542735848,0.6446927769714195,0.6424534292875409
german,Age,1000.0,0.246,0.0703,19.0,75.0,35.5504,33.0,11.3472,0.9927,0.4822,7.0,15.0,0.0296,0.0368,0.0158,0.0335,0.0243,0.0493,3.6467,0.0312,KNN,0.6702323834244228,0.649062916607485,0.6709868565833687,0.6657780335017471,0.6672447339366047,0.6726088266041421,0.6649971656374685,0.6578630630775332,0.6557446435693319
german,Age,1000.0,0.246,0.0703,19.0,75.0,35.5504,33.0,11.3472,0.9927,0.4822,7.0,15.0,0.0296,0.0368,0.0158,0.0335,0.0243,0.0493,3.6467,0.0312,RandomForest,0.6939851911404284,0.6775905465942607,0.6813000676456715,0.6943072386508617,0.6896397343311639,0.6943541748254959,0.6925415694985191,0.6760988494826434,0.688919204630235
german,Age,1000.0,0.246,0.0703,19.0,75.0,35.5504,33.0,11.3472,0.9927,0.4822,7.0,15.0,0.0296,0.0368,0.0158,0.0335,0.0243,0.0493,3.6467,0.0312,AdaBoost,0.653322271248787,0.6457724455084399,0.6468577211128724,0.6432514450646458,0.6433199398687165,0.6439291794398359,0.65327125152615,0.649177671477342,0.6524425766553585
german,Age,1000.0,0.246,0.0703,19.0,75.0,35.5504,33.0,11.3472,0.9927,0.4822,7.0,15.0,0.0296,0.0368,0.0158,0.0335,0.0243,0.0493,3.6467,0.0312,SVC,0.5866071804226658,0.5866071804226658,0.5866071804226658,0.5866071804226658,0.5866071804226658,0.5866071804226658,0.5866071804226658,0.5866071804226658,0.5866071804226658
german,Age,1000.0,0.203,0.0665,19.0,75.0,35.7491,34.0,11.3817,0.9785,0.5443,8.0,15.0,0.023,0.054,0.0136,0.0368,0.0212,0.0511,3.6592,0.0339,DecisionTree,0.645748655923583,0.6531002307301965,0.6544566148201516,0.6550460824823531,0.6436041624276053,0.6548565697279829,0.6541083774875329,0.6578227709567768,0.6663118728656104
german,Age,1000.0,0.203,0.0665,19.0,75.0,35.7491,34.0,11.3817,0.9785,0.5443,8.0,15.0,0.023,0.054,0.0136,0.0368,0.0212,0.0511,3.6592,0.0339,LogisticRegression,0.6494357905055959,0.6456972188830186,0.638650217441671,0.6494057505927524,0.6494357905055959,0.6479156192533246,0.645960460461116,0.6433839356519316,0.6432753023723747
german,Age,1000.0,0.203,0.0665,19.0,75.0,35.7491,34.0,11.3817,0.9785,0.5443,8.0,15.0,0.023,0.054,0.0136,0.0368,0.0212,0.0511,3.6592,0.0339,KNN,0.6544042510372705,0.6425966904212493,0.6435652266838876,0.6527735645168466,0.6606018062547405,0.6558355542850711,0.6492053305678704,0.652179854690734,0.6682876594803078
german,Age,1000.0,0.203,0.0665,19.0,75.0,35.7491,34.0,11.3817,0.9785,0.5443,8.0,15.0,0.023,0.054,0.0136,0.0368,0.0212,0.0511,3.6592,0.0339,RandomForest,0.6921623159306843,0.6938627194812037,0.6893532634612576,0.682965466701388,0.68310436678924,0.6936900695476905,0.6865029483833345,0.690931672969699,0.6916032635833359
german,Age,1000.0,0.203,0.0665,19.0,75.0,35.7491,34.0,11.3817,0.9785,0.5443,8.0,15.0,0.023,0.054,0.0136,0.0368,0.0212,0.0511,3.6592,0.0339,AdaBoost,0.659477633523263,0.6683640307813666,0.6549307246485232,0.6571330527289926,0.6538795649164465,0.6520864579408612,0.6531817631409154,0.6617630157564351,0.6678834076513531
german,Age,1000.0,0.203,0.0665,19.0,75.0,35.7491,34.0,11.3817,0.9785,0.5443,8.0,15.0,0.023,0.054,0.0136,0.0368,0.0212,0.0511,3.6592,0.0339,SVC,0.5866071804226658,0.5866071804226658,0.5866071804226658,0.5866071804226658,0.5866071804226658,0.5866071804226658,0.5866071804226658,0.5866071804226658,0.5866071804226658
german,Age,1000.0,0.174,0.0642,19.0,75.0,35.5678,33.0,11.6097,1.0439,0.614,7.0,16.0,0.0394,0.0508,0.0163,0.04,0.025,0.0566,3.6471,0.0339,DecisionTree,0.6461952216931935,0.6685875720959226,0.6423512233599992,0.657289357325312,0.6539337229036216,0.6524899265740965,0.64805859168813,0.6605682973215177,0.6510743393808106
german,Age,1000.0,0.174,0.0642,19.0,75.0,35.5678,33.0,11.6097,1.0439,0.614,7.0,16.0,0.0394,0.0508,0.0163,0.04,0.025,0.0566,3.6471,0.0339,LogisticRegression,0.6421158303511001,0.6412591378196071,0.6395913915336964,0.6433183520452253,0.6446556418196571,0.6419622594877602,0.6386341880268017,0.6452608651657081,0.639995245808779
german,Age,1000.0,0.174,0.0642,19.0,75.0,35.5678,33.0,11.6097,1.0439,0.614,7.0,16.0,0.0394,0.0508,0.0163,0.04,0.025,0.0566,3.6471,0.0339,KNN,0.6507657834926581,0.6465737031885295,0.652030508485882,0.644406557213014,0.6514839517189576,0.6451621443422564,0.6443093080649127,0.6469379584267047,0.6515209913357284
german,Age,1000.0,0.174,0.0642,19.0,75.0,35.5678,33.0,11.6097,1.0439,0.614,7.0,16.0,0.0394,0.0508,0.0163,0.04,0.025,0.0566,3.6471,0.0339,RandomForest,0.6815419845885973,0.670454539834403,0.6620371142028707,0.6824081165392045,0.6737190530543473,0.6843418134286059,0.6799003377536682,0.6779691321112331,0.6792617454521747
german,Age,1000.0,0.174,0.0642,19.0,75.0,35.5678,33.0,11.6097,1.0439,0.614,7.0,16.0,0.0394,0.0508,0.0163,0.04,0.025,0.0566,3.6471,0.0339,AdaBoost,0.6552431627278231,0.6521527853952922,0.6504926984752759,0.6506160397785232,0.6504802258745429,0.6586365400234359,0.6381271582414728,0.6521125230834628,0.6557768217757093
german,Age,1000.0,0.174,0.0642,19.0,75.0,35.5678,33.0,11.6097,1.0439,0.614,7.0,16.0,0.0394,0.0508,0.0163,0.04,0.025,0.0566,3.6471,0.0339,SVC,0.5866071804226658,0.5866071804226658,0.5866071804226658,0.5866071804226658,0.5866071804226658,0.5866071804226658,0.5866071804226658,0.5866071804226658,0.5866071804226658
german,Age,1000.0,0.104,0.0592,19.0,75.0,35.5357,33.0,11.2917,1.0221,0.5996,7.0,15.0,0.0294,0.0439,0.0124,0.0248,0.0189,0.036,3.6461,0.0299,DecisionTree,0.6626067467909218,0.6723097707508012,0.6677723872246748,0.6641291577522888,0.6631340848418394,0.6617659996866354,0.6597292581154827,0.6553853387932292,0.6655095311469701
german,Age,1000.0,0.104,0.0592,19.0,75.0,35.5357,33.0,11.2917,1.0221,0.5996,7.0,15.0,0.0294,0.0439,0.0124,0.0248,0.0189,0.036,3.6461,0.0299,LogisticRegression,0.6366859637917435,0.6383790494390859,0.6393659512900648,0.6366326149591133,0.6366326149591133,0.6372222561228463,0.6352058288929925,0.6432156129000122,0.6399099877173475
german,Age,1000.0,0.104,0.0592,19.0,75.0,35.5357,33.0,11.2917,1.0221,0.5996,7.0,15.0,0.0294,0.0439,0.0124,0.0248,0.0189,0.036,3.6461,0.0299,KNN,0.654295757156785,0.6485172556303662,0.6554368218618922,0.6525971780833292,0.6563484498095248,0.6483366437780869,0.6507739983862899,0.6431208599031869,0.6467135971754839
german,Age,1000.0,0.104,0.0592,19.0,75.0,35.5357,33.0,11.2917,1.0221,0.5996,7.0,15.0,0.0294,0.0439,0.0124,0.0248,0.0189,0.036,3.6461,0.0299,RandomForest,0.6921256010348931,0.6838209218589197,0.6833367608041845,0.6863482949547286,0.6763229128472263,0.6856355673584195,0.6929628467105579,0.6850877504838792,0.684124959918269
german,Age,1000.0,0.104,0.0592,19.0,75.0,35.5357,33.0,11.2917,1.0221,0.5996,7.0,15.0,0.0294,0.0439,0.0124,0.0248,0.0189,0.036,3.6461,0.0299,AdaBoost,0.6498599220229746,0.6518277849464877,0.6566742852115216,0.6490151968457798,0.6520371340422627,0.6446370249136207,0.6513325751803688,0.6522808919040793,0.6569789630909324
german,Age,1000.0,0.104,0.0592,19.0,75.0,35.5357,33.0,11.2917,1.0221,0.5996,7.0,15.0,0.0294,0.0439,0.0124,0.0248,0.0189,0.036,3.6461,0.0299,SVC,0.5866071804226658,0.5866071804226658,0.5866071804226658,0.5866071804226658,0.5866071804226658,0.5866071804226658,0.5866071804226658,0.5866071804226658,0.5866071804226658
german,Age,1000.0,0.041,0.0553,19.0,75.0,35.5474,33.0,11.3168,0.999,0.5322,7.0,15.0,0.0282,0.0303,0.0144,0.0227,0.0219,0.0329,3.651,0.0303,DecisionTree,0.6619798285332583,0.6526295421836049,0.6653211073134501,0.6639134745741724,0.6575513297514188,0.6625916736568591,0.6670372520277598,0.6481928958423393,0.6494350294747183
german,Age,1000.0,0.041,0.0553,19.0,75.0,35.5474,33.0,11.3168,0.999,0.5322,7.0,15.0,0.0282,0.0303,0.0144,0.0227,0.0219,0.0329,3.651,0.0303,LogisticRegression,0.6456230550208262,0.6419609495387588,0.6495971438493955,0.6481688862844498,0.6455921983739152,0.6467813159901898,0.6448087558926257,0.636859727231668,0.6460106957294085
german,Age,1000.0,0.041,0.0553,19.0,75.0,35.5474,33.0,11.3168,0.999,0.5322,7.0,15.0,0.0282,0.0303,0.0144,0.0227,0.0219,0.0329,3.651,0.0303,KNN,0.6620685788067632,0.6456205717368311,0.6541791222857715,0.659679992765035,0.6623049011709169,0.6580113406199546,0.656991970875093,0.6392960817817018,0.6447132652839086
german,Age,1000.0,0.041,0.0553,19.0,75.0,35.5474,33.0,11.3168,0.999,0.5322,7.0,15.0,0.0282,0.0303,0.0144,0.0227,0.0219,0.0329,3.651,0.0303,RandomForest,0.7013413888902673,0.6992959646104447,0.7012552624238307,0.6983979710813971,0.7068525578510171,0.7017975212971347,0.6979793224984967,0.692130868579746,0.6913586523662234
german,Age,1000.0,0.041,0.0553,19.0,75.0,35.5474,33.0,11.3168,0.999,0.5322,7.0,15.0,0.0282,0.0303,0.0144,0.0227,0.0219,0.0329,3.651,0.0303,AdaBoost,0.6617518700924006,0.6528498362693543,0.6444311138615808,0.6568877006338371,0.651985036272687,0.6550046943536714,0.6597132658170219,0.6436318505578802,0.6495839358122387
german,Age,1000.0,0.041,0.0553,19.0,75.0,35.5474,33.0,11.3168,0.999,0.5322,7.0,15.0,0.0282,0.0303,0.0144,0.0227,0.0219,0.0329,3.651,0.0303,SVC,0.5866071804226658,0.5866071804226658,0.5866071804226658,0.5866071804226658,0.5866071804226658,0.5866071804226658,0.5866071804226658,0.5866071804226658,0.5866071804226658
german,Credit_amount,1000.0,0.455,0.945,343.0,15857.0,3209.4183,2145.0,2847.3673,1.9465,3.8111,934.0,2402.0,0.0224,0.6041,0.0266,0.4471,0.0418,0.603,6.2226,0.0,DecisionTree,0.6585909621832481,0.6584565979640602,0.6506282205733132,0.6599379047562767,0.6485298270061732,0.6583414233656563,0.6582285917408713,0.6600377769984064,0.6586619445581723
german,Credit_amount,1000.0,0.455,0.945,343.0,15857.0,3209.4183,2145.0,2847.3673,1.9465,3.8111,934.0,2402.0,0.0224,0.6041,0.0266,0.4471,0.0418,0.603,6.2226,0.0,LogisticRegression,0.6434643482932801,0.6458692224784588,0.64805439259336,0.653534794902893,0.6476549629487354,0.6465097699694247,0.6450361302786695,0.6458692224784588,0.645459073748964
german,Credit_amount,1000.0,0.455,0.945,343.0,15857.0,3209.4183,2145.0,2847.3673,1.9465,3.8111,934.0,2402.0,0.0224,0.6041,0.0266,0.4471,0.0418,0.603,6.2226,0.0,KNN,0.6348155417761636,0.6321258080023328,0.6573094036842985,0.6525567768766499,0.656333007467754,0.6522822645964986,0.6378360807946722,0.6315032594437413,0.634147486500052
german,Credit_amount,1000.0,0.455,0.945,343.0,15857.0,3209.4183,2145.0,2847.3673,1.9465,3.8111,934.0,2402.0,0.0224,0.6041,0.0266,0.4471,0.0418,0.603,6.2226,0.0,RandomForest,0.6690028128627535,0.6815941547881977,0.6698880359380255,0.6752679285735756,0.6700922972959945,0.6731976231909083,0.6804003594181275,0.6638611544153479,0.6727615185898159
german,Credit_amount,1000.0,0.455,0.945,343.0,15857.0,3209.4183,2145.0,2847.3673,1.9465,3.8111,934.0,2402.0,0.0224,0.6041,0.0266,0.4471,0.0418,0.603,6.2226,0.0,AdaBoost,0.6644952266288647,0.6604620356375648,0.6521008763363763,0.6575519495596333,0.662850883250939,0.651173039883914,0.6630730301159865,0.6652143779935056,0.6555208443311212
german,Credit_amount,1000.0,0.455,0.945,343.0,15857.0,3209.4183,2145.0,2847.3673,1.9465,3.8111,934.0,2402.0,0.0224,0.6041,0.0266,0.4471,0.0418,0.603,6.2226,0.0,SVC,0.5866071804226658,0.5866071804226658,0.5866071804226658,0.5866071804226658,0.5866071804226658,0.5866071804226658,0.5866071804226658,0.5866071804226658,0.5866071804226658
german,Credit_amount,1000.0,0.451,0.9654,338.0,14896.0,3221.4098,2390.0,2655.9995,1.8892,3.9141,1135.0,2573.0,0.0131,0.6012,0.0191,0.4847,0.0243,0.6435,6.2592,0.0,DecisionTree,0.6482271430413223,0.6342357241715812,0.6526309687531776,0.6525433235712405,0.6417503530618336,0.6567118232889302,0.6508573358210936,0.6445725346571802,0.6543381701196104
german,Credit_amount,1000.0,0.451,0.9654,338.0,14896.0,3221.4098,2390.0,2655.9995,1.8892,3.9141,1135.0,2573.0,0.0131,0.6012,0.0191,0.4847,0.0243,0.6435,6.2592,0.0,LogisticRegression,0.6413863159142719,0.6450055084876584,0.6341723860569438,0.6390361249288794,0.6352941879750627,0.6411008533894071,0.6518105580280624,0.6450055084876584,0.6407966747505387
german,Credit_amount,1000.0,0.451,0.9654,338.0,14896.0,3221.4098,2390.0,2655.9995,1.8892,3.9141,1135.0,2573.0,0.0131,0.6012,0.0191,0.4847,0.0243,0.6435,6.2592,0.0,KNN,0.6457082809919048,0.6593655303551046,0.648391196520359,0.6402176674191743,0.6323935707512017,0.6364617147375432,0.6475018154099362,0.6576824121350169,0.6325811457117178
german,Credit_amount,1000.0,0.451,0.9654,338.0,14896.0,3221.4098,2390.0,2655.9995,1.8892,3.9141,1135.0,2573.0,0.0131,0.6012,0.0191,0.4847,0.0243,0.6435,6.2592,0.0,RandomForest,0.6665023842532113,0.6650755767711991,0.6805499446647848,0.6729209140716679,0.6589860767169907,0.6656791670456007,0.6539904123857186,0.668319193737583,0.6661424682027652
german,Credit_amount,1000.0,0.451,0.9654,338.0,14896.0,3221.4098,2390.0,2655.9995,1.8892,3.9141,1135.0,2573.0,0.0131,0.6012,0.0191,0.4847,0.0243,0.6435,6.2592,0.0,AdaBoost,0.6548097831470391,0.6730824147642971,0.6658638825988358,0.6589529270421024,0.661068088472981,0.6489297570781462,0.652167742882523,0.6637453224250118,0.6609381613883238
german,Credit_amount,1000.0,0.451,0.9654,338.0,14896.0,3221.4098,2390.0,2655.9995,1.8892,3.9141,1135.0,2573.0,0.0131,0.6012,0.0191,0.4847,0.0243,0.6435,6.2592,0.0,SVC,0.5866071804226658,0.5866071804226658,0.5866071804226658,0.5866071804226658,0.5866071804226658,0.5866071804226658,0.5866071804226658,0.5866071804226658,0.5866071804226658
german,Credit_amount,1000.0,0.409,0.9577,339.0,15945.0,3300.6853,2333.0,2719.7926,1.7899,3.6463,1127.0,2811.0,0.0608,0.6222,0.0359,0.4608,0.0502,0.6166,6.3232,0.0,DecisionTree,0.6582931842262918,0.6646819596225148,0.6603877429893118,0.6349012680223027,0.6595730538864694,0.6481011227221081,0.6544714204212299,0.6616867283231371,0.6607422844055022
german,Credit_amount,1000.0,0.409,0.9577,339.0,15945.0,3300.6853,2333.0,2719.7926,1.7899,3.6463,1127.0,2811.0,0.0608,0.6222,0.0359,0.4608,0.0502,0.6166,6.3232,0.0,LogisticRegression,0.6485739041602389,0.6450182086383307,0.6481749795684542,0.6515119913914527,0.6502116884980793,0.6515119913914527,0.6492380860012857,0.6450182086383307,0.6467800142866378
german,Credit_amount,1000.0,0.409,0.9577,339.0,15945.0,3300.6853,2333.0,2719.7926,1.7899,3.6463,1127.0,2811.0,0.0608,0.6222,0.0359,0.4608,0.0502,0.6166,6.3232,0.0,KNN,0.6346806742543777,0.6620951352539522,0.6315083225099067,0.6363419930617144,0.6331147547824039,0.6295268650415429,0.6310392524261759,0.6609459679260765,0.6269240663662698
german,Credit_amount,1000.0,0.409,0.9577,339.0,15945.0,3300.6853,2333.0,2719.7926,1.7899,3.6463,1127.0,2811.0,0.0608,0.6222,0.0359,0.4608,0.0502,0.6166,6.3232,0.0,RandomForest,0.6558943487914344,0.6528822546239648,0.6678589491592954,0.6657442521754987,0.6694856640408103,0.6593744970312686,0.6681542462173541,0.6714591779594106,0.6699456081550843
german,Credit_amount,1000.0,0.409,0.9577,339.0,15945.0,3300.6853,2333.0,2719.7926,1.7899,3.6463,1127.0,2811.0,0.0608,0.6222,0.0359,0.4608,0.0502,0.6166,6.3232,0.0,AdaBoost,0.6485314276729838,0.6672667480029019,0.6624732970267333,0.648798480945442,0.6524863985543669,0.6505243027325218,0.650464372055684,0.665619754137612,0.6663268442245778
german,Credit_amount,1000.0,0.409,0.9577,339.0,15945.0,3300.6853,2333.0,2719.7926,1.7899,3.6463,1127.0,2811.0,0.0608,0.6222,0.0359,0.4608,0.0502,0.6166,6.3232,0.0,SVC,0.5866071804226658,0.5866071804226658,0.5866071804226658,0.5866071804226658,0.5866071804226658,0.5866071804226658,0.5866071804226658,0.5866071804226658,0.5866071804226658
german,Credit_amount,1000.0,0.343,0.9406,276.0,18424.0,3163.4886,2255.0,2746.1037,2.0787,5.1951,1056.0,2511.0,0.0675,0.6242,0.0387,0.4647,0.058,0.6222,6.4046,0.0,DecisionTree,0.666578524064907,0.6586669882686369,0.6479153052308988,0.6620173559752346,0.6610600287240439,0.6557100420892098,0.6585437899918622,0.6614022292623718,0.6639886156043278
german,Credit_amount,1000.0,0.343,0.9406,276.0,18424.0,3163.4886,2255.0,2746.1037,2.0787,5.1951,1056.0,2511.0,0.0675,0.6242,0.0387,0.4647,0.058,0.6222,6.4046,0.0,LogisticRegression,0.643118637144834,0.6504632859324256,0.6423472089607899,0.6411869900505853,0.6417994903446298,0.6417994903446298,0.6413326391224197,0.6504632859324256,0.643118637144834
german,Credit_amount,1000.0,0.343,0.9406,276.0,18424.0,3163.4886,2255.0,2746.1037,2.0787,5.1951,1056.0,2511.0,0.0675,0.6242,0.0387,0.4647,0.058,0.6222,6.4046,0.0,KNN,0.6557960764356818,0.6477798494096699,0.6465981870565084,0.6557371820367459,0.6486027877110258,0.6522587914475704,0.6510501501203355,0.651232179803706,0.6520083811135297
german,Credit_amount,1000.0,0.343,0.9406,276.0,18424.0,3163.4886,2255.0,2746.1037,2.0787,5.1951,1056.0,2511.0,0.0675,0.6242,0.0387,0.4647,0.058,0.6222,6.4046,0.0,RandomForest,0.6870797940248407,0.6758703830084893,0.6818594544799564,0.6861914077231589,0.6836060735856755,0.6824183166793778,0.686512118445919,0.6732821367506218,0.6843014769575745
german,Credit_amount,1000.0,0.343,0.9406,276.0,18424.0,3163.4886,2255.0,2746.1037,2.0787,5.1951,1056.0,2511.0,0.0675,0.6242,0.0387,0.4647,0.058,0.6222,6.4046,0.0,AdaBoost,0.6608872241221593,0.6608628679265003,0.6529384937873577,0.6513111164178546,0.6549847646813223,0.6541269408977279,0.6630299114626631,0.6643796284505981,0.6615910398215885
german,Credit_amount,1000.0,0.343,0.9406,276.0,18424.0,3163.4886,2255.0,2746.1037,2.0787,5.1951,1056.0,2511.0,0.0675,0.6242,0.0387,0.4647,0.058,0.6222,6.4046,0.0,SVC,0.5866071804226658,0.5866071804226658,0.5866071804226658,0.5866071804226658,0.5866071804226658,0.5866071804226658,0.5866071804226658,0.5866071804226658,0.5866071804226658
german,Credit_amount,1000.0,0.299,0.9586,250.0,18424.0,3391.311,2359.0,2949.7099,1.8881,3.9128,1152.0,2836.0,0.0385,0.6277,0.0198,0.4739,0.0311,0.6323,6.4952,0.0,DecisionTree,0.6546927688955768,0.6549101325975739,0.659063064455072,0.6612358379627726,0.654772071999536,0.6550325804673446,0.657223586885294,0.6507317445527518,0.6564695122863058
german,Credit_amount,1000.0,0.299,0.9586,250.0,18424.0,3391.311,2359.0,2949.7099,1.8881,3.9128,1152.0,2836.0,0.0385,0.6277,0.0198,0.4739,0.0311,0.6323,6.4952,0.0,LogisticRegression,0.6509679145914637,0.6451758577885948,0.6497399920516447,0.6487456174609133,0.6487456174609133,0.6495836458612676,0.6458682352307366,0.6445994505167468,0.6481749795684542
german,Credit_amount,1000.0,0.299,0.9586,250.0,18424.0,3391.311,2359.0,2949.7099,1.8881,3.9128,1152.0,2836.0,0.0385,0.6277,0.0198,0.4739,0.0311,0.6323,6.4952,0.0,KNN,0.6393147775228263,0.6294843172559744,0.6436484683561259,0.6428962832815245,0.6362725628839212,0.6432062710589995,0.6363573580924877,0.6282160714797682,0.6416033785603805
german,Credit_amount,1000.0,0.299,0.9586,250.0,18424.0,3391.311,2359.0,2949.7099,1.8881,3.9128,1152.0,2836.0,0.0385,0.6277,0.0198,0.4739,0.0311,0.6323,6.4952,0.0,RandomForest,0.6761672620464132,0.6798617186809077,0.6745277379732316,0.6829089633144105,0.6935478988682416,0.6752398849797665,0.667066498208964,0.6760996572144149,0.6819964722127771
german,Credit_amount,1000.0,0.299,0.9586,250.0,18424.0,3391.311,2359.0,2949.7099,1.8881,3.9128,1152.0,2836.0,0.0385,0.6277,0.0198,0.4739,0.0311,0.6323,6.4952,0.0,AdaBoost,0.6625103826524281,0.6621535944924025,0.6614484358071704,0.66130488283939,0.667547567611389,0.6558345709913165,0.6592360502451395,0.6755950738803455,0.6533176708597039
german,Credit_amount,1000.0,0.299,0.9586,250.0,18424.0,3391.311,2359.0,2949.7099,1.8881,3.9128,1152.0,2836.0,0.0385,0.6277,0.0198,0.4739,0.0311,0.6323,6.4952,0.0,SVC,0.5866071804226658,0.5866071804226658,0.5866071804226658,0.5866071804226658,0.5866071804226658,0.5866071804226658,0.5866071804226658,0.5866071804226658,0.5866071804226658
german,Credit_amount,1000.0,0.269,0.9439,250.0,18424.0,3227.104,2303.0,2706.8387,1.8933,4.2642,1096.0,2603.5,0.0123,0.6079,0.0252,0.4648,0.0383,0.625,6.5138,0.0,DecisionTree,0.6596515085879737,0.6546219253580496,0.6655657766012159,0.6615635745306663,0.6675304997795344,0.6521451717124637,0.6708438500362822,0.6577896562965134,0.6638890393963857
german,Credit_amount,1000.0,0.269,0.9439,250.0,18424.0,3227.104,2303.0,2706.8387,1.8933,4.2642,1096.0,2603.5,0.0123,0.6079,0.0252,0.4648,0.0383,0.625,6.5138,0.0,LogisticRegression,0.6474049905726107,0.6446656684874483,0.6447181604202117,0.6391705624309563,0.6463432247549525,0.6444207922232037,0.6404628258826414,0.6446656684874483,0.6505379123540854
german,Credit_amount,1000.0,0.269,0.9439,250.0,18424.0,3227.104,2303.0,2706.8387,1.8933,4.2642,1096.0,2603.5,0.0123,0.6079,0.0252,0.4648,0.0383,0.625,6.5138,0.0,KNN,0.6731341542531486,0.6658512128887902,0.6487422808651805,0.6576267012942398,0.652895306590227,0.655928395680266,0.6552147563043661,0.667047431434981,0.6666779354304286
german,Credit_amount,1000.0,0.269,0.9439,250.0,18424.0,3227.104,2303.0,2706.8387,1.8933,4.2642,1096.0,2603.5,0.0123,0.6079,0.0252,0.4648,0.0383,0.625,6.5138,0.0,RandomForest,0.6959209605458356,0.7121308162025521,0.7039784954700765,0.6829084244654289,0.6883612327856947,0.6909728190732289,0.6863936099911785,0.7104937147571406,0.7074302941655224
german,Credit_amount,1000.0,0.269,0.9439,250.0,18424.0,3227.104,2303.0,2706.8387,1.8933,4.2642,1096.0,2603.5,0.0123,0.6079,0.0252,0.4648,0.0383,0.625,6.5138,0.0,AdaBoost,0.6606406320745762,0.6610646937699262,0.6576262471223164,0.6622902687552195,0.6722808555383728,0.6676477134926777,0.6654269877556281,0.6528965596866964,0.6636698838562974
german,Credit_amount,1000.0,0.269,0.9439,250.0,18424.0,3227.104,2303.0,2706.8387,1.8933,4.2642,1096.0,2603.5,0.0123,0.6079,0.0252,0.4648,0.0383,0.625,6.5138,0.0,SVC,0.5866071804226658,0.5866071804226658,0.5866071804226658,0.5866071804226658,0.5866071804226658,0.5866071804226658,0.5866071804226658,0.5866071804226658,0.5866071804226658
german,Credit_amount,1000.0,0.204,0.9347,250.0,18424.0,3219.8116,2253.0,2775.0644,1.9435,4.3439,1073.0,2619.0,0.049,0.6133,0.0233,0.4526,0.0346,0.6081,6.5871,0.0,DecisionTree,0.6590578164823109,0.646328272958699,0.6525661532913584,0.6600420171623138,0.649872424026933,0.6530368509788187,0.6521470624157191,0.6604322518171453,0.6561275070561492
german,Credit_amount,1000.0,0.204,0.9347,250.0,18424.0,3219.8116,2253.0,2775.0644,1.9435,4.3439,1073.0,2619.0,0.049,0.6133,0.0233,0.4526,0.0346,0.6081,6.5871,0.0,LogisticRegression,0.6402333806897498,0.6433126078709155,0.6373561670068256,0.6363301060038051,0.6373869026872194,0.6376680374523481,0.6419910367536444,0.6439251081649602,0.6384138110127467
german,Credit_amount,1000.0,0.204,0.9347,250.0,18424.0,3219.8116,2253.0,2775.0644,1.9435,4.3439,1073.0,2619.0,0.049,0.6133,0.0233,0.4526,0.0346,0.6081,6.5871,0.0,KNN,0.6622925582196075,0.656492256759913,0.651712936300019,0.6557768879413239,0.6569685864023262,0.654744218717932,0.6516776457922866,0.656492256759913,0.65631760912691
german,Credit_amount,1000.0,0.204,0.9347,250.0,18424.0,3219.8116,2253.0,2775.0644,1.9435,4.3439,1073.0,2619.0,0.049,0.6133,0.0233,0.4526,0.0346,0.6081,6.5871,0.0,RandomForest,0.6833761854859645,0.7021978974775913,0.6866375432210078,0.6863677098837763,0.6847728267678626,0.6859101286391824,0.6898856482706692,0.7073931043140176,0.683092431250371
german,Credit_amount,1000.0,0.204,0.9347,250.0,18424.0,3219.8116,2253.0,2775.0644,1.9435,4.3439,1073.0,2619.0,0.049,0.6133,0.0233,0.4526,0.0346,0.6081,6.5871,0.0,AdaBoost,0.6552828253220571,0.6610817177622119,0.665327278615734,0.6576113501503752,0.6598643127025662,0.6587035615176388,0.6616238562156651,0.6558097258629725,0.6749982415508463
german,Credit_amount,1000.0,0.204,0.9347,250.0,18424.0,3219.8116,2253.0,2775.0644,1.9435,4.3439,1073.0,2619.0,0.049,0.6133,0.0233,0.4526,0.0346,0.6081,6.5871,0.0,SVC,0.5866071804226658,0.5866071804226658,0.5866071804226658,0.5866071804226658,0.5866071804226658,0.5866071804226658,0.5866071804226658,0.5866071804226658,0.5866071804226658
german,Credit_amount,1000.0,0.147,0.9308,250.0,18424.0,3273.2192,2326.0,2841.1547,1.9688,4.3897,1098.0,2613.0,0.0297,0.644,0.0222,0.4772,0.0342,0.6396,6.6504,0.0,DecisionTree,0.6558874171702894,0.6535784615321945,0.6481859311539941,0.6608611224996126,0.6604929491848851,0.6503140682591445,0.6413998921944088,0.6527375160310547,0.6570496219706992
german,Credit_amount,1000.0,0.147,0.9308,250.0,18424.0,3273.2192,2326.0,2841.1547,1.9688,4.3897,1098.0,2613.0,0.0297,0.644,0.0222,0.4772,0.0342,0.6396,6.6504,0.0,LogisticRegression,0.6446762873655467,0.6452499225364852,0.6479888458337656,0.6442927571552948,0.6434723689167443,0.645019001402854,0.6471392619853037,0.6452499225364852,0.643913687445792
german,Credit_amount,1000.0,0.147,0.9308,250.0,18424.0,3273.2192,2326.0,2841.1547,1.9688,4.3897,1098.0,2613.0,0.0297,0.644,0.0222,0.4772,0.0342,0.6396,6.6504,0.0,KNN,0.6696492728108387,0.6533327561056775,0.6569481249284804,0.6476897971106722,0.655475476596606,0.6556717803220944,0.6661659946305047,0.6533327561056775,0.6622379957888862
german,Credit_amount,1000.0,0.147,0.9308,250.0,18424.0,3273.2192,2326.0,2841.1547,1.9688,4.3897,1098.0,2613.0,0.0297,0.644,0.0222,0.4772,0.0342,0.6396,6.6504,0.0,RandomForest,0.6850830580451092,0.6871042559727971,0.6826866247274531,0.6832359558814672,0.6906963225228427,0.6936284357583642,0.6914956090753076,0.6927374406800755,0.6880803126061316
german,Credit_amount,1000.0,0.147,0.9308,250.0,18424.0,3273.2192,2326.0,2841.1547,1.9688,4.3897,1098.0,2613.0,0.0297,0.644,0.0222,0.4772,0.0342,0.6396,6.6504,0.0,AdaBoost,0.65124065139699,0.6497463510082198,0.6478332140124795,0.6522987342609562,0.6454152667470341,0.6554155252299062,0.6460898288401089,0.6527885260757066,0.6542461749937994
german,Credit_amount,1000.0,0.147,0.9308,250.0,18424.0,3273.2192,2326.0,2841.1547,1.9688,4.3897,1098.0,2613.0,0.0297,0.644,0.0222,0.4772,0.0342,0.6396,6.6504,0.0,SVC,0.5866071804226658,0.5866071804226658,0.5866071804226658,0.5866071804226658,0.5866071804226658,0.5866071804226658,0.5866071804226658,0.5866071804226658,0.5866071804226658
german,Credit_amount,1000.0,0.077,0.9274,250.0,18424.0,3258.7595,2319.0,2819.8899,1.9969,4.5024,1095.0,2595.0,0.0383,0.6138,0.0192,0.4566,0.0293,0.6148,6.7247,0.0,DecisionTree,0.6548553857952517,0.6519317315346576,0.6631703364957545,0.6587118737557132,0.6592846293332246,0.6562581782756572,0.657725101380553,0.6623148552129257,0.6553333325947137
german,Credit_amount,1000.0,0.077,0.9274,250.0,18424.0,3258.7595,2319.0,2819.8899,1.9969,4.5024,1095.0,2595.0,0.0383,0.6138,0.0192,0.4566,0.0293,0.6148,6.7247,0.0,LogisticRegression,0.6448038459433174,0.6417214702650291,0.6434975988239646,0.6452714976705556,0.6452714976705556,0.6452714976705556,0.6457871986339873,0.6417214702650291,0.6437405593922939
german,Credit_amount,1000.0,0.077,0.9274,250.0,18424.0,3258.7595,2319.0,2819.8899,1.9969,4.5024,1095.0,2595.0,0.0383,0.6138,0.0192,0.4566,0.0293,0.6148,6.7247,0.0,KNN,0.6504060909096228,0.6422829774753722,0.6475787952684297,0.6447008546470502,0.6475146629969348,0.6505858012408845,0.6484636353200905,0.6422829774753722,0.6497607710951476
german,Credit_amount,1000.0,0.077,0.9274,250.0,18424.0,3258.7595,2319.0,2819.8899,1.9969,4.5024,1095.0,2595.0,0.0383,0.6138,0.0192,0.4566,0.0293,0.6148,6.7247,0.0,RandomForest,0.6917384105780194,0.6940196961030974,0.6804307028020217,0.6810998386048797,0.6920029816360023,0.6885951901199641,0.6860395884852959,0.6956959041878309,0.6941552990626688
german,Credit_amount,1000.0,0.077,0.9274,250.0,18424.0,3258.7595,2319.0,2819.8899,1.9969,4.5024,1095.0,2595.0,0.0383,0.6138,0.0192,0.4566,0.0293,0.6148,6.7247,0.0,AdaBoost,0.6530128481844674,0.655578264838073,0.6475870811096157,0.6504827932881577,0.6513586642031496,0.6427710088517118,0.6475877426466793,0.6616763755393397,0.6611381565933748
german,Credit_amount,1000.0,0.077,0.9274,250.0,18424.0,3258.7595,2319.0,2819.8899,1.9969,4.5024,1095.0,2595.0,0.0383,0.6138,0.0192,0.4566,0.0293,0.6148,6.7247,0.0,SVC,0.5866071804226658,0.5866071804226658,0.5866071804226658,0.5866071804226658,0.5866071804226658,0.5866071804226658,0.5866071804226658,0.5866071804226658,0.5866071804226658
german,Credit_amount,1000.0,0.054,0.9228,250.0,18424.0,3252.1543,2301.5,2807.6479,1.9731,4.4182,1081.5,2586.5,0.0199,0.616,0.0129,0.4581,0.0203,0.6154,6.7431,0.0,DecisionTree,0.6568326797701056,0.6517019759535724,0.6696677178317947,0.6556602752753985,0.6584553292804902,0.650777195217223,0.6567768439733348,0.6538131716100439,0.650032736586688
german,Credit_amount,1000.0,0.054,0.9228,250.0,18424.0,3252.1543,2301.5,2807.6479,1.9731,4.4182,1081.5,2586.5,0.0199,0.616,0.0129,0.4581,0.0203,0.6154,6.7431,0.0,LogisticRegression,0.6458295371385149,0.6377530292839408,0.6466698409177927,0.6467644432582784,0.6467644432582784,0.6467644432582784,0.6458295371385149,0.6377530292839408,0.6467644432582784
german,Credit_amount,1000.0,0.054,0.9228,250.0,18424.0,3252.1543,2301.5,2807.6479,1.9731,4.4182,1081.5,2586.5,0.0199,0.616,0.0129,0.4581,0.0203,0.6154,6.7431,0.0,KNN,0.6426572575533823,0.6503381908634098,0.6428069131132796,0.6469146853203906,0.6478043281669328,0.6489743968448114,0.6442766486852355,0.6513601577557435,0.6460840481546137
german,Credit_amount,1000.0,0.054,0.9228,250.0,18424.0,3252.1543,2301.5,2807.6479,1.9731,4.4182,1081.5,2586.5,0.0199,0.616,0.0129,0.4581,0.0203,0.6154,6.7431,0.0,RandomForest,0.697492518644684,0.6942227680048858,0.6894525985455952,0.7011540781913094,0.6851691793454394,0.6931305564643133,0.6973404427479232,0.6967952359988521,0.6899485810665761
german,Credit_amount,1000.0,0.054,0.9228,250.0,18424.0,3252.1543,2301.5,2807.6479,1.9731,4.4182,1081.5,2586.5,0.0199,0.616,0.0129,0.4581,0.0203,0.6154,6.7431,0.0,AdaBoost,0.6459118332649172,0.6579863939663945,0.646414215089305,0.6507646867337789,0.651818013739851,0.650305428595072,0.6425745624396204,0.6482148974471128,0.6467952800058175
german,Credit_amount,1000.0,0.054,0.9228,250.0,18424.0,3252.1543,2301.5,2807.6479,1.9731,4.4182,1081.5,2586.5,0.0199,0.616,0.0129,0.4581,0.0203,0.6154,6.7431,0.0,SVC,0.5866071804226658,0.5866071804226658,0.5866071804226658,0.5866071804226658,0.5866071804226658,0.5866071804226658,0.5866071804226658,0.5866071804226658,0.5866071804226658
german,Duration,1000.0,0.533,0.0557,4.0,60.0,21.1221,18.0,12.0958,1.0283,0.6679,6.0,12.0,0.0308,0.6164,0.0282,0.4635,0.0412,0.6237,2.5826,0.1282,DecisionTree,0.6330648024963806,0.6477892809264951,0.6378840012296622,0.6377531906051639,0.6369754139988274,0.6477222272196979,0.6553970750065435,0.6321956706631064,0.6401463395830588
german,Duration,1000.0,0.533,0.0557,4.0,60.0,21.1221,18.0,12.0958,1.0283,0.6679,6.0,12.0,0.0308,0.6164,0.0282,0.4635,0.0412,0.6237,2.5826,0.1282,LogisticRegression,0.6498859472552356,0.6307565818572858,0.6361063226906797,0.6388286914774535,0.6367718883043287,0.6413593958960682,0.6376290566216406,0.6251164093219792,0.6391711207124241
german,Duration,1000.0,0.533,0.0557,4.0,60.0,21.1221,18.0,12.0958,1.0283,0.6679,6.0,12.0,0.0308,0.6164,0.0282,0.4635,0.0412,0.6237,2.5826,0.1282,KNN,0.6595281867856743,0.6536776283486557,0.6520252612442679,0.6780872472551698,0.6717641053403052,0.6679273686796636,0.6585594756976861,0.6531124692228889,0.6539929962296607
german,Duration,1000.0,0.533,0.0557,4.0,60.0,21.1221,18.0,12.0958,1.0283,0.6679,6.0,12.0,0.0308,0.6164,0.0282,0.4635,0.0412,0.6237,2.5826,0.1282,RandomForest,0.6818848305838054,0.6884600882286624,0.6789343684344696,0.6861483185846928,0.6921892811206984,0.6854225074599217,0.6856419124557425,0.6614500907568466,0.6867252957367191
german,Duration,1000.0,0.533,0.0557,4.0,60.0,21.1221,18.0,12.0958,1.0283,0.6679,6.0,12.0,0.0308,0.6164,0.0282,0.4635,0.0412,0.6237,2.5826,0.1282,AdaBoost,0.6547639687874488,0.6636419978767475,0.6593235421583958,0.6534458514349764,0.6502014928390774,0.6670874991130054,0.6599262914273698,0.648287803067443,0.662394582157313
german,Duration,1000.0,0.533,0.0557,4.0,60.0,21.1221,18.0,12.0958,1.0283,0.6679,6.0,12.0,0.0308,0.6164,0.0282,0.4635,0.0412,0.6237,2.5826,0.1282,SVC,0.5866071804226658,0.5866071804226658,0.5866071804226658,0.5866071804226658,0.5866071804226658,0.5866071804226658,0.5866071804226658,0.5866071804226658,0.5866071804226658
german,Duration,1000.0,0.442,0.0556,4.0,72.0,21.1129,18.0,12.1992,1.0772,0.9446,6.0,12.0,0.0389,0.6362,0.0312,0.4939,0.0451,0.6593,2.6444,0.1016,DecisionTree,0.6256254969387376,0.6326197709477295,0.6258632041947145,0.6493533187710989,0.6335571515303496,0.6366710256400241,0.628227944150423,0.614113962345594,0.6235552537416941
german,Duration,1000.0,0.442,0.0556,4.0,72.0,21.1129,18.0,12.1992,1.0772,0.9446,6.0,12.0,0.0389,0.6362,0.0312,0.4939,0.0451,0.6593,2.6444,0.1016,LogisticRegression,0.6517510228794843,0.6350469489950366,0.637026782260509,0.6367353192643086,0.6349313302680027,0.6443634717100101,0.6479679837339254,0.642040826212471,0.6313472842042691
german,Duration,1000.0,0.442,0.0556,4.0,72.0,21.1129,18.0,12.1992,1.0772,0.9446,6.0,12.0,0.0389,0.6362,0.0312,0.4939,0.0451,0.6593,2.6444,0.1016,KNN,0.6659757834024755,0.6681493924483421,0.6568057004418336,0.6475840861359679,0.6387428813888663,0.6500245195065552,0.6567978534352907,0.655824832144422,0.6578755771247011
german,Duration,1000.0,0.442,0.0556,4.0,72.0,21.1129,18.0,12.1992,1.0772,0.9446,6.0,12.0,0.0389,0.6362,0.0312,0.4939,0.0451,0.6593,2.6444,0.1016,RandomForest,0.664277478579243,0.6638228828950614,0.6624986968602482,0.6680163726763368,0.6623756151642071,0.6574615700654939,0.6628012710860087,0.6630423507326788,0.6720955243575946
german,Duration,1000.0,0.442,0.0556,4.0,72.0,21.1129,18.0,12.1992,1.0772,0.9446,6.0,12.0,0.0389,0.6362,0.0312,0.4939,0.0451,0.6593,2.6444,0.1016,AdaBoost,0.6511989349324134,0.6430747127252915,0.6389665692073074,0.6545757074420036,0.6457553491157502,0.6483264051055472,0.6357191692212187,0.6527362853404741,0.630196326839396
german,Duration,1000.0,0.442,0.0556,4.0,72.0,21.1129,18.0,12.1992,1.0772,0.9446,6.0,12.0,0.0389,0.6362,0.0312,0.4939,0.0451,0.6593,2.6444,0.1016,SVC,0.5866071804226658,0.5866071804226658,0.5866071804226658,0.5866071804226658,0.5866071804226658,0.5866071804226658,0.5866071804226658,0.5866071804226658,0.5866071804226658
german,Duration,1000.0,0.427,0.0541,4.0,72.0,20.5881,18.0,11.9293,1.1505,1.3253,6.0,12.0,0.0251,0.6206,0.0172,0.4768,0.0271,0.6376,2.5921,0.0961,DecisionTree,0.6432782725549724,0.6331148093236987,0.6518303641045863,0.6393392099500502,0.6249001500935532,0.6497674808035533,0.6277943672292747,0.6251392701597577,0.643100005956341
german,Duration,1000.0,0.427,0.0541,4.0,72.0,20.5881,18.0,11.9293,1.1505,1.3253,6.0,12.0,0.0251,0.6206,0.0172,0.4768,0.0271,0.6376,2.5921,0.0961,LogisticRegression,0.6362636684091703,0.6403433393918014,0.6426035224983306,0.639172378292424,0.6258818345622152,0.647634037762779,0.6438475260936373,0.6447866231968917,0.6441346828169355
german,Duration,1000.0,0.427,0.0541,4.0,72.0,20.5881,18.0,11.9293,1.1505,1.3253,6.0,12.0,0.0251,0.6206,0.0172,0.4768,0.0271,0.6376,2.5921,0.0961,KNN,0.6616227123338083,0.6428972531618268,0.6290121007884321,0.6487345607738402,0.638843559257518,0.6503214681775986,0.6445121480581703,0.6558375830289409,0.6378170178005164
german,Duration,1000.0,0.427,0.0541,4.0,72.0,20.5881,18.0,11.9293,1.1505,1.3253,6.0,12.0,0.0251,0.6206,0.0172,0.4768,0.0271,0.6376,2.5921,0.0961,RandomForest,0.6670882498810157,0.6722054979497053,0.6668552807154484,0.6759292589876232,0.6655437700077567,0.6677223707568382,0.6688043150142753,0.6617246883425841,0.666335126688216
german,Duration,1000.0,0.427,0.0541,4.0,72.0,20.5881,18.0,11.9293,1.1505,1.3253,6.0,12.0,0.0251,0.6206,0.0172,0.4768,0.0271,0.6376,2.5921,0.0961,AdaBoost,0.6345358495098206,0.6469256193511972,0.6497108046513079,0.6489483783667638,0.6359972454838916,0.646495283445073,0.6343066181163205,0.6446518907452764,0.6567221836106731
german,Duration,1000.0,0.427,0.0541,4.0,72.0,20.5881,18.0,11.9293,1.1505,1.3253,6.0,12.0,0.0251,0.6206,0.0172,0.4768,0.0271,0.6376,2.5921,0.0961,SVC,0.5866071804226658,0.5866071804226658,0.5866071804226658,0.5866071804226658,0.5866071804226658,0.5866071804226658,0.5866071804226658,0.5866071804226658,0.5866071804226658
german,Duration,1000.0,0.338,0.0483,4.0,72.0,21.0121,18.0,12.4357,1.1116,0.9445,6.0,12.0,0.0296,0.6318,0.0304,0.4637,0.044,0.6223,2.6009,0.0958,DecisionTree,0.6406774884937227,0.6497580247131751,0.6244520594829299,0.6499643378130362,0.6671399415325466,0.6523869122755733,0.6363712250376666,0.6458864064902821,0.6463438117063992
german,Duration,1000.0,0.338,0.0483,4.0,72.0,21.0121,18.0,12.4357,1.1116,0.9445,6.0,12.0,0.0296,0.6318,0.0304,0.4637,0.044,0.6223,2.6009,0.0958,LogisticRegression,0.6402357052006793,0.6676201969838527,0.6529074682753717,0.6515851961272084,0.6487157496557935,0.6651518380976325,0.641835085843492,0.638739942712555,0.6631982263351548
german,Duration,1000.0,0.338,0.0483,4.0,72.0,21.0121,18.0,12.4357,1.1116,0.9445,6.0,12.0,0.0296,0.6318,0.0304,0.4637,0.044,0.6223,2.6009,0.0958,KNN,0.6562631822219707,0.6406869841599644,0.6478829688335074,0.6644756012481201,0.6702138175614005,0.6599900881365159,0.6496204789957373,0.6390853526734435,0.6486566252308907
german,Duration,1000.0,0.338,0.0483,4.0,72.0,21.0121,18.0,12.4357,1.1116,0.9445,6.0,12.0,0.0296,0.6318,0.0304,0.4637,0.044,0.6223,2.6009,0.0958,RandomForest,0.6728415113282069,0.6577949709260208,0.6752530335350155,0.6700544914754537,0.6784533716597686,0.6713015633169568,0.6661908885939878,0.6719598004550352,0.6710600918251823
german,Duration,1000.0,0.338,0.0483,4.0,72.0,21.0121,18.0,12.4357,1.1116,0.9445,6.0,12.0,0.0296,0.6318,0.0304,0.4637,0.044,0.6223,2.6009,0.0958,AdaBoost,0.6347390033268436,0.6640300857872186,0.6554084512291378,0.6508166180674277,0.6632352926945978,0.6550432438236641,0.6657796379243057,0.6517519041195745,0.6659805339053291
german,Duration,1000.0,0.338,0.0483,4.0,72.0,21.0121,18.0,12.4357,1.1116,0.9445,6.0,12.0,0.0296,0.6318,0.0304,0.4637,0.044,0.6223,2.6009,0.0958,SVC,0.5866071804226658,0.5866071804226658,0.5866071804226658,0.5866071804226658,0.5866071804226658,0.5866071804226658,0.5866071804226658,0.5866071804226658,0.5866071804226658
german,Duration,1000.0,0.315,0.0482,4.0,72.0,20.6073,18.0,11.7427,1.0955,1.0521,6.0,12.0,0.0536,0.5978,0.0273,0.4623,0.0406,0.62,2.6071,0.0901,DecisionTree,0.6258290016401186,0.6435544871611772,0.6354698742220859,0.6412821801158864,0.659466192424855,0.6368041213352998,0.6403101306508356,0.6303642157194183,0.6287309601782429
german,Duration,1000.0,0.315,0.0482,4.0,72.0,20.6073,18.0,11.7427,1.0955,1.0521,6.0,12.0,0.0536,0.5978,0.0273,0.4623,0.0406,0.62,2.6071,0.0901,LogisticRegression,0.6444867003157508,0.6275162556796354,0.639899818347367,0.6353396025213109,0.6381368119717115,0.6319752630927624,0.6355597050896953,0.6390594038628525,0.6369926776696598
german,Duration,1000.0,0.315,0.0482,4.0,72.0,20.6073,18.0,11.7427,1.0955,1.0521,6.0,12.0,0.0536,0.5978,0.0273,0.4623,0.0406,0.62,2.6071,0.0901,KNN,0.633777782410518,0.6358687352286538,0.6586583428301405,0.6485702709529835,0.6521552670562629,0.6434122805967089,0.6476235672667243,0.6414720873312415,0.6370124717847021
german,Duration,1000.0,0.315,0.0482,4.0,72.0,20.6073,18.0,11.7427,1.0955,1.0521,6.0,12.0,0.0536,0.5978,0.0273,0.4623,0.0406,0.62,2.6071,0.0901,RandomForest,0.6779817014347136,0.6816975444379231,0.6750095505212497,0.6808898148154308,0.6797973840319103,0.6918294058568598,0.6852613008184627,0.6679510546692333,0.678279651590374
german,Duration,1000.0,0.315,0.0482,4.0,72.0,20.6073,18.0,11.7427,1.0955,1.0521,6.0,12.0,0.0536,0.5978,0.0273,0.4623,0.0406,0.62,2.6071,0.0901,AdaBoost,0.6482527567815054,0.6598254217623365,0.6462278747453515,0.6438685316779871,0.6494990187154716,0.648875575223424,0.6554448950765985,0.6446766429690166,0.6496420586617311
german,Duration,1000.0,0.315,0.0482,4.0,72.0,20.6073,18.0,11.7427,1.0955,1.0521,6.0,12.0,0.0536,0.5978,0.0273,0.4623,0.0406,0.62,2.6071,0.0901,SVC,0.5866071804226658,0.5866071804226658,0.5866071804226658,0.5866071804226658,0.5866071804226658,0.5866071804226658,0.5866071804226658,0.5866071804226658,0.5866071804226658
german,Duration,1000.0,0.263,0.0448,4.0,72.0,20.6567,18.0,12.0674,1.1515,1.1528,6.0,12.0,0.0123,0.5939,0.0099,0.4759,0.0142,0.636,2.6201,0.0863,DecisionTree,0.6398193579246052,0.6576738540360283,0.6521133394185324,0.6589822087666826,0.6507430102191625,0.6562930394376527,0.6517986546053923,0.6282894941752033,0.6545207197571039
german,Duration,1000.0,0.263,0.0448,4.0,72.0,20.6567,18.0,12.0674,1.1515,1.1528,6.0,12.0,0.0123,0.5939,0.0099,0.4759,0.0142,0.636,2.6201,0.0863,LogisticRegression,0.6417194653846953,0.630719708683803,0.6366300997446683,0.6287628026860274,0.6335562169407537,0.633551061692641,0.6391777618485925,0.6376360856343545,0.6366721987516103
german,Duration,1000.0,0.263,0.0448,4.0,72.0,20.6567,18.0,12.0674,1.1515,1.1528,6.0,12.0,0.0123,0.5939,0.0099,0.4759,0.0142,0.636,2.6201,0.0863,KNN,0.6509428114136244,0.6448433938756681,0.6462619787320376,0.6573224333325323,0.6451350863048002,0.642837608022546,0.6430472371281479,0.6457649278448249,0.6271096865864063
german,Duration,1000.0,0.263,0.0448,4.0,72.0,20.6567,18.0,12.0674,1.1515,1.1528,6.0,12.0,0.0123,0.5939,0.0099,0.4759,0.0142,0.636,2.6201,0.0863,RandomForest,0.6670721829501598,0.6809886235783105,0.6767907289681303,0.6860780436295874,0.683644440744236,0.6685176913471298,0.6677588314592244,0.6641108214768322,0.6799987833836523
german,Duration,1000.0,0.263,0.0448,4.0,72.0,20.6567,18.0,12.0674,1.1515,1.1528,6.0,12.0,0.0123,0.5939,0.0099,0.4759,0.0142,0.636,2.6201,0.0863,AdaBoost,0.6382343852007057,0.64646933700738,0.6503590402485379,0.6511422782850224,0.6396037068032374,0.645658959366489,0.6420585464601062,0.6450862731077057,0.6531849738491615
german,Duration,1000.0,0.263,0.0448,4.0,72.0,20.6567,18.0,12.0674,1.1515,1.1528,6.0,12.0,0.0123,0.5939,0.0099,0.4759,0.0142,0.636,2.6201,0.0863,SVC,0.5866071804226658,0.5866071804226658,0.5866071804226658,0.5866071804226658,0.5866071804226658,0.5866071804226658,0.5866071804226658,0.5866071804226658,0.5866071804226658
german,Duration,1000.0,0.206,0.0403,4.0,72.0,20.9773,18.0,12.2462,1.064,0.8232,6.0,12.0,0.0294,0.6481,0.0318,0.486,0.046,0.6523,2.6383,0.0967,DecisionTree,0.660207487339431,0.6562412609198438,0.6439423050268627,0.6427796967887012,0.6501552576034979,0.6708531161202519,0.643330299417256,0.6383017797710185,0.6593700666242273
german,Duration,1000.0,0.206,0.0403,4.0,72.0,20.9773,18.0,12.2462,1.064,0.8232,6.0,12.0,0.0294,0.6481,0.0318,0.486,0.046,0.6523,2.6383,0.0967,LogisticRegression,0.6432693422544393,0.6433039022228567,0.6315035063383483,0.6420522137568001,0.6331884044713598,0.6499991385822872,0.6463402118403261,0.6321784889681503,0.6570037187699597
german,Duration,1000.0,0.206,0.0403,4.0,72.0,20.9773,18.0,12.2462,1.064,0.8232,6.0,12.0,0.0294,0.6481,0.0318,0.486,0.046,0.6523,2.6383,0.0967,KNN,0.6602186483769336,0.651847407912959,0.6324440761223777,0.6458738925435464,0.6415909416650402,0.6552961587392565,0.6527472988602464,0.6685461918709615,0.6477454045468279
german,Duration,1000.0,0.206,0.0403,4.0,72.0,20.9773,18.0,12.2462,1.064,0.8232,6.0,12.0,0.0294,0.6481,0.0318,0.486,0.046,0.6523,2.6383,0.0967,RandomForest,0.7022205810276732,0.6841400528501198,0.6875894187548628,0.6839269235392287,0.6887173511757362,0.6876308112209322,0.6948995587196882,0.690933814925655,0.6965296482120292
german,Duration,1000.0,0.206,0.0403,4.0,72.0,20.9773,18.0,12.2462,1.064,0.8232,6.0,12.0,0.0294,0.6481,0.0318,0.486,0.046,0.6523,2.6383,0.0967,AdaBoost,0.6542734918857006,0.6639198725559274,0.6577434109474167,0.6555245773236407,0.6652299289511009,0.6525455424305114,0.6475011433020907,0.6533835377593923,0.6612386600852785
german,Duration,1000.0,0.206,0.0403,4.0,72.0,20.9773,18.0,12.2462,1.064,0.8232,6.0,12.0,0.0294,0.6481,0.0318,0.486,0.046,0.6523,2.6383,0.0967,SVC,0.5866071804226658,0.5866071804226658,0.5866071804226658,0.5866071804226658,0.5866071804226658,0.5866071804226658,0.5866071804226658,0.5866071804226658,0.5866071804226658
german,Duration,1000.0,0.155,0.0391,4.0,72.0,20.9953,18.0,12.1841,1.0986,0.9176,6.0,12.0,0.0478,0.6263,0.0316,0.4702,0.0451,0.6275,2.6286,0.091,DecisionTree,0.6593645351220927,0.6549599999260379,0.642685599086127,0.6536875018501037,0.6464119678950702,0.6538100642408049,0.6614962806981575,0.6527698110543534,0.6614777866357114
german,Duration,1000.0,0.155,0.0391,4.0,72.0,20.9953,18.0,12.1841,1.0986,0.9176,6.0,12.0,0.0478,0.6263,0.0316,0.4702,0.0451,0.6275,2.6286,0.091,LogisticRegression,0.6395074317835296,0.6339683938330805,0.6342279429774025,0.6344665349949962,0.6339195511953357,0.6326735473196974,0.6382342504810519,0.6388663128469493,0.6387411873631257
german,Duration,1000.0,0.155,0.0391,4.0,72.0,20.9953,18.0,12.1841,1.0986,0.9176,6.0,12.0,0.0478,0.6263,0.0316,0.4702,0.0451,0.6275,2.6286,0.091,KNN,0.6540902068001024,0.6504253219747167,0.6478149491013268,0.6483658425357689,0.6484379455451504,0.6501067250085363,0.6428356283296879,0.6598228222378495,0.6415586669022644
german,Duration,1000.0,0.155,0.0391,4.0,72.0,20.9953,18.0,12.1841,1.0986,0.9176,6.0,12.0,0.0478,0.6263,0.0316,0.4702,0.0451,0.6275,2.6286,0.091,RandomForest,0.6921442018150301,0.6884072101363657,0.6783177661278472,0.6800788296388405,0.6841213009919407,0.6828114863800961,0.6821267080510404,0.6797336460489127,0.6836600435805077
german,Duration,1000.0,0.155,0.0391,4.0,72.0,20.9953,18.0,12.1841,1.0986,0.9176,6.0,12.0,0.0478,0.6263,0.0316,0.4702,0.0451,0.6275,2.6286,0.091,AdaBoost,0.6395835884190106,0.646357505556828,0.64777471245014,0.6465623893709423,0.6422772961104579,0.637577914692465,0.6511539158352755,0.646867578315003,0.6466565343784092
german,Duration,1000.0,0.155,0.0391,4.0,72.0,20.9953,18.0,12.1841,1.0986,0.9176,6.0,12.0,0.0478,0.6263,0.0316,0.4702,0.0451,0.6275,2.6286,0.091,SVC,0.5866071804226658,0.5866071804226658,0.5866071804226658,0.5866071804226658,0.5866071804226658,0.5866071804226658,0.5866071804226658,0.5866071804226658,0.5866071804226658
german,Duration,1000.0,0.101,0.0356,4.0,72.0,21.1402,18.0,12.1195,1.0902,0.9251,6.0,12.0,0.031,0.6149,0.0237,0.4601,0.0342,0.6174,2.6115,0.0972,DecisionTree,0.664075211861805,0.6570664673627806,0.6605015212593621,0.6538500660930016,0.6691127277658794,0.6622048028425961,0.6558399153562054,0.666798796969961,0.6623614545509531
german,Duration,1000.0,0.101,0.0356,4.0,72.0,21.1402,18.0,12.1195,1.0902,0.9251,6.0,12.0,0.031,0.6149,0.0237,0.4601,0.0342,0.6174,2.6115,0.0972,LogisticRegression,0.6444483351944325,0.6390254820757032,0.64426926582303,0.64189815678409,0.6442029045448583,0.6400251576093645,0.6443479657724512,0.6452887417477844,0.6445254546084349
german,Duration,1000.0,0.101,0.0356,4.0,72.0,21.1402,18.0,12.1195,1.0902,0.9251,6.0,12.0,0.031,0.6149,0.0237,0.4601,0.0342,0.6174,2.6115,0.0972,KNN,0.6483870246957611,0.6468393605891476,0.6414401111114456,0.644729232256184,0.6493198688873363,0.645715175211096,0.6389968303490557,0.6409930186158672,0.6424705058624081
german,Duration,1000.0,0.101,0.0356,4.0,72.0,21.1402,18.0,12.1195,1.0902,0.9251,6.0,12.0,0.031,0.6149,0.0237,0.4601,0.0342,0.6174,2.6115,0.0972,RandomForest,0.6995640752008787,0.6909026897198016,0.6862999661247388,0.6943726020029087,0.6929164130095649,0.6975172111353394,0.6972706155387076,0.6905595819503393,0.6863061550587578
german,Duration,1000.0,0.101,0.0356,4.0,72.0,21.1402,18.0,12.1195,1.0902,0.9251,6.0,12.0,0.031,0.6149,0.0237,0.4601,0.0342,0.6174,2.6115,0.0972,AdaBoost,0.6451945931329568,0.6661128903204845,0.6494024688964495,0.6503208409658581,0.6501812938401701,0.6578544729406787,0.6490398529136537,0.6442987526391974,0.6580012454659973
german,Duration,1000.0,0.101,0.0356,4.0,72.0,21.1402,18.0,12.1195,1.0902,0.9251,6.0,12.0,0.031,0.6149,0.0237,0.4601,0.0342,0.6174,2.6115,0.0972,SVC,0.5866071804226658,0.5866071804226658,0.5866071804226658,0.5866071804226658,0.5866071804226658,0.5866071804226658,0.5866071804226658,0.5866071804226658,0.5866071804226658
german,Duration,1000.0,0.041,0.0344,4.0,72.0,20.9468,18.0,12.0878,1.0958,0.9199,6.0,12.0,0.0416,0.6217,0.0301,0.4642,0.0431,0.6231,2.6082,0.0914,DecisionTree,0.6543144273791618,0.6568181417701747,0.6576740396708421,0.6641959500075225,0.6573794278127427,0.6484883058419368,0.6561619559386749,0.6564055066746932,0.6727241750627255
german,Duration,1000.0,0.041,0.0344,4.0,72.0,20.9468,18.0,12.0878,1.0958,0.9199,6.0,12.0,0.0416,0.6217,0.0301,0.4642,0.0431,0.6231,2.6082,0.0914,LogisticRegression,0.6477633276916872,0.6351953107897221,0.6396686205999802,0.6429661674785028,0.6435818516214957,0.640568397122035,0.64528279911175,0.6408265267399615,0.6403194685958644
german,Duration,1000.0,0.041,0.0344,4.0,72.0,20.9468,18.0,12.0878,1.0958,0.9199,6.0,12.0,0.0416,0.6217,0.0301,0.4642,0.0431,0.6231,2.6082,0.0914,KNN,0.6476782440420137,0.6463701140772307,0.6551212766676711,0.6481125679977919,0.6505781632353207,0.6498508079595867,0.6525511343286934,0.6541630397412156,0.6534048974810456
german,Duration,1000.0,0.041,0.0344,4.0,72.0,20.9468,18.0,12.0878,1.0958,0.9199,6.0,12.0,0.0416,0.6217,0.0301,0.4642,0.0431,0.6231,2.6082,0.0914,RandomForest,0.6951150736037472,0.6864055227059103,0.6872149709537134,0.683831612189217,0.6859070456876524,0.6881785082160873,0.6916492183725068,0.6908836612040243,0.6892222769557568
german,Duration,1000.0,0.041,0.0344,4.0,72.0,20.9468,18.0,12.0878,1.0958,0.9199,6.0,12.0,0.0416,0.6217,0.0301,0.4642,0.0431,0.6231,2.6082,0.0914,AdaBoost,0.6402546612554681,0.6469538741037397,0.6499955205834682,0.6516718216757185,0.649653965081897,0.6450394096636934,0.647244834864898,0.6518620239140595,0.64638930849722
german,Duration,1000.0,0.041,0.0344,4.0,72.0,20.9468,18.0,12.0878,1.0958,0.9199,6.0,12.0,0.0416,0.6217,0.0301,0.4642,0.0431,0.6231,2.6082,0.0914,SVC,0.5866071804226658,0.5866071804226658,0.5866071804226658,0.5866071804226658,0.5866071804226658,0.5866071804226658,0.5866071804226658,0.5866071804226658,0.5866071804226658
