name,column_name,n_tuples,missing_perc,uniqueness,min,max,mean,median,std,skewness,kurtosis,mad,iqr,p_min,p_max,k_min,k_max,s_min,s_max,entropy,density,ml_algorithm,impute_standard,impute_mean,impute_median,impute_random,impute_knn,impute_mice,impute_linear_regression,impute_random_forest,impute_cmeans
drug,Age,200.0,0.51,0.4898,15.0,74.0,45.0,47.0,16.2141,-0.0996,-1.1634,14.0,28.0,0.1631,0.1631,0.1124,0.1124,0.167,0.167,3.7447,0.0226,DecisionTree,0.9431431340990164,0.9459408415658416,0.9437093788564377,0.9446853146853147,0.9271416893291893,0.9434023438435204,0.9376664131075896,0.9786425380175381,0.9410394289806054
drug,Age,200.0,0.51,0.4898,15.0,74.0,45.0,47.0,16.2141,-0.0996,-1.1634,14.0,28.0,0.1631,0.1631,0.1124,0.1124,0.167,0.167,3.7447,0.0226,LogisticRegression,0.9054887246270333,0.8973231184204371,0.912583288085702,0.9116429312591812,0.9128947035323839,0.9092959457746801,0.91477789428375,0.894118753341072,0.91477789428375
drug,Age,200.0,0.51,0.4898,15.0,74.0,45.0,47.0,16.2141,-0.0996,-1.1634,14.0,28.0,0.1631,0.1631,0.1124,0.1124,0.167,0.167,3.7447,0.0226,KNN,0.7644296246315055,0.7101558276487827,0.7779012732605077,0.7574421791290971,0.7617097763347763,0.7846010964053416,0.7850967075560099,0.7273985648109875,0.724047417180088
drug,Age,200.0,0.51,0.4898,15.0,74.0,45.0,47.0,16.2141,-0.0996,-1.1634,14.0,28.0,0.1631,0.1631,0.1124,0.1124,0.167,0.167,3.7447,0.0226,RandomForest,0.952199074074074,0.9450171179582945,0.9192099567099568,0.9252274114774115,0.9192099567099568,0.9407843137254901,0.9325446775446775,0.9743900754746343,0.921559829059829
drug,Age,200.0,0.51,0.4898,15.0,74.0,45.0,47.0,16.2141,-0.0996,-1.1634,14.0,28.0,0.1631,0.1631,0.1124,0.1124,0.167,0.167,3.7447,0.0226,AdaBoost,0.7873652677712255,0.7873652677712255,0.7873652677712255,0.7873652677712255,0.7873652677712255,0.7873652677712255,0.7873652677712255,0.7873652677712255,0.7873652677712255
drug,Age,200.0,0.51,0.4898,15.0,74.0,45.0,47.0,16.2141,-0.0996,-1.1634,14.0,28.0,0.1631,0.1631,0.1124,0.1124,0.167,0.167,3.7447,0.0226,SVC,0.8802018822422518,0.8189076505949181,0.8640697138747503,0.8648352446145967,0.8452108041321712,0.8721735408444643,0.8570287632347549,0.8412293983696983,0.8104283559160819
drug,Age,200.0,0.39,0.4098,16.0,74.0,44.7541,45.0,15.973,-0.0022,-1.1461,14.0,27.0,0.1119,0.1119,0.0701,0.0701,0.1007,0.1007,3.7812,0.0241,DecisionTree,0.9744303939524528,0.9616890448875743,0.9451317432567432,0.9669037444037444,0.9601360676360677,0.9785756930977518,0.9785756930977518,0.9703298648519237,0.9787840264310852
drug,Age,200.0,0.39,0.4098,16.0,74.0,44.7541,45.0,15.973,-0.0022,-1.1461,14.0,27.0,0.1119,0.1119,0.0701,0.0701,0.1007,0.1007,3.7812,0.0241,LogisticRegression,0.9361178645906831,0.9325831966294538,0.9141222608352697,0.9400834507612222,0.9435242748036266,0.9361178645906831,0.9439353395890682,0.9371636673283454,0.9409205332454789
drug,Age,200.0,0.39,0.4098,16.0,74.0,44.7541,45.0,15.973,-0.0022,-1.1461,14.0,27.0,0.1119,0.1119,0.0701,0.0701,0.1007,0.1007,3.7812,0.0241,KNN,0.7899138675111625,0.7364005671351944,0.7313837894483056,0.7673223257345336,0.7921491762496145,0.7866131127046192,0.7780574823398576,0.7331845038901582,0.7535179534092449
drug,Age,200.0,0.39,0.4098,16.0,74.0,44.7541,45.0,15.973,-0.0022,-1.1461,14.0,27.0,0.1119,0.1119,0.0701,0.0701,0.1007,0.1007,3.7812,0.0241,RandomForest,0.9697954156410039,0.9699836601307189,0.9536390692640693,0.9663359788359788,0.9706524725274726,0.9733334010657817,0.9743900754746343,0.9609141720105232,0.9536642156862745
drug,Age,200.0,0.39,0.4098,16.0,74.0,44.7541,45.0,15.973,-0.0022,-1.1461,14.0,27.0,0.1119,0.1119,0.0701,0.0701,0.1007,0.1007,3.7812,0.0241,AdaBoost,0.7873652677712255,0.7873652677712255,0.7873652677712255,0.7873652677712255,0.7873652677712255,0.7873652677712255,0.7873652677712255,0.7873652677712255,0.7873652677712255
drug,Age,200.0,0.39,0.4098,16.0,74.0,44.7541,45.0,15.973,-0.0022,-1.1461,14.0,27.0,0.1119,0.1119,0.0701,0.0701,0.1007,0.1007,3.7812,0.0241,SVC,0.9112084266031097,0.8861233465003344,0.9077055565019733,0.9011962107416293,0.894132527229837,0.9112084266031097,0.882030383439327,0.8792708954864127,0.8750059562497001
drug,Age,200.0,0.385,0.4065,15.0,74.0,43.8211,43.0,16.317,0.0448,-1.0385,13.0,25.5,0.0721,0.0721,0.0386,0.0386,0.0566,0.0566,3.7842,0.008,DecisionTree,0.9661985563456151,0.9623260073260074,0.9422109140859141,0.9587009055759056,0.9382615995115995,0.9534050671550672,0.9661985563456151,0.9628792735042735,0.9624989824989825
drug,Age,200.0,0.385,0.4065,15.0,74.0,43.8211,43.0,16.317,0.0448,-1.0385,13.0,25.5,0.0721,0.0721,0.0386,0.0386,0.0566,0.0566,3.7842,0.008,LogisticRegression,0.9532021520895978,0.9226712035990904,0.9408472405251274,0.9363864562114018,0.9492752341001798,0.9532021520895978,0.9532021520895978,0.9314212035990904,0.9445069631554383
drug,Age,200.0,0.385,0.4065,15.0,74.0,43.8211,43.0,16.317,0.0448,-1.0385,13.0,25.5,0.0721,0.0721,0.0386,0.0386,0.0566,0.0566,3.7842,0.008,KNN,0.793371813393664,0.6908252897279679,0.768119148567532,0.7671340736001471,0.764832666632735,0.7927972298709673,0.7814178260879485,0.7262078907575953,0.7177099986635767
drug,Age,200.0,0.385,0.4065,15.0,74.0,43.8211,43.0,16.317,0.0448,-1.0385,13.0,25.5,0.0721,0.0721,0.0386,0.0386,0.0566,0.0566,3.7842,0.008,RandomForest,0.9579493817729112,0.9540370971620972,0.9540443121693121,0.9498032754282754,0.9452276427276427,0.9579493817729112,0.9540370971620972,0.945245344932845,0.944982174688057
drug,Age,200.0,0.385,0.4065,15.0,74.0,43.8211,43.0,16.317,0.0448,-1.0385,13.0,25.5,0.0721,0.0721,0.0386,0.0386,0.0566,0.0566,3.7842,0.008,AdaBoost,0.7873652677712255,0.7873652677712255,0.7873652677712255,0.7873652677712255,0.7873652677712255,0.7873652677712255,0.7873652677712255,0.7873652677712255,0.7873652677712255
drug,Age,200.0,0.385,0.4065,15.0,74.0,43.8211,43.0,16.317,0.0448,-1.0385,13.0,25.5,0.0721,0.0721,0.0386,0.0386,0.0566,0.0566,3.7842,0.008,SVC,0.9161778211297886,0.8692350806691621,0.9208592010305089,0.9001617420023045,0.9231495541495541,0.9198311250309917,0.920321652493964,0.8711643072017167,0.8704651029112545
drug,Age,200.0,0.355,0.4341,15.0,74.0,44.2791,45.0,16.1907,-0.0079,-1.0444,13.0,26.0,0.0064,0.0064,0.0104,0.0104,0.0103,0.0103,3.8943,0.0184,DecisionTree,0.9435442036177331,0.9534671462796462,0.9178493375532849,0.9231316885728651,0.9447596153846153,0.9610579351204351,0.954109281921782,0.9396319190069191,0.9481388634513634
drug,Age,200.0,0.355,0.4341,15.0,74.0,44.2791,45.0,16.1907,-0.0079,-1.0444,13.0,26.0,0.0064,0.0064,0.0104,0.0104,0.0103,0.0103,3.8943,0.0184,LogisticRegression,0.8935724230133788,0.8857676448128997,0.9043976398669653,0.8679938989402728,0.8843492484753794,0.8935724230133788,0.9017955270698162,0.8866875582328132,0.8877600456868796
drug,Age,200.0,0.355,0.4341,15.0,74.0,44.2791,45.0,16.1907,-0.0079,-1.0444,13.0,26.0,0.0064,0.0064,0.0104,0.0104,0.0103,0.0103,3.8943,0.0184,KNN,0.7650896325896325,0.7405715988439234,0.7324801629283382,0.752385376410215,0.7852561991865357,0.7630649690514673,0.7849391391678939,0.7283567645418828,0.7403451370098718
drug,Age,200.0,0.355,0.4341,15.0,74.0,44.2791,45.0,16.1907,-0.0079,-1.0444,13.0,26.0,0.0064,0.0064,0.0104,0.0104,0.0103,0.0103,3.8943,0.0184,RandomForest,0.9449342324342325,0.950814393939394,0.9211460761460761,0.9322106012895487,0.9290195221445222,0.93502442002442,0.9336355311355311,0.9341336767807356,0.9308821733821735
drug,Age,200.0,0.355,0.4341,15.0,74.0,44.2791,45.0,16.1907,-0.0079,-1.0444,13.0,26.0,0.0064,0.0064,0.0104,0.0104,0.0103,0.0103,3.8943,0.0184,AdaBoost,0.7873652677712255,0.7873652677712255,0.7873652677712255,0.7873652677712255,0.7873652677712255,0.7873652677712255,0.7873652677712255,0.7873652677712255,0.7873652677712255
drug,Age,200.0,0.355,0.4341,15.0,74.0,44.2791,45.0,16.1907,-0.0079,-1.0444,13.0,26.0,0.0064,0.0064,0.0104,0.0104,0.0103,0.0103,3.8943,0.0184,SVC,0.8568273646280792,0.8348332205233575,0.8458854062376217,0.8673249963308698,0.8470667684270821,0.8709812495754,0.8723821452237729,0.8238683236366467,0.827606603340299
drug,Age,200.0,0.305,0.3741,15.0,74.0,43.8129,43.0,16.6882,0.094,-1.1095,15.0,27.5,0.1226,0.1226,0.072,0.072,0.1087,0.1087,3.8255,0.0236,DecisionTree,0.9488647232397233,0.9666389329624624,0.9369063616122439,0.9602216397436986,0.9524096967846968,0.9528234496984497,0.9692161542161543,0.9696431836137719,0.9434789679274974
drug,Age,200.0,0.305,0.3741,15.0,74.0,43.8129,43.0,16.6882,0.094,-1.1095,15.0,27.5,0.1226,0.1226,0.072,0.072,0.1087,0.1087,3.8255,0.0236,LogisticRegression,0.9233851756602769,0.8825328422225215,0.9322349432363596,0.9241709571445877,0.9284963539699846,0.92317372997089,0.92317372997089,0.872043331733011,0.9189159131276512
drug,Age,200.0,0.305,0.3741,15.0,74.0,43.8129,43.0,16.6882,0.094,-1.1095,15.0,27.5,0.1226,0.1226,0.072,0.072,0.1087,0.1087,3.8255,0.0236,KNN,0.7536389660465855,0.7374106355327553,0.7672532364852098,0.7507304076116617,0.7600857292641041,0.7473483512952322,0.753963746067064,0.7698108603195081,0.7282177888752542
drug,Age,200.0,0.305,0.3741,15.0,74.0,43.8129,43.0,16.6882,0.094,-1.1095,15.0,27.5,0.1226,0.1226,0.072,0.072,0.1087,0.1087,3.8255,0.0236,RandomForest,0.9570095645095644,0.9484540609172962,0.9452396949455772,0.9371047743106566,0.9424526862026861,0.9481934269434269,0.9209893925518926,0.9576041666666667,0.91719971001221
drug,Age,200.0,0.305,0.3741,15.0,74.0,43.8129,43.0,16.6882,0.094,-1.1095,15.0,27.5,0.1226,0.1226,0.072,0.072,0.1087,0.1087,3.8255,0.0236,AdaBoost,0.7873652677712255,0.7873652677712255,0.7873652677712255,0.7873652677712255,0.7873652677712255,0.7873652677712255,0.7873652677712255,0.7873652677712255,0.7873652677712255
drug,Age,200.0,0.305,0.3741,15.0,74.0,43.8129,43.0,16.6882,0.094,-1.1095,15.0,27.5,0.1226,0.1226,0.072,0.072,0.1087,0.1087,3.8255,0.0236,SVC,0.8921451352440354,0.8688803448216307,0.8794262306424714,0.8757157197215217,0.8756639543572562,0.8671243321765685,0.8663016312420255,0.8645252327659713,0.870065811506685
drug,Age,200.0,0.275,0.3862,15.0,74.0,45.4483,47.0,16.776,-0.1117,-1.094,13.0,27.0,0.1148,0.1148,0.0617,0.0617,0.0933,0.0933,3.9045,0.0197,DecisionTree,0.9689953449328449,0.9700843600843602,0.9367338217338217,0.9502989024864025,0.9299542124542124,0.9706091015466015,0.9576488442113442,0.9709249084249084,0.9625274725274725
drug,Age,200.0,0.275,0.3862,15.0,74.0,45.4483,47.0,16.776,-0.1117,-1.094,13.0,27.0,0.1148,0.1148,0.0617,0.0617,0.0933,0.0933,3.9045,0.0197,LogisticRegression,0.9184949632801419,0.9273623837828685,0.901529137670983,0.91169390078055,0.9066355269648233,0.9184949632801419,0.9230896231137723,0.9188114949930092,0.9197310372551865
drug,Age,200.0,0.275,0.3862,15.0,74.0,45.4483,47.0,16.776,-0.1117,-1.094,13.0,27.0,0.1148,0.1148,0.0617,0.0617,0.0933,0.0933,3.9045,0.0197,KNN,0.7535178646898345,0.6983443635560709,0.7496131251244585,0.758148141159664,0.7465057073340536,0.7478775640329125,0.7284160964675797,0.695660552902014,0.7241388357013357
drug,Age,200.0,0.275,0.3862,15.0,74.0,45.4483,47.0,16.776,-0.1117,-1.094,13.0,27.0,0.1148,0.1148,0.0617,0.0617,0.0933,0.0933,3.9045,0.0197,RandomForest,0.9584456515706515,0.9542789849039848,0.9295726495726495,0.9372283619158619,0.9291342338217339,0.9542789849039848,0.9440125152625152,0.9345342157842158,0.9497818847818849
drug,Age,200.0,0.275,0.3862,15.0,74.0,45.4483,47.0,16.776,-0.1117,-1.094,13.0,27.0,0.1148,0.1148,0.0617,0.0617,0.0933,0.0933,3.9045,0.0197,AdaBoost,0.7873652677712255,0.7873652677712255,0.7873652677712255,0.7873652677712255,0.7873652677712255,0.7873652677712255,0.7873652677712255,0.7873652677712255,0.7873652677712255
drug,Age,200.0,0.275,0.3862,15.0,74.0,45.4483,47.0,16.776,-0.1117,-1.094,13.0,27.0,0.1148,0.1148,0.0617,0.0617,0.0933,0.0933,3.9045,0.0197,SVC,0.8959076117556284,0.8658669460964756,0.8468321496144793,0.87626990522502,0.8769474028020187,0.8877658696071946,0.8827297874309051,0.8528755768910242,0.8591827032083599
drug,Age,200.0,0.18,0.3415,15.0,74.0,44.5915,45.0,16.5418,0.003,-1.0758,13.5,26.5,0.0859,0.0859,0.0415,0.0415,0.0622,0.0622,3.9307,0.0214,DecisionTree,0.9788911782661783,0.9830364774114775,0.9693912684537684,0.9739588189588191,0.964796608620138,0.9830364774114775,0.9830364774114775,0.9747906491656492,0.9788911782661783
drug,Age,200.0,0.18,0.3415,15.0,74.0,44.5915,45.0,16.5418,0.003,-1.0758,13.5,26.5,0.0859,0.0859,0.0415,0.0415,0.0622,0.0622,3.9307,0.0214,LogisticRegression,0.9366854318353931,0.944674602636301,0.9370538644648551,0.9294365600644625,0.9370862474745563,0.9409509232883845,0.9489935128927112,0.9409836195152776,0.9489935128927112
drug,Age,200.0,0.18,0.3415,15.0,74.0,44.5915,45.0,16.5418,0.003,-1.0758,13.5,26.5,0.0859,0.0859,0.0415,0.0415,0.0622,0.0622,3.9307,0.0214,KNN,0.7370639688945093,0.7272353593375104,0.7561070011446648,0.7672165235267905,0.7689519269686382,0.7405868808504769,0.7390723656262033,0.7366536806074578,0.7401832998359343
drug,Age,200.0,0.18,0.3415,15.0,74.0,44.5915,45.0,16.5418,0.003,-1.0758,13.5,26.5,0.0859,0.0859,0.0415,0.0415,0.0622,0.0622,3.9307,0.0214,RandomForest,0.9783567290552585,0.9705181623931624,0.9508003434474024,0.9705598799348799,0.9613519813519813,0.9701149708135003,0.9702106227106227,0.9741229073214368,0.9701149708135003
drug,Age,200.0,0.18,0.3415,15.0,74.0,44.5915,45.0,16.5418,0.003,-1.0758,13.5,26.5,0.0859,0.0859,0.0415,0.0415,0.0622,0.0622,3.9307,0.0214,AdaBoost,0.7873652677712255,0.7873652677712255,0.7873652677712255,0.7873652677712255,0.7873652677712255,0.7873652677712255,0.7873652677712255,0.7873652677712255,0.7873652677712255
drug,Age,200.0,0.18,0.3415,15.0,74.0,44.5915,45.0,16.5418,0.003,-1.0758,13.5,26.5,0.0859,0.0859,0.0415,0.0415,0.0622,0.0622,3.9307,0.0214,SVC,0.879465230279413,0.890466867492509,0.9171288660444166,0.8888971105203878,0.8914770862858593,0.9005753895168939,0.8939245120930488,0.8869608945529406,0.8985940921927427
drug,Age,200.0,0.13,0.3218,15.0,74.0,44.9885,46.0,16.5241,-0.032,-1.121,14.0,27.75,0.0835,0.0835,0.038,0.038,0.0594,0.0594,3.9067,0.0218,DecisionTree,0.9869114545585134,0.9827234203704791,0.9790846306471307,0.9871173597644185,0.9829506930977518,0.9869114545585134,0.9697562486533075,0.9788508713508713,0.9829720606191195
drug,Age,200.0,0.13,0.3218,15.0,74.0,44.9885,46.0,16.5241,-0.032,-1.121,14.0,27.75,0.0835,0.0835,0.038,0.038,0.0594,0.0594,3.9067,0.0218,LogisticRegression,0.9375768809953755,0.9456864354490211,0.9373071249570862,0.9533739867365111,0.9501011793504053,0.9415361162046106,0.9498744696370551,0.9417119420877352,0.9408686516936882
drug,Age,200.0,0.13,0.3218,15.0,74.0,44.9885,46.0,16.5241,-0.032,-1.121,14.0,27.75,0.0835,0.0835,0.038,0.038,0.0594,0.0594,3.9067,0.0218,KNN,0.7270522886294163,0.7282447651580404,0.7336536613674219,0.7300293456138262,0.7165631193425311,0.7255405298855148,0.7288389136242126,0.7623264180648568,0.7475006939644544
drug,Age,200.0,0.13,0.3218,15.0,74.0,44.9885,46.0,16.5241,-0.032,-1.121,14.0,27.75,0.0835,0.0835,0.038,0.038,0.0594,0.0594,3.9067,0.0218,RandomForest,0.9703668880139468,0.9743473519944108,0.9832512973137973,0.9827984495080083,0.9740371230077113,0.9786989379084967,0.9741296183391771,0.9663053939524529,0.9743062819533408
drug,Age,200.0,0.13,0.3218,15.0,74.0,44.9885,46.0,16.5241,-0.032,-1.121,14.0,27.75,0.0835,0.0835,0.038,0.038,0.0594,0.0594,3.9067,0.0218,AdaBoost,0.7873652677712255,0.7873652677712255,0.7873652677712255,0.7873652677712255,0.7873652677712255,0.7873652677712255,0.7873652677712255,0.7873652677712255,0.7873652677712255
drug,Age,200.0,0.13,0.3218,15.0,74.0,44.9885,46.0,16.5241,-0.032,-1.121,14.0,27.75,0.0835,0.0835,0.038,0.038,0.0594,0.0594,3.9067,0.0218,SVC,0.8839445247835258,0.884362189269947,0.9043230103852258,0.8998776518303394,0.8958238038968476,0.8758185820987596,0.8837873414500075,0.8883709408017704,0.8872916580311704
drug,Age,200.0,0.095,0.3094,15.0,74.0,44.0387,45.0,16.2638,0.0379,-1.0379,13.0,26.0,0.064,0.064,0.0316,0.0316,0.0482,0.0482,3.9211,0.0222,DecisionTree,0.9786317828413417,0.9742567828413417,0.9572893772893772,0.9660970606191195,0.9617031212251801,0.9742567828413417,0.9541015466015466,0.9915781440781442,0.9786317828413417
drug,Age,200.0,0.095,0.3094,15.0,74.0,44.0387,45.0,16.2638,0.0379,-1.0379,13.0,26.0,0.064,0.064,0.0316,0.0316,0.0482,0.0482,3.9211,0.0222,LogisticRegression,0.9406288792708646,0.9347380936645042,0.9368388151683004,0.932887044484863,0.9377048282401959,0.9330395935565788,0.9308793410439592,0.9139440007748232,0.9354740008775896
drug,Age,200.0,0.095,0.3094,15.0,74.0,44.0387,45.0,16.2638,0.0379,-1.0379,13.0,26.0,0.064,0.064,0.0316,0.0316,0.0482,0.0482,3.9211,0.0222,KNN,0.7534789072971846,0.7338698166533153,0.7507708120803358,0.7643403131171705,0.7691817477768107,0.7613639572603355,0.7408569810183875,0.7442903906125626,0.7394381629072684
drug,Age,200.0,0.095,0.3094,15.0,74.0,44.0387,45.0,16.2638,0.0379,-1.0379,13.0,26.0,0.064,0.064,0.0316,0.0316,0.0482,0.0482,3.9211,0.0222,RandomForest,0.973895944741533,0.9696621230077113,0.9575183823529412,0.9660573780794369,0.9618235563456151,0.973895944741533,0.9702106227106227,0.9696621230077113,0.9605150500371089
drug,Age,200.0,0.095,0.3094,15.0,74.0,44.0387,45.0,16.2638,0.0379,-1.0379,13.0,26.0,0.064,0.064,0.0316,0.0316,0.0482,0.0482,3.9211,0.0222,AdaBoost,0.7873652677712255,0.7873652677712255,0.7873652677712255,0.7873652677712255,0.7873652677712255,0.7873652677712255,0.7873652677712255,0.7873652677712255,0.7873652677712255
drug,Age,200.0,0.095,0.3094,15.0,74.0,44.0387,45.0,16.2638,0.0379,-1.0379,13.0,26.0,0.064,0.064,0.0316,0.0316,0.0482,0.0482,3.9211,0.0222,SVC,0.8819536979233182,0.8789660297679655,0.8788471153270045,0.8913173285603794,0.8868081164252777,0.8832881825340292,0.846633708342485,0.8811227999537615,0.8577800286576388
drug,Age,200.0,0.05,0.3,15.0,74.0,44.0263,44.0,16.4967,0.0272,-1.0946,14.0,27.0,0.0641,0.0641,0.0332,0.0332,0.0517,0.0517,3.9308,0.0219,DecisionTree,0.9831587047212047,0.9916656491656491,0.9915781440781442,0.9915781440781442,0.9832512973137973,0.9915781440781442,0.9915781440781442,0.9916656491656491,0.9744419006919006
drug,Age,200.0,0.05,0.3,15.0,74.0,44.0263,44.0,16.4967,0.0272,-1.0946,14.0,27.0,0.0641,0.0641,0.0332,0.0332,0.0517,0.0517,3.9308,0.0219,LogisticRegression,0.9398439848065969,0.9323009953886077,0.9323009953886077,0.9483725477469246,0.9398439848065969,0.9361898842774965,0.9323009953886077,0.9323009953886077,0.9323009953886077
drug,Age,200.0,0.05,0.3,15.0,74.0,44.0263,44.0,16.4967,0.0272,-1.0946,14.0,27.0,0.0641,0.0641,0.0332,0.0332,0.0517,0.0517,3.9308,0.0219,KNN,0.7604010127972893,0.747685936701967,0.7487325460301384,0.773075925131105,0.7532964067551833,0.7677936411125368,0.7524051270659532,0.7479122240669926,0.7486526130488895
drug,Age,200.0,0.05,0.3,15.0,74.0,44.0263,44.0,16.4967,0.0272,-1.0946,14.0,27.0,0.0641,0.0641,0.0332,0.0332,0.0517,0.0517,3.9308,0.0219,RandomForest,0.9872592338217339,0.9872592338217339,0.9872592338217339,0.9872592338217339,0.9872592338217339,0.9872592338217339,0.982984342046842,0.9872592338217339,0.982984342046842
drug,Age,200.0,0.05,0.3,15.0,74.0,44.0263,44.0,16.4967,0.0272,-1.0946,14.0,27.0,0.0641,0.0641,0.0332,0.0332,0.0517,0.0517,3.9308,0.0219,AdaBoost,0.7873652677712255,0.7873652677712255,0.7873652677712255,0.7873652677712255,0.7873652677712255,0.7873652677712255,0.7873652677712255,0.7873652677712255,0.7873652677712255
drug,Age,200.0,0.05,0.3,15.0,74.0,44.0263,44.0,16.4967,0.0272,-1.0946,14.0,27.0,0.0641,0.0641,0.0332,0.0332,0.0517,0.0517,3.9308,0.0219,SVC,0.9123526670461392,0.9073719076506483,0.9076598251657972,0.9161068758003479,0.9123526670461392,0.9123526670461392,0.9031293197942497,0.9030628395257908,0.8952701842208284
drug,Na_to_K,200.0,0.51,1.0,6.269,38.247,16.1813,13.9935,6.9329,1.0448,0.6129,4.3155,8.5298,0.0745,0.0745,0.0195,0.0195,0.0339,0.0339,4.585,0.0,DecisionTree,0.6833572926178852,0.6259825028436645,0.5354155381537058,0.5582247286583202,0.6059839585363652,0.5963632721159295,0.6291038132690564,0.7239258469088977,0.6519138155092111
drug,Na_to_K,200.0,0.51,1.0,6.269,38.247,16.1813,13.9935,6.9329,1.0448,0.6129,4.3155,8.5298,0.0745,0.0745,0.0195,0.0195,0.0339,0.0339,4.585,0.0,LogisticRegression,0.6709150148720552,0.6127081759880816,0.5993604797875705,0.6239636361764866,0.6304761528897772,0.6211345125346261,0.6321028509996802,0.6161708484730662,0.6198616044868293
drug,Na_to_K,200.0,0.51,1.0,6.269,38.247,16.1813,13.9935,6.9329,1.0448,0.6129,4.3155,8.5298,0.0745,0.0745,0.0195,0.0195,0.0339,0.0339,4.585,0.0,KNN,0.5668017806283889,0.5796341880892253,0.5319928185003628,0.5266180304985508,0.5488233801393447,0.5163869612335417,0.5489153035568849,0.5582871279818111,0.5547701829931733
drug,Na_to_K,200.0,0.51,1.0,6.269,38.247,16.1813,13.9935,6.9329,1.0448,0.6129,4.3155,8.5298,0.0745,0.0745,0.0195,0.0195,0.0339,0.0339,4.585,0.0,RandomForest,0.6423631477426395,0.6184228771250739,0.5336823334617453,0.5986102129163007,0.5933921556838224,0.6330938990555528,0.6390938978220275,0.6279593038207792,0.5859672679295578
drug,Na_to_K,200.0,0.51,1.0,6.269,38.247,16.1813,13.9935,6.9329,1.0448,0.6129,4.3155,8.5298,0.0745,0.0745,0.0195,0.0195,0.0339,0.0339,4.585,0.0,AdaBoost,0.5110765257894135,0.3956909924923157,0.39446236001368323,0.4172872893274845,0.57351748635128,0.5733272821272305,0.5906926985597585,0.5672527953245073,0.3790588909337435
drug,Na_to_K,200.0,0.51,1.0,6.269,38.247,16.1813,13.9935,6.9329,1.0448,0.6129,4.3155,8.5298,0.0745,0.0745,0.0195,0.0195,0.0339,0.0339,4.585,0.0,SVC,0.5793439311075724,0.5653015042760812,0.542859208788034,0.5411393232890942,0.5496030064290492,0.5535122584290213,0.5906187887993178,0.5826339280403938,0.5718412831102149
drug,Na_to_K,200.0,0.475,0.9905,6.769,38.247,16.1988,14.16,6.5387,0.9923,0.4521,4.095,7.901,0.0479,0.0479,0.0181,0.0181,0.0355,0.0355,4.6408,0.0001,DecisionTree,0.6967053070575402,0.7389852660481435,0.6327800171384137,0.577163480219161,0.6978530134708244,0.7021387327967858,0.6877189205721813,0.6820127757882148,0.6834540466086487
drug,Na_to_K,200.0,0.475,0.9905,6.769,38.247,16.1988,14.16,6.5387,0.9923,0.4521,4.095,7.901,0.0479,0.0479,0.0181,0.0181,0.0355,0.0355,4.6408,0.0001,LogisticRegression,0.7007131670377011,0.6437306275861263,0.6781975580318389,0.6819698432622687,0.711235223192964,0.705075746165174,0.7023007138181188,0.5770224677168712,0.6643575993723052
drug,Na_to_K,200.0,0.475,0.9905,6.769,38.247,16.1988,14.16,6.5387,0.9923,0.4521,4.095,7.901,0.0479,0.0479,0.0181,0.0181,0.0355,0.0355,4.6408,0.0001,KNN,0.61576630764666,0.6204216255883607,0.6162738908091352,0.6066113961729871,0.6245125620566797,0.6002810020399003,0.5819498489111363,0.5422296299352478,0.6040889849341403
drug,Na_to_K,200.0,0.475,0.9905,6.769,38.247,16.1988,14.16,6.5387,0.9923,0.4521,4.095,7.901,0.0479,0.0479,0.0181,0.0181,0.0355,0.0355,4.6408,0.0001,RandomForest,0.720411687981482,0.7386015807035309,0.5780370228498473,0.6452713513660988,0.6791445879069568,0.7283893026907733,0.762674303531081,0.6829622259859863,0.7243863878163035
drug,Na_to_K,200.0,0.475,0.9905,6.769,38.247,16.1988,14.16,6.5387,0.9923,0.4521,4.095,7.901,0.0479,0.0479,0.0181,0.0181,0.0355,0.0355,4.6408,0.0001,AdaBoost,0.5407336387243817,0.6093637724145193,0.4413363358354701,0.575474927261188,0.6193117223266082,0.6497394604593467,0.610783668054196,0.6014927618275554,0.5351064566399508
drug,Na_to_K,200.0,0.475,0.9905,6.769,38.247,16.1988,14.16,6.5387,0.9923,0.4521,4.095,7.901,0.0479,0.0479,0.0181,0.0181,0.0355,0.0355,4.6408,0.0001,SVC,0.6684421489908083,0.6815834905445413,0.5952552487395941,0.614120912612292,0.6353881634238778,0.6635348875028957,0.6755293071139299,0.5790712848026678,0.6862776203212922
drug,Na_to_K,200.0,0.345,0.9924,6.269,38.247,15.7268,13.597,6.9286,1.0187,0.324,3.92,9.003,0.0023,0.0023,0.0104,0.0104,0.0148,0.0148,4.8646,0.0,DecisionTree,0.7899521342970635,0.7782660431246089,0.7453884108107969,0.7411553223816032,0.6731642498698109,0.7783573439311144,0.7491798017160842,0.7501552428193803,0.7574813090989916
drug,Na_to_K,200.0,0.345,0.9924,6.269,38.247,15.7268,13.597,6.9286,1.0187,0.324,3.92,9.003,0.0023,0.0023,0.0104,0.0104,0.0148,0.0148,4.8646,0.0,LogisticRegression,0.8137899869840444,0.6404269014693629,0.710081658170864,0.7598789136258398,0.7208404770408918,0.7743045399785449,0.7484702930133191,0.6066500009089871,0.6327513919744353
drug,Na_to_K,200.0,0.345,0.9924,6.269,38.247,15.7268,13.597,6.9286,1.0187,0.324,3.92,9.003,0.0023,0.0023,0.0104,0.0104,0.0148,0.0148,4.8646,0.0,KNN,0.6759575308207736,0.6136042281473315,0.6294127803501326,0.6622022213220072,0.6379522615962043,0.6548862770381074,0.6335749907175835,0.5853659068323878,0.6114101418032236
drug,Na_to_K,200.0,0.345,0.9924,6.269,38.247,15.7268,13.597,6.9286,1.0187,0.324,3.92,9.003,0.0023,0.0023,0.0104,0.0104,0.0148,0.0148,4.8646,0.0,RandomForest,0.8457921817361307,0.7808231983342135,0.7443228444137887,0.7729853714085348,0.7179435812295718,0.7996382683330743,0.7986586951806915,0.74838150211359,0.7654080785753941
drug,Na_to_K,200.0,0.345,0.9924,6.269,38.247,15.7268,13.597,6.9286,1.0187,0.324,3.92,9.003,0.0023,0.0023,0.0104,0.0104,0.0148,0.0148,4.8646,0.0,AdaBoost,0.6927474763913248,0.6339301523282823,0.639544791922577,0.6686628493968112,0.6546485971344566,0.645832526810723,0.6868486960069243,0.638734004420279,0.6460283331084193
drug,Na_to_K,200.0,0.345,0.9924,6.269,38.247,15.7268,13.597,6.9286,1.0187,0.324,3.92,9.003,0.0023,0.0023,0.0104,0.0104,0.0148,0.0148,4.8646,0.0,SVC,0.7648642437724392,0.675915682649295,0.6802979388121795,0.7186123093228693,0.6471000873648077,0.7189828932180689,0.7262589041999024,0.6226311100896637,0.6649546455629232
drug,Na_to_K,200.0,0.325,0.9852,6.269,37.188,15.8564,14.02,6.9705,1.1546,0.8244,4.126,8.3835,0.0229,0.0229,0.0199,0.0199,0.0302,0.0302,4.8847,0.0001,DecisionTree,0.8085256720068673,0.8117207461934783,0.785751785927692,0.8257708125190009,0.8118130062250906,0.8123677697766726,0.812372110765651,0.7852048006078048,0.7575841630101778
drug,Na_to_K,200.0,0.325,0.9852,6.269,37.188,15.8564,14.02,6.9705,1.1546,0.8244,4.126,8.3835,0.0229,0.0229,0.0199,0.0199,0.0302,0.0302,4.8847,0.0001,LogisticRegression,0.795734111660021,0.6942615612053982,0.7510866332151521,0.7529470609966618,0.8047437413646018,0.7910545176687297,0.7449418239399566,0.6250230887912105,0.6963896407151158
drug,Na_to_K,200.0,0.325,0.9852,6.269,37.188,15.8564,14.02,6.9705,1.1546,0.8244,4.126,8.3835,0.0229,0.0229,0.0199,0.0199,0.0302,0.0302,4.8847,0.0001,KNN,0.6445143967782392,0.6044214885877752,0.6139248597929436,0.6143065968251223,0.61991085140195,0.6323675435686813,0.5944829775275435,0.6047767606600273,0.6150107153016334
drug,Na_to_K,200.0,0.325,0.9852,6.269,37.188,15.8564,14.02,6.9705,1.1546,0.8244,4.126,8.3835,0.0229,0.0229,0.0199,0.0199,0.0302,0.0302,4.8847,0.0001,RandomForest,0.8065596209346209,0.7856293049834928,0.7433978534292571,0.8203405581670262,0.8102350686821616,0.8154141620737574,0.7896005489043034,0.7963812575969501,0.7443716773811311
drug,Na_to_K,200.0,0.325,0.9852,6.269,37.188,15.8564,14.02,6.9705,1.1546,0.8244,4.126,8.3835,0.0229,0.0229,0.0199,0.0199,0.0302,0.0302,4.8847,0.0001,AdaBoost,0.6476552737174444,0.6842836328390349,0.6944829097365329,0.69591461683652,0.7045671559997008,0.6724868785751534,0.7108302677749075,0.6578182675107385,0.622018853048716
drug,Na_to_K,200.0,0.325,0.9852,6.269,37.188,15.8564,14.02,6.9705,1.1546,0.8244,4.126,8.3835,0.0229,0.0229,0.0199,0.0199,0.0302,0.0302,4.8847,0.0001,SVC,0.7443951004295831,0.6987189010143128,0.7184195196920428,0.7713374263557754,0.718111738632367,0.7322126775703484,0.7245010487263962,0.6665849924499305,0.7076129975587411
drug,Na_to_K,200.0,0.365,0.9921,6.269,38.247,16.3446,14.02,7.614,1.0772,0.401,4.275,8.579,0.1282,0.1282,0.085,0.085,0.1245,0.1245,4.8333,0.0,DecisionTree,0.7857613293277755,0.673145407068092,0.6480422632343228,0.6997858791981927,0.6502754689782755,0.6982889151127742,0.7782896860108385,0.7221678730853226,0.6648731877186369
drug,Na_to_K,200.0,0.365,0.9921,6.269,38.247,16.3446,14.02,7.614,1.0772,0.401,4.275,8.579,0.1282,0.1282,0.085,0.085,0.1245,0.1245,4.8333,0.0,LogisticRegression,0.7664218196532245,0.6681402656309484,0.6754137908060613,0.6901928714703336,0.6867790853227157,0.7400639077268334,0.7085760590539059,0.6030155095531402,0.6642462222558382
drug,Na_to_K,200.0,0.365,0.9921,6.269,38.247,16.3446,14.02,7.614,1.0772,0.401,4.275,8.579,0.1282,0.1282,0.085,0.085,0.1245,0.1245,4.8333,0.0,KNN,0.6025835774395096,0.6211272317943416,0.574498597648434,0.5777479299452984,0.5935616751181283,0.5968829539888861,0.6199900421508682,0.5951537266214094,0.6211020649365775
drug,Na_to_K,200.0,0.365,0.9921,6.269,38.247,16.3446,14.02,7.614,1.0772,0.401,4.275,8.579,0.1282,0.1282,0.085,0.085,0.1245,0.1245,4.8333,0.0,RandomForest,0.7770940600187717,0.6941522754460081,0.6568832020023413,0.7108803019678086,0.6703338603145033,0.7296531405549206,0.8061033910381581,0.7662511140109456,0.7142137137360463
drug,Na_to_K,200.0,0.365,0.9921,6.269,38.247,16.3446,14.02,7.614,1.0772,0.401,4.275,8.579,0.1282,0.1282,0.085,0.085,0.1245,0.1245,4.8333,0.0,AdaBoost,0.6836239031725394,0.6187099081990555,0.6701415312560567,0.6539920728583639,0.5234138099279823,0.6602913139879424,0.5742174226130383,0.6346112318222812,0.6230415694606946
drug,Na_to_K,200.0,0.365,0.9921,6.269,38.247,16.3446,14.02,7.614,1.0772,0.401,4.275,8.579,0.1282,0.1282,0.085,0.085,0.1245,0.1245,4.8333,0.0,SVC,0.6914954924295269,0.6283449058004142,0.6048685526214861,0.6956694763645913,0.6320044940538752,0.7055775288815571,0.7181901513584444,0.5943165871058803,0.6279914625381746
drug,Na_to_K,200.0,0.255,1.0,7.261,38.247,16.4229,14.216,7.242,0.9971,0.2745,4.271,9.408,0.0297,0.0297,0.0204,0.0204,0.0322,0.0322,5.0039,0.0,DecisionTree,0.8002669409838528,0.806299939409343,0.763266143963075,0.7912519736370974,0.8090564976689514,0.8004052894071552,0.7903356594799039,0.8410233845205954,0.7656556286162438
drug,Na_to_K,200.0,0.255,1.0,7.261,38.247,16.4229,14.216,7.242,0.9971,0.2745,4.271,9.408,0.0297,0.0297,0.0204,0.0204,0.0322,0.0322,5.0039,0.0,LogisticRegression,0.7962276517872058,0.7827408782003311,0.7831418870089683,0.7841713426798317,0.8041378393726791,0.77388316003139,0.8086615471271306,0.6969695626076082,0.7535829165531178
drug,Na_to_K,200.0,0.255,1.0,7.261,38.247,16.4229,14.216,7.242,0.9971,0.2745,4.271,9.408,0.0297,0.0297,0.0204,0.0204,0.0322,0.0322,5.0039,0.0,KNN,0.6216728562547619,0.662252925510424,0.6373362293995739,0.6215011106633206,0.6354272760716794,0.6134350165201229,0.624655914891209,0.6491860922212733,0.6218848470573893
drug,Na_to_K,200.0,0.255,1.0,7.261,38.247,16.4229,14.216,7.242,0.9971,0.2745,4.271,9.408,0.0297,0.0297,0.0204,0.0204,0.0322,0.0322,5.0039,0.0,RandomForest,0.787613645002187,0.8243296455211739,0.7951314115626731,0.794772540420225,0.8091292922384179,0.7986426857579721,0.8112849147631755,0.8531051284781228,0.8251691138513053
drug,Na_to_K,200.0,0.255,1.0,7.261,38.247,16.4229,14.216,7.242,0.9971,0.2745,4.271,9.408,0.0297,0.0297,0.0204,0.0204,0.0322,0.0322,5.0039,0.0,AdaBoost,0.6879083665946724,0.7122680703913458,0.698438549770605,0.6662710066478735,0.6478075967180404,0.6522961898974499,0.6765246610849653,0.5427188161636819,0.7046960889359786
drug,Na_to_K,200.0,0.255,1.0,7.261,38.247,16.4229,14.216,7.242,0.9971,0.2745,4.271,9.408,0.0297,0.0297,0.0204,0.0204,0.0322,0.0322,5.0039,0.0,SVC,0.7346910818877492,0.7656482059090236,0.7107502464404218,0.7520274609257374,0.7482385264692816,0.7304296321270005,0.7814244241036562,0.7360569226537168,0.7305952416445641
drug,Na_to_K,200.0,0.21,0.9873,6.269,37.188,16.1538,13.9345,7.321,1.0117,0.1626,4.097,8.7223,0.0816,0.0816,0.0529,0.0529,0.0779,0.0779,5.045,0.0001,DecisionTree,0.8836144490341274,0.852945548747083,0.7582593151231766,0.8188070484613078,0.8067559987725226,0.7645443707794837,0.8205636976159577,0.8510887869963093,0.8578489837257335
drug,Na_to_K,200.0,0.21,0.9873,6.269,37.188,16.1538,13.9345,7.321,1.0117,0.1626,4.097,8.7223,0.0816,0.0816,0.0529,0.0529,0.0779,0.0779,5.045,0.0001,LogisticRegression,0.8846131330834203,0.843210941841664,0.7319664012561411,0.8804187341117105,0.8374716310654207,0.8346664804550049,0.8217700425324909,0.7374754840777891,0.8552944540296183
drug,Na_to_K,200.0,0.21,0.9873,6.269,37.188,16.1538,13.9345,7.321,1.0117,0.1626,4.097,8.7223,0.0816,0.0816,0.0529,0.0529,0.0779,0.0779,5.045,0.0001,KNN,0.7221931343790069,0.7068212639223805,0.648589553373388,0.7148500281343226,0.6978944259435702,0.7121066930636811,0.701801855791824,0.6967128599388284,0.7287840670538039
drug,Na_to_K,200.0,0.21,0.9873,6.269,37.188,16.1538,13.9345,7.321,1.0117,0.1626,4.097,8.7223,0.0816,0.0816,0.0529,0.0529,0.0779,0.0779,5.045,0.0001,RandomForest,0.8585324999983939,0.8623502389318902,0.7555577151895446,0.8422713434195798,0.7832731062888709,0.8005644322363864,0.8197654051947676,0.8462872928022762,0.8564767435976539
drug,Na_to_K,200.0,0.21,0.9873,6.269,37.188,16.1538,13.9345,7.321,1.0117,0.1626,4.097,8.7223,0.0816,0.0816,0.0529,0.0529,0.0779,0.0779,5.045,0.0001,AdaBoost,0.6840127046328726,0.7105598425418803,0.698880435777884,0.7235277907458488,0.7193823225994601,0.7359661938849835,0.7019366755771279,0.707102068850063,0.6889029526469421
drug,Na_to_K,200.0,0.21,0.9873,6.269,37.188,16.1538,13.9345,7.321,1.0117,0.1626,4.097,8.7223,0.0816,0.0816,0.0529,0.0529,0.0779,0.0779,5.045,0.0001,SVC,0.7877704520824091,0.807471915052326,0.7059279749845071,0.7827526035873251,0.7424779950928202,0.773352030194123,0.7755943440221893,0.7566642071357903,0.7991739790914264
drug,Na_to_K,200.0,0.13,0.9943,6.269,38.247,15.9625,13.909,7.2825,1.1302,0.5544,3.928,8.745,0.0732,0.0732,0.0382,0.0382,0.0568,0.0568,5.1511,0.0,DecisionTree,0.8981734765067758,0.8432795891567822,0.8509807181087738,0.8632378637986869,0.8850202393062617,0.8779580209217306,0.8697380352941858,0.8866004758809469,0.8961200142932261
drug,Na_to_K,200.0,0.13,0.9943,6.269,38.247,15.9625,13.909,7.2825,1.1302,0.5544,3.928,8.745,0.0732,0.0732,0.0382,0.0382,0.0568,0.0568,5.1511,0.0,LogisticRegression,0.8724560218934901,0.842232959091561,0.8237989758304995,0.8424772018943358,0.8440948778558119,0.8611499397842977,0.8625798703341075,0.7735839242039535,0.8333888727061546
drug,Na_to_K,200.0,0.13,0.9943,6.269,38.247,15.9625,13.909,7.2825,1.1302,0.5544,3.928,8.745,0.0732,0.0732,0.0382,0.0382,0.0568,0.0568,5.1511,0.0,KNN,0.6884692319113894,0.6797880042378922,0.7034487844095093,0.6838018315497933,0.6972304471234569,0.6796923203745877,0.7002726181291471,0.6831314451523849,0.6916610854224605
drug,Na_to_K,200.0,0.13,0.9943,6.269,38.247,15.9625,13.909,7.2825,1.1302,0.5544,3.928,8.745,0.0732,0.0732,0.0382,0.0382,0.0568,0.0568,5.1511,0.0,RandomForest,0.8512410120788891,0.8402929383640086,0.9120990471230337,0.8767206538105271,0.8643223609271542,0.8766601097509712,0.8782594309522281,0.8990791769949695,0.8783153578999267
drug,Na_to_K,200.0,0.13,0.9943,6.269,38.247,15.9625,13.909,7.2825,1.1302,0.5544,3.928,8.745,0.0732,0.0732,0.0382,0.0382,0.0568,0.0568,5.1511,0.0,AdaBoost,0.5937661526613943,0.7177917860388124,0.6652090303109675,0.6618255532434271,0.5918118076180009,0.6695247184379509,0.6021697626803427,0.7112661786635729,0.7289444642826715
drug,Na_to_K,200.0,0.13,0.9943,6.269,38.247,15.9625,13.909,7.2825,1.1302,0.5544,3.928,8.745,0.0732,0.0732,0.0382,0.0382,0.0568,0.0568,5.1511,0.0,SVC,0.7732470444007085,0.7804559720774755,0.7746140733101899,0.7757823536113009,0.77369939953498,0.7691259486363576,0.7893749841835931,0.7718572833672548,0.7526524322072295
drug,Na_to_K,200.0,0.055,0.9947,6.269,38.247,16.2184,13.967,7.2806,1.0142,0.275,4.076,9.07,0.0583,0.0583,0.0308,0.0308,0.0473,0.0473,5.2344,0.0,DecisionTree,0.9662859716536187,0.9565340577182175,0.9375469639383806,0.9492959857232864,0.9544299909638024,0.9238182399030055,0.9445459265683218,0.9542510503482056,0.9448337023392908
drug,Na_to_K,200.0,0.055,0.9947,6.269,38.247,16.2184,13.967,7.2806,1.0142,0.275,4.076,9.07,0.0583,0.0583,0.0308,0.0308,0.0473,0.0473,5.2344,0.0,LogisticRegression,0.9242963300316243,0.9232341748238058,0.8901656243905324,0.9189879762681163,0.8981471136083327,0.9205035752886825,0.9201467560907859,0.8742587205729534,0.9232341748238058
drug,Na_to_K,200.0,0.055,0.9947,6.269,38.247,16.2184,13.967,7.2806,1.0142,0.275,4.076,9.07,0.0583,0.0583,0.0308,0.0308,0.0473,0.0473,5.2344,0.0,KNN,0.7248613531634083,0.729523994483475,0.7294046039243408,0.7291998136749077,0.7253908503822853,0.7248430794397774,0.7295992003137901,0.725190220686466,0.729523994483475
drug,Na_to_K,200.0,0.055,0.9947,6.269,38.247,16.2184,13.967,7.2806,1.0142,0.275,4.076,9.07,0.0583,0.0583,0.0308,0.0308,0.0473,0.0473,5.2344,0.0,RandomForest,0.9488875879669634,0.9473777997743646,0.9642684183729526,0.9644846675985106,0.9643874659920004,0.9384448311592329,0.9554517828483478,0.9701834225848811,0.9473777997743646
drug,Na_to_K,200.0,0.055,0.9947,6.269,38.247,16.2184,13.967,7.2806,1.0142,0.275,4.076,9.07,0.0583,0.0583,0.0308,0.0308,0.0473,0.0473,5.2344,0.0,AdaBoost,0.5759474181036809,0.802738088565023,0.7347072319270923,0.6753364922616075,0.6792934194930711,0.8024855874015032,0.6919445958910321,0.7204400767334802,0.802738088565023
drug,Na_to_K,200.0,0.055,0.9947,6.269,38.247,16.2184,13.967,7.2806,1.0142,0.275,4.076,9.07,0.0583,0.0583,0.0308,0.0308,0.0473,0.0473,5.2344,0.0,SVC,0.8915981974169841,0.8796609039667822,0.8749316400982504,0.8868153318620597,0.8788925472035676,0.8832664546453164,0.8636676346352783,0.8675786044763114,0.8753995403304184
drug,Na_to_K,200.0,0.06,0.9894,6.269,38.247,15.9084,13.909,7.097,1.0215,0.3306,4.1985,8.8825,0.0328,0.0328,0.0129,0.0129,0.0222,0.0222,5.2217,0.0,DecisionTree,0.9532094250594386,0.9498837681165269,0.9466801625324722,0.9608312406083724,0.9731016514349848,0.9736978284347224,0.9631061740331183,0.9401824806779405,0.9159357002047449
drug,Na_to_K,200.0,0.06,0.9894,6.269,38.247,15.9084,13.909,7.097,1.0215,0.3306,4.1985,8.8825,0.0328,0.0328,0.0129,0.0129,0.0222,0.0222,5.2217,0.0,LogisticRegression,0.932852344937901,0.8627257911875755,0.8856426011546636,0.9308153646150208,0.9165113362146831,0.9335096765261705,0.917574983587046,0.8721050021808022,0.8675062671335491
drug,Na_to_K,200.0,0.06,0.9894,6.269,38.247,15.9084,13.909,7.097,1.0215,0.3306,4.1985,8.8825,0.0328,0.0328,0.0129,0.0129,0.0222,0.0222,5.2217,0.0,KNN,0.737249485394588,0.7149299654977861,0.7505626321429891,0.737249485394588,0.7406965105478694,0.7463011039700161,0.7320565625952531,0.7287408130855095,0.731360918679076
drug,Na_to_K,200.0,0.06,0.9894,6.269,38.247,15.9084,13.909,7.097,1.0215,0.3306,4.1985,8.8825,0.0328,0.0328,0.0129,0.0129,0.0222,0.0222,5.2217,0.0,RandomForest,0.9569699187294947,0.9501904290481877,0.9576180856374122,0.949369345563722,0.9572308985403037,0.9491619141062906,0.975266112777282,0.9409487658685516,0.932088492182522
drug,Na_to_K,200.0,0.06,0.9894,6.269,38.247,15.9084,13.909,7.097,1.0215,0.3306,4.1985,8.8825,0.0328,0.0328,0.0129,0.0129,0.0222,0.0222,5.2217,0.0,AdaBoost,0.760387149605461,0.781183546065227,0.7454085756379639,0.3836911932395441,0.3891681552037807,0.760387149605461,0.7212687895695091,0.8706023559756999,0.8528984245425976
drug,Na_to_K,200.0,0.06,0.9894,6.269,38.247,15.9084,13.909,7.097,1.0215,0.3306,4.1985,8.8825,0.0328,0.0328,0.0129,0.0129,0.0222,0.0222,5.2217,0.0,SVC,0.8878035531007006,0.8315613165517428,0.8650014137365061,0.8751632975332568,0.8995696474151694,0.8691759472196384,0.870040423734872,0.8535407124281975,0.8487589500319757
electricity-normalized,nswprice,45312.0,0.4986,0.1517,0.0,1.0,0.0579,0.0487,0.0405,9.3348,166.55,0.0174,0.0391,0.3058,0.3061,0.2257,0.2744,0.3286,0.3778,7.5953,0.0,DecisionTree,0.7135223856129084,0.7071629756698552,0.713821469214063,0.7111380581021796,0.7111949970145017,0.7126770352557922,0.7081064028263637,0.6955541100653648,0.7112990111578176
electricity-normalized,nswprice,45312.0,0.4986,0.1517,0.0,1.0,0.0579,0.0487,0.0405,9.3348,166.55,0.0174,0.0391,0.3058,0.3061,0.2257,0.2744,0.3286,0.3778,7.5953,0.0,LogisticRegression,0.700263414397168,0.7018104466352977,0.6944827550535035,0.6974241937455545,0.6953542781706972,0.7030413267454898,0.6725541543560035,0.6850870645889252,0.6991979948911158
electricity-normalized,nswprice,45312.0,0.4986,0.1517,0.0,1.0,0.0579,0.0487,0.0405,9.3348,166.55,0.0174,0.0391,0.3058,0.3061,0.2257,0.2744,0.3286,0.3778,7.5953,0.0,KNN,0.7118924080558475,0.7127051446897517,0.7128773537202827,0.7132957395481793,0.7132371670152796,0.7128056463826478,0.7129306580530362,0.6993844760171879,0.7118032624421713
electricity-normalized,nswprice,45312.0,0.4986,0.1517,0.0,1.0,0.0579,0.0487,0.0405,9.3348,166.55,0.0174,0.0391,0.3058,0.3061,0.2257,0.2744,0.3286,0.3778,7.5953,0.0,RandomForest,0.7255740042748184,0.7202757240810626,0.722108458060198,0.7209218041715154,0.7231061655728374,0.7211966301846734,0.7210906968702313,0.7112611775041092,0.7205524218501211
electricity-normalized,nswprice,45312.0,0.4986,0.1517,0.0,1.0,0.0579,0.0487,0.0405,9.3348,166.55,0.0174,0.0391,0.3058,0.3061,0.2257,0.2744,0.3286,0.3778,7.5953,0.0,AdaBoost,0.7026932664011527,0.6974404126273283,0.7039685196647691,0.7032141637958093,0.7024168074826216,0.7027199875930594,0.6973960475856542,0.6870148742443323,0.7004863784065429
electricity-normalized,nswprice,45312.0,0.4986,0.1517,0.0,1.0,0.0579,0.0487,0.0405,9.3348,166.55,0.0174,0.0391,0.3058,0.3061,0.2257,0.2744,0.3286,0.3778,7.5953,0.0,SVC,0.69648031731167,0.6995513260186824,0.7030805945469615,0.6981558339780735,0.6911609902041941,0.6941129632151015,0.697226063161822,0.6722731583834388,0.7035083066948784
electricity-normalized,nswprice,45312.0,0.4508,0.1411,0.0,1.0,0.0575,0.0484,0.0386,8.7218,157.6405,0.0173,0.0389,0.3081,0.3097,0.2251,0.2743,0.3275,0.3785,7.6011,0.0,DecisionTree,0.7201905845966963,0.7157679093848762,0.7146923196852129,0.7216841867073676,0.7210695168680066,0.7187843931800685,0.7134253407090861,0.7015009691457773,0.7108158534918263
electricity-normalized,nswprice,45312.0,0.4508,0.1411,0.0,1.0,0.0575,0.0484,0.0386,8.7218,157.6405,0.0173,0.0389,0.3081,0.3097,0.2251,0.2743,0.3275,0.3785,7.6011,0.0,LogisticRegression,0.707078107256205,0.7069843713964801,0.7034547223026109,0.7051471681110795,0.7039802364642933,0.7086487984176658,0.6730467984366384,0.6904517909743204,0.7049422539286013
electricity-normalized,nswprice,45312.0,0.4508,0.1411,0.0,1.0,0.0575,0.0484,0.0386,8.7218,157.6405,0.0173,0.0389,0.3081,0.3097,0.2251,0.2743,0.3275,0.3785,7.6011,0.0,KNN,0.7224823362454437,0.7226786122795223,0.7228108270618362,0.726810186794896,0.7265775928848888,0.7204954838054312,0.721161148848441,0.7049619321410296,0.7234453414168804
electricity-normalized,nswprice,45312.0,0.4508,0.1411,0.0,1.0,0.0575,0.0484,0.0386,8.7218,157.6405,0.0173,0.0389,0.3081,0.3097,0.2251,0.2743,0.3275,0.3785,7.6011,0.0,RandomForest,0.7335073749823916,0.7303930329156905,0.7292205783897039,0.731387707798746,0.7324281768920359,0.7301804000818027,0.7289568309934571,0.7208441687087708,0.7303100286399207
electricity-normalized,nswprice,45312.0,0.4508,0.1411,0.0,1.0,0.0575,0.0484,0.0386,8.7218,157.6405,0.0173,0.0389,0.3081,0.3097,0.2251,0.2743,0.3275,0.3785,7.6011,0.0,AdaBoost,0.7060373061730011,0.702195153625124,0.7085825619601264,0.7117388973634833,0.7110025430777509,0.7062476998957093,0.7068526375664289,0.6916028784125586,0.7023036130304906
electricity-normalized,nswprice,45312.0,0.4508,0.1411,0.0,1.0,0.0575,0.0484,0.0386,8.7218,157.6405,0.0173,0.0389,0.3081,0.3097,0.2251,0.2743,0.3275,0.3785,7.6011,0.0,SVC,0.7047067872132863,0.7039896664214093,0.7086058636561512,0.7116910312822985,0.7092687713763448,0.7009679556283311,0.7069495935519621,0.6909963085316907,0.7107308848640017
electricity-normalized,nswprice,45312.0,0.4031,0.1331,0.0,0.9818,0.0578,0.0485,0.0401,8.9055,152.348,0.0175,0.0395,0.3073,0.3114,0.2259,0.2746,0.3287,0.3783,7.6086,0.0,DecisionTree,0.7258542263421487,0.7205783404797912,0.721521898260508,0.7235673053753013,0.7257472013294045,0.721898670215161,0.7183589011234315,0.7096398038094679,0.7213433726400665
electricity-normalized,nswprice,45312.0,0.4031,0.1331,0.0,0.9818,0.0578,0.0485,0.0401,8.9055,152.348,0.0175,0.0395,0.3073,0.3114,0.2259,0.2746,0.3287,0.3783,7.6086,0.0,LogisticRegression,0.708797064319455,0.7100686226595255,0.7078955363570272,0.7081951833608975,0.7077947917222828,0.7113226362692373,0.6811071485121739,0.6953710379138549,0.7056025923909566
electricity-normalized,nswprice,45312.0,0.4031,0.1331,0.0,0.9818,0.0578,0.0485,0.0401,8.9055,152.348,0.0175,0.0395,0.3073,0.3114,0.2259,0.2746,0.3287,0.3783,7.6086,0.0,KNN,0.7263134934036073,0.7268149990376535,0.729658170874364,0.7284524877852734,0.7278546527479975,0.725172052018664,0.7268236040336158,0.7155233287601972,0.7280921993568658
electricity-normalized,nswprice,45312.0,0.4031,0.1331,0.0,0.9818,0.0578,0.0485,0.0401,8.9055,152.348,0.0175,0.0395,0.3073,0.3114,0.2259,0.2746,0.3287,0.3783,7.6086,0.0,RandomForest,0.7414585442751032,0.7392050629823462,0.7397041284518114,0.7373941718051144,0.739514337471576,0.7377387340654202,0.7390446640030303,0.7291793920712066,0.7385784770866519
electricity-normalized,nswprice,45312.0,0.4031,0.1331,0.0,0.9818,0.0578,0.0485,0.0401,8.9055,152.348,0.0175,0.0395,0.3073,0.3114,0.2259,0.2746,0.3287,0.3783,7.6086,0.0,AdaBoost,0.7075097243565021,0.7082305949352266,0.7122048176368144,0.714464040256338,0.713872640256251,0.709766308962721,0.704034357778257,0.6998015142596423,0.7111124888204003
electricity-normalized,nswprice,45312.0,0.4031,0.1331,0.0,0.9818,0.0578,0.0485,0.0401,8.9055,152.348,0.0175,0.0395,0.3073,0.3114,0.2259,0.2746,0.3287,0.3783,7.6086,0.0,SVC,0.7041508165659127,0.7016860377921473,0.712981204935891,0.7160721046776602,0.7152537253315351,0.7139476794154542,0.7060275602834194,0.7032918193435773,0.7105099620602355
electricity-normalized,nswprice,45312.0,0.3468,0.1242,0.0,0.9818,0.0579,0.0488,0.0393,8.6208,148.2603,0.0176,0.0394,0.3019,0.3058,0.2274,0.2708,0.331,0.374,7.6201,0.0,DecisionTree,0.7302032013629537,0.7267336715704709,0.7332854867694456,0.7327973685502553,0.7305361251159559,0.7304956036807364,0.7263218081724784,0.7213274880611863,0.7279806428853652
electricity-normalized,nswprice,45312.0,0.3468,0.1242,0.0,0.9818,0.0579,0.0488,0.0393,8.6208,148.2603,0.0176,0.0394,0.3019,0.3058,0.2274,0.2708,0.331,0.374,7.6201,0.0,LogisticRegression,0.7159214019479095,0.7170341756653003,0.713386166483436,0.7148249480689806,0.7144822777389077,0.7188698406018549,0.686559593406061,0.7032569959757391,0.7126987533699863
electricity-normalized,nswprice,45312.0,0.3468,0.1242,0.0,0.9818,0.0579,0.0488,0.0393,8.6208,148.2603,0.0176,0.0394,0.3019,0.3058,0.2274,0.2708,0.331,0.374,7.6201,0.0,KNN,0.7351843970030026,0.7359619630857523,0.7357216625363305,0.738654381386709,0.7384445697253224,0.7357889910745499,0.734641109087201,0.7257026026684633,0.735312779554405
electricity-normalized,nswprice,45312.0,0.3468,0.1242,0.0,0.9818,0.0579,0.0488,0.0393,8.6208,148.2603,0.0176,0.0394,0.3019,0.3058,0.2274,0.2708,0.331,0.374,7.6201,0.0,RandomForest,0.7520372532575617,0.7494202349081874,0.7499589775352365,0.749327647409769,0.7500666750624009,0.750871617117064,0.7481352396113689,0.7411346117866395,0.7475702544167661
electricity-normalized,nswprice,45312.0,0.3468,0.1242,0.0,0.9818,0.0579,0.0488,0.0393,8.6208,148.2603,0.0176,0.0394,0.3019,0.3058,0.2274,0.2708,0.331,0.374,7.6201,0.0,AdaBoost,0.7172137892981792,0.7166558982158804,0.717590310160734,0.7224095553907145,0.7191820213243143,0.7172971573846223,0.714006395740959,0.7061143390664557,0.7161109401714025
electricity-normalized,nswprice,45312.0,0.3468,0.1242,0.0,0.9818,0.0579,0.0488,0.0393,8.6208,148.2603,0.0176,0.0394,0.3019,0.3058,0.2274,0.2708,0.331,0.374,7.6201,0.0,SVC,0.7195658894179513,0.7200258631757519,0.7211409549024369,0.7232223798404273,0.7236012130909252,0.723376731851335,0.7106019537095909,0.7084685760477073,0.7248736398206265
electricity-normalized,nswprice,45312.0,0.2982,0.118,0.0,1.0,0.0579,0.0486,0.0406,9.3587,165.3026,0.0174,0.0393,0.3053,0.3055,0.2246,0.2732,0.3269,0.3769,7.6219,0.0,DecisionTree,0.7392392976675835,0.7351169466201761,0.7379569283443617,0.7389966772123262,0.7407949362070214,0.737157919562443,0.7329536355534665,0.7279610696055822,0.7361165229639225
electricity-normalized,nswprice,45312.0,0.2982,0.118,0.0,1.0,0.0579,0.0486,0.0406,9.3587,165.3026,0.0174,0.0393,0.3053,0.3055,0.2246,0.2732,0.3269,0.3769,7.6219,0.0,LogisticRegression,0.7205094136650786,0.7216714863753284,0.7203633936835117,0.7209541418733308,0.7204596412463474,0.7227966801929069,0.693846375184451,0.7091075367639342,0.7208928031612356
electricity-normalized,nswprice,45312.0,0.2982,0.118,0.0,1.0,0.0579,0.0486,0.0406,9.3587,165.3026,0.0174,0.0393,0.3053,0.3055,0.2246,0.2732,0.3269,0.3769,7.6219,0.0,KNN,0.7401542827903101,0.7405243417299812,0.740308177324683,0.7425301078468859,0.741939031849097,0.7392488886603965,0.7402455118525565,0.7318454703982344,0.7406811463284269
electricity-normalized,nswprice,45312.0,0.2982,0.118,0.0,1.0,0.0579,0.0486,0.0406,9.3587,165.3026,0.0174,0.0393,0.3053,0.3055,0.2246,0.2732,0.3269,0.3769,7.6219,0.0,RandomForest,0.7575596487661994,0.7560244625355801,0.7536121133982834,0.757069656527492,0.7550630727730908,0.7567775857722303,0.7560473847106102,0.7483506075174609,0.7553837359820679
electricity-normalized,nswprice,45312.0,0.2982,0.118,0.0,1.0,0.0579,0.0486,0.0406,9.3587,165.3026,0.0174,0.0393,0.3053,0.3055,0.2246,0.2732,0.3269,0.3769,7.6219,0.0,AdaBoost,0.7215857076264129,0.7233130964015984,0.7250606855763557,0.7284154211493665,0.725995198638695,0.7208291147133588,0.7192507250201186,0.7124268770337033,0.7235941662200469
electricity-normalized,nswprice,45312.0,0.2982,0.118,0.0,1.0,0.0579,0.0486,0.0406,9.3587,165.3026,0.0174,0.0393,0.3053,0.3055,0.2246,0.2732,0.3269,0.3769,7.6219,0.0,SVC,0.7183597617658374,0.7167782977979809,0.7289632096377799,0.7312132001039597,0.7311146996691487,0.7275145495732033,0.7145367910388968,0.7108746637119614,0.724745196931269
electricity-normalized,nswprice,45312.0,0.2516,0.1122,0.0,0.9818,0.0579,0.0486,0.0406,9.0545,153.7906,0.0174,0.0392,0.3014,0.3045,0.2215,0.2722,0.3225,0.3755,7.6189,0.0,DecisionTree,0.7435641950666947,0.7420247546461665,0.7438144808230357,0.7462893964556254,0.7453607361139261,0.7430115412190852,0.7409914429399838,0.7337525077863063,0.7403500131901198
electricity-normalized,nswprice,45312.0,0.2516,0.1122,0.0,0.9818,0.0579,0.0486,0.0406,9.0545,153.7906,0.0174,0.0392,0.3014,0.3045,0.2215,0.2722,0.3225,0.3755,7.6189,0.0,LogisticRegression,0.7254901365867292,0.7271405531139529,0.7238543465996319,0.7239120248578689,0.7247321364945986,0.7282495331176155,0.7038351004200709,0.7165012586547119,0.7251318310826671
electricity-normalized,nswprice,45312.0,0.2516,0.1122,0.0,0.9818,0.0579,0.0486,0.0406,9.0545,153.7906,0.0174,0.0392,0.3014,0.3045,0.2215,0.2722,0.3225,0.3755,7.6189,0.0,KNN,0.7468762545384703,0.7471588310561844,0.7499535808972702,0.7507362853324169,0.750939293821258,0.7466918850467454,0.746402468267113,0.7395041875235808,0.7485498811977267
electricity-normalized,nswprice,45312.0,0.2516,0.1122,0.0,0.9818,0.0579,0.0486,0.0406,9.0545,153.7906,0.0174,0.0392,0.3014,0.3045,0.2215,0.2722,0.3225,0.3755,7.6189,0.0,RandomForest,0.7649217128982694,0.7631612132199894,0.7642967688725774,0.7643704559456639,0.7642774613477312,0.7638800066065139,0.7613546002618214,0.7558245490310975,0.7637408163711588
electricity-normalized,nswprice,45312.0,0.2516,0.1122,0.0,0.9818,0.0579,0.0486,0.0406,9.0545,153.7906,0.0174,0.0392,0.3014,0.3045,0.2215,0.2722,0.3225,0.3755,7.6189,0.0,AdaBoost,0.7262130585766892,0.7267298325248495,0.7286823482364613,0.7314933617578586,0.7316939561413418,0.7250190506652671,0.7214945639584676,0.7195003390625379,0.7273173463775087
electricity-normalized,nswprice,45312.0,0.2516,0.1122,0.0,0.9818,0.0579,0.0486,0.0406,9.0545,153.7906,0.0174,0.0392,0.3014,0.3045,0.2215,0.2722,0.3225,0.3755,7.6189,0.0,SVC,0.7310874613433325,0.7292134037751801,0.7258729545427728,0.729968543192888,0.7404814736394821,0.7282775193445723,0.7251145346821424,0.7236782912929278,0.7300241711049544
electricity-normalized,nswprice,45312.0,0.1988,0.1064,0.0,1.0,0.0578,0.0486,0.0398,9.0937,160.814,0.0174,0.0392,0.3055,0.3065,0.2223,0.272,0.3236,0.375,7.6296,0.0,DecisionTree,0.7510439270639556,0.7515067812874021,0.7504485687772615,0.7526125289133614,0.7522837415302657,0.7492830217434685,0.7442239943588607,0.7377829776499868,0.7495093741770661
electricity-normalized,nswprice,45312.0,0.1988,0.1064,0.0,1.0,0.0578,0.0486,0.0398,9.0937,160.814,0.0174,0.0392,0.3055,0.3065,0.2223,0.272,0.3236,0.375,7.6296,0.0,LogisticRegression,0.7308342568375038,0.733027839961104,0.7316369797645812,0.7321584687054618,0.7320588654125502,0.7342410878631165,0.7179250174472551,0.7258295560132645,0.7335666478881698
electricity-normalized,nswprice,45312.0,0.1988,0.1064,0.0,1.0,0.0578,0.0486,0.0398,9.0937,160.814,0.0174,0.0392,0.3055,0.3065,0.2223,0.272,0.3236,0.375,7.6296,0.0,KNN,0.7539755655907215,0.7546965857575596,0.7577186834579213,0.758596028094578,0.7569296137591309,0.7539760191253299,0.7538612759064072,0.7505763270908622,0.7566257208991329
electricity-normalized,nswprice,45312.0,0.1988,0.1064,0.0,1.0,0.0578,0.0486,0.0398,9.0937,160.814,0.0174,0.0392,0.3055,0.3065,0.2223,0.272,0.3236,0.375,7.6296,0.0,RandomForest,0.774386173368567,0.7715937342184515,0.7727659352904761,0.7736629510784918,0.7728479318388003,0.7728644333364733,0.7715324826239984,0.7700205658241297,0.7731735775148665
electricity-normalized,nswprice,45312.0,0.1988,0.1064,0.0,1.0,0.0578,0.0486,0.0398,9.0937,160.814,0.0174,0.0392,0.3055,0.3065,0.2223,0.272,0.3236,0.375,7.6296,0.0,AdaBoost,0.7309039502571739,0.7331083569031949,0.7329055461667311,0.7363064180198133,0.7367062494779378,0.7340357696236512,0.7270473067357455,0.7244134780335111,0.7342389331606608
electricity-normalized,nswprice,45312.0,0.1988,0.1064,0.0,1.0,0.0578,0.0486,0.0398,9.0937,160.814,0.0174,0.0392,0.3055,0.3065,0.2223,0.272,0.3236,0.375,7.6296,0.0,SVC,0.7402221047139754,0.7290364058076837,0.7355936241052009,0.7439279927539771,0.7419291653727097,0.7354944207601398,0.7220701578212536,0.733789987292067,0.7355036712953072
electricity-normalized,nswprice,45312.0,0.1521,0.1027,0.0,1.0,0.0578,0.0485,0.04,9.1128,160.0019,0.0174,0.0392,0.3069,0.313,0.2258,0.2752,0.3287,0.3795,7.6389,0.0,DecisionTree,0.7592489050344119,0.7578471227487475,0.7603129279484498,0.7601476830186568,0.7596365920151877,0.7570966391341104,0.7587851911424697,0.751186948006065,0.7592006336097415
electricity-normalized,nswprice,45312.0,0.1521,0.1027,0.0,1.0,0.0578,0.0485,0.04,9.1128,160.0019,0.0174,0.0392,0.3069,0.313,0.2258,0.2752,0.3287,0.3795,7.6389,0.0,LogisticRegression,0.7373422805327037,0.7386266322248878,0.7378401137396089,0.7396017992922319,0.7396978360234452,0.7384833867074684,0.7274832211653232,0.7317184746471415,0.7390779407109949
electricity-normalized,nswprice,45312.0,0.1521,0.1027,0.0,1.0,0.0578,0.0485,0.04,9.1128,160.0019,0.0174,0.0392,0.3069,0.313,0.2258,0.2752,0.3287,0.3795,7.6389,0.0,KNN,0.7627749930062655,0.761122312566013,0.7644434578151819,0.7651968593745346,0.7642646264500387,0.7602797294813545,0.7622245570106896,0.7585660374172405,0.7650413938053573
electricity-normalized,nswprice,45312.0,0.1521,0.1027,0.0,1.0,0.0578,0.0485,0.04,9.1128,160.0019,0.0174,0.0392,0.3069,0.313,0.2258,0.2752,0.3287,0.3795,7.6389,0.0,RandomForest,0.7845834441764746,0.7821051303083205,0.7827040370330349,0.7835572619126909,0.7840715074330329,0.7823797461850648,0.7844132664803932,0.7774644957009652,0.784356317899831
electricity-normalized,nswprice,45312.0,0.1521,0.1027,0.0,1.0,0.0578,0.0485,0.04,9.1128,160.0019,0.0174,0.0392,0.3069,0.313,0.2258,0.2752,0.3287,0.3795,7.6389,0.0,AdaBoost,0.7397794180074102,0.7405622364934742,0.7430495132949363,0.744896290750094,0.7455647762641477,0.7404909117443864,0.7384444195963789,0.7354625621089484,0.7439287166567946
electricity-normalized,nswprice,45312.0,0.1521,0.1027,0.0,1.0,0.0578,0.0485,0.04,9.1128,160.0019,0.0174,0.0392,0.3069,0.313,0.2258,0.2752,0.3287,0.3795,7.6389,0.0,SVC,0.7408000038441903,0.744839007463348,0.7392368681710053,0.7474080086743397,0.7455704589685218,0.7405082563042346,0.7417353438578962,0.7345499987169843,0.7475494863049149
electricity-normalized,nswprice,45312.0,0.0984,0.0974,0.0,1.0,0.0579,0.0487,0.0403,9.1225,158.6671,0.0174,0.0393,0.3036,0.3039,0.2247,0.2719,0.327,0.3751,7.6368,0.0,DecisionTree,0.7662486356137233,0.7650497137959156,0.7670102691376076,0.7690571446601484,0.7688972572595068,0.7682012941254149,0.7633470779760262,0.7638968630478731,0.7683407630809731
electricity-normalized,nswprice,45312.0,0.0984,0.0974,0.0,1.0,0.0579,0.0487,0.0403,9.1225,158.6671,0.0174,0.0393,0.3036,0.3039,0.2247,0.2719,0.327,0.3751,7.6368,0.0,LogisticRegression,0.7446670087554235,0.7455887325840778,0.742963900276547,0.743819827709491,0.7432683150423596,0.7462022895514067,0.7390063880902635,0.7413628170825497,0.7439396401182314
electricity-normalized,nswprice,45312.0,0.0984,0.0974,0.0,1.0,0.0579,0.0487,0.0403,9.1225,158.6671,0.0174,0.0393,0.3036,0.3039,0.2247,0.2719,0.327,0.3751,7.6368,0.0,KNN,0.7699877469611649,0.7719004483533423,0.7742402791695525,0.774348859467474,0.7731871787797671,0.771570265094357,0.7698612166194202,0.7704417420090841,0.7739292483506789
electricity-normalized,nswprice,45312.0,0.0984,0.0974,0.0,1.0,0.0579,0.0487,0.0403,9.1225,158.6671,0.0174,0.0393,0.3036,0.3039,0.2247,0.2719,0.327,0.3751,7.6368,0.0,RandomForest,0.7952138694984897,0.7938784238874561,0.7948730048415826,0.7946295230468663,0.795077204011689,0.793975094110372,0.7924418187073623,0.7922204195497385,0.7945538047530795
electricity-normalized,nswprice,45312.0,0.0984,0.0974,0.0,1.0,0.0579,0.0487,0.0403,9.1225,158.6671,0.0174,0.0393,0.3036,0.3039,0.2247,0.2719,0.327,0.3751,7.6368,0.0,AdaBoost,0.7484466631054408,0.7483326774264281,0.7501464547776031,0.7497388325315845,0.7500127858068234,0.7490742050198886,0.744231696440667,0.7461710936725903,0.7511408883888269
electricity-normalized,nswprice,45312.0,0.0984,0.0974,0.0,1.0,0.0579,0.0487,0.0403,9.1225,158.6671,0.0174,0.0393,0.3036,0.3039,0.2247,0.2719,0.327,0.3751,7.6368,0.0,SVC,0.7476090956512933,0.7470801733955312,0.7546062442968857,0.7562023749226974,0.7495138732252411,0.7565596676102162,0.7448741423592614,0.7429127984698553,0.7557793556814564
electricity-normalized,nswprice,45312.0,0.0515,0.094,0.0,1.0,0.0579,0.0487,0.0398,8.9301,154.6693,0.0174,0.0392,0.3048,0.3069,0.2229,0.2724,0.3245,0.3755,7.64,0.0,DecisionTree,0.7723149758315638,0.7742869856952399,0.773062156677205,0.7751570395192735,0.7726575439638979,0.7734359516436602,0.7695976965784544,0.7700353265216943,0.7746664074099413
electricity-normalized,nswprice,45312.0,0.0515,0.094,0.0,1.0,0.0579,0.0487,0.0398,8.9301,154.6693,0.0174,0.0392,0.3048,0.3069,0.2229,0.2724,0.3245,0.3755,7.64,0.0,LogisticRegression,0.7480524284487998,0.7491009585152505,0.7483109445141427,0.7481433901089207,0.7484755960577902,0.7489783209870797,0.7447283000631015,0.745872584560682,0.7477783784140694
electricity-normalized,nswprice,45312.0,0.0515,0.094,0.0,1.0,0.0579,0.0487,0.0398,8.9301,154.6693,0.0174,0.0392,0.3048,0.3069,0.2229,0.2724,0.3245,0.3755,7.64,0.0,KNN,0.7776292469881643,0.7779333264834976,0.7791862701157581,0.7790407500634037,0.7790964423921071,0.7784033837974786,0.7760597061634729,0.7764829813832633,0.7783684104381178
electricity-normalized,nswprice,45312.0,0.0515,0.094,0.0,1.0,0.0579,0.0487,0.0398,8.9301,154.6693,0.0174,0.0392,0.3048,0.3069,0.2229,0.2724,0.3245,0.3755,7.64,0.0,RandomForest,0.8013176277812373,0.8004364330067514,0.8011549153262131,0.8008400091645476,0.8016372990097702,0.8011264065953542,0.800321245748155,0.799735684652826,0.8012629677609074
electricity-normalized,nswprice,45312.0,0.0515,0.094,0.0,1.0,0.0579,0.0487,0.0398,8.9301,154.6693,0.0174,0.0392,0.3048,0.3069,0.2229,0.2724,0.3245,0.3755,7.64,0.0,AdaBoost,0.7541479885328043,0.7540728917499482,0.7553647322566395,0.7548106963663717,0.754625981797238,0.7550748239018931,0.7495894902234633,0.7518663950872253,0.7547996960137764
electricity-normalized,nswprice,45312.0,0.0515,0.094,0.0,1.0,0.0579,0.0487,0.0398,8.9301,154.6693,0.0174,0.0392,0.3048,0.3069,0.2229,0.2724,0.3245,0.3755,7.64,0.0,SVC,0.7550732053492292,0.7581689860393385,0.7604246877162155,0.7538581972036957,0.7511982306963945,0.7518238081520324,0.7453442060556412,0.7480619932261806,0.7531781854377316
electricity-normalized,nswdemand,45312.0,0.5006,0.2107,0.0015,1.0,0.4247,0.4427,0.1633,-0.0993,-0.4202,0.1093,0.2264,0.3012,0.6707,0.2276,0.5041,0.3309,0.6646,8.2477,0.0,DecisionTree,0.7729717221787438,0.7720871102752608,0.7734884726616404,0.772228025512272,0.7730965751432819,0.7721617805139931,0.7726997642698339,0.770355466611379,0.7712642982073075
electricity-normalized,nswdemand,45312.0,0.5006,0.2107,0.0015,1.0,0.4247,0.4427,0.1633,-0.0993,-0.4202,0.1093,0.2264,0.3012,0.6707,0.2276,0.5041,0.3309,0.6646,8.2477,0.0,LogisticRegression,0.7459943506272585,0.7486437208863301,0.7499747752728295,0.7514525510498107,0.7500668749111956,0.746877725854721,0.7471799973791612,0.7456721272996223,0.7498309668703173
electricity-normalized,nswdemand,45312.0,0.5006,0.2107,0.0015,1.0,0.4247,0.4427,0.1633,-0.0993,-0.4202,0.1093,0.2264,0.3012,0.6707,0.2276,0.5041,0.3309,0.6646,8.2477,0.0,KNN,0.7719298778378282,0.7720629642884527,0.7721020546789177,0.7723073666763907,0.7737134247236361,0.7725601384510182,0.7709578581693086,0.7643521576610516,0.7729855578328141
electricity-normalized,nswdemand,45312.0,0.5006,0.2107,0.0015,1.0,0.4247,0.4427,0.1633,-0.0993,-0.4202,0.1093,0.2264,0.3012,0.6707,0.2276,0.5041,0.3309,0.6646,8.2477,0.0,RandomForest,0.7947241052503065,0.7935136081251568,0.7948333184161309,0.7928414914567697,0.7947634307564463,0.7934251935329182,0.7895676081872143,0.78953633526662,0.7929206288186994
electricity-normalized,nswdemand,45312.0,0.5006,0.2107,0.0015,1.0,0.4247,0.4427,0.1633,-0.0993,-0.4202,0.1093,0.2264,0.3012,0.6707,0.2276,0.5041,0.3309,0.6646,8.2477,0.0,AdaBoost,0.7573247412177168,0.7574678813197594,0.7585825185500605,0.7597363310496223,0.7587548700691915,0.7584765123209251,0.7575545063848399,0.7567043861268657,0.7584984871658185
electricity-normalized,nswdemand,45312.0,0.5006,0.2107,0.0015,1.0,0.4247,0.4427,0.1633,-0.0993,-0.4202,0.1093,0.2264,0.3012,0.6707,0.2276,0.5041,0.3309,0.6646,8.2477,0.0,SVC,0.7507049735001828,0.7584010313883257,0.7653733956437165,0.7577151144651262,0.7640993401958396,0.7565713667414931,0.7566967518365872,0.7502127703610459,0.764141670517368
electricity-normalized,nswdemand,45312.0,0.4518,0.1964,0.0,0.9808,0.4254,0.4436,0.163,-0.1021,-0.4154,0.1104,0.2264,0.3087,0.6678,0.2237,0.5012,0.3257,0.6606,8.2609,0.0,DecisionTree,0.7734663384046341,0.772746848179599,0.7755129265754145,0.7739905111531129,0.772800624274034,0.7738606230553362,0.7732126209205906,0.774408892992929,0.7722326536212631
electricity-normalized,nswdemand,45312.0,0.4518,0.1964,0.0,0.9808,0.4254,0.4436,0.163,-0.1021,-0.4154,0.1104,0.2264,0.3087,0.6678,0.2237,0.5012,0.3257,0.6606,8.2609,0.0,LogisticRegression,0.7478130440390861,0.7492586031225286,0.7504439895706053,0.751817234373194,0.7506275583334703,0.748312806658423,0.7483512519919175,0.7475090863206583,0.7508677475395956
electricity-normalized,nswdemand,45312.0,0.4518,0.1964,0.0,0.9808,0.4254,0.4436,0.163,-0.1021,-0.4154,0.1104,0.2264,0.3087,0.6678,0.2237,0.5012,0.3257,0.6606,8.2609,0.0,KNN,0.7713034654180204,0.7719085585136238,0.7733061923007511,0.7711284860797208,0.7734164571033628,0.7710539099332843,0.77160537767359,0.7663587347048852,0.7725980553082973
electricity-normalized,nswdemand,45312.0,0.4518,0.1964,0.0,0.9808,0.4254,0.4436,0.163,-0.1021,-0.4154,0.1104,0.2264,0.3087,0.6678,0.2237,0.5012,0.3257,0.6606,8.2609,0.0,RandomForest,0.7962300925464266,0.7948077240580503,0.7950681343664763,0.7947974542756934,0.7955796738543311,0.7964341039343652,0.7913073886962005,0.7926653112659661,0.7950284537813895
electricity-normalized,nswdemand,45312.0,0.4518,0.1964,0.0,0.9808,0.4254,0.4436,0.163,-0.1021,-0.4154,0.1104,0.2264,0.3087,0.6678,0.2237,0.5012,0.3257,0.6606,8.2609,0.0,AdaBoost,0.7581510456287905,0.7589585848985643,0.75859714996953,0.7590123987927067,0.7590601990037029,0.7591966341870942,0.7586554393460845,0.7576042495454436,0.7587614985824271
electricity-normalized,nswdemand,45312.0,0.4518,0.1964,0.0,0.9808,0.4254,0.4436,0.163,-0.1021,-0.4154,0.1104,0.2264,0.3087,0.6678,0.2237,0.5012,0.3257,0.6606,8.2609,0.0,SVC,0.7463605311943141,0.7552237367051908,0.7610264638042334,0.761582274155161,0.7626565464293683,0.7559636071090845,0.7566997504448306,0.7565602128333095,0.7562319957937562
electricity-normalized,nswdemand,45312.0,0.4017,0.1827,0.0015,1.0,0.4251,0.4427,0.1638,-0.0806,-0.4131,0.111,0.2284,0.3127,0.669,0.2307,0.5008,0.3356,0.6606,8.2766,0.0,DecisionTree,0.7728970025183839,0.7719461507837293,0.7710004246955502,0.7726165468126396,0.7687857315960485,0.7733739221323872,0.7739239720553696,0.7695564381056696,0.7714331340657339
electricity-normalized,nswdemand,45312.0,0.4017,0.1827,0.0015,1.0,0.4251,0.4427,0.1638,-0.0806,-0.4131,0.111,0.2284,0.3127,0.669,0.2307,0.5008,0.3356,0.6606,8.2766,0.0,LogisticRegression,0.7497430170869483,0.7503894773709736,0.7520035568140345,0.7519407922443767,0.7519383871991115,0.7496831526075733,0.7503385752674702,0.7494907251701086,0.751805268572313
electricity-normalized,nswdemand,45312.0,0.4017,0.1827,0.0015,1.0,0.4251,0.4427,0.1638,-0.0806,-0.4131,0.111,0.2284,0.3127,0.669,0.2307,0.5008,0.3356,0.6606,8.2766,0.0,KNN,0.7742041873538487,0.7745366783616244,0.7760126686199879,0.7713536579113648,0.7726000023179994,0.7740214107927891,0.774406235350279,0.7682398870288121,0.7738411851269855
electricity-normalized,nswdemand,45312.0,0.4017,0.1827,0.0015,1.0,0.4251,0.4427,0.1638,-0.0806,-0.4131,0.111,0.2284,0.3127,0.669,0.2307,0.5008,0.3356,0.6606,8.2766,0.0,RandomForest,0.7988204669234231,0.7967331110785179,0.7981506038242652,0.7962783451558582,0.7964645427175384,0.7952965431832739,0.7945678921967495,0.7933208934651057,0.7968787081735268
electricity-normalized,nswdemand,45312.0,0.4017,0.1827,0.0015,1.0,0.4251,0.4427,0.1638,-0.0806,-0.4131,0.111,0.2284,0.3127,0.669,0.2307,0.5008,0.3356,0.6606,8.2766,0.0,AdaBoost,0.7591416851861119,0.7603437188703703,0.7591243401897858,0.7599415923929942,0.7595740310008299,0.7594674788293,0.7601188467135599,0.7587848703233186,0.7587747142530461
electricity-normalized,nswdemand,45312.0,0.4017,0.1827,0.0015,1.0,0.4251,0.4427,0.1638,-0.0806,-0.4131,0.111,0.2284,0.3127,0.669,0.2307,0.5008,0.3356,0.6606,8.2766,0.0,SVC,0.7549536201789715,0.7552951588838293,0.7559585444361641,0.7576654812866594,0.7564682218279882,0.7571909549247643,0.7574929497275078,0.758809750272971,0.7547737306320356
electricity-normalized,nswdemand,45312.0,0.3505,0.1701,0.0,1.0,0.4263,0.4444,0.1636,-0.0985,-0.4075,0.1103,0.2267,0.3041,0.6717,0.2237,0.5034,0.3256,0.6629,8.283,0.0,DecisionTree,0.7743609121694714,0.7760790453587791,0.7739827466656122,0.7749351162351428,0.7734308813184063,0.7732088481087551,0.773631101832181,0.7733756905095119,0.7724054992462791
electricity-normalized,nswdemand,45312.0,0.3505,0.1701,0.0,1.0,0.4263,0.4444,0.1636,-0.0985,-0.4075,0.1103,0.2267,0.3041,0.6717,0.2237,0.5034,0.3256,0.6629,8.283,0.0,LogisticRegression,0.74797760280017,0.7498126933300939,0.7508764010400871,0.7518079012452699,0.7516957074371351,0.7492300785786883,0.748632439585261,0.7480380511844197,0.7507902359754217
electricity-normalized,nswdemand,45312.0,0.3505,0.1701,0.0,1.0,0.4263,0.4444,0.1636,-0.0985,-0.4075,0.1103,0.2267,0.3041,0.6717,0.2237,0.5034,0.3256,0.6629,8.283,0.0,KNN,0.7764072997117765,0.7755509567673494,0.776220030112113,0.7758634319071368,0.7762916862928355,0.7756001079413011,0.775154344645709,0.7731185031184955,0.77574932610605
electricity-normalized,nswdemand,45312.0,0.3505,0.1701,0.0,1.0,0.4263,0.4444,0.1636,-0.0985,-0.4075,0.1103,0.2267,0.3041,0.6717,0.2237,0.5034,0.3256,0.6629,8.283,0.0,RandomForest,0.7984589052950624,0.7952179747890089,0.7971142797982741,0.7967118310691046,0.7976242188646595,0.7969187322919886,0.7956866984381332,0.7950961679524778,0.7969063395144562
electricity-normalized,nswdemand,45312.0,0.3505,0.1701,0.0,1.0,0.4263,0.4444,0.1636,-0.0985,-0.4075,0.1103,0.2267,0.3041,0.6717,0.2237,0.5034,0.3256,0.6629,8.283,0.0,AdaBoost,0.7582867373952376,0.7590143463132899,0.7593408954265252,0.7598069948441855,0.7595435448249666,0.7597669936669985,0.7584363970323638,0.7584979401642087,0.7594681191343472
electricity-normalized,nswdemand,45312.0,0.3505,0.1701,0.0,1.0,0.4263,0.4444,0.1636,-0.0985,-0.4075,0.1103,0.2267,0.3041,0.6717,0.2237,0.5034,0.3256,0.6629,8.283,0.0,SVC,0.7575836753157003,0.7587748092666483,0.7628356781047606,0.7615448985265507,0.7569871940075021,0.7554958403151639,0.7441779263600635,0.7468508695019129,0.7591188025462912
electricity-normalized,nswdemand,45312.0,0.3008,0.1586,0.0,0.9808,0.4261,0.445,0.1632,-0.096,-0.4112,0.1103,0.2273,0.3073,0.6686,0.2255,0.5005,0.3284,0.6604,8.2858,0.0,DecisionTree,0.7755633579277939,0.776787050667371,0.7772317689775938,0.7756782682684542,0.7747828606397592,0.775694899911137,0.7752840120797434,0.7741357697658169,0.7743294288707635
electricity-normalized,nswdemand,45312.0,0.3008,0.1586,0.0,0.9808,0.4261,0.445,0.1632,-0.096,-0.4112,0.1103,0.2273,0.3073,0.6686,0.2255,0.5005,0.3284,0.6604,8.2858,0.0,LogisticRegression,0.7489148447813372,0.7524393101675222,0.753703073158781,0.7535108176745343,0.7525086031244944,0.7505420303978678,0.7504827618229422,0.7497681291065867,0.753211166328114
electricity-normalized,nswdemand,45312.0,0.3008,0.1586,0.0,0.9808,0.4261,0.445,0.1632,-0.096,-0.4112,0.1103,0.2273,0.3073,0.6686,0.2255,0.5005,0.3284,0.6604,8.2858,0.0,KNN,0.7751000704843428,0.7742516234811325,0.7769928814393035,0.7757964789061254,0.7769130842073773,0.7759336720775788,0.775581893491206,0.7727582489461008,0.7754743479623994
electricity-normalized,nswdemand,45312.0,0.3008,0.1586,0.0,0.9808,0.4261,0.445,0.1632,-0.096,-0.4112,0.1103,0.2273,0.3073,0.6686,0.2255,0.5005,0.3284,0.6604,8.2858,0.0,RandomForest,0.799552477733926,0.7985851132207447,0.7991330722603145,0.7988331151579939,0.7983111281017516,0.799734426087724,0.79690756590456,0.7992669440553165,0.7980972593568681
electricity-normalized,nswdemand,45312.0,0.3008,0.1586,0.0,0.9808,0.4261,0.445,0.1632,-0.096,-0.4112,0.1103,0.2273,0.3073,0.6686,0.2255,0.5005,0.3284,0.6604,8.2858,0.0,AdaBoost,0.7584675407993491,0.7598292350026047,0.7604987402598908,0.760433128718415,0.7603958907897028,0.7594992103216309,0.7592544223620171,0.7586570647454505,0.7595842641110115
electricity-normalized,nswdemand,45312.0,0.3008,0.1586,0.0,0.9808,0.4261,0.445,0.1632,-0.096,-0.4112,0.1103,0.2273,0.3073,0.6686,0.2255,0.5005,0.3284,0.6604,8.2858,0.0,SVC,0.754502490310329,0.7579507919820345,0.7596124373591708,0.7557537350563794,0.7570904470235926,0.7550941105214176,0.7569360992252367,0.7601869747760593,0.7533679960986973
electricity-normalized,nswdemand,45312.0,0.2529,0.1502,0.0,1.0,0.4256,0.4443,0.163,-0.102,-0.4147,0.1107,0.2273,0.3099,0.6668,0.2247,0.4997,0.3273,0.6596,8.2916,0.0,DecisionTree,0.774442455236765,0.7751777357053806,0.7754074169084842,0.7764488160164866,0.7752517795228098,0.774913781582221,0.7736330341483917,0.773198907682031,0.7754423884252286
electricity-normalized,nswdemand,45312.0,0.2529,0.1502,0.0,1.0,0.4256,0.4443,0.163,-0.102,-0.4147,0.1107,0.2273,0.3099,0.6668,0.2247,0.4997,0.3273,0.6596,8.2916,0.0,LogisticRegression,0.750151475637028,0.751825909533993,0.7515497223374232,0.7516208862823894,0.7514109640057313,0.750876510335558,0.7508606608009312,0.7501717157703408,0.7521441275226908
electricity-normalized,nswdemand,45312.0,0.2529,0.1502,0.0,1.0,0.4256,0.4443,0.163,-0.102,-0.4147,0.1107,0.2273,0.3099,0.6668,0.2247,0.4997,0.3273,0.6596,8.2916,0.0,KNN,0.7784480155520108,0.7786158022340031,0.7794036145513286,0.7775653310594315,0.7772836317382794,0.7779783805482198,0.7779049282657526,0.7776652770933781,0.7781358315341973
electricity-normalized,nswdemand,45312.0,0.2529,0.1502,0.0,1.0,0.4256,0.4443,0.163,-0.102,-0.4147,0.1107,0.2273,0.3099,0.6668,0.2247,0.4997,0.3273,0.6596,8.2916,0.0,RandomForest,0.8007743625163198,0.7996741143109449,0.8018214136782078,0.8007098485283892,0.8017801280761454,0.800829241713659,0.7994699156927642,0.7984846038250125,0.8012647581749619
electricity-normalized,nswdemand,45312.0,0.2529,0.1502,0.0,1.0,0.4256,0.4443,0.163,-0.102,-0.4147,0.1107,0.2273,0.3099,0.6668,0.2247,0.4997,0.3273,0.6596,8.2916,0.0,AdaBoost,0.7594023705948085,0.759269143714851,0.7593021705753811,0.759421683056014,0.7600837494455963,0.7605002935056124,0.7596776012899654,0.7597161508347683,0.7600377121178138
electricity-normalized,nswdemand,45312.0,0.2529,0.1502,0.0,1.0,0.4256,0.4443,0.163,-0.102,-0.4147,0.1107,0.2273,0.3099,0.6668,0.2247,0.4997,0.3273,0.6596,8.2916,0.0,SVC,0.7592202919517799,0.7553802485230185,0.7525768250578344,0.762078085539655,0.7603302666549104,0.7532638116678402,0.7615328314388274,0.7616858125543524,0.7589462347306194
electricity-normalized,nswdemand,45312.0,0.1974,0.1412,0.0,1.0,0.425,0.4437,0.1635,-0.0932,-0.4126,0.1109,0.2276,0.3077,0.6692,0.2266,0.5016,0.3296,0.6615,8.2995,0.0,DecisionTree,0.7782362881716172,0.7783304804735804,0.7793853381669913,0.7779958556032033,0.779202173107125,0.7780606805849843,0.7780616721889598,0.7766452068392965,0.779111450992745
electricity-normalized,nswdemand,45312.0,0.1974,0.1412,0.0,1.0,0.425,0.4437,0.1635,-0.0932,-0.4126,0.1109,0.2276,0.3077,0.6692,0.2266,0.5016,0.3296,0.6615,8.2995,0.0,LogisticRegression,0.7515097035688278,0.7524964698100202,0.7538130134709758,0.7539813282321669,0.7533391522873847,0.7527550810972488,0.7517438973480153,0.7511562499837763,0.7538804403349346
electricity-normalized,nswdemand,45312.0,0.1974,0.1412,0.0,1.0,0.425,0.4437,0.1635,-0.0932,-0.4126,0.1109,0.2276,0.3077,0.6692,0.2266,0.5016,0.3296,0.6615,8.2995,0.0,KNN,0.7767338004407751,0.7775628563761445,0.7791568425623239,0.7784449084885123,0.7786124710194369,0.7790602597249149,0.7769634980821706,0.7765829869659603,0.7796728920867954
electricity-normalized,nswdemand,45312.0,0.1974,0.1412,0.0,1.0,0.425,0.4437,0.1635,-0.0932,-0.4126,0.1109,0.2276,0.3077,0.6692,0.2266,0.5016,0.3296,0.6615,8.2995,0.0,RandomForest,0.8048078617994706,0.8025439242122976,0.8033762295478387,0.8028433973642267,0.8034647596173847,0.8027382047068141,0.8031951158829805,0.8012512112472749,0.8035837832762711
electricity-normalized,nswdemand,45312.0,0.1974,0.1412,0.0,1.0,0.425,0.4437,0.1635,-0.0932,-0.4126,0.1109,0.2276,0.3077,0.6692,0.2266,0.5016,0.3296,0.6615,8.2995,0.0,AdaBoost,0.7595427486838289,0.7614688114113335,0.7606224072833778,0.7608319002034452,0.76093242847519,0.7607128856982003,0.7590924671733262,0.7598232024278544,0.7603777456831848
electricity-normalized,nswdemand,45312.0,0.1974,0.1412,0.0,1.0,0.425,0.4437,0.1635,-0.0932,-0.4126,0.1109,0.2276,0.3077,0.6692,0.2266,0.5016,0.3296,0.6615,8.2995,0.0,SVC,0.7600598232828839,0.7594198513951782,0.7613746920782387,0.759228257446678,0.7659250084791874,0.751326623124787,0.7566893396863175,0.7620006679631105,0.7644513796633728
electricity-normalized,nswdemand,45312.0,0.1512,0.1341,0.0,1.0,0.4252,0.4433,0.1632,-0.0975,-0.4142,0.1107,0.227,0.3042,0.6683,0.2258,0.5017,0.3287,0.6618,8.3025,0.0,DecisionTree,0.7773138009370885,0.7756580012039045,0.7774829563576011,0.7773837306817214,0.7759114491227538,0.7756987736503007,0.7777855621394008,0.7765073240542159,0.7739737300031203
electricity-normalized,nswdemand,45312.0,0.1512,0.1341,0.0,1.0,0.4252,0.4433,0.1632,-0.0975,-0.4142,0.1107,0.227,0.3042,0.6683,0.2258,0.5017,0.3287,0.6618,8.3025,0.0,LogisticRegression,0.7510370616031079,0.7532043318243244,0.7532159185669396,0.7534634449761924,0.7529526575410368,0.751982957977188,0.75155271506844,0.7510628793524315,0.753035270428927
electricity-normalized,nswdemand,45312.0,0.1512,0.1341,0.0,1.0,0.4252,0.4433,0.1632,-0.0975,-0.4142,0.1107,0.227,0.3042,0.6683,0.2258,0.5017,0.3287,0.6618,8.3025,0.0,KNN,0.7796306899648637,0.7805930901617754,0.7806932388534704,0.7799910654815737,0.7809917361782156,0.779987518315759,0.7809359817761339,0.7787195049363509,0.7802069265848783
electricity-normalized,nswdemand,45312.0,0.1512,0.1341,0.0,1.0,0.4252,0.4433,0.1632,-0.0975,-0.4142,0.1107,0.227,0.3042,0.6683,0.2258,0.5017,0.3287,0.6618,8.3025,0.0,RandomForest,0.8054250137866471,0.8022485754973253,0.8035363538927172,0.8035055765372726,0.8035864456176115,0.8036993927357436,0.8024009179223539,0.8022353830235588,0.8032321695662487
electricity-normalized,nswdemand,45312.0,0.1512,0.1341,0.0,1.0,0.4252,0.4433,0.1632,-0.0975,-0.4142,0.1107,0.227,0.3042,0.6683,0.2258,0.5017,0.3287,0.6618,8.3025,0.0,AdaBoost,0.7598390349865632,0.7618466277435346,0.7616187200128218,0.7614769756063756,0.7619644531286771,0.7610988582376778,0.7604264647439376,0.7602078770416631,0.7616712965981882
electricity-normalized,nswdemand,45312.0,0.1512,0.1341,0.0,1.0,0.4252,0.4433,0.1632,-0.0975,-0.4142,0.1107,0.227,0.3042,0.6683,0.2258,0.5017,0.3287,0.6618,8.3025,0.0,SVC,0.7572101708283973,0.7592218075224021,0.7642598138777927,0.7576529007912226,0.7622016033747703,0.7624682259050833,0.7609958997651145,0.7629425863618335,0.7558167693713272
electricity-normalized,nswdemand,45312.0,0.0992,0.1273,0.0012,1.0,0.4256,0.4438,0.1631,-0.0993,-0.4068,0.1103,0.2267,0.3059,0.6671,0.2247,0.5005,0.3272,0.6606,8.3065,0.0,DecisionTree,0.7777668538797942,0.7796873059147016,0.7775380713423055,0.778122562144015,0.7786612035233574,0.778549263693034,0.7781334827621786,0.777813200728472,0.7786828889949022
electricity-normalized,nswdemand,45312.0,0.0992,0.1273,0.0012,1.0,0.4256,0.4438,0.1631,-0.0993,-0.4068,0.1103,0.2267,0.3059,0.6671,0.2247,0.5005,0.3272,0.6606,8.3065,0.0,LogisticRegression,0.7527726962655255,0.7539835344785673,0.7536157725122687,0.7537791022004147,0.7533692892846291,0.7530580284424973,0.7529802259428219,0.7528044682220691,0.7538880631474173
electricity-normalized,nswdemand,45312.0,0.0992,0.1273,0.0012,1.0,0.4256,0.4438,0.1631,-0.0993,-0.4068,0.1103,0.2267,0.3059,0.6671,0.2247,0.5005,0.3272,0.6606,8.3065,0.0,KNN,0.7817297222787979,0.7826284152572734,0.7834013700521729,0.7819626699503202,0.7808740697107273,0.7821464161971715,0.781653656926414,0.7816185903174693,0.7829758625552956
electricity-normalized,nswdemand,45312.0,0.0992,0.1273,0.0012,1.0,0.4256,0.4438,0.1631,-0.0993,-0.4068,0.1103,0.2267,0.3059,0.6671,0.2247,0.5005,0.3272,0.6606,8.3065,0.0,RandomForest,0.8060136892090602,0.8044784214934555,0.8067542118053722,0.8065622380901857,0.8066430295181719,0.8047293016580965,0.8056049220558693,0.8048969038292588,0.8075037443112968
electricity-normalized,nswdemand,45312.0,0.0992,0.1273,0.0012,1.0,0.4256,0.4438,0.1631,-0.0993,-0.4068,0.1103,0.2267,0.3059,0.6671,0.2247,0.5005,0.3272,0.6606,8.3065,0.0,AdaBoost,0.7599857201163709,0.7613395352879159,0.7607918750195635,0.7615036657521645,0.7621068520718902,0.761325977640769,0.7606538598985666,0.7605093841282334,0.7612313942935943
electricity-normalized,nswdemand,45312.0,0.0992,0.1273,0.0012,1.0,0.4256,0.4438,0.1631,-0.0993,-0.4068,0.1103,0.2267,0.3059,0.6671,0.2247,0.5005,0.3272,0.6606,8.3065,0.0,SVC,0.7549222180421695,0.7569472446514356,0.7656801543611121,0.7520079320878429,0.7645154511863073,0.7645121508377615,0.7612037080367812,0.7611050350426842,0.7597358397353734
electricity-normalized,nswdemand,45312.0,0.0498,0.1217,0.0,1.0,0.4253,0.4438,0.1634,-0.0992,-0.4136,0.1107,0.2275,0.3039,0.668,0.2252,0.5012,0.3278,0.661,8.3131,0.0,DecisionTree,0.7789399020276555,0.779304606141592,0.7794705150400694,0.779962414297075,0.7799342727045457,0.7799080118321473,0.7794006189584088,0.7773379385805024,0.7791458664372062
electricity-normalized,nswdemand,45312.0,0.0498,0.1217,0.0,1.0,0.4253,0.4438,0.1634,-0.0992,-0.4136,0.1107,0.2275,0.3039,0.668,0.2252,0.5012,0.3278,0.661,8.3131,0.0,LogisticRegression,0.7534117677062399,0.7532454257190229,0.75418098350389,0.7540077698358632,0.7538578754657558,0.7532967575450261,0.7533313521585691,0.753359507531906,0.7539945122970687
electricity-normalized,nswdemand,45312.0,0.0498,0.1217,0.0,1.0,0.4253,0.4438,0.1634,-0.0992,-0.4136,0.1107,0.2275,0.3039,0.668,0.2252,0.5012,0.3278,0.661,8.3131,0.0,KNN,0.7844692368189949,0.7846803830100086,0.7855495059208422,0.785626068868765,0.7853594092111387,0.7848458994938554,0.7852226764607256,0.785195968889032,0.7854877331683373
electricity-normalized,nswdemand,45312.0,0.0498,0.1217,0.0,1.0,0.4253,0.4438,0.1634,-0.0992,-0.4136,0.1107,0.2275,0.3039,0.668,0.2252,0.5012,0.3278,0.661,8.3131,0.0,RandomForest,0.8087639581114375,0.8085491431497244,0.8096776488594104,0.8092810005165336,0.8103402216507501,0.8089923563123822,0.8087244998398889,0.806980930100276,0.808016496550517
electricity-normalized,nswdemand,45312.0,0.0498,0.1217,0.0,1.0,0.4253,0.4438,0.1634,-0.0992,-0.4136,0.1107,0.2275,0.3039,0.668,0.2252,0.5012,0.3278,0.661,8.3131,0.0,AdaBoost,0.7617927735916651,0.7622059820853624,0.7619507249879516,0.7617854981802539,0.7623061167358808,0.7626506065775867,0.7623309535602818,0.7620979565096251,0.7623004518959636
electricity-normalized,nswdemand,45312.0,0.0498,0.1217,0.0,1.0,0.4253,0.4438,0.1634,-0.0992,-0.4136,0.1107,0.2275,0.3039,0.668,0.2252,0.5012,0.3278,0.661,8.3131,0.0,SVC,0.7606652043296178,0.7614834726137114,0.7650938177501458,0.760616447485422,0.7637505446485222,0.7648175799666173,0.7577148952501116,0.7639932015116221,0.7541725613010423
electricity-normalized,vicdemand,45312.0,0.4987,0.1141,0.0,0.9912,0.4227,0.4229,0.121,0.1446,0.8831,0.049,0.0976,0.3054,0.6693,0.2751,0.5026,0.3794,0.6625,5.3762,0.0,DecisionTree,0.770418391165654,0.7693108644925736,0.7694410258556797,0.7695669667501805,0.7692213159493623,0.7685139480059149,0.7694046503619738,0.7693670525708022,0.7689672127759474
electricity-normalized,vicdemand,45312.0,0.4987,0.1141,0.0,0.9912,0.4227,0.4229,0.121,0.1446,0.8831,0.049,0.0976,0.3054,0.6693,0.2751,0.5026,0.3794,0.6625,5.3762,0.0,LogisticRegression,0.7545585353679303,0.7546046875538149,0.753581207998596,0.7538169776338723,0.7535151956197017,0.7546767912819267,0.7545008325252063,0.7547171154162743,0.753666847728566
electricity-normalized,vicdemand,45312.0,0.4987,0.1141,0.0,0.9912,0.4227,0.4229,0.121,0.1446,0.8831,0.049,0.0976,0.3054,0.6693,0.2751,0.5026,0.3794,0.6625,5.3762,0.0,KNN,0.7673680071319108,0.7701532025193811,0.7677117349892105,0.770070363796739,0.7674677477285943,0.7685684706583051,0.7691432815100059,0.763116669887947,0.7697933819496431
electricity-normalized,vicdemand,45312.0,0.4987,0.1141,0.0,0.9912,0.4227,0.4229,0.121,0.1446,0.8831,0.049,0.0976,0.3054,0.6693,0.2751,0.5026,0.3794,0.6625,5.3762,0.0,RandomForest,0.7895928893216564,0.7851670267047022,0.7854904754733261,0.7855699700349227,0.7849088769059803,0.7831890938963528,0.7858697676263464,0.7875528533656453,0.7854136167252493
electricity-normalized,vicdemand,45312.0,0.4987,0.1141,0.0,0.9912,0.4227,0.4229,0.121,0.1446,0.8831,0.049,0.0976,0.3054,0.6693,0.2751,0.5026,0.3794,0.6625,5.3762,0.0,AdaBoost,0.756737621158122,0.7564615409728507,0.7569627238837646,0.7567380049261071,0.7561474071020599,0.7564619462692638,0.7574929539574162,0.7564077565107659,0.7566188601938268
electricity-normalized,vicdemand,45312.0,0.4987,0.1141,0.0,0.9912,0.4227,0.4229,0.121,0.1446,0.8831,0.049,0.0976,0.3054,0.6693,0.2751,0.5026,0.3794,0.6625,5.3762,0.0,SVC,0.7574560864132256,0.7506394254503201,0.7580399460048235,0.758221051067447,0.7575433739181167,0.7551908449685173,0.7540470316395617,0.7478311380598992,0.7566359789479229
electricity-normalized,vicdemand,45312.0,0.4499,0.1067,0.0,0.9969,0.4234,0.4229,0.1219,0.1509,0.8729,0.049,0.0979,0.3015,0.6751,0.273,0.5057,0.377,0.6659,5.4158,0.0,DecisionTree,0.771472443884123,0.7711991008049418,0.7715926059147002,0.7724032376535886,0.7711136977229409,0.771111839361007,0.7716114527493867,0.7709893326641961,0.7718435863214643
electricity-normalized,vicdemand,45312.0,0.4499,0.1067,0.0,0.9969,0.4234,0.4229,0.1219,0.1509,0.8729,0.049,0.0979,0.3015,0.6751,0.273,0.5057,0.377,0.6659,5.4158,0.0,LogisticRegression,0.7546456760945632,0.7546663097430333,0.7534291576961403,0.7537248971517831,0.7537828924892,0.7544901109505875,0.7544753891382092,0.7545192417609531,0.7532952614943038
electricity-normalized,vicdemand,45312.0,0.4499,0.1067,0.0,0.9969,0.4234,0.4229,0.1219,0.1509,0.8729,0.049,0.0979,0.3015,0.6751,0.273,0.5057,0.377,0.6659,5.4158,0.0,KNN,0.7703837861978265,0.771585371018126,0.770424979404433,0.7714444073182375,0.7721255670352969,0.7693326724702383,0.7715783557425356,0.7657190367815215,0.7712997631222314
electricity-normalized,vicdemand,45312.0,0.4499,0.1067,0.0,0.9969,0.4234,0.4229,0.1219,0.1509,0.8729,0.049,0.0979,0.3015,0.6751,0.273,0.5057,0.377,0.6659,5.4158,0.0,RandomForest,0.7936132764259838,0.7879339576498379,0.789262891614728,0.7877224038700036,0.7903599982598903,0.7868492342003929,0.7909919427429388,0.7875039984989438,0.787323842161956
electricity-normalized,vicdemand,45312.0,0.4499,0.1067,0.0,0.9969,0.4234,0.4229,0.1219,0.1509,0.8729,0.049,0.0979,0.3015,0.6751,0.273,0.5057,0.377,0.6659,5.4158,0.0,AdaBoost,0.7573959789069094,0.7549693710500402,0.7555394414996606,0.7561999399161194,0.7565642101592577,0.7549049619923922,0.7573668666776816,0.756060689292648,0.7561789587621959
electricity-normalized,vicdemand,45312.0,0.4499,0.1067,0.0,0.9969,0.4234,0.4229,0.1219,0.1509,0.8729,0.049,0.0979,0.3015,0.6751,0.273,0.5057,0.377,0.6659,5.4158,0.0,SVC,0.7540978153839883,0.7543949148711255,0.7604537055776059,0.7606231182397389,0.7614538795574343,0.7598261372745998,0.7594806159899545,0.7522232714315873,0.7591113008373903
electricity-normalized,vicdemand,45312.0,0.4014,0.0987,0.0,0.9837,0.422,0.4229,0.1209,0.1463,0.86,0.0494,0.0981,0.3061,0.6704,0.2779,0.5015,0.3827,0.661,5.404,0.0,DecisionTree,0.77223975825367,0.7725283801836438,0.7714193924428113,0.7733022895831334,0.7740037579696633,0.7704575028823957,0.7699222218073946,0.7695583556510119,0.7728543356157032
electricity-normalized,vicdemand,45312.0,0.4014,0.0987,0.0,0.9837,0.422,0.4229,0.1209,0.1463,0.86,0.0494,0.0981,0.3061,0.6704,0.2779,0.5015,0.3827,0.661,5.404,0.0,LogisticRegression,0.7547344342456515,0.7545642971830195,0.753800785249019,0.7538233189892892,0.7536931000768294,0.754449335570008,0.7544808405143804,0.7547490570383603,0.7536333627768367
electricity-normalized,vicdemand,45312.0,0.4014,0.0987,0.0,0.9837,0.422,0.4229,0.1209,0.1463,0.86,0.0494,0.0981,0.3061,0.6704,0.2779,0.5015,0.3827,0.661,5.404,0.0,KNN,0.7699767439670906,0.769978872835813,0.7715570705048681,0.7706716522696778,0.7696059740887261,0.7683560179397491,0.7696462926209986,0.7666877141835057,0.7699097157768027
electricity-normalized,vicdemand,45312.0,0.4014,0.0987,0.0,0.9837,0.422,0.4229,0.1209,0.1463,0.86,0.0494,0.0981,0.3061,0.6704,0.2779,0.5015,0.3827,0.661,5.404,0.0,RandomForest,0.7919375724195875,0.7876480733802139,0.7919622004104254,0.7886647862970974,0.7883424174112522,0.7859274199228834,0.7879197015659795,0.7873930657838415,0.7879511704735367
electricity-normalized,vicdemand,45312.0,0.4014,0.0987,0.0,0.9837,0.422,0.4229,0.1209,0.1463,0.86,0.0494,0.0981,0.3061,0.6704,0.2779,0.5015,0.3827,0.661,5.404,0.0,AdaBoost,0.7584425669030228,0.758319659395877,0.7574771538929297,0.7585570697102059,0.757677296613057,0.7564632786304994,0.7585955775082195,0.7596556610769745,0.7574805867157253
electricity-normalized,vicdemand,45312.0,0.4014,0.0987,0.0,0.9837,0.422,0.4229,0.1209,0.1463,0.86,0.0494,0.0981,0.3061,0.6704,0.2779,0.5015,0.3827,0.661,5.404,0.0,SVC,0.7492063994703753,0.751827366023377,0.7572282674354804,0.762491217197447,0.7591259074169493,0.7597542613576188,0.7544660963839618,0.7528875823652694,0.7617477201326011
electricity-normalized,vicdemand,45312.0,0.3489,0.0911,0.0,0.9912,0.4232,0.4229,0.1209,0.1623,0.9043,0.0484,0.0966,0.3068,0.6692,0.2712,0.5017,0.3743,0.6615,5.3914,0.0,DecisionTree,0.7732682695999755,0.7741499105715031,0.7737786392908659,0.7743870524665958,0.7751477570015066,0.7747165266022578,0.7742066824176465,0.7697261773029195,0.7751015623621046
electricity-normalized,vicdemand,45312.0,0.3489,0.0911,0.0,0.9912,0.4232,0.4229,0.1209,0.1623,0.9043,0.0484,0.0966,0.3068,0.6692,0.2712,0.5017,0.3743,0.6615,5.3914,0.0,LogisticRegression,0.7547228079619835,0.754455350681267,0.7539876950480857,0.7542235887517414,0.7542467315853782,0.7546076463673006,0.7546651801731741,0.7547833588560369,0.7541598272704952
electricity-normalized,vicdemand,45312.0,0.3489,0.0911,0.0,0.9912,0.4232,0.4229,0.1209,0.1623,0.9043,0.0484,0.0966,0.3068,0.6692,0.2712,0.5017,0.3743,0.6615,5.3914,0.0,KNN,0.7718282260942342,0.7726360773865778,0.7733335878671042,0.7735879214884559,0.7726589343567276,0.7716039661158101,0.7723455410241464,0.7689978879167768,0.7728172911656962
electricity-normalized,vicdemand,45312.0,0.3489,0.0911,0.0,0.9912,0.4232,0.4229,0.1209,0.1623,0.9043,0.0484,0.0966,0.3068,0.6692,0.2712,0.5017,0.3743,0.6615,5.3914,0.0,RandomForest,0.7983556599170565,0.7944338572945001,0.7952102147659226,0.7934611754055743,0.7934147037733562,0.7937839560262228,0.795729203397538,0.7928269554668966,0.7924540507811944
electricity-normalized,vicdemand,45312.0,0.3489,0.0911,0.0,0.9912,0.4232,0.4229,0.1209,0.1623,0.9043,0.0484,0.0966,0.3068,0.6692,0.2712,0.5017,0.3743,0.6615,5.3914,0.0,AdaBoost,0.7575317236607797,0.7568342931324934,0.758381530228174,0.7578492773380667,0.7573924758635715,0.7570037284317834,0.757509228857987,0.7579568470482032,0.7571259871861544
electricity-normalized,vicdemand,45312.0,0.3489,0.0911,0.0,0.9912,0.4232,0.4229,0.1209,0.1623,0.9043,0.0484,0.0966,0.3068,0.6692,0.2712,0.5017,0.3743,0.6615,5.3914,0.0,SVC,0.7581242394195439,0.7599910731692865,0.7622620350071824,0.7584759594701087,0.7612893679255653,0.7542597990083908,0.7603223295613282,0.7524079735801525,0.7555149414615181
electricity-normalized,vicdemand,45312.0,0.2986,0.086,0.0,0.9912,0.4232,0.4229,0.1207,0.1705,0.939,0.0481,0.0961,0.3082,0.6655,0.2721,0.4988,0.3745,0.6584,5.4005,0.0,DecisionTree,0.7724208724663465,0.7722372085302263,0.7745755664578546,0.774028485763695,0.7725189301886958,0.7742515563579455,0.7720136325949217,0.7716140819737433,0.7729576805848516
electricity-normalized,vicdemand,45312.0,0.2986,0.086,0.0,0.9912,0.4232,0.4229,0.1207,0.1705,0.939,0.0481,0.0961,0.3082,0.6655,0.2721,0.4988,0.3745,0.6584,5.4005,0.0,LogisticRegression,0.7542217244485778,0.754559073686552,0.754112356464504,0.7542676099908152,0.7540718110413548,0.7546566328699789,0.7543050389355546,0.7542043863349355,0.7542473734334484
electricity-normalized,vicdemand,45312.0,0.2986,0.086,0.0,0.9912,0.4232,0.4229,0.1207,0.1705,0.939,0.0481,0.0961,0.3082,0.6655,0.2721,0.4988,0.3745,0.6584,5.4005,0.0,KNN,0.7745048140750169,0.7756181582835424,0.7770591423559051,0.7757076173373002,0.7775503871291884,0.7753473611640563,0.776494768872177,0.7717405464763125,0.7760017782843918
electricity-normalized,vicdemand,45312.0,0.2986,0.086,0.0,0.9912,0.4232,0.4229,0.1207,0.1705,0.939,0.0481,0.0961,0.3082,0.6655,0.2721,0.4988,0.3745,0.6584,5.4005,0.0,RandomForest,0.7992107389306202,0.7963213997182833,0.797481697497639,0.7973243787220332,0.7966338198985582,0.7952098870951818,0.7960957042243326,0.7937912092232555,0.7962326751837827
electricity-normalized,vicdemand,45312.0,0.2986,0.086,0.0,0.9912,0.4232,0.4229,0.1207,0.1705,0.939,0.0481,0.0961,0.3082,0.6655,0.2721,0.4988,0.3745,0.6584,5.4005,0.0,AdaBoost,0.7594933831517474,0.7569915029562471,0.7573631248658339,0.7587139965557357,0.7579273422382575,0.7568079229250007,0.7599090642040693,0.7582258590634116,0.7576509475762727
electricity-normalized,vicdemand,45312.0,0.2986,0.086,0.0,0.9912,0.4232,0.4229,0.1207,0.1705,0.939,0.0481,0.0961,0.3082,0.6655,0.2721,0.4988,0.3745,0.6584,5.4005,0.0,SVC,0.7590645441696013,0.7547120812142956,0.7602490735724328,0.7614225947110458,0.7614265512768905,0.7620507955101206,0.7556299291230334,0.7535382439488236,0.7575292455236569
electricity-normalized,vicdemand,45312.0,0.2505,0.0815,0.0,1.0,0.4227,0.4229,0.121,0.1678,0.931,0.0489,0.0976,0.3113,0.6688,0.2749,0.5021,0.3789,0.6618,5.4009,0.0,DecisionTree,0.7761063769946775,0.7760610089500013,0.7751059912697681,0.7743591741066127,0.7769412295107603,0.7743895841630326,0.7766079623865578,0.7752749266007297,0.7758119972260036
electricity-normalized,vicdemand,45312.0,0.2505,0.0815,0.0,1.0,0.4227,0.4229,0.121,0.1678,0.931,0.0489,0.0976,0.3113,0.6688,0.2749,0.5021,0.3789,0.6618,5.4009,0.0,LogisticRegression,0.7543861528983988,0.754477877068088,0.7541982446387286,0.7542388244338151,0.7540456334976169,0.7545499169979146,0.7544263203152896,0.7540317074633066,0.7541607490471629
electricity-normalized,vicdemand,45312.0,0.2505,0.0815,0.0,1.0,0.4227,0.4229,0.121,0.1678,0.931,0.0489,0.0976,0.3113,0.6688,0.2749,0.5021,0.3789,0.6618,5.4009,0.0,KNN,0.7776488549835434,0.7765617906402801,0.7763254911334928,0.7756006778438524,0.7764556455901259,0.7744901667110746,0.7755821013530486,0.7738737972854068,0.7766893482061328
electricity-normalized,vicdemand,45312.0,0.2505,0.0815,0.0,1.0,0.4227,0.4229,0.121,0.1678,0.931,0.0489,0.0976,0.3113,0.6688,0.2749,0.5021,0.3789,0.6618,5.4009,0.0,RandomForest,0.7990175046019293,0.7967987264228757,0.7978791568358132,0.7962784592793984,0.7969987573147069,0.796532301986709,0.7966757882301622,0.795652799600712,0.7971493386284555
electricity-normalized,vicdemand,45312.0,0.2505,0.0815,0.0,1.0,0.4227,0.4229,0.121,0.1678,0.931,0.0489,0.0976,0.3113,0.6688,0.2749,0.5021,0.3789,0.6618,5.4009,0.0,AdaBoost,0.7585832486230828,0.757989867265261,0.7584403083585882,0.7592172387999458,0.758155007595168,0.7579024117393534,0.7591264256375435,0.7578201170302945,0.7586230107363789
electricity-normalized,vicdemand,45312.0,0.2505,0.0815,0.0,1.0,0.4227,0.4229,0.121,0.1678,0.931,0.0489,0.0976,0.3113,0.6688,0.2749,0.5021,0.3789,0.6618,5.4009,0.0,SVC,0.7577267064567402,0.7569070879322345,0.7634537865080151,0.7567681435146925,0.7593877632892618,0.7616451138718353,0.7631333074028095,0.7594626996766782,0.7621133371151272
electricity-normalized,vicdemand,45312.0,0.198,0.076,0.0,1.0,0.4226,0.4229,0.1209,0.1515,0.8797,0.0484,0.0968,0.3106,0.6679,0.2769,0.5007,0.3814,0.6604,5.4061,0.0,DecisionTree,0.7779828709484888,0.7786570909673338,0.7754667655612433,0.7763846745332624,0.7782147090507889,0.7769862998837697,0.775500648102342,0.7751642221322611,0.7755927537610934
electricity-normalized,vicdemand,45312.0,0.198,0.076,0.0,1.0,0.4226,0.4229,0.1209,0.1515,0.8797,0.0484,0.0968,0.3106,0.6679,0.2769,0.5007,0.3814,0.6604,5.4061,0.0,LogisticRegression,0.7544405413196156,0.75476647829236,0.7539329758605927,0.7540255755383403,0.7541208411415321,0.7545555176211418,0.7544749120021879,0.7544228523079207,0.7540629405345174
electricity-normalized,vicdemand,45312.0,0.198,0.076,0.0,1.0,0.4226,0.4229,0.1209,0.1515,0.8797,0.0484,0.0968,0.3106,0.6679,0.2769,0.5007,0.3814,0.6604,5.4061,0.0,KNN,0.7789401322760122,0.7804043693913869,0.7792833345534899,0.7776514086343113,0.7785933425733469,0.7774163689506299,0.7786616230992702,0.7765436568958373,0.7781770782956381
electricity-normalized,vicdemand,45312.0,0.198,0.076,0.0,1.0,0.4226,0.4229,0.1209,0.1515,0.8797,0.0484,0.0968,0.3106,0.6679,0.2769,0.5007,0.3814,0.6604,5.4061,0.0,RandomForest,0.8010664797038882,0.7998845716138956,0.7997828120450827,0.7982930112685791,0.7983237153920605,0.7971913458474207,0.800497148402974,0.7984597107844884,0.7987485348207273
electricity-normalized,vicdemand,45312.0,0.198,0.076,0.0,1.0,0.4226,0.4229,0.1209,0.1515,0.8797,0.0484,0.0968,0.3106,0.6679,0.2769,0.5007,0.3814,0.6604,5.4061,0.0,AdaBoost,0.7600272717219666,0.7600557824396442,0.759200438445216,0.7590670078584068,0.7610591081964959,0.7576509057528845,0.760267208920443,0.7602477984011837,0.760136651501907
electricity-normalized,vicdemand,45312.0,0.198,0.076,0.0,1.0,0.4226,0.4229,0.1209,0.1515,0.8797,0.0484,0.0968,0.3106,0.6679,0.2769,0.5007,0.3814,0.6604,5.4061,0.0,SVC,0.7633771995713817,0.7609001215664202,0.7664702260142009,0.7630915551205316,0.7602594780065484,0.7634117488467976,0.7556332152784265,0.7577270422963857,0.7548862293606755
electricity-normalized,vicdemand,45312.0,0.1531,0.0729,0.0,1.0,0.4229,0.4229,0.1213,0.1677,0.9085,0.0489,0.0974,0.3063,0.6696,0.2732,0.5031,0.3768,0.663,5.41,0.0,DecisionTree,0.777299857006659,0.7786102500031156,0.7767616408175932,0.7771103565048689,0.777538237503576,0.7779217758630205,0.7758131011894489,0.7744016116798583,0.7764615271092493
electricity-normalized,vicdemand,45312.0,0.1531,0.0729,0.0,1.0,0.4229,0.4229,0.1213,0.1677,0.9085,0.0489,0.0974,0.3063,0.6696,0.2732,0.5031,0.3768,0.663,5.41,0.0,LogisticRegression,0.7542215727397414,0.754158169849945,0.7539701500609556,0.7541862100178538,0.753964383834336,0.7542093058313843,0.7541664302962582,0.7542470557937038,0.7541111893617547
electricity-normalized,vicdemand,45312.0,0.1531,0.0729,0.0,1.0,0.4229,0.4229,0.1213,0.1677,0.9085,0.0489,0.0974,0.3063,0.6696,0.2732,0.5031,0.3768,0.663,5.41,0.0,KNN,0.7775616607332276,0.7765109552232736,0.7802305638811224,0.7786120886557968,0.778341547732179,0.7761192054609525,0.777769419443113,0.7752484560927257,0.7782926893167
electricity-normalized,vicdemand,45312.0,0.1531,0.0729,0.0,1.0,0.4229,0.4229,0.1213,0.1677,0.9085,0.0489,0.0974,0.3063,0.6696,0.2732,0.5031,0.3768,0.663,5.41,0.0,RandomForest,0.8017030795538844,0.800236200638466,0.80235039450382,0.7998265510711406,0.8003135900326825,0.7983378604901618,0.7993508821507016,0.8004463717101054,0.800924334379851
electricity-normalized,vicdemand,45312.0,0.1531,0.0729,0.0,1.0,0.4229,0.4229,0.1213,0.1677,0.9085,0.0489,0.0974,0.3063,0.6696,0.2732,0.5031,0.3768,0.663,5.41,0.0,AdaBoost,0.7608139913457745,0.7592606875361523,0.7593562531529203,0.7600935406074498,0.7586543639481622,0.7584525497386136,0.760499497817057,0.7603006133017849,0.7593040037876135
electricity-normalized,vicdemand,45312.0,0.1531,0.0729,0.0,1.0,0.4229,0.4229,0.1213,0.1677,0.9085,0.0489,0.0974,0.3063,0.6696,0.2732,0.5031,0.3768,0.663,5.41,0.0,SVC,0.7620503198443787,0.7623053560426777,0.7551669434745931,0.7519453902716912,0.7611970489012626,0.7608254036895878,0.762533161672367,0.7624184697544568,0.7617299716784687
electricity-normalized,vicdemand,45312.0,0.0973,0.0687,0.0,1.0,0.423,0.4229,0.1207,0.1558,0.9248,0.0482,0.0963,0.306,0.6681,0.2729,0.5013,0.3762,0.661,5.4038,0.0,DecisionTree,0.7793889655269266,0.7794944518680407,0.7795997362485203,0.7787781070849424,0.7794248500334948,0.7777781474722141,0.7781858982154135,0.7749638408011226,0.7789343169513285
electricity-normalized,vicdemand,45312.0,0.0973,0.0687,0.0,1.0,0.423,0.4229,0.1207,0.1558,0.9248,0.0482,0.0963,0.306,0.6681,0.2729,0.5013,0.3762,0.661,5.4038,0.0,LogisticRegression,0.7540801715868896,0.7541118455127414,0.7537655773689602,0.7538029992635111,0.7537654354482228,0.7541319700958466,0.7540339515141636,0.7541492655905178,0.7538173381071044
electricity-normalized,vicdemand,45312.0,0.0973,0.0687,0.0,1.0,0.423,0.4229,0.1207,0.1558,0.9248,0.0482,0.0963,0.306,0.6681,0.2729,0.5013,0.3762,0.661,5.4038,0.0,KNN,0.7818282482995526,0.7816890312537751,0.7813616939870587,0.7810017521440265,0.7817397336760665,0.7817473455465548,0.7825468439988008,0.7820256952518091,0.7823170898907459
electricity-normalized,vicdemand,45312.0,0.0973,0.0687,0.0,1.0,0.423,0.4229,0.1207,0.1558,0.9248,0.0482,0.0963,0.306,0.6681,0.2729,0.5013,0.3762,0.661,5.4038,0.0,RandomForest,0.8055981467268083,0.8054415771577281,0.8048503506537772,0.8050403199323328,0.8047365692927386,0.803899178454913,0.804577802270741,0.8051203218661674,0.8047025404922277
electricity-normalized,vicdemand,45312.0,0.0973,0.0687,0.0,1.0,0.423,0.4229,0.1207,0.1558,0.9248,0.0482,0.0963,0.306,0.6681,0.2729,0.5013,0.3762,0.661,5.4038,0.0,AdaBoost,0.7602472946380286,0.7594007332631899,0.7608927088267551,0.7604895112629897,0.7607304154619304,0.7596101212304878,0.7611024667979496,0.7601476581151722,0.7602985473272308
electricity-normalized,vicdemand,45312.0,0.0973,0.0687,0.0,1.0,0.423,0.4229,0.1207,0.1558,0.9248,0.0482,0.0963,0.306,0.6681,0.2729,0.5013,0.3762,0.661,5.4038,0.0,SVC,0.7642351653938754,0.7575006422754214,0.7625083418729719,0.760663859703807,0.7657636769632454,0.7624189720657744,0.762020283191463,0.7632795564198092,0.756452907348756
electricity-normalized,vicdemand,45312.0,0.0505,0.0656,0.0241,1.0,0.4228,0.4229,0.1208,0.1555,0.8971,0.0485,0.0968,0.3074,0.6687,0.2736,0.502,0.3772,0.662,5.4154,0.0,DecisionTree,0.7797294150668004,0.7822013153820555,0.7806416893275214,0.7811164529745183,0.7803159125141229,0.7807013812981047,0.7819231586244453,0.7783075842213789,0.7813569878082496
electricity-normalized,vicdemand,45312.0,0.0505,0.0656,0.0241,1.0,0.4228,0.4229,0.1208,0.1555,0.8971,0.0485,0.0968,0.3074,0.6687,0.2736,0.502,0.3772,0.662,5.4154,0.0,LogisticRegression,0.7543621013270008,0.7541691306712455,0.7542295338807539,0.7541718288961248,0.7541688712238118,0.7542872862979849,0.7543565406095443,0.7542729814233102,0.7541892853618669
electricity-normalized,vicdemand,45312.0,0.0505,0.0656,0.0241,1.0,0.4228,0.4229,0.1208,0.1555,0.8971,0.0485,0.0968,0.3074,0.6687,0.2736,0.502,0.3772,0.662,5.4154,0.0,KNN,0.7850673152315102,0.7850976978143241,0.7849001154084657,0.7853404911370025,0.785514026658656,0.7852403110225699,0.7849044271835599,0.7841183794622801,0.7851187838260768
electricity-normalized,vicdemand,45312.0,0.0505,0.0656,0.0241,1.0,0.4228,0.4229,0.1208,0.1555,0.8971,0.0485,0.0968,0.3074,0.6687,0.2736,0.502,0.3772,0.662,5.4154,0.0,RandomForest,0.8101738945905702,0.8097120005806667,0.8076012326359556,0.8079033576469342,0.8087542700532324,0.8082636126436279,0.8082463161394251,0.8084020401991927,0.8083267695199792
electricity-normalized,vicdemand,45312.0,0.0505,0.0656,0.0241,1.0,0.4228,0.4229,0.1208,0.1555,0.8971,0.0485,0.0968,0.3074,0.6687,0.2736,0.502,0.3772,0.662,5.4154,0.0,AdaBoost,0.7614477645180454,0.7605272196246124,0.7604877702589408,0.7607760820717859,0.760202174614393,0.7599130606509614,0.7600209496709339,0.7612031939277257,0.7603508348300796
electricity-normalized,vicdemand,45312.0,0.0505,0.0656,0.0241,1.0,0.4228,0.4229,0.1208,0.1555,0.8971,0.0485,0.0968,0.3074,0.6687,0.2736,0.502,0.3772,0.662,5.4154,0.0,SVC,0.7613702534855389,0.7662454966517395,0.7597679870271233,0.7645919630710445,0.760982257930346,0.7634523167317155,0.7661360088805255,0.7600200543337842,0.7603706278756965
german,Age,1000.0,0.497,0.1034,20.0,75.0,35.0875,32.0,11.0908,1.0327,0.6391,7.0,15.0,0.0211,0.1389,0.0288,0.0857,0.042,0.1217,3.608,0.0338,DecisionTree,0.6705152335912682,0.6671775602587207,0.6477041778110115,0.6622851549746112,0.6665970271634656,0.6611628987270879,0.664462032406617,0.6597824425232847,0.6587226158616173
german,Age,1000.0,0.497,0.1034,20.0,75.0,35.0875,32.0,11.0908,1.0327,0.6391,7.0,15.0,0.0211,0.1389,0.0288,0.0857,0.042,0.1217,3.608,0.0338,LogisticRegression,0.6516890622684073,0.6500599906834199,0.6507717945603182,0.6504154821722563,0.6496823024553566,0.649675728935074,0.6474412809358856,0.6493899522477021,0.6511816917608368
german,Age,1000.0,0.497,0.1034,20.0,75.0,35.0875,32.0,11.0908,1.0327,0.6391,7.0,15.0,0.0211,0.1389,0.0288,0.0857,0.042,0.1217,3.608,0.0338,KNN,0.6541408603045491,0.6602273825980193,0.6656084148856211,0.6607124351332032,0.6431081983093113,0.6553669957305107,0.6498885540266709,0.6508563160528189,0.655752597522713
german,Age,1000.0,0.497,0.1034,20.0,75.0,35.0875,32.0,11.0908,1.0327,0.6391,7.0,15.0,0.0211,0.1389,0.0288,0.0857,0.042,0.1217,3.608,0.0338,RandomForest,0.6787034475270713,0.6831526315975185,0.6635301031178724,0.6747468066908087,0.6814804936038071,0.6926978175251706,0.6958595923412046,0.6772987196154672,0.6864310036560067
german,Age,1000.0,0.497,0.1034,20.0,75.0,35.0875,32.0,11.0908,1.0327,0.6391,7.0,15.0,0.0211,0.1389,0.0288,0.0857,0.042,0.1217,3.608,0.0338,AdaBoost,0.6484746738839281,0.6485879023199237,0.6475901434526129,0.6404628232163808,0.6556012825625654,0.6532921757104131,0.6425647661761176,0.645120003571384,0.6476586495753403
german,Age,1000.0,0.497,0.1034,20.0,75.0,35.0875,32.0,11.0908,1.0327,0.6391,7.0,15.0,0.0211,0.1389,0.0288,0.0857,0.042,0.1217,3.608,0.0338,SVC,0.5866071804226658,0.5866071804226658,0.5866071804226658,0.5866071804226658,0.5866071804226658,0.5866071804226658,0.5866071804226658,0.5866071804226658,0.5866071804226658
german,Age,1000.0,0.438,0.0925,19.0,75.0,35.1779,33.0,11.2128,1.0838,0.9021,7.0,14.0,0.0485,0.062,0.0281,0.0427,0.0404,0.063,3.6176,0.0342,DecisionTree,0.6625613738248719,0.6514419478937326,0.660003284661041,0.6656469022063014,0.6539166173181604,0.6685801544586557,0.6542503929978392,0.6550977318247582,0.6696458498290065
german,Age,1000.0,0.438,0.0925,19.0,75.0,35.1779,33.0,11.2128,1.0838,0.9021,7.0,14.0,0.0485,0.062,0.0281,0.0427,0.0404,0.063,3.6176,0.0342,LogisticRegression,0.6478595929109427,0.6480958851310754,0.6464774589020091,0.6491265006000504,0.6451013049898447,0.6450437333474328,0.644844815722302,0.6390238160956818,0.6460897283736343
german,Age,1000.0,0.438,0.0925,19.0,75.0,35.1779,33.0,11.2128,1.0838,0.9021,7.0,14.0,0.0485,0.062,0.0281,0.0427,0.0404,0.063,3.6176,0.0342,KNN,0.6435324471394548,0.6415192953696444,0.665545879330813,0.6523932767928138,0.6613201536683639,0.6464257045190259,0.6455512593203441,0.642580582457279,0.6568603598432836
german,Age,1000.0,0.438,0.0925,19.0,75.0,35.1779,33.0,11.2128,1.0838,0.9021,7.0,14.0,0.0485,0.062,0.0281,0.0427,0.0404,0.063,3.6176,0.0342,RandomForest,0.6783094800119656,0.6735105735717011,0.6703173538332531,0.6732853510271579,0.67552637829945,0.6872075539968019,0.6692172837979079,0.6668676195411343,0.6688888431564426
german,Age,1000.0,0.438,0.0925,19.0,75.0,35.1779,33.0,11.2128,1.0838,0.9021,7.0,14.0,0.0485,0.062,0.0281,0.0427,0.0404,0.063,3.6176,0.0342,AdaBoost,0.6559940630265138,0.658253793070768,0.6463405197348736,0.6424953251896556,0.6545611069187978,0.6530535834305151,0.6569105829490416,0.6638900749612895,0.6545695345239441
german,Age,1000.0,0.438,0.0925,19.0,75.0,35.1779,33.0,11.2128,1.0838,0.9021,7.0,14.0,0.0485,0.062,0.0281,0.0427,0.0404,0.063,3.6176,0.0342,SVC,0.5866071804226658,0.5866071804226658,0.5866071804226658,0.5866071804226658,0.5866071804226658,0.5866071804226658,0.5866071804226658,0.5866071804226658,0.5866071804226658
german,Age,1000.0,0.396,0.0877,19.0,75.0,35.5116,33.0,11.5906,1.115,0.8574,7.0,14.25,0.0247,0.0341,0.0131,0.0209,0.0213,0.0298,3.6353,0.033,DecisionTree,0.6526730752818569,0.669369632935392,0.6518853841045189,0.6501822377854958,0.6525714745447336,0.6487172477159866,0.6469565803727639,0.6601904399383173,0.6635771553169056
german,Age,1000.0,0.396,0.0877,19.0,75.0,35.5116,33.0,11.5906,1.115,0.8574,7.0,14.25,0.0247,0.0341,0.0131,0.0209,0.0213,0.0298,3.6353,0.033,LogisticRegression,0.6406194367280607,0.6457287952240602,0.6380910672861259,0.6394090496176401,0.6401532551413872,0.6408057936603575,0.635693047722521,0.6441317842172916,0.6473326898581191
german,Age,1000.0,0.396,0.0877,19.0,75.0,35.5116,33.0,11.5906,1.115,0.8574,7.0,14.25,0.0247,0.0341,0.0131,0.0209,0.0213,0.0298,3.6353,0.033,KNN,0.6490767965849091,0.6390821688360541,0.6610969660345771,0.6509524156400235,0.6521014215583305,0.6530696751747403,0.6509822316826871,0.6456956173879728,0.6538144989930404
german,Age,1000.0,0.396,0.0877,19.0,75.0,35.5116,33.0,11.5906,1.115,0.8574,7.0,14.25,0.0247,0.0341,0.0131,0.0209,0.0213,0.0298,3.6353,0.033,RandomForest,0.6844668305399609,0.6862793337225452,0.6714588045913688,0.6842910376346387,0.6691399199666617,0.6808188655908105,0.6768595573219319,0.6797178005352628,0.6863573862218549
german,Age,1000.0,0.396,0.0877,19.0,75.0,35.5116,33.0,11.5906,1.115,0.8574,7.0,14.25,0.0247,0.0341,0.0131,0.0209,0.0213,0.0298,3.6353,0.033,AdaBoost,0.6487107392018997,0.6612926212725914,0.6405066119112954,0.6492808270447581,0.6545802712047378,0.662548444114599,0.6471377672897752,0.6483773788992164,0.6506387523767049
german,Age,1000.0,0.396,0.0877,19.0,75.0,35.5116,33.0,11.5906,1.115,0.8574,7.0,14.25,0.0247,0.0341,0.0131,0.0209,0.0213,0.0298,3.6353,0.033,SVC,0.5866071804226658,0.5866071804226658,0.5866071804226658,0.5866071804226658,0.5866071804226658,0.5866071804226658,0.5866071804226658,0.5866071804226658,0.5866071804226658
german,Age,1000.0,0.36,0.0828,19.0,75.0,35.0438,32.0,10.9981,1.0229,0.5557,7.0,14.0,0.0207,0.05,0.0025,0.0036,0.0037,0.0055,3.6025,0.0332,DecisionTree,0.6666047601284782,0.6514560882297589,0.6630532843091403,0.6668611180288602,0.6673649201936392,0.667470571631907,0.6600798174336235,0.6612642409330763,0.6557714791731214
german,Age,1000.0,0.36,0.0828,19.0,75.0,35.0438,32.0,10.9981,1.0229,0.5557,7.0,14.0,0.0207,0.05,0.0025,0.0036,0.0037,0.0055,3.6025,0.0332,LogisticRegression,0.6447138053842453,0.6372711544001453,0.6462005081067655,0.6483330184393306,0.6496542086097854,0.6448808027657673,0.6432926655384044,0.6387430867338028,0.6403040606931607
german,Age,1000.0,0.36,0.0828,19.0,75.0,35.0438,32.0,10.9981,1.0229,0.5557,7.0,14.0,0.0207,0.05,0.0025,0.0036,0.0037,0.0055,3.6025,0.0332,KNN,0.6467924642172503,0.6566399643255418,0.6525972072435449,0.6511602192904423,0.6516512138698374,0.6510649041248145,0.6488086130459101,0.6458097112056764,0.6633301854093792
german,Age,1000.0,0.36,0.0828,19.0,75.0,35.0438,32.0,10.9981,1.0229,0.5557,7.0,14.0,0.0207,0.05,0.0025,0.0036,0.0037,0.0055,3.6025,0.0332,RandomForest,0.6746220339633867,0.6812086767971643,0.6775591003318392,0.669802208315617,0.6679185307657379,0.670659844339857,0.6626306960470048,0.670534421067035,0.6751151084908457
german,Age,1000.0,0.36,0.0828,19.0,75.0,35.0438,32.0,10.9981,1.0229,0.5557,7.0,14.0,0.0207,0.05,0.0025,0.0036,0.0037,0.0055,3.6025,0.0332,AdaBoost,0.657367507479298,0.6459502914734825,0.6572222440101151,0.6479814213778107,0.6529911350871596,0.6481639047569948,0.6474054256517918,0.6620262156026483,0.6572812594844144
german,Age,1000.0,0.36,0.0828,19.0,75.0,35.0438,32.0,10.9981,1.0229,0.5557,7.0,14.0,0.0207,0.05,0.0025,0.0036,0.0037,0.0055,3.6025,0.0332,SVC,0.5866071804226658,0.5866071804226658,0.5866071804226658,0.5866071804226658,0.5866071804226658,0.5866071804226658,0.5866071804226658,0.5866071804226658,0.5866071804226658
german,Age,1000.0,0.3,0.0757,19.0,75.0,35.7186,33.0,11.7093,1.0253,0.5692,7.0,15.0,0.0145,0.042,0.0024,0.0344,0.0016,0.0526,3.6538,0.0335,DecisionTree,0.673232204209165,0.6771460912551156,0.6655035070913777,0.6682953148969928,0.67614934324513,0.6775042352469524,0.6604905110464535,0.66777587996504,0.6716752784300125
german,Age,1000.0,0.3,0.0757,19.0,75.0,35.7186,33.0,11.7093,1.0253,0.5692,7.0,15.0,0.0145,0.042,0.0024,0.0344,0.0016,0.0526,3.6538,0.0335,LogisticRegression,0.6474114904822059,0.6485819131473687,0.6496902236423736,0.6486594139890556,0.6487485876385672,0.6481545264679791,0.6481545264679791,0.6415394931658923,0.6439246809402999
german,Age,1000.0,0.3,0.0757,19.0,75.0,35.7186,33.0,11.7093,1.0253,0.5692,7.0,15.0,0.0145,0.042,0.0024,0.0344,0.0016,0.0526,3.6538,0.0335,KNN,0.6659898615662958,0.6539861808327361,0.65717791900803,0.6537405326775818,0.6521355987624385,0.6558515434578744,0.6495554274978109,0.6514060307855899,0.661974330706345
german,Age,1000.0,0.3,0.0757,19.0,75.0,35.7186,33.0,11.7093,1.0253,0.5692,7.0,15.0,0.0145,0.042,0.0024,0.0344,0.0016,0.0526,3.6538,0.0335,RandomForest,0.6824927122307757,0.6840443905345591,0.6932297979153119,0.6861246113225854,0.6850719646133497,0.6874632445458004,0.665261657692465,0.6860705526592552,0.6828170867317146
german,Age,1000.0,0.3,0.0757,19.0,75.0,35.7186,33.0,11.7093,1.0253,0.5692,7.0,15.0,0.0145,0.042,0.0024,0.0344,0.0016,0.0526,3.6538,0.0335,AdaBoost,0.649507784102555,0.6553333826755228,0.6621803151961421,0.648768645002664,0.6537998601540778,0.6513726270897359,0.657297627812802,0.6479194222536935,0.6554309898606352
german,Age,1000.0,0.3,0.0757,19.0,75.0,35.7186,33.0,11.7093,1.0253,0.5692,7.0,15.0,0.0145,0.042,0.0024,0.0344,0.0016,0.0526,3.6538,0.0335,SVC,0.5866071804226658,0.5866071804226658,0.5866071804226658,0.5866071804226658,0.5866071804226658,0.5866071804226658,0.5866071804226658,0.5866071804226658,0.5866071804226658
german,Age,1000.0,0.243,0.07,19.0,75.0,35.3276,33.0,11.3405,1.0562,0.6347,7.0,14.0,0.0322,0.0566,0.029,0.0293,0.0419,0.0437,3.6338,0.0312,DecisionTree,0.6574765631600588,0.669095671918304,0.6620391130706921,0.656325805817212,0.6546907415676246,0.6526992914404381,0.6503934914065096,0.6672246416939327,0.6598145665563149
german,Age,1000.0,0.243,0.07,19.0,75.0,35.3276,33.0,11.3405,1.0562,0.6347,7.0,14.0,0.0322,0.0566,0.029,0.0293,0.0419,0.0437,3.6338,0.0312,LogisticRegression,0.6445677928979247,0.6447130061042727,0.6449874912960051,0.6503968505209156,0.6491725335985412,0.6487364427305975,0.6465867573440435,0.6524836448532431,0.6474516939528505
german,Age,1000.0,0.243,0.07,19.0,75.0,35.3276,33.0,11.3405,1.0562,0.6347,7.0,14.0,0.0322,0.0566,0.029,0.0293,0.0419,0.0437,3.6338,0.0312,KNN,0.6678539210064867,0.6569981738783673,0.6625290817650719,0.6557779740852321,0.6571188430446944,0.6510499574210493,0.6558884858801712,0.6346599973071876,0.6605944570690213
german,Age,1000.0,0.243,0.07,19.0,75.0,35.3276,33.0,11.3405,1.0562,0.6347,7.0,14.0,0.0322,0.0566,0.029,0.0293,0.0419,0.0437,3.6338,0.0312,RandomForest,0.6872758829578628,0.6895859843994712,0.6818237377303045,0.6884314350640822,0.6817171965651102,0.6900942347340073,0.6903926662200884,0.702311606312727,0.6884451111861706
german,Age,1000.0,0.243,0.07,19.0,75.0,35.3276,33.0,11.3405,1.0562,0.6347,7.0,14.0,0.0322,0.0566,0.029,0.0293,0.0419,0.0437,3.6338,0.0312,AdaBoost,0.6552417329527179,0.6411260023330687,0.6574181436411067,0.6488943601366973,0.6557565097323726,0.6579179245182618,0.6621349055562973,0.6643433579148355,0.6439880523680179
german,Age,1000.0,0.243,0.07,19.0,75.0,35.3276,33.0,11.3405,1.0562,0.6347,7.0,14.0,0.0322,0.0566,0.029,0.0293,0.0419,0.0437,3.6338,0.0312,SVC,0.5866071804226658,0.5866071804226658,0.5866071804226658,0.5866071804226658,0.5866071804226658,0.5866071804226658,0.5866071804226658,0.5866071804226658,0.5866071804226658
german,Age,1000.0,0.201,0.0651,19.0,75.0,35.6145,33.0,11.5873,1.0282,0.5603,7.0,15.0,0.0247,0.0292,0.0092,0.0253,0.0144,0.0361,3.6538,0.0304,DecisionTree,0.664361951944632,0.6507097895675316,0.668841769531385,0.665731339466164,0.6638334600773931,0.6604087213107555,0.6617216424941047,0.6654324071295837,0.6601661831934007
german,Age,1000.0,0.201,0.0651,19.0,75.0,35.6145,33.0,11.5873,1.0282,0.5603,7.0,15.0,0.0247,0.0292,0.0092,0.0253,0.0144,0.0361,3.6538,0.0304,LogisticRegression,0.6444454049191407,0.6354460340803678,0.6426736901999415,0.6450312321620899,0.6458742629617956,0.646179853833218,0.6467395162656486,0.6447151082553872,0.6382435072823877
german,Age,1000.0,0.201,0.0651,19.0,75.0,35.6145,33.0,11.5873,1.0282,0.5603,7.0,15.0,0.0247,0.0292,0.0092,0.0253,0.0144,0.0361,3.6538,0.0304,KNN,0.6506222186646349,0.6442620547764706,0.6542336577457681,0.6435218405629546,0.6504880621001583,0.6460744765650155,0.6429797864237845,0.646086513644161,0.6541097480274048
german,Age,1000.0,0.201,0.0651,19.0,75.0,35.6145,33.0,11.5873,1.0282,0.5603,7.0,15.0,0.0247,0.0292,0.0092,0.0253,0.0144,0.0361,3.6538,0.0304,RandomForest,0.6926892586224315,0.6905610200301137,0.6892065467258046,0.6951635804928388,0.6916102884160387,0.6868007774821875,0.6907753456619756,0.6870128140660889,0.683659011324646
german,Age,1000.0,0.201,0.0651,19.0,75.0,35.6145,33.0,11.5873,1.0282,0.5603,7.0,15.0,0.0247,0.0292,0.0092,0.0253,0.0144,0.0361,3.6538,0.0304,AdaBoost,0.6529354039562093,0.6574580421403595,0.6484392610016158,0.6496467893655171,0.6515518741567676,0.6537290229125192,0.6482157122216892,0.6552590910049233,0.6521940714036206
german,Age,1000.0,0.201,0.0651,19.0,75.0,35.6145,33.0,11.5873,1.0282,0.5603,7.0,15.0,0.0247,0.0292,0.0092,0.0253,0.0144,0.0361,3.6538,0.0304,SVC,0.5866071804226658,0.5866071804226658,0.5866071804226658,0.5866071804226658,0.5866071804226658,0.5866071804226658,0.5866071804226658,0.5866071804226658,0.5866071804226658
german,Age,1000.0,0.145,0.062,19.0,75.0,35.4526,33.0,11.3474,1.0205,0.5829,7.0,15.0,0.0436,0.0472,0.0182,0.0356,0.0279,0.0515,3.6502,0.0295,DecisionTree,0.656434535202367,0.663796945017273,0.6613127978912464,0.6558365714154433,0.6515538818187475,0.6582980983968718,0.6566917768893865,0.6643131404835789,0.6671335816689808
german,Age,1000.0,0.145,0.062,19.0,75.0,35.4526,33.0,11.3474,1.0205,0.5829,7.0,15.0,0.0436,0.0472,0.0182,0.0356,0.0279,0.0515,3.6502,0.0295,LogisticRegression,0.6461257010703272,0.6374362363196892,0.6415659517297159,0.6460227485290868,0.6477870616751075,0.6451332048279196,0.6444840926129514,0.6504512525130021,0.635915593694752
german,Age,1000.0,0.145,0.062,19.0,75.0,35.4526,33.0,11.3474,1.0205,0.5829,7.0,15.0,0.0436,0.0472,0.0182,0.0356,0.0279,0.0515,3.6502,0.0295,KNN,0.6599724183961362,0.6535993633541373,0.6567777890837345,0.6525777022098529,0.6585575933120078,0.6486478497328485,0.6578402424171446,0.6496543063337821,0.6493273115520108
german,Age,1000.0,0.145,0.062,19.0,75.0,35.4526,33.0,11.3474,1.0205,0.5829,7.0,15.0,0.0436,0.0472,0.0182,0.0356,0.0279,0.0515,3.6502,0.0295,RandomForest,0.6980396692636289,0.6827679924551877,0.6971243823590642,0.6959946783569779,0.7046399305287123,0.6999310221622719,0.693659832779869,0.7013448778569569,0.695794478168304
german,Age,1000.0,0.145,0.062,19.0,75.0,35.4526,33.0,11.3474,1.0205,0.5829,7.0,15.0,0.0436,0.0472,0.0182,0.0356,0.0279,0.0515,3.6502,0.0295,AdaBoost,0.6436973707402597,0.6497135291046068,0.6543430586258737,0.6508282817448403,0.6440196301040795,0.6434123611730764,0.6480439666037902,0.6606060033185387,0.6528303956561661
german,Age,1000.0,0.145,0.062,19.0,75.0,35.4526,33.0,11.3474,1.0205,0.5829,7.0,15.0,0.0436,0.0472,0.0182,0.0356,0.0279,0.0515,3.6502,0.0295,SVC,0.5866071804226658,0.5866071804226658,0.5866071804226658,0.5866071804226658,0.5866071804226658,0.5866071804226658,0.5866071804226658,0.5866071804226658,0.5866071804226658
german,Age,1000.0,0.102,0.059,19.0,75.0,35.4833,33.0,11.3458,1.047,0.6759,7.0,15.0,0.0323,0.0479,0.0159,0.0328,0.0233,0.0491,3.6478,0.0299,DecisionTree,0.6598674512715047,0.6723797745812228,0.6702316864845483,0.6617675115320155,0.6646971964101223,0.6617675115320155,0.6648296035625959,0.6719195654754464,0.6722115118107699
german,Age,1000.0,0.102,0.059,19.0,75.0,35.4833,33.0,11.3458,1.047,0.6759,7.0,15.0,0.0323,0.0479,0.0159,0.0328,0.0233,0.0491,3.6478,0.0299,LogisticRegression,0.6387695048864718,0.6465786307378196,0.6368450771570413,0.6382538379946898,0.639354481376671,0.6387695048864718,0.639354481376671,0.6494889815528122,0.6421007467764954
german,Age,1000.0,0.102,0.059,19.0,75.0,35.4833,33.0,11.3458,1.047,0.6759,7.0,15.0,0.0323,0.0479,0.0159,0.0328,0.0233,0.0491,3.6478,0.0299,KNN,0.6524737801608892,0.6394722454883084,0.6479790541520729,0.6456703523626157,0.6501722573925466,0.6462616018930378,0.6464777663565343,0.6499493023212219,0.6463292158498852
german,Age,1000.0,0.102,0.059,19.0,75.0,35.4833,33.0,11.3458,1.047,0.6759,7.0,15.0,0.0323,0.0479,0.0159,0.0328,0.0233,0.0491,3.6478,0.0299,RandomForest,0.6991289667923961,0.6966685096793669,0.6905992564123984,0.7038553805393053,0.6980781722316916,0.6953848335040371,0.6924361495306454,0.6929081699502534,0.6950260069680819
german,Age,1000.0,0.102,0.059,19.0,75.0,35.4833,33.0,11.3458,1.047,0.6759,7.0,15.0,0.0323,0.0479,0.0159,0.0328,0.0233,0.0491,3.6478,0.0299,AdaBoost,0.6483182142331365,0.6570723375261506,0.6538524602,0.659836081102084,0.6501519138436331,0.6583719074431071,0.6461422848024198,0.6595717719173728,0.6400910824773015
german,Age,1000.0,0.102,0.059,19.0,75.0,35.4833,33.0,11.3458,1.047,0.6759,7.0,15.0,0.0323,0.0479,0.0159,0.0328,0.0233,0.0491,3.6478,0.0299,SVC,0.5866071804226658,0.5866071804226658,0.5866071804226658,0.5866071804226658,0.5866071804226658,0.5866071804226658,0.5866071804226658,0.5866071804226658,0.5866071804226658
german,Age,1000.0,0.043,0.0554,19.0,75.0,35.6353,33.0,11.3874,1.0061,0.5509,7.0,15.0,0.0229,0.0562,0.0139,0.0296,0.0204,0.0441,3.6558,0.0322,DecisionTree,0.6597728242604418,0.6647585160211305,0.6665398495020098,0.6613688581399197,0.6591804652272948,0.6613561730313163,0.6613688581399197,0.6664313278318024,0.6656423962156479
german,Age,1000.0,0.043,0.0554,19.0,75.0,35.6353,33.0,11.3874,1.0061,0.5509,7.0,15.0,0.0229,0.0562,0.0139,0.0296,0.0204,0.0441,3.6558,0.0322,LogisticRegression,0.643118637144834,0.6416682883299288,0.6397813801640525,0.6423506431203063,0.6396592509262318,0.6436697899205106,0.6426674799360966,0.6388346754893537,0.6423453491718908
german,Age,1000.0,0.043,0.0554,19.0,75.0,35.6353,33.0,11.3874,1.0061,0.5509,7.0,15.0,0.0229,0.0562,0.0139,0.0296,0.0204,0.0441,3.6558,0.0322,KNN,0.6462881162161891,0.6508066073211458,0.6514538426605756,0.6446427870042862,0.6446091777457689,0.6468569344196055,0.6435999382908721,0.6495797333439535,0.6468297613170255
german,Age,1000.0,0.043,0.0554,19.0,75.0,35.6353,33.0,11.3874,1.0061,0.5509,7.0,15.0,0.0229,0.0562,0.0139,0.0296,0.0204,0.0441,3.6558,0.0322,RandomForest,0.6939742869352559,0.685854879943913,0.6870419120373287,0.6951214694015986,0.6936905955357383,0.691200928001763,0.6907319353442491,0.694395883485262,0.6931958149144756
german,Age,1000.0,0.043,0.0554,19.0,75.0,35.6353,33.0,11.3874,1.0061,0.5509,7.0,15.0,0.0229,0.0562,0.0139,0.0296,0.0204,0.0441,3.6558,0.0322,AdaBoost,0.6526552086719992,0.6491413593407422,0.6606470940762905,0.6466215648071841,0.6541294719222278,0.6590333233610325,0.6540605456560268,0.6514731615273173,0.6535233304717121
german,Age,1000.0,0.043,0.0554,19.0,75.0,35.6353,33.0,11.3874,1.0061,0.5509,7.0,15.0,0.0229,0.0562,0.0139,0.0296,0.0204,0.0441,3.6558,0.0322,SVC,0.5866071804226658,0.5866071804226658,0.5866071804226658,0.5866071804226658,0.5866071804226658,0.5866071804226658,0.5866071804226658,0.5866071804226658,0.5866071804226658
german,Credit_amount,1000.0,0.513,0.961,250.0,14555.0,3207.6324,2333.0,2636.7438,1.7947,3.4267,1093.0,2566.0,0.0014,0.6083,0.0186,0.4681,0.0298,0.6306,6.1331,0.0,DecisionTree,0.6542890449229486,0.6371089632689142,0.6458803065441145,0.6534106930219776,0.6539940311438617,0.6588314242722624,0.6465499874134508,0.6556617025864332,0.6523359899218353
german,Credit_amount,1000.0,0.513,0.961,250.0,14555.0,3207.6324,2333.0,2636.7438,1.7947,3.4267,1093.0,2566.0,0.0014,0.6083,0.0186,0.4681,0.0298,0.6306,6.1331,0.0,LogisticRegression,0.6490072429334539,0.6462333601911452,0.6468501380251289,0.647748831470077,0.6497106731878808,0.6475316972910311,0.646206353853622,0.6462333601911452,0.6471108861487465
german,Credit_amount,1000.0,0.513,0.961,250.0,14555.0,3207.6324,2333.0,2636.7438,1.7947,3.4267,1093.0,2566.0,0.0014,0.6083,0.0186,0.4681,0.0298,0.6306,6.1331,0.0,KNN,0.6513870777700744,0.648066413515087,0.6504152275469818,0.6386155115369336,0.650332822303156,0.6415094663248384,0.655149850878515,0.6490580450199255,0.6489714370147861
german,Credit_amount,1000.0,0.513,0.961,250.0,14555.0,3207.6324,2333.0,2636.7438,1.7947,3.4267,1093.0,2566.0,0.0014,0.6083,0.0186,0.4681,0.0298,0.6306,6.1331,0.0,RandomForest,0.6715340586328091,0.6748496898407296,0.6822603875232529,0.6667126805182321,0.6812326843753873,0.6744190381758213,0.6697561538824857,0.6732979228516981,0.6747193091174551
german,Credit_amount,1000.0,0.513,0.961,250.0,14555.0,3207.6324,2333.0,2636.7438,1.7947,3.4267,1093.0,2566.0,0.0014,0.6083,0.0186,0.4681,0.0298,0.6306,6.1331,0.0,AdaBoost,0.6522827493977763,0.6596582187249685,0.6518135255130578,0.6563930331976685,0.6596529759723472,0.6615449554480592,0.6586226182578827,0.6568701743217784,0.6521562697754195
german,Credit_amount,1000.0,0.513,0.961,250.0,14555.0,3207.6324,2333.0,2636.7438,1.7947,3.4267,1093.0,2566.0,0.0014,0.6083,0.0186,0.4681,0.0298,0.6306,6.1331,0.0,SVC,0.5866071804226658,0.5866071804226658,0.5866071804226658,0.5866071804226658,0.5866071804226658,0.5866071804226658,0.5866071804226658,0.5866071804226658,0.5866071804226658
german,Credit_amount,1000.0,0.449,0.9546,250.0,15857.0,3203.0926,2315.0,2707.9111,1.9822,4.5362,1099.0,2590.0,0.0123,0.639,0.0123,0.459,0.018,0.6201,6.2479,0.0,DecisionTree,0.6538729982297757,0.6549789821487331,0.6511667406406285,0.6633321695979624,0.6653462277835545,0.6632274974880856,0.6567547366623687,0.6585918671237655,0.6524025528342399
german,Credit_amount,1000.0,0.449,0.9546,250.0,15857.0,3203.0926,2315.0,2707.9111,1.9822,4.5362,1099.0,2590.0,0.0123,0.639,0.0123,0.459,0.018,0.6201,6.2479,0.0,LogisticRegression,0.646506036659708,0.6461888578399198,0.6432026322047927,0.6397575429128702,0.6396303692679188,0.6411570705838484,0.6417855305771621,0.6461888578399198,0.6444456896211512
german,Credit_amount,1000.0,0.449,0.9546,250.0,15857.0,3203.0926,2315.0,2707.9111,1.9822,4.5362,1099.0,2590.0,0.0123,0.639,0.0123,0.459,0.018,0.6201,6.2479,0.0,KNN,0.6585032610330752,0.6612772121061576,0.6498052515280821,0.6493222387940843,0.6585387953688986,0.6517845186340749,0.6541530688175378,0.6587953541654704,0.6522934568178671
german,Credit_amount,1000.0,0.449,0.9546,250.0,15857.0,3203.0926,2315.0,2707.9111,1.9822,4.5362,1099.0,2590.0,0.0123,0.639,0.0123,0.459,0.018,0.6201,6.2479,0.0,RandomForest,0.662986518366143,0.6698279500906101,0.6620449572271355,0.664394094947851,0.6717104195875854,0.6788514193555296,0.674064566798632,0.6704903351827018,0.6798918681305506
german,Credit_amount,1000.0,0.449,0.9546,250.0,15857.0,3203.0926,2315.0,2707.9111,1.9822,4.5362,1099.0,2590.0,0.0123,0.639,0.0123,0.459,0.018,0.6201,6.2479,0.0,AdaBoost,0.6497048053817855,0.652708852947774,0.6610835447859877,0.6572833636571167,0.6658857242091749,0.6661342081517402,0.6622210113499811,0.6591790745988445,0.6555443727918123
german,Credit_amount,1000.0,0.449,0.9546,250.0,15857.0,3203.0926,2315.0,2707.9111,1.9822,4.5362,1099.0,2590.0,0.0123,0.639,0.0123,0.459,0.018,0.6201,6.2479,0.0,SVC,0.5866071804226658,0.5866071804226658,0.5866071804226658,0.5866071804226658,0.5866071804226658,0.5866071804226658,0.5866071804226658,0.5866071804226658,0.5866071804226658
german,Credit_amount,1000.0,0.418,0.945,276.0,15857.0,3238.3179,2348.5,2669.7027,1.7997,3.4905,1098.0,2542.0,0.0347,0.6139,0.0335,0.4471,0.0494,0.6031,6.2893,0.0,DecisionTree,0.6515971649737372,0.6478908371306646,0.6332448931766225,0.644224810831495,0.6472552846647222,0.6400662589824156,0.6410504694253639,0.6445789785975831,0.6364487624242595
german,Credit_amount,1000.0,0.418,0.945,276.0,15857.0,3238.3179,2348.5,2669.7027,1.7997,3.4905,1098.0,2542.0,0.0347,0.6139,0.0335,0.4471,0.0494,0.6031,6.2893,0.0,LogisticRegression,0.6446474656812906,0.6514010402665066,0.6414307640242712,0.6425518036288623,0.6438736366076789,0.6479730943308984,0.6450182086383307,0.6514010402665066,0.6434768164797017
german,Credit_amount,1000.0,0.418,0.945,276.0,15857.0,3238.3179,2348.5,2669.7027,1.7997,3.4905,1098.0,2542.0,0.0347,0.6139,0.0335,0.4471,0.0494,0.6031,6.2893,0.0,KNN,0.6371177932660465,0.6267583301698935,0.6258191973929795,0.64425024911935,0.6338706944860608,0.640936741739235,0.6337337991428359,0.6267583301698935,0.6393210105410667
german,Credit_amount,1000.0,0.418,0.945,276.0,15857.0,3238.3179,2348.5,2669.7027,1.7997,3.4905,1098.0,2542.0,0.0347,0.6139,0.0335,0.4471,0.0494,0.6031,6.2893,0.0,RandomForest,0.6626188762357388,0.6616981184404,0.6592405419386432,0.6684612958054403,0.6628055742378168,0.6752795760230913,0.6607556286091595,0.6645748517624193,0.6663397871709572
german,Credit_amount,1000.0,0.418,0.945,276.0,15857.0,3238.3179,2348.5,2669.7027,1.7997,3.4905,1098.0,2542.0,0.0347,0.6139,0.0335,0.4471,0.0494,0.6031,6.2893,0.0,AdaBoost,0.6602197997912973,0.6722437003500885,0.661442127527518,0.6593644184008338,0.6544070541100533,0.6565408749613234,0.6453571978037569,0.659541708741302,0.652783660099788
german,Credit_amount,1000.0,0.418,0.945,276.0,15857.0,3238.3179,2348.5,2669.7027,1.7997,3.4905,1098.0,2542.0,0.0347,0.6139,0.0335,0.4471,0.0494,0.6031,6.2893,0.0,SVC,0.5866071804226658,0.5866071804226658,0.5866071804226658,0.5866071804226658,0.5866071804226658,0.5866071804226658,0.5866071804226658,0.5866071804226658,0.5866071804226658
german,Credit_amount,1000.0,0.34,0.9545,338.0,15945.0,3263.7758,2333.0,2743.4032,1.8615,3.852,1108.5,2576.0,0.0061,0.6453,0.008,0.4669,0.0126,0.6272,6.4292,0.0,DecisionTree,0.6580326999522044,0.663175148153409,0.6522366539903024,0.6546969242167187,0.645353250591647,0.6502086720540778,0.6492450290323172,0.6586345479570336,0.6540417756857004
german,Credit_amount,1000.0,0.34,0.9545,338.0,15945.0,3263.7758,2333.0,2743.4032,1.8615,3.852,1108.5,2576.0,0.0061,0.6453,0.008,0.4669,0.0126,0.6272,6.4292,0.0,LogisticRegression,0.6475818381800557,0.6580349128826116,0.6436082679861233,0.6423024376717227,0.6443914154179436,0.6411150205247489,0.6485364290952033,0.6580349128826116,0.6431492509006312
german,Credit_amount,1000.0,0.34,0.9545,338.0,15945.0,3263.7758,2333.0,2743.4032,1.8615,3.852,1108.5,2576.0,0.0061,0.6453,0.008,0.4669,0.0126,0.6272,6.4292,0.0,KNN,0.6471000008038419,0.6477418652845304,0.6437194093416562,0.6443075588934037,0.65613473206525,0.646569016509465,0.6383689442204208,0.6513288869238798,0.648907759971224
german,Credit_amount,1000.0,0.34,0.9545,338.0,15945.0,3263.7758,2333.0,2743.4032,1.8615,3.852,1108.5,2576.0,0.0061,0.6453,0.008,0.4669,0.0126,0.6272,6.4292,0.0,RandomForest,0.6741654989425825,0.6787556412781123,0.6827600077439779,0.6882534810440348,0.6854486564457897,0.6709296697633081,0.6806477989282527,0.6745276920324849,0.6799355023088661
german,Credit_amount,1000.0,0.34,0.9545,338.0,15945.0,3263.7758,2333.0,2743.4032,1.8615,3.852,1108.5,2576.0,0.0061,0.6453,0.008,0.4669,0.0126,0.6272,6.4292,0.0,AdaBoost,0.6421243054444749,0.6507875313577058,0.640208189940513,0.6415010439089015,0.6398519092492834,0.6435486484554738,0.6455521183221402,0.6413619945201195,0.645620951235421
german,Credit_amount,1000.0,0.34,0.9545,338.0,15945.0,3263.7758,2333.0,2743.4032,1.8615,3.852,1108.5,2576.0,0.0061,0.6453,0.008,0.4669,0.0126,0.6272,6.4292,0.0,SVC,0.5866071804226658,0.5866071804226658,0.5866071804226658,0.5866071804226658,0.5866071804226658,0.5866071804226658,0.5866071804226658,0.5866071804226658,0.5866071804226658
german,Credit_amount,1000.0,0.298,0.9416,250.0,18424.0,3264.7607,2309.0,2880.655,2.0058,4.4863,1089.5,2573.0,0.0555,0.6222,0.0213,0.4693,0.0319,0.6285,6.4715,0.0,DecisionTree,0.6688594600671806,0.6622712622349682,0.6685602369020671,0.6596935386646706,0.6627572208655015,0.675390403408008,0.6380850996671574,0.6588206007474022,0.6706402097246887
german,Credit_amount,1000.0,0.298,0.9416,250.0,18424.0,3264.7607,2309.0,2880.655,2.0058,4.4863,1089.5,2573.0,0.0555,0.6222,0.0213,0.4693,0.0319,0.6285,6.4715,0.0,LogisticRegression,0.6466552872652348,0.6418044018662776,0.6464378545333426,0.6431555829020947,0.6494534751215557,0.6437405593922939,0.646880942420861,0.6418044018662776,0.6458295371385149
german,Credit_amount,1000.0,0.298,0.9416,250.0,18424.0,3264.7607,2309.0,2880.655,2.0058,4.4863,1089.5,2573.0,0.0555,0.6222,0.0213,0.4693,0.0319,0.6285,6.4715,0.0,KNN,0.6558136440248644,0.6587018550704763,0.6367562254437247,0.6454556374170837,0.6456872872614811,0.6510336414092714,0.648592614342113,0.6573615185311091,0.6463383914760968
german,Credit_amount,1000.0,0.298,0.9416,250.0,18424.0,3264.7607,2309.0,2880.655,2.0058,4.4863,1089.5,2573.0,0.0555,0.6222,0.0213,0.4693,0.0319,0.6285,6.4715,0.0,RandomForest,0.6884337319645341,0.677563648377178,0.6846634237702228,0.6923831933536682,0.6834141348707327,0.685721636802896,0.6740854679154487,0.6895936670240213,0.6910089666374222
german,Credit_amount,1000.0,0.298,0.9416,250.0,18424.0,3264.7607,2309.0,2880.655,2.0058,4.4863,1089.5,2573.0,0.0555,0.6222,0.0213,0.4693,0.0319,0.6285,6.4715,0.0,AdaBoost,0.6690319105382132,0.6672547842334879,0.6670598600438568,0.671896461570267,0.6716954409415252,0.6723434970139298,0.6577077192809317,0.6751123317307381,0.6637026382032067
german,Credit_amount,1000.0,0.298,0.9416,250.0,18424.0,3264.7607,2309.0,2880.655,2.0058,4.4863,1089.5,2573.0,0.0555,0.6222,0.0213,0.4693,0.0319,0.6285,6.4715,0.0,SVC,0.5866071804226658,0.5866071804226658,0.5866071804226658,0.5866071804226658,0.5866071804226658,0.5866071804226658,0.5866071804226658,0.5866071804226658,0.5866071804226658
german,Credit_amount,1000.0,0.261,0.9405,276.0,15945.0,3295.7659,2302.0,2857.6413,1.9057,3.8717,1096.0,2633.0,0.0317,0.6112,0.0193,0.4607,0.0292,0.616,6.5199,0.0,DecisionTree,0.6619167205193742,0.6686156478162831,0.6571731578137787,0.6549539269922064,0.6575076627702385,0.6637509408415347,0.6607860925572769,0.6635998979309775,0.6546614060970916
german,Credit_amount,1000.0,0.261,0.9405,276.0,15945.0,3295.7659,2302.0,2857.6413,1.9057,3.8717,1096.0,2633.0,0.0317,0.6112,0.0193,0.4607,0.0292,0.616,6.5199,0.0,LogisticRegression,0.6481437502747669,0.6442449808749797,0.6445873872022567,0.6487990048626493,0.649367108620937,0.6487990048626493,0.6485898690684989,0.6442449808749797,0.6494377114410282
german,Credit_amount,1000.0,0.261,0.9405,276.0,15945.0,3295.7659,2302.0,2857.6413,1.9057,3.8717,1096.0,2633.0,0.0317,0.6112,0.0193,0.4607,0.0292,0.616,6.5199,0.0,KNN,0.6478674506842369,0.6655549133888368,0.6430265129226622,0.6440466541269502,0.6448305253157571,0.6433778930937257,0.6435625842035739,0.666209556462037,0.6515407281082332
german,Credit_amount,1000.0,0.261,0.9405,276.0,15945.0,3295.7659,2302.0,2857.6413,1.9057,3.8717,1096.0,2633.0,0.0317,0.6112,0.0193,0.4607,0.0292,0.616,6.5199,0.0,RandomForest,0.6799135448188978,0.6898684517271516,0.6872787002946507,0.6860694028833002,0.686964445760358,0.6883987475240001,0.6760841815219718,0.6921563270093454,0.6745508728933709
german,Credit_amount,1000.0,0.261,0.9405,276.0,15945.0,3295.7659,2302.0,2857.6413,1.9057,3.8717,1096.0,2633.0,0.0317,0.6112,0.0193,0.4607,0.0292,0.616,6.5199,0.0,AdaBoost,0.6577469888735207,0.6602975172510601,0.6657485584443398,0.6627499521251687,0.6640494873287299,0.6659460006525553,0.6616994244568418,0.6637790487446753,0.6574997958872008
german,Credit_amount,1000.0,0.261,0.9405,276.0,15945.0,3295.7659,2302.0,2857.6413,1.9057,3.8717,1096.0,2633.0,0.0317,0.6112,0.0193,0.4607,0.0292,0.616,6.5199,0.0,SVC,0.5866071804226658,0.5866071804226658,0.5866071804226658,0.5866071804226658,0.5866071804226658,0.5866071804226658,0.5866071804226658,0.5866071804226658,0.5866071804226658
german,Credit_amount,1000.0,0.203,0.936,276.0,18424.0,3301.1393,2333.0,2750.6244,1.8147,3.6795,1109.0,2753.0,0.049,0.6322,0.0287,0.4697,0.0439,0.6262,6.5908,0.0,DecisionTree,0.6522316845889791,0.6612825781511877,0.6513390077422876,0.6576944193074633,0.6545411195589013,0.6510222845573687,0.6498347757372871,0.6571368601290117,0.6575470497754424
german,Credit_amount,1000.0,0.203,0.936,276.0,18424.0,3301.1393,2333.0,2750.6244,1.8147,3.6795,1109.0,2753.0,0.049,0.6322,0.0287,0.4697,0.0439,0.6262,6.5908,0.0,LogisticRegression,0.6413123757139703,0.6453085297709966,0.6390375091190776,0.6406369502076401,0.6373030350188863,0.641436484707918,0.6471392619853037,0.6453085297709966,0.6387083997476359
german,Credit_amount,1000.0,0.203,0.936,276.0,18424.0,3301.1393,2333.0,2750.6244,1.8147,3.6795,1109.0,2753.0,0.049,0.6322,0.0287,0.4697,0.0439,0.6262,6.5908,0.0,KNN,0.654305807619013,0.6449523890109289,0.6345161334349116,0.6367706445620738,0.6395065051751352,0.6405467339122646,0.6385264346226149,0.6461923858195329,0.6464424275599465
german,Credit_amount,1000.0,0.203,0.936,276.0,18424.0,3301.1393,2333.0,2750.6244,1.8147,3.6795,1109.0,2753.0,0.049,0.6322,0.0287,0.4697,0.0439,0.6262,6.5908,0.0,RandomForest,0.6651736468318181,0.6709302841165514,0.6748452417757712,0.6752703319188902,0.6735631220808578,0.6702908996914618,0.6727744266968403,0.6755684754541649,0.6746996199662624
german,Credit_amount,1000.0,0.203,0.936,276.0,18424.0,3301.1393,2333.0,2750.6244,1.8147,3.6795,1109.0,2753.0,0.049,0.6322,0.0287,0.4697,0.0439,0.6262,6.5908,0.0,AdaBoost,0.6529176495871397,0.6602392444187942,0.6416640224226517,0.6523082465720519,0.6616971023618494,0.657363753450895,0.6597330575283484,0.6637778008934743,0.6496895454871712
german,Credit_amount,1000.0,0.203,0.936,276.0,18424.0,3301.1393,2333.0,2750.6244,1.8147,3.6795,1109.0,2753.0,0.049,0.6322,0.0287,0.4697,0.0439,0.6262,6.5908,0.0,SVC,0.5866071804226658,0.5866071804226658,0.5866071804226658,0.5866071804226658,0.5866071804226658,0.5866071804226658,0.5866071804226658,0.5866071804226658,0.5866071804226658
german,Credit_amount,1000.0,0.179,0.9318,250.0,18424.0,3306.8733,2333.0,2879.0304,1.9542,4.2388,1126.0,2645.0,0.053,0.6225,0.0286,0.4698,0.0423,0.629,6.6128,0.0,DecisionTree,0.6652190234479881,0.6585321581557358,0.6660827014225549,0.6701579765419139,0.6589757403764975,0.6595428037664163,0.6273158281444307,0.6577690094274158,0.670100537045077
german,Credit_amount,1000.0,0.179,0.9318,250.0,18424.0,3306.8733,2333.0,2879.0304,1.9542,4.2388,1126.0,2645.0,0.053,0.6225,0.0286,0.4698,0.0423,0.629,6.6128,0.0,LogisticRegression,0.6445333379005822,0.6466645845052623,0.6459387026293318,0.6455121755182002,0.6440723813573079,0.6449555790929651,0.6430685122384852,0.6466645845052623,0.6453821062040968
german,Credit_amount,1000.0,0.179,0.9318,250.0,18424.0,3306.8733,2333.0,2879.0304,1.9542,4.2388,1126.0,2645.0,0.053,0.6225,0.0286,0.4698,0.0423,0.629,6.6128,0.0,KNN,0.6517938522137728,0.6450721270144499,0.6568917283505815,0.6403062454535919,0.6369590020812332,0.6414080539139468,0.655269212388502,0.6437973957622729,0.65115380165177
german,Credit_amount,1000.0,0.179,0.9318,250.0,18424.0,3306.8733,2333.0,2879.0304,1.9542,4.2388,1126.0,2645.0,0.053,0.6225,0.0286,0.4698,0.0423,0.629,6.6128,0.0,RandomForest,0.688057544100484,0.6926014420705722,0.6911546505942024,0.6749059606069264,0.6881265069387642,0.6798643624621966,0.6903605102541716,0.6795334775322771,0.6871534873960189
german,Credit_amount,1000.0,0.179,0.9318,250.0,18424.0,3306.8733,2333.0,2879.0304,1.9542,4.2388,1126.0,2645.0,0.053,0.6225,0.0286,0.4698,0.0423,0.629,6.6128,0.0,AdaBoost,0.6344681682915054,0.6406526786980749,0.6503667802364645,0.6451430529914284,0.6603466169327074,0.6636426859843105,0.6586283299726813,0.6613593025188843,0.6508035648002171
german,Credit_amount,1000.0,0.179,0.9318,250.0,18424.0,3306.8733,2333.0,2879.0304,1.9542,4.2388,1126.0,2645.0,0.053,0.6225,0.0286,0.4698,0.0423,0.629,6.6128,0.0,SVC,0.5866071804226658,0.5866071804226658,0.5866071804226658,0.5866071804226658,0.5866071804226658,0.5866071804226658,0.5866071804226658,0.5866071804226658,0.5866071804226658
german,Credit_amount,1000.0,0.09,0.9242,250.0,18424.0,3295.8868,2331.0,2827.0162,1.9226,4.1494,1100.0,2597.25,0.0127,0.6399,0.0154,0.4735,0.023,0.6344,6.706,0.0,DecisionTree,0.6469041040415344,0.6578039856337995,0.6609173665601286,0.6477169599127406,0.6482998352686298,0.658566947307285,0.6573640554465343,0.6579009744336282,0.6465611066223036
german,Credit_amount,1000.0,0.09,0.9242,250.0,18424.0,3295.8868,2331.0,2827.0162,1.9226,4.1494,1100.0,2597.25,0.0127,0.6399,0.0154,0.4735,0.023,0.6344,6.706,0.0,LogisticRegression,0.6395180798626665,0.6377866853846157,0.6360723764960253,0.6385387474338441,0.6382737010437336,0.640067492784093,0.6384500025294502,0.6377866853846157,0.6378603895358197
german,Credit_amount,1000.0,0.09,0.9242,250.0,18424.0,3295.8868,2331.0,2827.0162,1.9226,4.1494,1100.0,2597.25,0.0127,0.6399,0.0154,0.4735,0.023,0.6344,6.706,0.0,KNN,0.6377212946326434,0.6453792733183145,0.6498069612585284,0.6457404064616343,0.6392186798092948,0.6479503407780918,0.648677697064866,0.6453792733183145,0.6438514370662167
german,Credit_amount,1000.0,0.09,0.9242,250.0,18424.0,3295.8868,2331.0,2827.0162,1.9226,4.1494,1100.0,2597.25,0.0127,0.6399,0.0154,0.4735,0.023,0.6344,6.706,0.0,RandomForest,0.6861346201481558,0.6979305127895045,0.6939921623513952,0.6838491460291505,0.6799853017314739,0.6742626888675181,0.6784791851806011,0.688233338326695,0.6780327840995237
german,Credit_amount,1000.0,0.09,0.9242,250.0,18424.0,3295.8868,2331.0,2827.0162,1.9226,4.1494,1100.0,2597.25,0.0127,0.6399,0.0154,0.4735,0.023,0.6344,6.706,0.0,AdaBoost,0.6482112065632155,0.6502379375429763,0.6468767328185989,0.6521067827659516,0.6438032157170243,0.6470280874330951,0.6424752963962582,0.6527661327057137,0.6505172662020557
german,Credit_amount,1000.0,0.09,0.9242,250.0,18424.0,3295.8868,2331.0,2827.0162,1.9226,4.1494,1100.0,2597.25,0.0127,0.6399,0.0154,0.4735,0.023,0.6344,6.706,0.0,SVC,0.5866071804226658,0.5866071804226658,0.5866071804226658,0.5866071804226658,0.5866071804226658,0.5866071804226658,0.5866071804226658,0.5866071804226658,0.5866071804226658
german,Credit_amount,1000.0,0.05,0.9274,250.0,18424.0,3302.5347,2328.0,2836.6112,1.9011,4.0565,1118.5,2678.0,0.0229,0.626,0.0139,0.4779,0.0212,0.6397,6.753,0.0,DecisionTree,0.6534350554497848,0.6514042205446392,0.6546100512085606,0.6534628397293302,0.6568714421806838,0.6562790831475367,0.650823607416829,0.6505972280095877,0.6508616600540851
german,Credit_amount,1000.0,0.05,0.9274,250.0,18424.0,3302.5347,2328.0,2836.6112,1.9011,4.0565,1118.5,2678.0,0.0229,0.626,0.0139,0.4779,0.0212,0.6397,6.753,0.0,LogisticRegression,0.6467644432582784,0.6388029374226909,0.6459700809828641,0.6474899635928268,0.6480741681050672,0.6480741681050672,0.6475060643467795,0.6388029374226909,0.6480741681050672
german,Credit_amount,1000.0,0.05,0.9274,250.0,18424.0,3302.5347,2328.0,2836.6112,1.9011,4.0565,1118.5,2678.0,0.0229,0.626,0.0139,0.4779,0.0212,0.6397,6.753,0.0,KNN,0.6486438723078898,0.6503305234048175,0.652907221444941,0.6499783317571284,0.6509092537671926,0.6485933594626916,0.6473216614497561,0.6503305234048175,0.6485118918217307
german,Credit_amount,1000.0,0.05,0.9274,250.0,18424.0,3302.5347,2328.0,2836.6112,1.9011,4.0565,1118.5,2678.0,0.0229,0.626,0.0139,0.4779,0.0212,0.6397,6.753,0.0,RandomForest,0.6874699797135919,0.6915550370152631,0.6955347905753984,0.6861687313938465,0.6943096524444546,0.6923659402955802,0.6866271276807171,0.6899062101600567,0.6881202622762306
german,Credit_amount,1000.0,0.05,0.9274,250.0,18424.0,3302.5347,2328.0,2836.6112,1.9011,4.0565,1118.5,2678.0,0.0229,0.626,0.0139,0.4779,0.0212,0.6397,6.753,0.0,AdaBoost,0.6488928267964545,0.6597245139120186,0.6610686098523979,0.6538367940453207,0.6490721553155033,0.6562409574990165,0.6540449415124575,0.6523276476518389,0.6435832448849076
german,Credit_amount,1000.0,0.05,0.9274,250.0,18424.0,3302.5347,2328.0,2836.6112,1.9011,4.0565,1118.5,2678.0,0.0229,0.626,0.0139,0.4779,0.0212,0.6397,6.753,0.0,SVC,0.5866071804226658,0.5866071804226658,0.5866071804226658,0.5866071804226658,0.5866071804226658,0.5866071804226658,0.5866071804226658,0.5866071804226658,0.5866071804226658
german,Duration,1000.0,0.503,0.0584,4.0,72.0,21.5252,18.0,12.4922,1.151,0.9184,6.0,12.0,0.0561,0.6191,0.0284,0.4575,0.0407,0.616,2.6472,0.116,DecisionTree,0.6367415438379338,0.6481714272164337,0.6418331972307982,0.6168050150676337,0.6256148759605921,0.6221186522408634,0.6236930962549858,0.63728341084429,0.6448490618921601
german,Duration,1000.0,0.503,0.0584,4.0,72.0,21.5252,18.0,12.4922,1.151,0.9184,6.0,12.0,0.0561,0.6191,0.0284,0.4575,0.0407,0.616,2.6472,0.116,LogisticRegression,0.6411529551325381,0.6251216312344815,0.6214381798265887,0.6268899106961504,0.6308872698437897,0.6232577083821157,0.6256672826471279,0.6416357310988148,0.6228227744911466
german,Duration,1000.0,0.503,0.0584,4.0,72.0,21.5252,18.0,12.4922,1.151,0.9184,6.0,12.0,0.0561,0.6191,0.0284,0.4575,0.0407,0.616,2.6472,0.116,KNN,0.6559456548853039,0.6486982255975914,0.6511774438320785,0.6480765761170844,0.6378444503694383,0.6479728849933756,0.6457258832816374,0.6628934203316623,0.6557487749081676
german,Duration,1000.0,0.503,0.0584,4.0,72.0,21.5252,18.0,12.4922,1.151,0.9184,6.0,12.0,0.0561,0.6191,0.0284,0.4575,0.0407,0.616,2.6472,0.116,RandomForest,0.6762054883084507,0.6763207970471354,0.6620062455370428,0.673754548498608,0.6653181724467904,0.6704862304957999,0.679457953570628,0.6753567565761449,0.6811819101587299
german,Duration,1000.0,0.503,0.0584,4.0,72.0,21.5252,18.0,12.4922,1.151,0.9184,6.0,12.0,0.0561,0.6191,0.0284,0.4575,0.0407,0.616,2.6472,0.116,AdaBoost,0.6375547598745865,0.6404851211773078,0.6350302911092379,0.6294525366224206,0.6440252774615117,0.6397537119552271,0.6485726361694009,0.6316314260707702,0.6429923946306524
german,Duration,1000.0,0.503,0.0584,4.0,72.0,21.5252,18.0,12.4922,1.151,0.9184,6.0,12.0,0.0561,0.6191,0.0284,0.4575,0.0407,0.616,2.6472,0.116,SVC,0.5866071804226658,0.5866071804226658,0.5866071804226658,0.5866071804226658,0.5866071804226658,0.5866071804226658,0.5866071804226658,0.5866071804226658,0.5866071804226658
german,Duration,1000.0,0.432,0.0528,4.0,72.0,20.9102,18.0,12.034,1.1268,1.0643,6.0,12.0,0.0432,0.5922,0.0178,0.4557,0.0255,0.6141,2.5533,0.1089,DecisionTree,0.6472513207874677,0.6452009378617659,0.6227728341648415,0.6465476868267795,0.6126119272568502,0.6422412928041599,0.6424151355484591,0.6413531615681629,0.6249774596639157
german,Duration,1000.0,0.432,0.0528,4.0,72.0,20.9102,18.0,12.034,1.1268,1.0643,6.0,12.0,0.0432,0.5922,0.0178,0.4557,0.0255,0.6141,2.5533,0.1089,LogisticRegression,0.636276260891093,0.6290215925133769,0.6335531671389785,0.6327933228132127,0.6311766917694035,0.6304750268613891,0.628771370431252,0.6363169211417656,0.6278666695076982
german,Duration,1000.0,0.432,0.0528,4.0,72.0,20.9102,18.0,12.034,1.1268,1.0643,6.0,12.0,0.0432,0.5922,0.0178,0.4557,0.0255,0.6141,2.5533,0.1089,KNN,0.6490408105636379,0.6254176272356832,0.6343470130405576,0.6370632892138086,0.6410582211548256,0.6401793922462773,0.6443009713479547,0.6353728039423545,0.623424272100628
german,Duration,1000.0,0.432,0.0528,4.0,72.0,20.9102,18.0,12.034,1.1268,1.0643,6.0,12.0,0.0432,0.5922,0.0178,0.4557,0.0255,0.6141,2.5533,0.1089,RandomForest,0.6766842766978276,0.6664018502165281,0.6603952131687756,0.6641340175367918,0.6647113346344045,0.6672906313333796,0.6793296133396586,0.6677229978419412,0.6623572498415449
german,Duration,1000.0,0.432,0.0528,4.0,72.0,20.9102,18.0,12.034,1.1268,1.0643,6.0,12.0,0.0432,0.5922,0.0178,0.4557,0.0255,0.6141,2.5533,0.1089,AdaBoost,0.6515371973564519,0.6517087524995508,0.6387562348828435,0.6522971654058943,0.6408245924226563,0.6464894240987142,0.6489293554933235,0.6580957709674351,0.6459512856736543
german,Duration,1000.0,0.432,0.0528,4.0,72.0,20.9102,18.0,12.034,1.1268,1.0643,6.0,12.0,0.0432,0.5922,0.0178,0.4557,0.0255,0.6141,2.5533,0.1089,SVC,0.5866071804226658,0.5866071804226658,0.5866071804226658,0.5866071804226658,0.5866071804226658,0.5866071804226658,0.5866071804226658,0.5866071804226658,0.5866071804226658
german,Duration,1000.0,0.409,0.0491,4.0,60.0,20.846,18.0,11.8698,1.1166,1.0068,6.0,12.0,0.0481,0.6126,0.0351,0.4524,0.0521,0.6088,2.5881,0.1113,DecisionTree,0.6413332443711193,0.6491862184359054,0.6433365118221981,0.6392926551425322,0.6519741131745582,0.6344404628415756,0.6401416573488132,0.6337682053987888,0.64035702392646
german,Duration,1000.0,0.409,0.0491,4.0,60.0,20.846,18.0,11.8698,1.1166,1.0068,6.0,12.0,0.0481,0.6126,0.0351,0.4524,0.0521,0.6088,2.5881,0.1113,LogisticRegression,0.635359612804992,0.6310201928786497,0.6275696435562569,0.6283788149005614,0.626517591529636,0.6257540844826509,0.6401880797000418,0.6382479877608864,0.6308843725689565
german,Duration,1000.0,0.409,0.0491,4.0,60.0,20.846,18.0,11.8698,1.1166,1.0068,6.0,12.0,0.0481,0.6126,0.0351,0.4524,0.0521,0.6088,2.5881,0.1113,KNN,0.6646155398955883,0.6522612587183645,0.6672136030684443,0.670617248542146,0.6558812814288504,0.6633724716388584,0.667138341426102,0.6605829434261611,0.6531143558084627
german,Duration,1000.0,0.409,0.0491,4.0,60.0,20.846,18.0,11.8698,1.1166,1.0068,6.0,12.0,0.0481,0.6126,0.0351,0.4524,0.0521,0.6088,2.5881,0.1113,RandomForest,0.6679589914887363,0.6752396312791927,0.669121117191879,0.6786732886919509,0.6843362691229068,0.67274210275241,0.6762906316005074,0.6781922297404182,0.675928886750529
german,Duration,1000.0,0.409,0.0491,4.0,60.0,20.846,18.0,11.8698,1.1166,1.0068,6.0,12.0,0.0481,0.6126,0.0351,0.4524,0.0521,0.6088,2.5881,0.1113,AdaBoost,0.6432286270574135,0.6550854970845239,0.6532722456942317,0.6497057565168967,0.6486742275286365,0.6426267017693161,0.6451774465394997,0.6472322955662673,0.6555999114370934
german,Duration,1000.0,0.409,0.0491,4.0,60.0,20.846,18.0,11.8698,1.1166,1.0068,6.0,12.0,0.0481,0.6126,0.0351,0.4524,0.0521,0.6088,2.5881,0.1113,SVC,0.5866071804226658,0.5866071804226658,0.5866071804226658,0.5866071804226658,0.5866071804226658,0.5866071804226658,0.5866071804226658,0.5866071804226658,0.5866071804226658
german,Duration,1000.0,0.348,0.0445,4.0,60.0,21.0276,18.0,12.18,1.065,0.7058,6.0,12.0,0.0254,0.6202,0.0023,0.4653,0.0045,0.6266,2.5619,0.1177,DecisionTree,0.6317495509128909,0.618728699742213,0.6426037229172961,0.6390946511115314,0.6410239354162072,0.6583999227892389,0.6303782048628912,0.6315792000085295,0.6286364972599787
german,Duration,1000.0,0.348,0.0445,4.0,60.0,21.0276,18.0,12.18,1.065,0.7058,6.0,12.0,0.0254,0.6202,0.0023,0.4653,0.0045,0.6266,2.5619,0.1177,LogisticRegression,0.6336177538332489,0.6269323848427188,0.6224788865951809,0.622193490785065,0.6262939025346999,0.6278338395050389,0.6243007704729333,0.6423115708775762,0.6348199410249082
german,Duration,1000.0,0.348,0.0445,4.0,60.0,21.0276,18.0,12.18,1.065,0.7058,6.0,12.0,0.0254,0.6202,0.0023,0.4653,0.0045,0.6266,2.5619,0.1177,KNN,0.6413929191580117,0.639744590979444,0.6258167728652919,0.6537845759719305,0.6438610742254741,0.6466435314522271,0.6142976946234135,0.632987261964408,0.6399528900875291
german,Duration,1000.0,0.348,0.0445,4.0,60.0,21.0276,18.0,12.18,1.065,0.7058,6.0,12.0,0.0254,0.6202,0.0023,0.4653,0.0045,0.6266,2.5619,0.1177,RandomForest,0.6617113023250628,0.6663211837588718,0.6535101884294734,0.6582008558122164,0.6688729747952946,0.6673795383601338,0.6703208896307987,0.6525057223794741,0.6674423294476742
german,Duration,1000.0,0.348,0.0445,4.0,60.0,21.0276,18.0,12.18,1.065,0.7058,6.0,12.0,0.0254,0.6202,0.0023,0.4653,0.0045,0.6266,2.5619,0.1177,AdaBoost,0.6282869981430161,0.6285979210057719,0.6372746363558567,0.639015456838167,0.6411836726963006,0.628018866910797,0.6331326109401811,0.6227924766880755,0.6356075016478182
german,Duration,1000.0,0.348,0.0445,4.0,60.0,21.0276,18.0,12.18,1.065,0.7058,6.0,12.0,0.0254,0.6202,0.0023,0.4653,0.0045,0.6266,2.5619,0.1177,SVC,0.5866071804226658,0.5866071804226658,0.5866071804226658,0.5866071804226658,0.5866071804226658,0.5866071804226658,0.5866071804226658,0.5866071804226658,0.5866071804226658
german,Duration,1000.0,0.297,0.0455,4.0,60.0,20.7895,18.0,12.0947,1.1541,1.0322,6.0,12.0,0.0433,0.63,0.0326,0.465,0.0465,0.6226,2.5907,0.0962,DecisionTree,0.6458749835444513,0.6509582467549037,0.6562908425975277,0.6600424608759989,0.6556731560591259,0.6591492115887289,0.6467387365076904,0.6391110128370668,0.6504557109075343
german,Duration,1000.0,0.297,0.0455,4.0,60.0,20.7895,18.0,12.0947,1.1541,1.0322,6.0,12.0,0.0433,0.63,0.0326,0.465,0.0465,0.6226,2.5907,0.0962,LogisticRegression,0.635376588878638,0.6187020160732736,0.6194411935237274,0.6271562463274899,0.6253018607706686,0.6286534677616067,0.62617529798456,0.6385916195397416,0.6246554653658899
german,Duration,1000.0,0.297,0.0455,4.0,60.0,20.7895,18.0,12.0947,1.1541,1.0322,6.0,12.0,0.0433,0.63,0.0326,0.465,0.0465,0.6226,2.5907,0.0962,KNN,0.6478008944182921,0.6432334154173942,0.6392765012483101,0.6471850473281351,0.6488959611571491,0.6422082088051257,0.6386892555102281,0.6235917620834737,0.6434892055419908
german,Duration,1000.0,0.297,0.0455,4.0,60.0,20.7895,18.0,12.0947,1.1541,1.0322,6.0,12.0,0.0433,0.63,0.0326,0.465,0.0465,0.6226,2.5907,0.0962,RandomForest,0.6688633369664116,0.6826505486418321,0.6735990279742345,0.6751827322225106,0.669618233256546,0.6797871505186934,0.6740596633962203,0.677343169769173,0.6800145659841856
german,Duration,1000.0,0.297,0.0455,4.0,60.0,20.7895,18.0,12.0947,1.1541,1.0322,6.0,12.0,0.0433,0.63,0.0326,0.465,0.0465,0.6226,2.5907,0.0962,AdaBoost,0.6324090812876857,0.6532279688602205,0.64244782903478,0.6508144749089966,0.6373117158312744,0.6481337630385727,0.6342773733377133,0.6492361431517633,0.6481055325599825
german,Duration,1000.0,0.297,0.0455,4.0,60.0,20.7895,18.0,12.0947,1.1541,1.0322,6.0,12.0,0.0433,0.63,0.0326,0.465,0.0465,0.6226,2.5907,0.0962,SVC,0.5866071804226658,0.5866071804226658,0.5866071804226658,0.5866071804226658,0.5866071804226658,0.5866071804226658,0.5866071804226658,0.5866071804226658,0.5866071804226658
german,Duration,1000.0,0.282,0.0446,4.0,72.0,21.1435,18.0,12.3461,1.1079,0.8742,6.0,12.0,0.0237,0.6416,0.0218,0.4787,0.0318,0.6393,2.635,0.0963,DecisionTree,0.6551710475726036,0.6597454708456396,0.6702515695837121,0.6697278735017255,0.6647632518572989,0.6649967959278067,0.650640175919114,0.6440744192327716,0.6603512882733745
german,Duration,1000.0,0.282,0.0446,4.0,72.0,21.1435,18.0,12.3461,1.1079,0.8742,6.0,12.0,0.0237,0.6416,0.0218,0.4787,0.0318,0.6393,2.635,0.0963,LogisticRegression,0.6374522805833676,0.6394567930195459,0.6437283566907696,0.6396082772781947,0.6424147217043238,0.6447586777251313,0.6359883030092899,0.6384063496755048,0.6416393179816804
german,Duration,1000.0,0.282,0.0446,4.0,72.0,21.1435,18.0,12.3461,1.1079,0.8742,6.0,12.0,0.0237,0.6416,0.0218,0.4787,0.0318,0.6393,2.635,0.0963,KNN,0.64957615441556,0.6461804267055902,0.6574782275715758,0.659688989044398,0.6553700207157572,0.6697255899389574,0.6499668098752018,0.65898918674036,0.6599919454509742
german,Duration,1000.0,0.282,0.0446,4.0,72.0,21.1435,18.0,12.3461,1.1079,0.8742,6.0,12.0,0.0237,0.6416,0.0218,0.4787,0.0318,0.6393,2.635,0.0963,RandomForest,0.675847383586921,0.6816389784612966,0.6821676273159412,0.6817035996049492,0.6875910680826286,0.6758557386407427,0.6714663167209234,0.663037969324665,0.6841858386482235
german,Duration,1000.0,0.282,0.0446,4.0,72.0,21.1435,18.0,12.3461,1.1079,0.8742,6.0,12.0,0.0237,0.6416,0.0218,0.4787,0.0318,0.6393,2.635,0.0963,AdaBoost,0.6411331667508888,0.6614256814047444,0.6599039217035756,0.6570205653583987,0.6503878499077047,0.6575512993749655,0.6422225590311967,0.6637608133522734,0.6542426656254493
german,Duration,1000.0,0.282,0.0446,4.0,72.0,21.1435,18.0,12.3461,1.1079,0.8742,6.0,12.0,0.0237,0.6416,0.0218,0.4787,0.0318,0.6393,2.635,0.0963,SVC,0.5866071804226658,0.5866071804226658,0.5866071804226658,0.5866071804226658,0.5866071804226658,0.5866071804226658,0.5866071804226658,0.5866071804226658,0.5866071804226658
german,Duration,1000.0,0.176,0.0376,4.0,60.0,20.6845,18.0,11.9506,1.092,0.8251,6.0,12.0,0.0161,0.6344,0.0201,0.4685,0.0294,0.6254,2.5896,0.1035,DecisionTree,0.6540668092761056,0.6519665730957589,0.6478398787650679,0.6528226970909748,0.6435026919755992,0.6457738499502528,0.6582430091767872,0.6432207628503969,0.6468611677386991
german,Duration,1000.0,0.176,0.0376,4.0,60.0,20.6845,18.0,11.9506,1.092,0.8251,6.0,12.0,0.0161,0.6344,0.0201,0.4685,0.0294,0.6254,2.5896,0.1035,LogisticRegression,0.6397567816248326,0.6394789050888909,0.6378400401125643,0.6413728662369756,0.6393531912415032,0.6450926514734565,0.643286697098657,0.6326377000030752,0.6392740682809649
german,Duration,1000.0,0.176,0.0376,4.0,60.0,20.6845,18.0,11.9506,1.092,0.8251,6.0,12.0,0.0161,0.6344,0.0201,0.4685,0.0294,0.6254,2.5896,0.1035,KNN,0.6617960160465837,0.6397048189324348,0.646456334559776,0.6435590122192011,0.6455812606984743,0.642796291051663,0.6426230634482082,0.6549516220115167,0.645580100771171
german,Duration,1000.0,0.176,0.0376,4.0,60.0,20.6845,18.0,11.9506,1.092,0.8251,6.0,12.0,0.0161,0.6344,0.0201,0.4685,0.0294,0.6254,2.5896,0.1035,RandomForest,0.6875296560789357,0.6820603464008841,0.6873125891171648,0.684862542321718,0.6758871792484132,0.6824287988130395,0.6714425181066948,0.6814556110511144,0.6843180795069457
german,Duration,1000.0,0.176,0.0376,4.0,60.0,20.6845,18.0,11.9506,1.092,0.8251,6.0,12.0,0.0161,0.6344,0.0201,0.4685,0.0294,0.6254,2.5896,0.1035,AdaBoost,0.6477148954286477,0.6518118839021082,0.659377204211601,0.6594177774584054,0.646468317920257,0.6664790518178996,0.6500501770629075,0.6503099475435218,0.6697990922256829
german,Duration,1000.0,0.176,0.0376,4.0,60.0,20.6845,18.0,11.9506,1.092,0.8251,6.0,12.0,0.0161,0.6344,0.0201,0.4685,0.0294,0.6254,2.5896,0.1035,SVC,0.5866071804226658,0.5866071804226658,0.5866071804226658,0.5866071804226658,0.5866071804226658,0.5866071804226658,0.5866071804226658,0.5866071804226658,0.5866071804226658
german,Duration,1000.0,0.173,0.0387,4.0,72.0,20.4293,18.0,11.9721,1.1671,1.2516,6.0,12.0,0.0218,0.6164,0.0205,0.4581,0.0301,0.6154,2.6137,0.0931,DecisionTree,0.643492254494213,0.6453420024795434,0.645087126410897,0.6674898442040887,0.6457779326371078,0.6490137311466123,0.6460992402693596,0.6344758583263521,0.6414307310869809
german,Duration,1000.0,0.173,0.0387,4.0,72.0,20.4293,18.0,11.9721,1.1671,1.2516,6.0,12.0,0.0218,0.6164,0.0205,0.4581,0.0301,0.6154,2.6137,0.0931,LogisticRegression,0.6421970394085091,0.6289629308781437,0.6363804026966884,0.6398605141764356,0.6339168822954132,0.6373259528747356,0.6374693766107731,0.6373912987610237,0.6328991974430663
german,Duration,1000.0,0.173,0.0387,4.0,72.0,20.4293,18.0,11.9721,1.1671,1.2516,6.0,12.0,0.0218,0.6164,0.0205,0.4581,0.0301,0.6154,2.6137,0.0931,KNN,0.6564799963986019,0.6359074415524626,0.6460095942119309,0.6455112463147916,0.6508734958517485,0.6496675763819083,0.6394393062500601,0.6503892376237119,0.630874503355465
german,Duration,1000.0,0.173,0.0387,4.0,72.0,20.4293,18.0,11.9721,1.1671,1.2516,6.0,12.0,0.0218,0.6164,0.0205,0.4581,0.0301,0.6154,2.6137,0.0931,RandomForest,0.6991965107741017,0.6897745134278718,0.6823067616589614,0.6857217639383282,0.6919032075583367,0.6954279053066389,0.695577201830962,0.6891778387873538,0.6760785002289924
german,Duration,1000.0,0.173,0.0387,4.0,72.0,20.4293,18.0,11.9721,1.1671,1.2516,6.0,12.0,0.0218,0.6164,0.0205,0.4581,0.0301,0.6154,2.6137,0.0931,AdaBoost,0.647759087788798,0.6535302396741254,0.6509287162960563,0.6454366978607688,0.6352331726668665,0.6508613669546283,0.6498840523871547,0.6393376681919122,0.6634827966850368
german,Duration,1000.0,0.173,0.0387,4.0,72.0,20.4293,18.0,11.9721,1.1671,1.2516,6.0,12.0,0.0218,0.6164,0.0205,0.4581,0.0301,0.6154,2.6137,0.0931,SVC,0.5866071804226658,0.5866071804226658,0.5866071804226658,0.5866071804226658,0.5866071804226658,0.5866071804226658,0.5866071804226658,0.5866071804226658,0.5866071804226658
german,Duration,1000.0,0.09,0.0363,4.0,72.0,20.8374,18.0,12.0536,1.0856,0.8852,6.0,12.0,0.0286,0.6348,0.0209,0.4776,0.0297,0.6368,2.6158,0.0913,DecisionTree,0.6564440162921978,0.6466283838402789,0.636675959494683,0.6603937973263998,0.6570648901503224,0.6554289470907052,0.6572887014793681,0.6285958723600129,0.6525417323288797
german,Duration,1000.0,0.09,0.0363,4.0,72.0,20.8374,18.0,12.0536,1.0856,0.8852,6.0,12.0,0.0286,0.6348,0.0209,0.4776,0.0297,0.6368,2.6158,0.0913,LogisticRegression,0.6467590483006171,0.6400531298106035,0.6322199037439596,0.642794409551061,0.6454152447622836,0.6426433416718431,0.6431123211219913,0.6365720377376707,0.6439249850177656
german,Duration,1000.0,0.09,0.0363,4.0,72.0,20.8374,18.0,12.0536,1.0856,0.8852,6.0,12.0,0.0286,0.6348,0.0209,0.4776,0.0297,0.6368,2.6158,0.0913,KNN,0.6562024403135225,0.6502388276860841,0.6558451630923156,0.6614814717781212,0.6558418830050374,0.65120311511555,0.6490745916352442,0.6486363081954343,0.6517546762076678
german,Duration,1000.0,0.09,0.0363,4.0,72.0,20.8374,18.0,12.0536,1.0856,0.8852,6.0,12.0,0.0286,0.6348,0.0209,0.4776,0.0297,0.6368,2.6158,0.0913,RandomForest,0.6846631927913776,0.6899059656570274,0.6819957695448133,0.6793571499894607,0.6980211488164225,0.6801866727028305,0.6907484188973754,0.6854160245399011,0.6776016340258956
german,Duration,1000.0,0.09,0.0363,4.0,72.0,20.8374,18.0,12.0536,1.0856,0.8852,6.0,12.0,0.0286,0.6348,0.0209,0.4776,0.0297,0.6368,2.6158,0.0913,AdaBoost,0.6517257113650908,0.6487764849122619,0.6463402779760017,0.6464449124931889,0.6395559322763333,0.6439727440731137,0.6528051546426271,0.6477971164517139,0.6412149014833655
german,Duration,1000.0,0.09,0.0363,4.0,72.0,20.8374,18.0,12.0536,1.0856,0.8852,6.0,12.0,0.0286,0.6348,0.0209,0.4776,0.0297,0.6368,2.6158,0.0913,SVC,0.5866071804226658,0.5866071804226658,0.5866071804226658,0.5866071804226658,0.5866071804226658,0.5866071804226658,0.5866071804226658,0.5866071804226658,0.5866071804226658
german,Duration,1000.0,0.051,0.0348,4.0,72.0,20.9378,18.0,12.0836,1.0868,0.8883,6.0,12.0,0.034,0.6246,0.0205,0.4677,0.0296,0.6274,2.6176,0.0914,DecisionTree,0.6680145450195084,0.6457361477804016,0.6702256179125544,0.6665640370235949,0.6652181099875725,0.6604640225470968,0.6611859463482794,0.6522973151030558,0.6606755814790075
german,Duration,1000.0,0.051,0.0348,4.0,72.0,20.9378,18.0,12.0836,1.0868,0.8883,6.0,12.0,0.034,0.6246,0.0205,0.4677,0.0296,0.6274,2.6176,0.0914,LogisticRegression,0.6407758271044157,0.639480050363711,0.641093803819066,0.6429268805661033,0.6404085987104228,0.6435616770935315,0.6436941926997599,0.6340516231752927,0.6429960593376984
german,Duration,1000.0,0.051,0.0348,4.0,72.0,20.9378,18.0,12.0836,1.0868,0.8883,6.0,12.0,0.034,0.6246,0.0205,0.4677,0.0296,0.6274,2.6176,0.0914,KNN,0.6538970067957044,0.6415308405011507,0.6531905487539422,0.650017331155423,0.6476671479589404,0.6469624934674323,0.646603747066604,0.6459312879594983,0.6486662575481048
german,Duration,1000.0,0.051,0.0348,4.0,72.0,20.9378,18.0,12.0836,1.0868,0.8883,6.0,12.0,0.034,0.6246,0.0205,0.4677,0.0296,0.6274,2.6176,0.0914,RandomForest,0.6853722615581823,0.6906974032148825,0.6920823791083145,0.6972994040780668,0.6845659380403164,0.6822643957565135,0.6821054894415444,0.6889388002297812,0.6836113139498041
german,Duration,1000.0,0.051,0.0348,4.0,72.0,20.9378,18.0,12.0836,1.0868,0.8883,6.0,12.0,0.034,0.6246,0.0205,0.4677,0.0296,0.6274,2.6176,0.0914,AdaBoost,0.6472078871957065,0.6546654074230631,0.6535571947552095,0.6506112310508247,0.6484381099553914,0.6518576885470551,0.6370370198267319,0.6535833787349301,0.6533825360907694
german,Duration,1000.0,0.051,0.0348,4.0,72.0,20.9378,18.0,12.0836,1.0868,0.8883,6.0,12.0,0.034,0.6246,0.0205,0.4677,0.0296,0.6274,2.6176,0.0914,SVC,0.5866071804226658,0.5866071804226658,0.5866071804226658,0.5866071804226658,0.5866071804226658,0.5866071804226658,0.5866071804226658,0.5866071804226658,0.5866071804226658
