name,column_name,n_tuples,missing_perc,uniqueness,min,max,mean,median,std,skewness,kurtosis,mad,iqr,p_min,p_max,k_min,k_max,s_min,s_max,entropy,density,ml_algorithm,impute_standard,impute_mean,impute_median,impute_random,impute_knn,impute_mice,impute_linear_regression,impute_random_forest,impute_cmeans
drug,Age,200.0,0.505,0.4848,15.0,74.0,44.7879,45.0,16.2277,-0.0919,-1.0761,13.0,27.5,0.1141,0.1141,0.0979,0.0979,0.1465,0.1465,3.7388,0.0228,DecisionTree,0.9417641727181201,0.9401224816849817,0.931568396880897,0.9398527167277166,0.9255372405372406,0.9536231470770944,0.9320932886557887,0.9553462047212047,0.9536231470770944
drug,Age,200.0,0.505,0.4848,15.0,74.0,44.7879,45.0,16.2277,-0.0919,-1.0761,13.0,27.5,0.1141,0.1141,0.0979,0.0979,0.1465,0.1465,3.7388,0.0228,LogisticRegression,0.9094921264126603,0.9077396724293516,0.8884964554169894,0.9049592981298319,0.8934564722520062,0.9164463174457986,0.9131032375237713,0.8994793910440703,0.9096436415641753
drug,Age,200.0,0.505,0.4848,15.0,74.0,44.7879,45.0,16.2277,-0.0919,-1.0761,13.0,27.5,0.1141,0.1141,0.0979,0.0979,0.1465,0.1465,3.7388,0.0228,KNN,0.7752489633501232,0.7370814316888237,0.7403401806184333,0.7187787447096738,0.718332855236925,0.754738259193265,0.7455463717275399,0.7384869272768209,0.755484418251949
drug,Age,200.0,0.505,0.4848,15.0,74.0,44.7879,45.0,16.2277,-0.0919,-1.0761,13.0,27.5,0.1141,0.1141,0.0979,0.0979,0.1465,0.1465,3.7388,0.0228,RandomForest,0.9457262529137529,0.9459535256410256,0.9165972222222223,0.9206063034188035,0.9291742979242978,0.9406766762649115,0.9188195056577408,0.919674122174122,0.9333009004884005
drug,Age,200.0,0.505,0.4848,15.0,74.0,44.7879,45.0,16.2277,-0.0919,-1.0761,13.0,27.5,0.1141,0.1141,0.0979,0.0979,0.1465,0.1465,3.7388,0.0228,AdaBoost,0.7873652677712255,0.7873652677712255,0.7873652677712255,0.7873652677712255,0.7873652677712255,0.7873652677712255,0.7873652677712255,0.7873652677712255,0.7873652677712255
drug,Age,200.0,0.505,0.4848,15.0,74.0,44.7879,45.0,16.2277,-0.0919,-1.0761,13.0,27.5,0.1141,0.1141,0.0979,0.0979,0.1465,0.1465,3.7388,0.0228,SVC,0.8750033080004272,0.8551391717464967,0.8649777181486417,0.8627095281407856,0.8646874715765295,0.8789949046390827,0.8655369243762951,0.8592596261391834,0.8666948476143058
drug,Age,200.0,0.425,0.4348,15.0,74.0,43.0087,42.0,16.1145,0.175,-0.99,13.0,26.0,0.0384,0.0384,0.0462,0.0462,0.0704,0.0704,3.7751,0.0231,DecisionTree,0.9530906573002161,0.9639763341233929,0.9571126259361553,0.952919406981907,0.9575960314195608,0.9640638392108981,0.9516320117790706,0.9658901862026862,0.9441652791652791
drug,Age,200.0,0.425,0.4348,15.0,74.0,43.0087,42.0,16.1145,0.175,-0.99,13.0,26.0,0.0384,0.0384,0.0462,0.0462,0.0704,0.0704,3.7751,0.0231,LogisticRegression,0.9255342060084597,0.8877432799329592,0.9183048843669519,0.9250177823552437,0.940368538342792,0.9255342060084597,0.9297250857501869,0.8946047517944311,0.912088448653128
drug,Age,200.0,0.425,0.4348,15.0,74.0,43.0087,42.0,16.1145,0.175,-0.99,13.0,26.0,0.0384,0.0384,0.0462,0.0462,0.0704,0.0704,3.7751,0.0231,KNN,0.7758201324970917,0.7315256843043659,0.7402332112070978,0.7518907589359104,0.7618902414230876,0.7830583716854728,0.7572581604388114,0.708763065665758,0.7534081864652528
drug,Age,200.0,0.425,0.4348,15.0,74.0,43.0087,42.0,16.1145,0.175,-0.99,13.0,26.0,0.0384,0.0384,0.0462,0.0462,0.0704,0.0704,3.7751,0.0231,RandomForest,0.9452515077515077,0.9401218498277322,0.9338936063936063,0.9396611721611722,0.9542118298368298,0.9370453042328042,0.9312455535269208,0.9424262516522579,0.9152594627594628
drug,Age,200.0,0.425,0.4348,15.0,74.0,43.0087,42.0,16.1145,0.175,-0.99,13.0,26.0,0.0384,0.0384,0.0462,0.0462,0.0704,0.0704,3.7751,0.0231,AdaBoost,0.7873652677712255,0.7873652677712255,0.7873652677712255,0.7873652677712255,0.7873652677712255,0.7873652677712255,0.7873652677712255,0.7873652677712255,0.7873652677712255
drug,Age,200.0,0.425,0.4348,15.0,74.0,43.0087,42.0,16.1145,0.175,-0.99,13.0,26.0,0.0384,0.0384,0.0462,0.0462,0.0704,0.0704,3.7751,0.0231,SVC,0.872071155889345,0.8691625690271201,0.8772728523217505,0.874560608849341,0.8872052366001985,0.8688385819041411,0.8854949694152281,0.8780254987782078,0.8293893850335172
drug,Age,200.0,0.41,0.4407,15.0,74.0,45.7373,47.0,16.9828,-0.0652,-1.1648,14.0,28.0,0.0347,0.0347,0.0266,0.0266,0.035,0.035,3.8504,0.0211,DecisionTree,0.9624646534021534,0.9745824661449661,0.9221805318864142,0.953231044554574,0.9475373931623932,0.970811722999223,0.9586799311799312,0.9830175380175381,0.9786986277611278
drug,Age,200.0,0.41,0.4407,15.0,74.0,45.7373,47.0,16.9828,-0.0652,-1.1648,14.0,28.0,0.0347,0.0347,0.0266,0.0266,0.035,0.035,3.8504,0.0211,LogisticRegression,0.9195548909493112,0.940464764205151,0.9056757896706269,0.9195509066097302,0.91943420853934,0.9234913666589981,0.9195548909493112,0.9311856636760505,0.9387645150328974
drug,Age,200.0,0.41,0.4407,15.0,74.0,45.7373,47.0,16.9828,-0.0652,-1.1648,14.0,28.0,0.0347,0.0347,0.0266,0.0266,0.035,0.035,3.8504,0.0211,KNN,0.7770074464617409,0.7275891326810445,0.7436285961996987,0.7858293541013412,0.7834675504299591,0.7645932178080157,0.7862878074740494,0.7288785828715795,0.7515740775354103
drug,Age,200.0,0.41,0.4407,15.0,74.0,45.7373,47.0,16.9828,-0.0652,-1.1648,14.0,28.0,0.0347,0.0347,0.0266,0.0266,0.035,0.035,3.8504,0.0211,RandomForest,0.9623719336219336,0.9460958485958486,0.9287175671550671,0.9329488566988566,0.9309645909645909,0.9621636002886003,0.9662585331335332,0.9579297785547786,0.9617816374801669
drug,Age,200.0,0.41,0.4407,15.0,74.0,45.7373,47.0,16.9828,-0.0652,-1.1648,14.0,28.0,0.0347,0.0347,0.0266,0.0266,0.035,0.035,3.8504,0.0211,AdaBoost,0.7873652677712255,0.7873652677712255,0.7873652677712255,0.7873652677712255,0.7873652677712255,0.7873652677712255,0.7873652677712255,0.7873652677712255,0.7873652677712255
drug,Age,200.0,0.41,0.4407,15.0,74.0,45.7373,47.0,16.9828,-0.0652,-1.1648,14.0,28.0,0.0347,0.0347,0.0266,0.0266,0.035,0.035,3.8504,0.0211,SVC,0.8911516548510208,0.8651674788990966,0.883142650433577,0.8906913255470126,0.9150969125386668,0.8993047020256939,0.8952692950307282,0.8738415807475404,0.8639830537405665
drug,Age,200.0,0.32,0.3897,15.0,74.0,43.8529,43.0,16.1275,0.0297,-1.0394,13.0,26.0,0.0147,0.0147,0.0092,0.0092,0.0163,0.0163,3.8553,0.0221,DecisionTree,0.9591590558850621,0.9625981888481888,0.9243015318015317,0.9490580253080252,0.9195201143885353,0.9704740956211545,0.95749185999186,0.9661985563456151,0.9664771571021571
drug,Age,200.0,0.32,0.3897,15.0,74.0,43.8529,43.0,16.1275,0.0297,-1.0394,13.0,26.0,0.0147,0.0147,0.0092,0.0092,0.0163,0.0163,3.8553,0.0221,LogisticRegression,0.9137596244375112,0.9202033528224162,0.9094976248630118,0.9257131338910207,0.9258433740212608,0.9292387749166617,0.9091789620443489,0.9240759018420239,0.9291331104286443
drug,Age,200.0,0.32,0.3897,15.0,74.0,43.8529,43.0,16.1275,0.0297,-1.0394,13.0,26.0,0.0147,0.0147,0.0092,0.0092,0.0163,0.0163,3.8553,0.0221,KNN,0.7833864342570249,0.7718876365254077,0.747358063283376,0.7680786965534184,0.7411997989818263,0.7858162702307439,0.728670297455313,0.7767275809374224,0.783639486183799
drug,Age,200.0,0.32,0.3897,15.0,74.0,43.8529,43.0,16.1275,0.0297,-1.0394,13.0,26.0,0.0147,0.0147,0.0092,0.0092,0.0163,0.0163,3.8553,0.0221,RandomForest,0.9668243793243794,0.9667846967846968,0.9231862581862582,0.9585307285307285,0.9495385401635401,0.9582926332926333,0.9630125661375661,0.958038198185257,0.9707109788359788
drug,Age,200.0,0.32,0.3897,15.0,74.0,43.8529,43.0,16.1275,0.0297,-1.0394,13.0,26.0,0.0147,0.0147,0.0092,0.0092,0.0163,0.0163,3.8553,0.0221,AdaBoost,0.7873652677712255,0.7873652677712255,0.7873652677712255,0.7873652677712255,0.7873652677712255,0.7873652677712255,0.7873652677712255,0.7873652677712255,0.7873652677712255
drug,Age,200.0,0.32,0.3897,15.0,74.0,43.8529,43.0,16.1275,0.0297,-1.0394,13.0,26.0,0.0147,0.0147,0.0092,0.0092,0.0163,0.0163,3.8553,0.0221,SVC,0.8836163057722148,0.8852061877030911,0.8516563145734846,0.8825581006929845,0.8886590846466177,0.8760050645544162,0.880912800823515,0.8817695274238082,0.8718049552719276
drug,Age,200.0,0.35,0.4231,15.0,74.0,43.3154,41.0,17.1563,0.1267,-1.2054,15.0,30.0,0.0455,0.0455,0.0202,0.0202,0.0328,0.0328,3.8543,0.0194,DecisionTree,0.965770634594164,0.9618312406547701,0.9577767602767603,0.9489172796158091,0.9469912263662263,0.9618973782209077,0.965770634594164,0.968990579137638,0.961735535706124
drug,Age,200.0,0.35,0.4231,15.0,74.0,43.3154,41.0,17.1563,0.1267,-1.2054,15.0,30.0,0.0455,0.0455,0.0202,0.0202,0.0328,0.0328,3.8543,0.0194,LogisticRegression,0.9151240976086178,0.9150433641080433,0.9367911316219633,0.9285386528246435,0.9212108839159923,0.9151240976086178,0.9151240976086178,0.9169766323648412,0.9109883970934778
drug,Age,200.0,0.35,0.4231,15.0,74.0,43.3154,41.0,17.1563,0.1267,-1.2054,15.0,30.0,0.0455,0.0455,0.0202,0.0202,0.0328,0.0328,3.8543,0.0194,KNN,0.7656752881405022,0.7335910542805497,0.7504323914679608,0.7674052535769997,0.7745700707338639,0.7527451321440608,0.7353816599087013,0.7069226992045522,0.7275740938161603
drug,Age,200.0,0.35,0.4231,15.0,74.0,43.3154,41.0,17.1563,0.1267,-1.2054,15.0,30.0,0.0455,0.0455,0.0202,0.0202,0.0328,0.0328,3.8543,0.0194,RandomForest,0.9568508343508344,0.9609513634513636,0.9529546420355244,0.9609513634513636,0.9662026862026862,0.961017501017501,0.9660640448875744,0.9530968378027201,0.9573296420355244
drug,Age,200.0,0.35,0.4231,15.0,74.0,43.3154,41.0,17.1563,0.1267,-1.2054,15.0,30.0,0.0455,0.0455,0.0202,0.0202,0.0328,0.0328,3.8543,0.0194,AdaBoost,0.7873652677712255,0.7873652677712255,0.7873652677712255,0.7873652677712255,0.7873652677712255,0.7873652677712255,0.7873652677712255,0.7873652677712255,0.7873652677712255
drug,Age,200.0,0.35,0.4231,15.0,74.0,43.3154,41.0,17.1563,0.1267,-1.2054,15.0,30.0,0.0455,0.0455,0.0202,0.0202,0.0328,0.0328,3.8543,0.0194,SVC,0.8831621939578596,0.846186465969557,0.8954763951555242,0.9051522613286814,0.9130023154961349,0.8907668283236831,0.8911691545632885,0.8643647264432177,0.8910002152856779
drug,Age,200.0,0.23,0.3506,15.0,74.0,43.6364,43.0,16.3409,0.0269,-1.1192,14.0,27.0,0.0161,0.0161,0.0129,0.0129,0.0216,0.0216,3.8522,0.0227,DecisionTree,0.9793030118030117,0.9793030118030117,0.9701149708135003,0.9789359483109483,0.9621354734590029,0.9793030118030117,0.9874114774114775,0.9830925671550672,0.9874114774114775
drug,Age,200.0,0.23,0.3506,15.0,74.0,43.6364,43.0,16.3409,0.0269,-1.1192,14.0,27.0,0.0161,0.0161,0.0129,0.0129,0.0216,0.0216,3.8522,0.0227,LogisticRegression,0.9357792013476082,0.9335838350389434,0.9331465509098107,0.9357792013476082,0.9365915262775801,0.9357792013476082,0.935491522230393,0.9335838350389434,0.939683559701119
drug,Age,200.0,0.23,0.3506,15.0,74.0,43.6364,43.0,16.3409,0.0269,-1.1192,14.0,27.0,0.0161,0.0161,0.0129,0.0129,0.0216,0.0216,3.8522,0.0227,KNN,0.7631456681125731,0.7297653831168684,0.790708945450527,0.7669936061980556,0.7819340373794663,0.7768204853172646,0.7485721171003429,0.7373805797749033,0.713128528402493
drug,Age,200.0,0.23,0.3506,15.0,74.0,43.6364,43.0,16.3409,0.0269,-1.1192,14.0,27.0,0.0161,0.0161,0.0129,0.0129,0.0216,0.0216,3.8522,0.0227,RandomForest,0.9660144417129711,0.9578290343915343,0.9744899708135003,0.9788194444444445,0.9744899708135003,0.9609678978428978,0.9621021571021571,0.9600022893772895,0.9534010706069529
drug,Age,200.0,0.23,0.3506,15.0,74.0,43.6364,43.0,16.3409,0.0269,-1.1192,14.0,27.0,0.0161,0.0161,0.0129,0.0129,0.0216,0.0216,3.8522,0.0227,AdaBoost,0.7873652677712255,0.7873652677712255,0.7873652677712255,0.7873652677712255,0.7873652677712255,0.7873652677712255,0.7873652677712255,0.7873652677712255,0.7873652677712255
drug,Age,200.0,0.23,0.3506,15.0,74.0,43.6364,43.0,16.3409,0.0269,-1.1192,14.0,27.0,0.0161,0.0161,0.0129,0.0129,0.0216,0.0216,3.8522,0.0227,SVC,0.9032557817852428,0.8979993153784096,0.8995133443183808,0.8997024712317723,0.8913710516663103,0.8991817077111687,0.8925834374660409,0.8977563244247183,0.8961072650034057
drug,Age,200.0,0.21,0.3418,15.0,74.0,43.8038,42.5,16.8122,0.0906,-1.0833,14.5,27.5,0.0769,0.0769,0.022,0.022,0.0351,0.0351,3.8735,0.023,DecisionTree,0.9915781440781442,0.9915781440781442,0.9756186406186407,0.9832661782661783,0.9665519434269434,0.9708306623931624,0.9712871387871387,0.9915781440781442,0.9915781440781442
drug,Age,200.0,0.21,0.3418,15.0,74.0,43.8038,42.5,16.8122,0.0906,-1.0833,14.5,27.5,0.0769,0.0769,0.022,0.022,0.0351,0.0351,3.8735,0.023,LogisticRegression,0.9452895548263085,0.9402438281320368,0.9362639433213207,0.9449426780235004,0.9412816183183721,0.9452895548263085,0.9488760028201726,0.92842324131145,0.94927078911928
drug,Age,200.0,0.21,0.3418,15.0,74.0,43.8038,42.5,16.8122,0.0906,-1.0833,14.5,27.5,0.0769,0.0769,0.022,0.022,0.0351,0.0351,3.8735,0.023,KNN,0.7567316759806981,0.729246492198722,0.7312061356363644,0.7837715362634136,0.7713376949365005,0.7702472573722574,0.7475729229141213,0.7410290107910213,0.7251662380259984
drug,Age,200.0,0.21,0.3418,15.0,74.0,43.8038,42.5,16.8122,0.0906,-1.0833,14.5,27.5,0.0769,0.0769,0.022,0.022,0.0351,0.0351,3.8735,0.023,RandomForest,0.9750274725274726,0.9832692307692308,0.9712335927960928,0.9704365079365079,0.962945411070411,0.9657201132201132,0.9834035409035409,0.9665588115588115,0.9618376068376069
drug,Age,200.0,0.21,0.3418,15.0,74.0,43.8038,42.5,16.8122,0.0906,-1.0833,14.5,27.5,0.0769,0.0769,0.022,0.022,0.0351,0.0351,3.8735,0.023,AdaBoost,0.7873652677712255,0.7873652677712255,0.7873652677712255,0.7873652677712255,0.7873652677712255,0.7873652677712255,0.7873652677712255,0.7873652677712255,0.7873652677712255
drug,Age,200.0,0.21,0.3418,15.0,74.0,43.8038,42.5,16.8122,0.0906,-1.0833,14.5,27.5,0.0769,0.0769,0.022,0.022,0.0351,0.0351,3.8735,0.023,SVC,0.8880374261968101,0.8964881792046335,0.8970927975950355,0.8963871097643475,0.908151244303167,0.8967535544664251,0.8967893639377186,0.9031572648101274,0.886413930839071
drug,Age,200.0,0.105,0.3128,15.0,74.0,43.6034,43.0,16.3223,0.0611,-1.0475,14.0,27.5,0.072,0.072,0.0336,0.0336,0.0519,0.0519,3.902,0.0223,DecisionTree,0.9797191697191696,0.9836912393162394,0.9628479853479853,0.975552503052503,0.9753792735042736,0.9917582417582418,0.9794163475413475,0.9878792735042735,0.975552503052503
drug,Age,200.0,0.105,0.3128,15.0,74.0,43.6034,43.0,16.3223,0.0611,-1.0475,14.0,27.5,0.072,0.072,0.0336,0.0336,0.0519,0.0519,3.902,0.0223,LogisticRegression,0.9493551550375815,0.9217835517732347,0.9328168730581229,0.9493551550375815,0.945347218529645,0.9493551550375815,0.9405605314759219,0.9206330283200796,0.9448859283013188
drug,Age,200.0,0.105,0.3128,15.0,74.0,43.6034,43.0,16.3223,0.0611,-1.0475,14.0,27.5,0.072,0.072,0.0336,0.0336,0.0519,0.0519,3.902,0.0223,KNN,0.7082484457770943,0.7283513724709194,0.7258277415712313,0.7303176285734089,0.7212199459802312,0.7082484457770943,0.7255559493431146,0.7459978797803077,0.7252862954397398
drug,Age,200.0,0.105,0.3128,15.0,74.0,43.6034,43.0,16.3223,0.0611,-1.0475,14.0,27.5,0.072,0.072,0.0336,0.0336,0.0519,0.0519,3.902,0.0223,RandomForest,0.9627266483516483,0.9665575396825397,0.965068426943427,0.957501599707482,0.9535295301104124,0.9665575396825397,0.9625981888481888,0.970611002559532,0.9582231888481888
drug,Age,200.0,0.105,0.3128,15.0,74.0,43.6034,43.0,16.3223,0.0611,-1.0475,14.0,27.5,0.072,0.072,0.0336,0.0336,0.0519,0.0519,3.902,0.0223,AdaBoost,0.7873652677712255,0.7873652677712255,0.7873652677712255,0.7873652677712255,0.7873652677712255,0.7873652677712255,0.7873652677712255,0.7873652677712255,0.7873652677712255
drug,Age,200.0,0.105,0.3128,15.0,74.0,43.6034,43.0,16.3223,0.0611,-1.0475,14.0,27.5,0.072,0.072,0.0336,0.0336,0.0519,0.0519,3.902,0.0223,SVC,0.8908491428680259,0.8992989142198268,0.8785518810021626,0.8788271738239981,0.8838263988897125,0.8988826024639855,0.8907142113120373,0.8986566762371633,0.8872091321725246
drug,Age,200.0,0.07,0.3011,15.0,74.0,44.4785,45.0,16.4396,0.0147,-1.0609,14.0,27.0,0.0408,0.0408,0.0263,0.0263,0.041,0.041,3.9177,0.0227,DecisionTree,0.9793030118030117,0.9834696784696784,0.9834696784696784,0.9793030118030117,0.9706587047212047,0.9915995115995117,0.9749619824619824,0.9915781440781442,0.9748371399841989
drug,Age,200.0,0.07,0.3011,15.0,74.0,44.4785,45.0,16.4396,0.0147,-1.0609,14.0,27.0,0.0408,0.0408,0.0263,0.0263,0.041,0.041,3.9177,0.0227,LogisticRegression,0.9315641301111012,0.9141930954499297,0.9285582734465332,0.9285582734465332,0.9285582734465332,0.9315641301111012,0.9443308266557723,0.8991833488612356,0.940542670367616
drug,Age,200.0,0.07,0.3011,15.0,74.0,44.4785,45.0,16.4396,0.0147,-1.0609,14.0,27.0,0.0408,0.0408,0.0263,0.0263,0.041,0.041,3.9177,0.0227,KNN,0.70771336996337,0.7338904206993118,0.7367816022941182,0.7368330320995373,0.7365672002160099,0.715469300037921,0.7305488812657931,0.7417531319734457,0.7240358728746886
drug,Age,200.0,0.07,0.3011,15.0,74.0,44.4785,45.0,16.4396,0.0147,-1.0609,14.0,27.0,0.0408,0.0408,0.0263,0.0263,0.041,0.041,3.9177,0.0227,RandomForest,0.9709269434269434,0.9872592338217339,0.9750936100936101,0.970991045991046,0.9624989824989825,0.9790354090354091,0.9788081363081363,0.9872592338217339,0.9662412913883502
drug,Age,200.0,0.07,0.3011,15.0,74.0,44.4785,45.0,16.4396,0.0147,-1.0609,14.0,27.0,0.0408,0.0408,0.0263,0.0263,0.041,0.041,3.9177,0.0227,AdaBoost,0.7873652677712255,0.7873652677712255,0.7873652677712255,0.7873652677712255,0.7873652677712255,0.7873652677712255,0.7873652677712255,0.7873652677712255,0.7873652677712255
drug,Age,200.0,0.07,0.3011,15.0,74.0,44.4785,45.0,16.4396,0.0147,-1.0609,14.0,27.0,0.0408,0.0408,0.0263,0.0263,0.041,0.041,3.9177,0.0227,SVC,0.8803027863574756,0.8952463355775913,0.867438192448389,0.8720599197811327,0.8680739442081078,0.875824741473833,0.8871455586689132,0.9077366381032785,0.8798126573966021
drug,Age,200.0,0.06,0.2979,15.0,74.0,44.5904,45.0,16.6048,-0.0079,-1.132,14.0,27.25,0.0791,0.0791,0.0384,0.0384,0.0597,0.0597,3.9149,0.0228,DecisionTree,0.9957661782661783,0.9957661782661783,0.9957661782661783,0.9957661782661783,0.9957661782661783,0.9957661782661783,0.9957661782661783,0.9957661782661783,0.9957661782661783
drug,Age,200.0,0.06,0.2979,15.0,74.0,44.5904,45.0,16.6048,-0.0079,-1.132,14.0,27.25,0.0791,0.0791,0.0384,0.0384,0.0597,0.0597,3.9149,0.0228,LogisticRegression,0.9407627691626814,0.9415228187132211,0.9449294358293481,0.9407627691626814,0.9449294358293481,0.9407627691626814,0.9455805529180141,0.9458347616722229,0.9407627691626814
drug,Age,200.0,0.06,0.2979,15.0,74.0,44.5904,45.0,16.6048,-0.0079,-1.132,14.0,27.25,0.0791,0.0791,0.0384,0.0384,0.0597,0.0597,3.9149,0.0228,KNN,0.777227237594677,0.767290555224432,0.7640509493813065,0.7604499172857548,0.7694197136392722,0.7769181877943482,0.7728339543668287,0.76241718921136,0.7641078472409536
drug,Age,200.0,0.06,0.2979,15.0,74.0,44.5904,45.0,16.6048,-0.0079,-1.132,14.0,27.25,0.0791,0.0791,0.0384,0.0384,0.0597,0.0597,3.9149,0.0228,RandomForest,0.9872592338217339,0.9872592338217339,0.9872592338217339,0.9872592338217339,0.9872592338217339,0.9872592338217339,0.9872592338217339,0.9872592338217339,0.9872592338217339
drug,Age,200.0,0.06,0.2979,15.0,74.0,44.5904,45.0,16.6048,-0.0079,-1.132,14.0,27.25,0.0791,0.0791,0.0384,0.0384,0.0597,0.0597,3.9149,0.0228,AdaBoost,0.7873652677712255,0.7873652677712255,0.7873652677712255,0.7873652677712255,0.7873652677712255,0.7873652677712255,0.7873652677712255,0.7873652677712255,0.7873652677712255
drug,Age,200.0,0.06,0.2979,15.0,74.0,44.5904,45.0,16.6048,-0.0079,-1.132,14.0,27.25,0.0791,0.0791,0.0384,0.0384,0.0597,0.0597,3.9149,0.0228,SVC,0.9119600905858509,0.9078355114612718,0.9244701082843398,0.9119029933742063,0.9203807665935143,0.9203807665935143,0.9078355114612718,0.9080308744857635,0.9119685919442103
drug,Na_to_K,200.0,0.46,1.0,6.269,38.247,15.6871,13.455,6.8344,1.3134,1.2746,3.215,8.1893,0.0438,0.0438,0.0135,0.0135,0.0198,0.0198,4.6821,0.0,DecisionTree,0.7079311736856493,0.6514463002584672,0.7060388226341543,0.6997832542317837,0.5971884240518434,0.7003606525329855,0.7054058252946542,0.7244526861662373,0.6605660339935391
drug,Na_to_K,200.0,0.46,1.0,6.269,38.247,15.6871,13.455,6.8344,1.3134,1.2746,3.215,8.1893,0.0438,0.0438,0.0135,0.0135,0.0198,0.0198,4.6821,0.0,LogisticRegression,0.7163783281430866,0.6132516379822504,0.6803505114814775,0.6989717267549227,0.6889726149256001,0.6891137612705118,0.6655180542899575,0.584215090482372,0.6101561646564376
drug,Na_to_K,200.0,0.46,1.0,6.269,38.247,15.6871,13.455,6.8344,1.3134,1.2746,3.215,8.1893,0.0438,0.0438,0.0135,0.0135,0.0198,0.0198,4.6821,0.0,KNN,0.5824971834189392,0.572936694313001,0.5847768130910428,0.6101466017421917,0.5959353472356792,0.5569284662642411,0.5839702631923864,0.5582100113784227,0.5808614388201253
drug,Na_to_K,200.0,0.46,1.0,6.269,38.247,15.6871,13.455,6.8344,1.3134,1.2746,3.215,8.1893,0.0438,0.0438,0.0135,0.0135,0.0198,0.0198,4.6821,0.0,RandomForest,0.7204019152711114,0.6497075473735272,0.6822314163823597,0.7126743221853058,0.6414368626172984,0.7275774198119643,0.7107538566942317,0.6606899819257279,0.6765659524470268
drug,Na_to_K,200.0,0.46,1.0,6.269,38.247,15.6871,13.455,6.8344,1.3134,1.2746,3.215,8.1893,0.0438,0.0438,0.0135,0.0135,0.0198,0.0198,4.6821,0.0,AdaBoost,0.5942919973544973,0.5235763332620992,0.6267887828851852,0.6236634910448066,0.5648335671461857,0.6037576406789934,0.610454574811554,0.4235089320453748,0.5128537485610698
drug,Na_to_K,200.0,0.46,1.0,6.269,38.247,15.6871,13.455,6.8344,1.3134,1.2746,3.215,8.1893,0.0438,0.0438,0.0135,0.0135,0.0198,0.0198,4.6821,0.0,SVC,0.65889192373947,0.6236345619942112,0.6314347452676732,0.6254469347646493,0.6304931513790156,0.6611144063050843,0.6652792009019324,0.6189340655767027,0.6629009034651518
drug,Na_to_K,200.0,0.435,0.9912,6.269,38.247,17.1174,15.171,7.5585,0.8973,0.0184,4.504,9.344,0.0268,0.0268,0.0059,0.0059,0.0015,0.0015,4.7151,0.0001,DecisionTree,0.6767137010166401,0.7316816257136667,0.6239602379824208,0.6611068465412815,0.6485072853763684,0.6687711573669538,0.7176524671025813,0.7154967239032364,0.6480873520768596
drug,Na_to_K,200.0,0.435,0.9912,6.269,38.247,17.1174,15.171,7.5585,0.8973,0.0184,4.504,9.344,0.0268,0.0268,0.0059,0.0059,0.0015,0.0015,4.7151,0.0001,LogisticRegression,0.6788749432001774,0.6516491491669527,0.6065480952897391,0.6772197501346495,0.6827798597190836,0.6805353488362642,0.7046109376024657,0.6295331051729962,0.6286303229154606
drug,Na_to_K,200.0,0.435,0.9912,6.269,38.247,17.1174,15.171,7.5585,0.8973,0.0184,4.504,9.344,0.0268,0.0268,0.0059,0.0059,0.0015,0.0015,4.7151,0.0001,KNN,0.6004699934097217,0.5932496770988922,0.5683505258460722,0.5955765098951689,0.5812585687826708,0.6139374506824525,0.6168775147800545,0.6066961014017969,0.5587735812982176
drug,Na_to_K,200.0,0.435,0.9912,6.269,38.247,17.1174,15.171,7.5585,0.8973,0.0184,4.504,9.344,0.0268,0.0268,0.0059,0.0059,0.0015,0.0015,4.7151,0.0001,RandomForest,0.7351080749672443,0.7200797534612859,0.5727743664159191,0.6972179984656796,0.6826452846193535,0.6945245640033324,0.7362389009905151,0.7381143849842031,0.6486311219644553
drug,Na_to_K,200.0,0.435,0.9912,6.269,38.247,17.1174,15.171,7.5585,0.8973,0.0184,4.504,9.344,0.0268,0.0268,0.0059,0.0059,0.0015,0.0015,4.7151,0.0001,AdaBoost,0.5082173842399,0.6067587840357883,0.5923558102444271,0.5807927365404423,0.5880397786884979,0.5687931575402732,0.6420178306415558,0.6355066305164253,0.5938105769176242
drug,Na_to_K,200.0,0.435,0.9912,6.269,38.247,17.1174,15.171,7.5585,0.8973,0.0184,4.504,9.344,0.0268,0.0268,0.0059,0.0059,0.0015,0.0015,4.7151,0.0001,SVC,0.6778453402105469,0.6508229257426975,0.5550069842885934,0.6455241993262304,0.6253031473541713,0.663019174886448,0.6760700766768797,0.619265340873786,0.6163170911332676
drug,Na_to_K,200.0,0.42,1.0,6.269,38.247,16.1478,13.9695,7.3152,1.1545,0.6693,3.9885,8.7375,0.0329,0.0329,0.0248,0.0248,0.0329,0.0329,4.7536,0.0,DecisionTree,0.7247342557900109,0.7340796058374456,0.7218019940659517,0.7156185652243461,0.7248358022181027,0.7082614162998985,0.7135349723073794,0.7519360007697121,0.7063170112811794
drug,Na_to_K,200.0,0.42,1.0,6.269,38.247,16.1478,13.9695,7.3152,1.1545,0.6693,3.9885,8.7375,0.0329,0.0329,0.0248,0.0248,0.0329,0.0329,4.7536,0.0,LogisticRegression,0.7935341576485381,0.6410890348051057,0.707660276038639,0.7458880481374598,0.7520634054483308,0.747322615285406,0.7320068474013981,0.5761760555751069,0.6450197306524681
drug,Na_to_K,200.0,0.42,1.0,6.269,38.247,16.1478,13.9695,7.3152,1.1545,0.6693,3.9885,8.7375,0.0329,0.0329,0.0248,0.0248,0.0329,0.0329,4.7536,0.0,KNN,0.5863052655393532,0.5986888553925873,0.5685732021298272,0.5985980873703889,0.5642567879500914,0.5758596530577463,0.5943621952195361,0.566058142846936,0.5865061360562461
drug,Na_to_K,200.0,0.42,1.0,6.269,38.247,16.1478,13.9695,7.3152,1.1545,0.6693,3.9885,8.7375,0.0329,0.0329,0.0248,0.0248,0.0329,0.0329,4.7536,0.0,RandomForest,0.7330819059544683,0.7036058531965532,0.6672339232931808,0.7154042262204028,0.7333494853755103,0.7557634800551634,0.7315186465433448,0.7315170989144075,0.6920430088288188
drug,Na_to_K,200.0,0.42,1.0,6.269,38.247,16.1478,13.9695,7.3152,1.1545,0.6693,3.9885,8.7375,0.0329,0.0329,0.0248,0.0248,0.0329,0.0329,4.7536,0.0,AdaBoost,0.5644111035444208,0.6142864288984103,0.6635885812730075,0.6022535687043695,0.6253716069505544,0.7040456454407894,0.6490090844768335,0.6101748952777438,0.5608603468290625
drug,Na_to_K,200.0,0.42,1.0,6.269,38.247,16.1478,13.9695,7.3152,1.1545,0.6693,3.9885,8.7375,0.0329,0.0329,0.0248,0.0248,0.0329,0.0329,4.7536,0.0,SVC,0.6670493380349521,0.6365954683961568,0.5918042411396899,0.6349664848574492,0.6366001102224232,0.6542619807694421,0.662327975399092,0.628514216793304,0.6280287799624471
drug,Na_to_K,200.0,0.41,0.9831,6.769,34.997,15.73,13.22,6.7416,0.9878,0.1258,3.593,8.2648,0.0211,0.0211,0.0218,0.0218,0.0282,0.0282,4.7472,0.0001,DecisionTree,0.7568482478886531,0.7419012679873097,0.6757256073299507,0.6848888013628579,0.6761800597681108,0.7267411859382884,0.7077059794732654,0.7138590615385728,0.654055109474054
drug,Na_to_K,200.0,0.41,0.9831,6.769,34.997,15.73,13.22,6.7416,0.9878,0.1258,3.593,8.2648,0.0211,0.0211,0.0218,0.0218,0.0282,0.0282,4.7472,0.0001,LogisticRegression,0.7436225213220982,0.6374945556492848,0.6412856125356126,0.7288531254578001,0.7130512468703716,0.7022495168245486,0.7077137681021202,0.6024246218262612,0.6317174080744772
drug,Na_to_K,200.0,0.41,0.9831,6.769,34.997,15.73,13.22,6.7416,0.9878,0.1258,3.593,8.2648,0.0211,0.0211,0.0218,0.0218,0.0282,0.0282,4.7472,0.0001,KNN,0.5951935858453715,0.5377481721629701,0.5836437962033114,0.5773137342022988,0.6157237625492264,0.5749269381255991,0.5640522437281515,0.5680698028646644,0.5518589919628849
drug,Na_to_K,200.0,0.41,0.9831,6.769,34.997,15.73,13.22,6.7416,0.9878,0.1258,3.593,8.2648,0.0211,0.0211,0.0218,0.0218,0.0282,0.0282,4.7472,0.0001,RandomForest,0.7130060709927005,0.6605743528562571,0.6091914679439919,0.6772984931587888,0.6654216137608022,0.6916212036081024,0.6968316748216952,0.6966942569598601,0.5790393442277884
drug,Na_to_K,200.0,0.41,0.9831,6.769,34.997,15.73,13.22,6.7416,0.9878,0.1258,3.593,8.2648,0.0211,0.0211,0.0218,0.0218,0.0282,0.0282,4.7472,0.0001,AdaBoost,0.6472085019724758,0.6204622396732948,0.6064992876653493,0.6109281340116305,0.6283406930004056,0.5942349440249759,0.6042939180392082,0.6327113890611684,0.5866479178855045
drug,Na_to_K,200.0,0.41,0.9831,6.769,34.997,15.73,13.22,6.7416,0.9878,0.1258,3.593,8.2648,0.0211,0.0211,0.0218,0.0218,0.0282,0.0282,4.7472,0.0001,SVC,0.6823850091071608,0.6256889787583385,0.5668329682500777,0.6295697241017619,0.6226377608979538,0.6508258195797185,0.6509149031001279,0.6275622259205993,0.5981197949212518
drug,Na_to_K,200.0,0.22,0.9936,6.683,38.247,16.6567,15.0255,7.2895,0.87,-0.0353,4.734,9.9575,0.0285,0.0285,0.0154,0.0154,0.025,0.025,5.041,0.0,DecisionTree,0.8512592035657589,0.8513482232563152,0.8177830559526251,0.79692101302159,0.7949870412679998,0.815605858005556,0.8359359710386156,0.8436232489612544,0.7952607811136028
drug,Na_to_K,200.0,0.22,0.9936,6.683,38.247,16.6567,15.0255,7.2895,0.87,-0.0353,4.734,9.9575,0.0285,0.0285,0.0154,0.0154,0.025,0.025,5.041,0.0,LogisticRegression,0.784052316986226,0.7837779482560244,0.7800378046924947,0.7666408105658533,0.8038216972111036,0.7698634328492597,0.7940975080805404,0.7664540476825151,0.7486978227162653
drug,Na_to_K,200.0,0.22,0.9936,6.683,38.247,16.6567,15.0255,7.2895,0.87,-0.0353,4.734,9.9575,0.0285,0.0285,0.0154,0.0154,0.025,0.025,5.041,0.0,KNN,0.6375185355392751,0.6626862980281121,0.6403687658565109,0.6451351222122389,0.6434137539135092,0.6281438449739972,0.6428376283709278,0.6545194799085408,0.6145222206650572
drug,Na_to_K,200.0,0.22,0.9936,6.683,38.247,16.6567,15.0255,7.2895,0.87,-0.0353,4.734,9.9575,0.0285,0.0285,0.0154,0.0154,0.025,0.025,5.041,0.0,RandomForest,0.8284887233752324,0.8101892867273113,0.8040889573389574,0.7888423935025161,0.7828179929347557,0.785639811652749,0.8152708456563619,0.8840417945487604,0.8072884834313476
drug,Na_to_K,200.0,0.22,0.9936,6.683,38.247,16.6567,15.0255,7.2895,0.87,-0.0353,4.734,9.9575,0.0285,0.0285,0.0154,0.0154,0.025,0.025,5.041,0.0,AdaBoost,0.747666496456523,0.6226148385941045,0.6624243013017184,0.6017380408461552,0.743468625196379,0.6919238721983659,0.6825751709644697,0.7111343091031515,0.6531497579706995
drug,Na_to_K,200.0,0.22,0.9936,6.683,38.247,16.6567,15.0255,7.2895,0.87,-0.0353,4.734,9.9575,0.0285,0.0285,0.0154,0.0154,0.025,0.025,5.041,0.0,SVC,0.7050441513916876,0.7234226138711547,0.7318218684448743,0.7083081863798131,0.7211749836950065,0.7003972724267394,0.7138389847538398,0.7333177884578489,0.6617557308602743
drug,Na_to_K,200.0,0.25,0.9933,6.683,38.247,15.4623,13.4555,6.7143,1.0789,0.6974,3.753,8.8075,0.033,0.033,0.0379,0.0379,0.0555,0.0555,5.0014,0.0,DecisionTree,0.8534769968397009,0.8714824314223144,0.7830630466068997,0.8668981656461012,0.8679973082056416,0.806189821972662,0.8565383266367136,0.8378637916875903,0.8188652267918157
drug,Na_to_K,200.0,0.25,0.9933,6.683,38.247,15.4623,13.4555,6.7143,1.0789,0.6974,3.753,8.8075,0.033,0.033,0.0379,0.0379,0.0555,0.0555,5.0014,0.0,LogisticRegression,0.8486936836803858,0.7180270782720166,0.7763338721201068,0.8368178703024721,0.8351866998741999,0.8273779170986618,0.7926281883092511,0.6456846140717108,0.7591318901578844
drug,Na_to_K,200.0,0.25,0.9933,6.683,38.247,15.4623,13.4555,6.7143,1.0789,0.6974,3.753,8.8075,0.033,0.033,0.0379,0.0379,0.0555,0.0555,5.0014,0.0,KNN,0.6871819148190852,0.6418337950391839,0.6831906243106857,0.6708280843522619,0.7271793878217265,0.6844483312488937,0.677171276663958,0.6401122479481695,0.6542920462144819
drug,Na_to_K,200.0,0.25,0.9933,6.683,38.247,15.4623,13.4555,6.7143,1.0789,0.6974,3.753,8.8075,0.033,0.033,0.0379,0.0379,0.0555,0.0555,5.0014,0.0,RandomForest,0.8257435201007273,0.8449960525411546,0.7865596347082631,0.8601393293584788,0.8644236047768656,0.820845584881765,0.8651155342264087,0.8445903537766866,0.8311728072031256
drug,Na_to_K,200.0,0.25,0.9933,6.683,38.247,15.4623,13.4555,6.7143,1.0789,0.6974,3.753,8.8075,0.033,0.033,0.0379,0.0379,0.0555,0.0555,5.0014,0.0,AdaBoost,0.7342594935257979,0.7050037733463135,0.6899280844365933,0.6698919537960158,0.7259315036935994,0.6828649444028194,0.7128053300624091,0.5812924386560363,0.7026552619689381
drug,Na_to_K,200.0,0.25,0.9933,6.683,38.247,15.4623,13.4555,6.7143,1.0789,0.6974,3.753,8.8075,0.033,0.033,0.0379,0.0379,0.0555,0.0555,5.0014,0.0,SVC,0.7845319016238828,0.7498627274043514,0.7599599376523207,0.7661264337742042,0.788346296477754,0.7714869011069851,0.7700671990174579,0.7044342245445185,0.7126029203749586
drug,Na_to_K,200.0,0.215,0.9936,6.269,38.247,15.4358,13.597,6.8043,1.1872,0.932,3.703,8.699,0.1364,0.1364,0.0688,0.0688,0.1004,0.1004,5.0474,0.0,DecisionTree,0.9157424842187026,0.8851553060214239,0.8031219563624034,0.820441827253309,0.8115639425471911,0.8737373056249149,0.8369550612207242,0.8465688158417234,0.8887606518233117
drug,Na_to_K,200.0,0.215,0.9936,6.269,38.247,15.4358,13.597,6.8043,1.1872,0.932,3.703,8.699,0.1364,0.1364,0.0688,0.0688,0.1004,0.1004,5.0474,0.0,LogisticRegression,0.8917390393585021,0.7399930962923814,0.7727235153698264,0.8620357884872236,0.813639005061531,0.8839955959849359,0.8489426175434235,0.6550220870276049,0.7969824705675155
drug,Na_to_K,200.0,0.215,0.9936,6.269,38.247,15.4358,13.597,6.8043,1.1872,0.932,3.703,8.699,0.1364,0.1364,0.0688,0.0688,0.1004,0.1004,5.0474,0.0,KNN,0.695992229056973,0.6540135059729202,0.6824722697729211,0.6805638106344186,0.7044633534667836,0.6802703988406413,0.671524569350221,0.6691665730251968,0.6924880715087388
drug,Na_to_K,200.0,0.215,0.9936,6.269,38.247,15.4358,13.597,6.8043,1.1872,0.932,3.703,8.699,0.1364,0.1364,0.0688,0.0688,0.1004,0.1004,5.0474,0.0,RandomForest,0.9040994666556039,0.8692427777254362,0.7920355793631655,0.8451799966658935,0.8198282665592316,0.8625984258433816,0.8521984513051741,0.8388964367084262,0.8618334322954205
drug,Na_to_K,200.0,0.215,0.9936,6.269,38.247,15.4358,13.597,6.8043,1.1872,0.932,3.703,8.699,0.1364,0.1364,0.0688,0.0688,0.1004,0.1004,5.0474,0.0,AdaBoost,0.6476901280036685,0.7223053778154487,0.6940523078581844,0.6178629162540756,0.7005124976628774,0.7626629697167147,0.7008290489993034,0.7125995954994928,0.7084332123687287
drug,Na_to_K,200.0,0.215,0.9936,6.269,38.247,15.4358,13.597,6.8043,1.1872,0.932,3.703,8.699,0.1364,0.1364,0.0688,0.0688,0.1004,0.1004,5.0474,0.0,SVC,0.8386242970421505,0.7386864611919278,0.7297935555273628,0.798748451090801,0.7953694364287139,0.8064367721927348,0.7793752465481162,0.7204226367768034,0.7512246637004794
drug,Na_to_K,200.0,0.14,0.9884,6.269,35.639,15.773,13.9095,6.6645,0.9303,0.0986,4.097,8.6567,0.0926,0.0926,0.046,0.046,0.0713,0.0713,5.1314,0.0,DecisionTree,0.9250071753236726,0.8821345248629684,0.8675759842951412,0.9201124174422393,0.8777665741519436,0.916873249193663,0.8949813852908262,0.8960420179091767,0.9300078339126667
drug,Na_to_K,200.0,0.14,0.9884,6.269,35.639,15.773,13.9095,6.6645,0.9303,0.0986,4.097,8.6567,0.0926,0.0926,0.046,0.046,0.0713,0.0713,5.1314,0.0,LogisticRegression,0.9169090878929874,0.8524310571706665,0.8620387127887128,0.8784606178779768,0.8817068637255567,0.9032256385468416,0.8771756830968258,0.7304645312794082,0.8780306621226386
drug,Na_to_K,200.0,0.14,0.9884,6.269,35.639,15.773,13.9095,6.6645,0.9303,0.0986,4.097,8.6567,0.0926,0.0926,0.046,0.046,0.0713,0.0713,5.1314,0.0,KNN,0.7204146011318252,0.7006096555935131,0.717555928349195,0.7019929515092693,0.7180002287886569,0.6979867621018583,0.6900619722986074,0.6866588593919338,0.7305917317160675
drug,Na_to_K,200.0,0.14,0.9884,6.269,35.639,15.773,13.9095,6.6645,0.9303,0.0986,4.097,8.6567,0.0926,0.0926,0.046,0.046,0.0713,0.0713,5.1314,0.0,RandomForest,0.9167691655513284,0.9043288240547716,0.885097957750967,0.9381124920139918,0.9124380760618787,0.8948391130138749,0.9040946102711357,0.8983383289174961,0.9288664262756061
drug,Na_to_K,200.0,0.14,0.9884,6.269,35.639,15.773,13.9095,6.6645,0.9303,0.0986,4.097,8.6567,0.0926,0.0926,0.046,0.046,0.0713,0.0713,5.1314,0.0,AdaBoost,0.7135770428951722,0.7293102737790458,0.6398732491906525,0.6609653439502821,0.710567064320415,0.6168195033097236,0.6767748603975601,0.5721967801857535,0.6373004035843366
drug,Na_to_K,200.0,0.14,0.9884,6.269,35.639,15.773,13.9095,6.6645,0.9303,0.0986,4.097,8.6567,0.0926,0.0926,0.046,0.046,0.0713,0.0713,5.1314,0.0,SVC,0.8283555190155987,0.8158630744710813,0.8245371410725388,0.8529509167329534,0.8621692788827618,0.8401926771675113,0.8354870727478485,0.7941601029807551,0.8214520407620756
drug,Na_to_K,200.0,0.115,0.9887,6.269,38.247,16.2224,13.967,7.327,1.0261,0.3003,4.29,8.97,0.0285,0.0285,0.0016,0.0016,0.0029,0.0029,5.1605,0.0,DecisionTree,0.9665804201769632,0.9330087139955561,0.9248050064884796,0.9168280300137812,0.9171179021934005,0.9074959833044576,0.8906410877682521,0.9587418366195986,0.883594903347286
drug,Na_to_K,200.0,0.115,0.9887,6.269,38.247,16.2224,13.967,7.327,1.0261,0.3003,4.29,8.97,0.0285,0.0285,0.0016,0.0016,0.0029,0.0029,5.1605,0.0,LogisticRegression,0.9298717556239253,0.8434980634652858,0.879106165717196,0.8962732062029762,0.9252066521788445,0.9086481894297641,0.8832317503837518,0.8205062987062293,0.8221861912759072
drug,Na_to_K,200.0,0.115,0.9887,6.269,38.247,16.2224,13.967,7.327,1.0261,0.3003,4.29,8.97,0.0285,0.0285,0.0016,0.0016,0.0029,0.0029,5.1605,0.0,KNN,0.7279218197772412,0.7066988383263446,0.7257524118012184,0.7327250539967708,0.7416946167053041,0.7279218197772412,0.7234318773331931,0.6872399103495594,0.7154942790639862
drug,Na_to_K,200.0,0.115,0.9887,6.269,38.247,16.2224,13.967,7.327,1.0261,0.3003,4.29,8.97,0.0285,0.0285,0.0016,0.0016,0.0029,0.0029,5.1605,0.0,RandomForest,0.9539405408155408,0.9293845753598076,0.9283169947115413,0.9037660444998901,0.9533062004507946,0.9537011760991531,0.916141186119547,0.9362789375148133,0.9081199341975845
drug,Na_to_K,200.0,0.115,0.9887,6.269,38.247,16.2224,13.967,7.327,1.0261,0.3003,4.29,8.97,0.0285,0.0285,0.0016,0.0016,0.0029,0.0029,5.1605,0.0,AdaBoost,0.7336974049204965,0.6839626487446436,0.6884230685335336,0.6713967580136988,0.7166966407633976,0.710483388892179,0.7387805576993602,0.7478349070394857,0.698335853579022
drug,Na_to_K,200.0,0.115,0.9887,6.269,38.247,16.2224,13.967,7.327,1.0261,0.3003,4.29,8.97,0.0285,0.0285,0.0016,0.0016,0.0029,0.0029,5.1605,0.0,SVC,0.8744698036984436,0.8363273810951892,0.8284717732233259,0.8285480317342764,0.8536625700017388,0.8325520748798938,0.8326635966249655,0.8035605503184988,0.8033111878031916
drug,Na_to_K,200.0,0.07,0.9946,6.269,38.247,16.1574,13.9345,7.3667,1.0167,0.2279,4.224,8.9602,0.056,0.056,0.0224,0.0224,0.0349,0.0349,5.2183,0.0,DecisionTree,0.9437811912007592,0.9214928773333946,0.9480037119088547,0.9521966135745078,0.9196515865614949,0.9647069525850719,0.9285222251523015,0.970334353238411,0.9277646058613229
drug,Na_to_K,200.0,0.07,0.9946,6.269,38.247,16.1574,13.9345,7.3667,1.0167,0.2279,4.224,8.9602,0.056,0.056,0.0224,0.0224,0.0349,0.0349,5.2183,0.0,LogisticRegression,0.8936045272427737,0.877307707774749,0.9070280477682262,0.8848269258263343,0.8663942468903573,0.9056318601348805,0.9031553498671036,0.8510342982421008,0.8666457249060509
drug,Na_to_K,200.0,0.07,0.9946,6.269,38.247,16.1574,13.9345,7.3667,1.0167,0.2279,4.224,8.9602,0.056,0.056,0.0224,0.0224,0.0349,0.0349,5.2183,0.0,KNN,0.7342862274949191,0.7160339562286752,0.7262428815068245,0.7288164699226114,0.7166842414733752,0.7342862274949191,0.7236976385356684,0.6917370337862069,0.7229062336192311
drug,Na_to_K,200.0,0.07,0.9946,6.269,38.247,16.1574,13.9345,7.3667,1.0167,0.2279,4.224,8.9602,0.056,0.056,0.0224,0.0224,0.0349,0.0349,5.2183,0.0,RandomForest,0.9353900586634811,0.9463380476898825,0.9563973181865337,0.9401120471634904,0.9274939491789982,0.9443608205066538,0.9488564726611175,0.9712840806584575,0.9402413294454924
drug,Na_to_K,200.0,0.07,0.9946,6.269,38.247,16.1574,13.9345,7.3667,1.0167,0.2279,4.224,8.9602,0.056,0.056,0.0224,0.0224,0.0349,0.0349,5.2183,0.0,AdaBoost,0.632791630208033,0.7883871506261273,0.52000385065533,0.6484560715071468,0.6415505705220494,0.511883574216678,0.6683399484752173,0.8008061602707057,0.6802912950586866
drug,Na_to_K,200.0,0.07,0.9946,6.269,38.247,16.1574,13.9345,7.3667,1.0167,0.2279,4.224,8.9602,0.056,0.056,0.0224,0.0224,0.0349,0.0349,5.2183,0.0,SVC,0.8684035237122146,0.825727302581156,0.8490864069184739,0.8522589074393044,0.8474689821103525,0.8608214870485136,0.8739646706918296,0.847641014876476,0.8270426331476164
electricity-normalized,nswprice,45312.0,0.4991,0.1515,0.0,1.0,0.0581,0.0485,0.0424,9.7483,166.9769,0.0174,0.0391,0.2971,0.2994,0.2245,0.2699,0.3265,0.3724,7.5937,0.0,DecisionTree,0.7161317208742515,0.7115268636369078,0.7109763985303753,0.7141470421321992,0.7127633514060203,0.711277008413082,0.7077420083993331,0.698156285238206,0.7138722588747022
electricity-normalized,nswprice,45312.0,0.4991,0.1515,0.0,1.0,0.0581,0.0485,0.0424,9.7483,166.9769,0.0174,0.0391,0.2971,0.2994,0.2245,0.2699,0.3265,0.3724,7.5937,0.0,LogisticRegression,0.7024131450686399,0.70139269391882,0.6976026765872444,0.6975613332114945,0.6979289128883432,0.7034634918524529,0.668740944894354,0.6868660811747817,0.7000933962167637
electricity-normalized,nswprice,45312.0,0.4991,0.1515,0.0,1.0,0.0581,0.0485,0.0424,9.7483,166.9769,0.0174,0.0391,0.2971,0.2994,0.2245,0.2699,0.3265,0.3724,7.5937,0.0,KNN,0.714033727718048,0.716229142916631,0.7166611676458015,0.7176745411792992,0.7180607509169439,0.7160049648823686,0.715210995267448,0.7036892854387591,0.7163054473750439
electricity-normalized,nswprice,45312.0,0.4991,0.1515,0.0,1.0,0.0581,0.0485,0.0424,9.7483,166.9769,0.0174,0.0391,0.2971,0.2994,0.2245,0.2699,0.3265,0.3724,7.5937,0.0,RandomForest,0.7289950284857591,0.7236039120954333,0.7202686952224427,0.723825628096481,0.7233241812281791,0.7250359720844951,0.7261036230584144,0.7148578068294442,0.7236967321944688
electricity-normalized,nswprice,45312.0,0.4991,0.1515,0.0,1.0,0.0581,0.0485,0.0424,9.7483,166.9769,0.0174,0.0391,0.2971,0.2994,0.2245,0.2699,0.3265,0.3724,7.5937,0.0,AdaBoost,0.7014386411395415,0.6960564467143249,0.7038396810169838,0.7066115959143191,0.7060487649063258,0.7013853365444725,0.6962525815555095,0.6889863298063219,0.6999717507249201
electricity-normalized,nswprice,45312.0,0.4991,0.1515,0.0,1.0,0.0581,0.0485,0.0424,9.7483,166.9769,0.0174,0.0391,0.2971,0.2994,0.2245,0.2699,0.3265,0.3724,7.5937,0.0,SVC,0.6966267467456824,0.7047395272151641,0.7009861339129971,0.705049375319657,0.7102011130234667,0.7069912555058474,0.6871778461419437,0.6818780183807767,0.7052729159023771
electricity-normalized,nswprice,45312.0,0.4496,0.1405,0.0,1.0,0.0578,0.0485,0.0408,9.4842,168.1576,0.0174,0.0388,0.3068,0.3115,0.2291,0.2828,0.3335,0.3891,7.5959,0.0,DecisionTree,0.7208050859840437,0.7127739991258051,0.7165647776078532,0.716489817766568,0.7182730869478121,0.7130107491848758,0.7090642723889371,0.6991068365015827,0.7165664154052569
electricity-normalized,nswprice,45312.0,0.4496,0.1405,0.0,1.0,0.0578,0.0485,0.0408,9.4842,168.1576,0.0174,0.0388,0.3068,0.3115,0.2291,0.2828,0.3335,0.3891,7.5959,0.0,LogisticRegression,0.7026057272618482,0.7033825660569994,0.7013260218099133,0.7034196844110802,0.7018726975413387,0.7065324293154928,0.6738698322868466,0.689510476620778,0.7008055783848569
electricity-normalized,nswprice,45312.0,0.4496,0.1405,0.0,1.0,0.0578,0.0485,0.0408,9.4842,168.1576,0.0174,0.0388,0.3068,0.3115,0.2291,0.2828,0.3335,0.3891,7.5959,0.0,KNN,0.7177487929064372,0.7174095480981779,0.7210027022702084,0.7197026476111622,0.720845954243052,0.716489652510429,0.7172776062714873,0.7068041096000456,0.7191153379225217
electricity-normalized,nswprice,45312.0,0.4496,0.1405,0.0,1.0,0.0578,0.0485,0.0408,9.4842,168.1576,0.0174,0.0388,0.3068,0.3115,0.2291,0.2828,0.3335,0.3891,7.5959,0.0,RandomForest,0.7318774058478629,0.7268594762364522,0.728259383281543,0.728217578418503,0.7275224506168725,0.7263843583684035,0.7265793619125261,0.7169707949718238,0.7259814444515246
electricity-normalized,nswprice,45312.0,0.4496,0.1405,0.0,1.0,0.0578,0.0485,0.0408,9.4842,168.1576,0.0174,0.0388,0.3068,0.3115,0.2291,0.2828,0.3335,0.3891,7.5959,0.0,AdaBoost,0.7032048428174611,0.703224175811278,0.7090658380521431,0.7086615039266022,0.711522582517705,0.7067567217310478,0.7003264163534818,0.6916512236636654,0.7070817987197281
electricity-normalized,nswprice,45312.0,0.4496,0.1405,0.0,1.0,0.0578,0.0485,0.0408,9.4842,168.1576,0.0174,0.0388,0.3068,0.3115,0.2291,0.2828,0.3335,0.3891,7.5959,0.0,SVC,0.697320909500388,0.7061430359890944,0.7127139848850724,0.7017082701717577,0.711162073070799,0.7058388577132083,0.7025314690010815,0.6889784827764447,0.7057335402309232
electricity-normalized,nswprice,45312.0,0.4017,0.1318,0.0,1.0,0.0578,0.0488,0.0402,9.4231,167.7121,0.0173,0.0388,0.303,0.3083,0.2254,0.2734,0.3282,0.3773,7.6034,0.0,DecisionTree,0.7276215454689009,0.7243415552515757,0.7255455673223322,0.7278189729181824,0.7261112104332041,0.7261466949839184,0.7212030703332067,0.7119000465428178,0.7251488367076324
electricity-normalized,nswprice,45312.0,0.4017,0.1318,0.0,1.0,0.0578,0.0488,0.0402,9.4231,167.7121,0.0173,0.0388,0.303,0.3083,0.2254,0.2734,0.3282,0.3773,7.6034,0.0,LogisticRegression,0.7107169994061859,0.7111062463763014,0.7099635780201307,0.7101583157774818,0.7104290098889969,0.713199127458007,0.6825097318535321,0.6957024092642039,0.7083359649178764
electricity-normalized,nswprice,45312.0,0.4017,0.1318,0.0,1.0,0.0578,0.0488,0.0402,9.4231,167.7121,0.0173,0.0388,0.303,0.3083,0.2254,0.2734,0.3282,0.3773,7.6034,0.0,KNN,0.7273578902037456,0.7262018912666797,0.7281323546678835,0.7291867132304038,0.7296686841366402,0.7267623549197311,0.725635738454588,0.7133438328542275,0.7283069519697993
electricity-normalized,nswprice,45312.0,0.4017,0.1318,0.0,1.0,0.0578,0.0488,0.0402,9.4231,167.7121,0.0173,0.0388,0.303,0.3083,0.2254,0.2734,0.3282,0.3773,7.6034,0.0,RandomForest,0.7427460164607589,0.7383154415440463,0.7368330616836148,0.7394984887532238,0.7383323285151489,0.7392749375763518,0.7380591283169058,0.7306770828976008,0.7382637445554598
electricity-normalized,nswprice,45312.0,0.4017,0.1318,0.0,1.0,0.0578,0.0488,0.0402,9.4231,167.7121,0.0173,0.0388,0.303,0.3083,0.2254,0.2734,0.3282,0.3773,7.6034,0.0,AdaBoost,0.7105149548159615,0.7071784898723334,0.7139731515226553,0.7162478649098699,0.7173394683675732,0.7118224858845443,0.7045504715868486,0.6991287328003237,0.7114774167511446
electricity-normalized,nswprice,45312.0,0.4017,0.1318,0.0,1.0,0.0578,0.0488,0.0402,9.4231,167.7121,0.0173,0.0388,0.303,0.3083,0.2254,0.2734,0.3282,0.3773,7.6034,0.0,SVC,0.7132824565717442,0.7114977430487597,0.7052927735819455,0.7189063786732134,0.7159199888724274,0.7090530831671371,0.6986704746593003,0.7018394502998142,0.7152918439810514
electricity-normalized,nswprice,45312.0,0.3475,0.1243,0.0,1.0,0.0578,0.0486,0.0395,8.7985,152.0746,0.0174,0.0392,0.304,0.3043,0.2227,0.2735,0.3245,0.3777,7.6142,0.0,DecisionTree,0.7318086239612176,0.728024579563047,0.7283768164642419,0.7292206093758469,0.727648035863136,0.7309031408280493,0.7253285742629879,0.7173791185838296,0.7301089709062862
electricity-normalized,nswprice,45312.0,0.3475,0.1243,0.0,1.0,0.0578,0.0486,0.0395,8.7985,152.0746,0.0174,0.0392,0.304,0.3043,0.2227,0.2735,0.3245,0.3777,7.6142,0.0,LogisticRegression,0.7144936408774862,0.7149551610022133,0.7125098844444209,0.7139397240114955,0.7125571768965473,0.7180276024650982,0.6856670344668683,0.7039261609433826,0.7155925614334855
electricity-normalized,nswprice,45312.0,0.3475,0.1243,0.0,1.0,0.0578,0.0486,0.0395,8.7985,152.0746,0.0174,0.0392,0.304,0.3043,0.2227,0.2735,0.3245,0.3777,7.6142,0.0,KNN,0.7327089691822375,0.732473176468992,0.7317675032849971,0.7348339930291921,0.7343385838521279,0.7311227420319613,0.7325602141490952,0.7214262468612896,0.7328412122280765
electricity-normalized,nswprice,45312.0,0.3475,0.1243,0.0,1.0,0.0578,0.0486,0.0395,8.7985,152.0746,0.0174,0.0392,0.304,0.3043,0.2227,0.2735,0.3245,0.3777,7.6142,0.0,RandomForest,0.7481093723558105,0.7448973958693724,0.7446148556301525,0.745918852160952,0.7461857392796298,0.7439531081143622,0.7434657886405214,0.736120698229182,0.7453027941063061
electricity-normalized,nswprice,45312.0,0.3475,0.1243,0.0,1.0,0.0578,0.0486,0.0395,8.7985,152.0746,0.0174,0.0392,0.304,0.3043,0.2227,0.2735,0.3245,0.3777,7.6142,0.0,AdaBoost,0.714739243049905,0.7119556194386298,0.7163520592864273,0.7197846044716151,0.7205526454135817,0.7153023267315404,0.7143091791413353,0.7059444365075755,0.7190564023376435
electricity-normalized,nswprice,45312.0,0.3475,0.1243,0.0,1.0,0.0578,0.0486,0.0395,8.7985,152.0746,0.0174,0.0392,0.304,0.3043,0.2227,0.2735,0.3245,0.3777,7.6142,0.0,SVC,0.7192114449575339,0.7164270307696399,0.7210358502580005,0.7159021827115999,0.7186175469360083,0.7162873651346103,0.7128987629537715,0.7056331281721364,0.7207109364666155
electricity-normalized,nswprice,45312.0,0.3022,0.119,0.0,1.0,0.058,0.0488,0.0395,8.618,147.2143,0.0175,0.0392,0.3087,0.3109,0.2279,0.2771,0.3314,0.3812,7.622,0.0,DecisionTree,0.7387095314155063,0.7350214465488487,0.7356327933309992,0.7371032360352057,0.7376495020833754,0.7350410862559075,0.7365902733966609,0.7269022613321923,0.7326060613052975
electricity-normalized,nswprice,45312.0,0.3022,0.119,0.0,1.0,0.058,0.0488,0.0395,8.618,147.2143,0.0175,0.0392,0.3087,0.3109,0.2279,0.2771,0.3314,0.3812,7.622,0.0,LogisticRegression,0.7201363668496872,0.7227948358825176,0.7193223654407647,0.7201732044931521,0.719703239037325,0.7239110625005871,0.6927584524021113,0.7102523522951246,0.7172732710431681
electricity-normalized,nswprice,45312.0,0.3022,0.119,0.0,1.0,0.058,0.0488,0.0395,8.618,147.2143,0.0175,0.0392,0.3087,0.3109,0.2279,0.2771,0.3314,0.3812,7.622,0.0,KNN,0.7400016065783719,0.7388445117211823,0.740307654725298,0.7421542795227855,0.742375567901356,0.7387031195298075,0.7394231729341715,0.7321410848348555,0.739121044227365
electricity-normalized,nswprice,45312.0,0.3022,0.119,0.0,1.0,0.058,0.0488,0.0395,8.618,147.2143,0.0175,0.0392,0.3087,0.3109,0.2279,0.2771,0.3314,0.3812,7.622,0.0,RandomForest,0.7583486941739175,0.75420756947545,0.7554009421747699,0.7566645332921799,0.756375654360122,0.7554359660760985,0.7556454261567734,0.7461735557444739,0.7538542990459192
electricity-normalized,nswprice,45312.0,0.3022,0.119,0.0,1.0,0.058,0.0488,0.0395,8.618,147.2143,0.0175,0.0392,0.3087,0.3109,0.2279,0.2771,0.3314,0.3812,7.622,0.0,AdaBoost,0.7179704320386557,0.7190098987356619,0.7233933927969795,0.7247940280976712,0.7233059163101238,0.7189074660383542,0.7176354522585011,0.7113383011495065,0.7192378341424653
electricity-normalized,nswprice,45312.0,0.3022,0.119,0.0,1.0,0.058,0.0488,0.0395,8.618,147.2143,0.0175,0.0392,0.3087,0.3109,0.2279,0.2771,0.3314,0.3812,7.622,0.0,SVC,0.7250873660033432,0.7212376220270944,0.7221005829260062,0.7183796120160654,0.7241990007530343,0.7224478952718807,0.720298084043034,0.7140423651103548,0.7269244622615161
electricity-normalized,nswprice,45312.0,0.2501,0.1115,0.0,0.9818,0.0578,0.0487,0.0398,8.9491,156.1859,0.0174,0.039,0.3058,0.3065,0.2252,0.2737,0.3279,0.3777,7.6195,0.0,DecisionTree,0.7473132373625965,0.7446465496131667,0.7424564534767518,0.7477294826471635,0.7443448914639468,0.7427457565217979,0.739427322503912,0.7362743081804316,0.7437804645733479
electricity-normalized,nswprice,45312.0,0.2501,0.1115,0.0,0.9818,0.0578,0.0487,0.0398,8.9491,156.1859,0.0174,0.039,0.3058,0.3065,0.2252,0.2737,0.3279,0.3777,7.6195,0.0,LogisticRegression,0.7262546439919233,0.7287665162469634,0.7250431505167094,0.7262958032252003,0.725852908408542,0.7301661786075537,0.7068911425533048,0.7185240392121115,0.7255114673683895
electricity-normalized,nswprice,45312.0,0.2501,0.1115,0.0,0.9818,0.0578,0.0487,0.0398,8.9491,156.1859,0.0174,0.039,0.3058,0.3065,0.2252,0.2737,0.3279,0.3777,7.6195,0.0,KNN,0.7465747948362282,0.7457858483152054,0.7478094031613526,0.7492666514503165,0.7488619587832505,0.7463644515931909,0.743413979306812,0.7397236549494144,0.7488032879637103
electricity-normalized,nswprice,45312.0,0.2501,0.1115,0.0,0.9818,0.0578,0.0487,0.0398,8.9491,156.1859,0.0174,0.039,0.3058,0.3065,0.2252,0.2737,0.3279,0.3777,7.6195,0.0,RandomForest,0.7661362727813532,0.7626114197511209,0.7646002716107172,0.7645571897247372,0.765417115953567,0.7628911879160091,0.7646696969449442,0.7585637380471147,0.7638002340540463
electricity-normalized,nswprice,45312.0,0.2501,0.1115,0.0,0.9818,0.0578,0.0487,0.0398,8.9491,156.1859,0.0174,0.039,0.3058,0.3065,0.2252,0.2737,0.3279,0.3777,7.6195,0.0,AdaBoost,0.7285149568303333,0.7308588420848197,0.7311132626278483,0.7323616174542611,0.7341047139041459,0.728234916944184,0.7156263299091817,0.722280136865872,0.7321816427741893
electricity-normalized,nswprice,45312.0,0.2501,0.1115,0.0,0.9818,0.0578,0.0487,0.0398,8.9491,156.1859,0.0174,0.039,0.3058,0.3065,0.2252,0.2737,0.3279,0.3777,7.6195,0.0,SVC,0.736200219610217,0.7256114577478492,0.7362270447726716,0.7368754811793492,0.7345670000413809,0.732405160241792,0.7259174938086476,0.7249687665747155,0.7272867246313338
electricity-normalized,nswprice,45312.0,0.2025,0.1071,0.0,1.0,0.058,0.0485,0.041,9.4747,166.5844,0.0174,0.0392,0.3033,0.311,0.2257,0.2744,0.3287,0.3779,7.6282,0.0,DecisionTree,0.7518201783324274,0.7495370076563945,0.7524133269669491,0.7533731251147263,0.7524002364720823,0.7512910246638256,0.7437265575958016,0.7426231879800047,0.7508474414762215
electricity-normalized,nswprice,45312.0,0.2025,0.1071,0.0,1.0,0.058,0.0485,0.041,9.4747,166.5844,0.0174,0.0392,0.3033,0.311,0.2257,0.2744,0.3287,0.3779,7.6282,0.0,LogisticRegression,0.7330976704964046,0.7335486341395215,0.7319876779190838,0.7337244550683018,0.7331978031691793,0.7338317696103607,0.7161312392531372,0.7229588053974361,0.7327196323789089
electricity-normalized,nswprice,45312.0,0.2025,0.1071,0.0,1.0,0.058,0.0485,0.041,9.4747,166.5844,0.0174,0.0392,0.3033,0.311,0.2257,0.2744,0.3287,0.3779,7.6282,0.0,KNN,0.7552576693189961,0.7563131965300518,0.7580421587433922,0.7580438422792766,0.75840446452092,0.7545577418208972,0.7537801212247608,0.7465408363407054,0.7572125571128354
electricity-normalized,nswprice,45312.0,0.2025,0.1071,0.0,1.0,0.058,0.0485,0.041,9.4747,166.5844,0.0174,0.0392,0.3033,0.311,0.2257,0.2744,0.3287,0.3779,7.6282,0.0,RandomForest,0.7751205249761667,0.7730711034270762,0.7739552251327289,0.7729804395414516,0.7738620382512074,0.7719040251814929,0.773225787619528,0.7638263861183204,0.7736659944176213
electricity-normalized,nswprice,45312.0,0.2025,0.1071,0.0,1.0,0.058,0.0485,0.041,9.4747,166.5844,0.0174,0.0392,0.3033,0.311,0.2257,0.2744,0.3287,0.3779,7.6282,0.0,AdaBoost,0.7332241013849953,0.7342712163279249,0.7359192642027861,0.7373692558344963,0.7384634695159102,0.7354952990023798,0.7271729674347509,0.7271230974978582,0.7346766834312048
electricity-normalized,nswprice,45312.0,0.2025,0.1071,0.0,1.0,0.058,0.0485,0.041,9.4747,166.5844,0.0174,0.0392,0.3033,0.311,0.2257,0.2744,0.3287,0.3779,7.6282,0.0,SVC,0.7279979457546446,0.7397086819414878,0.7358692607573639,0.7440391096603075,0.7421511679521,0.7337980007794033,0.7348144469767686,0.7315664352034352,0.7329912285435368
electricity-normalized,nswprice,45312.0,0.1546,0.1024,0.0,1.0,0.0579,0.0486,0.04,9.0812,159.543,0.0174,0.0391,0.305,0.3052,0.2254,0.2736,0.3281,0.3775,7.6336,0.0,DecisionTree,0.7556322699098483,0.7559236967704476,0.7580432053467487,0.7589367736083671,0.7603822068510719,0.7553478791925344,0.7557718340235203,0.7521125354555671,0.7578433315257446
electricity-normalized,nswprice,45312.0,0.1546,0.1024,0.0,1.0,0.0579,0.0486,0.04,9.0812,159.543,0.0174,0.0391,0.305,0.3052,0.2254,0.2736,0.3281,0.3775,7.6336,0.0,LogisticRegression,0.7381815861204399,0.7390238463374498,0.7368371516065704,0.7375645590592244,0.7369318853618527,0.7394563955793519,0.7265124835178256,0.7296304463780344,0.7366412673177697
electricity-normalized,nswprice,45312.0,0.1546,0.1024,0.0,1.0,0.0579,0.0486,0.04,9.0812,159.543,0.0174,0.0391,0.305,0.3052,0.2254,0.2736,0.3281,0.3775,7.6336,0.0,KNN,0.7613523071813559,0.7612048488006831,0.7636865187408977,0.7637174773840558,0.7634803419957489,0.7603045919372781,0.7620030826445079,0.7568622241710063,0.7623163177869074
electricity-normalized,nswprice,45312.0,0.1546,0.1024,0.0,1.0,0.0579,0.0486,0.04,9.0812,159.543,0.0174,0.0391,0.305,0.3052,0.2254,0.2736,0.3281,0.3775,7.6336,0.0,RandomForest,0.7830089336740528,0.7830078622350894,0.7823152941349669,0.7824987362712202,0.7831452669123624,0.7811434212504127,0.7824785448414624,0.7784970222912048,0.7826862746103076
electricity-normalized,nswprice,45312.0,0.1546,0.1024,0.0,1.0,0.0579,0.0486,0.04,9.0812,159.543,0.0174,0.0391,0.305,0.3052,0.2254,0.2736,0.3281,0.3775,7.6336,0.0,AdaBoost,0.7382610199919677,0.7407583417443729,0.7413274606713125,0.7420053076581852,0.742193530657626,0.7404012348220891,0.7340104144087023,0.7330398139859783,0.741182575994004
electricity-normalized,nswprice,45312.0,0.1546,0.1024,0.0,1.0,0.0579,0.0486,0.04,9.0812,159.543,0.0174,0.0391,0.305,0.3052,0.2254,0.2736,0.3281,0.3775,7.6336,0.0,SVC,0.7438717757271622,0.7377881698560783,0.7474207874149651,0.7411489770315353,0.7441722435882072,0.7393887024691209,0.7397328343483345,0.736680476113244,0.7483737064930723
electricity-normalized,nswprice,45312.0,0.0999,0.0976,0.0,1.0,0.0578,0.0485,0.0404,9.182,159.3583,0.0174,0.0391,0.305,0.3082,0.2265,0.276,0.3296,0.3805,7.6369,0.0,DecisionTree,0.7627743985768247,0.7628577081238477,0.765931905037501,0.7668228447621541,0.7648295403213927,0.7639229100534126,0.7631299162817893,0.7603487784664866,0.7647597584260195
electricity-normalized,nswprice,45312.0,0.0999,0.0976,0.0,1.0,0.0578,0.0485,0.0404,9.182,159.3583,0.0174,0.0391,0.305,0.3082,0.2265,0.276,0.3296,0.3805,7.6369,0.0,LogisticRegression,0.7424203739029457,0.7435476708887732,0.7422183518802453,0.742621488672128,0.7427058852372777,0.7440290602468914,0.7363502788353068,0.7385568241602974,0.7418839882427706
electricity-normalized,nswprice,45312.0,0.0999,0.0976,0.0,1.0,0.0578,0.0485,0.0404,9.182,159.3583,0.0174,0.0391,0.305,0.3082,0.2265,0.276,0.3296,0.3805,7.6369,0.0,KNN,0.7689581710675948,0.7688527987002233,0.7713918346109798,0.7710198011260834,0.7704882353385746,0.7681458047599621,0.7676222863865607,0.7673863329642227,0.7689620486377544
electricity-normalized,nswprice,45312.0,0.0999,0.0976,0.0,1.0,0.0578,0.0485,0.0404,9.182,159.3583,0.0174,0.0391,0.305,0.3082,0.2265,0.276,0.3296,0.3805,7.6369,0.0,RandomForest,0.7930680137453392,0.7929301072266155,0.791964669580697,0.7921473326032681,0.792921817721565,0.7926600599239462,0.7936256973925309,0.7893006697119129,0.7915799163325364
electricity-normalized,nswprice,45312.0,0.0999,0.0976,0.0,1.0,0.0578,0.0485,0.0404,9.182,159.3583,0.0174,0.0391,0.305,0.3082,0.2265,0.276,0.3296,0.3805,7.6369,0.0,AdaBoost,0.7454493796544374,0.7478809821224225,0.7471774288151359,0.7487558684590991,0.7488427926004867,0.7470524227205595,0.7403638755122645,0.7428112547863517,0.7475955023491087
electricity-normalized,nswprice,45312.0,0.0999,0.0976,0.0,1.0,0.0578,0.0485,0.0404,9.182,159.3583,0.0174,0.0391,0.305,0.3082,0.2265,0.276,0.3296,0.3805,7.6369,0.0,SVC,0.7513304360979771,0.7458604797677724,0.7513043153228413,0.7533119561503666,0.7458307868971803,0.7505951023099705,0.7460413895647231,0.7462031489619122,0.7542121018279314
electricity-normalized,nswprice,45312.0,0.0478,0.0936,0.0,0.9818,0.0579,0.0487,0.0396,8.7937,151.1597,0.0175,0.0393,0.3078,0.308,0.2264,0.275,0.3295,0.379,7.6417,0.0,DecisionTree,0.773292444909375,0.774005809735193,0.775244297197395,0.7749560217128056,0.7743187968206169,0.7740053695206596,0.7701082006442561,0.7740021520860096,0.7733819370928197
electricity-normalized,nswprice,45312.0,0.0478,0.0936,0.0,0.9818,0.0579,0.0487,0.0396,8.7937,151.1597,0.0175,0.0393,0.3078,0.308,0.2264,0.275,0.3295,0.379,7.6417,0.0,LogisticRegression,0.7480052757050424,0.7488528313755047,0.7483233994704461,0.7489139801214022,0.7483120408571553,0.748892619410102,0.744731073887988,0.7464960606190006,0.7484033532976337
electricity-normalized,nswprice,45312.0,0.0478,0.0936,0.0,0.9818,0.0579,0.0487,0.0396,8.7937,151.1597,0.0175,0.0393,0.3078,0.308,0.2264,0.275,0.3295,0.379,7.6417,0.0,KNN,0.7783473931147037,0.7774646443042922,0.7814644540206546,0.7806950458340078,0.7802882919758679,0.7771635360150684,0.7769836837379422,0.7763239750465543,0.779380260656801
electricity-normalized,nswprice,45312.0,0.0478,0.0936,0.0,0.9818,0.0579,0.0487,0.0396,8.7937,151.1597,0.0175,0.0393,0.3078,0.308,0.2264,0.275,0.3295,0.379,7.6417,0.0,RandomForest,0.8030208162643411,0.8014118311674443,0.8036209696594208,0.804489815701563,0.8026526791491125,0.8018102768388844,0.802149072119735,0.8005653491324172,0.8034948638182444
electricity-normalized,nswprice,45312.0,0.0478,0.0936,0.0,0.9818,0.0579,0.0487,0.0396,8.7937,151.1597,0.0175,0.0393,0.3078,0.308,0.2264,0.275,0.3295,0.379,7.6417,0.0,AdaBoost,0.75271026196227,0.7540883148602131,0.7557587617615202,0.7559307299682412,0.7550361737826345,0.7546688523809804,0.750705929639412,0.7529152563825672,0.754863390442604
electricity-normalized,nswprice,45312.0,0.0478,0.0936,0.0,0.9818,0.0579,0.0487,0.0396,8.7937,151.1597,0.0175,0.0393,0.3078,0.308,0.2264,0.275,0.3295,0.379,7.6417,0.0,SVC,0.7552273166300277,0.7583294262371892,0.751907623110278,0.7603153572290897,0.7588922999225514,0.7581735557470985,0.7490566687789215,0.7573293420877554,0.761829058915057
electricity-normalized,nswdemand,45312.0,0.5004,0.2108,0.0097,1.0,0.4253,0.4427,0.1632,-0.0812,-0.3882,0.1104,0.2254,0.3028,0.6716,0.2278,0.502,0.3314,0.6617,8.2473,0.0,DecisionTree,0.7742641902384311,0.7747686535630309,0.7737028522469144,0.7764710829072909,0.7735101136813907,0.7748947942419525,0.7739849363689333,0.7730282770434291,0.7733609347864849
electricity-normalized,nswdemand,45312.0,0.5004,0.2108,0.0097,1.0,0.4253,0.4427,0.1632,-0.0812,-0.3882,0.1104,0.2254,0.3028,0.6716,0.2278,0.502,0.3314,0.6617,8.2473,0.0,LogisticRegression,0.7468234424363411,0.7485276373524057,0.7523290049995952,0.7530620970371193,0.7520328184078626,0.7490470395340758,0.7486234417658044,0.7476015923578668,0.7531302391771756
electricity-normalized,nswdemand,45312.0,0.5004,0.2108,0.0097,1.0,0.4253,0.4427,0.1632,-0.0812,-0.3882,0.1104,0.2254,0.3028,0.6716,0.2278,0.502,0.3314,0.6617,8.2473,0.0,KNN,0.7730273781567447,0.7718485223360391,0.7731692280389537,0.7728627830355201,0.7735302244322946,0.774003512386666,0.7726031592234868,0.7693315451656518,0.772790272033852
electricity-normalized,nswdemand,45312.0,0.5004,0.2108,0.0097,1.0,0.4253,0.4427,0.1632,-0.0812,-0.3882,0.1104,0.2254,0.3028,0.6716,0.2278,0.502,0.3314,0.6617,8.2473,0.0,RandomForest,0.7943543397858034,0.7919254122126663,0.7965697826121668,0.7944183670084739,0.7946452930102366,0.7942228140010287,0.7887547988603655,0.7899375952819804,0.7956376319367413
electricity-normalized,nswdemand,45312.0,0.5004,0.2108,0.0097,1.0,0.4253,0.4427,0.1632,-0.0812,-0.3882,0.1104,0.2254,0.3028,0.6716,0.2278,0.502,0.3314,0.6617,8.2473,0.0,AdaBoost,0.7583184359500164,0.7588179559230258,0.7596392659642138,0.7589732052374046,0.7590882852448277,0.7602110457233635,0.7586288415235947,0.7584300831595303,0.7598575169689319
electricity-normalized,nswdemand,45312.0,0.5004,0.2108,0.0097,1.0,0.4253,0.4427,0.1632,-0.0812,-0.3882,0.1104,0.2254,0.3028,0.6716,0.2278,0.502,0.3314,0.6617,8.2473,0.0,SVC,0.7488242763442998,0.7549877861186987,0.7597368739262402,0.7624969143274147,0.7565621698687488,0.7614950450803059,0.7582685174738004,0.7408185951198136,0.7563621719916219
electricity-normalized,nswdemand,45312.0,0.4493,0.1949,0.0015,1.0,0.4254,0.4439,0.1633,-0.0891,-0.4021,0.1103,0.2269,0.3071,0.67,0.2218,0.5027,0.3228,0.6627,8.2591,0.0,DecisionTree,0.7707770762012615,0.771707896907988,0.7725872525011336,0.7707613904100248,0.7717536765906876,0.7749276478400842,0.7719173311807053,0.7708477081828985,0.7730862530693023
electricity-normalized,nswdemand,45312.0,0.4493,0.1949,0.0015,1.0,0.4254,0.4439,0.1633,-0.0891,-0.4021,0.1103,0.2269,0.3071,0.67,0.2218,0.5027,0.3228,0.6627,8.2591,0.0,LogisticRegression,0.7481690059253464,0.7479714454650263,0.7505852353788712,0.7500257333498586,0.7504562142087452,0.7474820684170755,0.7495568947023448,0.7483503585732239,0.7503583230457366
electricity-normalized,nswdemand,45312.0,0.4493,0.1949,0.0015,1.0,0.4254,0.4439,0.1633,-0.0891,-0.4021,0.1103,0.2269,0.3071,0.67,0.2218,0.5027,0.3228,0.6627,8.2591,0.0,KNN,0.7721380864006931,0.7706674186873129,0.7744041094340061,0.773183968106662,0.7739852235584656,0.7738980696242868,0.7725158003047932,0.7670682654668638,0.7728339437947014
electricity-normalized,nswdemand,45312.0,0.4493,0.1949,0.0015,1.0,0.4254,0.4439,0.1633,-0.0891,-0.4021,0.1103,0.2269,0.3071,0.67,0.2218,0.5027,0.3228,0.6627,8.2591,0.0,RandomForest,0.7963023783514638,0.7946116649487535,0.7949743856542063,0.7950192734272998,0.7963371960714811,0.7960342681941008,0.7935877420019282,0.7913364817047212,0.795791352891589
electricity-normalized,nswdemand,45312.0,0.4493,0.1949,0.0015,1.0,0.4254,0.4439,0.1633,-0.0891,-0.4021,0.1103,0.2269,0.3071,0.67,0.2218,0.5027,0.3228,0.6627,8.2591,0.0,AdaBoost,0.7583195723011436,0.7589190505586816,0.759042099648065,0.759009876633449,0.7581213537586817,0.7591097222574117,0.7583945385706774,0.7581539600132763,0.7587950374664907
electricity-normalized,nswdemand,45312.0,0.4493,0.1949,0.0015,1.0,0.4254,0.4439,0.1633,-0.0891,-0.4021,0.1103,0.2269,0.3071,0.67,0.2218,0.5027,0.3228,0.6627,8.2591,0.0,SVC,0.7548720593758279,0.7604429712448841,0.7624464144326362,0.7566244715000792,0.7621065748902396,0.7559093377757934,0.7476714024008558,0.7521572236299934,0.7569897043819268
electricity-normalized,nswdemand,45312.0,0.3982,0.1812,0.0,1.0,0.4249,0.443,0.1638,-0.0899,-0.4125,0.111,0.2281,0.3091,0.6656,0.2238,0.4995,0.3259,0.6583,8.271,0.0,DecisionTree,0.7724995130403143,0.7729921210890762,0.7717241864249256,0.77389189394683,0.7725963503411096,0.7729711627060661,0.77277794675633,0.77269499991901,0.7722586250864812
electricity-normalized,nswdemand,45312.0,0.3982,0.1812,0.0,1.0,0.4249,0.443,0.1638,-0.0899,-0.4125,0.111,0.2281,0.3091,0.6656,0.2238,0.4995,0.3259,0.6583,8.271,0.0,LogisticRegression,0.7481657969733189,0.7500906266345531,0.752202647296946,0.7528893370008891,0.7522264967628576,0.7497523761567733,0.7496657895013507,0.7472466683967826,0.7521683121690182
electricity-normalized,nswdemand,45312.0,0.3982,0.1812,0.0,1.0,0.4249,0.443,0.1638,-0.0899,-0.4125,0.111,0.2281,0.3091,0.6656,0.2238,0.4995,0.3259,0.6583,8.271,0.0,KNN,0.771938640898556,0.7711809594747048,0.7733345701537289,0.773471397739901,0.7742672288602506,0.7730633897554113,0.772564127613558,0.7682411409229621,0.7719074048104962
electricity-normalized,nswdemand,45312.0,0.3982,0.1812,0.0,1.0,0.4249,0.443,0.1638,-0.0899,-0.4125,0.111,0.2281,0.3091,0.6656,0.2238,0.4995,0.3259,0.6583,8.271,0.0,RandomForest,0.7977410262813838,0.7956334542212107,0.7992616321552166,0.7968057061853441,0.7971685708099203,0.7965003825223644,0.7929283269875641,0.7955354939308604,0.7970346294601123
electricity-normalized,nswdemand,45312.0,0.3982,0.1812,0.0,1.0,0.4249,0.443,0.1638,-0.0899,-0.4125,0.111,0.2281,0.3091,0.6656,0.2238,0.4995,0.3259,0.6583,8.271,0.0,AdaBoost,0.7596447596274731,0.7603604765175727,0.7590166683134578,0.7593615539443446,0.7590610912029103,0.7601556579915378,0.7587248272877569,0.7585315970823108,0.7595265465278926
electricity-normalized,nswdemand,45312.0,0.3982,0.1812,0.0,1.0,0.4249,0.443,0.1638,-0.0899,-0.4125,0.111,0.2281,0.3091,0.6656,0.2238,0.4995,0.3259,0.6583,8.271,0.0,SVC,0.7595097599461627,0.7593683106008215,0.7591726562315642,0.7646490372501948,0.7578037306977196,0.757093984130617,0.7591653326280893,0.7568721039213637,0.7510080824843617
electricity-normalized,nswdemand,45312.0,0.3487,0.1693,0.0015,1.0,0.4252,0.4433,0.1638,-0.0955,-0.4061,0.1108,0.2279,0.3092,0.6651,0.2249,0.4984,0.3273,0.6575,8.2808,0.0,DecisionTree,0.7731907861761915,0.7750542005531184,0.7731387242492438,0.7751957451615602,0.773318466947175,0.7735722069743151,0.7719841610727134,0.7719163772630273,0.771133086509697
electricity-normalized,nswdemand,45312.0,0.3487,0.1693,0.0015,1.0,0.4252,0.4433,0.1638,-0.0955,-0.4061,0.1108,0.2279,0.3092,0.6651,0.2249,0.4984,0.3273,0.6575,8.2808,0.0,LogisticRegression,0.7491490980431498,0.7504068556952663,0.7529077594255136,0.7524507987884045,0.7524930169251836,0.7503808946888855,0.7504889122575075,0.749213302088912,0.7525309379102156
electricity-normalized,nswdemand,45312.0,0.3487,0.1693,0.0015,1.0,0.4252,0.4433,0.1638,-0.0955,-0.4061,0.1108,0.2279,0.3092,0.6651,0.2249,0.4984,0.3273,0.6575,8.2808,0.0,KNN,0.775122995554857,0.7726572614970424,0.7750942100435183,0.7743468876460287,0.7733694046247414,0.7732738117649792,0.7752989505856184,0.7713944916074422,0.7732376114162263
electricity-normalized,nswdemand,45312.0,0.3487,0.1693,0.0015,1.0,0.4252,0.4433,0.1638,-0.0955,-0.4061,0.1108,0.2279,0.3092,0.6651,0.2249,0.4984,0.3273,0.6575,8.2808,0.0,RandomForest,0.7991401350830489,0.7964257420122706,0.7980314790352854,0.7971158515111381,0.7969685473731529,0.796076120492348,0.7953674154691884,0.794761948252827,0.7975720717236446
electricity-normalized,nswdemand,45312.0,0.3487,0.1693,0.0015,1.0,0.4252,0.4433,0.1638,-0.0955,-0.4061,0.1108,0.2279,0.3092,0.6651,0.2249,0.4984,0.3273,0.6575,8.2808,0.0,AdaBoost,0.75895214150653,0.7598246628353562,0.7588930268009841,0.7591404339775916,0.7593590815115252,0.7595557775552451,0.7589104073287496,0.758481746393624,0.7591899091822314
electricity-normalized,nswdemand,45312.0,0.3487,0.1693,0.0015,1.0,0.4252,0.4433,0.1638,-0.0955,-0.4061,0.1108,0.2279,0.3092,0.6651,0.2249,0.4984,0.3273,0.6575,8.2808,0.0,SVC,0.7563852573913276,0.7548743884054779,0.7619808302237785,0.7609250700056425,0.7583703113948923,0.757454541604845,0.7536684337909277,0.7575449321854926,0.7545422159987513
electricity-normalized,nswdemand,45312.0,0.2997,0.1587,0.0,1.0,0.4254,0.4436,0.1635,-0.0917,-0.4086,0.111,0.2272,0.3022,0.668,0.2267,0.5009,0.3301,0.6613,8.2889,0.0,DecisionTree,0.7730061179709656,0.7744942105244071,0.774316924342171,0.773026459354924,0.7752752472644118,0.7755526386844923,0.7754047029685343,0.772946098269231,0.7740719398482416
electricity-normalized,nswdemand,45312.0,0.2997,0.1587,0.0,1.0,0.4254,0.4436,0.1635,-0.0917,-0.4086,0.111,0.2272,0.3022,0.668,0.2267,0.5009,0.3301,0.6613,8.2889,0.0,LogisticRegression,0.7489709445405853,0.750402238665718,0.7522454459894913,0.7529985375382031,0.7522436644185911,0.7504909500863062,0.7497839620275228,0.749347880246592,0.7525681449336272
electricity-normalized,nswdemand,45312.0,0.2997,0.1587,0.0,1.0,0.4254,0.4436,0.1635,-0.0917,-0.4086,0.111,0.2272,0.3022,0.668,0.2267,0.5009,0.3301,0.6613,8.2889,0.0,KNN,0.7783481538396179,0.7788092747441822,0.7784580535290448,0.778847540590501,0.7780928314975719,0.7785973970938811,0.7785597247676097,0.7747290646191187,0.7782648509980956
electricity-normalized,nswdemand,45312.0,0.2997,0.1587,0.0,1.0,0.4254,0.4436,0.1635,-0.0917,-0.4086,0.111,0.2272,0.3022,0.668,0.2267,0.5009,0.3301,0.6613,8.2889,0.0,RandomForest,0.8016336415583876,0.8020176456841289,0.8022675164384636,0.801111025982973,0.8023604478751406,0.8007762107742898,0.7993195045406292,0.7986817578783585,0.8010968219612208
electricity-normalized,nswdemand,45312.0,0.2997,0.1587,0.0,1.0,0.4254,0.4436,0.1635,-0.0917,-0.4086,0.111,0.2272,0.3022,0.668,0.2267,0.5009,0.3301,0.6613,8.2889,0.0,AdaBoost,0.758766962811972,0.7611042676172636,0.7594921080198553,0.7605883271820946,0.7603429005252255,0.7609321068073571,0.7586341754702511,0.7595638430363567,0.7607675509139704
electricity-normalized,nswdemand,45312.0,0.2997,0.1587,0.0,1.0,0.4254,0.4436,0.1635,-0.0917,-0.4086,0.111,0.2272,0.3022,0.668,0.2267,0.5009,0.3301,0.6613,8.2889,0.0,SVC,0.7581634955800323,0.7595419090660777,0.7640308054807973,0.753564587904771,0.7626071556651263,0.7537527242465111,0.7585510792999001,0.7555667724857603,0.7647944091115013
electricity-normalized,nswdemand,45312.0,0.2506,0.1494,0.0015,0.9808,0.4255,0.4439,0.1631,-0.1012,-0.4232,0.1105,0.2265,0.3022,0.6679,0.2214,0.5006,0.3222,0.6606,8.2911,0.0,DecisionTree,0.7729778529301238,0.7728403799502368,0.7767504359051627,0.7758060127350743,0.7762198545562844,0.7731134942851913,0.7740314524597625,0.7715262726279903,0.7754553933127585
electricity-normalized,nswdemand,45312.0,0.2506,0.1494,0.0015,0.9808,0.4255,0.4439,0.1631,-0.1012,-0.4232,0.1105,0.2265,0.3022,0.6679,0.2214,0.5006,0.3222,0.6606,8.2911,0.0,LogisticRegression,0.7507598017776154,0.7523388208574454,0.7523455204651794,0.7526945428018695,0.7524017175482268,0.7508085009462525,0.7515000456378325,0.7502706676272279,0.7525595826972374
electricity-normalized,nswdemand,45312.0,0.2506,0.1494,0.0015,0.9808,0.4255,0.4439,0.1631,-0.1012,-0.4232,0.1105,0.2265,0.3022,0.6679,0.2214,0.5006,0.3222,0.6606,8.2911,0.0,KNN,0.7757874164488568,0.7764899094628991,0.7788941113579884,0.7778556426267663,0.7780791375823197,0.7773134307783165,0.7766794878829121,0.775337806342908,0.7761404591995928
electricity-normalized,nswdemand,45312.0,0.2506,0.1494,0.0015,0.9808,0.4255,0.4439,0.1631,-0.1012,-0.4232,0.1105,0.2265,0.3022,0.6679,0.2214,0.5006,0.3222,0.6606,8.2911,0.0,RandomForest,0.8011299012452279,0.7998931449905045,0.8007741956286258,0.7998006897429096,0.8003101515581634,0.7996479633908578,0.7984290494094636,0.7982224028807606,0.8001464485953427
electricity-normalized,nswdemand,45312.0,0.2506,0.1494,0.0015,0.9808,0.4255,0.4439,0.1631,-0.1012,-0.4232,0.1105,0.2265,0.3022,0.6679,0.2214,0.5006,0.3222,0.6606,8.2911,0.0,AdaBoost,0.7592461852659497,0.7601183339384217,0.7603329047200813,0.7603312671232045,0.7604523037132864,0.7599517943607157,0.7596167089919459,0.7594890017703944,0.7597690911592482
electricity-normalized,nswdemand,45312.0,0.2506,0.1494,0.0015,0.9808,0.4255,0.4439,0.1631,-0.1012,-0.4232,0.1105,0.2265,0.3022,0.6679,0.2214,0.5006,0.3222,0.6606,8.2911,0.0,SVC,0.7534679923202661,0.7556752581679926,0.7635898875581204,0.7645039632478347,0.7560174852797734,0.7598418907253048,0.7608594048428944,0.7526124959901207,0.7616783305802897
electricity-normalized,nswdemand,45312.0,0.1995,0.142,0.0,0.9808,0.4251,0.4433,0.1634,-0.1006,-0.4084,0.1107,0.2269,0.3028,0.6688,0.2259,0.5011,0.329,0.6612,8.2977,0.0,DecisionTree,0.7735289293198835,0.7740194193565646,0.7765955135250631,0.7763651279350259,0.775730975514975,0.7759125322649377,0.7754833570245924,0.7738944707372795,0.7747052291462002
electricity-normalized,nswdemand,45312.0,0.1995,0.142,0.0,0.9808,0.4251,0.4433,0.1634,-0.1006,-0.4084,0.1107,0.2269,0.3028,0.6688,0.2259,0.5011,0.329,0.6612,8.2977,0.0,LogisticRegression,0.7509172191127237,0.7522565267566608,0.7524904613749871,0.7529057224655699,0.7527274287647071,0.7514490059190291,0.75138537355803,0.7510124978173411,0.7530509576463298
electricity-normalized,nswdemand,45312.0,0.1995,0.142,0.0,0.9808,0.4251,0.4433,0.1634,-0.1006,-0.4084,0.1107,0.2269,0.3028,0.6688,0.2259,0.5011,0.329,0.6612,8.2977,0.0,KNN,0.7797697039829505,0.7777464844749754,0.7797879763730118,0.7795823046667522,0.7805710108900281,0.7799343030107424,0.7794103925889703,0.7780457408284488,0.7792673568309492
electricity-normalized,nswdemand,45312.0,0.1995,0.142,0.0,0.9808,0.4251,0.4433,0.1634,-0.1006,-0.4084,0.1107,0.2269,0.3028,0.6688,0.2259,0.5011,0.329,0.6612,8.2977,0.0,RandomForest,0.8039412708374977,0.8012439077978843,0.8043277172165819,0.8018980195996692,0.8039925995773656,0.8023578772845029,0.8020422084534229,0.8005417606005796,0.8021136943605808
electricity-normalized,nswdemand,45312.0,0.1995,0.142,0.0,0.9808,0.4251,0.4433,0.1634,-0.1006,-0.4084,0.1107,0.2269,0.3028,0.6688,0.2259,0.5011,0.329,0.6612,8.2977,0.0,AdaBoost,0.7595891843495726,0.7607918901288616,0.7608646319965925,0.7616166361968646,0.7609587606983943,0.7614706421450935,0.7603058138734056,0.7603885571735394,0.7610885809296873
electricity-normalized,nswdemand,45312.0,0.1995,0.142,0.0,0.9808,0.4251,0.4433,0.1634,-0.1006,-0.4084,0.1107,0.2269,0.3028,0.6688,0.2259,0.5011,0.329,0.6612,8.2977,0.0,SVC,0.7588937795768936,0.7553172430729838,0.7617110032925449,0.7567697037505917,0.765772813445204,0.7619346104798795,0.7637782321757527,0.7595745912671634,0.7640867908402103
electricity-normalized,nswdemand,45312.0,0.1508,0.1343,0.0,1.0,0.4251,0.4432,0.1636,-0.0977,-0.4162,0.1107,0.2276,0.3045,0.6676,0.2247,0.5011,0.3271,0.6611,8.3048,0.0,DecisionTree,0.7739425666599297,0.7784354229196631,0.7764818409676102,0.7775626232712526,0.7761061174567798,0.7774050733014836,0.7773595561323321,0.776588146977832,0.7752461516696001
electricity-normalized,nswdemand,45312.0,0.1508,0.1343,0.0,1.0,0.4251,0.4432,0.1636,-0.0977,-0.4162,0.1107,0.2276,0.3045,0.6676,0.2247,0.5011,0.3271,0.6611,8.3048,0.0,LogisticRegression,0.7513707204591512,0.7516991383343357,0.7524901098505697,0.7530868441266186,0.7529841056209187,0.7518061499084466,0.7518708198120468,0.751534923458786,0.7531926652891969
electricity-normalized,nswdemand,45312.0,0.1508,0.1343,0.0,1.0,0.4251,0.4432,0.1636,-0.0977,-0.4162,0.1107,0.2276,0.3045,0.6676,0.2247,0.5011,0.3271,0.6611,8.3048,0.0,KNN,0.7818445949236585,0.7828457545370988,0.7830955224537083,0.7811816192863446,0.7816062606532759,0.7822219421781889,0.7822515642488241,0.7819819372213981,0.7815319560792051
electricity-normalized,nswdemand,45312.0,0.1508,0.1343,0.0,1.0,0.4251,0.4432,0.1636,-0.0977,-0.4162,0.1107,0.2276,0.3045,0.6676,0.2247,0.5011,0.3271,0.6611,8.3048,0.0,RandomForest,0.8047793142016855,0.8050892582869746,0.8050924956101413,0.8030988923159155,0.8030679064784678,0.8053187203599478,0.8037523624425116,0.8045165024432102,0.8046554306602289
electricity-normalized,nswdemand,45312.0,0.1508,0.1343,0.0,1.0,0.4251,0.4432,0.1636,-0.0977,-0.4162,0.1107,0.2276,0.3045,0.6676,0.2247,0.5011,0.3271,0.6611,8.3048,0.0,AdaBoost,0.7595647281257883,0.7612964928945306,0.761208230856016,0.761685342372254,0.7610412268730011,0.7619647468704854,0.7595275664792018,0.7600498650400053,0.7604770497198011
electricity-normalized,nswdemand,45312.0,0.1508,0.1343,0.0,1.0,0.4251,0.4432,0.1636,-0.0977,-0.4162,0.1107,0.2276,0.3045,0.6676,0.2247,0.5011,0.3271,0.6611,8.3048,0.0,SVC,0.7632358635752372,0.7560069964404356,0.7545414361331605,0.7610142141685657,0.7629699285790875,0.7576857689484044,0.7563501011663304,0.7575733811525476,0.7633195223838194
electricity-normalized,nswdemand,45312.0,0.0981,0.1271,0.0012,0.9808,0.4254,0.4438,0.1631,-0.1009,-0.414,0.1104,0.2269,0.3067,0.6691,0.2263,0.502,0.3294,0.6619,8.3079,0.0,DecisionTree,0.777785938953687,0.7797058673542249,0.7810488366591404,0.7801823013892384,0.7797867227024434,0.7790185798616335,0.7777186225614872,0.7772974906905286,0.7794322520017759
electricity-normalized,nswdemand,45312.0,0.0981,0.1271,0.0012,0.9808,0.4254,0.4438,0.1631,-0.1009,-0.414,0.1104,0.2269,0.3067,0.6691,0.2263,0.502,0.3294,0.6619,8.3079,0.0,LogisticRegression,0.7519248621480783,0.7526549653101458,0.7529598606727812,0.7530273272250211,0.7529492093352481,0.7518719187670269,0.7521235438793645,0.7518266564925911,0.7530207585372107
electricity-normalized,nswdemand,45312.0,0.0981,0.1271,0.0012,0.9808,0.4254,0.4438,0.1631,-0.1009,-0.414,0.1104,0.2269,0.3067,0.6691,0.2263,0.502,0.3294,0.6619,8.3079,0.0,KNN,0.7834859493158562,0.7831340725549861,0.783523859215243,0.7838470282230386,0.7840319763036195,0.7833833488482866,0.7830240224748701,0.7830019252593483,0.7837046952624731
electricity-normalized,nswdemand,45312.0,0.0981,0.1271,0.0012,0.9808,0.4254,0.4438,0.1631,-0.1009,-0.414,0.1104,0.2269,0.3067,0.6691,0.2263,0.502,0.3294,0.6619,8.3079,0.0,RandomForest,0.8073976127728643,0.8058965429191095,0.806284587756858,0.8078843578456626,0.8070667681523278,0.8058714782775267,0.8063988432865873,0.8044577399317414,0.8070586441939368
electricity-normalized,nswdemand,45312.0,0.0981,0.1271,0.0012,0.9808,0.4254,0.4438,0.1631,-0.1009,-0.414,0.1104,0.2269,0.3067,0.6691,0.2263,0.502,0.3294,0.6619,8.3079,0.0,AdaBoost,0.7604521466348737,0.7612810716593686,0.7608683117055373,0.7614089826544408,0.7626926182328263,0.7617718376449107,0.7604290600788466,0.7598416267987356,0.7617262871981306
electricity-normalized,nswdemand,45312.0,0.0981,0.1271,0.0012,0.9808,0.4254,0.4438,0.1631,-0.1009,-0.414,0.1104,0.2269,0.3067,0.6691,0.2263,0.502,0.3294,0.6619,8.3079,0.0,SVC,0.7622675358087431,0.7653354717288279,0.7587270480134067,0.7621993391053608,0.764561003022608,0.7640760102857205,0.7620485835117718,0.7588263079422168,0.7627964839941686
electricity-normalized,nswdemand,45312.0,0.0503,0.1218,0.0,1.0,0.4255,0.4436,0.1632,-0.0961,-0.4078,0.1104,0.2267,0.3057,0.6688,0.2256,0.5016,0.3284,0.6615,8.3124,0.0,DecisionTree,0.779063228770567,0.7792830262075328,0.780092360629904,0.78014777771591,0.7800913606736021,0.780196339082952,0.7782669024215282,0.778704795750772,0.7803020526026263
electricity-normalized,nswdemand,45312.0,0.0503,0.1218,0.0,1.0,0.4255,0.4436,0.1632,-0.0961,-0.4078,0.1104,0.2267,0.3057,0.6688,0.2256,0.5016,0.3284,0.6615,8.3124,0.0,LogisticRegression,0.7532814951699957,0.7538560701599073,0.7541519049156538,0.7542844186184807,0.753895004846329,0.7536281922911098,0.7535496410717197,0.7534921306505122,0.7545523846760224
electricity-normalized,nswdemand,45312.0,0.0503,0.1218,0.0,1.0,0.4255,0.4436,0.1632,-0.0961,-0.4078,0.1104,0.2267,0.3057,0.6688,0.2256,0.5016,0.3284,0.6615,8.3124,0.0,KNN,0.7842948447321522,0.785153531919557,0.7846916593632675,0.7845357744461886,0.7846529399909208,0.7844402549501737,0.784584755302693,0.7827501653919127,0.7848096875389214
electricity-normalized,nswdemand,45312.0,0.0503,0.1218,0.0,1.0,0.4255,0.4436,0.1632,-0.0961,-0.4078,0.1104,0.2267,0.3057,0.6688,0.2256,0.5016,0.3284,0.6615,8.3124,0.0,RandomForest,0.8078773597392223,0.807261792740836,0.8092598268865081,0.8084940717824163,0.807413443629275,0.8086305181153515,0.8075263580473959,0.8074641721251317,0.8069978330287024
electricity-normalized,nswdemand,45312.0,0.0503,0.1218,0.0,1.0,0.4255,0.4436,0.1632,-0.0961,-0.4078,0.1104,0.2267,0.3057,0.6688,0.2256,0.5016,0.3284,0.6615,8.3124,0.0,AdaBoost,0.7607533526456493,0.7624718550588321,0.7616545333459325,0.7613324966576406,0.7609990317819766,0.7613881820761379,0.7610142404282383,0.7613056323467788,0.7613116094154095
electricity-normalized,nswdemand,45312.0,0.0503,0.1218,0.0,1.0,0.4255,0.4436,0.1632,-0.0961,-0.4078,0.1104,0.2267,0.3057,0.6688,0.2256,0.5016,0.3284,0.6615,8.3124,0.0,SVC,0.761829825337426,0.7613981576675471,0.7648680457754062,0.7644286466546824,0.7628246718562819,0.7596254693259192,0.765166193089424,0.7641082080250322,0.7641816701700621
electricity-normalized,vicdemand,45312.0,0.5026,0.1147,0.0241,1.0,0.4214,0.4229,0.1209,0.1361,0.8967,0.0486,0.0974,0.3074,0.668,0.2791,0.5008,0.3856,0.6602,5.3778,0.0,DecisionTree,0.7690068013015261,0.7697194913241023,0.7692067807129779,0.7713764449536555,0.7701006063798235,0.7687127942095044,0.7685646438410478,0.7702037517829587,0.7707834727990124
electricity-normalized,vicdemand,45312.0,0.5026,0.1147,0.0241,1.0,0.4214,0.4229,0.1209,0.1361,0.8967,0.0486,0.0974,0.3074,0.668,0.2791,0.5008,0.3856,0.6602,5.3778,0.0,LogisticRegression,0.7542705052507278,0.75491564989726,0.753832784229111,0.7537855201894634,0.7537652064212627,0.754247411087157,0.7540165517219368,0.7546471474363108,0.7537542199130352
electricity-normalized,vicdemand,45312.0,0.5026,0.1147,0.0241,1.0,0.4214,0.4229,0.1209,0.1361,0.8967,0.0486,0.0974,0.3074,0.668,0.2791,0.5008,0.3856,0.6602,5.3778,0.0,KNN,0.7684354606569687,0.7680774310052296,0.7698043779021658,0.766465559427205,0.7689213928318531,0.7680194326822507,0.7679449450891049,0.7634847364198949,0.768939923358992
electricity-normalized,vicdemand,45312.0,0.5026,0.1147,0.0241,1.0,0.4214,0.4229,0.1209,0.1361,0.8967,0.0486,0.0974,0.3074,0.668,0.2791,0.5008,0.3856,0.6602,5.3778,0.0,RandomForest,0.7889128854918532,0.784817107898216,0.7875563969757874,0.7858335350369666,0.7869980069003968,0.7851628019081317,0.7856491898796427,0.7846822229976893,0.785959966481397
electricity-normalized,vicdemand,45312.0,0.5026,0.1147,0.0241,1.0,0.4214,0.4229,0.1209,0.1361,0.8967,0.0486,0.0974,0.3074,0.668,0.2791,0.5008,0.3856,0.6602,5.3778,0.0,AdaBoost,0.7573153750009596,0.7566577067557716,0.7561563922376643,0.7556536266085297,0.7573271720396284,0.756156589012888,0.7585716805116647,0.7570762828079081,0.7553892973433085
electricity-normalized,vicdemand,45312.0,0.5026,0.1147,0.0241,1.0,0.4214,0.4229,0.1209,0.1361,0.8967,0.0486,0.0974,0.3074,0.668,0.2791,0.5008,0.3856,0.6602,5.3778,0.0,SVC,0.7602514042252797,0.7488228371693515,0.7598883576293306,0.7506519688985267,0.7532448318959237,0.7478522432006668,0.7548563388277469,0.7544263677236093,0.7496374518482047
electricity-normalized,vicdemand,45312.0,0.4497,0.1059,0.0303,0.9894,0.4227,0.4229,0.1213,0.1686,0.9052,0.0489,0.0979,0.3078,0.671,0.2772,0.503,0.3815,0.6626,5.389,0.0,DecisionTree,0.7704399104213869,0.7703226742347957,0.7745029698030932,0.7742040166118237,0.7732237751779367,0.7713177972459018,0.7701117001189293,0.7693410609894177,0.7709676570968667
electricity-normalized,vicdemand,45312.0,0.4497,0.1059,0.0303,0.9894,0.4227,0.4229,0.1213,0.1686,0.9052,0.0489,0.0979,0.3078,0.671,0.2772,0.503,0.3815,0.6626,5.389,0.0,LogisticRegression,0.7545268210204034,0.7540577417889371,0.7529735593244997,0.7535204074687956,0.7532203242219413,0.754308101511355,0.7543280055230953,0.7544348267190152,0.7530133978439381
electricity-normalized,vicdemand,45312.0,0.4497,0.1059,0.0303,0.9894,0.4227,0.4229,0.1213,0.1686,0.9052,0.0489,0.0979,0.3078,0.671,0.2772,0.503,0.3815,0.6626,5.389,0.0,KNN,0.7693453209915673,0.7699438129782735,0.7722520950206274,0.7712744521844559,0.7709443272108433,0.7698594496902162,0.7696521717411096,0.766647787865304,0.771904231612638
electricity-normalized,vicdemand,45312.0,0.4497,0.1059,0.0303,0.9894,0.4227,0.4229,0.1213,0.1686,0.9052,0.0489,0.0979,0.3078,0.671,0.2772,0.503,0.3815,0.6626,5.389,0.0,RandomForest,0.7910201809766834,0.7884559390779673,0.7899645431717099,0.78871886617966,0.787932958169558,0.786771983748217,0.7890978731842556,0.7882103974320597,0.7892566273558059
electricity-normalized,vicdemand,45312.0,0.4497,0.1059,0.0303,0.9894,0.4227,0.4229,0.1213,0.1686,0.9052,0.0489,0.0979,0.3078,0.671,0.2772,0.503,0.3815,0.6626,5.389,0.0,AdaBoost,0.7573166516751635,0.7581152465634141,0.7572480242571734,0.7573785730100518,0.7568770994544798,0.7562700370551003,0.7575415046656223,0.7565478831738196,0.7569732885284612
electricity-normalized,vicdemand,45312.0,0.4497,0.1059,0.0303,0.9894,0.4227,0.4229,0.1213,0.1686,0.9052,0.0489,0.0979,0.3078,0.671,0.2772,0.503,0.3815,0.6626,5.389,0.0,SVC,0.7616727599920885,0.7589093831388802,0.7619543570911009,0.7594541948391473,0.7574859577000363,0.7592653048870919,0.754043371135888,0.759051205635745,0.7585910988704742
electricity-normalized,vicdemand,45312.0,0.3996,0.0981,0.0241,0.9912,0.4225,0.4229,0.1209,0.1566,0.9139,0.0484,0.0963,0.3074,0.6669,0.2752,0.4991,0.3793,0.6589,5.4048,0.0,DecisionTree,0.7696481950993136,0.7707752309809467,0.7718368540764751,0.7709082844130559,0.7703871175077817,0.7736245717081697,0.7681007823897181,0.76843826561547,0.7737133182491689
electricity-normalized,vicdemand,45312.0,0.3996,0.0981,0.0241,0.9912,0.4225,0.4229,0.1209,0.1566,0.9139,0.0484,0.0963,0.3074,0.6669,0.2752,0.4991,0.3793,0.6589,5.4048,0.0,LogisticRegression,0.7546129887844717,0.7545183390726464,0.7535984556163546,0.7540363723981083,0.7539180367840006,0.7545789036986843,0.7545267580045629,0.7545204249990841,0.7538113465009766
electricity-normalized,vicdemand,45312.0,0.3996,0.0981,0.0241,0.9912,0.4225,0.4229,0.1209,0.1566,0.9139,0.0484,0.0963,0.3074,0.6669,0.2752,0.4991,0.3793,0.6589,5.4048,0.0,KNN,0.7720600294321178,0.7703120518232097,0.770747303562529,0.7734497598224775,0.7727232118006768,0.7713718782620836,0.7715845698741065,0.766518594246301,0.7721440840805848
electricity-normalized,vicdemand,45312.0,0.3996,0.0981,0.0241,0.9912,0.4225,0.4229,0.1209,0.1566,0.9139,0.0484,0.0963,0.3074,0.6669,0.2752,0.4991,0.3793,0.6589,5.4048,0.0,RandomForest,0.7943552155316921,0.789241796917296,0.7897397390946002,0.7916140891143346,0.7917966161596923,0.7886855944573764,0.7916926057002892,0.7879873408485091,0.7897769540163987
electricity-normalized,vicdemand,45312.0,0.3996,0.0981,0.0241,0.9912,0.4225,0.4229,0.1209,0.1566,0.9139,0.0484,0.0963,0.3074,0.6669,0.2752,0.4991,0.3793,0.6589,5.4048,0.0,AdaBoost,0.7573988102628634,0.7566739163500813,0.7565398580621943,0.7565600667497738,0.7567432140881912,0.7555602054364801,0.7583486966284837,0.7560737504733183,0.7577837656867474
electricity-normalized,vicdemand,45312.0,0.3996,0.0981,0.0241,0.9912,0.4225,0.4229,0.1209,0.1566,0.9139,0.0484,0.0963,0.3074,0.6669,0.2752,0.4991,0.3793,0.6589,5.4048,0.0,SVC,0.7556891676101486,0.7550774004922299,0.7528254830634735,0.7611959275536048,0.7446888712669602,0.76042094125094,0.7588893698750199,0.7609341546164226,0.75637526577274
electricity-normalized,vicdemand,45312.0,0.3515,0.0927,0.0241,1.0,0.4228,0.4229,0.1214,0.1626,0.95,0.0487,0.0975,0.3092,0.6666,0.2737,0.4996,0.3774,0.6592,5.3934,0.0,DecisionTree,0.7732652184659957,0.7734852049694777,0.7731260626702207,0.7734828733803059,0.7731480884857181,0.7709869350775079,0.772169518565603,0.7688681436657008,0.7731059132658641
electricity-normalized,vicdemand,45312.0,0.3515,0.0927,0.0241,1.0,0.4228,0.4229,0.1214,0.1626,0.95,0.0487,0.0975,0.3092,0.6666,0.2737,0.4996,0.3774,0.6592,5.3934,0.0,LogisticRegression,0.7541803326190806,0.7546218267700435,0.7539345476725116,0.7539193907629772,0.7540958498268854,0.7546131533367174,0.7541774374450091,0.7542407602681283,0.7537090183659985
electricity-normalized,vicdemand,45312.0,0.3515,0.0927,0.0241,1.0,0.4228,0.4229,0.1214,0.1626,0.95,0.0487,0.0975,0.3092,0.6666,0.2737,0.4996,0.3774,0.6592,5.3934,0.0,KNN,0.7709994297637653,0.7705435321781563,0.7708659514655126,0.7705385630616156,0.7704459365520152,0.7699479305789085,0.7709721974322628,0.7683968407336943,0.77197824436473
electricity-normalized,vicdemand,45312.0,0.3515,0.0927,0.0241,1.0,0.4228,0.4229,0.1214,0.1626,0.95,0.0487,0.0975,0.3092,0.6666,0.2737,0.4996,0.3774,0.6592,5.3934,0.0,RandomForest,0.795734689191693,0.7921735860788697,0.7926618980692489,0.7921393499586955,0.7916304268670117,0.7912187157647268,0.794938992248869,0.79236365503913,0.7930188752452371
electricity-normalized,vicdemand,45312.0,0.3515,0.0927,0.0241,1.0,0.4228,0.4229,0.1214,0.1626,0.95,0.0487,0.0975,0.3092,0.6666,0.2737,0.4996,0.3774,0.6592,5.3934,0.0,AdaBoost,0.7591806862627433,0.7590207494287429,0.758119826135685,0.7574577411114779,0.7578045621902482,0.7576382702208323,0.7595611615462319,0.757879714501302,0.7574255388588207
electricity-normalized,vicdemand,45312.0,0.3515,0.0927,0.0241,1.0,0.4228,0.4229,0.1214,0.1626,0.95,0.0487,0.0975,0.3092,0.6666,0.2737,0.4996,0.3774,0.6592,5.3934,0.0,SVC,0.761446864164724,0.7537612425804765,0.7536793725003735,0.7600801602900213,0.76192999660986,0.7600661169651595,0.749348878090834,0.7575857097608472,0.7571853727778696
electricity-normalized,vicdemand,45312.0,0.3025,0.0868,0.0241,1.0,0.4227,0.4229,0.1212,0.1696,0.9773,0.0477,0.095,0.3059,0.6665,0.2735,0.5,0.3773,0.6596,5.3793,0.0,DecisionTree,0.7743493582969576,0.7739880141086951,0.7745311373017306,0.7737934267083766,0.7739555790429933,0.7736185538199485,0.7729704094458478,0.7705720129281111,0.7741426592068793
electricity-normalized,vicdemand,45312.0,0.3025,0.0868,0.0241,1.0,0.4227,0.4229,0.1212,0.1696,0.9773,0.0477,0.095,0.3059,0.6665,0.2735,0.5,0.3773,0.6596,5.3793,0.0,LogisticRegression,0.7544929502399893,0.7545643136322282,0.7533075034104888,0.7536961753653879,0.7535961474332052,0.7542562832707465,0.7545621204561109,0.7543083494394985,0.7535063339716279
electricity-normalized,vicdemand,45312.0,0.3025,0.0868,0.0241,1.0,0.4227,0.4229,0.1212,0.1696,0.9773,0.0477,0.095,0.3059,0.6665,0.2735,0.5,0.3773,0.6596,5.3793,0.0,KNN,0.7762635465846316,0.7760576718384935,0.7768758950621691,0.7779610295041547,0.776804866141781,0.7734923468389266,0.7762969740365322,0.7714862133609341,0.7775115643694714
electricity-normalized,vicdemand,45312.0,0.3025,0.0868,0.0241,1.0,0.4227,0.4229,0.1212,0.1696,0.9773,0.0477,0.095,0.3059,0.6665,0.2735,0.5,0.3773,0.6596,5.3793,0.0,RandomForest,0.7996357890743961,0.7953470825538371,0.7976946278410281,0.7964450719267586,0.7959516129773063,0.7958924380026362,0.7960102758890316,0.7945380007633613,0.796458928754363
electricity-normalized,vicdemand,45312.0,0.3025,0.0868,0.0241,1.0,0.4227,0.4229,0.1212,0.1696,0.9773,0.0477,0.095,0.3059,0.6665,0.2735,0.5,0.3773,0.6596,5.3793,0.0,AdaBoost,0.7592929800056663,0.7572977467288055,0.7578975817362056,0.7581423223680123,0.7570752345091194,0.756643636814206,0.7602188645405996,0.7582300597612871,0.7575411123656078
electricity-normalized,vicdemand,45312.0,0.3025,0.0868,0.0241,1.0,0.4227,0.4229,0.1212,0.1696,0.9773,0.0477,0.095,0.3059,0.6665,0.2735,0.5,0.3773,0.6596,5.3793,0.0,SVC,0.7605390823260822,0.7597128813439107,0.7570861681520906,0.7585854461136476,0.7606264076685054,0.7543996432467694,0.7615249198608409,0.7575926412158567,0.7515706984263095
electricity-normalized,vicdemand,45312.0,0.2495,0.081,0.0,1.0,0.423,0.4229,0.1206,0.1651,0.9355,0.0484,0.0963,0.3101,0.6683,0.2733,0.5,0.3772,0.6598,5.4072,0.0,DecisionTree,0.7726048177219554,0.7761552377327449,0.7760375108371871,0.7743444091403014,0.77486716732266,0.7725797969443622,0.7760601335033432,0.7714150615417708,0.775722885142629
electricity-normalized,vicdemand,45312.0,0.2495,0.081,0.0,1.0,0.423,0.4229,0.1206,0.1651,0.9355,0.0484,0.0963,0.3101,0.6683,0.2733,0.5,0.3772,0.6598,5.4072,0.0,LogisticRegression,0.7548523960058925,0.7547693898121891,0.7542677908995677,0.754310521218816,0.7542787345181158,0.7547143485222152,0.7547258208038099,0.7549224913491428,0.7541898007155667
electricity-normalized,vicdemand,45312.0,0.2495,0.081,0.0,1.0,0.423,0.4229,0.1206,0.1651,0.9355,0.0484,0.0963,0.3101,0.6683,0.2733,0.5,0.3772,0.6598,5.4072,0.0,KNN,0.7768652870486974,0.7769486877844508,0.7770878721798066,0.7764464533626474,0.775665736706947,0.7747804043183409,0.7768916068105435,0.7753223158411412,0.7772693836665487
electricity-normalized,vicdemand,45312.0,0.2495,0.081,0.0,1.0,0.423,0.4229,0.1206,0.1651,0.9355,0.0484,0.0963,0.3101,0.6683,0.2733,0.5,0.3772,0.6598,5.4072,0.0,RandomForest,0.798934276855965,0.797949527632055,0.7978616887513641,0.7971264666036058,0.7976121438746172,0.7972209870754257,0.7983486767304022,0.7975560419663226,0.7978980947596677
electricity-normalized,vicdemand,45312.0,0.2495,0.081,0.0,1.0,0.423,0.4229,0.1206,0.1651,0.9355,0.0484,0.0963,0.3101,0.6683,0.2733,0.5,0.3772,0.6598,5.4072,0.0,AdaBoost,0.7590291516232215,0.7582666528621888,0.7582629504645955,0.7576984691103394,0.7581999101383271,0.7572266182065589,0.7598849215382282,0.7594658807718797,0.7574326350970009
electricity-normalized,vicdemand,45312.0,0.2495,0.081,0.0,1.0,0.423,0.4229,0.1206,0.1651,0.9355,0.0484,0.0963,0.3101,0.6683,0.2733,0.5,0.3772,0.6598,5.4072,0.0,SVC,0.7530606386499415,0.7584165250492683,0.7576989120847476,0.7514759520906604,0.7583919823854335,0.7550264433165086,0.7579360791476463,0.7502557403028332,0.7643158683418463
electricity-normalized,vicdemand,45312.0,0.1965,0.0762,0.0241,1.0,0.4229,0.4229,0.121,0.1616,0.9014,0.0487,0.0974,0.3069,0.6682,0.2738,0.501,0.3778,0.6612,5.4226,0.0,DecisionTree,0.7765453660127826,0.7763867290711292,0.7761628331467516,0.7760516666467667,0.7765756209414888,0.7742409563758972,0.7767640632831276,0.7732819023604529,0.7762417260634105
electricity-normalized,vicdemand,45312.0,0.1965,0.0762,0.0241,1.0,0.4229,0.4229,0.121,0.1616,0.9014,0.0487,0.0974,0.3069,0.6682,0.2738,0.501,0.3778,0.6612,5.4226,0.0,LogisticRegression,0.7544836950770877,0.7544887477915567,0.7538750022866985,0.753918183991799,0.7537480140251813,0.7544573066985899,0.7547197924298199,0.7546132310067012,0.7537742331738814
electricity-normalized,vicdemand,45312.0,0.1965,0.0762,0.0241,1.0,0.4229,0.4229,0.121,0.1616,0.9014,0.0487,0.0974,0.3069,0.6682,0.2738,0.501,0.3778,0.6612,5.4226,0.0,KNN,0.7773474583408715,0.7779318615133772,0.7797883558053036,0.7786026259073021,0.7780452588667517,0.7777558596141072,0.7775244580116714,0.7761278580288693,0.7785331575263572
electricity-normalized,vicdemand,45312.0,0.1965,0.0762,0.0241,1.0,0.4229,0.4229,0.121,0.1616,0.9014,0.0487,0.0974,0.3069,0.6682,0.2738,0.501,0.3778,0.6612,5.4226,0.0,RandomForest,0.801931993101306,0.7994262826393351,0.8005840039114228,0.7987148243669424,0.7988905727497801,0.7992561221384951,0.7991785680091229,0.7995600736239926,0.7991967267480122
electricity-normalized,vicdemand,45312.0,0.1965,0.0762,0.0241,1.0,0.4229,0.4229,0.121,0.1616,0.9014,0.0487,0.0974,0.3069,0.6682,0.2738,0.501,0.3778,0.6612,5.4226,0.0,AdaBoost,0.759716386891756,0.759184595871283,0.7588375778549968,0.7586826291506265,0.7589204717269835,0.757527822325168,0.7578834150296564,0.7597069658059842,0.75795781114898
electricity-normalized,vicdemand,45312.0,0.1965,0.0762,0.0241,1.0,0.4229,0.4229,0.121,0.1616,0.9014,0.0487,0.0974,0.3069,0.6682,0.2738,0.501,0.3778,0.6612,5.4226,0.0,SVC,0.7644504967542782,0.7597359127223159,0.751522107470437,0.7625138443782149,0.760419321724351,0.7612376008805224,0.7569645126889126,0.7570128079840063,0.7592528893158199
electricity-normalized,vicdemand,45312.0,0.1487,0.0726,0.0,0.9969,0.4228,0.4229,0.1213,0.1601,0.8966,0.0493,0.0984,0.3097,0.6692,0.2752,0.5017,0.3795,0.6617,5.4232,0.0,DecisionTree,0.7778989400944799,0.7773013842610201,0.778194798464664,0.7763223611638163,0.7761495834864537,0.7779675769060653,0.7759565932781688,0.7744622938503561,0.7773772582575496
electricity-normalized,vicdemand,45312.0,0.1487,0.0726,0.0,0.9969,0.4228,0.4229,0.1213,0.1601,0.8966,0.0493,0.0984,0.3097,0.6692,0.2752,0.5017,0.3795,0.6617,5.4232,0.0,LogisticRegression,0.7543507023840955,0.7541863584825794,0.7537081863913366,0.7538461688958673,0.7538466965724545,0.7539064945753605,0.7542930451045313,0.754480606120902,0.7536961940062067
electricity-normalized,vicdemand,45312.0,0.1487,0.0726,0.0,0.9969,0.4228,0.4229,0.1213,0.1601,0.8966,0.0493,0.0984,0.3097,0.6692,0.2752,0.5017,0.3795,0.6617,5.4232,0.0,KNN,0.7808421854186596,0.7803630792655473,0.7806303582137879,0.7797847349218193,0.779950992467147,0.7785272517920911,0.7798496357080265,0.7785890326588127,0.7802674073707302
electricity-normalized,vicdemand,45312.0,0.1487,0.0726,0.0,0.9969,0.4228,0.4229,0.1213,0.1601,0.8966,0.0493,0.0984,0.3097,0.6692,0.2752,0.5017,0.3795,0.6617,5.4232,0.0,RandomForest,0.804277869395785,0.80255162911841,0.802889233917495,0.8017254483043846,0.8028813168239889,0.8028191586312968,0.8035899848103811,0.802741057826396,0.8035557031981382
electricity-normalized,vicdemand,45312.0,0.1487,0.0726,0.0,0.9969,0.4228,0.4229,0.1213,0.1601,0.8966,0.0493,0.0984,0.3097,0.6692,0.2752,0.5017,0.3795,0.6617,5.4232,0.0,AdaBoost,0.7605615698164676,0.7585644216978691,0.7602626482345367,0.7595604879518331,0.7597931830270976,0.759302200472241,0.7604468492361729,0.7589972343780511,0.7595285397896346
electricity-normalized,vicdemand,45312.0,0.1487,0.0726,0.0,0.9969,0.4228,0.4229,0.1213,0.1601,0.8966,0.0493,0.0984,0.3097,0.6692,0.2752,0.5017,0.3795,0.6617,5.4232,0.0,SVC,0.754106404743841,0.751248984836302,0.754221634162083,0.7623395943162505,0.7610522778015272,0.7637173300438591,0.7634355505335163,0.7639477002279813,0.760863893148814
electricity-normalized,vicdemand,45312.0,0.1036,0.0693,0.0,1.0,0.4231,0.4229,0.121,0.1629,0.9183,0.0485,0.097,0.3094,0.6693,0.2741,0.5024,0.3779,0.6624,5.4133,0.0,DecisionTree,0.7799305824525916,0.7791623715574137,0.7790094570065208,0.7789264471096654,0.7785064025883419,0.7797377253654539,0.7804931060699303,0.7772667815660358,0.7809907996106318
electricity-normalized,vicdemand,45312.0,0.1036,0.0693,0.0,1.0,0.4231,0.4229,0.121,0.1629,0.9183,0.0485,0.097,0.3094,0.6693,0.2741,0.5024,0.3779,0.6624,5.4133,0.0,LogisticRegression,0.7544547415637843,0.7545290875569921,0.7538978632207496,0.7539757832283926,0.754030549428284,0.7543131372890237,0.7544343378828884,0.7544054849085113,0.7539900535832551
electricity-normalized,vicdemand,45312.0,0.1036,0.0693,0.0,1.0,0.4231,0.4229,0.121,0.1629,0.9183,0.0485,0.097,0.3094,0.6693,0.2741,0.5024,0.3779,0.6624,5.4133,0.0,KNN,0.7835550499549304,0.7825250849653473,0.7831188921248582,0.7828376772297849,0.7831689081738649,0.7831247397047973,0.7830129772681076,0.7819871973382195,0.7833134580457712
electricity-normalized,vicdemand,45312.0,0.1036,0.0693,0.0,1.0,0.4231,0.4229,0.121,0.1629,0.9183,0.0485,0.097,0.3094,0.6693,0.2741,0.5024,0.3779,0.6624,5.4133,0.0,RandomForest,0.8078258294432245,0.8059694547463425,0.8059545114603828,0.8045339499094224,0.8057452542021386,0.8056460207947683,0.806640256056894,0.8040798642102057,0.8050517632273164
electricity-normalized,vicdemand,45312.0,0.1036,0.0693,0.0,1.0,0.4231,0.4229,0.121,0.1629,0.9183,0.0485,0.097,0.3094,0.6693,0.2741,0.5024,0.3779,0.6624,5.4133,0.0,AdaBoost,0.7600801973174427,0.7608521920978166,0.7604552944867121,0.7600033628035072,0.7602304518630683,0.759559905191499,0.7600665894475341,0.7598927670981128,0.7597997505262404
electricity-normalized,vicdemand,45312.0,0.1036,0.0693,0.0,1.0,0.4231,0.4229,0.121,0.1629,0.9183,0.0485,0.097,0.3094,0.6693,0.2741,0.5024,0.3779,0.6624,5.4133,0.0,SVC,0.7574788619550075,0.7533812003976362,0.7630749980612301,0.7634099095175169,0.7613322605253504,0.7638179937904627,0.75931100753182,0.764812382718279,0.7538819835968131
electricity-normalized,vicdemand,45312.0,0.0502,0.0657,0.0,1.0,0.4229,0.4229,0.121,0.1603,0.9124,0.0489,0.0974,0.3072,0.6674,0.2733,0.5004,0.377,0.6602,5.4211,0.0,DecisionTree,0.7789193231998977,0.7813375453846114,0.7818117086305973,0.7810920555650653,0.7821045260777928,0.7799821182498216,0.7811476745900879,0.7805429253462708,0.7826040228542135
electricity-normalized,vicdemand,45312.0,0.0502,0.0657,0.0,1.0,0.4229,0.4229,0.121,0.1603,0.9124,0.0489,0.0974,0.3072,0.6674,0.2733,0.5004,0.377,0.6602,5.4211,0.0,LogisticRegression,0.7542959058957878,0.7542697828572367,0.7541601161576248,0.7542177361101159,0.754105321243794,0.7541774587422967,0.7542410558144004,0.7543766035667404,0.7540708118405545
electricity-normalized,vicdemand,45312.0,0.0502,0.0657,0.0,1.0,0.4229,0.4229,0.121,0.1603,0.9124,0.0489,0.0974,0.3072,0.6674,0.2733,0.5004,0.377,0.6602,5.4211,0.0,KNN,0.7848447491850883,0.7836596872703379,0.7838243067945652,0.78460594054945,0.7841853633931888,0.7842623761277553,0.7857363415603295,0.7842205217399686,0.784499425246805
electricity-normalized,vicdemand,45312.0,0.0502,0.0657,0.0,1.0,0.4229,0.4229,0.121,0.1603,0.9124,0.0489,0.0974,0.3072,0.6674,0.2733,0.5004,0.377,0.6602,5.4211,0.0,RandomForest,0.8094923332507129,0.8085028384487708,0.8078583145046601,0.8088791275686728,0.8078217860885849,0.8082713667173613,0.808216779168551,0.8076973373290007,0.8078243509141971
electricity-normalized,vicdemand,45312.0,0.0502,0.0657,0.0,1.0,0.4229,0.4229,0.121,0.1603,0.9124,0.0489,0.0974,0.3072,0.6674,0.2733,0.5004,0.377,0.6602,5.4211,0.0,AdaBoost,0.7600897920660145,0.7609199682095041,0.7616475399004448,0.7607676256742664,0.7601674778905883,0.7612949119305299,0.7613579135968285,0.7608288308659892,0.7608591858924989
electricity-normalized,vicdemand,45312.0,0.0502,0.0657,0.0,1.0,0.4229,0.4229,0.121,0.1603,0.9124,0.0489,0.0974,0.3072,0.6674,0.2733,0.5004,0.377,0.6602,5.4211,0.0,SVC,0.7590802752452643,0.7643038681070327,0.757963864107781,0.7609810626570414,0.758474414621932,0.7593386977539903,0.7605998038692866,0.7649266031246058,0.7603783897552717
german,Age,1000.0,0.517,0.1056,20.0,75.0,36.2899,33.0,12.2256,0.9759,0.2527,7.0,16.0,0.0064,0.0328,0.0015,0.0026,0.0029,0.0045,3.6639,0.0347,DecisionTree,0.6547150746029855,0.6501173598821606,0.6640684542757006,0.6653694817331597,0.664071608306819,0.6648140412281789,0.6638562292422859,0.6559210091441582,0.6582430239599615
german,Age,1000.0,0.517,0.1056,20.0,75.0,36.2899,33.0,12.2256,0.9759,0.2527,7.0,16.0,0.0064,0.0328,0.0015,0.0026,0.0029,0.0045,3.6639,0.0347,LogisticRegression,0.6491884570359904,0.6435319251748995,0.6459609691871446,0.6497962743313076,0.6486771838733669,0.6454763405804946,0.649229078962493,0.6415128193404094,0.6480751513216649
german,Age,1000.0,0.517,0.1056,20.0,75.0,36.2899,33.0,12.2256,0.9759,0.2527,7.0,16.0,0.0064,0.0328,0.0015,0.0026,0.0029,0.0045,3.6639,0.0347,KNN,0.6439346346245417,0.6508521097682191,0.6416243798690072,0.6419404264034838,0.6453498561968967,0.6367765224382387,0.6416455956153241,0.6442561766769904,0.6564722441603568
german,Age,1000.0,0.517,0.1056,20.0,75.0,36.2899,33.0,12.2256,0.9759,0.2527,7.0,16.0,0.0064,0.0328,0.0015,0.0026,0.0029,0.0045,3.6639,0.0347,RandomForest,0.6695002043054878,0.67458229078046,0.6688376768688113,0.679722683595662,0.6552213546882084,0.6676687418627228,0.6824532029253111,0.6728920614606975,0.6700776722777765
german,Age,1000.0,0.517,0.1056,20.0,75.0,36.2899,33.0,12.2256,0.9759,0.2527,7.0,16.0,0.0064,0.0328,0.0015,0.0026,0.0029,0.0045,3.6639,0.0347,AdaBoost,0.65319752705583,0.6579939038671159,0.6450330489800281,0.6689473797242129,0.6539957289311473,0.6450179149637338,0.6572928721224154,0.6542315290425536,0.6523462913973798
german,Age,1000.0,0.517,0.1056,20.0,75.0,36.2899,33.0,12.2256,0.9759,0.2527,7.0,16.0,0.0064,0.0328,0.0015,0.0026,0.0029,0.0045,3.6639,0.0347,SVC,0.5866071804226658,0.5866071804226658,0.5866071804226658,0.5866071804226658,0.5866071804226658,0.5866071804226658,0.5866071804226658,0.5866071804226658,0.5866071804226658
german,Age,1000.0,0.419,0.0861,20.0,75.0,35.1738,33.0,10.9256,0.9869,0.5464,7.0,15.0,0.0445,0.0698,0.032,0.0361,0.0468,0.0557,3.609,0.0372,DecisionTree,0.6583536738114604,0.6611719389180711,0.6492723145302678,0.6573450869020826,0.6570755784683122,0.6663663252551453,0.6623152618898274,0.6528162414421799,0.6587704757234415
german,Age,1000.0,0.419,0.0861,20.0,75.0,35.1738,33.0,10.9256,0.9869,0.5464,7.0,15.0,0.0445,0.0698,0.032,0.0361,0.0468,0.0557,3.609,0.0372,LogisticRegression,0.6436177974117688,0.6506919692706501,0.6487602922073163,0.6436177974117688,0.6441992343450413,0.6449548945681303,0.6449548945681303,0.6482820899883587,0.6495666101912391
german,Age,1000.0,0.419,0.0861,20.0,75.0,35.1738,33.0,10.9256,0.9869,0.5464,7.0,15.0,0.0445,0.0698,0.032,0.0361,0.0468,0.0557,3.609,0.0372,KNN,0.6598066076901344,0.644145716869631,0.6411243868094598,0.6513646930751003,0.6610682451772856,0.656217469906744,0.6601113090495871,0.6579653346968624,0.6419683719220548
german,Age,1000.0,0.419,0.0861,20.0,75.0,35.1738,33.0,10.9256,0.9869,0.5464,7.0,15.0,0.0445,0.0698,0.032,0.0361,0.0468,0.0557,3.609,0.0372,RandomForest,0.676086207808565,0.6750794401173421,0.6830931325083802,0.679180045396378,0.6780947840759093,0.6749291600316014,0.6781346157371647,0.6840842809946821,0.6711920484801851
german,Age,1000.0,0.419,0.0861,20.0,75.0,35.1738,33.0,10.9256,0.9869,0.5464,7.0,15.0,0.0445,0.0698,0.032,0.0361,0.0468,0.0557,3.609,0.0372,AdaBoost,0.6445421507694761,0.6489461264924068,0.662353836794014,0.6484745031206632,0.6530194538784232,0.6602667178015064,0.6592425276426905,0.6566487105226083,0.6510812335244263
german,Age,1000.0,0.419,0.0861,20.0,75.0,35.1738,33.0,10.9256,0.9869,0.5464,7.0,15.0,0.0445,0.0698,0.032,0.0361,0.0468,0.0557,3.609,0.0372,SVC,0.5866071804226658,0.5866071804226658,0.5866071804226658,0.5866071804226658,0.5866071804226658,0.5866071804226658,0.5866071804226658,0.5866071804226658,0.5866071804226658
german,Age,1000.0,0.41,0.0864,19.0,75.0,36.0356,33.0,11.5517,1.0567,0.7587,7.0,15.0,0.0385,0.0745,0.0262,0.0448,0.0362,0.0636,3.639,0.0358,DecisionTree,0.6597576491282371,0.6661529542098329,0.6698208768206678,0.6543943476395958,0.6601898879679537,0.6466974768966102,0.6445578554088173,0.6729318800611255,0.6601636443291986
german,Age,1000.0,0.41,0.0864,19.0,75.0,36.0356,33.0,11.5517,1.0567,0.7587,7.0,15.0,0.0385,0.0745,0.0262,0.0448,0.0362,0.0636,3.639,0.0358,LogisticRegression,0.6569297815651071,0.6440478826795057,0.651008303945549,0.654450582052647,0.6527673627068229,0.6525657418479063,0.6550807644217929,0.6486757711260842,0.642581261453362
german,Age,1000.0,0.41,0.0864,19.0,75.0,36.0356,33.0,11.5517,1.0567,0.7587,7.0,15.0,0.0385,0.0745,0.0262,0.0448,0.0362,0.0636,3.639,0.0358,KNN,0.6573630174762788,0.6430769900821038,0.649258373765939,0.6543076370365728,0.6533313170287502,0.6559909881589009,0.651615499910134,0.6531696229199954,0.6318042189449922
german,Age,1000.0,0.41,0.0864,19.0,75.0,36.0356,33.0,11.5517,1.0567,0.7587,7.0,15.0,0.0385,0.0745,0.0262,0.0448,0.0362,0.0636,3.639,0.0358,RandomForest,0.6781215140454523,0.6704549382231239,0.6727642594130834,0.6802896884605976,0.6765920542092514,0.6883455612565915,0.6821803804447565,0.6828890676617765,0.6768875966838142
german,Age,1000.0,0.41,0.0864,19.0,75.0,36.0356,33.0,11.5517,1.0567,0.7587,7.0,15.0,0.0385,0.0745,0.0262,0.0448,0.0362,0.0636,3.639,0.0358,AdaBoost,0.6478826920777541,0.6669028688376699,0.65392089794902,0.6395154765456932,0.6476530061685386,0.6533403377772301,0.6481085676736562,0.663726289037144,0.6593593692845796
german,Age,1000.0,0.41,0.0864,19.0,75.0,36.0356,33.0,11.5517,1.0567,0.7587,7.0,15.0,0.0385,0.0745,0.0262,0.0448,0.0362,0.0636,3.639,0.0358,SVC,0.5866071804226658,0.5866071804226658,0.5866071804226658,0.5866071804226658,0.5866071804226658,0.5866071804226658,0.5866071804226658,0.5866071804226658,0.5866071804226658
german,Age,1000.0,0.348,0.0782,19.0,75.0,35.3819,33.0,11.1593,1.0665,0.6746,7.0,14.0,0.0007,0.0715,0.0108,0.0364,0.0139,0.0501,3.5981,0.036,DecisionTree,0.6688741608421738,0.6717076834461606,0.6640732238465779,0.6643570183812366,0.6627787236436125,0.6663685482742499,0.6662901151201595,0.6558392706478644,0.660870520111427
german,Age,1000.0,0.348,0.0782,19.0,75.0,35.3819,33.0,11.1593,1.0665,0.6746,7.0,14.0,0.0007,0.0715,0.0108,0.0364,0.0139,0.0501,3.5981,0.036,LogisticRegression,0.6445803840442036,0.6402659431446894,0.6434161902005096,0.6466881769343062,0.6469381663700999,0.6428149812416529,0.6433964181749254,0.6479125318193428,0.636551914240059
german,Age,1000.0,0.348,0.0782,19.0,75.0,35.3819,33.0,11.1593,1.0665,0.6746,7.0,14.0,0.0007,0.0715,0.0108,0.0364,0.0139,0.0501,3.5981,0.036,KNN,0.6345835217969773,0.6477132626207982,0.6487884463587579,0.6417954409127059,0.6439807134209408,0.6372393703796093,0.639875945270056,0.6355803722353324,0.6460652706400435
german,Age,1000.0,0.348,0.0782,19.0,75.0,35.3819,33.0,11.1593,1.0665,0.6746,7.0,14.0,0.0007,0.0715,0.0108,0.0364,0.0139,0.0501,3.5981,0.036,RandomForest,0.6814059421621825,0.6750467724006124,0.6738411447242272,0.6794148471805466,0.6788565176135206,0.684941409676331,0.6907958390259206,0.667823059577461,0.6727687354270362
german,Age,1000.0,0.348,0.0782,19.0,75.0,35.3819,33.0,11.1593,1.0665,0.6746,7.0,14.0,0.0007,0.0715,0.0108,0.0364,0.0139,0.0501,3.5981,0.036,AdaBoost,0.6468769186873339,0.6467201492054168,0.6549740154468662,0.6451900490277306,0.6417167720717389,0.6446705375692825,0.6383041461491706,0.6363874818257466,0.6483222246044745
german,Age,1000.0,0.348,0.0782,19.0,75.0,35.3819,33.0,11.1593,1.0665,0.6746,7.0,14.0,0.0007,0.0715,0.0108,0.0364,0.0139,0.0501,3.5981,0.036,SVC,0.5866071804226658,0.5866071804226658,0.5866071804226658,0.5866071804226658,0.5866071804226658,0.5866071804226658,0.5866071804226658,0.5866071804226658,0.5866071804226658
german,Age,1000.0,0.275,0.0717,20.0,75.0,35.8745,33.0,11.6073,1.0166,0.5206,7.0,15.0,0.0226,0.0593,0.0004,0.0485,0.0004,0.0682,3.654,0.0297,DecisionTree,0.6690914783766369,0.6634823927035526,0.6710849483528147,0.6577477194716824,0.6607495129282942,0.6622807935610213,0.6640663661003774,0.6695579207763099,0.6718863583403256
german,Age,1000.0,0.275,0.0717,20.0,75.0,35.8745,33.0,11.6073,1.0166,0.5206,7.0,15.0,0.0226,0.0593,0.0004,0.0485,0.0004,0.0682,3.654,0.0297,LogisticRegression,0.6485195511090155,0.6447944758256285,0.649034530727995,0.6510235691334689,0.6470005703726014,0.6483413810860962,0.6458767941060516,0.6492249130416937,0.646698361465659
german,Age,1000.0,0.275,0.0717,20.0,75.0,35.8745,33.0,11.6073,1.0166,0.5206,7.0,15.0,0.0226,0.0593,0.0004,0.0485,0.0004,0.0682,3.654,0.0297,KNN,0.6582365282576137,0.6434120544619886,0.6511634439344683,0.6607944612392406,0.6606726130672748,0.662816831744908,0.6545641485470047,0.6517960081488614,0.640821220614505
german,Age,1000.0,0.275,0.0717,20.0,75.0,35.8745,33.0,11.6073,1.0166,0.5206,7.0,15.0,0.0226,0.0593,0.0004,0.0485,0.0004,0.0682,3.654,0.0297,RandomForest,0.6867128218873709,0.679943020628015,0.6714119410303718,0.6812052583329475,0.6862414207906473,0.6745485530831916,0.6759623861653561,0.6695775875682547,0.6718408395431844
german,Age,1000.0,0.275,0.0717,20.0,75.0,35.8745,33.0,11.6073,1.0166,0.5206,7.0,15.0,0.0226,0.0593,0.0004,0.0485,0.0004,0.0682,3.654,0.0297,AdaBoost,0.6548907326711941,0.6602435817390357,0.6459753522836024,0.6505625086548019,0.6501186605656688,0.6550642553737535,0.6512193768836483,0.6574657906706622,0.6518212560522393
german,Age,1000.0,0.275,0.0717,20.0,75.0,35.8745,33.0,11.6073,1.0166,0.5206,7.0,15.0,0.0226,0.0593,0.0004,0.0485,0.0004,0.0682,3.654,0.0297,SVC,0.5866071804226658,0.5866071804226658,0.5866071804226658,0.5866071804226658,0.5866071804226658,0.5866071804226658,0.5866071804226658,0.5866071804226658,0.5866071804226658
german,Age,1000.0,0.246,0.0703,19.0,75.0,35.7401,33.0,11.5824,1.0199,0.5534,7.0,15.0,0.0407,0.0489,0.0183,0.0321,0.0273,0.047,3.6625,0.0312,DecisionTree,0.6626148826365308,0.6630139557010898,0.6685436483078359,0.6621055273813377,0.6689825621484932,0.6638939007040421,0.662430896743998,0.6637729334961749,0.6581375217498553
german,Age,1000.0,0.246,0.0703,19.0,75.0,35.7401,33.0,11.5824,1.0199,0.5534,7.0,15.0,0.0407,0.0489,0.0183,0.0321,0.0273,0.047,3.6625,0.0312,LogisticRegression,0.6470824476416596,0.6443382878524917,0.6433609945997254,0.6469058720868177,0.6477459064675966,0.6487954515229281,0.6476502273904045,0.6406183661266834,0.6468134066229096
german,Age,1000.0,0.246,0.0703,19.0,75.0,35.7401,33.0,11.5824,1.0199,0.5534,7.0,15.0,0.0407,0.0489,0.0183,0.0321,0.0273,0.047,3.6625,0.0312,KNN,0.6602635628953151,0.6479098521702,0.6559851086929096,0.6531093173396392,0.6468381828750194,0.658389935017009,0.654174357670926,0.6387130282275617,0.6550749894070402
german,Age,1000.0,0.246,0.0703,19.0,75.0,35.7401,33.0,11.5824,1.0199,0.5534,7.0,15.0,0.0407,0.0489,0.0183,0.0321,0.0273,0.047,3.6625,0.0312,RandomForest,0.6829024904784757,0.6706638938239313,0.679311711142775,0.6833603565750692,0.6793130622767991,0.692549986188318,0.6805622925318568,0.6764000117174755,0.6807631735010299
german,Age,1000.0,0.246,0.0703,19.0,75.0,35.7401,33.0,11.5824,1.0199,0.5534,7.0,15.0,0.0407,0.0489,0.0183,0.0321,0.0273,0.047,3.6625,0.0312,AdaBoost,0.663284987756758,0.6651777259677747,0.6607953927858617,0.6514860948735006,0.6652443305241751,0.6528431314350931,0.6545252974939808,0.6578849628602933,0.6630277680348653
german,Age,1000.0,0.246,0.0703,19.0,75.0,35.7401,33.0,11.5824,1.0199,0.5534,7.0,15.0,0.0407,0.0489,0.0183,0.0321,0.0273,0.047,3.6625,0.0312,SVC,0.5866071804226658,0.5866071804226658,0.5866071804226658,0.5866071804226658,0.5866071804226658,0.5866071804226658,0.5866071804226658,0.5866071804226658,0.5866071804226658
german,Age,1000.0,0.214,0.0674,19.0,75.0,35.5013,33.0,11.3575,1.0503,0.7081,7.0,14.0,0.0152,0.0442,0.0063,0.0326,0.0096,0.0492,3.6457,0.0314,DecisionTree,0.6569649830438701,0.6620920092898231,0.6682333747720085,0.6560247995129193,0.6461335640476394,0.6545966693381093,0.654647119042173,0.6646525527004132,0.6383857590588404
german,Age,1000.0,0.214,0.0674,19.0,75.0,35.5013,33.0,11.3575,1.0503,0.7081,7.0,14.0,0.0152,0.0442,0.0063,0.0326,0.0096,0.0492,3.6457,0.0314,LogisticRegression,0.6382628352754887,0.6465910214772339,0.6414542271711732,0.6415626547594189,0.6384751348573742,0.6363435213079415,0.6387875152832536,0.6443474860479586,0.6455308290421224
german,Age,1000.0,0.214,0.0674,19.0,75.0,35.5013,33.0,11.3575,1.0503,0.7081,7.0,14.0,0.0152,0.0442,0.0063,0.0326,0.0096,0.0492,3.6457,0.0314,KNN,0.6490934784415079,0.6318399688720491,0.6432137344715535,0.6416494428441912,0.6481285857305344,0.6443192749156877,0.6484089210302637,0.6358967292381458,0.6378189033304301
german,Age,1000.0,0.214,0.0674,19.0,75.0,35.5013,33.0,11.3575,1.0503,0.7081,7.0,14.0,0.0152,0.0442,0.0063,0.0326,0.0096,0.0492,3.6457,0.0314,RandomForest,0.6939108021020821,0.6862992367571403,0.6791906673016067,0.6846311554799372,0.6762606641941695,0.6863504690561028,0.6870787757524681,0.6839362907646334,0.6770741919444518
german,Age,1000.0,0.214,0.0674,19.0,75.0,35.5013,33.0,11.3575,1.0503,0.7081,7.0,14.0,0.0152,0.0442,0.0063,0.0326,0.0096,0.0492,3.6457,0.0314,AdaBoost,0.6480674566186424,0.6515643831411052,0.6501703001501966,0.6485453281580226,0.648636505708462,0.6489295210246825,0.645775180793065,0.6633078004956989,0.647548811656752
german,Age,1000.0,0.214,0.0674,19.0,75.0,35.5013,33.0,11.3575,1.0503,0.7081,7.0,14.0,0.0152,0.0442,0.0063,0.0326,0.0096,0.0492,3.6457,0.0314,SVC,0.5866071804226658,0.5866071804226658,0.5866071804226658,0.5866071804226658,0.5866071804226658,0.5866071804226658,0.5866071804226658,0.5866071804226658,0.5866071804226658
german,Age,1000.0,0.164,0.0634,19.0,75.0,35.7488,33.0,11.4001,1.0137,0.5145,7.0,15.0,0.0346,0.0501,0.0154,0.0314,0.0235,0.0451,3.6463,0.0317,DecisionTree,0.6534409732007476,0.6685916130901484,0.6612032029638751,0.6556098989035294,0.6604915456118933,0.6581042417515168,0.6576063856908527,0.6630790691082047,0.6549367850977847
german,Age,1000.0,0.164,0.0634,19.0,75.0,35.7488,33.0,11.4001,1.0137,0.5145,7.0,15.0,0.0346,0.0501,0.0154,0.0314,0.0235,0.0451,3.6463,0.0317,LogisticRegression,0.6393341871424416,0.6369267778358929,0.6366368515852506,0.6378032488641799,0.6378032488641799,0.6372562650645195,0.636672755957082,0.6428815797218046,0.6395847557493026
german,Age,1000.0,0.164,0.0634,19.0,75.0,35.7488,33.0,11.4001,1.0137,0.5145,7.0,15.0,0.0346,0.0501,0.0154,0.0314,0.0235,0.0451,3.6463,0.0317,KNN,0.6409581249395494,0.6321084005894788,0.6465333658577886,0.6404154361939898,0.6384201321788885,0.6419184509288471,0.6376562930733713,0.6444515302376166,0.6329261998009242
german,Age,1000.0,0.164,0.0634,19.0,75.0,35.7488,33.0,11.4001,1.0137,0.5145,7.0,15.0,0.0346,0.0501,0.0154,0.0314,0.0235,0.0451,3.6463,0.0317,RandomForest,0.6807228559577132,0.678759144108474,0.676754292421494,0.6790422465025525,0.6747520971484035,0.6815319273376679,0.6767345932516353,0.6756180009845025,0.6815495021590753
german,Age,1000.0,0.164,0.0634,19.0,75.0,35.7488,33.0,11.4001,1.0137,0.5145,7.0,15.0,0.0346,0.0501,0.0154,0.0314,0.0235,0.0451,3.6463,0.0317,AdaBoost,0.6392823568225265,0.654521020449049,0.644479416504733,0.6380184203849629,0.6445364783343457,0.6401399317450256,0.6359400301059579,0.6430558980081486,0.6434525097517254
german,Age,1000.0,0.164,0.0634,19.0,75.0,35.7488,33.0,11.4001,1.0137,0.5145,7.0,15.0,0.0346,0.0501,0.0154,0.0314,0.0235,0.0451,3.6463,0.0317,SVC,0.5866071804226658,0.5866071804226658,0.5866071804226658,0.5866071804226658,0.5866071804226658,0.5866071804226658,0.5866071804226658,0.5866071804226658,0.5866071804226658
german,Age,1000.0,0.094,0.0574,19.0,75.0,35.5861,33.0,11.3959,1.0267,0.6252,7.0,15.0,0.0339,0.0395,0.0174,0.0284,0.0266,0.0407,3.6481,0.0333,DecisionTree,0.654178306537037,0.6719389760639127,0.6491862077312911,0.6583648676381099,0.6556332579924096,0.6590154680288925,0.6522393649798004,0.658735408710155,0.6608981288565338
german,Age,1000.0,0.094,0.0574,19.0,75.0,35.5861,33.0,11.3959,1.0267,0.6252,7.0,15.0,0.0339,0.0395,0.0174,0.0284,0.0266,0.0407,3.6481,0.0333,LogisticRegression,0.6483179588121699,0.6469090299700982,0.6434677083101479,0.6452974137834282,0.6426255105022474,0.6452974137834282,0.6468180564083653,0.6428458395377991,0.6451942208110484
german,Age,1000.0,0.094,0.0574,19.0,75.0,35.5861,33.0,11.3959,1.0267,0.6252,7.0,15.0,0.0339,0.0395,0.0174,0.0284,0.0266,0.0407,3.6481,0.0333,KNN,0.6540099098199716,0.6508593938527026,0.6575689497230254,0.6489771306090584,0.6502760543321439,0.644608872701188,0.6487691331026977,0.6399124438969888,0.644350802856326
german,Age,1000.0,0.094,0.0574,19.0,75.0,35.5861,33.0,11.3959,1.0267,0.6252,7.0,15.0,0.0339,0.0395,0.0174,0.0284,0.0266,0.0407,3.6481,0.0333,RandomForest,0.6826748543828185,0.6921233538483753,0.6858209097649846,0.6809460469407179,0.6838545682920683,0.685959486108826,0.6838839333595106,0.6778625713776435,0.6906524640389905
german,Age,1000.0,0.094,0.0574,19.0,75.0,35.5861,33.0,11.3959,1.0267,0.6252,7.0,15.0,0.0339,0.0395,0.0174,0.0284,0.0266,0.0407,3.6481,0.0333,AdaBoost,0.6416140981737415,0.6452286168036516,0.6399089883438104,0.6445107469371755,0.6552249102746643,0.6495148300199816,0.6435182899668017,0.6524177853492883,0.6441892206242128
german,Age,1000.0,0.094,0.0574,19.0,75.0,35.5861,33.0,11.3959,1.0267,0.6252,7.0,15.0,0.0339,0.0395,0.0174,0.0284,0.0266,0.0407,3.6481,0.0333,SVC,0.5866071804226658,0.5866071804226658,0.5866071804226658,0.5866071804226658,0.5866071804226658,0.5866071804226658,0.5866071804226658,0.5866071804226658,0.5866071804226658
german,Age,1000.0,0.035,0.0549,19.0,75.0,35.5181,33.0,11.3721,1.0297,0.6139,7.0,15.0,0.0341,0.0379,0.0166,0.0261,0.0255,0.0374,3.6482,0.0323,DecisionTree,0.6541952303434033,0.6533241734475598,0.6596480061010677,0.6586072381266013,0.6536252919575227,0.6586072381266013,0.6539340889472511,0.6600366482633966,0.6579201505245693
german,Age,1000.0,0.035,0.0549,19.0,75.0,35.5181,33.0,11.3721,1.0297,0.6139,7.0,15.0,0.0341,0.0379,0.0166,0.0261,0.0255,0.0374,3.6482,0.0323,LogisticRegression,0.6373071535689474,0.6378929808118967,0.6373071535689474,0.6373071535689474,0.6373071535689474,0.6373071535689474,0.6373071535689474,0.6360131859733994,0.6350770739931315
german,Age,1000.0,0.035,0.0549,19.0,75.0,35.5181,33.0,11.3721,1.0297,0.6139,7.0,15.0,0.0341,0.0379,0.0166,0.0261,0.0255,0.0374,3.6482,0.0323,KNN,0.6501738454381594,0.6405783240007891,0.6515594997821905,0.6507529942617999,0.6526304797049571,0.6509935985538688,0.6497055982552813,0.6394007559611012,0.6469800321992076
german,Age,1000.0,0.035,0.0549,19.0,75.0,35.5181,33.0,11.3721,1.0297,0.6139,7.0,15.0,0.0341,0.0379,0.0166,0.0261,0.0255,0.0374,3.6482,0.0323,RandomForest,0.6976254524480823,0.6865317656142736,0.7011098618860069,0.6941470259896984,0.6957342534203063,0.6990626549915047,0.6912968711615711,0.6934933931636028,0.7021903801403652
german,Age,1000.0,0.035,0.0549,19.0,75.0,35.5181,33.0,11.3721,1.0297,0.6139,7.0,15.0,0.0341,0.0379,0.0166,0.0261,0.0255,0.0374,3.6482,0.0323,AdaBoost,0.6482948510011911,0.65766091679859,0.6506117568984708,0.6493282945541542,0.6486521861290289,0.6410461623832251,0.6454901454500738,0.6583036433416288,0.6538569640701138
german,Age,1000.0,0.035,0.0549,19.0,75.0,35.5181,33.0,11.3721,1.0297,0.6139,7.0,15.0,0.0341,0.0379,0.0166,0.0261,0.0255,0.0374,3.6482,0.0323,SVC,0.5866071804226658,0.5866071804226658,0.5866071804226658,0.5866071804226658,0.5866071804226658,0.5866071804226658,0.5866071804226658,0.5866071804226658,0.5866071804226658
german,Credit_amount,1000.0,0.487,0.9415,339.0,15857.0,3350.2281,2299.0,2953.4548,1.87,3.4955,1076.0,2785.0,0.062,0.605,0.0114,0.4535,0.0199,0.6101,6.1592,0.0,DecisionTree,0.6593699180382693,0.6431339886741614,0.6689440715345826,0.6456347999296086,0.6575979536408336,0.6531420010817388,0.6483229193488651,0.6426321837537373,0.6535749069896472
german,Credit_amount,1000.0,0.487,0.9415,339.0,15857.0,3350.2281,2299.0,2953.4548,1.87,3.4955,1076.0,2785.0,0.062,0.605,0.0114,0.4535,0.0199,0.6101,6.1592,0.0,LogisticRegression,0.6556850735042553,0.6573460621580567,0.6404058979402691,0.6335790000748148,0.6437292799115482,0.6444898075242268,0.6489526597675241,0.6573460621580567,0.6506721634068668
german,Credit_amount,1000.0,0.487,0.9415,339.0,15857.0,3350.2281,2299.0,2953.4548,1.87,3.4955,1076.0,2785.0,0.062,0.605,0.0114,0.4535,0.0199,0.6101,6.1592,0.0,KNN,0.6469572918319834,0.6439818184992736,0.6621534528629602,0.6600324838480958,0.646590872719304,0.6494549640568783,0.6424630947557415,0.6445700268392881,0.6485418513286901
german,Credit_amount,1000.0,0.487,0.9415,339.0,15857.0,3350.2281,2299.0,2953.4548,1.87,3.4955,1076.0,2785.0,0.062,0.605,0.0114,0.4535,0.0199,0.6101,6.1592,0.0,RandomForest,0.664648690029123,0.6571931237147097,0.6812985530376371,0.6835719701489827,0.6693527383358986,0.6656740818189135,0.6789114356559381,0.6651665376625294,0.6805848333271098
german,Credit_amount,1000.0,0.487,0.9415,339.0,15857.0,3350.2281,2299.0,2953.4548,1.87,3.4955,1076.0,2785.0,0.062,0.605,0.0114,0.4535,0.0199,0.6101,6.1592,0.0,AdaBoost,0.6522803473663923,0.6653793629434268,0.6737124214450663,0.6659832685836293,0.6720467269409246,0.6568002315873902,0.6607453101597364,0.6727564030089773,0.6624412225429801
german,Credit_amount,1000.0,0.487,0.9415,339.0,15857.0,3350.2281,2299.0,2953.4548,1.87,3.4955,1076.0,2785.0,0.062,0.605,0.0114,0.4535,0.0199,0.6101,6.1592,0.0,SVC,0.5866071804226658,0.5866071804226658,0.5866071804226658,0.5866071804226658,0.5866071804226658,0.5866071804226658,0.5866071804226658,0.5866071804226658,0.5866071804226658
german,Credit_amount,1000.0,0.478,0.9636,276.0,15945.0,3168.7414,2231.5,2795.4559,2.1192,5.0602,992.0,2510.25,0.0751,0.584,0.0503,0.4401,0.0754,0.5912,6.2072,0.0,DecisionTree,0.6636230784098929,0.6570555267775763,0.652879644939026,0.6462135502549715,0.6647931537976058,0.6612292586571906,0.661473394813654,0.6431959297793056,0.6484346234518764
german,Credit_amount,1000.0,0.478,0.9636,276.0,15945.0,3168.7414,2231.5,2795.4559,2.1192,5.0602,992.0,2510.25,0.0751,0.584,0.0503,0.4401,0.0754,0.5912,6.2072,0.0,LogisticRegression,0.6445025076748991,0.6402091582241707,0.6451574899847061,0.6473755530436337,0.6440236992426862,0.6530898647682556,0.6445332153276929,0.6402091582241707,0.6465812225173444
german,Credit_amount,1000.0,0.478,0.9636,276.0,15945.0,3168.7414,2231.5,2795.4559,2.1192,5.0602,992.0,2510.25,0.0751,0.584,0.0503,0.4401,0.0754,0.5912,6.2072,0.0,KNN,0.6337856436019895,0.6598567708241472,0.6272120375778898,0.6340561059389008,0.6363135985062345,0.6296107339572062,0.6407527334230132,0.6571722801747927,0.6294742052175851
german,Credit_amount,1000.0,0.478,0.9636,276.0,15945.0,3168.7414,2231.5,2795.4559,2.1192,5.0602,992.0,2510.25,0.0751,0.584,0.0503,0.4401,0.0754,0.5912,6.2072,0.0,RandomForest,0.6652504296912469,0.654536901201218,0.6628095400382206,0.6555948789006809,0.6619285422467045,0.660719713077499,0.6614285926410042,0.6717186867818472,0.6615718850702905
german,Credit_amount,1000.0,0.478,0.9636,276.0,15945.0,3168.7414,2231.5,2795.4559,2.1192,5.0602,992.0,2510.25,0.0751,0.584,0.0503,0.4401,0.0754,0.5912,6.2072,0.0,AdaBoost,0.6650845582119564,0.6676466617729263,0.6594006653844564,0.6582770751191955,0.6537843900797373,0.6552966639391513,0.6600279133364008,0.6630083303560342,0.6540450170735255
german,Credit_amount,1000.0,0.478,0.9636,276.0,15945.0,3168.7414,2231.5,2795.4559,2.1192,5.0602,992.0,2510.25,0.0751,0.584,0.0503,0.4401,0.0754,0.5912,6.2072,0.0,SVC,0.5866071804226658,0.5866071804226658,0.5866071804226658,0.5866071804226658,0.5866071804226658,0.5866071804226658,0.5866071804226658,0.5866071804226658,0.5866071804226658
german,Credit_amount,1000.0,0.385,0.9431,339.0,18424.0,3220.0114,2246.0,2794.4508,2.0358,4.9463,1043.0,2597.5,0.0304,0.6582,0.0196,0.4698,0.0278,0.6324,6.341,0.0,DecisionTree,0.6496386375501484,0.6650324899881462,0.6669233446539116,0.6560114442404111,0.6478699509196191,0.659385211879794,0.6523880769743182,0.6621177017077198,0.6509839868920035
german,Credit_amount,1000.0,0.385,0.9431,339.0,18424.0,3220.0114,2246.0,2794.4508,2.0358,4.9463,1043.0,2597.5,0.0304,0.6582,0.0196,0.4698,0.0278,0.6324,6.341,0.0,LogisticRegression,0.6501362582611531,0.6443519561826088,0.6437394478683939,0.640421608528785,0.6419321098761692,0.6410919107910058,0.6452175889958398,0.6443519561826088,0.6468132344931026
german,Credit_amount,1000.0,0.385,0.9431,339.0,18424.0,3220.0114,2246.0,2794.4508,2.0358,4.9463,1043.0,2597.5,0.0304,0.6582,0.0196,0.4698,0.0278,0.6324,6.341,0.0,KNN,0.6472867846578338,0.6416330983830645,0.6468946836000131,0.6407025333773423,0.6414558703622075,0.6453213133982598,0.6406246623059736,0.6404098965612847,0.6368455130841039
german,Credit_amount,1000.0,0.385,0.9431,339.0,18424.0,3220.0114,2246.0,2794.4508,2.0358,4.9463,1043.0,2597.5,0.0304,0.6582,0.0196,0.4698,0.0278,0.6324,6.341,0.0,RandomForest,0.6689037071980088,0.6610760546928692,0.7022860474856953,0.6679015662532195,0.6850329828043589,0.6708693593168054,0.6637611449437169,0.6677084255558352,0.6753444877503597
german,Credit_amount,1000.0,0.385,0.9431,339.0,18424.0,3220.0114,2246.0,2794.4508,2.0358,4.9463,1043.0,2597.5,0.0304,0.6582,0.0196,0.4698,0.0278,0.6324,6.341,0.0,AdaBoost,0.6497121815965182,0.6617114822028425,0.6608983764316412,0.6443483703390842,0.655262326586927,0.6410408771934307,0.6464814430722496,0.6509732134583602,0.6516869094598146
german,Credit_amount,1000.0,0.385,0.9431,339.0,18424.0,3220.0114,2246.0,2794.4508,2.0358,4.9463,1043.0,2597.5,0.0304,0.6582,0.0196,0.4698,0.0278,0.6324,6.341,0.0,SVC,0.5866071804226658,0.5866071804226658,0.5866071804226658,0.5866071804226658,0.5866071804226658,0.5866071804226658,0.5866071804226658,0.5866071804226658,0.5866071804226658
german,Credit_amount,1000.0,0.319,0.9501,338.0,18424.0,3167.2996,2249.0,2682.3387,1.9476,4.5891,1026.0,2534.0,0.0668,0.6224,0.0224,0.4521,0.0327,0.6094,6.4528,0.0,DecisionTree,0.6652673107823794,0.6509976251942093,0.6511470888097368,0.6510297482154742,0.6671696576952275,0.6534306636375291,0.6560803525623871,0.6574309437407072,0.6616598952276052
german,Credit_amount,1000.0,0.319,0.9501,338.0,18424.0,3167.2996,2249.0,2682.3387,1.9476,4.5891,1026.0,2534.0,0.0668,0.6224,0.0224,0.4521,0.0327,0.6094,6.4528,0.0,LogisticRegression,0.6536547784816279,0.646800301862651,0.6470544244006531,0.6501783118791378,0.6481811429676543,0.6496111165103231,0.6529695305530976,0.646800301862651,0.6529578918837273
german,Credit_amount,1000.0,0.319,0.9501,338.0,18424.0,3167.2996,2249.0,2682.3387,1.9476,4.5891,1026.0,2534.0,0.0668,0.6224,0.0224,0.4521,0.0327,0.6094,6.4528,0.0,KNN,0.6632039421944923,0.640875626028661,0.6423163091355275,0.656356818340682,0.6502632064828489,0.6669037397402723,0.6542248900181951,0.6415150874618879,0.6673423098634355
german,Credit_amount,1000.0,0.319,0.9501,338.0,18424.0,3167.2996,2249.0,2682.3387,1.9476,4.5891,1026.0,2534.0,0.0668,0.6224,0.0224,0.4521,0.0327,0.6094,6.4528,0.0,RandomForest,0.6773326322471622,0.6733873472008508,0.668914547831484,0.676771078978407,0.6652557083452031,0.6824202025293891,0.6758567275302116,0.6691489080400175,0.671144815508428
german,Credit_amount,1000.0,0.319,0.9501,338.0,18424.0,3167.2996,2249.0,2682.3387,1.9476,4.5891,1026.0,2534.0,0.0668,0.6224,0.0224,0.4521,0.0327,0.6094,6.4528,0.0,AdaBoost,0.6549187655801876,0.6540940750057637,0.6666052755845757,0.6618761225432518,0.6574749664137987,0.6675263965805038,0.6603040943712708,0.67138054331607,0.6696309694940329
german,Credit_amount,1000.0,0.319,0.9501,338.0,18424.0,3167.2996,2249.0,2682.3387,1.9476,4.5891,1026.0,2534.0,0.0668,0.6224,0.0224,0.4521,0.0327,0.6094,6.4528,0.0,SVC,0.5866071804226658,0.5866071804226658,0.5866071804226658,0.5866071804226658,0.5866071804226658,0.5866071804226658,0.5866071804226658,0.5866071804226658,0.5866071804226658
german,Credit_amount,1000.0,0.285,0.9413,276.0,15945.0,3264.5399,2303.0,2823.889,1.836,3.512,1110.0,2651.0,0.0248,0.6352,0.0157,0.4674,0.0237,0.6276,6.4894,0.0,DecisionTree,0.6494687841667102,0.6385372960264003,0.6541067072069713,0.6371857305892838,0.6472809871952694,0.6424370178994937,0.645706431909447,0.6374338194338179,0.6457186942813732
german,Credit_amount,1000.0,0.285,0.9413,276.0,15945.0,3264.5399,2303.0,2823.889,1.836,3.512,1110.0,2651.0,0.0248,0.6352,0.0157,0.4674,0.0237,0.6276,6.4894,0.0,LogisticRegression,0.639074293654027,0.6449588715086094,0.6437929547547929,0.6389876205728653,0.6384310241476301,0.640978526846073,0.6425575804606988,0.6449588715086094,0.6384457342011828
german,Credit_amount,1000.0,0.285,0.9413,276.0,15945.0,3264.5399,2303.0,2823.889,1.836,3.512,1110.0,2651.0,0.0248,0.6352,0.0157,0.4674,0.0237,0.6276,6.4894,0.0,KNN,0.6419571692990674,0.6366665317174196,0.6436596019606413,0.6331268788340009,0.6307305046207424,0.6350352479373684,0.6396359712342908,0.6383513853693182,0.6369248714230134
german,Credit_amount,1000.0,0.285,0.9413,276.0,15945.0,3264.5399,2303.0,2823.889,1.836,3.512,1110.0,2651.0,0.0248,0.6352,0.0157,0.4674,0.0237,0.6276,6.4894,0.0,RandomForest,0.6864467224078948,0.6748150994080612,0.6739118140334783,0.6854701648712809,0.67605682969708,0.6830135407650827,0.6793884498107035,0.6734168824759448,0.6864313085612084
german,Credit_amount,1000.0,0.285,0.9413,276.0,15945.0,3264.5399,2303.0,2823.889,1.836,3.512,1110.0,2651.0,0.0248,0.6352,0.0157,0.4674,0.0237,0.6276,6.4894,0.0,AdaBoost,0.6591883833174441,0.6580503200861315,0.6519493124390575,0.6525051945844799,0.6542104544573288,0.6533063378847523,0.6571803557594458,0.65657882223976,0.6559642723951656
german,Credit_amount,1000.0,0.285,0.9413,276.0,15945.0,3264.5399,2303.0,2823.889,1.836,3.512,1110.0,2651.0,0.0248,0.6352,0.0157,0.4674,0.0237,0.6276,6.4894,0.0,SVC,0.5866071804226658,0.5866071804226658,0.5866071804226658,0.5866071804226658,0.5866071804226658,0.5866071804226658,0.5866071804226658,0.5866071804226658,0.5866071804226658
german,Credit_amount,1000.0,0.242,0.9261,250.0,18424.0,3271.0,2319.5,2853.9908,2.0076,4.5039,1105.0,2601.25,0.052,0.6154,0.0231,0.4644,0.0351,0.6221,6.5262,0.0,DecisionTree,0.6601436180585374,0.6574043862354351,0.6492805419200542,0.6558103756769632,0.6483605187602349,0.6493097481692163,0.6659211311895983,0.6556256063419369,0.6614056158590897
german,Credit_amount,1000.0,0.242,0.9261,250.0,18424.0,3271.0,2319.5,2853.9908,2.0076,4.5039,1105.0,2601.25,0.052,0.6154,0.0231,0.4644,0.0351,0.6221,6.5262,0.0,LogisticRegression,0.6396050467414836,0.6397917111680265,0.6482863071496108,0.6480910408369787,0.6465812225173444,0.6465812225173444,0.6400701408849215,0.6397917111680265,0.6423351946635443
german,Credit_amount,1000.0,0.242,0.9261,250.0,18424.0,3271.0,2319.5,2853.9908,2.0076,4.5039,1105.0,2601.25,0.052,0.6154,0.0231,0.4644,0.0351,0.6221,6.5262,0.0,KNN,0.6501796830535272,0.6384670210419785,0.6443078543295139,0.6446204644944318,0.6413730764751153,0.6522864284496597,0.6403499081915089,0.6390640472042219,0.6499187709774943
german,Credit_amount,1000.0,0.242,0.9261,250.0,18424.0,3271.0,2319.5,2853.9908,2.0076,4.5039,1105.0,2601.25,0.052,0.6154,0.0231,0.4644,0.0351,0.6221,6.5262,0.0,RandomForest,0.6921960735730996,0.6888718764677484,0.6849645732881273,0.6799285045560208,0.6886589203619122,0.6794836261777966,0.6970012749123098,0.6872636331319567,0.6945481105512967
german,Credit_amount,1000.0,0.242,0.9261,250.0,18424.0,3271.0,2319.5,2853.9908,2.0076,4.5039,1105.0,2601.25,0.052,0.6154,0.0231,0.4644,0.0351,0.6221,6.5262,0.0,AdaBoost,0.6711958372742641,0.6725913709616365,0.6688187135474757,0.6653757076673489,0.6622515403182269,0.6571835434414319,0.6811600641601687,0.6614164816766733,0.6699361983144398
german,Credit_amount,1000.0,0.242,0.9261,250.0,18424.0,3271.0,2319.5,2853.9908,2.0076,4.5039,1105.0,2601.25,0.052,0.6154,0.0231,0.4644,0.0351,0.6221,6.5262,0.0,SVC,0.5866071804226658,0.5866071804226658,0.5866071804226658,0.5866071804226658,0.5866071804226658,0.5866071804226658,0.5866071804226658,0.5866071804226658,0.5866071804226658
german,Credit_amount,1000.0,0.188,0.9335,250.0,18424.0,3261.0086,2301.5,2815.2127,1.953,4.321,1085.5,2587.25,0.0488,0.6162,0.03,0.4569,0.0448,0.6138,6.606,0.0,DecisionTree,0.6663882735735928,0.6609100823137655,0.6685000296661532,0.6625354693507156,0.6612447683890763,0.6610307930737986,0.6668238621582134,0.6605268107713972,0.662699206161928
german,Credit_amount,1000.0,0.188,0.9335,250.0,18424.0,3261.0086,2301.5,2815.2127,1.953,4.321,1085.5,2587.25,0.0488,0.6162,0.03,0.4569,0.0448,0.6138,6.606,0.0,LogisticRegression,0.6508871995068388,0.6499499283174547,0.6484878086603054,0.6504637683881943,0.647523845468164,0.6504637683881943,0.6481096727111133,0.6499499283174547,0.649402613226983
german,Credit_amount,1000.0,0.188,0.9335,250.0,18424.0,3261.0086,2301.5,2815.2127,1.953,4.321,1085.5,2587.25,0.0488,0.6162,0.03,0.4569,0.0448,0.6138,6.606,0.0,KNN,0.6500414931381759,0.6383625598227193,0.6316556378103114,0.6462532166235655,0.6491645358360356,0.6467962862970925,0.6466392825011246,0.637801760534872,0.6422524174889572
german,Credit_amount,1000.0,0.188,0.9335,250.0,18424.0,3261.0086,2301.5,2815.2127,1.953,4.321,1085.5,2587.25,0.0488,0.6162,0.03,0.4569,0.0448,0.6138,6.606,0.0,RandomForest,0.6705723094805951,0.6771998018442554,0.6700417469783244,0.6803882272071445,0.6872368105412876,0.6779999837777985,0.6744816052350486,0.6864185764616084,0.6806811601167053
german,Credit_amount,1000.0,0.188,0.9335,250.0,18424.0,3261.0086,2301.5,2815.2127,1.953,4.321,1085.5,2587.25,0.0488,0.6162,0.03,0.4569,0.0448,0.6138,6.606,0.0,AdaBoost,0.6584915302185171,0.6767635917508719,0.6695649693904268,0.6570792106171489,0.6671175218219563,0.6641695342628847,0.6531459284714791,0.6628921178426632,0.6600618381305803
german,Credit_amount,1000.0,0.188,0.9335,250.0,18424.0,3261.0086,2301.5,2815.2127,1.953,4.321,1085.5,2587.25,0.0488,0.6162,0.03,0.4569,0.0448,0.6138,6.606,0.0,SVC,0.5866071804226658,0.5866071804226658,0.5866071804226658,0.5866071804226658,0.5866071804226658,0.5866071804226658,0.5866071804226658,0.5866071804226658,0.5866071804226658
german,Credit_amount,1000.0,0.137,0.934,276.0,18424.0,3297.6732,2327.0,2842.3442,1.9489,4.3124,1103.0,2599.0,0.0389,0.6135,0.0284,0.4709,0.0419,0.6323,6.6676,0.0,DecisionTree,0.6674771867534361,0.6547009955319628,0.6608348738072971,0.6592036166196057,0.6618381325972931,0.67095219017695,0.6632233643155567,0.6587913100593976,0.6612238754870166
german,Credit_amount,1000.0,0.137,0.934,276.0,18424.0,3297.6732,2327.0,2842.3442,1.9489,4.3124,1103.0,2599.0,0.0389,0.6135,0.0284,0.4709,0.0419,0.6323,6.6676,0.0,LogisticRegression,0.6493839813528485,0.6466530244901707,0.6413893595752272,0.6497979279647821,0.6478472260109743,0.6475060643467795,0.6524531710505241,0.6466530244901707,0.6480741681050672
german,Credit_amount,1000.0,0.137,0.934,276.0,18424.0,3297.6732,2327.0,2842.3442,1.9489,4.3124,1103.0,2599.0,0.0389,0.6135,0.0284,0.4709,0.0419,0.6323,6.6676,0.0,KNN,0.6487831826240924,0.663691628861736,0.6510350116640303,0.6414694348928955,0.639351983123063,0.642928640803168,0.6514001884734336,0.6643474169808661,0.6403920642516728
german,Credit_amount,1000.0,0.137,0.934,276.0,18424.0,3297.6732,2327.0,2842.3442,1.9489,4.3124,1103.0,2599.0,0.0389,0.6135,0.0284,0.4709,0.0419,0.6323,6.6676,0.0,RandomForest,0.6920815416188636,0.6826189235047693,0.703681375671427,0.6905750625131117,0.6883277395105565,0.6886397316372596,0.6890372910835263,0.6825000339913443,0.6855150303076603
german,Credit_amount,1000.0,0.137,0.934,276.0,18424.0,3297.6732,2327.0,2842.3442,1.9489,4.3124,1103.0,2599.0,0.0389,0.6135,0.0284,0.4709,0.0419,0.6323,6.6676,0.0,AdaBoost,0.6638805110347994,0.6710902019868624,0.6563547538530594,0.6629760739004967,0.6593909355102585,0.6602777840059852,0.6463297321156085,0.6623216354479753,0.653906170112224
german,Credit_amount,1000.0,0.137,0.934,276.0,18424.0,3297.6732,2327.0,2842.3442,1.9489,4.3124,1103.0,2599.0,0.0389,0.6135,0.0284,0.4709,0.0419,0.6323,6.6676,0.0,SVC,0.5866071804226658,0.5866071804226658,0.5866071804226658,0.5866071804226658,0.5866071804226658,0.5866071804226658,0.5866071804226658,0.5866071804226658,0.5866071804226658
german,Credit_amount,1000.0,0.101,0.9288,250.0,15945.0,3284.2002,2325.0,2809.7145,1.8835,3.8164,1097.0,2616.5,0.0341,0.6252,0.018,0.4715,0.0272,0.6308,6.7008,0.0,DecisionTree,0.6533615999392294,0.6529625208877058,0.6533844949019102,0.6583067622645941,0.6609368983181563,0.6559331327471445,0.6536325690670481,0.6531201873364245,0.6549624383467827
german,Credit_amount,1000.0,0.101,0.9288,250.0,15945.0,3284.2002,2325.0,2809.7145,1.8835,3.8164,1097.0,2616.5,0.0341,0.6252,0.018,0.4715,0.0272,0.6308,6.7008,0.0,LogisticRegression,0.6458295371385149,0.6460703107750356,0.6427719965388393,0.643244210694346,0.639072946344887,0.643244210694346,0.6452714976705556,0.6460703107750356,0.6412591909831331
german,Credit_amount,1000.0,0.101,0.9288,250.0,15945.0,3284.2002,2325.0,2809.7145,1.8835,3.8164,1097.0,2616.5,0.0341,0.6252,0.018,0.4715,0.0272,0.6308,6.7008,0.0,KNN,0.6473199553983137,0.653229183038946,0.6439377037128812,0.6430644352712499,0.6413153456403385,0.6404339012240623,0.6479406336436584,0.653229183038946,0.6414981786971597
german,Credit_amount,1000.0,0.101,0.9288,250.0,15945.0,3284.2002,2325.0,2809.7145,1.8835,3.8164,1097.0,2616.5,0.0341,0.6252,0.018,0.4715,0.0272,0.6308,6.7008,0.0,RandomForest,0.6880335715837301,0.6836168625464739,0.6810738220471119,0.6845061622629444,0.6767545412238801,0.6847195566100134,0.6790096629064957,0.6853563245191672,0.6762444501981879
german,Credit_amount,1000.0,0.101,0.9288,250.0,15945.0,3284.2002,2325.0,2809.7145,1.8835,3.8164,1097.0,2616.5,0.0341,0.6252,0.018,0.4715,0.0272,0.6308,6.7008,0.0,AdaBoost,0.6506333954895257,0.6596819631354456,0.6614751748606426,0.6472886509481885,0.6520148450218355,0.6572748892586024,0.6457360237058716,0.6540537219864808,0.6452405424309964
german,Credit_amount,1000.0,0.101,0.9288,250.0,15945.0,3284.2002,2325.0,2809.7145,1.8835,3.8164,1097.0,2616.5,0.0341,0.6252,0.018,0.4715,0.0272,0.6308,6.7008,0.0,SVC,0.5866071804226658,0.5866071804226658,0.5866071804226658,0.5866071804226658,0.5866071804226658,0.5866071804226658,0.5866071804226658,0.5866071804226658,0.5866071804226658
german,Credit_amount,1000.0,0.051,0.9231,250.0,18424.0,3280.2982,2323.0,2826.7505,1.9259,4.1763,1107.0,2624.0,0.0378,0.6219,0.0237,0.4626,0.0354,0.621,6.7466,0.0,DecisionTree,0.656513112195489,0.660043469338705,0.6598936673851511,0.6562800889520406,0.6582163254708057,0.6627118611796028,0.6456448039808927,0.6594199572088426,0.6525070981964243
german,Credit_amount,1000.0,0.051,0.9231,250.0,18424.0,3280.2982,2323.0,2826.7505,1.9259,4.1763,1107.0,2624.0,0.0378,0.6219,0.0237,0.4626,0.0354,0.621,6.7466,0.0,LogisticRegression,0.6437092765560652,0.6463028655257692,0.6361262212928939,0.6408897891521792,0.6422838744001831,0.6424135299286782,0.6437405593922939,0.6463028655257692,0.6417994903446298
german,Credit_amount,1000.0,0.051,0.9231,250.0,18424.0,3280.2982,2323.0,2826.7505,1.9259,4.1763,1107.0,2624.0,0.0378,0.6219,0.0237,0.4626,0.0354,0.621,6.7466,0.0,KNN,0.6543213819526447,0.6487989038715755,0.6497295843649888,0.6532834438092872,0.6531493192181343,0.6565297392047611,0.6549074807883922,0.6487989038715755,0.6562414858419932
german,Credit_amount,1000.0,0.051,0.9231,250.0,18424.0,3280.2982,2323.0,2826.7505,1.9259,4.1763,1107.0,2624.0,0.0378,0.6219,0.0237,0.4626,0.0354,0.621,6.7466,0.0,RandomForest,0.6948949673952154,0.6964740301462689,0.6891668039696439,0.6937210196705812,0.6934428156339529,0.7017674655218976,0.6865613556103085,0.6982424237791331,0.691837395387332
german,Credit_amount,1000.0,0.051,0.9231,250.0,18424.0,3280.2982,2323.0,2826.7505,1.9259,4.1763,1107.0,2624.0,0.0378,0.6219,0.0237,0.4626,0.0354,0.621,6.7466,0.0,AdaBoost,0.6499436128130633,0.6582451176005897,0.6525723451956041,0.6642974902416146,0.6601042921404067,0.6578116398902837,0.6595954181531084,0.6588826853235348,0.6509072437775235
german,Credit_amount,1000.0,0.051,0.9231,250.0,18424.0,3280.2982,2323.0,2826.7505,1.9259,4.1763,1107.0,2624.0,0.0378,0.6219,0.0237,0.4626,0.0354,0.621,6.7466,0.0,SVC,0.5866071804226658,0.5866071804226658,0.5866071804226658,0.5866071804226658,0.5866071804226658,0.5866071804226658,0.5866071804226658,0.5866071804226658,0.5866071804226658
german,Duration,1000.0,0.502,0.0622,4.0,72.0,20.9759,18.0,12.5003,1.204,1.1522,6.0,12.0,0.0023,0.6578,0.0074,0.4934,0.0125,0.6525,2.6259,0.0944,DecisionTree,0.6430376113586074,0.6235878664632166,0.6201031411321577,0.6382734176886622,0.6206278793534427,0.6324528508714848,0.6449775458293814,0.6379329827555613,0.6277111606307818
german,Duration,1000.0,0.502,0.0622,4.0,72.0,20.9759,18.0,12.5003,1.204,1.1522,6.0,12.0,0.0023,0.6578,0.0074,0.4934,0.0125,0.6525,2.6259,0.0944,LogisticRegression,0.6363039828698601,0.6267172431996495,0.628605371672908,0.6304554946952352,0.6312531258856697,0.6284725785097287,0.6318340354536269,0.6389698323036739,0.6308464995941288
german,Duration,1000.0,0.502,0.0622,4.0,72.0,20.9759,18.0,12.5003,1.204,1.1522,6.0,12.0,0.0023,0.6578,0.0074,0.4934,0.0125,0.6525,2.6259,0.0944,KNN,0.6607920192441822,0.6225817229555959,0.6546289050189802,0.6454213776091103,0.652175470348556,0.6507286344853794,0.6466922055178047,0.650222916511781,0.6261681784949887
german,Duration,1000.0,0.502,0.0622,4.0,72.0,20.9759,18.0,12.5003,1.204,1.1522,6.0,12.0,0.0023,0.6578,0.0074,0.4934,0.0125,0.6525,2.6259,0.0944,RandomForest,0.6733532144047025,0.6693945530587915,0.6789677744451825,0.6605932193294455,0.6687516082966403,0.6670979702069672,0.6629831091779491,0.6668942989244093,0.6621232840208758
german,Duration,1000.0,0.502,0.0622,4.0,72.0,20.9759,18.0,12.5003,1.204,1.1522,6.0,12.0,0.0023,0.6578,0.0074,0.4934,0.0125,0.6525,2.6259,0.0944,AdaBoost,0.652061776241947,0.6478382382963315,0.638982324884807,0.6486795290257003,0.6460117205729853,0.650377630600506,0.6499807930529995,0.6448496191766645,0.6414371268441882
german,Duration,1000.0,0.502,0.0622,4.0,72.0,20.9759,18.0,12.5003,1.204,1.1522,6.0,12.0,0.0023,0.6578,0.0074,0.4934,0.0125,0.6525,2.6259,0.0944,SVC,0.5866071804226658,0.5866071804226658,0.5866071804226658,0.5866071804226658,0.5866071804226658,0.5866071804226658,0.5866071804226658,0.5866071804226658,0.5866071804226658
german,Duration,1000.0,0.437,0.0533,4.0,60.0,20.7016,18.0,12.0111,1.0299,0.6784,6.0,12.0,0.0039,0.5947,0.0037,0.4472,0.0033,0.6021,2.6036,0.1088,DecisionTree,0.6435963278925989,0.6243043479078086,0.6705931862840037,0.6367863685815474,0.6559632344615475,0.6400947479268712,0.6451990018276114,0.64205140212841,0.6472322572058369
german,Duration,1000.0,0.437,0.0533,4.0,60.0,20.7016,18.0,12.0111,1.0299,0.6784,6.0,12.0,0.0039,0.5947,0.0037,0.4472,0.0033,0.6021,2.6036,0.1088,LogisticRegression,0.6332468568072784,0.6214296792803415,0.6333344843817672,0.6237526353515113,0.6202059179667554,0.6281558236427837,0.6261472725659494,0.6312042753753757,0.6328040369609962
german,Duration,1000.0,0.437,0.0533,4.0,60.0,20.7016,18.0,12.0111,1.0299,0.6784,6.0,12.0,0.0039,0.5947,0.0037,0.4472,0.0033,0.6021,2.6036,0.1088,KNN,0.681735550296649,0.6481724094612931,0.6449910713082465,0.6686532756059972,0.658044862210922,0.6670269234749626,0.6723405317612092,0.644727283914813,0.6555319293162037
german,Duration,1000.0,0.437,0.0533,4.0,60.0,20.7016,18.0,12.0111,1.0299,0.6784,6.0,12.0,0.0039,0.5947,0.0037,0.4472,0.0033,0.6021,2.6036,0.1088,RandomForest,0.686575960194137,0.6892311788246901,0.6831246337066642,0.6839978131968524,0.6756224215559479,0.6883843848342951,0.677726526303163,0.6591371655185133,0.6664776145515616
german,Duration,1000.0,0.437,0.0533,4.0,60.0,20.7016,18.0,12.0111,1.0299,0.6784,6.0,12.0,0.0039,0.5947,0.0037,0.4472,0.0033,0.6021,2.6036,0.1088,AdaBoost,0.65229286785519,0.6481338824444509,0.6731500800877348,0.6591379196472547,0.6451808526280265,0.6373167813018098,0.6358018766365057,0.647151074343988,0.6401626357865258
german,Duration,1000.0,0.437,0.0533,4.0,60.0,20.7016,18.0,12.0111,1.0299,0.6784,6.0,12.0,0.0039,0.5947,0.0037,0.4472,0.0033,0.6021,2.6036,0.1088,SVC,0.5866071804226658,0.5866071804226658,0.5866071804226658,0.5866071804226658,0.5866071804226658,0.5866071804226658,0.5866071804226658,0.5866071804226658,0.5866071804226658
german,Duration,1000.0,0.409,0.0525,4.0,72.0,21.5736,18.0,12.3726,1.0471,0.7753,6.0,12.0,0.0016,0.6422,0.0012,0.4894,0.0004,0.6545,2.6311,0.1019,DecisionTree,0.6505591292415469,0.6508188091804218,0.629580674758389,0.6449757416951993,0.6415093341762426,0.648658608512173,0.6549538243151565,0.6548864809213356,0.6416194742806025
german,Duration,1000.0,0.409,0.0525,4.0,72.0,21.5736,18.0,12.3726,1.0471,0.7753,6.0,12.0,0.0016,0.6422,0.0012,0.4894,0.0004,0.6545,2.6311,0.1019,LogisticRegression,0.667428738636179,0.6371180054880782,0.6271571279283528,0.6536206309907597,0.6417266875834543,0.6616097841632154,0.6619741019709745,0.6647064068551829,0.640162605467024
german,Duration,1000.0,0.409,0.0525,4.0,72.0,21.5736,18.0,12.3726,1.0471,0.7753,6.0,12.0,0.0016,0.6422,0.0012,0.4894,0.0004,0.6545,2.6311,0.1019,KNN,0.6589023686487627,0.6422314735551895,0.6567561979261247,0.6413220628419202,0.6454252287373372,0.6475614229271505,0.6570334945322965,0.6634613930744141,0.6430517244245858
german,Duration,1000.0,0.409,0.0525,4.0,72.0,21.5736,18.0,12.3726,1.0471,0.7753,6.0,12.0,0.0016,0.6422,0.0012,0.4894,0.0004,0.6545,2.6311,0.1019,RandomForest,0.6747473251766762,0.6697893716233706,0.6829890537000517,0.6719939319198052,0.6742503424903031,0.6722371653595154,0.6726124771850837,0.6956658794633597,0.6692945721252789
german,Duration,1000.0,0.409,0.0525,4.0,72.0,21.5736,18.0,12.3726,1.0471,0.7753,6.0,12.0,0.0016,0.6422,0.0012,0.4894,0.0004,0.6545,2.6311,0.1019,AdaBoost,0.6591827549181025,0.6627510051230805,0.6565183550821625,0.6612719978525032,0.6605892625114159,0.6643879301213388,0.6536366093456635,0.6661189469708074,0.6575001205403329
german,Duration,1000.0,0.409,0.0525,4.0,72.0,21.5736,18.0,12.3726,1.0471,0.7753,6.0,12.0,0.0016,0.6422,0.0012,0.4894,0.0004,0.6545,2.6311,0.1019,SVC,0.5866071804226658,0.5866071804226658,0.5866071804226658,0.5866071804226658,0.5866071804226658,0.5866071804226658,0.5866071804226658,0.5866071804226658,0.5866071804226658
german,Duration,1000.0,0.364,0.0503,4.0,72.0,21.0142,18.0,12.1609,1.0722,0.8899,6.0,12.0,0.0276,0.6441,0.0276,0.4702,0.0386,0.634,2.6051,0.0908,DecisionTree,0.6557707479618167,0.6584916240045329,0.6143467697964118,0.625922562760509,0.6231119864980849,0.6594991406033166,0.6631246966834761,0.6419230953141577,0.6469216622258342
german,Duration,1000.0,0.364,0.0503,4.0,72.0,21.0142,18.0,12.1609,1.0722,0.8899,6.0,12.0,0.0276,0.6441,0.0276,0.4702,0.0386,0.634,2.6051,0.0908,LogisticRegression,0.6455626312344075,0.6260559202331087,0.6371902368496054,0.6332211314392416,0.6290771097152832,0.6280470539655227,0.6424872895277469,0.6370182889408225,0.6345499651286746
german,Duration,1000.0,0.364,0.0503,4.0,72.0,21.0142,18.0,12.1609,1.0722,0.8899,6.0,12.0,0.0276,0.6441,0.0276,0.4702,0.0386,0.634,2.6051,0.0908,KNN,0.6505132267838738,0.6482693325778379,0.6399603654030024,0.657850255351748,0.6488704056008379,0.6525386804273067,0.6283412003614358,0.6623886427880038,0.6496711481731696
german,Duration,1000.0,0.364,0.0503,4.0,72.0,21.0142,18.0,12.1609,1.0722,0.8899,6.0,12.0,0.0276,0.6441,0.0276,0.4702,0.0386,0.634,2.6051,0.0908,RandomForest,0.679417850912989,0.674725335377978,0.6614448644860587,0.6762278983267719,0.6770677849974721,0.6795318469172908,0.6795681935720164,0.6741154017964338,0.6823626549150625
german,Duration,1000.0,0.364,0.0503,4.0,72.0,21.0142,18.0,12.1609,1.0722,0.8899,6.0,12.0,0.0276,0.6441,0.0276,0.4702,0.0386,0.634,2.6051,0.0908,AdaBoost,0.6477243449389931,0.6514160456708735,0.6546943508135219,0.6558938279956874,0.6450389240668638,0.651176366925586,0.6523321573772862,0.6534063508141288,0.6513428778127023
german,Duration,1000.0,0.364,0.0503,4.0,72.0,21.0142,18.0,12.1609,1.0722,0.8899,6.0,12.0,0.0276,0.6441,0.0276,0.4702,0.0386,0.634,2.6051,0.0908,SVC,0.5866071804226658,0.5866071804226658,0.5866071804226658,0.5866071804226658,0.5866071804226658,0.5866071804226658,0.5866071804226658,0.5866071804226658,0.5866071804226658
german,Duration,1000.0,0.307,0.0433,4.0,72.0,20.8355,18.0,12.045,1.0907,0.936,6.0,12.0,0.0427,0.6053,0.0384,0.4578,0.0539,0.6143,2.5818,0.11,DecisionTree,0.6426482579030091,0.630738993685809,0.6288027832598175,0.6439990666255812,0.6391422410849213,0.6374527040036391,0.648427098534964,0.638923892035007,0.6383400444492621
german,Duration,1000.0,0.307,0.0433,4.0,72.0,20.8355,18.0,12.045,1.0907,0.936,6.0,12.0,0.0427,0.6053,0.0384,0.4578,0.0539,0.6143,2.5818,0.11,LogisticRegression,0.6529012612042691,0.6465892392340185,0.6401698544951253,0.6515632616339581,0.6476338428718498,0.6527847338671002,0.6480580414422527,0.6523142948460436,0.6270605486731508
german,Duration,1000.0,0.307,0.0433,4.0,72.0,20.8355,18.0,12.045,1.0907,0.936,6.0,12.0,0.0427,0.6053,0.0384,0.4578,0.0539,0.6143,2.5818,0.11,KNN,0.6625420702125377,0.6485383255022014,0.650033856729578,0.6596499726916647,0.6613603601765085,0.6523205962048643,0.6525496551979226,0.6444031273272832,0.6589950243092257
german,Duration,1000.0,0.307,0.0433,4.0,72.0,20.8355,18.0,12.045,1.0907,0.936,6.0,12.0,0.0427,0.6053,0.0384,0.4578,0.0539,0.6143,2.5818,0.11,RandomForest,0.6702208073795901,0.6826602125011728,0.6750514620796537,0.6769099377094088,0.6791520028593114,0.6703641311662143,0.6786029726091252,0.6793803794018436,0.6760859305941895
german,Duration,1000.0,0.307,0.0433,4.0,72.0,20.8355,18.0,12.045,1.0907,0.936,6.0,12.0,0.0427,0.6053,0.0384,0.4578,0.0539,0.6143,2.5818,0.11,AdaBoost,0.6632625153205548,0.6496324067924378,0.6451387204320507,0.6456474018885338,0.6510912364267816,0.6568077430271064,0.6567526126454557,0.6539341500141289,0.6562154815014912
german,Duration,1000.0,0.307,0.0433,4.0,72.0,20.8355,18.0,12.045,1.0907,0.936,6.0,12.0,0.0427,0.6053,0.0384,0.4578,0.0539,0.6143,2.5818,0.11,SVC,0.5866071804226658,0.5866071804226658,0.5866071804226658,0.5866071804226658,0.5866071804226658,0.5866071804226658,0.5866071804226658,0.5866071804226658,0.5866071804226658
german,Duration,1000.0,0.25,0.0413,4.0,60.0,21.316,18.0,12.5287,1.023,0.5114,6.0,15.0,0.0199,0.6641,0.016,0.4934,0.0237,0.6586,2.6303,0.1031,DecisionTree,0.6527301017414355,0.6505935515166639,0.6462212661600389,0.6467046593854788,0.6419790442842618,0.6271899331645445,0.6598075924204446,0.6419700832423448,0.6584308413365361
german,Duration,1000.0,0.25,0.0413,4.0,60.0,21.316,18.0,12.5287,1.023,0.5114,6.0,15.0,0.0199,0.6641,0.016,0.4934,0.0237,0.6586,2.6303,0.1031,LogisticRegression,0.640480618497553,0.6505262953606809,0.6276729746131586,0.6375102236854199,0.6252656251336527,0.6432628244556788,0.6409992925084779,0.633015247999474,0.6475297032432933
german,Duration,1000.0,0.25,0.0413,4.0,60.0,21.316,18.0,12.5287,1.023,0.5114,6.0,15.0,0.0199,0.6641,0.016,0.4934,0.0237,0.6586,2.6303,0.1031,KNN,0.6673780295877909,0.6506007829225686,0.6626332368580545,0.6596440294871039,0.6489605081682772,0.6581403071948603,0.6651591506970224,0.6430993402285949,0.6552588319475402
german,Duration,1000.0,0.25,0.0413,4.0,60.0,21.316,18.0,12.5287,1.023,0.5114,6.0,15.0,0.0199,0.6641,0.016,0.4934,0.0237,0.6586,2.6303,0.1031,RandomForest,0.6695843478352289,0.6686746192193316,0.6800756989381226,0.6808583580022692,0.6842673549403036,0.6757071696657166,0.6736413744293173,0.668223416074276,0.6810897944523746
german,Duration,1000.0,0.25,0.0413,4.0,60.0,21.316,18.0,12.5287,1.023,0.5114,6.0,15.0,0.0199,0.6641,0.016,0.4934,0.0237,0.6586,2.6303,0.1031,AdaBoost,0.6481184657762602,0.6464777325900244,0.6575139877657116,0.6580088856078434,0.660893016175403,0.6483280881432569,0.6439941307824407,0.6423184250772593,0.6506787268515997
german,Duration,1000.0,0.25,0.0413,4.0,60.0,21.316,18.0,12.5287,1.023,0.5114,6.0,15.0,0.0199,0.6641,0.016,0.4934,0.0237,0.6586,2.6303,0.1031,SVC,0.5866071804226658,0.5866071804226658,0.5866071804226658,0.5866071804226658,0.5866071804226658,0.5866071804226658,0.5866071804226658,0.5866071804226658,0.5866071804226658
german,Duration,1000.0,0.203,0.0414,4.0,72.0,21.2723,18.0,12.1809,1.0443,0.8033,6.0,12.0,0.0161,0.607,0.0166,0.4602,0.0247,0.6188,2.6109,0.087,DecisionTree,0.6436783333536538,0.6490559260414018,0.6393012128626334,0.6478236008336816,0.6529647456929949,0.6507533803130018,0.6570044533997665,0.6392572716435032,0.6448737285309365
german,Duration,1000.0,0.203,0.0414,4.0,72.0,21.2723,18.0,12.1809,1.0443,0.8033,6.0,12.0,0.0161,0.607,0.0166,0.4602,0.0247,0.6188,2.6109,0.087,LogisticRegression,0.6384244632772839,0.6397016485702676,0.645409548732378,0.6431717277508191,0.6414195541639688,0.6467392082229362,0.6411523635013784,0.6319085139543877,0.6460895360250514
german,Duration,1000.0,0.203,0.0414,4.0,72.0,21.2723,18.0,12.1809,1.0443,0.8033,6.0,12.0,0.0161,0.607,0.0166,0.4602,0.0247,0.6188,2.6109,0.087,KNN,0.6593408918225642,0.6493143371707105,0.6564110747821497,0.6539694062714982,0.6511927056492421,0.6534503734222288,0.653794910095868,0.6411995476460917,0.6504854099347556
german,Duration,1000.0,0.203,0.0414,4.0,72.0,21.2723,18.0,12.1809,1.0443,0.8033,6.0,12.0,0.0161,0.607,0.0166,0.4602,0.0247,0.6188,2.6109,0.087,RandomForest,0.6677639919583185,0.6829493388771763,0.6883514486505375,0.681263242459414,0.685539333590525,0.6796423321613241,0.6761157905035107,0.6686649532536307,0.6718607564102349
german,Duration,1000.0,0.203,0.0414,4.0,72.0,21.2723,18.0,12.1809,1.0443,0.8033,6.0,12.0,0.0161,0.607,0.0166,0.4602,0.0247,0.6188,2.6109,0.087,AdaBoost,0.6402861137809502,0.6440404601444654,0.6545670648371399,0.6559999039694983,0.6611768345951627,0.6543430562231695,0.6499779546865911,0.6317221944279722,0.6487209121680934
german,Duration,1000.0,0.203,0.0414,4.0,72.0,21.2723,18.0,12.1809,1.0443,0.8033,6.0,12.0,0.0161,0.607,0.0166,0.4602,0.0247,0.6188,2.6109,0.087,SVC,0.5866071804226658,0.5866071804226658,0.5866071804226658,0.5866071804226658,0.5866071804226658,0.5866071804226658,0.5866071804226658,0.5866071804226658,0.5866071804226658
german,Duration,1000.0,0.155,0.0379,4.0,60.0,20.6746,18.0,11.7442,1.0232,0.7009,6.0,12.0,0.0247,0.6218,0.0133,0.4677,0.0191,0.6252,2.6034,0.097,DecisionTree,0.6248078831979291,0.6262701947156409,0.646811732298207,0.6466324560601523,0.6453812713871973,0.638752691310099,0.6273209014910919,0.6181574295667188,0.6256964554413307
german,Duration,1000.0,0.155,0.0379,4.0,60.0,20.6746,18.0,11.7442,1.0232,0.7009,6.0,12.0,0.0247,0.6218,0.0133,0.4677,0.0191,0.6252,2.6034,0.097,LogisticRegression,0.6265323847516239,0.6429336964402476,0.6330995831835824,0.6356818914829785,0.6378923819149589,0.6398511098119626,0.6284881291219873,0.6253142576134176,0.6408559954066722
german,Duration,1000.0,0.155,0.0379,4.0,60.0,20.6746,18.0,11.7442,1.0232,0.7009,6.0,12.0,0.0247,0.6218,0.0133,0.4677,0.0191,0.6252,2.6034,0.097,KNN,0.6576438371451455,0.6542736869674226,0.6553623084347474,0.651137167541985,0.6561240134236577,0.6480952047149225,0.6503946251820762,0.6527646297340717,0.6516922646384513
german,Duration,1000.0,0.155,0.0379,4.0,60.0,20.6746,18.0,11.7442,1.0232,0.7009,6.0,12.0,0.0247,0.6218,0.0133,0.4677,0.0191,0.6252,2.6034,0.097,RandomForest,0.6734270787269391,0.6826627547380837,0.6743036533803213,0.6801230675680512,0.6859579599267321,0.6789479137165041,0.6720216558536365,0.6663002982177912,0.6875600661586541
german,Duration,1000.0,0.155,0.0379,4.0,60.0,20.6746,18.0,11.7442,1.0232,0.7009,6.0,12.0,0.0247,0.6218,0.0133,0.4677,0.0191,0.6252,2.6034,0.097,AdaBoost,0.6365306109374387,0.6523343625615946,0.6436107521311608,0.6439888691904251,0.6531901430359015,0.6493740308859344,0.6372705088701678,0.6512023805478768,0.6437756508011201
german,Duration,1000.0,0.155,0.0379,4.0,60.0,20.6746,18.0,11.7442,1.0232,0.7009,6.0,12.0,0.0247,0.6218,0.0133,0.4677,0.0191,0.6252,2.6034,0.097,SVC,0.5866071804226658,0.5866071804226658,0.5866071804226658,0.5866071804226658,0.5866071804226658,0.5866071804226658,0.5866071804226658,0.5866071804226658,0.5866071804226658
german,Duration,1000.0,0.097,0.0365,4.0,72.0,20.7774,18.0,11.9695,1.0801,0.8837,6.0,12.0,0.0165,0.6224,0.0096,0.4651,0.0147,0.6256,2.619,0.0912,DecisionTree,0.6623303614108204,0.6492232501198356,0.6681368070075717,0.6592362985484532,0.6625266524738946,0.6589602249739259,0.6453871076359728,0.6411633876784811,0.6459513315953802
german,Duration,1000.0,0.097,0.0365,4.0,72.0,20.7774,18.0,11.9695,1.0801,0.8837,6.0,12.0,0.0165,0.6224,0.0096,0.4651,0.0147,0.6256,2.619,0.0912,LogisticRegression,0.6500332407856263,0.6394782577721544,0.651111552346188,0.6484738677281012,0.6426148105487686,0.6456769223845247,0.6502062004342114,0.6436359708163344,0.6461168176738787
german,Duration,1000.0,0.097,0.0365,4.0,72.0,20.7774,18.0,11.9695,1.0801,0.8837,6.0,12.0,0.0165,0.6224,0.0096,0.4651,0.0147,0.6256,2.619,0.0912,KNN,0.6529182695650225,0.6402929307600741,0.6521579750061062,0.6446609112422008,0.6431166058665504,0.6388762332951938,0.6494152853814341,0.6493612817629957,0.6453047444248142
german,Duration,1000.0,0.097,0.0365,4.0,72.0,20.7774,18.0,11.9695,1.0801,0.8837,6.0,12.0,0.0165,0.6224,0.0096,0.4651,0.0147,0.6256,2.619,0.0912,RandomForest,0.6846803636535279,0.6905728377588835,0.6854917285600819,0.6843837638683388,0.6852331431037257,0.6937801584846115,0.694199278066287,0.6888809388989257,0.693715920186769
german,Duration,1000.0,0.097,0.0365,4.0,72.0,20.7774,18.0,11.9695,1.0801,0.8837,6.0,12.0,0.0165,0.6224,0.0096,0.4651,0.0147,0.6256,2.619,0.0912,AdaBoost,0.6530962996521588,0.6508443419550937,0.6542365470094057,0.647647634667393,0.6506249182952859,0.6535312597535329,0.6499545137760065,0.6539183017906085,0.657277526232471
german,Duration,1000.0,0.097,0.0365,4.0,72.0,20.7774,18.0,11.9695,1.0801,0.8837,6.0,12.0,0.0165,0.6224,0.0096,0.4651,0.0147,0.6256,2.619,0.0912,SVC,0.5866071804226658,0.5866071804226658,0.5866071804226658,0.5866071804226658,0.5866071804226658,0.5866071804226658,0.5866071804226658,0.5866071804226658,0.5866071804226658
german,Duration,1000.0,0.062,0.0352,4.0,72.0,20.9446,18.0,12.1163,1.0786,0.86,6.0,12.0,0.0444,0.6258,0.0299,0.4646,0.0428,0.6228,2.6038,0.0914,DecisionTree,0.653498017405898,0.6544580781703339,0.6574058031780862,0.6613456382910764,0.6612583894746734,0.6595166804545564,0.6542856118762479,0.6627125423783606,0.6558536626866395
german,Duration,1000.0,0.062,0.0352,4.0,72.0,20.9446,18.0,12.1163,1.0786,0.86,6.0,12.0,0.0444,0.6258,0.0299,0.4646,0.0428,0.6228,2.6038,0.0914,LogisticRegression,0.6399808944197839,0.6443704930538294,0.6386996911595035,0.6405588442588152,0.6385912017904013,0.6405588442588152,0.6443300285234598,0.6464168113429253,0.6437087565157102
german,Duration,1000.0,0.062,0.0352,4.0,72.0,20.9446,18.0,12.1163,1.0786,0.86,6.0,12.0,0.0444,0.6258,0.0299,0.4646,0.0428,0.6228,2.6038,0.0914,KNN,0.6514136044973862,0.6457092198637824,0.6491613232322744,0.6493148273454494,0.6475513522961451,0.6519230607171375,0.647413882147039,0.6432666317292399,0.647178764011318
german,Duration,1000.0,0.062,0.0352,4.0,72.0,20.9446,18.0,12.1163,1.0786,0.86,6.0,12.0,0.0444,0.6258,0.0299,0.4646,0.0428,0.6228,2.6038,0.0914,RandomForest,0.6939609404837,0.6907022304635756,0.6914976381873497,0.6939723365894297,0.6914871167094822,0.6963765236015219,0.6953816679559418,0.6918423152681281,0.6939562196803084
german,Duration,1000.0,0.062,0.0352,4.0,72.0,20.9446,18.0,12.1163,1.0786,0.86,6.0,12.0,0.0444,0.6258,0.0299,0.4646,0.0428,0.6228,2.6038,0.0914,AdaBoost,0.6582368818143101,0.6680434244344347,0.648875838215126,0.64855310172679,0.6444101670665642,0.6481485804201897,0.6472960465694674,0.6657763557450251,0.6486256707409641
german,Duration,1000.0,0.062,0.0352,4.0,72.0,20.9446,18.0,12.1163,1.0786,0.86,6.0,12.0,0.0444,0.6258,0.0299,0.4646,0.0428,0.6228,2.6038,0.0914,SVC,0.5866071804226658,0.5866071804226658,0.5866071804226658,0.5866071804226658,0.5866071804226658,0.5866071804226658,0.5866071804226658,0.5866071804226658,0.5866071804226658
