name,column_name,n_tuples,missing_perc,uniqueness,min,max,mean,median,std,skewness,kurtosis,mad,iqr,p_min,p_max,k_min,k_max,s_min,s_max,entropy,density,ml_algorithm,impute_standard,impute_mean,impute_median,impute_random,impute_knn,impute_mice,impute_linear_regression,impute_random_forest,impute_cmeans
drug,Age,200.0,0.47,0.4717,15.0,74.0,45.6792,47.0,16.1809,-0.1456,-0.9636,11.5,23.5,0.1119,0.1119,0.0966,0.0966,0.1476,0.1476,3.7714,0.0027,DecisionTree,0.9613558990029578,0.95344825109531,0.9020222832722833,0.9457598651348651,0.9491152944277944,0.9613558990029578,0.9341857448107449,0.9615371230077113,0.957360535706124
drug,Age,200.0,0.47,0.4717,15.0,74.0,45.6792,47.0,16.1809,-0.1456,-0.9636,11.5,23.5,0.1119,0.1119,0.0966,0.0966,0.1476,0.1476,3.7714,0.0027,LogisticRegression,0.9248171943186105,0.916367413116639,0.9001252379906248,0.9050137267703057,0.9090709797488665,0.9245682765696929,0.9163804850120639,0.9080473072965333,0.9199785242277503
drug,Age,200.0,0.47,0.4717,15.0,74.0,45.6792,47.0,16.1809,-0.1456,-0.9636,11.5,23.5,0.1119,0.1119,0.0966,0.0966,0.1476,0.1476,3.7714,0.0027,KNN,0.7707611524278191,0.7370170965671401,0.7536093240086389,0.7669180349549085,0.7322261628311402,0.7734855198067285,0.7776349829220763,0.7253020022156601,0.7551290464952847
drug,Age,200.0,0.47,0.4717,15.0,74.0,45.6792,47.0,16.1809,-0.1456,-0.9636,11.5,23.5,0.1119,0.1119,0.0966,0.0966,0.1476,0.1476,3.7714,0.0027,RandomForest,0.9205760905760906,0.9192261904761905,0.9166155372405372,0.9203536741036741,0.9336599511599513,0.928952158952159,0.9288744588744589,0.9375,0.9192261904761905
drug,Age,200.0,0.47,0.4717,15.0,74.0,45.6792,47.0,16.1809,-0.1456,-0.9636,11.5,23.5,0.1119,0.1119,0.0966,0.0966,0.1476,0.1476,3.7714,0.0027,AdaBoost,0.7873652677712255,0.7873652677712255,0.7873652677712255,0.7873652677712255,0.7873652677712255,0.7873652677712255,0.7873652677712255,0.7873652677712255,0.7873652677712255
drug,Age,200.0,0.47,0.4717,15.0,74.0,45.6792,47.0,16.1809,-0.1456,-0.9636,11.5,23.5,0.1119,0.1119,0.0966,0.0966,0.1476,0.1476,3.7714,0.0027,SVC,0.8725215452461741,0.8482734465224933,0.8524825319803364,0.8681494430742119,0.8462876059067497,0.8740876485139076,0.8639960956209156,0.8535967020448512,0.861916690469792
drug,Age,200.0,0.5,0.5,15.0,74.0,46.74,49.0,16.9733,-0.2465,-1.0923,13.0,27.0,0.1339,0.1339,0.045,0.045,0.0723,0.0723,3.799,0.0204,DecisionTree,0.9313232192643959,0.9247741147741149,0.9184404825194299,0.9160671041921041,0.9295019332519332,0.9250835602306191,0.9313232192643959,0.9521228118286942,0.9201312576312577
drug,Age,200.0,0.5,0.5,15.0,74.0,46.74,49.0,16.9733,-0.2465,-1.0923,13.0,27.0,0.1339,0.1339,0.045,0.045,0.0723,0.0723,3.799,0.0204,LogisticRegression,0.8954987995497513,0.9064420417187445,0.8942724830386051,0.8948556354526398,0.8868823186006466,0.9055667585515339,0.9055667585515339,0.8965248877226432,0.9127359506964771
drug,Age,200.0,0.5,0.5,15.0,74.0,46.74,49.0,16.9733,-0.2465,-1.0923,13.0,27.0,0.1339,0.1339,0.045,0.045,0.0723,0.0723,3.799,0.0204,KNN,0.761928344704044,0.7123927943233981,0.7433484201700397,0.7669177276251864,0.7648160444349275,0.7880404446879664,0.7777321961279271,0.7226237866377587,0.7687391416499784
drug,Age,200.0,0.5,0.5,15.0,74.0,46.74,49.0,16.9733,-0.2465,-1.0923,13.0,27.0,0.1339,0.1339,0.045,0.045,0.0723,0.0723,3.799,0.0204,RandomForest,0.9099603174603175,0.916547619047619,0.903374542124542,0.8925526352732235,0.9006272893772894,0.9242609126984127,0.8994001831501832,0.9208834221334221,0.8997452547452547
drug,Age,200.0,0.5,0.5,15.0,74.0,46.74,49.0,16.9733,-0.2465,-1.0923,13.0,27.0,0.1339,0.1339,0.045,0.045,0.0723,0.0723,3.799,0.0204,AdaBoost,0.7873652677712255,0.7873652677712255,0.7873652677712255,0.7873652677712255,0.7873652677712255,0.7873652677712255,0.7873652677712255,0.7873652677712255,0.7873652677712255
drug,Age,200.0,0.5,0.5,15.0,74.0,46.74,49.0,16.9733,-0.2465,-1.0923,13.0,27.0,0.1339,0.1339,0.045,0.045,0.0723,0.0723,3.799,0.0204,SVC,0.8602590876197392,0.8408662586838053,0.8650245698318212,0.8601459950678467,0.8694547968572295,0.8610304097316923,0.8662124633074424,0.8393038409864786,0.845259862366001
drug,Age,200.0,0.435,0.4425,15.0,74.0,45.4248,45.0,16.4079,-0.0287,-1.1458,14.0,27.0,0.1588,0.1588,0.0704,0.0704,0.1035,0.1035,3.8003,0.0228,DecisionTree,0.9608843240093241,0.9658166833166834,0.9220215201465202,0.9608572146807441,0.9693912684537684,0.9608843240093241,0.9579297785547786,0.9608843240093241,0.9608843240093241
drug,Age,200.0,0.435,0.4425,15.0,74.0,45.4248,45.0,16.4079,-0.0287,-1.1458,14.0,27.0,0.1588,0.1588,0.0704,0.0704,0.1035,0.1035,3.8003,0.0228,LogisticRegression,0.9134967458113361,0.9142644526643648,0.9033010136039004,0.9183145295666689,0.9319470503014077,0.9185432896814094,0.9185432896814094,0.9279490047680345,0.9213319412759711
drug,Age,200.0,0.435,0.4425,15.0,74.0,45.4248,45.0,16.4079,-0.0287,-1.1458,14.0,27.0,0.1588,0.1588,0.0704,0.0704,0.1035,0.1035,3.8003,0.0228,KNN,0.7873843630591556,0.715493962145177,0.7788063606271634,0.7899984137533138,0.7649014965691043,0.7624902451530209,0.7768085283182458,0.7269892207701647,0.7286204064135098
drug,Age,200.0,0.435,0.4425,15.0,74.0,45.4248,45.0,16.4079,-0.0287,-1.1458,14.0,27.0,0.1588,0.1588,0.0704,0.0704,0.1035,0.1035,3.8003,0.0228,RandomForest,0.9428172862712336,0.9424624327913802,0.9331410256410257,0.956036556036556,0.9549098124098123,0.9399503968253968,0.9532399708135002,0.954019070598018,0.9363741351241351
drug,Age,200.0,0.435,0.4425,15.0,74.0,45.4248,45.0,16.4079,-0.0287,-1.1458,14.0,27.0,0.1588,0.1588,0.0704,0.0704,0.1035,0.1035,3.8003,0.0228,AdaBoost,0.7873652677712255,0.7873652677712255,0.7873652677712255,0.7873652677712255,0.7873652677712255,0.7873652677712255,0.7873652677712255,0.7873652677712255,0.7873652677712255
drug,Age,200.0,0.435,0.4425,15.0,74.0,45.4248,45.0,16.4079,-0.0287,-1.1458,14.0,27.0,0.1588,0.1588,0.0704,0.0704,0.1035,0.1035,3.8003,0.0228,SVC,0.8915637107880372,0.885064812717096,0.8458430965484008,0.8687463771343067,0.8606480606072844,0.886797774882569,0.8815624086229537,0.8814858805031848,0.8546963030343767
drug,Age,200.0,0.285,0.3566,15.0,74.0,45.042,45.0,15.9004,0.0328,-0.9816,13.0,26.0,0.0509,0.0509,0.0331,0.0331,0.0513,0.0513,3.8216,0.0252,DecisionTree,0.9622592338217338,0.957974802974803,0.9091849816849816,0.9297863247863247,0.9287226662226662,0.941492673992674,0.9381196581196581,0.9544020909645909,0.9531136918636919
drug,Age,200.0,0.285,0.3566,15.0,74.0,45.042,45.0,15.9004,0.0328,-0.9816,13.0,26.0,0.0509,0.0509,0.0331,0.0331,0.0513,0.0513,3.8216,0.0252,LogisticRegression,0.9233055565767923,0.911949929764609,0.9036964338971936,0.9108841510487692,0.9171361885869483,0.9183967949952366,0.9183967949952366,0.907981675796355,0.9179472045795068
drug,Age,200.0,0.285,0.3566,15.0,74.0,45.042,45.0,15.9004,0.0328,-0.9816,13.0,26.0,0.0509,0.0509,0.0331,0.0331,0.0513,0.0513,3.8216,0.0252,KNN,0.7080008808708049,0.7095241627860676,0.6942332839424288,0.7278673484119467,0.7248312501384742,0.7285496872666715,0.7153993469626501,0.6989462896382128,0.7115455328692339
drug,Age,200.0,0.285,0.3566,15.0,74.0,45.042,45.0,15.9004,0.0328,-0.9816,13.0,26.0,0.0509,0.0509,0.0331,0.0331,0.0513,0.0513,3.8216,0.0252,RandomForest,0.9736772486772487,0.9649579124579125,0.9295386904761904,0.9371775793650794,0.9263637057387057,0.956035636476813,0.9436249745624746,0.9653695650754475,0.9450852272727273
drug,Age,200.0,0.285,0.3566,15.0,74.0,45.042,45.0,15.9004,0.0328,-0.9816,13.0,26.0,0.0509,0.0509,0.0331,0.0331,0.0513,0.0513,3.8216,0.0252,AdaBoost,0.7873652677712255,0.7873652677712255,0.7873652677712255,0.7873652677712255,0.7873652677712255,0.7873652677712255,0.7873652677712255,0.7873652677712255,0.7873652677712255
drug,Age,200.0,0.285,0.3566,15.0,74.0,45.042,45.0,15.9004,0.0328,-0.9816,13.0,26.0,0.0509,0.0509,0.0331,0.0331,0.0513,0.0513,3.8216,0.0252,SVC,0.8990046730015769,0.8989679544006455,0.8772565562461662,0.8919739139409775,0.8743624863236902,0.8956732998496912,0.8831784499970434,0.8955982561502531,0.86982943908696
drug,Age,200.0,0.305,0.3813,15.0,74.0,44.4245,43.0,17.0357,0.0766,-1.135,15.0,28.5,0.0595,0.0595,0.0457,0.0457,0.0672,0.0672,3.8613,0.0224,DecisionTree,0.9915781440781442,0.9873032523032523,0.9744114545585134,0.978872238872239,0.9790354090354091,0.9830175380175381,0.9915781440781442,0.9871842046842048,0.9915781440781442
drug,Age,200.0,0.305,0.3813,15.0,74.0,44.4245,43.0,17.0357,0.0766,-1.135,15.0,28.5,0.0595,0.0595,0.0457,0.0457,0.0672,0.0672,3.8613,0.0224,LogisticRegression,0.9491016851486562,0.9415620386753861,0.9542452128481541,0.9449563860033571,0.9452497962967673,0.9491016851486562,0.9491016851486562,0.9263514573463838,0.9537011088326879
drug,Age,200.0,0.305,0.3813,15.0,74.0,44.4245,43.0,17.0357,0.0766,-1.135,15.0,28.5,0.0595,0.0595,0.0457,0.0457,0.0672,0.0672,3.8613,0.0224,KNN,0.7607536290682186,0.7630732390530669,0.7388520838996763,0.7567930662986359,0.7563682594381818,0.7450757777581836,0.7519691766106662,0.7694494987918978,0.7946415276057646
drug,Age,200.0,0.305,0.3813,15.0,74.0,44.4245,43.0,17.0357,0.0766,-1.135,15.0,28.5,0.0595,0.0595,0.0457,0.0457,0.0672,0.0672,3.8613,0.0224,RandomForest,0.978992038054538,0.978992038054538,0.9579510073260074,0.9666941391941393,0.9749328449328449,0.978992038054538,0.9832661782661783,0.9746414696414697,0.9747592338217339
drug,Age,200.0,0.305,0.3813,15.0,74.0,44.4245,43.0,17.0357,0.0766,-1.135,15.0,28.5,0.0595,0.0595,0.0457,0.0457,0.0672,0.0672,3.8613,0.0224,AdaBoost,0.7873652677712255,0.7873652677712255,0.7873652677712255,0.7873652677712255,0.7873652677712255,0.7873652677712255,0.7873652677712255,0.7873652677712255,0.7873652677712255
drug,Age,200.0,0.305,0.3813,15.0,74.0,44.4245,43.0,17.0357,0.0766,-1.135,15.0,28.5,0.0595,0.0595,0.0457,0.0457,0.0672,0.0672,3.8613,0.0224,SVC,0.9253139469879887,0.8692379872064047,0.9113286534603833,0.8959308387117985,0.9082402358972461,0.9041785204962449,0.912784102686386,0.8825324375894285,0.907701223882331
drug,Age,200.0,0.25,0.38,15.0,74.0,44.4133,44.0,16.3602,0.0561,-1.073,13.0,26.75,0.0158,0.0158,0.0083,0.0083,0.0123,0.0123,3.9048,0.0194,DecisionTree,0.9789259004884006,0.9581593406593407,0.9195608476490829,0.9673066748066749,0.9673066748066749,0.9789259004884006,0.9789259004884006,0.9789259004884006,0.9789259004884006
drug,Age,200.0,0.25,0.38,15.0,74.0,44.4133,44.0,16.3602,0.0561,-1.073,13.0,26.75,0.0158,0.0158,0.0083,0.0083,0.0123,0.0123,3.9048,0.0194,LogisticRegression,0.9093801560926174,0.9482646084138465,0.8889171931296544,0.9178357318257355,0.9174191772566386,0.9177525707150319,0.9045623723372846,0.953009978784217,0.9368542771512973
drug,Age,200.0,0.25,0.38,15.0,74.0,44.4133,44.0,16.3602,0.0561,-1.073,13.0,26.75,0.0158,0.0158,0.0083,0.0083,0.0123,0.0123,3.9048,0.0194,KNN,0.7481407173134353,0.7271751761275,0.7210794213435504,0.7642218488775465,0.7764723334650191,0.7459384714261084,0.7669229399949896,0.729363027670247,0.7643578613831696
drug,Age,200.0,0.25,0.38,15.0,74.0,44.4133,44.0,16.3602,0.0561,-1.073,13.0,26.75,0.0158,0.0158,0.0083,0.0083,0.0123,0.0123,3.9048,0.0194,RandomForest,0.9578652230122818,0.9660243092963682,0.9143263599145952,0.9589336589336589,0.9546998371998372,0.9620980272450861,0.965916084188143,0.9661985563456151,0.9660243092963682
drug,Age,200.0,0.25,0.38,15.0,74.0,44.4133,44.0,16.3602,0.0561,-1.073,13.0,26.75,0.0158,0.0158,0.0083,0.0083,0.0123,0.0123,3.9048,0.0194,AdaBoost,0.7873652677712255,0.7873652677712255,0.7873652677712255,0.7873652677712255,0.7873652677712255,0.7873652677712255,0.7873652677712255,0.7873652677712255,0.7873652677712255
drug,Age,200.0,0.25,0.38,15.0,74.0,44.4133,44.0,16.3602,0.0561,-1.073,13.0,26.75,0.0158,0.0158,0.0083,0.0083,0.0123,0.0123,3.9048,0.0194,SVC,0.8759179532341297,0.8714669732876605,0.8675325296478112,0.8772059986380509,0.873287206306695,0.8926525095275095,0.8885690101808522,0.8847404716800578,0.8758844452436921
drug,Age,200.0,0.2,0.35,15.0,74.0,43.525,44.0,16.5676,0.0775,-1.0666,13.5,27.25,0.0803,0.0803,0.0561,0.0561,0.0823,0.0823,3.8779,0.0211,DecisionTree,0.9913053939524528,0.9829720606191195,0.9915995115995117,0.9785567537038125,0.9874114774114775,0.9827447878918467,0.9871173597644185,0.9871173597644185,0.9913053939524528
drug,Age,200.0,0.2,0.35,15.0,74.0,43.525,44.0,16.5676,0.0775,-1.0666,13.5,27.25,0.0803,0.0803,0.0561,0.0561,0.0823,0.0823,3.8779,0.0211,LogisticRegression,0.940384639482458,0.9189159131276512,0.9455805529180141,0.9445979914899276,0.9413056611431225,0.9369439082849971,0.9369214360192546,0.9314778626263377,0.9403914327163784
drug,Age,200.0,0.2,0.35,15.0,74.0,43.525,44.0,16.5676,0.0775,-1.0666,13.5,27.25,0.0803,0.0803,0.0561,0.0561,0.0823,0.0823,3.8779,0.0211,KNN,0.729847063329039,0.748800086509345,0.7435118820382547,0.7292413178088306,0.7549879788887619,0.7209496692474698,0.7175540614780098,0.7717955254301715,0.7539413877779093
drug,Age,200.0,0.2,0.35,15.0,74.0,43.525,44.0,16.5676,0.0775,-1.0666,13.5,27.25,0.0803,0.0803,0.0561,0.0561,0.0823,0.0823,3.8779,0.0211,RandomForest,0.98703227124183,0.9828656045751634,0.9751587301587301,0.9788084464555054,0.9832692307692308,0.9663725490196078,0.9663725490196078,0.9706053532524122,0.9625
drug,Age,200.0,0.2,0.35,15.0,74.0,43.525,44.0,16.5676,0.0775,-1.0666,13.5,27.25,0.0803,0.0803,0.0561,0.0561,0.0823,0.0823,3.8779,0.0211,AdaBoost,0.7873652677712255,0.7873652677712255,0.7873652677712255,0.7873652677712255,0.7873652677712255,0.7873652677712255,0.7873652677712255,0.7873652677712255,0.7873652677712255
drug,Age,200.0,0.2,0.35,15.0,74.0,43.525,44.0,16.5676,0.0775,-1.0666,13.5,27.25,0.0803,0.0803,0.0561,0.0561,0.0823,0.0823,3.8779,0.0211,SVC,0.892965350440596,0.8623117665019809,0.8753455946121443,0.8807252421526561,0.8972619610566592,0.8684670826605044,0.8763955661259583,0.8640534778496449,0.8425824515282374
drug,Age,200.0,0.17,0.3193,15.0,74.0,44.1988,43.0,16.8674,0.0653,-1.1241,14.0,27.0,0.046,0.046,0.0259,0.0259,0.0413,0.0413,3.8708,0.0247,DecisionTree,0.9621559690309691,0.9702664696414697,0.9651610195360195,0.9649874084249084,0.9644006850992145,0.9621559690309691,0.9621559690309691,0.9702664696414697,0.9662585331335332
drug,Age,200.0,0.17,0.3193,15.0,74.0,44.1988,43.0,16.8674,0.0653,-1.1241,14.0,27.0,0.046,0.046,0.0259,0.0259,0.0413,0.0413,3.8708,0.0247,LogisticRegression,0.9253525653554678,0.9160700140606356,0.9415625012529037,0.9289473365972979,0.9236667722542335,0.9253525653554678,0.9216695808078896,0.9212114869381764,0.9216695808078896
drug,Age,200.0,0.17,0.3193,15.0,74.0,44.1988,43.0,16.8674,0.0653,-1.1241,14.0,27.0,0.046,0.046,0.0259,0.0259,0.0413,0.0413,3.8708,0.0247,KNN,0.747191943468591,0.7314850941439626,0.7699300205642897,0.7479343261595244,0.7396202261521765,0.7382877865658313,0.732334679523098,0.7576341576075618,0.7066105523839792
drug,Age,200.0,0.17,0.3193,15.0,74.0,44.1988,43.0,16.8674,0.0653,-1.1241,14.0,27.0,0.046,0.046,0.0259,0.0259,0.0413,0.0413,3.8708,0.0247,RandomForest,0.9697289679274974,0.9660425685425685,0.9702664696414697,0.9689162457912458,0.9655041486291487,0.9617816374801669,0.9498832417582418,0.9618772893772893,0.9457661782661783
drug,Age,200.0,0.17,0.3193,15.0,74.0,44.1988,43.0,16.8674,0.0653,-1.1241,14.0,27.0,0.046,0.046,0.0259,0.0259,0.0413,0.0413,3.8708,0.0247,AdaBoost,0.7873652677712255,0.7873652677712255,0.7873652677712255,0.7873652677712255,0.7873652677712255,0.7873652677712255,0.7873652677712255,0.7873652677712255,0.7873652677712255
drug,Age,200.0,0.17,0.3193,15.0,74.0,44.1988,43.0,16.8674,0.0653,-1.1241,14.0,27.0,0.046,0.046,0.0259,0.0259,0.0413,0.0413,3.8708,0.0247,SVC,0.8963977892041701,0.8801170772877053,0.9022776515857591,0.8868771470717983,0.9055634356295009,0.8912028342844824,0.8713611432326502,0.8877925350834326,0.8752599527564597
drug,Age,200.0,0.09,0.3022,15.0,74.0,44.4176,45.0,16.42,0.0519,-1.0695,13.0,27.0,0.0627,0.0627,0.0249,0.0249,0.0382,0.0382,3.8903,0.0235,DecisionTree,0.9957661782661783,0.9957661782661783,0.9915781440781442,0.9915781440781442,0.9915781440781442,0.9957661782661783,0.9916656491656491,0.9957661782661783,0.9832027232027232
drug,Age,200.0,0.09,0.3022,15.0,74.0,44.4176,45.0,16.42,0.0519,-1.0695,13.0,27.0,0.0627,0.0627,0.0249,0.0249,0.0382,0.0382,3.8903,0.0235,LogisticRegression,0.9497472195846809,0.9497199418978287,0.9449294358293481,0.9497472195846809,0.9497472195846809,0.9449294358293481,0.9497472195846809,0.9450903122681991,0.9497472195846809
drug,Age,200.0,0.09,0.3022,15.0,74.0,44.4176,45.0,16.42,0.0519,-1.0695,13.0,27.0,0.0627,0.0627,0.0249,0.0249,0.0382,0.0382,3.8903,0.0235,KNN,0.7609986382838608,0.7644676816454766,0.7689497508179763,0.7654164134911097,0.7826586452183051,0.7658670813875981,0.7743360541642248,0.781290745149807,0.785794167103827
drug,Age,200.0,0.09,0.3022,15.0,74.0,44.4176,45.0,16.42,0.0519,-1.0695,13.0,27.0,0.0627,0.0627,0.0249,0.0249,0.0382,0.0382,3.8903,0.0235,RandomForest,0.9872592338217339,0.9872592338217339,0.9872592338217339,0.9832020757020757,0.9832020757020757,0.9872592338217339,0.9831587047212047,0.9872592338217339,0.9791015466015466
drug,Age,200.0,0.09,0.3022,15.0,74.0,44.4176,45.0,16.42,0.0519,-1.0695,13.0,27.0,0.0627,0.0627,0.0249,0.0249,0.0382,0.0382,3.8903,0.0235,AdaBoost,0.7873652677712255,0.7873652677712255,0.7873652677712255,0.7873652677712255,0.7873652677712255,0.7873652677712255,0.7873652677712255,0.7873652677712255,0.7873652677712255
drug,Age,200.0,0.09,0.3022,15.0,74.0,44.4176,45.0,16.42,0.0519,-1.0695,13.0,27.0,0.0627,0.0627,0.0249,0.0249,0.0382,0.0382,3.8903,0.0235,SVC,0.912673559900631,0.9034341239116526,0.9207182931097465,0.9164277686548398,0.9164277686548398,0.9082801227539561,0.9039388621275923,0.9034531721126916,0.907907588507033
drug,Age,200.0,0.065,0.2995,15.0,74.0,44.4599,45.0,16.4811,0.0098,-1.0956,13.0,27.0,0.0548,0.0548,0.0198,0.0198,0.0299,0.0299,3.9127,0.0227,DecisionTree,0.9915995115995117,0.9874989824989825,0.9915995115995117,0.9874114774114775,0.9915995115995117,0.9874114774114775,0.9915995115995117,0.9915995115995117,0.9915995115995117
drug,Age,200.0,0.065,0.2995,15.0,74.0,44.4599,45.0,16.4811,0.0098,-1.0956,13.0,27.0,0.0548,0.0548,0.0198,0.0198,0.0299,0.0299,3.9127,0.0227,LogisticRegression,0.953333667578545,0.9498488313363558,0.9581514513338778,0.9496795670494445,0.953333667578545,0.953333667578545,0.9496795670494445,0.9490874989454837,0.9496795670494445
drug,Age,200.0,0.065,0.2995,15.0,74.0,44.4599,45.0,16.4811,0.0098,-1.0956,13.0,27.0,0.0548,0.0548,0.0198,0.0198,0.0299,0.0299,3.9127,0.0227,KNN,0.7566279019855817,0.7221736684886082,0.7525849927762271,0.7653264399094077,0.7656600747074129,0.7651784859655252,0.7391521082651815,0.7378575784474695,0.7437309696401875
drug,Age,200.0,0.065,0.2995,15.0,74.0,44.4599,45.0,16.4811,0.0098,-1.0956,13.0,27.0,0.0548,0.0548,0.0198,0.0198,0.0299,0.0299,3.9127,0.0227,RandomForest,0.9830925671550672,0.9830925671550672,0.9830925671550672,0.9830925671550672,0.9830925671550672,0.9830925671550672,0.9790354090354091,0.9830925671550672,0.9830925671550672
drug,Age,200.0,0.065,0.2995,15.0,74.0,44.4599,45.0,16.4811,0.0098,-1.0956,13.0,27.0,0.0548,0.0548,0.0198,0.0198,0.0299,0.0299,3.9127,0.0227,AdaBoost,0.7873652677712255,0.7873652677712255,0.7873652677712255,0.7873652677712255,0.7873652677712255,0.7873652677712255,0.7873652677712255,0.7873652677712255,0.7873652677712255
drug,Age,200.0,0.065,0.2995,15.0,74.0,44.4599,45.0,16.4811,0.0098,-1.0956,13.0,27.0,0.0548,0.0548,0.0198,0.0198,0.0299,0.0299,3.9127,0.0227,SVC,0.8920859942205704,0.8994914361042645,0.8963526556927017,0.8883538004883768,0.8919140365486128,0.8921547051618565,0.8872898201078073,0.8947817146941246,0.8840945412291175
drug,Na_to_K,200.0,0.555,0.9888,6.269,38.247,16.3193,15.156,7.1835,0.989,0.5811,4.551,8.972,0.0648,0.0648,0.0379,0.0379,0.0549,0.0549,4.4731,0.0001,DecisionTree,0.6676494949184024,0.6554752100839596,0.5648567354134446,0.5848868358521659,0.5602904907592408,0.6508606837402179,0.6411904391106977,0.6762972085046552,0.5868265022404164
drug,Na_to_K,200.0,0.555,0.9888,6.269,38.247,16.3193,15.156,7.1835,0.989,0.5811,4.551,8.972,0.0648,0.0648,0.0379,0.0379,0.0549,0.0549,4.4731,0.0001,LogisticRegression,0.6962187997163524,0.6680624707210907,0.6358432104203121,0.7190962085719474,0.6687870304130898,0.7089657658430246,0.7217637060363079,0.6076759149989386,0.6168868723589054
drug,Na_to_K,200.0,0.555,0.9888,6.269,38.247,16.3193,15.156,7.1835,0.989,0.5811,4.551,8.972,0.0648,0.0648,0.0379,0.0379,0.0549,0.0549,4.4731,0.0001,KNN,0.5846909028155296,0.5892669976383409,0.51493521808507,0.5350815321923733,0.5579001053649391,0.5653872336863823,0.5688556472972198,0.536494305284079,0.5690506817170904
drug,Na_to_K,200.0,0.555,0.9888,6.269,38.247,16.3193,15.156,7.1835,0.989,0.5811,4.551,8.972,0.0648,0.0648,0.0379,0.0379,0.0549,0.0549,4.4731,0.0001,RandomForest,0.6710852561390157,0.6580858129126371,0.5690071268135489,0.6328613243030082,0.607837156920389,0.6628555665505295,0.6425848300353021,0.6579915407388612,0.6243897227840676
drug,Na_to_K,200.0,0.555,0.9888,6.269,38.247,16.3193,15.156,7.1835,0.989,0.5811,4.551,8.972,0.0648,0.0648,0.0379,0.0379,0.0549,0.0549,4.4731,0.0001,AdaBoost,0.3616599467406817,0.4953389996560844,0.4123188534956373,0.424936863723481,0.4366110717779041,0.4699795341721655,0.5036069358609686,0.49888673525970684,0.3119978867359569
drug,Na_to_K,200.0,0.555,0.9888,6.269,38.247,16.3193,15.156,7.1835,0.989,0.5811,4.551,8.972,0.0648,0.0648,0.0379,0.0379,0.0549,0.0549,4.4731,0.0001,SVC,0.6480916068393686,0.5929643281204016,0.5511372529088172,0.6526755394119925,0.6008941983319851,0.656520171615833,0.6430165586249731,0.5445449784885791,0.5653716432471564
drug,Na_to_K,200.0,0.475,0.9905,6.269,38.247,16.1259,13.313,7.8493,1.0464,0.1842,3.799,9.682,0.1053,0.1053,0.0779,0.0779,0.1116,0.1116,4.6408,0.0001,DecisionTree,0.7048604552775184,0.6942600601918554,0.6613616938582786,0.6894606168496746,0.701395254314757,0.6759098444998982,0.6754711383470104,0.7190208108884579,0.7006680008680425
drug,Na_to_K,200.0,0.475,0.9905,6.269,38.247,16.1259,13.313,7.8493,1.0464,0.1842,3.799,9.682,0.1053,0.1053,0.0779,0.0779,0.1116,0.1116,4.6408,0.0001,LogisticRegression,0.7163110421877195,0.6665546915426757,0.6475422479819032,0.729767611117084,0.7120229868834801,0.6931337901503755,0.6960713096143719,0.6259391255753961,0.6744319563385124
drug,Na_to_K,200.0,0.475,0.9905,6.269,38.247,16.1259,13.313,7.8493,1.0464,0.1842,3.799,9.682,0.1053,0.1053,0.0779,0.0779,0.1116,0.1116,4.6408,0.0001,KNN,0.6178593532591049,0.5788217340879245,0.6322565202602396,0.5721158751115327,0.5916545568242674,0.582998203736057,0.5480557601769117,0.5567744023462706,0.6033145009287662
drug,Na_to_K,200.0,0.475,0.9905,6.269,38.247,16.1259,13.313,7.8493,1.0464,0.1842,3.799,9.682,0.1053,0.1053,0.0779,0.0779,0.1116,0.1116,4.6408,0.0001,RandomForest,0.6951997264519401,0.706313928358393,0.6568135606401713,0.6724088485852535,0.6799884426231697,0.6801465628165596,0.6812640781390782,0.6958406552716015,0.6474738353527671
drug,Na_to_K,200.0,0.475,0.9905,6.269,38.247,16.1259,13.313,7.8493,1.0464,0.1842,3.799,9.682,0.1053,0.1053,0.0779,0.0779,0.1116,0.1116,4.6408,0.0001,AdaBoost,0.5712036576602515,0.627935998298616,0.5497648001067338,0.602589405171267,0.6078345036291177,0.6498906300610356,0.6057059078062061,0.6084429260638533,0.47954338447481887
drug,Na_to_K,200.0,0.475,0.9905,6.269,38.247,16.1259,13.313,7.8493,1.0464,0.1842,3.799,9.682,0.1053,0.1053,0.0779,0.0779,0.1116,0.1116,4.6408,0.0001,SVC,0.658230371884595,0.6629603526689636,0.6645934072539028,0.6745490632387442,0.6579200431146075,0.6334909932723949,0.655196220356632,0.6550249923892337,0.6625096214599699
drug,Na_to_K,200.0,0.31,1.0,6.269,38.247,16.1594,13.9695,7.3252,1.0462,0.4106,4.275,8.8867,0.1477,0.1477,0.0949,0.0949,0.1392,0.1392,4.9273,0.0,DecisionTree,0.7795644379949526,0.8168223059076373,0.7373384416661621,0.7146303501107687,0.7750277145498561,0.7267448351511191,0.7845175540081909,0.7830325985427627,0.8130179756099307
drug,Na_to_K,200.0,0.31,1.0,6.269,38.247,16.1594,13.9695,7.3252,1.0462,0.4106,4.275,8.8867,0.1477,0.1477,0.0949,0.0949,0.1392,0.1392,4.9273,0.0,LogisticRegression,0.7755877357795461,0.6850739032885785,0.6975206068389584,0.7575137464966687,0.7878338610903759,0.7062825404797762,0.7651664147344777,0.6734329283099305,0.6961224314543238
drug,Na_to_K,200.0,0.31,1.0,6.269,38.247,16.1594,13.9695,7.3252,1.0462,0.4106,4.275,8.8867,0.1477,0.1477,0.0949,0.0949,0.1392,0.1392,4.9273,0.0,KNN,0.5900728139124691,0.6383793082480962,0.6216251322296404,0.6116032674595329,0.5925890168788822,0.5780847734358716,0.5854037640579222,0.6049841651122239,0.6129602113973064
drug,Na_to_K,200.0,0.31,1.0,6.269,38.247,16.1594,13.9695,7.3252,1.0462,0.4106,4.275,8.8867,0.1477,0.1477,0.0949,0.0949,0.1392,0.1392,4.9273,0.0,RandomForest,0.7656892425282684,0.8362705642310325,0.7153335125189202,0.7694376213017126,0.7588340700092581,0.7396306502719091,0.7778356666661328,0.7928112806997255,0.8110189812157933
drug,Na_to_K,200.0,0.31,1.0,6.269,38.247,16.1594,13.9695,7.3252,1.0462,0.4106,4.275,8.8867,0.1477,0.1477,0.0949,0.0949,0.1392,0.1392,4.9273,0.0,AdaBoost,0.6459724974429539,0.6157844776343273,0.4355070836421642,0.6478688532107282,0.6390852761736385,0.6212123546798903,0.6978674338520792,0.669106503585119,0.6151283534019663
drug,Na_to_K,200.0,0.31,1.0,6.269,38.247,16.1594,13.9695,7.3252,1.0462,0.4106,4.275,8.8867,0.1477,0.1477,0.0949,0.0949,0.1392,0.1392,4.9273,0.0,SVC,0.6994403766482638,0.7065376894478439,0.6723363312705379,0.7018302122713888,0.6843570081838429,0.6768346541496664,0.7305405674313237,0.6724900959543574,0.6947184427890949
drug,Na_to_K,200.0,0.37,1.0,6.769,37.188,15.9508,13.909,6.8787,1.117,0.5432,3.8005,8.2705,0.2226,0.2226,0.1476,0.1476,0.2206,0.2206,4.8363,0.0,DecisionTree,0.8087534615013062,0.7393853540380468,0.7808243490673936,0.7157488602032682,0.7431753647244577,0.7034350054517223,0.7220790117269693,0.7654315366370481,0.7339928009662046
drug,Na_to_K,200.0,0.37,1.0,6.769,37.188,15.9508,13.909,6.8787,1.117,0.5432,3.8005,8.2705,0.2226,0.2226,0.1476,0.1476,0.2206,0.2206,4.8363,0.0,LogisticRegression,0.8098653621399269,0.6685951383742028,0.6979918227092303,0.7744678772027975,0.7381698718731019,0.7712258791150757,0.7362172446278505,0.6167324075594175,0.6986570527106704
drug,Na_to_K,200.0,0.37,1.0,6.769,37.188,15.9508,13.909,6.8787,1.117,0.5432,3.8005,8.2705,0.2226,0.2226,0.1476,0.1476,0.2206,0.2206,4.8363,0.0,KNN,0.6686478584609463,0.5532475600312481,0.6527875250454666,0.6260414536391923,0.6261656396433075,0.6154354753985296,0.5660607480142068,0.5825334976293889,0.6318960329809743
drug,Na_to_K,200.0,0.37,1.0,6.769,37.188,15.9508,13.909,6.8787,1.117,0.5432,3.8005,8.2705,0.2226,0.2226,0.1476,0.1476,0.2206,0.2206,4.8363,0.0,RandomForest,0.746461000158034,0.7334014418085848,0.7833660975218804,0.7783930373597864,0.7762198523253969,0.7297159138080233,0.7471952309354748,0.7456579526545224,0.6994607422970551
drug,Na_to_K,200.0,0.37,1.0,6.769,37.188,15.9508,13.909,6.8787,1.117,0.5432,3.8005,8.2705,0.2226,0.2226,0.1476,0.1476,0.2206,0.2206,4.8363,0.0,AdaBoost,0.6337006774960745,0.6419000233621758,0.6631215941013883,0.6302543173029364,0.6702795628609792,0.5556289473092099,0.6171224715971092,0.638813517560801,0.651722513344935
drug,Na_to_K,200.0,0.37,1.0,6.769,37.188,15.9508,13.909,6.8787,1.117,0.5432,3.8005,8.2705,0.2226,0.2226,0.1476,0.1476,0.2206,0.2206,4.8363,0.0,SVC,0.7143320719181726,0.6387995488039464,0.6810824539848281,0.676094389538802,0.6897660458592378,0.685002713889706,0.662771390055386,0.672466732328759,0.6573914564233446
drug,Na_to_K,200.0,0.29,0.9859,6.269,37.188,16.1195,13.9695,6.8887,0.9887,0.2936,3.99,8.6812,0.1146,0.1146,0.0523,0.0523,0.0762,0.0762,4.9363,0.0001,DecisionTree,0.8385405733188711,0.8451746018580745,0.7455724423307544,0.7896524412812752,0.7700163029634716,0.823063814240582,0.8341281731586967,0.762995161529434,0.8401171071225522
drug,Na_to_K,200.0,0.29,0.9859,6.269,37.188,16.1195,13.9695,6.8887,0.9887,0.2936,3.99,8.6812,0.1146,0.1146,0.0523,0.0523,0.0762,0.0762,4.9363,0.0001,LogisticRegression,0.8536062875427384,0.7726030143964113,0.7166744477105579,0.825339435397228,0.8015889118453393,0.8168850931471479,0.8433699057432646,0.6657086469514795,0.7870938121558596
drug,Na_to_K,200.0,0.29,0.9859,6.269,37.188,16.1195,13.9695,6.8887,0.9887,0.2936,3.99,8.6812,0.1146,0.1146,0.0523,0.0523,0.0762,0.0762,4.9363,0.0001,KNN,0.6591498584261742,0.6584355074923264,0.6254102200037837,0.6323276060307432,0.6536905563308348,0.6484000141554405,0.6574104374388839,0.605987652698179,0.6630092191506073
drug,Na_to_K,200.0,0.29,0.9859,6.269,37.188,16.1195,13.9695,6.8887,0.9887,0.2936,3.99,8.6812,0.1146,0.1146,0.0523,0.0523,0.0762,0.0762,4.9363,0.0001,RandomForest,0.8424698257642631,0.8571292228536606,0.7615762208281179,0.815928221997301,0.8365512155737114,0.8025551510011399,0.8518627382973847,0.7974424245428255,0.8515881605758022
drug,Na_to_K,200.0,0.29,0.9859,6.269,37.188,16.1195,13.9695,6.8887,0.9887,0.2936,3.99,8.6812,0.1146,0.1146,0.0523,0.0523,0.0762,0.0762,4.9363,0.0001,AdaBoost,0.6417509182400363,0.6435025940983076,0.6453760783362527,0.6487825703167579,0.6676659218670496,0.6587666660071122,0.7229409196544504,0.6798099305045059,0.628651429354169
drug,Na_to_K,200.0,0.29,0.9859,6.269,37.188,16.1195,13.9695,6.8887,0.9887,0.2936,3.99,8.6812,0.1146,0.1146,0.0523,0.0523,0.0762,0.0762,4.9363,0.0001,SVC,0.7886850187629217,0.7841181681931688,0.676346500333077,0.7769375804755186,0.7805219668185506,0.7714602357506057,0.8028854381920962,0.6912848007376189,0.779772763144497
drug,Na_to_K,200.0,0.26,0.9932,6.269,37.188,15.9477,13.4555,7.2572,0.9643,0.0543,3.961,9.0047,0.0537,0.0537,0.0116,0.0116,0.0177,0.0177,4.9878,0.0,DecisionTree,0.8854484593032405,0.8136689923542109,0.7409607808363574,0.8196955087972513,0.7877428734103372,0.8777525475487432,0.8618256733038554,0.8066435187905776,0.7912538672421177
drug,Na_to_K,200.0,0.26,0.9932,6.269,37.188,15.9477,13.4555,7.2572,0.9643,0.0543,3.961,9.0047,0.0537,0.0537,0.0116,0.0116,0.0177,0.0177,4.9878,0.0,LogisticRegression,0.8374437520795827,0.718039689584824,0.7309940882600455,0.7972194864365123,0.7959800915687739,0.8540048693173694,0.8331552197802197,0.6490084013067415,0.7145019394232781
drug,Na_to_K,200.0,0.26,0.9932,6.269,37.188,15.9477,13.4555,7.2572,0.9643,0.0543,3.961,9.0047,0.0537,0.0537,0.0116,0.0116,0.0177,0.0177,4.9878,0.0,KNN,0.6591140230190348,0.6835436968197914,0.630273461104309,0.6587716789793202,0.6684190525752232,0.6657401075706479,0.6744007779603024,0.6294048712948453,0.6761873431904212
drug,Na_to_K,200.0,0.26,0.9932,6.269,37.188,15.9477,13.4555,7.2572,0.9643,0.0543,3.961,9.0047,0.0537,0.0537,0.0116,0.0116,0.0177,0.0177,4.9878,0.0,RandomForest,0.844916337937645,0.8313465920624304,0.7699054959952205,0.8366521380997081,0.8070772041010136,0.8574793798951768,0.8871133317894382,0.8185587879759942,0.8155486453053327
drug,Na_to_K,200.0,0.26,0.9932,6.269,37.188,15.9477,13.4555,7.2572,0.9643,0.0543,3.961,9.0047,0.0537,0.0537,0.0116,0.0116,0.0177,0.0177,4.9878,0.0,AdaBoost,0.5628429874162585,0.6398551579044792,0.6819689269717351,0.652984811573664,0.6367577004301006,0.5728547015635688,0.6175445345733567,0.6617757134097597,0.6457943000251569
drug,Na_to_K,200.0,0.26,0.9932,6.269,37.188,15.9477,13.4555,7.2572,0.9643,0.0543,3.961,9.0047,0.0537,0.0537,0.0116,0.0116,0.0177,0.0177,4.9878,0.0,SVC,0.7653589803517972,0.7388068571570369,0.696347605121029,0.733072373397204,0.732271948906912,0.79140542237961,0.7743207684238079,0.6830047658521643,0.7269018982001991
drug,Na_to_K,200.0,0.2,0.9875,6.269,38.247,16.0272,13.9345,7.112,0.9457,0.0863,4.224,8.814,0.0402,0.0402,0.0264,0.0264,0.0398,0.0398,5.0578,0.0001,DecisionTree,0.8317400425865722,0.8489009393810755,0.8124221348826359,0.8767992296429323,0.8160059693393027,0.8451119983965729,0.8533173674180647,0.8576977660116261,0.8253667809526719
drug,Na_to_K,200.0,0.2,0.9875,6.269,38.247,16.0272,13.9345,7.112,0.9457,0.0863,4.224,8.814,0.0402,0.0402,0.0264,0.0264,0.0398,0.0398,5.0578,0.0001,LogisticRegression,0.8463792163141262,0.741459083940287,0.7825722857397358,0.839480911009044,0.8130847142174128,0.8550733510267241,0.8431257514771939,0.6869762241050834,0.7842722836839142
drug,Na_to_K,200.0,0.2,0.9875,6.269,38.247,16.0272,13.9345,7.112,0.9457,0.0863,4.224,8.814,0.0402,0.0402,0.0264,0.0264,0.0398,0.0398,5.0578,0.0001,KNN,0.6723137392929851,0.6641080921672814,0.6602095850250076,0.6716517815669187,0.6804598108310513,0.6574945968984292,0.6482912988041795,0.6748079167657726,0.6597000609722093
drug,Na_to_K,200.0,0.2,0.9875,6.269,38.247,16.0272,13.9345,7.112,0.9457,0.0863,4.224,8.814,0.0402,0.0402,0.0264,0.0264,0.0398,0.0398,5.0578,0.0001,RandomForest,0.8367937449179157,0.8543781972139168,0.80849123494801,0.8668784924817534,0.8170553116538204,0.8618806709445007,0.870984218642577,0.8664840449582203,0.8624026912088532
drug,Na_to_K,200.0,0.2,0.9875,6.269,38.247,16.0272,13.9345,7.112,0.9457,0.0863,4.224,8.814,0.0402,0.0402,0.0264,0.0264,0.0398,0.0398,5.0578,0.0001,AdaBoost,0.7015417637472683,0.7042780685918756,0.6176320160509923,0.44192312151753643,0.6991914950900384,0.7197673357930776,0.6989977921405035,0.6496313080802445,0.7348841101474901
drug,Na_to_K,200.0,0.2,0.9875,6.269,38.247,16.0272,13.9345,7.112,0.9457,0.0863,4.224,8.814,0.0402,0.0402,0.0264,0.0264,0.0398,0.0398,5.0578,0.0001,SVC,0.8025292980164511,0.7720981891545892,0.7230966320806289,0.7935439002186024,0.7705222084967305,0.8115721727949989,0.8068791793840326,0.7360067127073604,0.7824447746065393
drug,Na_to_K,200.0,0.075,0.9946,6.269,38.247,16.0617,13.972,7.0626,0.9926,0.3053,4.263,8.922,0.0276,0.0276,0.0197,0.0197,0.033,0.033,5.2129,0.0,DecisionTree,0.9579989918199857,0.9155217029119922,0.91591707475531,0.9105159274111536,0.9314703962044387,0.9254051312325441,0.8839175660884525,0.9628224967934206,0.8950076480474501
drug,Na_to_K,200.0,0.075,0.9946,6.269,38.247,16.0617,13.972,7.0626,0.9926,0.3053,4.263,8.922,0.0276,0.0276,0.0197,0.0197,0.033,0.033,5.2129,0.0,LogisticRegression,0.9203644008699726,0.9005881279078969,0.8860299334410258,0.886883874831909,0.8854668694992269,0.899921554231893,0.8877830367394015,0.8616281531851246,0.8915517370811489
drug,Na_to_K,200.0,0.075,0.9946,6.269,38.247,16.0617,13.972,7.0626,0.9926,0.3053,4.263,8.922,0.0276,0.0276,0.0197,0.0197,0.033,0.033,5.2129,0.0,KNN,0.7097517193158484,0.714134272171454,0.6962731580951611,0.6977712763662051,0.6732953125046442,0.6940532375298107,0.7021601892328841,0.6999571107904441,0.7061082822121478
drug,Na_to_K,200.0,0.075,0.9946,6.269,38.247,16.0617,13.972,7.0626,0.9926,0.3053,4.263,8.922,0.0276,0.0276,0.0197,0.0197,0.033,0.033,5.2129,0.0,RandomForest,0.9289077376201498,0.9407083565636853,0.9311376800567375,0.9200495430144386,0.921733183458727,0.9158166911460668,0.9232411507164136,0.9627583768171635,0.9303263282096731
drug,Na_to_K,200.0,0.075,0.9946,6.269,38.247,16.0617,13.972,7.0626,0.9926,0.3053,4.263,8.922,0.0276,0.0276,0.0197,0.0197,0.033,0.033,5.2129,0.0,AdaBoost,0.5763371769534019,0.6774678902883058,0.7869424997081338,0.7459702068265284,0.7388721978223537,0.7347552182120767,0.6497145857988276,0.678918920010338,0.7944111244973221
drug,Na_to_K,200.0,0.075,0.9946,6.269,38.247,16.0617,13.972,7.0626,0.9926,0.3053,4.263,8.922,0.0276,0.0276,0.0197,0.0197,0.033,0.033,5.2129,0.0,SVC,0.8544079451843062,0.8500450559036702,0.8462641699078628,0.8579017947443323,0.8371041548068763,0.8494581352439468,0.8334599800064955,0.842288768545769,0.8383800726597844
drug,Na_to_K,200.0,0.07,0.9892,6.269,38.247,16.219,13.9345,7.386,0.9919,0.1632,4.3155,9.4598,0.0566,0.0566,0.026,0.026,0.0394,0.0394,5.2108,0.0,DecisionTree,0.9502241921337352,0.9281150182126923,0.8994151176466317,0.9254898610161768,0.9030127735668092,0.9504506077108951,0.9487685752212458,0.9541323612815586,0.9129134568219892
drug,Na_to_K,200.0,0.07,0.9892,6.269,38.247,16.219,13.9345,7.386,0.9919,0.1632,4.3155,9.4598,0.0566,0.0566,0.026,0.026,0.0394,0.0394,5.2108,0.0,LogisticRegression,0.919904802938388,0.8693804149651396,0.8684753138307065,0.9121145098454835,0.8842450053508649,0.9291491724514787,0.9122522651548075,0.8449179293191741,0.8801180609266519
drug,Na_to_K,200.0,0.07,0.9892,6.269,38.247,16.219,13.9345,7.386,0.9919,0.1632,4.3155,9.4598,0.0566,0.0566,0.026,0.026,0.0394,0.0394,5.2108,0.0,KNN,0.7282814711743283,0.7331562539200747,0.7319931306614245,0.7196802806981378,0.7374711399711399,0.7282814711743283,0.7351324287274135,0.7230983030632974,0.7416596541134994
drug,Na_to_K,200.0,0.07,0.9892,6.269,38.247,16.219,13.9345,7.386,0.9919,0.1632,4.3155,9.4598,0.0566,0.0566,0.026,0.026,0.0394,0.0394,5.2108,0.0,RandomForest,0.9457755837720159,0.9377456062457312,0.8857943602544044,0.933115025203841,0.9076983717105621,0.949878259491607,0.9527293274818271,0.9505054679953311,0.933492811874242
drug,Na_to_K,200.0,0.07,0.9892,6.269,38.247,16.219,13.9345,7.386,0.9919,0.1632,4.3155,9.4598,0.0566,0.0566,0.026,0.026,0.0394,0.0394,5.2108,0.0,AdaBoost,0.7656443247977895,0.7692180131021938,0.5917112592758965,0.7422469280981078,0.7388927118422508,0.7701968484277104,0.7765857470125173,0.7287940592208295,0.7662115596790737
drug,Na_to_K,200.0,0.07,0.9892,6.269,38.247,16.219,13.9345,7.386,0.9919,0.1632,4.3155,9.4598,0.0566,0.0566,0.026,0.026,0.0394,0.0394,5.2108,0.0,SVC,0.8598941889779688,0.8335415580367737,0.8402685405240854,0.8743958141712448,0.8542649821373984,0.8815477245783924,0.8653415403412547,0.8634622232365745,0.8411730622071611
drug,Na_to_K,200.0,0.065,0.9893,6.269,38.247,16.2246,13.972,7.1713,1.0147,0.3451,4.123,8.6765,0.0733,0.0733,0.033,0.033,0.0519,0.0519,5.2163,0.0,DecisionTree,0.9586277541252479,0.9101952470534115,0.9366398462251514,0.9418918829813834,0.9245795531002843,0.9298973928162358,0.9749297198673598,0.9466885992379932,0.9367383240366427
drug,Na_to_K,200.0,0.065,0.9893,6.269,38.247,16.2246,13.972,7.1713,1.0147,0.3451,4.123,8.6765,0.0733,0.0733,0.033,0.033,0.0519,0.0519,5.2163,0.0,LogisticRegression,0.9084174958906909,0.8909252847018485,0.8755835101817648,0.9124866309680602,0.8890605325275491,0.9131809421334058,0.9325193440516322,0.8535640458867182,0.9046455599175698
drug,Na_to_K,200.0,0.065,0.9893,6.269,38.247,16.2246,13.972,7.1713,1.0147,0.3451,4.123,8.6765,0.0733,0.0733,0.033,0.033,0.0519,0.0519,5.2163,0.0,KNN,0.7214918767020161,0.7238608726318809,0.725707769038017,0.7221450892316723,0.7269638646279241,0.7123339680037153,0.7283435684972952,0.7332835678845181,0.7474277005354538
drug,Na_to_K,200.0,0.065,0.9893,6.269,38.247,16.2246,13.972,7.1713,1.0147,0.3451,4.123,8.6765,0.0733,0.0733,0.033,0.033,0.0519,0.0519,5.2163,0.0,RandomForest,0.9247365797391688,0.9369443603639902,0.9244052414918899,0.9322821739674569,0.9204200752995021,0.920570302937131,0.9751941429442829,0.9669157175400944,0.9159255818518244
drug,Na_to_K,200.0,0.065,0.9893,6.269,38.247,16.2246,13.972,7.1713,1.0147,0.3451,4.123,8.6765,0.0733,0.0733,0.033,0.033,0.0519,0.0519,5.2163,0.0,AdaBoost,0.7551685933667435,0.837185512072406,0.7442689772455363,0.7267528445971296,0.6646712509073924,0.6688012566244703,0.8542076603157642,0.7895057058919555,0.8337620926950196
drug,Na_to_K,200.0,0.065,0.9893,6.269,38.247,16.2246,13.972,7.1713,1.0147,0.3451,4.123,8.6765,0.0733,0.0733,0.033,0.033,0.0519,0.0519,5.2163,0.0,SVC,0.8569600601867263,0.842405184668779,0.8397519714424815,0.8696104717400275,0.8526574908123677,0.856740805875762,0.8855852247863527,0.8529154934003922,0.8417722340949999
electricity-normalized,nswprice,45312.0,0.5022,0.1536,0.0,0.9709,0.0579,0.0488,0.0398,8.634,143.9847,0.0175,0.0395,0.3022,0.3023,0.2268,0.2756,0.3301,0.3801,7.5973,0.0,DecisionTree,0.7134143919957447,0.7065750191321243,0.7108166958133787,0.7092143548646017,0.7137423977777733,0.7115032128002869,0.7063222979129293,0.6948311300747482,0.7124022665117709
electricity-normalized,nswprice,45312.0,0.5022,0.1536,0.0,0.9709,0.0579,0.0488,0.0398,8.634,143.9847,0.0175,0.0395,0.3022,0.3023,0.2268,0.2756,0.3301,0.3801,7.5973,0.0,LogisticRegression,0.6999450451305917,0.7006412468984745,0.6937163346360907,0.6963270022195645,0.695644597635554,0.700857632126511,0.6694315971537605,0.6843342740876912,0.6930463200600794
electricity-normalized,nswprice,45312.0,0.5022,0.1536,0.0,0.9709,0.0579,0.0488,0.0398,8.634,143.9847,0.0175,0.0395,0.3022,0.3023,0.2268,0.2756,0.3301,0.3801,7.5973,0.0,KNN,0.7133452677107873,0.7133155680688368,0.7144215559498514,0.716208943205674,0.7161882915719572,0.7131798779099936,0.7141976769390059,0.7002539620432604,0.7163340124073647
electricity-normalized,nswprice,45312.0,0.5022,0.1536,0.0,0.9709,0.0579,0.0488,0.0398,8.634,143.9847,0.0175,0.0395,0.3022,0.3023,0.2268,0.2756,0.3301,0.3801,7.5973,0.0,RandomForest,0.7282369352608922,0.7225938603349324,0.7194277285740578,0.7207393381961202,0.7227867778557233,0.7215444201080379,0.7224964976217988,0.712622171759606,0.7203565065057845
electricity-normalized,nswprice,45312.0,0.5022,0.1536,0.0,0.9709,0.0579,0.0488,0.0398,8.634,143.9847,0.0175,0.0395,0.3022,0.3023,0.2268,0.2756,0.3301,0.3801,7.5973,0.0,AdaBoost,0.6999581867096983,0.6979828358734034,0.7004064177817128,0.7030511005167099,0.702511148927659,0.700871844307016,0.6984858132502808,0.6863557773722899,0.7012540770214589
electricity-normalized,nswprice,45312.0,0.5022,0.1536,0.0,0.9709,0.0579,0.0488,0.0398,8.634,143.9847,0.0175,0.0395,0.3022,0.3023,0.2268,0.2756,0.3301,0.3801,7.5973,0.0,SVC,0.69309865147725,0.7022575247681636,0.6975318455381623,0.6925013422077513,0.6958418743760341,0.6926415992447985,0.6896028935397557,0.6763524983066865,0.685447184798055
electricity-normalized,nswprice,45312.0,0.4529,0.1414,0.0,1.0,0.058,0.0486,0.0407,9.2517,161.9743,0.0174,0.0392,0.3047,0.3069,0.2229,0.2718,0.3241,0.3752,7.5998,0.0,DecisionTree,0.7202526847313993,0.7211468978150973,0.7192305647843488,0.723455706903184,0.7206224918549882,0.7190704683815913,0.7172608770134437,0.7060692613850007,0.7183614881917619
electricity-normalized,nswprice,45312.0,0.4529,0.1414,0.0,1.0,0.058,0.0486,0.0407,9.2517,161.9743,0.0174,0.0392,0.3047,0.3069,0.2229,0.2718,0.3241,0.3752,7.5998,0.0,LogisticRegression,0.7046818666513861,0.7054892909071859,0.6994357912384168,0.7011563481251847,0.7021102584920162,0.7064692953022798,0.6763522190661372,0.6944715919036104,0.7030662181005431
electricity-normalized,nswprice,45312.0,0.4529,0.1414,0.0,1.0,0.058,0.0486,0.0407,9.2517,161.9743,0.0174,0.0392,0.3047,0.3069,0.2229,0.2718,0.3241,0.3752,7.5998,0.0,KNN,0.7200711678532993,0.7191259373533423,0.7214062198122699,0.7240405319401574,0.7231217202999198,0.7180463347486374,0.7224069145365539,0.7064911042488196,0.7198145463568058
electricity-normalized,nswprice,45312.0,0.4529,0.1414,0.0,1.0,0.058,0.0486,0.0407,9.2517,161.9743,0.0174,0.0392,0.3047,0.3069,0.2229,0.2718,0.3241,0.3752,7.5998,0.0,RandomForest,0.7335459637750001,0.7299477138703782,0.7282791579183358,0.7297244226531487,0.7291591737846355,0.7284884614913032,0.7306601862294019,0.7212109049830195,0.729582346388665
electricity-normalized,nswprice,45312.0,0.4529,0.1414,0.0,1.0,0.058,0.0486,0.0407,9.2517,161.9743,0.0174,0.0392,0.3047,0.3069,0.2229,0.2718,0.3241,0.3752,7.5998,0.0,AdaBoost,0.7064348369390177,0.7038979826625159,0.7053168880862879,0.7113293767977534,0.7083497334837222,0.7073444044133594,0.6994361859598062,0.6952802888573212,0.7022362257401856
electricity-normalized,nswprice,45312.0,0.4529,0.1414,0.0,1.0,0.058,0.0486,0.0407,9.2517,161.9743,0.0174,0.0392,0.3047,0.3069,0.2229,0.2718,0.3241,0.3752,7.5998,0.0,SVC,0.7014676293265184,0.7084553455942011,0.6980359180166344,0.7129597499123645,0.7039117548545701,0.7039803407059759,0.7023035035144296,0.6956740098561609,0.7059236465324712
electricity-normalized,nswprice,45312.0,0.401,0.1332,0.0,0.9818,0.058,0.0486,0.0408,8.9008,146.8514,0.0173,0.039,0.301,0.3031,0.2225,0.2707,0.3243,0.3737,7.5979,0.0,DecisionTree,0.7249782250131022,0.7230510770676088,0.7252122751203763,0.7277924005503034,0.7235780264108249,0.7213330880222424,0.7205118293444979,0.7108064265448593,0.7226627275715702
electricity-normalized,nswprice,45312.0,0.401,0.1332,0.0,0.9818,0.058,0.0486,0.0408,8.9008,146.8514,0.0173,0.039,0.301,0.3031,0.2225,0.2707,0.3243,0.3737,7.5979,0.0,LogisticRegression,0.7100267906826396,0.7106472845002691,0.707781509954351,0.7094468505088207,0.7098855707364737,0.7120191452536504,0.6791151594733583,0.6951447153666783,0.7100927510958424
electricity-normalized,nswprice,45312.0,0.401,0.1332,0.0,0.9818,0.058,0.0486,0.0408,8.9008,146.8514,0.0173,0.039,0.301,0.3031,0.2225,0.2707,0.3243,0.3737,7.5979,0.0,KNN,0.7277233812021808,0.7256866844524767,0.7283589506722434,0.7297838309180773,0.729716389218174,0.7251813254539151,0.7252322844424787,0.7150584667772161,0.7265033513292213
electricity-normalized,nswprice,45312.0,0.401,0.1332,0.0,0.9818,0.058,0.0486,0.0408,8.9008,146.8514,0.0173,0.039,0.301,0.3031,0.2225,0.2707,0.3243,0.3737,7.5979,0.0,RandomForest,0.7421656086749895,0.7361651900593607,0.736493114146425,0.7370930562396781,0.7360633358261227,0.7370982295331591,0.7372922112445524,0.7297100773116565,0.7359903589885824
electricity-normalized,nswprice,45312.0,0.401,0.1332,0.0,0.9818,0.058,0.0486,0.0408,8.9008,146.8514,0.0173,0.039,0.301,0.3031,0.2225,0.2707,0.3243,0.3737,7.5979,0.0,AdaBoost,0.7100043501673711,0.7086001092613835,0.7138295415543106,0.7149873711273337,0.71457570237279,0.710348158068187,0.7107901904574334,0.6979569421089578,0.710207895563931
electricity-normalized,nswprice,45312.0,0.401,0.1332,0.0,0.9818,0.058,0.0486,0.0408,8.9008,146.8514,0.0173,0.039,0.301,0.3031,0.2225,0.2707,0.3243,0.3737,7.5979,0.0,SVC,0.698269032912185,0.7105059399938226,0.7139014022891667,0.7120660208338145,0.7150863646662449,0.7126648303942824,0.7108610283315526,0.697418464582631,0.7151378886057305
electricity-normalized,nswprice,45312.0,0.3496,0.1249,0.0,0.9818,0.0579,0.0487,0.0398,9.0043,157.2643,0.0174,0.0394,0.3052,0.3063,0.2226,0.2702,0.3239,0.3722,7.6143,0.0,DecisionTree,0.7308671146001038,0.7284023345616766,0.7311247892437943,0.7321732639312186,0.7332899942735596,0.7292310284289001,0.7244631516720228,0.7185687288448833,0.7312934189263949
electricity-normalized,nswprice,45312.0,0.3496,0.1249,0.0,0.9818,0.0579,0.0487,0.0398,9.0043,157.2643,0.0174,0.0394,0.3052,0.3063,0.2226,0.2702,0.3239,0.3722,7.6143,0.0,LogisticRegression,0.71589781409278,0.7170867613982949,0.7124671043256379,0.7139024030326482,0.7123693031190313,0.7184419472171218,0.6871444736254926,0.7033927274633505,0.7128732011399019
electricity-normalized,nswprice,45312.0,0.3496,0.1249,0.0,0.9818,0.0579,0.0487,0.0398,9.0043,157.2643,0.0174,0.0394,0.3052,0.3063,0.2226,0.2702,0.3239,0.3722,7.6143,0.0,KNN,0.7330405360288632,0.733852210955064,0.7341295052889883,0.7351212338360267,0.734612530778959,0.7325948162088213,0.7339661822811456,0.7215481960691892,0.7344458381886403
electricity-normalized,nswprice,45312.0,0.3496,0.1249,0.0,0.9818,0.0579,0.0487,0.0398,9.0043,157.2643,0.0174,0.0394,0.3052,0.3063,0.2226,0.2702,0.3239,0.3722,7.6143,0.0,RandomForest,0.7483779733245433,0.746038168739309,0.7463037655038403,0.7459956634392848,0.7451670849043551,0.7462824571006205,0.7450849685952152,0.7360201799768082,0.7446807962037919
electricity-normalized,nswprice,45312.0,0.3496,0.1249,0.0,0.9818,0.0579,0.0487,0.0398,9.0043,157.2643,0.0174,0.0394,0.3052,0.3063,0.2226,0.2702,0.3239,0.3722,7.6143,0.0,AdaBoost,0.7200222412977775,0.7159826108504235,0.718697415868988,0.7215107649100365,0.719321338227641,0.7169031133979942,0.7164084509080688,0.7061106210596761,0.717942703624388
electricity-normalized,nswprice,45312.0,0.3496,0.1249,0.0,0.9818,0.0579,0.0487,0.0398,9.0043,157.2643,0.0174,0.0394,0.3052,0.3063,0.2226,0.2702,0.3239,0.3722,7.6143,0.0,SVC,0.7084170233318781,0.7183488132156169,0.722986340037292,0.7258285778963562,0.7221354828404623,0.7236739030660458,0.7125894873946164,0.7120584621872731,0.7217331931814407
electricity-normalized,nswprice,45312.0,0.3027,0.118,0.0,1.0,0.0579,0.0486,0.0411,9.4867,166.8788,0.0175,0.0394,0.3032,0.3051,0.2265,0.2758,0.3298,0.38,7.6244,0.0,DecisionTree,0.7412459974016572,0.7389160063321405,0.7383134391466268,0.7413105271231409,0.7398427554997706,0.7370005694010329,0.735702706212051,0.7267242898446767,0.7375668586567965
electricity-normalized,nswprice,45312.0,0.3027,0.118,0.0,1.0,0.0579,0.0486,0.0411,9.4867,166.8788,0.0175,0.0394,0.3032,0.3051,0.2265,0.2758,0.3298,0.38,7.6244,0.0,LogisticRegression,0.7215095883305495,0.7238822337671902,0.7203947234574497,0.7207909640020289,0.7205970899648617,0.7242834417335828,0.6947004934833304,0.709015828498845,0.7207369367386649
electricity-normalized,nswprice,45312.0,0.3027,0.118,0.0,1.0,0.0579,0.0486,0.0411,9.4867,166.8788,0.0175,0.0394,0.3032,0.3051,0.2265,0.2758,0.3298,0.38,7.6244,0.0,KNN,0.7421959111449619,0.7428050445593462,0.7451818051830682,0.7456681768233038,0.7459465540134678,0.7424076308265346,0.7418481385317554,0.7301869443509695,0.7441861211654889
electricity-normalized,nswprice,45312.0,0.3027,0.118,0.0,1.0,0.0579,0.0486,0.0411,9.4867,166.8788,0.0175,0.0394,0.3032,0.3051,0.2265,0.2758,0.3298,0.38,7.6244,0.0,RandomForest,0.7601776549159642,0.75648197320358,0.756637029462065,0.756639039104752,0.7572838806194747,0.7577982010609937,0.7565612667925095,0.748384257443337,0.7563726678689526
electricity-normalized,nswprice,45312.0,0.3027,0.118,0.0,1.0,0.0579,0.0486,0.0411,9.4867,166.8788,0.0175,0.0394,0.3032,0.3051,0.2265,0.2758,0.3298,0.38,7.6244,0.0,AdaBoost,0.7217949225659925,0.7212001768136589,0.7267392049164956,0.7294263519793726,0.7283883651064464,0.721811437354262,0.7192370885223898,0.7140475460083446,0.7252699959269248
electricity-normalized,nswprice,45312.0,0.3027,0.118,0.0,1.0,0.0579,0.0486,0.0411,9.4867,166.8788,0.0175,0.0394,0.3032,0.3051,0.2265,0.2758,0.3298,0.38,7.6244,0.0,SVC,0.7219912271126065,0.7210773137293182,0.7237889007036548,0.731035045144679,0.7186905954833737,0.7243621350343927,0.7170343466791351,0.7076253260789928,0.7251986851254142
electricity-normalized,nswprice,45312.0,0.25,0.1114,0.0,1.0,0.0579,0.0487,0.0397,8.8855,154.5684,0.0175,0.0393,0.3097,0.3132,0.2268,0.2737,0.3302,0.3778,7.6258,0.0,DecisionTree,0.7416030205004489,0.7420700790597732,0.7463974709583154,0.7455530381933474,0.7480129386631427,0.7415121710506292,0.7381920965025263,0.736047139328451,0.7447901166036427
electricity-normalized,nswprice,45312.0,0.25,0.1114,0.0,1.0,0.0579,0.0487,0.0397,8.8855,154.5684,0.0175,0.0393,0.3097,0.3132,0.2268,0.2737,0.3302,0.3778,7.6258,0.0,LogisticRegression,0.7262727200392476,0.7287167540917121,0.7257167992861008,0.7256642661786714,0.7245602774066677,0.7284866294556536,0.7098795183109278,0.7193234925054071,0.725700664714502
electricity-normalized,nswprice,45312.0,0.25,0.1114,0.0,1.0,0.0579,0.0487,0.0397,8.8855,154.5684,0.0175,0.0393,0.3097,0.3132,0.2268,0.2737,0.3302,0.3778,7.6258,0.0,KNN,0.7509519141173657,0.7514437770429664,0.7517112628674797,0.7525675539854275,0.75213352710717,0.7489080430233991,0.7466167033564076,0.7425345963344284,0.7505817012998538
electricity-normalized,nswprice,45312.0,0.25,0.1114,0.0,1.0,0.0579,0.0487,0.0397,8.8855,154.5684,0.0175,0.0393,0.3097,0.3132,0.2268,0.2737,0.3302,0.3778,7.6258,0.0,RandomForest,0.7681400537160326,0.7649419167692872,0.7643153113676817,0.7660973954716928,0.7659619699614502,0.7638830060456329,0.7655321905802047,0.7589740228872157,0.7644050842813253
electricity-normalized,nswprice,45312.0,0.25,0.1114,0.0,1.0,0.0579,0.0487,0.0397,8.8855,154.5684,0.0175,0.0393,0.3097,0.3132,0.2268,0.2737,0.3302,0.3778,7.6258,0.0,AdaBoost,0.724557532464918,0.7273244717329816,0.729458518978368,0.7305634815119639,0.7305482294884506,0.7261647703279307,0.7147316772049951,0.7212338459178376,0.7275431984070717
electricity-normalized,nswprice,45312.0,0.25,0.1114,0.0,1.0,0.0579,0.0487,0.0397,8.8855,154.5684,0.0175,0.0393,0.3097,0.3132,0.2268,0.2737,0.3302,0.3778,7.6258,0.0,SVC,0.7224910965268565,0.7226436598711075,0.7407955134442443,0.7293731283905383,0.7268048700525811,0.7336299072656458,0.7190550542745421,0.7207001723140164,0.7311029058362197
electricity-normalized,nswprice,45312.0,0.2035,0.107,0.0,1.0,0.0578,0.0486,0.0399,9.098,159.7029,0.0173,0.039,0.3076,0.3122,0.2265,0.277,0.3299,0.3817,7.6315,0.0,DecisionTree,0.7494151395816034,0.7511524557042126,0.7525508683866943,0.7513700598051309,0.7531509533670735,0.750100024347303,0.7429510079670751,0.7421290464605748,0.749531210205225
electricity-normalized,nswprice,45312.0,0.2035,0.107,0.0,1.0,0.0578,0.0486,0.0399,9.098,159.7029,0.0173,0.039,0.3076,0.3122,0.2265,0.277,0.3299,0.3817,7.6315,0.0,LogisticRegression,0.7301299945186754,0.7328392458301646,0.7303360074814071,0.7309527152642239,0.731367506599844,0.7330432343031308,0.7120191197299498,0.724221980553987,0.7298862189753358
electricity-normalized,nswprice,45312.0,0.2035,0.107,0.0,1.0,0.0578,0.0486,0.0399,9.098,159.7029,0.0173,0.039,0.3076,0.3122,0.2265,0.277,0.3299,0.3817,7.6315,0.0,KNN,0.7541036094841954,0.7550947561186382,0.7566989249312686,0.7556040975708113,0.7561605741935311,0.7536503386825717,0.7505890237256793,0.7484458203175253,0.7562376601634906
electricity-normalized,nswprice,45312.0,0.2035,0.107,0.0,1.0,0.0578,0.0486,0.0399,9.098,159.7029,0.0173,0.039,0.3076,0.3122,0.2265,0.277,0.3299,0.3817,7.6315,0.0,RandomForest,0.7735489154419926,0.7710174589714688,0.7726531780211681,0.7724857304678442,0.7729365882702387,0.7734488615421402,0.7717432229779896,0.7660171695004652,0.771500807339268
electricity-normalized,nswprice,45312.0,0.2035,0.107,0.0,1.0,0.0578,0.0486,0.0399,9.098,159.7029,0.0173,0.039,0.3076,0.3122,0.2265,0.277,0.3299,0.3817,7.6315,0.0,AdaBoost,0.7305303581079474,0.7319765048518049,0.7348178388775768,0.7348485466584181,0.7370432000597946,0.7322764979832472,0.7212206929776379,0.7276966983293176,0.732697392099473
electricity-normalized,nswprice,45312.0,0.2035,0.107,0.0,1.0,0.0578,0.0486,0.0399,9.098,159.7029,0.0173,0.039,0.3076,0.3122,0.2265,0.277,0.3299,0.3817,7.6315,0.0,SVC,0.7341051491693107,0.7367131341085715,0.7384859283235508,0.7296359827706821,0.7308743256172539,0.7312043940341708,0.7261156198890248,0.7230394150272155,0.7286868804881949
electricity-normalized,nswprice,45312.0,0.1488,0.1017,0.0,1.0,0.0579,0.0487,0.0398,8.8607,152.9354,0.0175,0.0392,0.304,0.3043,0.2244,0.2731,0.3267,0.377,7.6361,0.0,DecisionTree,0.7578929247417323,0.7546698190118978,0.7602954053072773,0.7588818332221651,0.7584179596684479,0.7574054141426907,0.7530114002223579,0.7521230884946032,0.760540186672727
electricity-normalized,nswprice,45312.0,0.1488,0.1017,0.0,1.0,0.0579,0.0487,0.0398,8.8607,152.9354,0.0175,0.0392,0.304,0.3043,0.2244,0.2731,0.3267,0.377,7.6361,0.0,LogisticRegression,0.7385687584433291,0.7408655158040296,0.7382054080925032,0.737973396061428,0.737727465544064,0.7414670122354805,0.7302271653328626,0.7332968745151043,0.7375807522131692
electricity-normalized,nswprice,45312.0,0.1488,0.1017,0.0,1.0,0.0579,0.0487,0.0398,8.8607,152.9354,0.0175,0.0392,0.304,0.3043,0.2244,0.2731,0.3267,0.377,7.6361,0.0,KNN,0.763116081022508,0.7632286020442824,0.7648111393036917,0.7649333421085985,0.7654617512242263,0.7618295714914249,0.7602830383033199,0.7604328153038012,0.7647767673370697
electricity-normalized,nswprice,45312.0,0.1488,0.1017,0.0,1.0,0.0579,0.0487,0.0398,8.8607,152.9354,0.0175,0.0392,0.304,0.3043,0.2244,0.2731,0.3267,0.377,7.6361,0.0,RandomForest,0.7850784703285081,0.7832521454352391,0.7839764211291584,0.7842737307441308,0.7843285817927821,0.7819819068919809,0.7833653885672189,0.7817889574774348,0.783368366619931
electricity-normalized,nswprice,45312.0,0.1488,0.1017,0.0,1.0,0.0579,0.0487,0.0398,8.8607,152.9354,0.0175,0.0392,0.304,0.3043,0.2244,0.2731,0.3267,0.377,7.6361,0.0,AdaBoost,0.7415713267195186,0.7428572695480007,0.7415087079997756,0.7444253260280347,0.7435085433295556,0.7427651200475945,0.7371399276702862,0.7360799276584131,0.7432541073209027
electricity-normalized,nswprice,45312.0,0.1488,0.1017,0.0,1.0,0.0579,0.0487,0.0398,8.8607,152.9354,0.0175,0.0392,0.304,0.3043,0.2244,0.2731,0.3267,0.377,7.6361,0.0,SVC,0.7433964044380681,0.7420057486749416,0.7384129407140078,0.7496733205082037,0.7484211777736212,0.749775359383815,0.7371535243079074,0.739741886051798,0.7453374106878974
electricity-normalized,nswprice,45312.0,0.1007,0.098,0.0,1.0,0.0578,0.0486,0.0397,8.9349,155.539,0.0174,0.0391,0.3004,0.3034,0.2229,0.27,0.3247,0.3728,7.6404,0.0,DecisionTree,0.7671154104424301,0.7623617514959904,0.7659992896936976,0.7641214728969788,0.7651351351791431,0.7622215508146619,0.7623944447997013,0.7636071594728365,0.7659936884990062
electricity-normalized,nswprice,45312.0,0.1007,0.098,0.0,1.0,0.0578,0.0486,0.0397,8.9349,155.539,0.0174,0.0391,0.3004,0.3034,0.2229,0.27,0.3247,0.3728,7.6404,0.0,LogisticRegression,0.7435659903524163,0.7424791495853226,0.7421999870157462,0.7427847374813392,0.7423176760695254,0.7432670784657158,0.7348359060196732,0.7396277367004807,0.7431756625786785
electricity-normalized,nswprice,45312.0,0.1007,0.098,0.0,1.0,0.0578,0.0486,0.0397,8.9349,155.539,0.0174,0.0391,0.3004,0.3034,0.2229,0.27,0.3247,0.3728,7.6404,0.0,KNN,0.7696943529734466,0.7696333452568391,0.7721836111121159,0.7722882171197989,0.7719803236585198,0.7691553524091789,0.7685527516665831,0.7686569826698985,0.771243907100355
electricity-normalized,nswprice,45312.0,0.1007,0.098,0.0,1.0,0.0578,0.0486,0.0397,8.9349,155.539,0.0174,0.0391,0.3004,0.3034,0.2229,0.27,0.3247,0.3728,7.6404,0.0,RandomForest,0.7914269398867079,0.7892660093536028,0.7924550377200771,0.7928656679921392,0.7932099782152433,0.7903442465514862,0.791522124291656,0.7901249173928362,0.7919276863524283
electricity-normalized,nswprice,45312.0,0.1007,0.098,0.0,1.0,0.0578,0.0486,0.0397,8.9349,155.539,0.0174,0.0391,0.3004,0.3034,0.2229,0.27,0.3247,0.3728,7.6404,0.0,AdaBoost,0.7459856866551676,0.7472506958731088,0.7469997046263916,0.7475295669520451,0.7472566541355863,0.7471100761532606,0.7403930929096723,0.7444165917116531,0.7467935107743883
electricity-normalized,nswprice,45312.0,0.1007,0.098,0.0,1.0,0.0578,0.0486,0.0397,8.9349,155.539,0.0174,0.0391,0.3004,0.3034,0.2229,0.27,0.3247,0.3728,7.6404,0.0,SVC,0.7396071234315984,0.7494110624323067,0.7509805831148857,0.7538587092589132,0.7526854617416074,0.7510008882856004,0.7460289977583868,0.7466239175878067,0.7475534045501236
electricity-normalized,nswprice,45312.0,0.0513,0.0937,0.0,1.0,0.0578,0.0487,0.0394,8.9786,158.9352,0.0174,0.0392,0.3043,0.307,0.2236,0.2723,0.3256,0.3755,7.6418,0.0,DecisionTree,0.770372292125989,0.7733538614535466,0.7727526437569976,0.7738308018135212,0.7749464741260308,0.7725726314068948,0.7699071018273319,0.7712807127602512,0.7742683484068025
electricity-normalized,nswprice,45312.0,0.0513,0.0937,0.0,1.0,0.0578,0.0487,0.0394,8.9786,158.9352,0.0174,0.0392,0.3043,0.307,0.2236,0.2723,0.3256,0.3755,7.6418,0.0,LogisticRegression,0.7484862207624524,0.749285439305593,0.7486447756709093,0.7486508219622855,0.7485462913584443,0.7493869977250687,0.745639365891719,0.7473342902259064,0.7495675762548889
electricity-normalized,nswprice,45312.0,0.0513,0.0937,0.0,1.0,0.0578,0.0487,0.0394,8.9786,158.9352,0.0174,0.0392,0.3043,0.307,0.2236,0.2723,0.3256,0.3755,7.6418,0.0,KNN,0.7777710809493872,0.7778919390388418,0.7783229002927614,0.7787680750202837,0.7788159667948131,0.7772443070724644,0.7754767104695128,0.7786814125251338,0.7785571628499608
electricity-normalized,nswprice,45312.0,0.0513,0.0937,0.0,1.0,0.0578,0.0487,0.0394,8.9786,158.9352,0.0174,0.0392,0.3043,0.307,0.2236,0.2723,0.3256,0.3755,7.6418,0.0,RandomForest,0.8011576184828227,0.8006148889018649,0.8014576278976897,0.8013014159500069,0.8023938504918485,0.8008217351959301,0.7992166480541865,0.7995297468598722,0.8021332723472068
electricity-normalized,nswprice,45312.0,0.0513,0.0937,0.0,1.0,0.0578,0.0487,0.0394,8.9786,158.9352,0.0174,0.0392,0.3043,0.307,0.2236,0.2723,0.3256,0.3755,7.6418,0.0,AdaBoost,0.7535856525291507,0.7550725029639437,0.7556198460349033,0.7549970455244026,0.7547451681506119,0.7541756280085625,0.7519879276316861,0.7538696799837872,0.7556555977884498
electricity-normalized,nswprice,45312.0,0.0513,0.0937,0.0,1.0,0.0578,0.0487,0.0394,8.9786,158.9352,0.0174,0.0392,0.3043,0.307,0.2236,0.2723,0.3256,0.3755,7.6418,0.0,SVC,0.7556506916606465,0.7584258989216027,0.7595122065848228,0.7592498798498608,0.7543743408652852,0.7561258969931615,0.7579287378935865,0.7518342118434489,0.7589743827859522
electricity-normalized,nswdemand,45312.0,0.4967,0.2101,0.0,1.0,0.4251,0.4436,0.1633,-0.092,-0.3834,0.1105,0.2269,0.3077,0.6692,0.2244,0.5013,0.3265,0.6608,8.245,0.0,DecisionTree,0.7727884870447087,0.7731536797785798,0.7730592094206822,0.7737372314652726,0.7741622542098495,0.7747027103567197,0.7724098858297102,0.7724738519812697,0.7727346801300446
electricity-normalized,nswdemand,45312.0,0.4967,0.2101,0.0,1.0,0.4251,0.4436,0.1633,-0.092,-0.3834,0.1105,0.2269,0.3077,0.6692,0.2244,0.5013,0.3265,0.6608,8.245,0.0,LogisticRegression,0.7470578562884836,0.7475053753967391,0.7503380948812723,0.7493958694744467,0.7488664664359582,0.7472601060979474,0.7483349429468773,0.7462670782046024,0.7496343761145603
electricity-normalized,nswdemand,45312.0,0.4967,0.2101,0.0,1.0,0.4251,0.4436,0.1633,-0.092,-0.3834,0.1105,0.2269,0.3077,0.6692,0.2244,0.5013,0.3265,0.6608,8.245,0.0,KNN,0.7742915169931417,0.7735438793325105,0.7736142655641592,0.7738535214413177,0.772688938958584,0.7738638655859437,0.7742689780072196,0.7682600875899426,0.7737298281577931
electricity-normalized,nswdemand,45312.0,0.4967,0.2101,0.0,1.0,0.4251,0.4436,0.1633,-0.092,-0.3834,0.1105,0.2269,0.3077,0.6692,0.2244,0.5013,0.3265,0.6608,8.245,0.0,RandomForest,0.7954354628718006,0.7931896402871992,0.7961195893725173,0.7936225449582884,0.7936051993375257,0.7934844001846959,0.791196707429582,0.790223046168293,0.7961350454791337
electricity-normalized,nswdemand,45312.0,0.4967,0.2101,0.0,1.0,0.4251,0.4436,0.1633,-0.092,-0.3834,0.1105,0.2269,0.3077,0.6692,0.2244,0.5013,0.3265,0.6608,8.245,0.0,AdaBoost,0.7586319637125931,0.7591008722019827,0.7596615501007236,0.7599375096647498,0.7596054329661317,0.7597690289404768,0.7602330431918322,0.758526881909418,0.7588917185260308
electricity-normalized,nswdemand,45312.0,0.4967,0.2101,0.0,1.0,0.4251,0.4436,0.1633,-0.092,-0.3834,0.1105,0.2269,0.3077,0.6692,0.2244,0.5013,0.3265,0.6608,8.245,0.0,SVC,0.7570866286876707,0.7526877232218623,0.7537370786840274,0.7621911465770076,0.7631119018303816,0.7610520145217146,0.7501604278641649,0.7581142069043999,0.7554247819204875
electricity-normalized,nswdemand,45312.0,0.4491,0.1952,0.0015,1.0,0.4258,0.4434,0.1632,-0.0976,-0.4084,0.1108,0.2278,0.2973,0.6709,0.2252,0.5041,0.3279,0.6645,8.264,0.0,DecisionTree,0.7760827789975566,0.7739639486254986,0.7733438895444661,0.7734986276227066,0.772458877727763,0.7744016571905191,0.7748115358604292,0.7744552470538354,0.7723330643753674
electricity-normalized,nswdemand,45312.0,0.4491,0.1952,0.0015,1.0,0.4258,0.4434,0.1632,-0.0976,-0.4084,0.1108,0.2278,0.2973,0.6709,0.2252,0.5041,0.3279,0.6645,8.264,0.0,LogisticRegression,0.7461913635320372,0.7479924054718494,0.7503590210810067,0.7513764037120317,0.7504973222716761,0.7483529452459425,0.7474284316682244,0.746491140060123,0.7509646290012684
electricity-normalized,nswdemand,45312.0,0.4491,0.1952,0.0015,1.0,0.4258,0.4434,0.1632,-0.0976,-0.4084,0.1108,0.2278,0.2973,0.6709,0.2252,0.5041,0.3279,0.6645,8.264,0.0,KNN,0.7733222368466601,0.7721353162344037,0.7744921756713159,0.7738293385282277,0.7731600767346748,0.7737142694235035,0.7732840433781997,0.7668154530691125,0.7726342215001992
electricity-normalized,nswdemand,45312.0,0.4491,0.1952,0.0015,1.0,0.4258,0.4434,0.1632,-0.0976,-0.4084,0.1108,0.2278,0.2973,0.6709,0.2252,0.5041,0.3279,0.6645,8.264,0.0,RandomForest,0.7967760589093306,0.7952756281346106,0.7972517379478078,0.7970118553762748,0.7968885737387694,0.7959993299618934,0.7919837723666238,0.7914185540854392,0.7958904688158889
electricity-normalized,nswdemand,45312.0,0.4491,0.1952,0.0015,1.0,0.4258,0.4434,0.1632,-0.0976,-0.4084,0.1108,0.2278,0.2973,0.6709,0.2252,0.5041,0.3279,0.6645,8.264,0.0,AdaBoost,0.7571542101195784,0.7594616757822259,0.7595938437241454,0.7599125924696533,0.7583603861732316,0.7594644459058768,0.7585832292391361,0.7575665515046044,0.7591254996415804
electricity-normalized,nswdemand,45312.0,0.4491,0.1952,0.0015,1.0,0.4258,0.4434,0.1632,-0.0976,-0.4084,0.1108,0.2278,0.2973,0.6709,0.2252,0.5041,0.3279,0.6645,8.264,0.0,SVC,0.7482244684173036,0.7548172238352652,0.7550979005705752,0.7505968219877117,0.7538478270522817,0.757070955189484,0.7553891631607427,0.7541325017491036,0.7555722091500761
electricity-normalized,nswdemand,45312.0,0.4008,0.1815,0.0012,0.9808,0.4263,0.446,0.1635,-0.1091,-0.4034,0.1104,0.2264,0.3024,0.6697,0.2224,0.5032,0.3234,0.6634,8.2691,0.0,DecisionTree,0.7739920613977757,0.7727733921067603,0.7750733039383672,0.7753415141785109,0.7744601957553121,0.7748109926838652,0.7742294432251873,0.7737109048168914,0.7732687210531907
electricity-normalized,nswdemand,45312.0,0.4008,0.1815,0.0012,0.9808,0.4263,0.446,0.1635,-0.1091,-0.4034,0.1104,0.2264,0.3024,0.6697,0.2224,0.5032,0.3234,0.6634,8.2691,0.0,LogisticRegression,0.7486501333258427,0.749566891130255,0.7522842691573158,0.7516671849249639,0.751414814400239,0.7494394391905203,0.7498056552053465,0.7486608744132404,0.7514924908489643
electricity-normalized,nswdemand,45312.0,0.4008,0.1815,0.0012,0.9808,0.4263,0.446,0.1635,-0.1091,-0.4034,0.1104,0.2264,0.3024,0.6697,0.2224,0.5032,0.3234,0.6634,8.2691,0.0,KNN,0.7722807162231705,0.7723008485827063,0.7721064267972759,0.7736195707152954,0.773590758682311,0.7742196131156498,0.7735725167357675,0.7699540062473178,0.775126859664024
electricity-normalized,nswdemand,45312.0,0.4008,0.1815,0.0012,0.9808,0.4263,0.446,0.1635,-0.1091,-0.4034,0.1104,0.2264,0.3024,0.6697,0.2224,0.5032,0.3234,0.6634,8.2691,0.0,RandomForest,0.797671738399457,0.7958372372815202,0.7982179014989521,0.7971957183237652,0.798406019161777,0.7972016073622545,0.7960590307848678,0.7930731981726616,0.7982553405901682
electricity-normalized,nswdemand,45312.0,0.4008,0.1815,0.0012,0.9808,0.4263,0.446,0.1635,-0.1091,-0.4034,0.1104,0.2264,0.3024,0.6697,0.2224,0.5032,0.3234,0.6634,8.2691,0.0,AdaBoost,0.7586923908677274,0.7590699376585682,0.759103089653093,0.7590347845120409,0.759420725130378,0.7590119181914482,0.7587667125605073,0.7572434088131292,0.7603803243046953
electricity-normalized,nswdemand,45312.0,0.4008,0.1815,0.0012,0.9808,0.4263,0.446,0.1635,-0.1091,-0.4034,0.1104,0.2264,0.3024,0.6697,0.2224,0.5032,0.3234,0.6634,8.2691,0.0,SVC,0.7562432708322829,0.7544771492432265,0.7620794710119849,0.760589044485492,0.755554786645106,0.7591924751560052,0.753354042852544,0.7567444200323389,0.7436801946930216
electricity-normalized,nswdemand,45312.0,0.3455,0.1693,0.0,1.0,0.426,0.4442,0.1635,-0.0922,-0.3897,0.1102,0.2263,0.3081,0.6683,0.2246,0.5011,0.3271,0.6608,8.2808,0.0,DecisionTree,0.7760719302913064,0.7758134655289504,0.7767127572071326,0.7752153851787605,0.7746572851889708,0.7755149546763315,0.7764043505732096,0.7731171211228843,0.7750731298951145
electricity-normalized,nswdemand,45312.0,0.3455,0.1693,0.0,1.0,0.426,0.4442,0.1635,-0.0922,-0.3897,0.1102,0.2263,0.3081,0.6683,0.2246,0.5011,0.3271,0.6608,8.2808,0.0,LogisticRegression,0.7489219594550152,0.7510334665356048,0.7531035483707378,0.7519583667537163,0.7519982576803164,0.7497528142813982,0.7500289359929064,0.748189671118678,0.7519724378621738
electricity-normalized,nswdemand,45312.0,0.3455,0.1693,0.0,1.0,0.426,0.4442,0.1635,-0.0922,-0.3897,0.1102,0.2263,0.3081,0.6683,0.2246,0.5011,0.3271,0.6608,8.2808,0.0,KNN,0.7768935726860539,0.7773072938008543,0.7774673407348693,0.7783275198493322,0.7773483934982727,0.7780014349199409,0.7770619843549383,0.7717053845591041,0.7780599635836511
electricity-normalized,nswdemand,45312.0,0.3455,0.1693,0.0,1.0,0.426,0.4442,0.1635,-0.0922,-0.3897,0.1102,0.2263,0.3081,0.6683,0.2246,0.5011,0.3271,0.6608,8.2808,0.0,RandomForest,0.8008482047583844,0.7980674306481158,0.8001044335848422,0.798789598246468,0.7990304788679932,0.7989974322691128,0.7974182362196551,0.7941917844987416,0.7990659277293103
electricity-normalized,nswdemand,45312.0,0.3455,0.1693,0.0,1.0,0.426,0.4442,0.1635,-0.0922,-0.3897,0.1102,0.2263,0.3081,0.6683,0.2246,0.5011,0.3271,0.6608,8.2808,0.0,AdaBoost,0.7582273584087055,0.7589322998214246,0.758894227909795,0.7593467449761687,0.758694581512385,0.7596269977151746,0.7586988739038396,0.7580787886279716,0.7591946858626497
electricity-normalized,nswdemand,45312.0,0.3455,0.1693,0.0,1.0,0.426,0.4442,0.1635,-0.0922,-0.3897,0.1102,0.2263,0.3081,0.6683,0.2246,0.5011,0.3271,0.6608,8.2808,0.0,SVC,0.758804823502468,0.7502554017400058,0.7590278924719015,0.7559502277462944,0.7614085613929539,0.7617749898715993,0.7566164594038278,0.7514105258455439,0.7567950441966166
electricity-normalized,nswdemand,45312.0,0.2995,0.159,0.0012,1.0,0.4256,0.4442,0.1631,-0.1036,-0.4076,0.1104,0.2269,0.306,0.6678,0.2238,0.5006,0.3258,0.6607,8.2856,0.0,DecisionTree,0.774791574655431,0.7751553790411206,0.7736875083883241,0.773664768878418,0.773690781286114,0.7759059129165952,0.7747789338448102,0.7743121359025271,0.7725557766988808
electricity-normalized,nswdemand,45312.0,0.2995,0.159,0.0012,1.0,0.4256,0.4442,0.1631,-0.1036,-0.4076,0.1104,0.2269,0.306,0.6678,0.2238,0.5006,0.3258,0.6607,8.2856,0.0,LogisticRegression,0.7500242820940336,0.7513907708256911,0.7516044935718554,0.7519085288810904,0.7514296082290101,0.7499316154087776,0.7502101121104963,0.7491415628863689,0.7521355485698261
electricity-normalized,nswdemand,45312.0,0.2995,0.159,0.0012,1.0,0.4256,0.4442,0.1631,-0.1036,-0.4076,0.1104,0.2269,0.306,0.6678,0.2238,0.5006,0.3258,0.6607,8.2856,0.0,KNN,0.7749149425190269,0.7747783661389838,0.7765877080325683,0.7753261356079801,0.7742831427610004,0.7755931979729155,0.7750992703728674,0.7749982716914876,0.7753419206431335
electricity-normalized,nswdemand,45312.0,0.2995,0.159,0.0012,1.0,0.4256,0.4442,0.1631,-0.1036,-0.4076,0.1104,0.2269,0.306,0.6678,0.2238,0.5006,0.3258,0.6607,8.2856,0.0,RandomForest,0.8001448343748314,0.7976526904702196,0.7994701272742493,0.7985900869702295,0.7989244998054852,0.7988404967100333,0.7973251967464343,0.795967924905923,0.7997829791377714
electricity-normalized,nswdemand,45312.0,0.2995,0.159,0.0012,1.0,0.4256,0.4442,0.1631,-0.1036,-0.4076,0.1104,0.2269,0.306,0.6678,0.2238,0.5006,0.3258,0.6607,8.2856,0.0,AdaBoost,0.7586372891326147,0.7599614633101166,0.758820939523704,0.7601072755974998,0.7604528195947164,0.7597919162602472,0.7597550038120104,0.7595916598337004,0.7600960614063843
electricity-normalized,nswdemand,45312.0,0.2995,0.159,0.0012,1.0,0.4256,0.4442,0.1631,-0.1036,-0.4076,0.1104,0.2269,0.306,0.6678,0.2238,0.5006,0.3258,0.6607,8.2856,0.0,SVC,0.758933479230492,0.761957815909485,0.7645347321921252,0.7570927916548214,0.763134337837605,0.7544427503011732,0.7612702088432497,0.758185590716496,0.7551336549182519
electricity-normalized,nswdemand,45312.0,0.248,0.1496,0.0,1.0,0.4256,0.4442,0.1635,-0.099,-0.4072,0.111,0.2272,0.304,0.6697,0.2258,0.5027,0.3285,0.6629,8.2954,0.0,DecisionTree,0.7768162436147135,0.7745102986423066,0.7748809147682868,0.7738424687994518,0.7741274709642167,0.7766314680072435,0.7768508937350809,0.7755231916197828,0.7765479401763162
electricity-normalized,nswdemand,45312.0,0.248,0.1496,0.0,1.0,0.4256,0.4442,0.1635,-0.099,-0.4072,0.111,0.2272,0.304,0.6697,0.2258,0.5027,0.3285,0.6629,8.2954,0.0,LogisticRegression,0.7492681069361743,0.7504117057460714,0.7521539014414083,0.7527259027611022,0.7518118296705995,0.7504809562028386,0.7499626291543725,0.749746316669721,0.7516679947868579
electricity-normalized,nswdemand,45312.0,0.248,0.1496,0.0,1.0,0.4256,0.4442,0.1635,-0.099,-0.4072,0.111,0.2272,0.304,0.6697,0.2258,0.5027,0.3285,0.6629,8.2954,0.0,KNN,0.7782634932451961,0.7767608001138467,0.777020177027596,0.777376109613958,0.7769628577130869,0.7757483963003777,0.7779283231227387,0.7754248720110886,0.7770169825740034
electricity-normalized,nswdemand,45312.0,0.248,0.1496,0.0,1.0,0.4256,0.4442,0.1635,-0.099,-0.4072,0.111,0.2272,0.304,0.6697,0.2258,0.5027,0.3285,0.6629,8.2954,0.0,RandomForest,0.8022107446263291,0.8011651761786103,0.8039798898008823,0.8029064237861039,0.802363380193192,0.8018170918529649,0.8000780920016536,0.7996130185182125,0.8032285388261969
electricity-normalized,nswdemand,45312.0,0.248,0.1496,0.0,1.0,0.4256,0.4442,0.1635,-0.099,-0.4072,0.111,0.2272,0.304,0.6697,0.2258,0.5027,0.3285,0.6629,8.2954,0.0,AdaBoost,0.7595504221289796,0.7605802943980402,0.7609667268564295,0.760598597023698,0.7607546012746147,0.7610381865722413,0.7599594846878969,0.7583939776052215,0.7609113322949609
electricity-normalized,nswdemand,45312.0,0.248,0.1496,0.0,1.0,0.4256,0.4442,0.1635,-0.099,-0.4072,0.111,0.2272,0.304,0.6697,0.2258,0.5027,0.3285,0.6629,8.2954,0.0,SVC,0.7579531704563194,0.7573244547507332,0.76403483477303,0.7568169682105981,0.7653526213102619,0.7635113379250499,0.7622551121246823,0.7566090560779853,0.7543406448017925
electricity-normalized,nswdemand,45312.0,0.2014,0.1418,0.0,1.0,0.4256,0.4439,0.163,-0.0973,-0.3988,0.1098,0.2263,0.3074,0.6687,0.2255,0.5008,0.3283,0.6606,8.2972,0.0,DecisionTree,0.7736935695888973,0.7765597090850646,0.7755906752067983,0.7749913970124782,0.7731648087836633,0.7752446416925932,0.7749452866800597,0.7735870141117519,0.7743338419169057
electricity-normalized,nswdemand,45312.0,0.2014,0.1418,0.0,1.0,0.4256,0.4439,0.163,-0.0973,-0.3988,0.1098,0.2263,0.3074,0.6687,0.2255,0.5008,0.3283,0.6606,8.2972,0.0,LogisticRegression,0.7502331105425226,0.7517496999296067,0.751985218388418,0.752684530760322,0.7522142302727524,0.751188904277438,0.7515292375265128,0.7508880219463295,0.7525556987708721
electricity-normalized,nswdemand,45312.0,0.2014,0.1418,0.0,1.0,0.4256,0.4439,0.163,-0.0973,-0.3988,0.1098,0.2263,0.3074,0.6687,0.2255,0.5008,0.3283,0.6606,8.2972,0.0,KNN,0.7790447302337357,0.7797431964322895,0.7800068201373536,0.7783990680197578,0.778357477731855,0.7796725150532224,0.7799886323247576,0.7776707512797343,0.7786904004576188
electricity-normalized,nswdemand,45312.0,0.2014,0.1418,0.0,1.0,0.4256,0.4439,0.163,-0.0973,-0.3988,0.1098,0.2263,0.3074,0.6687,0.2255,0.5008,0.3283,0.6606,8.2972,0.0,RandomForest,0.8031055571128382,0.8042962837753965,0.8031414743959897,0.8033394155776664,0.80346000251695,0.8048385079888023,0.8021391885725329,0.7993368719297196,0.8030600609571895
electricity-normalized,nswdemand,45312.0,0.2014,0.1418,0.0,1.0,0.4256,0.4439,0.163,-0.0973,-0.3988,0.1098,0.2263,0.3074,0.6687,0.2255,0.5008,0.3283,0.6606,8.2972,0.0,AdaBoost,0.7595377487595546,0.7608943092225782,0.76015290722252,0.761023958570395,0.7613118899798909,0.7623729750090509,0.7606420264172878,0.7596873778748323,0.7602426438121812
electricity-normalized,nswdemand,45312.0,0.2014,0.1418,0.0,1.0,0.4256,0.4439,0.163,-0.0973,-0.3988,0.1098,0.2263,0.3074,0.6687,0.2255,0.5008,0.3283,0.6606,8.2972,0.0,SVC,0.7515347919454141,0.7633020944147332,0.7596808292311497,0.7620927660234685,0.7627226049314881,0.755949848611689,0.7641708848159955,0.7632510673775744,0.7597933512623675
electricity-normalized,nswdemand,45312.0,0.1495,0.1344,0.0,1.0,0.4255,0.4436,0.1633,-0.0899,-0.4032,0.1107,0.2269,0.3071,0.6697,0.2258,0.5023,0.3287,0.6621,8.3051,0.0,DecisionTree,0.7748214590333362,0.7784209502746608,0.777871736516672,0.7770730258335756,0.7771010187915799,0.7773183965878652,0.7755906152551622,0.7750294417139907,0.7789799982833472
electricity-normalized,nswdemand,45312.0,0.1495,0.1344,0.0,1.0,0.4255,0.4436,0.1633,-0.0899,-0.4032,0.1107,0.2269,0.3071,0.6697,0.2258,0.5023,0.3287,0.6621,8.3051,0.0,LogisticRegression,0.7525553042560595,0.7533843770687341,0.7526587274574501,0.7533871810111816,0.753194105092551,0.7528364791983231,0.7530845716020909,0.7516671308636829,0.7534830742118417
electricity-normalized,nswdemand,45312.0,0.1495,0.1344,0.0,1.0,0.4255,0.4436,0.1633,-0.0899,-0.4032,0.1107,0.2269,0.3071,0.6697,0.2258,0.5023,0.3287,0.6621,8.3051,0.0,KNN,0.7788644392916065,0.7795252650785343,0.7804188716047233,0.7798012188742389,0.7789621521915601,0.7778877530413822,0.7798178387538697,0.7794368268125679,0.7794785063020899
electricity-normalized,nswdemand,45312.0,0.1495,0.1344,0.0,1.0,0.4255,0.4436,0.1633,-0.0899,-0.4032,0.1107,0.2269,0.3071,0.6697,0.2258,0.5023,0.3287,0.6621,8.3051,0.0,RandomForest,0.8052651154590558,0.8034594792135621,0.8059328908008004,0.8053882654644082,0.8040582142658848,0.8039801308978575,0.8039093050007442,0.8036781153245214,0.8041991892421034
electricity-normalized,nswdemand,45312.0,0.1495,0.1344,0.0,1.0,0.4255,0.4436,0.1633,-0.0899,-0.4032,0.1107,0.2269,0.3071,0.6697,0.2258,0.5023,0.3287,0.6621,8.3051,0.0,AdaBoost,0.7596747748161464,0.7614053780673014,0.7609773258222226,0.7614831393048678,0.7616158759494014,0.7611154350192892,0.7603528057850771,0.7597507231778435,0.7608381164347042
electricity-normalized,nswdemand,45312.0,0.1495,0.1344,0.0,1.0,0.4255,0.4436,0.1633,-0.0899,-0.4032,0.1107,0.2269,0.3071,0.6697,0.2258,0.5023,0.3287,0.6621,8.3051,0.0,SVC,0.7626701553237242,0.7635480748059753,0.7637430740969587,0.7653672212371482,0.7632696949210109,0.7645425619889973,0.7592617299655595,0.758112263152674,0.76406526270628
electricity-normalized,nswdemand,45312.0,0.1006,0.1275,0.0,1.0,0.4255,0.4436,0.1632,-0.0963,-0.4144,0.1106,0.2272,0.3014,0.667,0.2246,0.5001,0.327,0.6597,8.308,0.0,DecisionTree,0.7762091439351205,0.7762096892057962,0.7768758052421756,0.77607098734311,0.7764305361644701,0.779241874037148,0.7760376718134252,0.7754334272984844,0.7767083999954556
electricity-normalized,nswdemand,45312.0,0.1006,0.1275,0.0,1.0,0.4255,0.4436,0.1632,-0.0963,-0.4144,0.1106,0.2272,0.3014,0.667,0.2246,0.5001,0.327,0.6597,8.308,0.0,LogisticRegression,0.7527458861481102,0.7533978638537986,0.7540653827771191,0.7538693286047341,0.7537428784969917,0.7528583725768616,0.753149109736919,0.7530591368587776,0.753716496599463
electricity-normalized,nswdemand,45312.0,0.1006,0.1275,0.0,1.0,0.4255,0.4436,0.1632,-0.0963,-0.4144,0.1106,0.2272,0.3014,0.667,0.2246,0.5001,0.327,0.6597,8.308,0.0,KNN,0.7822452752207723,0.7822904751763374,0.7839921732753273,0.783651454510949,0.7822986762764764,0.7835143656211829,0.782749900806019,0.7826548704050446,0.7810577136898489
electricity-normalized,nswdemand,45312.0,0.1006,0.1275,0.0,1.0,0.4255,0.4436,0.1632,-0.0963,-0.4144,0.1106,0.2272,0.3014,0.667,0.2246,0.5001,0.327,0.6597,8.308,0.0,RandomForest,0.8064612055556803,0.8044062964662128,0.8058138440690104,0.805300018569953,0.8044566360789615,0.8052283091773413,0.8053412964610311,0.8045169254769932,0.8059372878926853
electricity-normalized,nswdemand,45312.0,0.1006,0.1275,0.0,1.0,0.4255,0.4436,0.1632,-0.0963,-0.4144,0.1106,0.2272,0.3014,0.667,0.2246,0.5001,0.327,0.6597,8.308,0.0,AdaBoost,0.7618482660867147,0.7618005605541981,0.7609609633385025,0.7614899046085749,0.7613142661296567,0.7618283591836719,0.7618695762581711,0.7599268427996266,0.7621202292200566
electricity-normalized,nswdemand,45312.0,0.1006,0.1275,0.0,1.0,0.4255,0.4436,0.1632,-0.0963,-0.4144,0.1106,0.2272,0.3014,0.667,0.2246,0.5001,0.327,0.6597,8.308,0.0,SVC,0.7586871801334024,0.7630392522302522,0.7627129241945012,0.7642151914834032,0.7664108237537405,0.7628978303563433,0.7580679908451957,0.7617305269020378,0.7650459795376734
electricity-normalized,nswdemand,45312.0,0.0485,0.1215,0.0,1.0,0.4253,0.4433,0.1632,-0.0947,-0.4091,0.1107,0.227,0.3043,0.6682,0.2246,0.5012,0.327,0.6611,8.3122,0.0,DecisionTree,0.7801685915618538,0.779441757915745,0.77994224749656,0.779755156924366,0.7796677795910976,0.7798684368524149,0.7808050208876622,0.7799637420284307,0.7796642825113609
electricity-normalized,nswdemand,45312.0,0.0485,0.1215,0.0,1.0,0.4253,0.4433,0.1632,-0.0947,-0.4091,0.1107,0.227,0.3043,0.6682,0.2246,0.5012,0.327,0.6611,8.3122,0.0,LogisticRegression,0.753351111197587,0.7538621008798474,0.7532723940375498,0.753476688550254,0.7534135094832562,0.7528901650616249,0.7536341485998714,0.7536074464903406,0.7533737607540865
electricity-normalized,nswdemand,45312.0,0.0485,0.1215,0.0,1.0,0.4253,0.4433,0.1632,-0.0947,-0.4091,0.1107,0.227,0.3043,0.6682,0.2246,0.5012,0.327,0.6611,8.3122,0.0,KNN,0.7847494984089908,0.7849008083437964,0.7849960230222531,0.7855997729365344,0.7840244921389337,0.7852573688624666,0.7857634225685235,0.7853522067169607,0.7856360284073994
electricity-normalized,nswdemand,45312.0,0.0485,0.1215,0.0,1.0,0.4253,0.4433,0.1632,-0.0947,-0.4091,0.1107,0.227,0.3043,0.6682,0.2246,0.5012,0.327,0.6611,8.3122,0.0,RandomForest,0.809374733313872,0.8089023812161537,0.8087729673388824,0.8076928558842408,0.8084129878131154,0.809363606531873,0.8088671722117501,0.8089308824033801,0.8096195912876627
electricity-normalized,nswdemand,45312.0,0.0485,0.1215,0.0,1.0,0.4253,0.4433,0.1632,-0.0947,-0.4091,0.1107,0.227,0.3043,0.6682,0.2246,0.5012,0.327,0.6611,8.3122,0.0,AdaBoost,0.7603908096458394,0.7607682297976655,0.7616674293319677,0.7612247361772875,0.7614511702959916,0.7610596773050676,0.7606732518923396,0.7601902918194556,0.7609566851216364
electricity-normalized,nswdemand,45312.0,0.0485,0.1215,0.0,1.0,0.4253,0.4433,0.1632,-0.0947,-0.4091,0.1107,0.227,0.3043,0.6682,0.2246,0.5012,0.327,0.6611,8.3122,0.0,SVC,0.7629897552288952,0.7656326643726563,0.7662239973559478,0.7662927559562824,0.7661843187012136,0.7668370147036954,0.7622270342854331,0.757367677737424,0.7624289478117157
electricity-normalized,vicdemand,45312.0,0.4997,0.1138,0.0,1.0,0.4226,0.4229,0.1208,0.1568,0.8923,0.0481,0.0966,0.3006,0.665,0.2734,0.4973,0.3765,0.6566,5.3796,0.0,DecisionTree,0.7699634193830138,0.7689295037576265,0.7688865681590724,0.769840605979874,0.7703622647902924,0.767733747952368,0.7703676442154863,0.766667338092586,0.7697066409789305
electricity-normalized,vicdemand,45312.0,0.4997,0.1138,0.0,1.0,0.4226,0.4229,0.1208,0.1568,0.8923,0.0481,0.0966,0.3006,0.665,0.2734,0.4973,0.3765,0.6566,5.3796,0.0,LogisticRegression,0.7545612946595829,0.7544148707151168,0.7535346990327534,0.7533744970048779,0.7536432606745085,0.7546595801558513,0.7545931230559496,0.7546307188294652,0.7534207051930534
electricity-normalized,vicdemand,45312.0,0.4997,0.1138,0.0,1.0,0.4226,0.4229,0.1208,0.1568,0.8923,0.0481,0.0966,0.3006,0.665,0.2734,0.4973,0.3765,0.6566,5.3796,0.0,KNN,0.7693726218281082,0.7698130723287203,0.7688364285456633,0.7705106449737521,0.7727136973531022,0.7693915406281815,0.7702940818252698,0.7657282405476948,0.7686281701242786
electricity-normalized,vicdemand,45312.0,0.4997,0.1138,0.0,1.0,0.4226,0.4229,0.1208,0.1568,0.8923,0.0481,0.0966,0.3006,0.665,0.2734,0.4973,0.3765,0.6566,5.3796,0.0,RandomForest,0.792315872897025,0.7854818696237336,0.786347491368275,0.7868937624744835,0.7888178606681424,0.7854131733288354,0.7875412960384955,0.7865458335977481,0.7856593162025546
electricity-normalized,vicdemand,45312.0,0.4997,0.1138,0.0,1.0,0.4226,0.4229,0.1208,0.1568,0.8923,0.0481,0.0966,0.3006,0.665,0.2734,0.4973,0.3765,0.6566,5.3796,0.0,AdaBoost,0.7575086243215354,0.7564142597043202,0.7566195407240024,0.7563338956415433,0.7574778003063548,0.755984455903055,0.7578307215432477,0.75714643263106,0.7550823331163561
electricity-normalized,vicdemand,45312.0,0.4997,0.1138,0.0,1.0,0.4226,0.4229,0.1208,0.1568,0.8923,0.0481,0.0966,0.3006,0.665,0.2734,0.4973,0.3765,0.6566,5.3796,0.0,SVC,0.7576452497137729,0.7538662340980615,0.7522798200536163,0.7536950101266953,0.7601574852000668,0.7496791136912176,0.7552433151180361,0.7551130705472208,0.7594542617456164
electricity-normalized,vicdemand,45312.0,0.4465,0.1056,0.0,0.9894,0.4227,0.4229,0.1207,0.1542,0.9382,0.0484,0.0966,0.3089,0.6665,0.2749,0.5015,0.3787,0.6613,5.3672,0.0,DecisionTree,0.7712190394378018,0.7725694942431469,0.7712147295030352,0.7710423646441085,0.7721556132119565,0.772311150108707,0.7711951432726063,0.769029709356578,0.7704131437131709
electricity-normalized,vicdemand,45312.0,0.4465,0.1056,0.0,0.9894,0.4227,0.4229,0.1207,0.1542,0.9382,0.0484,0.0966,0.3089,0.6665,0.2749,0.5015,0.3787,0.6613,5.3672,0.0,LogisticRegression,0.75475142155068,0.7543789492011936,0.7537509876235098,0.7537972164044876,0.7538809901683612,0.7546330656327205,0.7546159912508981,0.7546212070567371,0.7536988750621588
electricity-normalized,vicdemand,45312.0,0.4465,0.1056,0.0,0.9894,0.4227,0.4229,0.1207,0.1542,0.9382,0.0484,0.0966,0.3089,0.6665,0.2749,0.5015,0.3787,0.6613,5.3672,0.0,KNN,0.7704401733335035,0.7716413010021905,0.7704982213727288,0.770099487544283,0.7694968985411237,0.7704359333627853,0.7712661587116574,0.7632772711617952,0.7693132416750733
electricity-normalized,vicdemand,45312.0,0.4465,0.1056,0.0,0.9894,0.4227,0.4229,0.1207,0.1542,0.9382,0.0484,0.0966,0.3089,0.6665,0.2749,0.5015,0.3787,0.6613,5.3672,0.0,RandomForest,0.791881016056305,0.7866216041793346,0.7901083906501231,0.7880560167047308,0.7898237880540916,0.7880103550859539,0.7901883978858846,0.7866249370959607,0.788861689448955
electricity-normalized,vicdemand,45312.0,0.4465,0.1056,0.0,0.9894,0.4227,0.4229,0.1207,0.1542,0.9382,0.0484,0.0966,0.3089,0.6665,0.2749,0.5015,0.3787,0.6613,5.3672,0.0,AdaBoost,0.757751577422715,0.7576458238483595,0.7569463092979724,0.7573612374034633,0.7576451087693057,0.7567016449258375,0.7587396650250207,0.7578020211679353,0.7565860508976656
electricity-normalized,vicdemand,45312.0,0.4465,0.1056,0.0,0.9894,0.4227,0.4229,0.1207,0.1542,0.9382,0.0484,0.0966,0.3089,0.6665,0.2749,0.5015,0.3787,0.6613,5.3672,0.0,SVC,0.7582020933254713,0.7477852663287261,0.75360729872512,0.7615540413599385,0.7606970427992436,0.7604265861086678,0.7516741139913535,0.7543232153714282,0.7584222831591708
electricity-normalized,vicdemand,45312.0,0.4014,0.0982,0.0241,0.9912,0.4232,0.4229,0.1207,0.1685,0.8913,0.048,0.0961,0.3076,0.6695,0.2709,0.5017,0.3733,0.6617,5.4004,0.0,DecisionTree,0.7714293448539346,0.7715615684249948,0.7723024435430597,0.7718923035707941,0.7728710530977917,0.772018491213075,0.774051116488075,0.7706671523210391,0.7737627190941399
electricity-normalized,vicdemand,45312.0,0.4014,0.0982,0.0241,0.9912,0.4232,0.4229,0.1207,0.1685,0.8913,0.048,0.0961,0.3076,0.6695,0.2709,0.5017,0.3733,0.6617,5.4004,0.0,LogisticRegression,0.7545810337897549,0.7545180087731627,0.7537195748950439,0.7537769635396003,0.7539614011294883,0.7543770957702434,0.7547398043299642,0.7546735639240971,0.7537622380763389
electricity-normalized,vicdemand,45312.0,0.4014,0.0982,0.0241,0.9912,0.4232,0.4229,0.1207,0.1685,0.8913,0.048,0.0961,0.3076,0.6695,0.2709,0.5017,0.3733,0.6617,5.4004,0.0,KNN,0.7732182865772602,0.7718817556591016,0.7756480133282478,0.7722987000024746,0.7720099903331457,0.7706298847760331,0.7708793056228531,0.769008108325453,0.7705267201831513
electricity-normalized,vicdemand,45312.0,0.4014,0.0982,0.0241,0.9912,0.4232,0.4229,0.1207,0.1685,0.8913,0.048,0.0961,0.3076,0.6695,0.2709,0.5017,0.3733,0.6617,5.4004,0.0,RandomForest,0.7927351756027317,0.7880647559076592,0.7911236834083459,0.7879985284663086,0.7894314654220781,0.7863746667929923,0.7900124403230975,0.7893507493688713,0.7878134515094152
electricity-normalized,vicdemand,45312.0,0.4014,0.0982,0.0241,0.9912,0.4232,0.4229,0.1207,0.1685,0.8913,0.048,0.0961,0.3076,0.6695,0.2709,0.5017,0.3733,0.6617,5.4004,0.0,AdaBoost,0.7585991910765866,0.7567999748703176,0.7570134974435413,0.7569196158178219,0.7564416176811652,0.7560182646649636,0.7585415783478799,0.757462405794742,0.7569029306886134
electricity-normalized,vicdemand,45312.0,0.4014,0.0982,0.0241,0.9912,0.4232,0.4229,0.1207,0.1685,0.8913,0.048,0.0961,0.3076,0.6695,0.2709,0.5017,0.3733,0.6617,5.4004,0.0,SVC,0.7622162087623409,0.7548364265383792,0.7603823837637946,0.7528704173063355,0.7579583552861164,0.7493493130845228,0.7601107210249017,0.7597464293899556,0.7596005238161161
electricity-normalized,vicdemand,45312.0,0.3489,0.0911,0.0,1.0,0.4225,0.4229,0.1212,0.156,0.905,0.0482,0.0966,0.3117,0.6712,0.2777,0.5045,0.3831,0.6641,5.3874,0.0,DecisionTree,0.7720798168239263,0.7730831382610235,0.772989675525493,0.7729112143990063,0.7739642341723201,0.7730824925938653,0.771689126145392,0.7699913015277522,0.7737707714264763
electricity-normalized,vicdemand,45312.0,0.3489,0.0911,0.0,1.0,0.4225,0.4229,0.1212,0.156,0.905,0.0482,0.0966,0.3117,0.6712,0.2777,0.5045,0.3831,0.6641,5.3874,0.0,LogisticRegression,0.754581535682568,0.754391400974797,0.7532377325696833,0.7536581092013762,0.7535893526982125,0.7544461434086364,0.7545440409221781,0.7547777575950717,0.7534964669288617
electricity-normalized,vicdemand,45312.0,0.3489,0.0911,0.0,1.0,0.4225,0.4229,0.1212,0.156,0.905,0.0482,0.0966,0.3117,0.6712,0.2777,0.5045,0.3831,0.6641,5.3874,0.0,KNN,0.7703949213392111,0.772483584547275,0.7736796674091012,0.7718941121724773,0.774791523614915,0.7722676470864579,0.7716844510585743,0.7705085914599554,0.7737233885709409
electricity-normalized,vicdemand,45312.0,0.3489,0.0911,0.0,1.0,0.4225,0.4229,0.1212,0.156,0.905,0.0482,0.0966,0.3117,0.6712,0.2777,0.5045,0.3831,0.6641,5.3874,0.0,RandomForest,0.794688441464709,0.7917706152541393,0.7943959198109355,0.7909271292162479,0.7912255454077227,0.7899252364704819,0.7912290752921023,0.7907615975483722,0.789953127851719
electricity-normalized,vicdemand,45312.0,0.3489,0.0911,0.0,1.0,0.4225,0.4229,0.1212,0.156,0.905,0.0482,0.0966,0.3117,0.6712,0.2777,0.5045,0.3831,0.6641,5.3874,0.0,AdaBoost,0.758209232205475,0.7581426051524212,0.7571176108940026,0.7569900035716439,0.7576642662461528,0.7568889781754344,0.7586677428209967,0.7579517948231678,0.7567048658438991
electricity-normalized,vicdemand,45312.0,0.3489,0.0911,0.0,1.0,0.4225,0.4229,0.1212,0.156,0.905,0.0482,0.0966,0.3117,0.6712,0.2777,0.5045,0.3831,0.6641,5.3874,0.0,SVC,0.7612143334546453,0.7519717889603512,0.759939019214582,0.7619064875709833,0.7556190304932109,0.7603351514806288,0.7576606368896943,0.7584817999860796,0.756408064033366
electricity-normalized,vicdemand,45312.0,0.3006,0.0854,0.0,1.0,0.4221,0.4229,0.1204,0.1439,0.8974,0.0486,0.0968,0.3074,0.6682,0.2754,0.5,0.3803,0.6598,5.4058,0.0,DecisionTree,0.7753380161515182,0.777069058978813,0.7749899617675229,0.7735446882320474,0.7734440237189771,0.7732301686837875,0.7725799336667681,0.7717559442352684,0.7740070780671402
electricity-normalized,vicdemand,45312.0,0.3006,0.0854,0.0,1.0,0.4221,0.4229,0.1204,0.1439,0.8974,0.0486,0.0968,0.3074,0.6682,0.2754,0.5,0.3803,0.6598,5.4058,0.0,LogisticRegression,0.7544116865318988,0.7542211283272988,0.7535117806542333,0.7534274455115817,0.7534511309182564,0.7539989144387951,0.7544720957427686,0.7544692993871902,0.7533614005680547
electricity-normalized,vicdemand,45312.0,0.3006,0.0854,0.0,1.0,0.4221,0.4229,0.1204,0.1439,0.8974,0.0486,0.0968,0.3074,0.6682,0.2754,0.5,0.3803,0.6598,5.4058,0.0,KNN,0.7736291342180662,0.775088358975492,0.773606704437503,0.7750824633005888,0.7747197654639915,0.7728559999001826,0.774557617596065,0.7699876379711185,0.7736589996833062
electricity-normalized,vicdemand,45312.0,0.3006,0.0854,0.0,1.0,0.4221,0.4229,0.1204,0.1439,0.8974,0.0486,0.0968,0.3074,0.6682,0.2754,0.5,0.3803,0.6598,5.4058,0.0,RandomForest,0.7977122206061474,0.7936756988253264,0.7955021385030041,0.7946976594039409,0.7942671760288617,0.7930453684639113,0.7953181014437449,0.7929094306691612,0.7949702036550783
electricity-normalized,vicdemand,45312.0,0.3006,0.0854,0.0,1.0,0.4221,0.4229,0.1204,0.1439,0.8974,0.0486,0.0968,0.3074,0.6682,0.2754,0.5,0.3803,0.6598,5.4058,0.0,AdaBoost,0.7597085327602688,0.7582584209049955,0.7579096593388239,0.7575592503867932,0.7584193415189872,0.7572962716959172,0.7600475440412737,0.7601095602914245,0.7581431008946773
electricity-normalized,vicdemand,45312.0,0.3006,0.0854,0.0,1.0,0.4221,0.4229,0.1204,0.1439,0.8974,0.0486,0.0968,0.3074,0.6682,0.2754,0.5,0.3803,0.6598,5.4058,0.0,SVC,0.761408233997363,0.7556636011834204,0.7593326447552354,0.7607112186878718,0.7615565288372385,0.759656353843746,0.7453021342368303,0.7539379883630186,0.7620537936651302
electricity-normalized,vicdemand,45312.0,0.2463,0.0801,0.0,1.0,0.4227,0.4229,0.1205,0.151,0.9139,0.0482,0.0964,0.3071,0.6689,0.274,0.5009,0.3779,0.6606,5.4074,0.0,DecisionTree,0.7740178258860274,0.7738097589446395,0.7746815377827823,0.7752893654942186,0.7752094026973917,0.773314194180506,0.7763243345298391,0.7718001040721799,0.7754357747531953
electricity-normalized,vicdemand,45312.0,0.2463,0.0801,0.0,1.0,0.4227,0.4229,0.1205,0.151,0.9139,0.0482,0.0964,0.3071,0.6689,0.274,0.5009,0.3779,0.6606,5.4074,0.0,LogisticRegression,0.7547201628947899,0.7544856199970305,0.7539852455546545,0.7539795173315326,0.7539590967513772,0.7543594350473829,0.7546853761808259,0.7546508203800473,0.753956377219042
electricity-normalized,vicdemand,45312.0,0.2463,0.0801,0.0,1.0,0.4227,0.4229,0.1205,0.151,0.9139,0.0482,0.0964,0.3071,0.6689,0.274,0.5009,0.3779,0.6606,5.4074,0.0,KNN,0.7768967483631164,0.7766215681694908,0.7759593665042672,0.7763594752810898,0.7764055540538666,0.7732137497862192,0.7763036895914941,0.7732942548334094,0.7756698056761306
electricity-normalized,vicdemand,45312.0,0.2463,0.0801,0.0,1.0,0.4227,0.4229,0.1205,0.151,0.9139,0.0482,0.0964,0.3071,0.6689,0.274,0.5009,0.3779,0.6606,5.4074,0.0,RandomForest,0.7988507552362583,0.7974656791832967,0.7965408727195756,0.7970151604162335,0.796448927445957,0.7948392872253459,0.7981364992384821,0.795649036391929,0.7968891374437838
electricity-normalized,vicdemand,45312.0,0.2463,0.0801,0.0,1.0,0.4227,0.4229,0.1205,0.151,0.9139,0.0482,0.0964,0.3071,0.6689,0.274,0.5009,0.3779,0.6606,5.4074,0.0,AdaBoost,0.759480483646878,0.758165054425976,0.7586475640114249,0.758757754913411,0.757774921353788,0.7578250320304962,0.7603042635721863,0.7580596473311894,0.7579303731964618
electricity-normalized,vicdemand,45312.0,0.2463,0.0801,0.0,1.0,0.4227,0.4229,0.1205,0.151,0.9139,0.0482,0.0964,0.3071,0.6689,0.274,0.5009,0.3779,0.6606,5.4074,0.0,SVC,0.758335434139119,0.757847417882549,0.7624592353921793,0.7618285875842622,0.7478859199060677,0.7598989826780641,0.7578380938172999,0.7611270694191656,0.7591083953121766
electricity-normalized,vicdemand,45312.0,0.2015,0.0765,0.0,1.0,0.4228,0.4229,0.1207,0.1602,0.9336,0.0484,0.0968,0.3033,0.6686,0.2715,0.5017,0.3745,0.6613,5.3976,0.0,DecisionTree,0.7750791207870581,0.7777427883450647,0.7770318113720189,0.7769428915884145,0.7770209706526094,0.7757622170478501,0.7759388847174009,0.7736782423218251,0.7766287599414402
electricity-normalized,vicdemand,45312.0,0.2015,0.0765,0.0,1.0,0.4228,0.4229,0.1207,0.1602,0.9336,0.0484,0.0968,0.3033,0.6686,0.2715,0.5017,0.3745,0.6613,5.3976,0.0,LogisticRegression,0.7544833340233762,0.7544371032818205,0.7536505405920684,0.7536851170059536,0.7537369365592974,0.7542439721329794,0.7545437505703619,0.7544544630000806,0.7535813709128507
electricity-normalized,vicdemand,45312.0,0.2015,0.0765,0.0,1.0,0.4228,0.4229,0.1207,0.1602,0.9336,0.0484,0.0968,0.3033,0.6686,0.2715,0.5017,0.3745,0.6613,5.3976,0.0,KNN,0.7774007624179808,0.7780189391122043,0.7774378412613272,0.7771354867029093,0.7771478372838101,0.7756081786838162,0.7775382187889908,0.7764218118224497,0.7776282768369616
electricity-normalized,vicdemand,45312.0,0.2015,0.0765,0.0,1.0,0.4228,0.4229,0.1207,0.1602,0.9336,0.0484,0.0968,0.3033,0.6686,0.2715,0.5017,0.3745,0.6613,5.3976,0.0,RandomForest,0.8010838712633546,0.79928590520722,0.8006742185756899,0.7978602878223549,0.7993472402799532,0.7974089589765292,0.7992958450319169,0.7991448059762358,0.7977701165457329
electricity-normalized,vicdemand,45312.0,0.2015,0.0765,0.0,1.0,0.4228,0.4229,0.1207,0.1602,0.9336,0.0484,0.0968,0.3033,0.6686,0.2715,0.5017,0.3745,0.6613,5.3976,0.0,AdaBoost,0.7598979969347865,0.7586188329960731,0.7584808797432518,0.7582633521604465,0.7601520990612948,0.7581267895306847,0.7600894005352071,0.7591571950745464,0.7580386648538475
electricity-normalized,vicdemand,45312.0,0.2015,0.0765,0.0,1.0,0.4228,0.4229,0.1207,0.1602,0.9336,0.0484,0.0968,0.3033,0.6686,0.2715,0.5017,0.3745,0.6613,5.3976,0.0,SVC,0.7617891783228998,0.7601969313868393,0.7637149484103525,0.7593727761584101,0.757407153456783,0.7599715827527085,0.7544417137178591,0.7582331590107754,0.7561370120668417
electricity-normalized,vicdemand,45312.0,0.1529,0.0726,0.0241,1.0,0.4235,0.4229,0.1207,0.1597,0.9127,0.0482,0.0965,0.3041,0.6695,0.2691,0.5023,0.3712,0.6624,5.4036,0.0,DecisionTree,0.7776747883711775,0.7785781920301182,0.7779199939176631,0.7789986610621065,0.7798667215216609,0.7780979562943908,0.7774016534505378,0.7751261276713522,0.779038016289233
electricity-normalized,vicdemand,45312.0,0.1529,0.0726,0.0241,1.0,0.4235,0.4229,0.1207,0.1597,0.9127,0.0482,0.0965,0.3041,0.6695,0.2691,0.5023,0.3712,0.6624,5.4036,0.0,LogisticRegression,0.7545877577194127,0.7545179571161232,0.7539444501021441,0.7540394215757776,0.7539472312494525,0.7543711270228874,0.7544926476904201,0.754567450920227,0.7539497841466934
electricity-normalized,vicdemand,45312.0,0.1529,0.0726,0.0241,1.0,0.4235,0.4229,0.1207,0.1597,0.9127,0.0482,0.0965,0.3041,0.6695,0.2691,0.5023,0.3712,0.6624,5.4036,0.0,KNN,0.7802534142364584,0.77941771288613,0.781671194444696,0.7785939669370173,0.7801135965125522,0.7785658393853041,0.7811484674631084,0.7777454854525013,0.7795432268938205
electricity-normalized,vicdemand,45312.0,0.1529,0.0726,0.0241,1.0,0.4235,0.4229,0.1207,0.1597,0.9127,0.0482,0.0965,0.3041,0.6695,0.2691,0.5023,0.3712,0.6624,5.4036,0.0,RandomForest,0.8049383884477608,0.8015533876037401,0.8029635309239234,0.8024928755916729,0.8017245025263638,0.8011573916752682,0.8030130588275638,0.8010143766783012,0.8027997361780597
electricity-normalized,vicdemand,45312.0,0.1529,0.0726,0.0241,1.0,0.4235,0.4229,0.1207,0.1597,0.9127,0.0482,0.0965,0.3041,0.6695,0.2691,0.5023,0.3712,0.6624,5.4036,0.0,AdaBoost,0.7605571737488903,0.7590799295406583,0.760987008458078,0.7600196832581695,0.7598200048628484,0.7590100910669565,0.760345649722951,0.7589531049121435,0.7589246807081075
electricity-normalized,vicdemand,45312.0,0.1529,0.0726,0.0241,1.0,0.4235,0.4229,0.1207,0.1597,0.9127,0.0482,0.0965,0.3041,0.6695,0.2691,0.5023,0.3712,0.6624,5.4036,0.0,SVC,0.7624726087514259,0.7645252697000728,0.7629933025222917,0.764991611876207,0.7661032728375365,0.7624505992222578,0.761995624994132,0.7582206965096965,0.7616606626130479
electricity-normalized,vicdemand,45312.0,0.1031,0.0691,0.0,1.0,0.423,0.4229,0.121,0.1584,0.9074,0.0487,0.0973,0.3082,0.6685,0.2741,0.5012,0.378,0.661,5.4129,0.0,DecisionTree,0.7784718704107055,0.7781763753788349,0.7777684817716436,0.7762250034158047,0.7783794911981194,0.7765943697754246,0.7776864233282039,0.776802894296765,0.7795835010943746
electricity-normalized,vicdemand,45312.0,0.1031,0.0691,0.0,1.0,0.423,0.4229,0.121,0.1584,0.9074,0.0487,0.0973,0.3082,0.6685,0.2741,0.5012,0.378,0.661,5.4129,0.0,LogisticRegression,0.7543938397164125,0.7543710588270681,0.7540334355812182,0.7538287468004542,0.7538807356657081,0.7543450808907265,0.7543651316620082,0.7541808029680225,0.7539412508518413
electricity-normalized,vicdemand,45312.0,0.1031,0.0691,0.0,1.0,0.423,0.4229,0.121,0.1584,0.9074,0.0487,0.0973,0.3082,0.6685,0.2741,0.5012,0.378,0.661,5.4129,0.0,KNN,0.782119075659525,0.7825553956592302,0.7825977846964596,0.7818112768475193,0.7818513537681384,0.7816886133307126,0.783387542658303,0.7813216427445544,0.7819923180156831
electricity-normalized,vicdemand,45312.0,0.1031,0.0691,0.0,1.0,0.423,0.4229,0.121,0.1584,0.9074,0.0487,0.0973,0.3082,0.6685,0.2741,0.5012,0.378,0.661,5.4129,0.0,RandomForest,0.8059828538738111,0.8050333802316806,0.804927133556315,0.8041361897132671,0.8036995332040358,0.8038385673324354,0.8049834526774369,0.8032315208479062,0.8044139655254884
electricity-normalized,vicdemand,45312.0,0.1031,0.0691,0.0,1.0,0.423,0.4229,0.121,0.1584,0.9074,0.0487,0.0973,0.3082,0.6685,0.2741,0.5012,0.378,0.661,5.4129,0.0,AdaBoost,0.7609790024840516,0.7587308696471108,0.7605155755935269,0.7593340656316407,0.7595190277186594,0.7583603195075581,0.7598836667994269,0.7610547345595604,0.7599416889997347
electricity-normalized,vicdemand,45312.0,0.1031,0.0691,0.0,1.0,0.423,0.4229,0.121,0.1584,0.9074,0.0487,0.0973,0.3082,0.6685,0.2741,0.5012,0.378,0.661,5.4129,0.0,SVC,0.7600755112227603,0.7563169193129001,0.7594968180892255,0.7611037867392256,0.7636202982062043,0.7619707556161236,0.7640855386963106,0.754149938508851,0.7604653476552341
electricity-normalized,vicdemand,45312.0,0.0502,0.0658,0.0,1.0,0.423,0.4229,0.1208,0.157,0.9135,0.0485,0.0968,0.3072,0.6684,0.2736,0.5014,0.3773,0.6613,5.413,0.0,DecisionTree,0.7783887903024836,0.779633645011528,0.7803476865240604,0.7790906441094851,0.7799361585105725,0.7812408442079046,0.7798575787272439,0.7791328397804477,0.7810376476503533
electricity-normalized,vicdemand,45312.0,0.0502,0.0658,0.0,1.0,0.423,0.4229,0.1208,0.157,0.9135,0.0485,0.0968,0.3072,0.6684,0.2736,0.5014,0.3773,0.6613,5.413,0.0,LogisticRegression,0.7541315806313363,0.7540566889210232,0.7538576653274061,0.7539094236973689,0.7538574731338329,0.7539757652987291,0.7540160744827209,0.7540883517387894,0.7538517600598456
electricity-normalized,vicdemand,45312.0,0.0502,0.0658,0.0,1.0,0.423,0.4229,0.1208,0.157,0.9135,0.0485,0.0968,0.3072,0.6684,0.2736,0.5014,0.3773,0.6613,5.413,0.0,KNN,0.7848910196655832,0.7852828597642592,0.7851231226276505,0.7849129407294485,0.7854290116296518,0.7849263310228713,0.7849189926210158,0.7841221514442471,0.7847742692946413
electricity-normalized,vicdemand,45312.0,0.0502,0.0658,0.0,1.0,0.423,0.4229,0.1208,0.157,0.9135,0.0485,0.0968,0.3072,0.6684,0.2736,0.5014,0.3773,0.6613,5.413,0.0,RandomForest,0.8085611045045829,0.8086859434462752,0.8080544172348423,0.8088704660997884,0.8075626493094873,0.8076768408189186,0.8086398285979224,0.8078094427034109,0.808282543428414
electricity-normalized,vicdemand,45312.0,0.0502,0.0658,0.0,1.0,0.423,0.4229,0.1208,0.157,0.9135,0.0485,0.0968,0.3072,0.6684,0.2736,0.5014,0.3773,0.6613,5.413,0.0,AdaBoost,0.761769727047294,0.7604210642933548,0.7607746094430065,0.7612611597171914,0.7614073229222904,0.760303791834409,0.7620333697360894,0.760383557364435,0.7601329706242426
electricity-normalized,vicdemand,45312.0,0.0502,0.0658,0.0,1.0,0.423,0.4229,0.1208,0.157,0.9135,0.0485,0.0968,0.3072,0.6684,0.2736,0.5014,0.3773,0.6613,5.413,0.0,SVC,0.7638697594636902,0.7633573025194135,0.7651119356106922,0.7582104511059871,0.7610542541818788,0.7604787716275885,0.75475235210679,0.7598020638193212,0.7607329593557863
german,Age,1000.0,0.517,0.1077,19.0,75.0,35.3023,33.0,11.2366,1.0764,0.8736,7.0,15.0,0.0057,0.0933,0.0062,0.0578,0.007,0.0828,3.623,0.0336,DecisionTree,0.6602468683133789,0.6498088292059301,0.6600678597593843,0.6406224862572892,0.6540504844847365,0.6445123201047447,0.6398060453660873,0.6531059718500567,0.653607267211204
german,Age,1000.0,0.517,0.1077,19.0,75.0,35.3023,33.0,11.2366,1.0764,0.8736,7.0,15.0,0.0057,0.0933,0.0062,0.0578,0.007,0.0828,3.623,0.0336,LogisticRegression,0.6515378065122389,0.6455248833051008,0.6469891500914012,0.6492850694930284,0.6529523288082564,0.6479884532649544,0.6472131644707046,0.6432093571646255,0.6482445926700046
german,Age,1000.0,0.517,0.1077,19.0,75.0,35.3023,33.0,11.2366,1.0764,0.8736,7.0,15.0,0.0057,0.0933,0.0062,0.0578,0.007,0.0828,3.623,0.0336,KNN,0.6412501121060559,0.6474235063797651,0.6563336581894339,0.6609516477150628,0.6523679060766866,0.6482038252359978,0.6578218449338284,0.6297393087540955,0.6534623452710852
german,Age,1000.0,0.517,0.1077,19.0,75.0,35.3023,33.0,11.2366,1.0764,0.8736,7.0,15.0,0.0057,0.0933,0.0062,0.0578,0.007,0.0828,3.623,0.0336,RandomForest,0.6562221747094352,0.6652417436075466,0.673666960838335,0.6612907931251624,0.6720167387302716,0.6651161064084568,0.6632934589921896,0.6628371867048979,0.6645313211540372
german,Age,1000.0,0.517,0.1077,19.0,75.0,35.3023,33.0,11.2366,1.0764,0.8736,7.0,15.0,0.0057,0.0933,0.0062,0.0578,0.007,0.0828,3.623,0.0336,AdaBoost,0.6579263628535024,0.6580837453577443,0.651458669155125,0.6656170736065695,0.6556954071093241,0.6559944623124676,0.6634879880221254,0.6487827864418937,0.6563329732862843
german,Age,1000.0,0.517,0.1077,19.0,75.0,35.3023,33.0,11.2366,1.0764,0.8736,7.0,15.0,0.0057,0.0933,0.0062,0.0578,0.007,0.0828,3.623,0.0336,SVC,0.5866071804226658,0.5866071804226658,0.5866071804226658,0.5866071804226658,0.5866071804226658,0.5866071804226658,0.5866071804226658,0.5866071804226658,0.5866071804226658
german,Age,1000.0,0.482,0.0965,20.0,74.0,35.8108,34.0,11.2385,0.9484,0.4324,7.0,15.0,0.0668,0.0678,0.0433,0.0522,0.0633,0.0752,3.6375,0.033,DecisionTree,0.6637170838169184,0.6597795630366543,0.6583255555246783,0.6699220968525786,0.6676287150783718,0.6763241902590343,0.6689985448756858,0.661814492636065,0.6581361307891511
german,Age,1000.0,0.482,0.0965,20.0,74.0,35.8108,34.0,11.2385,0.9484,0.4324,7.0,15.0,0.0668,0.0678,0.0433,0.0522,0.0633,0.0752,3.6375,0.033,LogisticRegression,0.6422090681091247,0.6374456981987418,0.6473415144917256,0.6436424423047669,0.6411787061796362,0.6419529124492291,0.6418901973391261,0.6478423174669407,0.6424779467950033
german,Age,1000.0,0.482,0.0965,20.0,74.0,35.8108,34.0,11.2385,0.9484,0.4324,7.0,15.0,0.0668,0.0678,0.0433,0.0522,0.0633,0.0752,3.6375,0.033,KNN,0.6573550124145813,0.6541429415180103,0.6540937990974371,0.6646601034596246,0.6860397090477284,0.6640254073236276,0.6629157179186387,0.6644060707387509,0.6504021094507979
german,Age,1000.0,0.482,0.0965,20.0,74.0,35.8108,34.0,11.2385,0.9484,0.4324,7.0,15.0,0.0668,0.0678,0.0433,0.0522,0.0633,0.0752,3.6375,0.033,RandomForest,0.6848142848061981,0.6669316561973205,0.6733276800044005,0.6905323378283316,0.7022040101207698,0.681807303888756,0.6736341062617249,0.686667222077642,0.6665816468919018
german,Age,1000.0,0.482,0.0965,20.0,74.0,35.8108,34.0,11.2385,0.9484,0.4324,7.0,15.0,0.0668,0.0678,0.0433,0.0522,0.0633,0.0752,3.6375,0.033,AdaBoost,0.6462085004797821,0.6497370644155381,0.6529169814170681,0.6466075309530938,0.6411102074910666,0.6530096084858205,0.6551336871560953,0.6553167008397377,0.6502535290555739
german,Age,1000.0,0.482,0.0965,20.0,74.0,35.8108,34.0,11.2385,0.9484,0.4324,7.0,15.0,0.0668,0.0678,0.0433,0.0522,0.0633,0.0752,3.6375,0.033,SVC,0.5866071804226658,0.5866071804226658,0.5866071804226658,0.5866071804226658,0.5866071804226658,0.5866071804226658,0.5866071804226658,0.5866071804226658,0.5866071804226658
german,Age,1000.0,0.38,0.0855,19.0,75.0,36.0323,34.0,11.4614,1.0079,0.5643,7.0,15.0,0.0417,0.0594,0.0251,0.04,0.0382,0.0559,3.6644,0.0271,DecisionTree,0.6575951011719973,0.6585135595589954,0.6502625703833808,0.6601427753524775,0.6581253125699886,0.6487778383830367,0.6591027456191769,0.6677184290870931,0.6543597006464249
german,Age,1000.0,0.38,0.0855,19.0,75.0,36.0323,34.0,11.4614,1.0079,0.5643,7.0,15.0,0.0417,0.0594,0.0251,0.04,0.0382,0.0559,3.6644,0.0271,LogisticRegression,0.6467130453023195,0.6433444202960712,0.6436391846830853,0.6471500994968156,0.6448534459355153,0.6469453856333044,0.6420618648350553,0.6498040205985379,0.6411404772709698
german,Age,1000.0,0.38,0.0855,19.0,75.0,36.0323,34.0,11.4614,1.0079,0.5643,7.0,15.0,0.0417,0.0594,0.0251,0.04,0.0382,0.0559,3.6644,0.0271,KNN,0.6654583462151125,0.6620370576049484,0.65743547755039,0.6613975907628769,0.6669043815740497,0.6545207623428438,0.6641728256782152,0.6558370447107753,0.6607996082699437
german,Age,1000.0,0.38,0.0855,19.0,75.0,36.0323,34.0,11.4614,1.0079,0.5643,7.0,15.0,0.0417,0.0594,0.0251,0.04,0.0382,0.0559,3.6644,0.0271,RandomForest,0.6755035991293845,0.6668238669187938,0.684370385680175,0.6742779671592902,0.6786924310444047,0.6757088841007062,0.6814793860704926,0.664956643293853,0.6723419258879462
german,Age,1000.0,0.38,0.0855,19.0,75.0,36.0323,34.0,11.4614,1.0079,0.5643,7.0,15.0,0.0417,0.0594,0.0251,0.04,0.0382,0.0559,3.6644,0.0271,AdaBoost,0.6569800093422279,0.6531362242420292,0.6445773045925655,0.65174278989376,0.6480938906609774,0.6590456466412034,0.6628326409862212,0.6478036629999351,0.6469772061973018
german,Age,1000.0,0.38,0.0855,19.0,75.0,36.0323,34.0,11.4614,1.0079,0.5643,7.0,15.0,0.0417,0.0594,0.0251,0.04,0.0382,0.0559,3.6644,0.0271,SVC,0.5866071804226658,0.5866071804226658,0.5866071804226658,0.5866071804226658,0.5866071804226658,0.5866071804226658,0.5866071804226658,0.5866071804226658,0.5866071804226658
german,Age,1000.0,0.369,0.0824,19.0,75.0,35.9128,33.0,11.7739,0.9425,0.225,7.0,16.0,0.0157,0.0557,0.0148,0.0299,0.0213,0.0424,3.6634,0.0346,DecisionTree,0.6481389519205968,0.6536135074557025,0.6522460840347977,0.6495861211768785,0.6449075094282406,0.6515666675758691,0.6468250914595011,0.6660693851742886,0.645074738957918
german,Age,1000.0,0.369,0.0824,19.0,75.0,35.9128,33.0,11.7739,0.9425,0.225,7.0,16.0,0.0157,0.0557,0.0148,0.0299,0.0213,0.0424,3.6634,0.0346,LogisticRegression,0.6483251500669791,0.6492300742750221,0.6455390483961451,0.6477204828818275,0.6441405274043597,0.6476749848200754,0.6463339580952803,0.6491978656767732,0.6499727091581238
german,Age,1000.0,0.369,0.0824,19.0,75.0,35.9128,33.0,11.7739,0.9425,0.225,7.0,16.0,0.0157,0.0557,0.0148,0.0299,0.0213,0.0424,3.6634,0.0346,KNN,0.6421050434944088,0.6352169870775359,0.6643657022727297,0.6504358947938658,0.6589470771283455,0.6507469384462284,0.6495328595809065,0.6308222940803796,0.6361080705108394
german,Age,1000.0,0.369,0.0824,19.0,75.0,35.9128,33.0,11.7739,0.9425,0.225,7.0,16.0,0.0157,0.0557,0.0148,0.0299,0.0213,0.0424,3.6634,0.0346,RandomForest,0.6714490080814617,0.6691727355352463,0.6751193449422618,0.6584775476488114,0.6637103925787413,0.6614707658411668,0.662917085172593,0.6774518729156122,0.6606688802506631
german,Age,1000.0,0.369,0.0824,19.0,75.0,35.9128,33.0,11.7739,0.9425,0.225,7.0,16.0,0.0157,0.0557,0.0148,0.0299,0.0213,0.0424,3.6634,0.0346,AdaBoost,0.6459728994259892,0.6462825223239945,0.6466810485594041,0.6440922811007875,0.6455648787054549,0.6449334694643447,0.6528629679536262,0.6541790126835345,0.6475581235861722
german,Age,1000.0,0.369,0.0824,19.0,75.0,35.9128,33.0,11.7739,0.9425,0.225,7.0,16.0,0.0157,0.0557,0.0148,0.0299,0.0213,0.0424,3.6634,0.0346,SVC,0.5866071804226658,0.5866071804226658,0.5866071804226658,0.5866071804226658,0.5866071804226658,0.5866071804226658,0.5866071804226658,0.5866071804226658,0.5866071804226658
german,Age,1000.0,0.323,0.0783,19.0,75.0,35.8804,33.0,11.5678,1.0388,0.5967,7.0,15.0,0.034,0.0367,0.0006,0.035,0.0013,0.05,3.6507,0.0334,DecisionTree,0.6571566921258265,0.6576892126316908,0.664593020772643,0.656983878460122,0.6527768798595894,0.6583680257149565,0.6493145317879024,0.660762917815122,0.6482630736149507
german,Age,1000.0,0.323,0.0783,19.0,75.0,35.8804,33.0,11.5678,1.0388,0.5967,7.0,15.0,0.034,0.0367,0.0006,0.035,0.0013,0.05,3.6507,0.0334,LogisticRegression,0.6379327149286619,0.6392712369541019,0.6409233475372276,0.6369046643884162,0.6375215099691898,0.6369046643884162,0.637429852546783,0.6509215559791338,0.6333373327236141
german,Age,1000.0,0.323,0.0783,19.0,75.0,35.8804,33.0,11.5678,1.0388,0.5967,7.0,15.0,0.034,0.0367,0.0006,0.035,0.0013,0.05,3.6507,0.0334,KNN,0.6685748619308829,0.6533027750655755,0.6657466508300167,0.6662563829487431,0.6674864557838336,0.6710325575786811,0.6580229412686459,0.6466723662114309,0.6546207593242747
german,Age,1000.0,0.323,0.0783,19.0,75.0,35.8804,33.0,11.5678,1.0388,0.5967,7.0,15.0,0.034,0.0367,0.0006,0.035,0.0013,0.05,3.6507,0.0334,RandomForest,0.674462213506152,0.6783738445705398,0.6668892146482757,0.682341414618958,0.6679583324157059,0.6719343071875479,0.6842577384266275,0.6656498928704035,0.670863520401572
german,Age,1000.0,0.323,0.0783,19.0,75.0,35.8804,33.0,11.5678,1.0388,0.5967,7.0,15.0,0.034,0.0367,0.0006,0.035,0.0013,0.05,3.6507,0.0334,AdaBoost,0.6493413558909794,0.658062000762617,0.6492576155258256,0.6514332905867797,0.649406604478068,0.6525817247238058,0.6529941364063273,0.6486991852824566,0.6513452905088445
german,Age,1000.0,0.323,0.0783,19.0,75.0,35.8804,33.0,11.5678,1.0388,0.5967,7.0,15.0,0.034,0.0367,0.0006,0.035,0.0013,0.05,3.6507,0.0334,SVC,0.5866071804226658,0.5866071804226658,0.5866071804226658,0.5866071804226658,0.5866071804226658,0.5866071804226658,0.5866071804226658,0.5866071804226658,0.5866071804226658
german,Age,1000.0,0.239,0.0696,19.0,75.0,35.7438,33.0,11.5652,1.04,0.5813,7.0,15.0,0.0122,0.0588,0.0125,0.0389,0.0196,0.0547,3.6499,0.0288,DecisionTree,0.6478188650315552,0.6550574237617084,0.6568474850299894,0.646358385029151,0.6497794071626559,0.6544251000072654,0.6618604050598498,0.6498540118315101,0.6644662600066537
german,Age,1000.0,0.239,0.0696,19.0,75.0,35.7438,33.0,11.5652,1.04,0.5813,7.0,15.0,0.0122,0.0588,0.0125,0.0389,0.0196,0.0547,3.6499,0.0288,LogisticRegression,0.6430004460681338,0.6462041809975675,0.6514533665783311,0.6447827733326493,0.6434335846732224,0.6429926702397804,0.6391027566263341,0.6546667974731069,0.6398409630958616
german,Age,1000.0,0.239,0.0696,19.0,75.0,35.7438,33.0,11.5652,1.04,0.5813,7.0,15.0,0.0122,0.0588,0.0125,0.0389,0.0196,0.0547,3.6499,0.0288,KNN,0.6696825202023694,0.6513468569483345,0.6700969302331924,0.6648671896180975,0.6706289125604269,0.6658698116262569,0.6642723823191743,0.6481431293450438,0.6518165888338548
german,Age,1000.0,0.239,0.0696,19.0,75.0,35.7438,33.0,11.5652,1.04,0.5813,7.0,15.0,0.0122,0.0588,0.0125,0.0389,0.0196,0.0547,3.6499,0.0288,RandomForest,0.6860502832853296,0.6852134237081493,0.7002239890532432,0.687199217641929,0.6924615319973774,0.6919048540523891,0.6957425795815612,0.6819670609111663,0.6929225688708218
german,Age,1000.0,0.239,0.0696,19.0,75.0,35.7438,33.0,11.5652,1.04,0.5813,7.0,15.0,0.0122,0.0588,0.0125,0.0389,0.0196,0.0547,3.6499,0.0288,AdaBoost,0.6522195328288133,0.6583072140808794,0.64316563876577,0.6446758094138263,0.6529006615233262,0.6543872223306869,0.6545842350798068,0.6619132179958201,0.6400381723639338
german,Age,1000.0,0.239,0.0696,19.0,75.0,35.7438,33.0,11.5652,1.04,0.5813,7.0,15.0,0.0122,0.0588,0.0125,0.0389,0.0196,0.0547,3.6499,0.0288,SVC,0.5866071804226658,0.5866071804226658,0.5866071804226658,0.5866071804226658,0.5866071804226658,0.5866071804226658,0.5866071804226658,0.5866071804226658,0.5866071804226658
german,Age,1000.0,0.209,0.067,19.0,75.0,35.3944,33.0,11.2412,1.0607,0.7192,7.0,14.0,0.0194,0.0578,0.0103,0.0255,0.0154,0.039,3.6342,0.029,DecisionTree,0.6565017753894006,0.670105981123502,0.6743448032705595,0.6481007661504329,0.6552363238528205,0.6576347178986501,0.6529513919767496,0.6694941767457606,0.6688987803887729
german,Age,1000.0,0.209,0.067,19.0,75.0,35.3944,33.0,11.2412,1.0607,0.7192,7.0,14.0,0.0194,0.0578,0.0103,0.0255,0.0154,0.039,3.6342,0.029,LogisticRegression,0.6476568472006408,0.6429107418655022,0.6478261695836862,0.6474178967554183,0.6456245076277449,0.6452035107315536,0.6436922535091019,0.6561449724262859,0.6388707148953761
german,Age,1000.0,0.209,0.067,19.0,75.0,35.3944,33.0,11.2412,1.0607,0.7192,7.0,14.0,0.0194,0.0578,0.0103,0.0255,0.0154,0.039,3.6342,0.029,KNN,0.6504102362398394,0.6351036123238403,0.6522894988815351,0.6491646418053532,0.653816375147189,0.6463385306116244,0.6513817973103384,0.6367034730765615,0.6417730881312401
german,Age,1000.0,0.209,0.067,19.0,75.0,35.3944,33.0,11.2412,1.0607,0.7192,7.0,14.0,0.0194,0.0578,0.0103,0.0255,0.0154,0.039,3.6342,0.029,RandomForest,0.6825662328926282,0.6768959458253719,0.6858349338036833,0.6799011002004792,0.6847728814802252,0.6841869115507284,0.6908491968470983,0.6795948748457151,0.6837691780758189
german,Age,1000.0,0.209,0.067,19.0,75.0,35.3944,33.0,11.2412,1.0607,0.7192,7.0,14.0,0.0194,0.0578,0.0103,0.0255,0.0154,0.039,3.6342,0.029,AdaBoost,0.6543583849802799,0.6501482906612892,0.6420973163804955,0.6423416296013267,0.6541000422059471,0.6610692409999434,0.6545784949540692,0.6562588210175341,0.6548351463846287
german,Age,1000.0,0.209,0.067,19.0,75.0,35.3944,33.0,11.2412,1.0607,0.7192,7.0,14.0,0.0194,0.0578,0.0103,0.0255,0.0154,0.039,3.6342,0.029,SVC,0.5866071804226658,0.5866071804226658,0.5866071804226658,0.5866071804226658,0.5866071804226658,0.5866071804226658,0.5866071804226658,0.5866071804226658,0.5866071804226658
german,Age,1000.0,0.113,0.0598,19.0,75.0,35.5908,33.0,11.4373,1.0339,0.5849,7.0,15.0,0.0271,0.0397,0.01,0.0308,0.0158,0.044,3.6497,0.0298,DecisionTree,0.6554334014873076,0.6649030595403764,0.6641731281371154,0.6604091589541377,0.6555522685378079,0.662270321732451,0.661799860032265,0.6596422633767538,0.653139170811985
german,Age,1000.0,0.113,0.0598,19.0,75.0,35.5908,33.0,11.4373,1.0339,0.5849,7.0,15.0,0.0271,0.0397,0.01,0.0308,0.0158,0.044,3.6497,0.0298,LogisticRegression,0.6395087693095338,0.6371665382667447,0.6467484736613742,0.6439592236394336,0.6431557778026609,0.6418191133406725,0.647081994454157,0.6436830287346295,0.6310903483419235
german,Age,1000.0,0.113,0.0598,19.0,75.0,35.5908,33.0,11.4373,1.0339,0.5849,7.0,15.0,0.0271,0.0397,0.01,0.0308,0.0158,0.044,3.6497,0.0298,KNN,0.6589444128019162,0.6526746085381049,0.6459013639462141,0.6479829541713725,0.651030326970274,0.6449490692989337,0.6511189793876347,0.6510570458428377,0.6536705482189444
german,Age,1000.0,0.113,0.0598,19.0,75.0,35.5908,33.0,11.4373,1.0339,0.5849,7.0,15.0,0.0271,0.0397,0.01,0.0308,0.0158,0.044,3.6497,0.0298,RandomForest,0.6798666340617517,0.695683929421157,0.6758751743080078,0.6871069935467939,0.6798517939279548,0.6767932232562289,0.6857540687141009,0.690120447838031,0.6886681239065557
german,Age,1000.0,0.113,0.0598,19.0,75.0,35.5908,33.0,11.4373,1.0339,0.5849,7.0,15.0,0.0271,0.0397,0.01,0.0308,0.0158,0.044,3.6497,0.0298,AdaBoost,0.6531574124636336,0.6542431255565123,0.6562148955510203,0.641148674711717,0.6499030619570513,0.6461732408943573,0.6476424196561466,0.6520505604841808,0.6502087929998219
german,Age,1000.0,0.113,0.0598,19.0,75.0,35.5908,33.0,11.4373,1.0339,0.5849,7.0,15.0,0.0271,0.0397,0.01,0.0308,0.0158,0.044,3.6497,0.0298,SVC,0.5866071804226658,0.5866071804226658,0.5866071804226658,0.5866071804226658,0.5866071804226658,0.5866071804226658,0.5866071804226658,0.5866071804226658,0.5866071804226658
german,Age,1000.0,0.101,0.059,19.0,75.0,35.6051,33.0,11.4893,0.9996,0.549,7.0,15.0,0.0247,0.0546,0.0165,0.0373,0.0252,0.0532,3.6597,0.0299,DecisionTree,0.662988542217219,0.6721977877897928,0.6612786450449637,0.662988542217219,0.6677343163054572,0.6683796395888069,0.6635146368723732,0.6556181618262955,0.6621025388151561
german,Age,1000.0,0.101,0.059,19.0,75.0,35.6051,33.0,11.4893,0.9996,0.549,7.0,15.0,0.0247,0.0546,0.0165,0.0373,0.0252,0.0532,3.6597,0.0299,LogisticRegression,0.6447540290139803,0.6437744349310034,0.6423442544019107,0.6442562603557256,0.6437405593922939,0.6457871986339873,0.6453759512614402,0.643506791648015,0.6388599823617889
german,Age,1000.0,0.101,0.059,19.0,75.0,35.6051,33.0,11.4893,0.9996,0.549,7.0,15.0,0.0247,0.0546,0.0165,0.0373,0.0252,0.0532,3.6597,0.0299,KNN,0.6607085768360955,0.6480239235350346,0.6607237051496211,0.6563922851868782,0.6531141519913034,0.6488470280606286,0.6525047599902407,0.651711453956759,0.6470623470167227
german,Age,1000.0,0.101,0.059,19.0,75.0,35.6051,33.0,11.4893,0.9996,0.549,7.0,15.0,0.0247,0.0546,0.0165,0.0373,0.0252,0.0532,3.6597,0.0299,RandomForest,0.6987840058515242,0.6877277145297304,0.6962830369678894,0.6924887594633418,0.6971291918373228,0.7088549955614027,0.7035401315964162,0.6897962929036421,0.6928962838355862
german,Age,1000.0,0.101,0.059,19.0,75.0,35.6051,33.0,11.4893,0.9996,0.549,7.0,15.0,0.0247,0.0546,0.0165,0.0373,0.0252,0.0532,3.6597,0.0299,AdaBoost,0.6514992419595418,0.652923874624102,0.662784564761933,0.6616091121095792,0.6547378400261245,0.6653003433301439,0.657187984690298,0.6634085989447981,0.6493702807899183
german,Age,1000.0,0.101,0.059,19.0,75.0,35.6051,33.0,11.4893,0.9996,0.549,7.0,15.0,0.0247,0.0546,0.0165,0.0373,0.0252,0.0532,3.6597,0.0299,SVC,0.5866071804226658,0.5866071804226658,0.5866071804226658,0.5866071804226658,0.5866071804226658,0.5866071804226658,0.5866071804226658,0.5866071804226658,0.5866071804226658
german,Age,1000.0,0.049,0.0557,19.0,75.0,35.3565,33.0,11.2865,1.0459,0.6805,7.0,14.5,0.0196,0.0318,0.0203,0.0232,0.0306,0.0333,3.642,0.0303,DecisionTree,0.6560228759491391,0.6721714069404099,0.6474261370629197,0.6491425347873274,0.6555241222885593,0.652107240636794,0.6581523004650707,0.6669643308975047,0.6551128772871597
german,Age,1000.0,0.049,0.0557,19.0,75.0,35.3565,33.0,11.2865,1.0459,0.6805,7.0,14.5,0.0196,0.0318,0.0203,0.0232,0.0306,0.0333,3.642,0.0303,LogisticRegression,0.6542560539107154,0.6393806729022617,0.6535085477436142,0.6561694738241353,0.6536624500140183,0.6548838032984192,0.65434569394349,0.6372042364384175,0.648821242025262
german,Age,1000.0,0.049,0.0557,19.0,75.0,35.3565,33.0,11.2865,1.0459,0.6805,7.0,14.5,0.0196,0.0318,0.0203,0.0232,0.0306,0.0333,3.642,0.0303,KNN,0.6572797390173,0.6436478369499601,0.6516223807817667,0.6534066159077376,0.6547576213670001,0.6565691698297036,0.6541464539777322,0.6395077461203615,0.6471294096179325
german,Age,1000.0,0.049,0.0557,19.0,75.0,35.3565,33.0,11.2865,1.0459,0.6805,7.0,14.5,0.0196,0.0318,0.0203,0.0232,0.0306,0.0333,3.642,0.0303,RandomForest,0.6984812096084893,0.6924133082475563,0.6989378249876501,0.6929557412414591,0.7003439439980249,0.7015558995372702,0.6873508204800632,0.6943826015401151,0.6984183021012103
german,Age,1000.0,0.049,0.0557,19.0,75.0,35.3565,33.0,11.2865,1.0459,0.6805,7.0,14.5,0.0196,0.0318,0.0203,0.0232,0.0306,0.0333,3.642,0.0303,AdaBoost,0.6530400641646781,0.6603036524717065,0.6427259574047568,0.6505857806269033,0.6560871345293924,0.6507044701541813,0.6612260654034608,0.6467987787974188,0.660324229881615
german,Age,1000.0,0.049,0.0557,19.0,75.0,35.3565,33.0,11.2865,1.0459,0.6805,7.0,14.5,0.0196,0.0318,0.0203,0.0232,0.0306,0.0333,3.642,0.0303,SVC,0.5866071804226658,0.5866071804226658,0.5866071804226658,0.5866071804226658,0.5866071804226658,0.5866071804226658,0.5866071804226658,0.5866071804226658,0.5866071804226658
german,Credit_amount,1000.0,0.501,0.9619,250.0,18424.0,3317.6673,2353.0,2820.7921,2.0228,4.9223,1095.0,2638.5,0.0092,0.5962,0.016,0.4674,0.0259,0.6219,6.1598,0.0,DecisionTree,0.6657608905340644,0.676957853683331,0.6581630968504528,0.6777871933414578,0.6667251548094648,0.6821271850932722,0.6470631819915431,0.6766230090481594,0.6662404897318907
german,Credit_amount,1000.0,0.501,0.9619,250.0,18424.0,3317.6673,2353.0,2820.7921,2.0228,4.9223,1095.0,2638.5,0.0092,0.5962,0.016,0.4674,0.0259,0.6219,6.1598,0.0,LogisticRegression,0.6397614184306804,0.6453264884937377,0.6461648617631959,0.6480217653102112,0.6473087167955442,0.6489953678070046,0.6391570138450045,0.6453264884937377,0.6451044052406749
german,Credit_amount,1000.0,0.501,0.9619,250.0,18424.0,3317.6673,2353.0,2820.7921,2.0228,4.9223,1095.0,2638.5,0.0092,0.5962,0.016,0.4674,0.0259,0.6219,6.1598,0.0,KNN,0.6485276631964603,0.6409727360654955,0.6492712619168964,0.6441441765888253,0.6448195908463175,0.6427004999248169,0.6486101787826437,0.640430093166475,0.6450898325177927
german,Credit_amount,1000.0,0.501,0.9619,250.0,18424.0,3317.6673,2353.0,2820.7921,2.0228,4.9223,1095.0,2638.5,0.0092,0.5962,0.016,0.4674,0.0259,0.6219,6.1598,0.0,RandomForest,0.6700732920506056,0.671261232741301,0.6785255076415503,0.674613508004458,0.6749783578928068,0.6960818882040749,0.6653982313035376,0.6783430970163188,0.6689505478303326
german,Credit_amount,1000.0,0.501,0.9619,250.0,18424.0,3317.6673,2353.0,2820.7921,2.0228,4.9223,1095.0,2638.5,0.0092,0.5962,0.016,0.4674,0.0259,0.6219,6.1598,0.0,AdaBoost,0.6675613167258656,0.6813224657196892,0.6524884344611699,0.6619741288593186,0.6717503068348759,0.6699370199581107,0.6726511048746473,0.6578859363914733,0.6653195443957193
german,Credit_amount,1000.0,0.501,0.9619,250.0,18424.0,3317.6673,2353.0,2820.7921,2.0228,4.9223,1095.0,2638.5,0.0092,0.5962,0.016,0.4674,0.0259,0.6219,6.1598,0.0,SVC,0.5866071804226658,0.5866071804226658,0.5866071804226658,0.5866071804226658,0.5866071804226658,0.5866071804226658,0.5866071804226658,0.5866071804226658,0.5866071804226658
german,Credit_amount,1000.0,0.471,0.9603,250.0,15945.0,3230.9924,2255.0,2841.6439,1.9841,4.2815,1048.0,2496.0,0.0215,0.6554,0.0055,0.4776,0.0099,0.6416,6.216,0.0,DecisionTree,0.6488760696974283,0.6389021621725979,0.6644828177602137,0.6574455703996582,0.6477586412039091,0.645767949779861,0.6593447479307608,0.6455221938879049,0.6470199118519869
german,Credit_amount,1000.0,0.471,0.9603,250.0,15945.0,3230.9924,2255.0,2841.6439,1.9841,4.2815,1048.0,2496.0,0.0215,0.6554,0.0055,0.4776,0.0099,0.6416,6.216,0.0,LogisticRegression,0.646383557869437,0.6522651108291999,0.63586530001852,0.6377473037977954,0.6432336292922786,0.64077646666509,0.6437292799115482,0.6522651108291999,0.6438345594161349
german,Credit_amount,1000.0,0.471,0.9603,250.0,15945.0,3230.9924,2255.0,2841.6439,1.9841,4.2815,1048.0,2496.0,0.0215,0.6554,0.0055,0.4776,0.0099,0.6416,6.216,0.0,KNN,0.6377791337794122,0.6396165872933322,0.666973020969574,0.6515850137331797,0.6612081822522495,0.6466955776214822,0.6417132627575459,0.641424223721612,0.6533477136513552
german,Credit_amount,1000.0,0.471,0.9603,250.0,15945.0,3230.9924,2255.0,2841.6439,1.9841,4.2815,1048.0,2496.0,0.0215,0.6554,0.0055,0.4776,0.0099,0.6416,6.216,0.0,RandomForest,0.6680796539497137,0.667818578651177,0.6770597631579169,0.6685971502507577,0.6750531830967974,0.6745685632495347,0.6751583848673064,0.6776868777001663,0.6709365653596656
german,Credit_amount,1000.0,0.471,0.9603,250.0,15945.0,3230.9924,2255.0,2841.6439,1.9841,4.2815,1048.0,2496.0,0.0215,0.6554,0.0055,0.4776,0.0099,0.6416,6.216,0.0,AdaBoost,0.6551707655194261,0.6503458099331563,0.6664270350260283,0.650413937680367,0.6576670349272606,0.6565702125144178,0.6561287819956226,0.639723545780692,0.6543350603255784
german,Credit_amount,1000.0,0.471,0.9603,250.0,15945.0,3230.9924,2255.0,2841.6439,1.9841,4.2815,1048.0,2496.0,0.0215,0.6554,0.0055,0.4776,0.0099,0.6416,6.216,0.0,SVC,0.5866071804226658,0.5866071804226658,0.5866071804226658,0.5866071804226658,0.5866071804226658,0.5866071804226658,0.5866071804226658,0.5866071804226658,0.5866071804226658
german,Credit_amount,1000.0,0.395,0.9603,276.0,18424.0,3229.6017,2288.0,2881.331,2.1377,5.1635,1079.0,2513.0,0.0614,0.6223,0.0343,0.4656,0.0514,0.6229,6.3502,0.0,DecisionTree,0.6515832312349829,0.6449893958271729,0.6400357305463005,0.6440409235124591,0.6516621908295295,0.6538906036449876,0.6406941574015734,0.6627786670706501,0.6479806336391231
german,Credit_amount,1000.0,0.395,0.9603,276.0,18424.0,3229.6017,2288.0,2881.331,2.1377,5.1635,1079.0,2513.0,0.0614,0.6223,0.0343,0.4656,0.0514,0.6229,6.3502,0.0,LogisticRegression,0.6512424810673492,0.6455681041390473,0.6393693869352988,0.6465860117384673,0.6506663094945817,0.6475060643467795,0.6476862738653054,0.6455681041390473,0.6517911171919892
german,Credit_amount,1000.0,0.395,0.9603,276.0,18424.0,3229.6017,2288.0,2881.331,2.1377,5.1635,1079.0,2513.0,0.0614,0.6223,0.0343,0.4656,0.0514,0.6229,6.3502,0.0,KNN,0.6455316664552179,0.638134061752194,0.6322646192221275,0.6494249082142214,0.6387253451889862,0.6521156839153285,0.6391877467774532,0.6375253471975959,0.6501915036684576
german,Credit_amount,1000.0,0.395,0.9603,276.0,18424.0,3229.6017,2288.0,2881.331,2.1377,5.1635,1079.0,2513.0,0.0614,0.6223,0.0343,0.4656,0.0514,0.6229,6.3502,0.0,RandomForest,0.6719653935301939,0.6634905067654389,0.6669291387764851,0.6664701070024539,0.6580402070428156,0.6688453656063155,0.6601734315050417,0.6617340717719605,0.6666984164862894
german,Credit_amount,1000.0,0.395,0.9603,276.0,18424.0,3229.6017,2288.0,2881.331,2.1377,5.1635,1079.0,2513.0,0.0614,0.6223,0.0343,0.4656,0.0514,0.6229,6.3502,0.0,AdaBoost,0.6618045581220136,0.643343384915104,0.6616593958579009,0.6527550713048965,0.6581570614846147,0.6467269460811693,0.6595458905743401,0.6546162095495714,0.6498641432894401
german,Credit_amount,1000.0,0.395,0.9603,276.0,18424.0,3229.6017,2288.0,2881.331,2.1377,5.1635,1079.0,2513.0,0.0614,0.6223,0.0343,0.4656,0.0514,0.6229,6.3502,0.0,SVC,0.5866071804226658,0.5866071804226658,0.5866071804226658,0.5866071804226658,0.5866071804226658,0.5866071804226658,0.5866071804226658,0.5866071804226658,0.5866071804226658
german,Credit_amount,1000.0,0.334,0.9444,276.0,18424.0,3260.1877,2350.5,2761.5448,1.9546,4.5943,1147.5,2668.25,0.0353,0.626,0.0243,0.4705,0.0351,0.6318,6.4227,0.0,DecisionTree,0.6570798110544278,0.6479957314515418,0.6505587835278669,0.6440487094818277,0.6506137941247621,0.6508051095690182,0.6572804072282749,0.6412058259085412,0.6546301517425184
german,Credit_amount,1000.0,0.334,0.9444,276.0,18424.0,3260.1877,2350.5,2761.5448,1.9546,4.5943,1147.5,2668.25,0.0353,0.626,0.0243,0.4705,0.0351,0.6318,6.4227,0.0,LogisticRegression,0.6495690329365951,0.6528004020652153,0.6448542929557547,0.6376142227537096,0.6421976564716376,0.6399863141660757,0.6470164710839997,0.6528004020652153,0.6452797051079997
german,Credit_amount,1000.0,0.334,0.9444,276.0,18424.0,3260.1877,2350.5,2761.5448,1.9546,4.5943,1147.5,2668.25,0.0353,0.626,0.0243,0.4705,0.0351,0.6318,6.4227,0.0,KNN,0.6413730072667103,0.6398545591380167,0.6346024508613257,0.6329250108947375,0.6404674198377971,0.6232777139133809,0.6425260908116378,0.6391560963462855,0.6419943134739374
german,Credit_amount,1000.0,0.334,0.9444,276.0,18424.0,3260.1877,2350.5,2761.5448,1.9546,4.5943,1147.5,2668.25,0.0353,0.626,0.0243,0.4705,0.0351,0.6318,6.4227,0.0,RandomForest,0.6595375079090788,0.648922766369307,0.6603183060584378,0.6643297991950396,0.6718851183836909,0.6635305849247193,0.6686638869331438,0.6541744660193813,0.6694538720723253
german,Credit_amount,1000.0,0.334,0.9444,276.0,18424.0,3260.1877,2350.5,2761.5448,1.9546,4.5943,1147.5,2668.25,0.0353,0.626,0.0243,0.4705,0.0351,0.6318,6.4227,0.0,AdaBoost,0.6515401477909724,0.6550020354823541,0.6557351343091025,0.6574717961787737,0.6655652611906956,0.6722308810944932,0.669053478632879,0.6528754834065553,0.6471612365965806
german,Credit_amount,1000.0,0.334,0.9444,276.0,18424.0,3260.1877,2350.5,2761.5448,1.9546,4.5943,1147.5,2668.25,0.0353,0.626,0.0243,0.4705,0.0351,0.6318,6.4227,0.0,SVC,0.5866071804226658,0.5866071804226658,0.5866071804226658,0.5866071804226658,0.5866071804226658,0.5866071804226658,0.5866071804226658,0.5866071804226658,0.5866071804226658
german,Credit_amount,1000.0,0.268,0.9413,276.0,15857.0,3229.7691,2300.0,2739.983,1.8984,3.8872,1077.5,2571.75,0.0291,0.6053,0.0164,0.4512,0.0251,0.6047,6.5122,0.0,DecisionTree,0.6517304275553997,0.6396623465685076,0.6418355799623521,0.6546780826146983,0.6546762658387235,0.6400295428095469,0.6575942189852635,0.6443180352800861,0.6509094143771563
german,Credit_amount,1000.0,0.268,0.9413,276.0,15857.0,3229.7691,2300.0,2739.983,1.8984,3.8872,1077.5,2571.75,0.0291,0.6053,0.0164,0.4512,0.0251,0.6047,6.5122,0.0,LogisticRegression,0.6376224580712866,0.6376674628428587,0.6386193275822281,0.6351155651361563,0.6391204013221519,0.6430005001285749,0.6416071631159674,0.6371517618794271,0.6381700436588785
german,Credit_amount,1000.0,0.268,0.9413,276.0,15857.0,3229.7691,2300.0,2739.983,1.8984,3.8872,1077.5,2571.75,0.0291,0.6053,0.0164,0.4512,0.0251,0.6047,6.5122,0.0,KNN,0.6470192528527476,0.6668630207680948,0.6376849968215391,0.6389612152364703,0.6432062379688506,0.6456441688722733,0.6406558955946646,0.6664244975468054,0.6430848081333777
german,Credit_amount,1000.0,0.268,0.9413,276.0,15857.0,3229.7691,2300.0,2739.983,1.8984,3.8872,1077.5,2571.75,0.0291,0.6053,0.0164,0.4512,0.0251,0.6047,6.5122,0.0,RandomForest,0.672120789429645,0.6647512180692638,0.670152324400705,0.6712219074466185,0.6748597897767599,0.675583651575854,0.6720497614160141,0.683376278464374,0.6710012964547099
german,Credit_amount,1000.0,0.268,0.9413,276.0,15857.0,3229.7691,2300.0,2739.983,1.8984,3.8872,1077.5,2571.75,0.0291,0.6053,0.0164,0.4512,0.0251,0.6047,6.5122,0.0,AdaBoost,0.6537810702838585,0.6497782955724325,0.6664598010674291,0.6564016100295971,0.6605734652257903,0.6676124941069123,0.6707828963723812,0.6576714480542047,0.6521498183899028
german,Credit_amount,1000.0,0.268,0.9413,276.0,15857.0,3229.7691,2300.0,2739.983,1.8984,3.8872,1077.5,2571.75,0.0291,0.6053,0.0164,0.4512,0.0251,0.6047,6.5122,0.0,SVC,0.5866071804226658,0.5866071804226658,0.5866071804226658,0.5866071804226658,0.5866071804226658,0.5866071804226658,0.5866071804226658,0.5866071804226658,0.5866071804226658
german,Credit_amount,1000.0,0.245,0.9364,338.0,18424.0,3297.6914,2292.0,2899.9461,1.9773,4.2639,1061.0,2540.5,0.0216,0.6203,0.0178,0.4549,0.0281,0.6134,6.5372,0.0,DecisionTree,0.6611959498940672,0.6560616208548168,0.6578950978454032,0.6606411368730813,0.6553361611431483,0.6645386415202215,0.6536834627273309,0.6550693956417994,0.6586455471025973
german,Credit_amount,1000.0,0.245,0.9364,338.0,18424.0,3297.6914,2292.0,2899.9461,1.9773,4.2639,1061.0,2540.5,0.0216,0.6203,0.0178,0.4549,0.0281,0.6134,6.5372,0.0,LogisticRegression,0.6457233158544866,0.6450959667881101,0.646107899337347,0.6469388689779649,0.6468943534522851,0.6498787918979951,0.6454876218839678,0.6456809432783093,0.6474100544157166
german,Credit_amount,1000.0,0.245,0.9364,338.0,18424.0,3297.6914,2292.0,2899.9461,1.9773,4.2639,1061.0,2540.5,0.0216,0.6203,0.0178,0.4549,0.0281,0.6134,6.5372,0.0,KNN,0.6524916728092458,0.6514222506089017,0.6416136357107081,0.6550537539066315,0.661158643388203,0.6598487741766572,0.6494029683401341,0.6524864412915368,0.6566852861667188
german,Credit_amount,1000.0,0.245,0.9364,338.0,18424.0,3297.6914,2292.0,2899.9461,1.9773,4.2639,1061.0,2540.5,0.0216,0.6203,0.0178,0.4549,0.0281,0.6134,6.5372,0.0,RandomForest,0.67343358806693,0.6816097195136861,0.6776410641270322,0.6793690850244911,0.6857330945522119,0.6833610938478479,0.6747898971430747,0.6917768543546146,0.6662540363107773
german,Credit_amount,1000.0,0.245,0.9364,338.0,18424.0,3297.6914,2292.0,2899.9461,1.9773,4.2639,1061.0,2540.5,0.0216,0.6203,0.0178,0.4549,0.0281,0.6134,6.5372,0.0,AdaBoost,0.6493880477346687,0.6572621174364046,0.6554878183098503,0.6476081202952091,0.6463187908505967,0.6462484277964101,0.6424348069996442,0.661981009397381,0.6526805471478234
german,Credit_amount,1000.0,0.245,0.9364,338.0,18424.0,3297.6914,2292.0,2899.9461,1.9773,4.2639,1061.0,2540.5,0.0216,0.6203,0.0178,0.4549,0.0281,0.6134,6.5372,0.0,SVC,0.5866071804226658,0.5866071804226658,0.5866071804226658,0.5866071804226658,0.5866071804226658,0.5866071804226658,0.5866071804226658,0.5866071804226658,0.5866071804226658
german,Credit_amount,1000.0,0.215,0.9338,276.0,18424.0,3216.2204,2333.0,2710.3222,1.9503,4.6357,1117.0,2606.0,0.0089,0.6181,0.0195,0.4648,0.0286,0.6236,6.5725,0.0,DecisionTree,0.6482593016911444,0.6621138408068891,0.6479478705217402,0.6453090270253187,0.6539333192438499,0.6567587230741696,0.6538015615564312,0.6589639064624894,0.64790959403974
german,Credit_amount,1000.0,0.215,0.9338,276.0,18424.0,3216.2204,2333.0,2710.3222,1.9503,4.6357,1117.0,2606.0,0.0089,0.6181,0.0195,0.4648,0.0286,0.6236,6.5725,0.0,LogisticRegression,0.641298257225795,0.6403466523252946,0.6388599087098787,0.6362934785317347,0.6358179404322547,0.634804079379807,0.6390375404596035,0.6403466523252946,0.6398110935818566
german,Credit_amount,1000.0,0.215,0.9338,276.0,18424.0,3216.2204,2333.0,2710.3222,1.9503,4.6357,1117.0,2606.0,0.0089,0.6181,0.0195,0.4648,0.0286,0.6236,6.5725,0.0,KNN,0.6461137023584882,0.6418590498512055,0.6318702411619305,0.6503658546897272,0.6411322181207308,0.6541308869854856,0.6473220294247386,0.6418479674614403,0.6396748015389444
german,Credit_amount,1000.0,0.215,0.9338,276.0,18424.0,3216.2204,2333.0,2710.3222,1.9503,4.6357,1117.0,2606.0,0.0089,0.6181,0.0195,0.4648,0.0286,0.6236,6.5725,0.0,RandomForest,0.6688733977701304,0.669430213254476,0.6682313642300332,0.6759076307187171,0.6682671749913234,0.6702542738680656,0.670824774543239,0.6578121798463947,0.6797877383510256
german,Credit_amount,1000.0,0.215,0.9338,276.0,18424.0,3216.2204,2333.0,2710.3222,1.9503,4.6357,1117.0,2606.0,0.0089,0.6181,0.0195,0.4648,0.0286,0.6236,6.5725,0.0,AdaBoost,0.6440156324603423,0.6464265254133972,0.661919609894603,0.644850228306555,0.6444301602250141,0.6474349542924644,0.6465126854267357,0.6492397111009236,0.648333224346892
german,Credit_amount,1000.0,0.215,0.9338,276.0,18424.0,3216.2204,2333.0,2710.3222,1.9503,4.6357,1117.0,2606.0,0.0089,0.6181,0.0195,0.4648,0.0286,0.6236,6.5725,0.0,SVC,0.5866071804226658,0.5866071804226658,0.5866071804226658,0.5866071804226658,0.5866071804226658,0.5866071804226658,0.5866071804226658,0.5866071804226658,0.5866071804226658
german,Credit_amount,1000.0,0.145,0.931,250.0,15945.0,3248.8772,2302.0,2786.4167,1.9214,4.0147,1086.0,2615.5,0.0311,0.6143,0.0168,0.452,0.0265,0.6085,6.6542,0.0,DecisionTree,0.6662295549451764,0.6634872239213769,0.6576969160891131,0.6473882643312521,0.6602464579904027,0.6589696300238748,0.6651783269760037,0.6627433476563271,0.661044386471215
german,Credit_amount,1000.0,0.145,0.931,250.0,15945.0,3248.8772,2302.0,2786.4167,1.9214,4.0147,1086.0,2615.5,0.0311,0.6143,0.0168,0.452,0.0265,0.6085,6.6542,0.0,LogisticRegression,0.6435393300312097,0.64480483805485,0.6435396287337412,0.6452299191810023,0.6451889896475491,0.6452299191810023,0.6417617976278933,0.64480483805485,0.6442562603557256
german,Credit_amount,1000.0,0.145,0.931,250.0,15945.0,3248.8772,2302.0,2786.4167,1.9214,4.0147,1086.0,2615.5,0.0311,0.6143,0.0168,0.452,0.0265,0.6085,6.6542,0.0,KNN,0.6580518101611978,0.6643784696201633,0.6530161288995269,0.6481012928437055,0.6473943527692709,0.6418837555417211,0.6518337028295464,0.6637304540247014,0.6473110886286503
german,Credit_amount,1000.0,0.145,0.931,250.0,15945.0,3248.8772,2302.0,2786.4167,1.9214,4.0147,1086.0,2615.5,0.0311,0.6143,0.0168,0.452,0.0265,0.6085,6.6542,0.0,RandomForest,0.6919850179072863,0.693706727102801,0.6935172316436894,0.6914744985791962,0.6952607886058745,0.6873692547553283,0.6881347553138456,0.6948893940212366,0.6953599096591
german,Credit_amount,1000.0,0.145,0.931,250.0,15945.0,3248.8772,2302.0,2786.4167,1.9214,4.0147,1086.0,2615.5,0.0311,0.6143,0.0168,0.452,0.0265,0.6085,6.6542,0.0,AdaBoost,0.6637757466153268,0.662799095752864,0.6556089002798444,0.6536655667852335,0.6557012517627103,0.6515503206842389,0.6578423544247961,0.6578561637904246,0.655822165971704
german,Credit_amount,1000.0,0.145,0.931,250.0,15945.0,3248.8772,2302.0,2786.4167,1.9214,4.0147,1086.0,2615.5,0.0311,0.6143,0.0168,0.452,0.0265,0.6085,6.6542,0.0,SVC,0.5866071804226658,0.5866071804226658,0.5866071804226658,0.5866071804226658,0.5866071804226658,0.5866071804226658,0.5866071804226658,0.5866071804226658,0.5866071804226658
german,Credit_amount,1000.0,0.091,0.9285,250.0,18424.0,3225.4246,2299.0,2773.0232,1.9367,4.2576,1093.0,2593.0,0.0396,0.6004,0.0287,0.4602,0.0429,0.6183,6.7115,0.0,DecisionTree,0.6539796729315056,0.647878812395995,0.6614835343337195,0.6691148687206322,0.66986532761768,0.6608240560009068,0.6520911309949825,0.6466773938330299,0.6627908705891582
german,Credit_amount,1000.0,0.091,0.9285,250.0,18424.0,3225.4246,2299.0,2773.0232,1.9367,4.2576,1093.0,2593.0,0.0396,0.6004,0.0287,0.4602,0.0429,0.6183,6.7115,0.0,LogisticRegression,0.6447142182175706,0.6456338927813237,0.6347758017036593,0.6406390364288168,0.6465812225173444,0.6467813159901898,0.6402083021514406,0.6456338927813237,0.6467813159901898
german,Credit_amount,1000.0,0.091,0.9285,250.0,18424.0,3225.4246,2299.0,2773.0232,1.9367,4.2576,1093.0,2593.0,0.0396,0.6004,0.0287,0.4602,0.0429,0.6183,6.7115,0.0,KNN,0.6543485719127979,0.6458670483094432,0.654202709224231,0.6526174929746007,0.6510136370443504,0.6518156970259779,0.6470953855557728,0.6447600161357813,0.6480683336950024
german,Credit_amount,1000.0,0.091,0.9285,250.0,18424.0,3225.4246,2299.0,2773.0232,1.9367,4.2576,1093.0,2593.0,0.0396,0.6004,0.0287,0.4602,0.0429,0.6183,6.7115,0.0,RandomForest,0.6927814589467458,0.6945742284542041,0.6976528504193285,0.7035199555740778,0.7012852727319763,0.7041954182858889,0.6990666128650264,0.6974042160391756,0.7064393386867781
german,Credit_amount,1000.0,0.091,0.9285,250.0,18424.0,3225.4246,2299.0,2773.0232,1.9367,4.2576,1093.0,2593.0,0.0396,0.6004,0.0287,0.4602,0.0429,0.6183,6.7115,0.0,AdaBoost,0.665130897188356,0.6627394783026557,0.6560431908823041,0.6710725073638257,0.6635433993906086,0.6646289655086034,0.6670083193441347,0.6555168977935087,0.6709969287714423
german,Credit_amount,1000.0,0.091,0.9285,250.0,18424.0,3225.4246,2299.0,2773.0232,1.9367,4.2576,1093.0,2593.0,0.0396,0.6004,0.0287,0.4602,0.0429,0.6183,6.7115,0.0,SVC,0.5866071804226658,0.5866071804226658,0.5866071804226658,0.5866071804226658,0.5866071804226658,0.5866071804226658,0.5866071804226658,0.5866071804226658,0.5866071804226658
german,Credit_amount,1000.0,0.051,0.9262,250.0,18424.0,3259.51,2303.0,2804.2852,1.9358,4.2475,1090.0,2611.0,0.0232,0.6241,0.0161,0.4644,0.0245,0.6237,6.7509,0.0,DecisionTree,0.6680006819685611,0.654333921839726,0.6689615110802254,0.6697632255670694,0.6663592464361721,0.6593991469264169,0.6676497104780184,0.6577571511958363,0.6691226260373027
german,Credit_amount,1000.0,0.051,0.9262,250.0,18424.0,3259.51,2303.0,2804.2852,1.9358,4.2475,1090.0,2611.0,0.0232,0.6241,0.0161,0.4644,0.0245,0.6237,6.7509,0.0,LogisticRegression,0.6458295371385149,0.6476577775871932,0.6377347409223593,0.6430292140716711,0.6403040606931607,0.6443642339747148,0.6486591445952664,0.6476577775871932,0.6424135299286782
german,Credit_amount,1000.0,0.051,0.9262,250.0,18424.0,3259.51,2303.0,2804.2852,1.9358,4.2475,1090.0,2611.0,0.0232,0.6241,0.0161,0.4644,0.0245,0.6237,6.7509,0.0,KNN,0.6476732655651073,0.6454009449471314,0.6412093622208999,0.6394531481024569,0.6420318881409868,0.6415444872807498,0.6443769757623037,0.6454009449471314,0.6431074595723887
german,Credit_amount,1000.0,0.051,0.9262,250.0,18424.0,3259.51,2303.0,2804.2852,1.9358,4.2475,1090.0,2611.0,0.0232,0.6241,0.0161,0.4644,0.0245,0.6237,6.7509,0.0,RandomForest,0.6920393034731401,0.6772854952418003,0.6787040294646307,0.6809694277560484,0.6848948465570736,0.6836931760445657,0.6935234385519402,0.6828735221979869,0.684919921828428
german,Credit_amount,1000.0,0.051,0.9262,250.0,18424.0,3259.51,2303.0,2804.2852,1.9358,4.2475,1090.0,2611.0,0.0232,0.6241,0.0161,0.4644,0.0245,0.6237,6.7509,0.0,AdaBoost,0.6490133587070092,0.6515671197092726,0.6556669392496256,0.6526738808110841,0.6472947922389793,0.6467140314007289,0.6587010815270063,0.6549184810553559,0.6544423204024585
german,Credit_amount,1000.0,0.051,0.9262,250.0,18424.0,3259.51,2303.0,2804.2852,1.9358,4.2475,1090.0,2611.0,0.0232,0.6241,0.0161,0.4644,0.0245,0.6237,6.7509,0.0,SVC,0.5866071804226658,0.5866071804226658,0.5866071804226658,0.5866071804226658,0.5866071804226658,0.5866071804226658,0.5866071804226658,0.5866071804226658,0.5866071804226658
german,Duration,1000.0,0.503,0.0624,4.0,60.0,21.2656,18.0,12.0721,1.0616,0.8179,6.0,12.0,0.0139,0.637,0.0015,0.4693,0.0012,0.6363,2.6299,0.1008,DecisionTree,0.6399235683696012,0.6204981235976732,0.6285231944336903,0.6437390056868773,0.6200178140405248,0.6515362953551991,0.6208086948639903,0.6194850977213551,0.6399482234161783
german,Duration,1000.0,0.503,0.0624,4.0,60.0,21.2656,18.0,12.0721,1.0616,0.8179,6.0,12.0,0.0139,0.637,0.0015,0.4693,0.0012,0.6363,2.6299,0.1008,LogisticRegression,0.630451471818847,0.6365155116972346,0.6379458049811124,0.6347366782682544,0.6339151882282889,0.6395530440333392,0.6336818037893338,0.6355064926795886,0.6456255931644663
german,Duration,1000.0,0.503,0.0624,4.0,60.0,21.2656,18.0,12.0721,1.0616,0.8179,6.0,12.0,0.0139,0.637,0.0015,0.4693,0.0012,0.6363,2.6299,0.1008,KNN,0.6657928233012285,0.6575298221103014,0.6466421417796886,0.6545171701602677,0.6456851189388884,0.6574796249058271,0.6631911912674417,0.6592784373505792,0.6507661354695973
german,Duration,1000.0,0.503,0.0624,4.0,60.0,21.2656,18.0,12.0721,1.0616,0.8179,6.0,12.0,0.0139,0.637,0.0015,0.4693,0.0012,0.6363,2.6299,0.1008,RandomForest,0.6537275712243784,0.6617310713948092,0.6617596383692554,0.6593426825573009,0.6593524581743102,0.6637154954418878,0.658141116332601,0.6593709410444536,0.6581570106673773
german,Duration,1000.0,0.503,0.0624,4.0,60.0,21.2656,18.0,12.0721,1.0616,0.8179,6.0,12.0,0.0139,0.637,0.0015,0.4693,0.0012,0.6363,2.6299,0.1008,AdaBoost,0.6357548268592765,0.642804407917299,0.6417827191230904,0.640844999772508,0.6410831054802236,0.6378829281880583,0.6419754258405547,0.6390798902578779,0.6655149312431231
german,Duration,1000.0,0.503,0.0624,4.0,60.0,21.2656,18.0,12.0721,1.0616,0.8179,6.0,12.0,0.0139,0.637,0.0015,0.4693,0.0012,0.6363,2.6299,0.1008,SVC,0.5866071804226658,0.5866071804226658,0.5866071804226658,0.5866071804226658,0.5866071804226658,0.5866071804226658,0.5866071804226658,0.5866071804226658,0.5866071804226658
german,Duration,1000.0,0.463,0.0559,4.0,60.0,20.73,18.0,11.6873,1.0082,0.7383,6.0,12.0,0.0317,0.6062,0.0192,0.4444,0.0276,0.6009,2.6007,0.1023,DecisionTree,0.6270917957366672,0.6512620982653752,0.6190093074158455,0.6703780271355797,0.6269048454197083,0.635585282088788,0.6393948687939617,0.6332941773828306,0.6518319201638387
german,Duration,1000.0,0.463,0.0559,4.0,60.0,20.73,18.0,11.6873,1.0082,0.7383,6.0,12.0,0.0317,0.6062,0.0192,0.4444,0.0276,0.6009,2.6007,0.1023,LogisticRegression,0.6374659566660188,0.6292695764384544,0.6310890008231936,0.6345379559854123,0.6375882751591732,0.6347113488535487,0.6371046141272313,0.6344123391367615,0.6311443158994031
german,Duration,1000.0,0.463,0.0559,4.0,60.0,20.73,18.0,11.6873,1.0082,0.7383,6.0,12.0,0.0317,0.6062,0.0192,0.4444,0.0276,0.6009,2.6007,0.1023,KNN,0.6636858235186252,0.6492083745258103,0.6444656242598062,0.6555562032688823,0.6507108548788243,0.6603206382915083,0.6579167161432528,0.6472465399868825,0.6408575225287865
german,Duration,1000.0,0.463,0.0559,4.0,60.0,20.73,18.0,11.6873,1.0082,0.7383,6.0,12.0,0.0317,0.6062,0.0192,0.4444,0.0276,0.6009,2.6007,0.1023,RandomForest,0.6695042065229376,0.6789592150189478,0.6562839274779492,0.6780268054007258,0.6843145606490976,0.6824509543365698,0.6725699019336902,0.6705480971136811,0.6831709659410162
german,Duration,1000.0,0.463,0.0559,4.0,60.0,20.73,18.0,11.6873,1.0082,0.7383,6.0,12.0,0.0317,0.6062,0.0192,0.4444,0.0276,0.6009,2.6007,0.1023,AdaBoost,0.6389240842645686,0.6487231247180438,0.6414215159216328,0.6517503857775544,0.6437473391603384,0.6431774004429072,0.642596111605584,0.639888868206844,0.6480973586418086
german,Duration,1000.0,0.463,0.0559,4.0,60.0,20.73,18.0,11.6873,1.0082,0.7383,6.0,12.0,0.0317,0.6062,0.0192,0.4444,0.0276,0.6009,2.6007,0.1023,SVC,0.5866071804226658,0.5866071804226658,0.5866071804226658,0.5866071804226658,0.5866071804226658,0.5866071804226658,0.5866071804226658,0.5866071804226658,0.5866071804226658
german,Duration,1000.0,0.394,0.0495,4.0,60.0,20.4373,18.0,11.8294,1.1153,0.8812,6.0,12.0,0.0546,0.6259,0.0308,0.4562,0.0454,0.6157,2.5785,0.1038,DecisionTree,0.6277396896420083,0.6307802003389613,0.6387483886258728,0.6606740076450572,0.6476801106353367,0.6593640221724035,0.6397403566987037,0.6311294094044546,0.6262675163901065
german,Duration,1000.0,0.394,0.0495,4.0,60.0,20.4373,18.0,11.8294,1.1153,0.8812,6.0,12.0,0.0546,0.6259,0.0308,0.4562,0.0454,0.6157,2.5785,0.1038,LogisticRegression,0.640516912989211,0.630013163403567,0.6354184058531701,0.6308617346630883,0.6344868723720873,0.6424790736792461,0.6413147484778946,0.6369903993743677,0.63356941152401
german,Duration,1000.0,0.394,0.0495,4.0,60.0,20.4373,18.0,11.8294,1.1153,0.8812,6.0,12.0,0.0546,0.6259,0.0308,0.4562,0.0454,0.6157,2.5785,0.1038,KNN,0.650836826619466,0.6593514522174382,0.6514174653679555,0.6598164283551649,0.6619359186676769,0.6594107091366519,0.6427930759091764,0.651139163360587,0.6496482641725387
german,Duration,1000.0,0.394,0.0495,4.0,60.0,20.4373,18.0,11.8294,1.1153,0.8812,6.0,12.0,0.0546,0.6259,0.0308,0.4562,0.0454,0.6157,2.5785,0.1038,RandomForest,0.6801672669375374,0.6804292403889914,0.6802420474995485,0.6780176253369794,0.6847851314578717,0.6916006409977161,0.6822487643423284,0.6753294239071976,0.6699378919891443
german,Duration,1000.0,0.394,0.0495,4.0,60.0,20.4373,18.0,11.8294,1.1153,0.8812,6.0,12.0,0.0546,0.6259,0.0308,0.4562,0.0454,0.6157,2.5785,0.1038,AdaBoost,0.6357831171153099,0.6479607014918563,0.6447151280959652,0.6535946066103582,0.6368201726292759,0.6446598176509452,0.6401455012020273,0.6428317455148883,0.6501144354251218
german,Duration,1000.0,0.394,0.0495,4.0,60.0,20.4373,18.0,11.8294,1.1153,0.8812,6.0,12.0,0.0546,0.6259,0.0308,0.4562,0.0454,0.6157,2.5785,0.1038,SVC,0.5866071804226658,0.5866071804226658,0.5866071804226658,0.5866071804226658,0.5866071804226658,0.5866071804226658,0.5866071804226658,0.5866071804226658,0.5866071804226658
german,Duration,1000.0,0.316,0.0453,4.0,72.0,20.9196,18.0,12.009,1.1043,1.0287,6.0,12.0,0.0632,0.6176,0.0454,0.4635,0.0657,0.621,2.609,0.1027,DecisionTree,0.6596938103849083,0.6484499930341778,0.6567644260579943,0.6742104368558407,0.6557340292187527,0.6570115109633218,0.6701698966062216,0.6385391193204928,0.6590167560836118
german,Duration,1000.0,0.316,0.0453,4.0,72.0,20.9196,18.0,12.009,1.1043,1.0287,6.0,12.0,0.0632,0.6176,0.0454,0.4635,0.0657,0.621,2.609,0.1027,LogisticRegression,0.6436683683793436,0.6445159903512235,0.6327669872425671,0.6432124174783472,0.6439835054150349,0.6461305247303362,0.6465389970034272,0.6461468706096843,0.6502234299332791
german,Duration,1000.0,0.316,0.0453,4.0,72.0,20.9196,18.0,12.009,1.1043,1.0287,6.0,12.0,0.0632,0.6176,0.0454,0.4635,0.0657,0.621,2.609,0.1027,KNN,0.6543386459471628,0.6431685874425568,0.6586952943711121,0.6609643675101572,0.6615389276413215,0.6562291058444648,0.6478755922313707,0.6601601074459197,0.6377685830582298
german,Duration,1000.0,0.316,0.0453,4.0,72.0,20.9196,18.0,12.009,1.1043,1.0287,6.0,12.0,0.0632,0.6176,0.0454,0.4635,0.0657,0.621,2.609,0.1027,RandomForest,0.6804159500209253,0.6826969621711985,0.6805764068064457,0.6762289807796351,0.6937451179261559,0.6874167474774131,0.6773000917055121,0.6724651581357348,0.681265080214457
german,Duration,1000.0,0.316,0.0453,4.0,72.0,20.9196,18.0,12.009,1.1043,1.0287,6.0,12.0,0.0632,0.6176,0.0454,0.4635,0.0657,0.621,2.609,0.1027,AdaBoost,0.6494674557131495,0.6464462960955119,0.6508868497960559,0.6528521309415819,0.6558942929419479,0.6606907247395496,0.6546755701939954,0.6495296170574967,0.6584953914557834
german,Duration,1000.0,0.316,0.0453,4.0,72.0,20.9196,18.0,12.009,1.1043,1.0287,6.0,12.0,0.0632,0.6176,0.0454,0.4635,0.0657,0.621,2.609,0.1027,SVC,0.5866071804226658,0.5866071804226658,0.5866071804226658,0.5866071804226658,0.5866071804226658,0.5866071804226658,0.5866071804226658,0.5866071804226658,0.5866071804226658
german,Duration,1000.0,0.294,0.0453,4.0,72.0,20.7351,18.0,12.0876,1.1421,1.0472,6.0,12.0,0.0179,0.6279,0.0096,0.4647,0.0141,0.6244,2.6151,0.0962,DecisionTree,0.647217004799449,0.6367069337212804,0.6339934518097439,0.6470188750540367,0.6590146843149884,0.6426967683218109,0.6354319707819691,0.633230048629491,0.6471352019172725
german,Duration,1000.0,0.294,0.0453,4.0,72.0,20.7351,18.0,12.0876,1.1421,1.0472,6.0,12.0,0.0179,0.6279,0.0096,0.4647,0.0141,0.6244,2.6151,0.0962,LogisticRegression,0.62667807690671,0.6315474188279758,0.6276924144723606,0.6339576723155061,0.6275251590085595,0.6311579478441068,0.6210825739149133,0.626210415935955,0.6332979538733281
german,Duration,1000.0,0.294,0.0453,4.0,72.0,20.7351,18.0,12.0876,1.1421,1.0472,6.0,12.0,0.0179,0.6279,0.0096,0.4647,0.0141,0.6244,2.6151,0.0962,KNN,0.6557153866679727,0.6473938816130321,0.666485038664109,0.6737879205572147,0.6631969215639596,0.6675444657478983,0.6502934225268587,0.6417375295376393,0.6655973546951199
german,Duration,1000.0,0.294,0.0453,4.0,72.0,20.7351,18.0,12.0876,1.1421,1.0472,6.0,12.0,0.0179,0.6279,0.0096,0.4647,0.0141,0.6244,2.6151,0.0962,RandomForest,0.6765552130413917,0.6709396907066494,0.668854802234002,0.6609696983180993,0.6732348501103458,0.683063190674452,0.6757362285044692,0.6798512143900941,0.6688494890036978
german,Duration,1000.0,0.294,0.0453,4.0,72.0,20.7351,18.0,12.0876,1.1421,1.0472,6.0,12.0,0.0179,0.6279,0.0096,0.4647,0.0141,0.6244,2.6151,0.0962,AdaBoost,0.6355237032091916,0.643701790282344,0.6442144006156303,0.6491634446247234,0.6578893073100143,0.6387394349605922,0.6507718869433792,0.6386633068098907,0.650105603620965
german,Duration,1000.0,0.294,0.0453,4.0,72.0,20.7351,18.0,12.0876,1.1421,1.0472,6.0,12.0,0.0179,0.6279,0.0096,0.4647,0.0141,0.6244,2.6151,0.0962,SVC,0.5866071804226658,0.5866071804226658,0.5866071804226658,0.5866071804226658,0.5866071804226658,0.5866071804226658,0.5866071804226658,0.5866071804226658,0.5866071804226658
german,Duration,1000.0,0.272,0.044,4.0,72.0,21.0714,18.0,12.0519,1.1353,1.0743,6.0,12.0,0.0308,0.6392,0.0209,0.4712,0.0301,0.6324,2.6036,0.0964,DecisionTree,0.6457320828504363,0.6486094216153372,0.654527830552351,0.6641163625279837,0.6473976092510483,0.6421611168115321,0.65349450314716,0.6311653326028626,0.6551658950649185
german,Duration,1000.0,0.272,0.044,4.0,72.0,21.0714,18.0,12.0519,1.1353,1.0743,6.0,12.0,0.0308,0.6392,0.0209,0.4712,0.0301,0.6324,2.6036,0.0964,LogisticRegression,0.6456762382965527,0.6427892420919714,0.6547665321306372,0.6506646552290694,0.6511734598233953,0.6515941128002551,0.6439731581529069,0.6366196031580316,0.6591363841649036
german,Duration,1000.0,0.272,0.044,4.0,72.0,21.0714,18.0,12.0519,1.1353,1.0743,6.0,12.0,0.0308,0.6392,0.0209,0.4712,0.0301,0.6324,2.6036,0.0964,KNN,0.6398280653552209,0.6503918736650023,0.6566732584597917,0.6492700699776028,0.6602590099945764,0.6486275044941181,0.6364867845790275,0.6551054083064695,0.6538880058921187
german,Duration,1000.0,0.272,0.044,4.0,72.0,21.0714,18.0,12.0519,1.1353,1.0743,6.0,12.0,0.0308,0.6392,0.0209,0.4712,0.0301,0.6324,2.6036,0.0964,RandomForest,0.6845693509491203,0.6850071287667197,0.6894103545081177,0.6821929279846244,0.6945621816276013,0.6793497212670027,0.6800986263154842,0.6789270593495972,0.6910213944619588
german,Duration,1000.0,0.272,0.044,4.0,72.0,21.0714,18.0,12.0519,1.1353,1.0743,6.0,12.0,0.0308,0.6392,0.0209,0.4712,0.0301,0.6324,2.6036,0.0964,AdaBoost,0.6457663252743853,0.6586166433332071,0.6504677643149627,0.6608608831145022,0.6487594787368195,0.6591493440136325,0.6505624293233057,0.6515202338472733,0.6542165055192716
german,Duration,1000.0,0.272,0.044,4.0,72.0,21.0714,18.0,12.0519,1.1353,1.0743,6.0,12.0,0.0308,0.6392,0.0209,0.4712,0.0301,0.6324,2.6036,0.0964,SVC,0.5866071804226658,0.5866071804226658,0.5866071804226658,0.5866071804226658,0.5866071804226658,0.5866071804226658,0.5866071804226658,0.5866071804226658,0.5866071804226658
german,Duration,1000.0,0.177,0.0352,4.0,60.0,20.9976,18.0,12.0192,1.0579,0.8302,6.0,12.0,0.014,0.6152,0.0107,0.4661,0.016,0.6253,2.5833,0.1185,DecisionTree,0.647115954338554,0.6507403570919391,0.6586605796051133,0.6704087168731343,0.6701928004495566,0.6471442914370381,0.6534835329593445,0.6521947901076901,0.6628398938472436
german,Duration,1000.0,0.177,0.0352,4.0,60.0,20.9976,18.0,12.0192,1.0579,0.8302,6.0,12.0,0.014,0.6152,0.0107,0.4661,0.016,0.6253,2.5833,0.1185,LogisticRegression,0.6277007299099303,0.6305982007560194,0.6246395213117704,0.6296584303843363,0.6229966883739744,0.6262914387904244,0.6303687157784619,0.6342020385286389,0.6266757226037897
german,Duration,1000.0,0.177,0.0352,4.0,60.0,20.9976,18.0,12.0192,1.0579,0.8302,6.0,12.0,0.014,0.6152,0.0107,0.4661,0.016,0.6253,2.5833,0.1185,KNN,0.6571170719933344,0.6604183358019321,0.6424768486391843,0.6676697260208686,0.6671203771838052,0.6652199778827663,0.6577534879198195,0.6602396232868635,0.6639961949252732
german,Duration,1000.0,0.177,0.0352,4.0,60.0,20.9976,18.0,12.0192,1.0579,0.8302,6.0,12.0,0.014,0.6152,0.0107,0.4661,0.016,0.6253,2.5833,0.1185,RandomForest,0.6882939152119893,0.692468890817584,0.6790426512442935,0.6941330611565448,0.6872741405018242,0.684809131156148,0.6798675821838938,0.6830549539457625,0.6832243725090497
german,Duration,1000.0,0.177,0.0352,4.0,60.0,20.9976,18.0,12.0192,1.0579,0.8302,6.0,12.0,0.014,0.6152,0.0107,0.4661,0.016,0.6253,2.5833,0.1185,AdaBoost,0.6486470527519206,0.6476764893113085,0.6576998156789718,0.6510521942289705,0.6443333835684424,0.6546628589555759,0.6388612970958996,0.6519904116567254,0.6657951992339359
german,Duration,1000.0,0.177,0.0352,4.0,60.0,20.9976,18.0,12.0192,1.0579,0.8302,6.0,12.0,0.014,0.6152,0.0107,0.4661,0.016,0.6253,2.5833,0.1185,SVC,0.5866071804226658,0.5866071804226658,0.5866071804226658,0.5866071804226658,0.5866071804226658,0.5866071804226658,0.5866071804226658,0.5866071804226658,0.5866071804226658
german,Duration,1000.0,0.137,0.0371,4.0,72.0,20.8957,18.0,12.0702,1.0928,0.8827,6.0,12.0,0.0429,0.6308,0.0329,0.4673,0.047,0.6251,2.6153,0.0971,DecisionTree,0.6731652214451136,0.6334512851146833,0.6787946950326886,0.6630403558643809,0.6657947013469283,0.6425555284075182,0.6686159001873966,0.6673695654765215,0.6432160896441669
german,Duration,1000.0,0.137,0.0371,4.0,72.0,20.8957,18.0,12.0702,1.0928,0.8827,6.0,12.0,0.0429,0.6308,0.0329,0.4673,0.047,0.6251,2.6153,0.0971,LogisticRegression,0.6440854252466239,0.6406141919887346,0.6400316716594266,0.6454518570623607,0.6376637689941733,0.6445780371820213,0.6448238492988003,0.644174356081586,0.6496784327771923
german,Duration,1000.0,0.137,0.0371,4.0,72.0,20.8957,18.0,12.0702,1.0928,0.8827,6.0,12.0,0.0429,0.6308,0.0329,0.4673,0.047,0.6251,2.6153,0.0971,KNN,0.6588738484633276,0.6380556482699266,0.6568349743840551,0.6541827432967715,0.6578812041698384,0.649908311362171,0.6539696419279233,0.6592860371445662,0.6463626230811425
german,Duration,1000.0,0.137,0.0371,4.0,72.0,20.8957,18.0,12.0702,1.0928,0.8827,6.0,12.0,0.0429,0.6308,0.0329,0.4673,0.047,0.6251,2.6153,0.0971,RandomForest,0.6919767435142877,0.6805718537934841,0.6802845780157418,0.6840341275658494,0.6832589079311837,0.6813381141192567,0.6922617932621927,0.6849498427130016,0.6832984998932309
german,Duration,1000.0,0.137,0.0371,4.0,72.0,20.8957,18.0,12.0702,1.0928,0.8827,6.0,12.0,0.0429,0.6308,0.0329,0.4673,0.047,0.6251,2.6153,0.0971,AdaBoost,0.6512354091447049,0.6624741565135562,0.6525992843595319,0.656948436736682,0.6584322016524262,0.6454945449917223,0.6598217343764934,0.6616422883524257,0.6546120865735556
german,Duration,1000.0,0.137,0.0371,4.0,72.0,20.8957,18.0,12.0702,1.0928,0.8827,6.0,12.0,0.0429,0.6308,0.0329,0.4673,0.047,0.6251,2.6153,0.0971,SVC,0.5866071804226658,0.5866071804226658,0.5866071804226658,0.5866071804226658,0.5866071804226658,0.5866071804226658,0.5866071804226658,0.5866071804226658,0.5866071804226658
german,Duration,1000.0,0.108,0.037,4.0,72.0,20.9182,18.0,12.1282,1.0586,0.762,6.0,12.0,0.0444,0.636,0.0304,0.4794,0.0443,0.6404,2.6125,0.0912,DecisionTree,0.6360915655106073,0.6328728826764309,0.6561596428446097,0.6567835618682547,0.6320488856461752,0.6336104113937358,0.6298254490645707,0.6390397624342161,0.6620975130587876
german,Duration,1000.0,0.108,0.037,4.0,72.0,20.9182,18.0,12.1282,1.0586,0.762,6.0,12.0,0.0444,0.636,0.0304,0.4794,0.0443,0.6404,2.6125,0.0912,LogisticRegression,0.6361504386508022,0.6338805656999492,0.6364466034888338,0.6303459923679687,0.6337032403559473,0.6337666404971164,0.6308317835201249,0.6340965131686818,0.6379992889039519
german,Duration,1000.0,0.108,0.037,4.0,72.0,20.9182,18.0,12.1282,1.0586,0.762,6.0,12.0,0.0444,0.636,0.0304,0.4794,0.0443,0.6404,2.6125,0.0912,KNN,0.6508312116815322,0.6333844630081736,0.6390438976662384,0.6495961170693666,0.6371009276239681,0.6462929054371853,0.6426146773378388,0.6283769868050861,0.6389287436499536
german,Duration,1000.0,0.108,0.037,4.0,72.0,20.9182,18.0,12.1282,1.0586,0.762,6.0,12.0,0.0444,0.636,0.0304,0.4794,0.0443,0.6404,2.6125,0.0912,RandomForest,0.6808290077077239,0.6773066868149231,0.6822348989835225,0.6835744807103705,0.6693489797430028,0.6764877732936914,0.6822116396058827,0.6660304836123631,0.6736519200268751
german,Duration,1000.0,0.108,0.037,4.0,72.0,20.9182,18.0,12.1282,1.0586,0.762,6.0,12.0,0.0444,0.636,0.0304,0.4794,0.0443,0.6404,2.6125,0.0912,AdaBoost,0.6490895379526155,0.6361243567875402,0.646251014053205,0.647796643683482,0.6430808783327436,0.6482105942551851,0.6498043411338832,0.6398316543293744,0.648799095033596
german,Duration,1000.0,0.108,0.037,4.0,72.0,20.9182,18.0,12.1282,1.0586,0.762,6.0,12.0,0.0444,0.636,0.0304,0.4794,0.0443,0.6404,2.6125,0.0912,SVC,0.5866071804226658,0.5866071804226658,0.5866071804226658,0.5866071804226658,0.5866071804226658,0.5866071804226658,0.5866071804226658,0.5866071804226658,0.5866071804226658
german,Duration,1000.0,0.049,0.0336,4.0,72.0,20.7697,18.0,11.9181,1.1113,0.9766,6.0,12.0,0.0325,0.6307,0.0198,0.4615,0.0288,0.6198,2.5896,0.0974,DecisionTree,0.657973926397792,0.6508429574643058,0.6628955316100972,0.6599305082610665,0.6610969165378031,0.649616175235916,0.6479901780010384,0.655524034430313,0.655181122479817
german,Duration,1000.0,0.049,0.0336,4.0,72.0,20.7697,18.0,11.9181,1.1113,0.9766,6.0,12.0,0.0325,0.6307,0.0198,0.4615,0.0288,0.6198,2.5896,0.0974,LogisticRegression,0.6440822306996798,0.6391099718481557,0.6397561573037133,0.6408815037198117,0.640251881399957,0.6416774556158227,0.6421776267091863,0.6415792775661521,0.6338989183777126
german,Duration,1000.0,0.049,0.0336,4.0,72.0,20.7697,18.0,11.9181,1.1113,0.9766,6.0,12.0,0.0325,0.6307,0.0198,0.4615,0.0288,0.6198,2.5896,0.0974,KNN,0.6462507026735744,0.6413029580067652,0.6387612811194783,0.6491035039248652,0.6456855468893782,0.6495291250125474,0.6412831179859786,0.6381364388846441,0.6380608942589275
german,Duration,1000.0,0.049,0.0336,4.0,72.0,20.7697,18.0,11.9181,1.1113,0.9766,6.0,12.0,0.0325,0.6307,0.0198,0.4615,0.0288,0.6198,2.5896,0.0974,RandomForest,0.7020826183419214,0.6931174703739663,0.6942855380452336,0.6930300877903394,0.6855598882086359,0.6893939038471939,0.6929813111000883,0.6901445037315369,0.6921547685794466
german,Duration,1000.0,0.049,0.0336,4.0,72.0,20.7697,18.0,11.9181,1.1113,0.9766,6.0,12.0,0.0325,0.6307,0.0198,0.4615,0.0288,0.6198,2.5896,0.0974,AdaBoost,0.6536443386059799,0.6583568122747674,0.6572654055879997,0.6584429126675255,0.659228140391965,0.654392745846252,0.6530535055678361,0.6541228689572887,0.6550234153712995
german,Duration,1000.0,0.049,0.0336,4.0,72.0,20.7697,18.0,11.9181,1.1113,0.9766,6.0,12.0,0.0325,0.6307,0.0198,0.4615,0.0288,0.6198,2.5896,0.0974,SVC,0.5866071804226658,0.5866071804226658,0.5866071804226658,0.5866071804226658,0.5866071804226658,0.5866071804226658,0.5866071804226658,0.5866071804226658,0.5866071804226658
