name,column_name,n_tuples,missing_perc,uniqueness,min,max,mean,median,std,skewness,kurtosis,mad,iqr,p_min,p_max,k_min,k_max,s_min,s_max,entropy,density,ml_algorithm,impute_standard,impute_mean,impute_median,impute_random,impute_knn,impute_mice,impute_linear_regression,impute_random_forest,impute_cmeans
drug,Age,200.0,0.51,0.4898,15.0,74.0,45.0,47.0,16.2141,-0.0996,-1.1634,14.0,28.0,0.1631,0.1631,0.1124,0.1124,0.167,0.167,3.7447,0.0226,DecisionTree,0.9431431340990164,0.9459408415658416,0.9437093788564377,0.9446853146853147,0.9271416893291893,0.9434023438435204,0.9376664131075896,0.9786425380175381,0.9410394289806054
drug,Age,200.0,0.51,0.4898,15.0,74.0,45.0,47.0,16.2141,-0.0996,-1.1634,14.0,28.0,0.1631,0.1631,0.1124,0.1124,0.167,0.167,3.7447,0.0226,LogisticRegression,0.9054887246270333,0.8973231184204371,0.912583288085702,0.9116429312591812,0.9128947035323839,0.9092959457746801,0.91477789428375,0.894118753341072,0.91477789428375
drug,Age,200.0,0.51,0.4898,15.0,74.0,45.0,47.0,16.2141,-0.0996,-1.1634,14.0,28.0,0.1631,0.1631,0.1124,0.1124,0.167,0.167,3.7447,0.0226,KNN,0.7644296246315055,0.7101558276487827,0.7779012732605077,0.7574421791290971,0.7617097763347763,0.7846010964053416,0.7850967075560099,0.7273985648109875,0.724047417180088
drug,Age,200.0,0.51,0.4898,15.0,74.0,45.0,47.0,16.2141,-0.0996,-1.1634,14.0,28.0,0.1631,0.1631,0.1124,0.1124,0.167,0.167,3.7447,0.0226,RandomForest,0.952199074074074,0.9450171179582945,0.9192099567099568,0.9252274114774115,0.9192099567099568,0.9407843137254901,0.9325446775446775,0.9743900754746343,0.921559829059829
drug,Age,200.0,0.51,0.4898,15.0,74.0,45.0,47.0,16.2141,-0.0996,-1.1634,14.0,28.0,0.1631,0.1631,0.1124,0.1124,0.167,0.167,3.7447,0.0226,AdaBoost,0.7873652677712255,0.7873652677712255,0.7873652677712255,0.7873652677712255,0.7873652677712255,0.7873652677712255,0.7873652677712255,0.7873652677712255,0.7873652677712255
drug,Age,200.0,0.51,0.4898,15.0,74.0,45.0,47.0,16.2141,-0.0996,-1.1634,14.0,28.0,0.1631,0.1631,0.1124,0.1124,0.167,0.167,3.7447,0.0226,SVC,0.8802018822422518,0.8189076505949181,0.8640697138747503,0.8648352446145967,0.8452108041321712,0.8721735408444643,0.8570287632347549,0.8412293983696983,0.8104283559160819
drug,Age,200.0,0.39,0.4098,16.0,74.0,44.7541,45.0,15.973,-0.0022,-1.1461,14.0,27.0,0.1119,0.1119,0.0701,0.0701,0.1007,0.1007,3.7812,0.0241,DecisionTree,0.9744303939524528,0.9616890448875743,0.9451317432567432,0.9669037444037444,0.9601360676360677,0.9785756930977518,0.9785756930977518,0.9703298648519237,0.9787840264310852
drug,Age,200.0,0.39,0.4098,16.0,74.0,44.7541,45.0,15.973,-0.0022,-1.1461,14.0,27.0,0.1119,0.1119,0.0701,0.0701,0.1007,0.1007,3.7812,0.0241,LogisticRegression,0.9361178645906831,0.9325831966294538,0.9141222608352697,0.9400834507612222,0.9435242748036266,0.9361178645906831,0.9439353395890682,0.9371636673283454,0.9409205332454789
drug,Age,200.0,0.39,0.4098,16.0,74.0,44.7541,45.0,15.973,-0.0022,-1.1461,14.0,27.0,0.1119,0.1119,0.0701,0.0701,0.1007,0.1007,3.7812,0.0241,KNN,0.7899138675111625,0.7364005671351944,0.7313837894483056,0.7673223257345336,0.7921491762496145,0.7866131127046192,0.7780574823398576,0.7331845038901582,0.7535179534092449
drug,Age,200.0,0.39,0.4098,16.0,74.0,44.7541,45.0,15.973,-0.0022,-1.1461,14.0,27.0,0.1119,0.1119,0.0701,0.0701,0.1007,0.1007,3.7812,0.0241,RandomForest,0.9697954156410039,0.9699836601307189,0.9536390692640693,0.9663359788359788,0.9706524725274726,0.9733334010657817,0.9743900754746343,0.9609141720105232,0.9536642156862745
drug,Age,200.0,0.39,0.4098,16.0,74.0,44.7541,45.0,15.973,-0.0022,-1.1461,14.0,27.0,0.1119,0.1119,0.0701,0.0701,0.1007,0.1007,3.7812,0.0241,AdaBoost,0.7873652677712255,0.7873652677712255,0.7873652677712255,0.7873652677712255,0.7873652677712255,0.7873652677712255,0.7873652677712255,0.7873652677712255,0.7873652677712255
drug,Age,200.0,0.39,0.4098,16.0,74.0,44.7541,45.0,15.973,-0.0022,-1.1461,14.0,27.0,0.1119,0.1119,0.0701,0.0701,0.1007,0.1007,3.7812,0.0241,SVC,0.9112084266031097,0.8861233465003344,0.9077055565019733,0.9011962107416293,0.894132527229837,0.9112084266031097,0.882030383439327,0.8792708954864127,0.8750059562497001
drug,Age,200.0,0.385,0.4065,15.0,74.0,43.8211,43.0,16.317,0.0448,-1.0385,13.0,25.5,0.0721,0.0721,0.0386,0.0386,0.0566,0.0566,3.7842,0.008,DecisionTree,0.9661985563456151,0.9623260073260074,0.9422109140859141,0.9587009055759056,0.9382615995115995,0.9534050671550672,0.9661985563456151,0.9628792735042735,0.9624989824989825
drug,Age,200.0,0.385,0.4065,15.0,74.0,43.8211,43.0,16.317,0.0448,-1.0385,13.0,25.5,0.0721,0.0721,0.0386,0.0386,0.0566,0.0566,3.7842,0.008,LogisticRegression,0.9532021520895978,0.9226712035990904,0.9408472405251274,0.9363864562114018,0.9492752341001798,0.9532021520895978,0.9532021520895978,0.9314212035990904,0.9445069631554383
drug,Age,200.0,0.385,0.4065,15.0,74.0,43.8211,43.0,16.317,0.0448,-1.0385,13.0,25.5,0.0721,0.0721,0.0386,0.0386,0.0566,0.0566,3.7842,0.008,KNN,0.793371813393664,0.6908252897279679,0.768119148567532,0.7671340736001471,0.764832666632735,0.7927972298709673,0.7814178260879485,0.7262078907575953,0.7177099986635767
drug,Age,200.0,0.385,0.4065,15.0,74.0,43.8211,43.0,16.317,0.0448,-1.0385,13.0,25.5,0.0721,0.0721,0.0386,0.0386,0.0566,0.0566,3.7842,0.008,RandomForest,0.9579493817729112,0.9540370971620972,0.9540443121693121,0.9498032754282754,0.9452276427276427,0.9579493817729112,0.9540370971620972,0.945245344932845,0.944982174688057
drug,Age,200.0,0.385,0.4065,15.0,74.0,43.8211,43.0,16.317,0.0448,-1.0385,13.0,25.5,0.0721,0.0721,0.0386,0.0386,0.0566,0.0566,3.7842,0.008,AdaBoost,0.7873652677712255,0.7873652677712255,0.7873652677712255,0.7873652677712255,0.7873652677712255,0.7873652677712255,0.7873652677712255,0.7873652677712255,0.7873652677712255
drug,Age,200.0,0.385,0.4065,15.0,74.0,43.8211,43.0,16.317,0.0448,-1.0385,13.0,25.5,0.0721,0.0721,0.0386,0.0386,0.0566,0.0566,3.7842,0.008,SVC,0.9161778211297886,0.8692350806691621,0.9208592010305089,0.9001617420023045,0.9231495541495541,0.9198311250309917,0.920321652493964,0.8711643072017167,0.8704651029112545
drug,Age,200.0,0.355,0.4341,15.0,74.0,44.2791,45.0,16.1907,-0.0079,-1.0444,13.0,26.0,0.0064,0.0064,0.0104,0.0104,0.0103,0.0103,3.8943,0.0184,DecisionTree,0.9435442036177331,0.9534671462796462,0.9178493375532849,0.9231316885728651,0.9447596153846153,0.9610579351204351,0.954109281921782,0.9396319190069191,0.9481388634513634
drug,Age,200.0,0.355,0.4341,15.0,74.0,44.2791,45.0,16.1907,-0.0079,-1.0444,13.0,26.0,0.0064,0.0064,0.0104,0.0104,0.0103,0.0103,3.8943,0.0184,LogisticRegression,0.8935724230133788,0.8857676448128997,0.9043976398669653,0.8679938989402728,0.8843492484753794,0.8935724230133788,0.9017955270698162,0.8866875582328132,0.8877600456868796
drug,Age,200.0,0.355,0.4341,15.0,74.0,44.2791,45.0,16.1907,-0.0079,-1.0444,13.0,26.0,0.0064,0.0064,0.0104,0.0104,0.0103,0.0103,3.8943,0.0184,KNN,0.7650896325896325,0.7405715988439234,0.7324801629283382,0.752385376410215,0.7852561991865357,0.7630649690514673,0.7849391391678939,0.7283567645418828,0.7403451370098718
drug,Age,200.0,0.355,0.4341,15.0,74.0,44.2791,45.0,16.1907,-0.0079,-1.0444,13.0,26.0,0.0064,0.0064,0.0104,0.0104,0.0103,0.0103,3.8943,0.0184,RandomForest,0.9449342324342325,0.950814393939394,0.9211460761460761,0.9322106012895487,0.9290195221445222,0.93502442002442,0.9336355311355311,0.9341336767807356,0.9308821733821735
drug,Age,200.0,0.355,0.4341,15.0,74.0,44.2791,45.0,16.1907,-0.0079,-1.0444,13.0,26.0,0.0064,0.0064,0.0104,0.0104,0.0103,0.0103,3.8943,0.0184,AdaBoost,0.7873652677712255,0.7873652677712255,0.7873652677712255,0.7873652677712255,0.7873652677712255,0.7873652677712255,0.7873652677712255,0.7873652677712255,0.7873652677712255
drug,Age,200.0,0.355,0.4341,15.0,74.0,44.2791,45.0,16.1907,-0.0079,-1.0444,13.0,26.0,0.0064,0.0064,0.0104,0.0104,0.0103,0.0103,3.8943,0.0184,SVC,0.8568273646280792,0.8348332205233575,0.8458854062376217,0.8673249963308698,0.8470667684270821,0.8709812495754,0.8723821452237729,0.8238683236366467,0.827606603340299
drug,Age,200.0,0.305,0.3741,15.0,74.0,43.8129,43.0,16.6882,0.094,-1.1095,15.0,27.5,0.1226,0.1226,0.072,0.072,0.1087,0.1087,3.8255,0.0236,DecisionTree,0.9488647232397233,0.9666389329624624,0.9369063616122439,0.9602216397436986,0.9524096967846968,0.9528234496984497,0.9692161542161543,0.9696431836137719,0.9434789679274974
drug,Age,200.0,0.305,0.3741,15.0,74.0,43.8129,43.0,16.6882,0.094,-1.1095,15.0,27.5,0.1226,0.1226,0.072,0.072,0.1087,0.1087,3.8255,0.0236,LogisticRegression,0.9233851756602769,0.8825328422225215,0.9322349432363596,0.9241709571445877,0.9284963539699846,0.92317372997089,0.92317372997089,0.872043331733011,0.9189159131276512
drug,Age,200.0,0.305,0.3741,15.0,74.0,43.8129,43.0,16.6882,0.094,-1.1095,15.0,27.5,0.1226,0.1226,0.072,0.072,0.1087,0.1087,3.8255,0.0236,KNN,0.7536389660465855,0.7374106355327553,0.7672532364852098,0.7507304076116617,0.7600857292641041,0.7473483512952322,0.753963746067064,0.7698108603195081,0.7282177888752542
drug,Age,200.0,0.305,0.3741,15.0,74.0,43.8129,43.0,16.6882,0.094,-1.1095,15.0,27.5,0.1226,0.1226,0.072,0.072,0.1087,0.1087,3.8255,0.0236,RandomForest,0.9570095645095644,0.9484540609172962,0.9452396949455772,0.9371047743106566,0.9424526862026861,0.9481934269434269,0.9209893925518926,0.9576041666666667,0.91719971001221
drug,Age,200.0,0.305,0.3741,15.0,74.0,43.8129,43.0,16.6882,0.094,-1.1095,15.0,27.5,0.1226,0.1226,0.072,0.072,0.1087,0.1087,3.8255,0.0236,AdaBoost,0.7873652677712255,0.7873652677712255,0.7873652677712255,0.7873652677712255,0.7873652677712255,0.7873652677712255,0.7873652677712255,0.7873652677712255,0.7873652677712255
drug,Age,200.0,0.305,0.3741,15.0,74.0,43.8129,43.0,16.6882,0.094,-1.1095,15.0,27.5,0.1226,0.1226,0.072,0.072,0.1087,0.1087,3.8255,0.0236,SVC,0.8921451352440354,0.8688803448216307,0.8794262306424714,0.8757157197215217,0.8756639543572562,0.8671243321765685,0.8663016312420255,0.8645252327659713,0.870065811506685
drug,Age,200.0,0.275,0.3862,15.0,74.0,45.4483,47.0,16.776,-0.1117,-1.094,13.0,27.0,0.1148,0.1148,0.0617,0.0617,0.0933,0.0933,3.9045,0.0197,DecisionTree,0.9689953449328449,0.9700843600843602,0.9367338217338217,0.9502989024864025,0.9299542124542124,0.9706091015466015,0.9576488442113442,0.9709249084249084,0.9625274725274725
drug,Age,200.0,0.275,0.3862,15.0,74.0,45.4483,47.0,16.776,-0.1117,-1.094,13.0,27.0,0.1148,0.1148,0.0617,0.0617,0.0933,0.0933,3.9045,0.0197,LogisticRegression,0.9184949632801419,0.9273623837828685,0.901529137670983,0.91169390078055,0.9066355269648233,0.9184949632801419,0.9230896231137723,0.9188114949930092,0.9197310372551865
drug,Age,200.0,0.275,0.3862,15.0,74.0,45.4483,47.0,16.776,-0.1117,-1.094,13.0,27.0,0.1148,0.1148,0.0617,0.0617,0.0933,0.0933,3.9045,0.0197,KNN,0.7535178646898345,0.6983443635560709,0.7496131251244585,0.758148141159664,0.7465057073340536,0.7478775640329125,0.7284160964675797,0.695660552902014,0.7241388357013357
drug,Age,200.0,0.275,0.3862,15.0,74.0,45.4483,47.0,16.776,-0.1117,-1.094,13.0,27.0,0.1148,0.1148,0.0617,0.0617,0.0933,0.0933,3.9045,0.0197,RandomForest,0.9584456515706515,0.9542789849039848,0.9295726495726495,0.9372283619158619,0.9291342338217339,0.9542789849039848,0.9440125152625152,0.9345342157842158,0.9497818847818849
drug,Age,200.0,0.275,0.3862,15.0,74.0,45.4483,47.0,16.776,-0.1117,-1.094,13.0,27.0,0.1148,0.1148,0.0617,0.0617,0.0933,0.0933,3.9045,0.0197,AdaBoost,0.7873652677712255,0.7873652677712255,0.7873652677712255,0.7873652677712255,0.7873652677712255,0.7873652677712255,0.7873652677712255,0.7873652677712255,0.7873652677712255
drug,Age,200.0,0.275,0.3862,15.0,74.0,45.4483,47.0,16.776,-0.1117,-1.094,13.0,27.0,0.1148,0.1148,0.0617,0.0617,0.0933,0.0933,3.9045,0.0197,SVC,0.8959076117556284,0.8658669460964756,0.8468321496144793,0.87626990522502,0.8769474028020187,0.8877658696071946,0.8827297874309051,0.8528755768910242,0.8591827032083599
drug,Age,200.0,0.18,0.3415,15.0,74.0,44.5915,45.0,16.5418,0.003,-1.0758,13.5,26.5,0.0859,0.0859,0.0415,0.0415,0.0622,0.0622,3.9307,0.0214,DecisionTree,0.9788911782661783,0.9830364774114775,0.9693912684537684,0.9739588189588191,0.964796608620138,0.9830364774114775,0.9830364774114775,0.9747906491656492,0.9788911782661783
drug,Age,200.0,0.18,0.3415,15.0,74.0,44.5915,45.0,16.5418,0.003,-1.0758,13.5,26.5,0.0859,0.0859,0.0415,0.0415,0.0622,0.0622,3.9307,0.0214,LogisticRegression,0.9366854318353931,0.944674602636301,0.9370538644648551,0.9294365600644625,0.9370862474745563,0.9409509232883845,0.9489935128927112,0.9409836195152776,0.9489935128927112
drug,Age,200.0,0.18,0.3415,15.0,74.0,44.5915,45.0,16.5418,0.003,-1.0758,13.5,26.5,0.0859,0.0859,0.0415,0.0415,0.0622,0.0622,3.9307,0.0214,KNN,0.7370639688945093,0.7272353593375104,0.7561070011446648,0.7672165235267905,0.7689519269686382,0.7405868808504769,0.7390723656262033,0.7366536806074578,0.7401832998359343
drug,Age,200.0,0.18,0.3415,15.0,74.0,44.5915,45.0,16.5418,0.003,-1.0758,13.5,26.5,0.0859,0.0859,0.0415,0.0415,0.0622,0.0622,3.9307,0.0214,RandomForest,0.9783567290552585,0.9705181623931624,0.9508003434474024,0.9705598799348799,0.9613519813519813,0.9701149708135003,0.9702106227106227,0.9741229073214368,0.9701149708135003
drug,Age,200.0,0.18,0.3415,15.0,74.0,44.5915,45.0,16.5418,0.003,-1.0758,13.5,26.5,0.0859,0.0859,0.0415,0.0415,0.0622,0.0622,3.9307,0.0214,AdaBoost,0.7873652677712255,0.7873652677712255,0.7873652677712255,0.7873652677712255,0.7873652677712255,0.7873652677712255,0.7873652677712255,0.7873652677712255,0.7873652677712255
drug,Age,200.0,0.18,0.3415,15.0,74.0,44.5915,45.0,16.5418,0.003,-1.0758,13.5,26.5,0.0859,0.0859,0.0415,0.0415,0.0622,0.0622,3.9307,0.0214,SVC,0.879465230279413,0.890466867492509,0.9171288660444166,0.8888971105203878,0.8914770862858593,0.9005753895168939,0.8939245120930488,0.8869608945529406,0.8985940921927427
drug,Age,200.0,0.13,0.3218,15.0,74.0,44.9885,46.0,16.5241,-0.032,-1.121,14.0,27.75,0.0835,0.0835,0.038,0.038,0.0594,0.0594,3.9067,0.0218,DecisionTree,0.9869114545585134,0.9827234203704791,0.9790846306471307,0.9871173597644185,0.9829506930977518,0.9869114545585134,0.9697562486533075,0.9788508713508713,0.9829720606191195
drug,Age,200.0,0.13,0.3218,15.0,74.0,44.9885,46.0,16.5241,-0.032,-1.121,14.0,27.75,0.0835,0.0835,0.038,0.038,0.0594,0.0594,3.9067,0.0218,LogisticRegression,0.9375768809953755,0.9456864354490211,0.9373071249570862,0.9533739867365111,0.9501011793504053,0.9415361162046106,0.9498744696370551,0.9417119420877352,0.9408686516936882
drug,Age,200.0,0.13,0.3218,15.0,74.0,44.9885,46.0,16.5241,-0.032,-1.121,14.0,27.75,0.0835,0.0835,0.038,0.038,0.0594,0.0594,3.9067,0.0218,KNN,0.7270522886294163,0.7282447651580404,0.7336536613674219,0.7300293456138262,0.7165631193425311,0.7255405298855148,0.7288389136242126,0.7623264180648568,0.7475006939644544
drug,Age,200.0,0.13,0.3218,15.0,74.0,44.9885,46.0,16.5241,-0.032,-1.121,14.0,27.75,0.0835,0.0835,0.038,0.038,0.0594,0.0594,3.9067,0.0218,RandomForest,0.9703668880139468,0.9743473519944108,0.9832512973137973,0.9827984495080083,0.9740371230077113,0.9786989379084967,0.9741296183391771,0.9663053939524529,0.9743062819533408
drug,Age,200.0,0.13,0.3218,15.0,74.0,44.9885,46.0,16.5241,-0.032,-1.121,14.0,27.75,0.0835,0.0835,0.038,0.038,0.0594,0.0594,3.9067,0.0218,AdaBoost,0.7873652677712255,0.7873652677712255,0.7873652677712255,0.7873652677712255,0.7873652677712255,0.7873652677712255,0.7873652677712255,0.7873652677712255,0.7873652677712255
drug,Age,200.0,0.13,0.3218,15.0,74.0,44.9885,46.0,16.5241,-0.032,-1.121,14.0,27.75,0.0835,0.0835,0.038,0.038,0.0594,0.0594,3.9067,0.0218,SVC,0.8839445247835258,0.884362189269947,0.9043230103852258,0.8998776518303394,0.8958238038968476,0.8758185820987596,0.8837873414500075,0.8883709408017704,0.8872916580311704
drug,Age,200.0,0.095,0.3094,15.0,74.0,44.0387,45.0,16.2638,0.0379,-1.0379,13.0,26.0,0.064,0.064,0.0316,0.0316,0.0482,0.0482,3.9211,0.0222,DecisionTree,0.9786317828413417,0.9742567828413417,0.9572893772893772,0.9660970606191195,0.9617031212251801,0.9742567828413417,0.9541015466015466,0.9915781440781442,0.9786317828413417
drug,Age,200.0,0.095,0.3094,15.0,74.0,44.0387,45.0,16.2638,0.0379,-1.0379,13.0,26.0,0.064,0.064,0.0316,0.0316,0.0482,0.0482,3.9211,0.0222,LogisticRegression,0.9406288792708646,0.9347380936645042,0.9368388151683004,0.932887044484863,0.9377048282401959,0.9330395935565788,0.9308793410439592,0.9139440007748232,0.9354740008775896
drug,Age,200.0,0.095,0.3094,15.0,74.0,44.0387,45.0,16.2638,0.0379,-1.0379,13.0,26.0,0.064,0.064,0.0316,0.0316,0.0482,0.0482,3.9211,0.0222,KNN,0.7534789072971846,0.7338698166533153,0.7507708120803358,0.7643403131171705,0.7691817477768107,0.7613639572603355,0.7408569810183875,0.7442903906125626,0.7394381629072684
drug,Age,200.0,0.095,0.3094,15.0,74.0,44.0387,45.0,16.2638,0.0379,-1.0379,13.0,26.0,0.064,0.064,0.0316,0.0316,0.0482,0.0482,3.9211,0.0222,RandomForest,0.973895944741533,0.9696621230077113,0.9575183823529412,0.9660573780794369,0.9618235563456151,0.973895944741533,0.9702106227106227,0.9696621230077113,0.9605150500371089
drug,Age,200.0,0.095,0.3094,15.0,74.0,44.0387,45.0,16.2638,0.0379,-1.0379,13.0,26.0,0.064,0.064,0.0316,0.0316,0.0482,0.0482,3.9211,0.0222,AdaBoost,0.7873652677712255,0.7873652677712255,0.7873652677712255,0.7873652677712255,0.7873652677712255,0.7873652677712255,0.7873652677712255,0.7873652677712255,0.7873652677712255
drug,Age,200.0,0.095,0.3094,15.0,74.0,44.0387,45.0,16.2638,0.0379,-1.0379,13.0,26.0,0.064,0.064,0.0316,0.0316,0.0482,0.0482,3.9211,0.0222,SVC,0.8819536979233182,0.8789660297679655,0.8788471153270045,0.8913173285603794,0.8868081164252777,0.8832881825340292,0.846633708342485,0.8811227999537615,0.8577800286576388
drug,Age,200.0,0.05,0.3,15.0,74.0,44.0263,44.0,16.4967,0.0272,-1.0946,14.0,27.0,0.0641,0.0641,0.0332,0.0332,0.0517,0.0517,3.9308,0.0219,DecisionTree,0.9831587047212047,0.9916656491656491,0.9915781440781442,0.9915781440781442,0.9832512973137973,0.9915781440781442,0.9915781440781442,0.9916656491656491,0.9744419006919006
drug,Age,200.0,0.05,0.3,15.0,74.0,44.0263,44.0,16.4967,0.0272,-1.0946,14.0,27.0,0.0641,0.0641,0.0332,0.0332,0.0517,0.0517,3.9308,0.0219,LogisticRegression,0.9398439848065969,0.9323009953886077,0.9323009953886077,0.9483725477469246,0.9398439848065969,0.9361898842774965,0.9323009953886077,0.9323009953886077,0.9323009953886077
drug,Age,200.0,0.05,0.3,15.0,74.0,44.0263,44.0,16.4967,0.0272,-1.0946,14.0,27.0,0.0641,0.0641,0.0332,0.0332,0.0517,0.0517,3.9308,0.0219,KNN,0.7604010127972893,0.747685936701967,0.7487325460301384,0.773075925131105,0.7532964067551833,0.7677936411125368,0.7524051270659532,0.7479122240669926,0.7486526130488895
drug,Age,200.0,0.05,0.3,15.0,74.0,44.0263,44.0,16.4967,0.0272,-1.0946,14.0,27.0,0.0641,0.0641,0.0332,0.0332,0.0517,0.0517,3.9308,0.0219,RandomForest,0.9872592338217339,0.9872592338217339,0.9872592338217339,0.9872592338217339,0.9872592338217339,0.9872592338217339,0.982984342046842,0.9872592338217339,0.982984342046842
drug,Age,200.0,0.05,0.3,15.0,74.0,44.0263,44.0,16.4967,0.0272,-1.0946,14.0,27.0,0.0641,0.0641,0.0332,0.0332,0.0517,0.0517,3.9308,0.0219,AdaBoost,0.7873652677712255,0.7873652677712255,0.7873652677712255,0.7873652677712255,0.7873652677712255,0.7873652677712255,0.7873652677712255,0.7873652677712255,0.7873652677712255
drug,Age,200.0,0.05,0.3,15.0,74.0,44.0263,44.0,16.4967,0.0272,-1.0946,14.0,27.0,0.0641,0.0641,0.0332,0.0332,0.0517,0.0517,3.9308,0.0219,SVC,0.9123526670461392,0.9073719076506483,0.9076598251657972,0.9161068758003479,0.9123526670461392,0.9123526670461392,0.9031293197942497,0.9030628395257908,0.8952701842208284
drug,Na_to_K,200.0,0.46,0.9907,6.769,38.247,16.4471,13.9365,7.673,1.0405,0.2163,4.3155,9.594,0.0762,0.0762,0.0597,0.0597,0.0862,0.0862,4.6693,0.0001,DecisionTree,0.6968241263217239,0.7163881471928053,0.6195115226676788,0.6951930980276927,0.6644906294676242,0.6758491186752529,0.7005664371372675,0.7103580376658036,0.7270672591297592
drug,Na_to_K,200.0,0.46,0.9907,6.769,38.247,16.4471,13.9365,7.673,1.0405,0.2163,4.3155,9.594,0.0762,0.0762,0.0597,0.0597,0.0862,0.0862,4.6693,0.0001,LogisticRegression,0.7520109026312033,0.6554163212017688,0.6403541136637204,0.702591866140841,0.7065610656156823,0.738477350587313,0.7371497127826329,0.5543101018583917,0.6423016668875555
drug,Na_to_K,200.0,0.46,0.9907,6.769,38.247,16.4471,13.9365,7.673,1.0405,0.2163,4.3155,9.594,0.0762,0.0762,0.0597,0.0597,0.0862,0.0862,4.6693,0.0001,KNN,0.5621353158012642,0.56977321666321,0.5392238588843559,0.5419497408708503,0.5624913672410171,0.5788682057331084,0.6052771465973485,0.5435726426351426,0.5721524144515863
drug,Na_to_K,200.0,0.46,0.9907,6.769,38.247,16.4471,13.9365,7.673,1.0405,0.2163,4.3155,9.594,0.0762,0.0762,0.0597,0.0597,0.0862,0.0862,4.6693,0.0001,RandomForest,0.7230715685440274,0.7106374872860247,0.6168766224439076,0.7114117013980548,0.6834185728695735,0.71154667530913,0.7533576400492479,0.712454000107421,0.7396353273594367
drug,Na_to_K,200.0,0.46,0.9907,6.769,38.247,16.4471,13.9365,7.673,1.0405,0.2163,4.3155,9.594,0.0762,0.0762,0.0597,0.0597,0.0862,0.0862,4.6693,0.0001,AdaBoost,0.5959194847257522,0.6045951330581061,0.5586065126343014,0.6155818795204985,0.6043562545640894,0.637467310971358,0.6191757478993781,0.5766111618591596,0.583138425759768
drug,Na_to_K,200.0,0.46,0.9907,6.769,38.247,16.4471,13.9365,7.673,1.0405,0.2163,4.3155,9.594,0.0762,0.0762,0.0597,0.0597,0.0862,0.0862,4.6693,0.0001,SVC,0.6606266932234119,0.6676329219911551,0.5984734809128502,0.6470406487932038,0.6563943449826941,0.6445908420995312,0.6750174476542455,0.6051472350809043,0.6455448071714117
drug,Na_to_K,200.0,0.42,0.9914,6.769,38.247,15.8999,13.936,7.0728,1.1005,0.6152,4.003,8.6072,0.1381,0.1381,0.0835,0.0835,0.1226,0.1226,4.7416,0.0001,DecisionTree,0.7485835286652516,0.7335677385753336,0.5836096510812746,0.7031058950975256,0.6569924256787123,0.6556654898715845,0.6692911992974848,0.7576055920452471,0.7246832705773496
drug,Na_to_K,200.0,0.42,0.9914,6.769,38.247,15.8999,13.936,7.0728,1.1005,0.6152,4.003,8.6072,0.1381,0.1381,0.0835,0.0835,0.1226,0.1226,4.7416,0.0001,LogisticRegression,0.7385537604603891,0.6656481767703137,0.6200089414684244,0.7484515718712326,0.7290109283178341,0.6814799330533765,0.6937745585994174,0.5651876380324656,0.6911095797923182
drug,Na_to_K,200.0,0.42,0.9914,6.769,38.247,15.8999,13.936,7.0728,1.1005,0.6152,4.003,8.6072,0.1381,0.1381,0.0835,0.0835,0.1226,0.1226,4.7416,0.0001,KNN,0.6371510841409814,0.6273462175099572,0.5913692571642133,0.62333231714448,0.5990444451320636,0.6177694664198319,0.6485130836976076,0.5744510435693866,0.6484726272454262
drug,Na_to_K,200.0,0.42,0.9914,6.769,38.247,15.8999,13.936,7.0728,1.1005,0.6152,4.003,8.6072,0.1381,0.1381,0.0835,0.0835,0.1226,0.1226,4.7416,0.0001,RandomForest,0.7371914643925513,0.7231777962544431,0.5937386755956041,0.6715906359692634,0.6682319943287188,0.7007349326287274,0.7001313386573187,0.719248147384017,0.7021517320978018
drug,Na_to_K,200.0,0.42,0.9914,6.769,38.247,15.8999,13.936,7.0728,1.1005,0.6152,4.003,8.6072,0.1381,0.1381,0.0835,0.0835,0.1226,0.1226,4.7416,0.0001,AdaBoost,0.5604653671013727,0.6225033665090877,0.5521272910233457,0.6142315261012721,0.5824549403287149,0.6136154671350196,0.527805368995588,0.6118106944225364,0.5821431756226283
drug,Na_to_K,200.0,0.42,0.9914,6.769,38.247,15.8999,13.936,7.0728,1.1005,0.6152,4.003,8.6072,0.1381,0.1381,0.0835,0.0835,0.1226,0.1226,4.7416,0.0001,SVC,0.7011296544677875,0.7007503774300458,0.6087072345039786,0.6736272734118167,0.6529531736978545,0.670871510165795,0.6710363985974481,0.6313099089794869,0.7036085792371846
drug,Na_to_K,200.0,0.4,0.9833,6.683,37.188,16.5578,14.1465,7.2023,0.8686,-0.1483,4.1485,9.6565,0.0497,0.0497,0.0155,0.0155,0.0299,0.0299,4.7644,0.0001,DecisionTree,0.7233307985529854,0.7188895141170839,0.7295545619923729,0.7422120807684002,0.709278460086414,0.724496882026246,0.6638997146107871,0.765996393656187,0.646882366772005
drug,Na_to_K,200.0,0.4,0.9833,6.683,37.188,16.5578,14.1465,7.2023,0.8686,-0.1483,4.1485,9.6565,0.0497,0.0497,0.0155,0.0155,0.0299,0.0299,4.7644,0.0001,LogisticRegression,0.7333789293969536,0.6828559720468237,0.657739706535986,0.7285027946050606,0.7193789189184552,0.7088628887995904,0.7296715100538593,0.6264146705690823,0.6750153868938424
drug,Na_to_K,200.0,0.4,0.9833,6.683,37.188,16.5578,14.1465,7.2023,0.8686,-0.1483,4.1485,9.6565,0.0497,0.0497,0.0155,0.0155,0.0299,0.0299,4.7644,0.0001,KNN,0.6111886405897181,0.6098912179032793,0.6067052013815829,0.6010659138685774,0.591697337365357,0.6166518129679894,0.6157033582052134,0.590097474955631,0.6205050629025403
drug,Na_to_K,200.0,0.4,0.9833,6.683,37.188,16.5578,14.1465,7.2023,0.8686,-0.1483,4.1485,9.6565,0.0497,0.0497,0.0155,0.0155,0.0299,0.0299,4.7644,0.0001,RandomForest,0.7266372490713972,0.7319039145628417,0.747047078627961,0.7472834949278051,0.7040809061956708,0.7717537589057641,0.7329882154882155,0.7650241986190389,0.7004445274400579
drug,Na_to_K,200.0,0.4,0.9833,6.683,37.188,16.5578,14.1465,7.2023,0.8686,-0.1483,4.1485,9.6565,0.0497,0.0497,0.0155,0.0155,0.0299,0.0299,4.7644,0.0001,AdaBoost,0.5712178016635732,0.6497286988373944,0.6227680711117222,0.6562691899685603,0.6008726620807773,0.6134402817827198,0.6103100826629148,0.6403632795344752,0.5736720967975563
drug,Na_to_K,200.0,0.4,0.9833,6.683,37.188,16.5578,14.1465,7.2023,0.8686,-0.1483,4.1485,9.6565,0.0497,0.0497,0.0155,0.0155,0.0299,0.0299,4.7644,0.0001,SVC,0.684368562704734,0.685830316878111,0.6567708131134904,0.697215014692444,0.6801672206035935,0.702948689681949,0.6920929836434174,0.6787856290938183,0.6756266371003524
drug,Na_to_K,200.0,0.375,0.984,6.269,38.247,16.4538,13.934,7.2335,0.9366,0.2256,4.361,9.512,0.0201,0.0201,0.0103,0.0103,0.0143,0.0143,4.8061,0.0001,DecisionTree,0.7858733450645214,0.7347191149732429,0.6623056418040854,0.6964320762252582,0.7033632927884629,0.7215324101642513,0.6908983898148912,0.7449101846995341,0.6836733032614816
drug,Na_to_K,200.0,0.375,0.984,6.269,38.247,16.4538,13.934,7.2335,0.9366,0.2256,4.361,9.512,0.0201,0.0201,0.0103,0.0103,0.0143,0.0143,4.8061,0.0001,LogisticRegression,0.7430117797561301,0.7096929376162389,0.6814579061289587,0.7104205394344965,0.737129658930804,0.7371702805675625,0.7419890496972988,0.662570508089981,0.6800189140870038
drug,Na_to_K,200.0,0.375,0.984,6.269,38.247,16.4538,13.934,7.2335,0.9366,0.2256,4.361,9.512,0.0201,0.0201,0.0103,0.0103,0.0143,0.0143,4.8061,0.0001,KNN,0.633857055970059,0.6298908542702899,0.6409299688243186,0.6201720719766359,0.6367484129044131,0.6201469137186042,0.5852317228402466,0.6038669299110476,0.6105037976164137
drug,Na_to_K,200.0,0.375,0.984,6.269,38.247,16.4538,13.934,7.2335,0.9366,0.2256,4.361,9.512,0.0201,0.0201,0.0103,0.0103,0.0143,0.0143,4.8061,0.0001,RandomForest,0.7512537518972626,0.7380368612803836,0.6904586243133066,0.7206576461847367,0.7012659631176696,0.7227803373553797,0.6867008062716058,0.7551787191525796,0.6558674320815732
drug,Na_to_K,200.0,0.375,0.984,6.269,38.247,16.4538,13.934,7.2335,0.9366,0.2256,4.361,9.512,0.0201,0.0201,0.0103,0.0103,0.0143,0.0143,4.8061,0.0001,AdaBoost,0.6088125887053302,0.6206470643912505,0.5832909352873856,0.6076649616355762,0.5936391298230885,0.6183317583271668,0.6462758491998536,0.6683892882400981,0.6537031229232041
drug,Na_to_K,200.0,0.375,0.984,6.269,38.247,16.4538,13.934,7.2335,0.9366,0.2256,4.361,9.512,0.0201,0.0201,0.0103,0.0103,0.0143,0.0143,4.8061,0.0001,SVC,0.691755347669581,0.6712086021932211,0.6322227262481033,0.6890396921842763,0.685328767009133,0.6897609371884927,0.680727727710709,0.6534759881001784,0.662404383140201
drug,Na_to_K,200.0,0.31,0.9928,6.269,38.247,16.1957,14.0525,7.0152,0.9931,0.3785,4.181,9.0108,0.0718,0.0718,0.0302,0.0302,0.0433,0.0433,4.9172,0.0,DecisionTree,0.8216042109457815,0.8298087419762971,0.7792645122164743,0.766543919043919,0.7740647243538124,0.797011867885284,0.8254571487908327,0.7735137956185788,0.7534531579326875
drug,Na_to_K,200.0,0.31,0.9928,6.269,38.247,16.1957,14.0525,7.0152,0.9931,0.3785,4.181,9.0108,0.0718,0.0718,0.0302,0.0302,0.0433,0.0433,4.9172,0.0,LogisticRegression,0.8036402505167791,0.7162448482424181,0.7572820777302711,0.7531624349726278,0.7675580632564865,0.7948000349776316,0.7842495164343211,0.6372506924028933,0.7109857743461419
drug,Na_to_K,200.0,0.31,0.9928,6.269,38.247,16.1957,14.0525,7.0152,0.9931,0.3785,4.181,9.0108,0.0718,0.0718,0.0302,0.0302,0.0433,0.0433,4.9172,0.0,KNN,0.675467620620904,0.6781966928949605,0.6670635073139426,0.6613936169500918,0.6803619773257931,0.6740319324878898,0.6495948468742587,0.6557770359486654,0.6644958033329882
drug,Na_to_K,200.0,0.31,0.9928,6.269,38.247,16.1957,14.0525,7.0152,0.9931,0.3785,4.181,9.0108,0.0718,0.0718,0.0302,0.0302,0.0433,0.0433,4.9172,0.0,RandomForest,0.8009970351933595,0.8156994824233549,0.7297748838285842,0.7676675187440426,0.7786114514780186,0.793191899120185,0.7541921934186391,0.8124228242758733,0.7389706849769401
drug,Na_to_K,200.0,0.31,0.9928,6.269,38.247,16.1957,14.0525,7.0152,0.9931,0.3785,4.181,9.0108,0.0718,0.0718,0.0302,0.0302,0.0433,0.0433,4.9172,0.0,AdaBoost,0.6520069489904641,0.6473134700142924,0.6174153054059368,0.6346105838231786,0.6389065091618855,0.7347800215585905,0.689694360861981,0.6788238523084538,0.6457847900556234
drug,Na_to_K,200.0,0.31,0.9928,6.269,38.247,16.1957,14.0525,7.0152,0.9931,0.3785,4.181,9.0108,0.0718,0.0718,0.0302,0.0302,0.0433,0.0433,4.9172,0.0,SVC,0.7338062800489271,0.6989791472144413,0.6948457340314765,0.7287005173287973,0.7404499871825585,0.7251648508301735,0.7125133980643883,0.6955780455717375,0.6704566823512447
drug,Na_to_K,200.0,0.325,0.9926,6.269,37.188,16.2077,13.938,7.1031,0.9248,0.0416,4.105,9.1645,0.1205,0.1205,0.0909,0.0909,0.131,0.131,4.895,0.0,DecisionTree,0.848733588098916,0.8452112526219266,0.6580618631876486,0.831045921978085,0.7225565408767218,0.7868479397393178,0.789843757528573,0.8541767487538563,0.795853077531012
drug,Na_to_K,200.0,0.325,0.9926,6.269,37.188,16.2077,13.938,7.1031,0.9248,0.0416,4.105,9.1645,0.1205,0.1205,0.0909,0.0909,0.131,0.131,4.895,0.0,LogisticRegression,0.8371451005961453,0.7464982876933293,0.7261156552151659,0.8242881996891702,0.7884654516401681,0.8128207449913994,0.7826842274319128,0.6263609205669249,0.7184858466290519
drug,Na_to_K,200.0,0.325,0.9926,6.269,37.188,16.2077,13.938,7.1031,0.9248,0.0416,4.105,9.1645,0.1205,0.1205,0.0909,0.0909,0.131,0.131,4.895,0.0,KNN,0.6712151792157401,0.6770248158186715,0.6335831247538934,0.6832756624501017,0.6538730066230066,0.6262063513160004,0.6829419379730985,0.6638647746542591,0.6821744620120306
drug,Na_to_K,200.0,0.325,0.9926,6.269,37.188,16.2077,13.938,7.1031,0.9248,0.0416,4.105,9.1645,0.1205,0.1205,0.0909,0.0909,0.131,0.131,4.895,0.0,RandomForest,0.8575175957971002,0.8459067412338866,0.7332363248824035,0.8321833915687916,0.8032545395242376,0.806207691789844,0.8330510583864914,0.8413955796687798,0.7937262013385057
drug,Na_to_K,200.0,0.325,0.9926,6.269,37.188,16.2077,13.938,7.1031,0.9248,0.0416,4.105,9.1645,0.1205,0.1205,0.0909,0.0909,0.131,0.131,4.895,0.0,AdaBoost,0.6433678236843199,0.6895991719088139,0.596215161957449,0.570368073178418,0.5325014998539417,0.6669480108772539,0.7394056501609632,0.6722645569820805,0.6736987749438226
drug,Na_to_K,200.0,0.325,0.9926,6.269,37.188,16.2077,13.938,7.1031,0.9248,0.0416,4.105,9.1645,0.1205,0.1205,0.0909,0.0909,0.131,0.131,4.895,0.0,SVC,0.7916712198451049,0.7630935750340623,0.6834023653947608,0.771443833685219,0.7258573629397773,0.7671926767854143,0.7588195510066438,0.685134813522724,0.6933174059246284
drug,Na_to_K,200.0,0.18,0.9878,6.269,37.188,16.3331,13.996,7.2662,0.9067,-0.0387,4.3255,10.0945,0.0707,0.0707,0.031,0.031,0.0479,0.0479,5.083,0.0,DecisionTree,0.9368537813241792,0.868570011569336,0.8419639391706014,0.8916665605636194,0.8616974135234509,0.8667727849708983,0.8499379819633854,0.8960742894536771,0.8777572546156263
drug,Na_to_K,200.0,0.18,0.9878,6.269,37.188,16.3331,13.996,7.2662,0.9067,-0.0387,4.3255,10.0945,0.0707,0.0707,0.031,0.031,0.0479,0.0479,5.083,0.0,LogisticRegression,0.9204066224398362,0.8236906992384151,0.7665836710445879,0.8295843187069444,0.8295082601619186,0.8711467511222635,0.8229404888914814,0.7416832243419773,0.8235111271601183
drug,Na_to_K,200.0,0.18,0.9878,6.269,37.188,16.3331,13.996,7.2662,0.9067,-0.0387,4.3255,10.0945,0.0707,0.0707,0.031,0.031,0.0479,0.0479,5.083,0.0,KNN,0.713662679454354,0.7080440282235977,0.652817969048082,0.6766407949186466,0.6859784178582966,0.6984038204747323,0.6884298798630449,0.6882194955946961,0.7013120641295061
drug,Na_to_K,200.0,0.18,0.9878,6.269,37.188,16.3331,13.996,7.2662,0.9067,-0.0387,4.3255,10.0945,0.0707,0.0707,0.031,0.031,0.0479,0.0479,5.083,0.0,RandomForest,0.9033211433132591,0.8692809070716679,0.8625967966781203,0.9250205877763422,0.8994122301947871,0.8786222131860004,0.848636561400135,0.8989776633520685,0.8563284657280821
drug,Na_to_K,200.0,0.18,0.9878,6.269,37.188,16.3331,13.996,7.2662,0.9067,-0.0387,4.3255,10.0945,0.0707,0.0707,0.031,0.031,0.0479,0.0479,5.083,0.0,AdaBoost,0.741791451280408,0.704245003504564,0.6682800142506302,0.8010131942029803,0.7014491241037497,0.8330235759021365,0.6478092820456797,0.6755177868326775,0.7052053700885094
drug,Na_to_K,200.0,0.18,0.9878,6.269,37.188,16.3331,13.996,7.2662,0.9067,-0.0387,4.3255,10.0945,0.0707,0.0707,0.031,0.031,0.0479,0.0479,5.083,0.0,SVC,0.840769957555672,0.8040538732474217,0.7034443739353555,0.7982647858365072,0.8064139987566392,0.8054220007465381,0.811464017675148,0.7536906043691758,0.8075143406254972
drug,Na_to_K,200.0,0.145,0.9883,6.269,38.247,15.9475,13.934,7.1807,1.0596,0.3597,3.989,8.5945,0.0743,0.0743,0.044,0.044,0.0694,0.0694,5.1254,0.0,DecisionTree,0.8584304651029647,0.8524631006033283,0.8500673772526134,0.8778367300650233,0.8286957004167872,0.8227910991562729,0.8348467187149531,0.8702496565563773,0.8444056613496075
drug,Na_to_K,200.0,0.145,0.9883,6.269,38.247,15.9475,13.934,7.1807,1.0596,0.3597,3.989,8.5945,0.0743,0.0743,0.044,0.044,0.0694,0.0694,5.1254,0.0,LogisticRegression,0.8419492673835893,0.8063555404912199,0.7761346973548402,0.8547083915350349,0.7996927174133057,0.8257854365493869,0.8023097139922284,0.7136936874506423,0.831186191913651
drug,Na_to_K,200.0,0.145,0.9883,6.269,38.247,15.9475,13.934,7.1807,1.0596,0.3597,3.989,8.5945,0.0743,0.0743,0.044,0.044,0.0694,0.0694,5.1254,0.0,KNN,0.682243616222534,0.6757663084545092,0.6765043983793984,0.6795859622489053,0.6742189122770836,0.6871861324254942,0.6741197443768767,0.6528017173911782,0.7036910620066907
drug,Na_to_K,200.0,0.145,0.9883,6.269,38.247,15.9475,13.934,7.1807,1.0596,0.3597,3.989,8.5945,0.0743,0.0743,0.044,0.044,0.0694,0.0694,5.1254,0.0,RandomForest,0.8583145022125338,0.8439566821117257,0.8700586725488502,0.8531195662230032,0.8423680834307006,0.8456116540076563,0.8320113844135085,0.8687794882803138,0.8534306892521278
drug,Na_to_K,200.0,0.145,0.9883,6.269,38.247,15.9475,13.934,7.1807,1.0596,0.3597,3.989,8.5945,0.0743,0.0743,0.044,0.044,0.0694,0.0694,5.1254,0.0,AdaBoost,0.7055397184756669,0.7069599075871802,0.669272804634195,0.7092195476393106,0.6775669936126749,0.739301496298419,0.6025177865540325,0.6148141882525564,0.6162459283322749
drug,Na_to_K,200.0,0.145,0.9883,6.269,38.247,15.9475,13.934,7.1807,1.0596,0.3597,3.989,8.5945,0.0743,0.0743,0.044,0.044,0.0694,0.0694,5.1254,0.0,SVC,0.80636059872667,0.7786643625040133,0.7716859799549632,0.7786199884975528,0.7845242471907714,0.797202545174736,0.7969929639209394,0.7390557414834176,0.7694411609147603
drug,Na_to_K,200.0,0.105,0.9888,6.683,38.247,16.3973,13.972,7.3444,0.971,0.1668,4.308,9.413,0.0758,0.0758,0.0393,0.0393,0.0601,0.0601,5.1719,0.0,DecisionTree,0.9287440499962196,0.9236397322188805,0.8445709258867793,0.867547648634308,0.8670162521496234,0.9041670886526827,0.9050827983767075,0.9660444030212378,0.9286816977655488
drug,Na_to_K,200.0,0.105,0.9888,6.683,38.247,16.3973,13.972,7.3444,0.971,0.1668,4.308,9.413,0.0758,0.0758,0.0393,0.0393,0.0601,0.0601,5.1719,0.0,LogisticRegression,0.912724173964536,0.9006517785374814,0.8593119078988645,0.9089481878484595,0.8640556195596518,0.9019759773591525,0.9212857988327966,0.8474421656670226,0.9222918355602554
drug,Na_to_K,200.0,0.105,0.9888,6.683,38.247,16.3973,13.972,7.3444,0.971,0.1668,4.308,9.413,0.0758,0.0758,0.0393,0.0393,0.0601,0.0601,5.1719,0.0,KNN,0.7078567325097762,0.7416783681087262,0.6859642922682386,0.7003016194684271,0.6974209150872248,0.7000259497186618,0.729562758976307,0.6750868582998628,0.7221268293728109
drug,Na_to_K,200.0,0.105,0.9888,6.683,38.247,16.3973,13.972,7.3444,0.971,0.1668,4.308,9.413,0.0758,0.0758,0.0393,0.0393,0.0601,0.0601,5.1719,0.0,RandomForest,0.9239090133499676,0.949794813086525,0.8546675641465498,0.9048294379795432,0.9126237685445764,0.9035380540529727,0.9330545329719199,0.948833699293541,0.9367379175422833
drug,Na_to_K,200.0,0.105,0.9888,6.683,38.247,16.3973,13.972,7.3444,0.971,0.1668,4.308,9.413,0.0758,0.0758,0.0393,0.0393,0.0601,0.0601,5.1719,0.0,AdaBoost,0.7013213398502804,0.7244598281751982,0.714209412195302,0.7005318332809394,0.6982747023982718,0.7194091672677361,0.6878615469885621,0.6930633865973392,0.7431538586290565
drug,Na_to_K,200.0,0.105,0.9888,6.683,38.247,16.3973,13.972,7.3444,0.971,0.1668,4.308,9.413,0.0758,0.0758,0.0393,0.0393,0.0601,0.0601,5.1719,0.0,SVC,0.853943138016679,0.869341550760874,0.8025484171912742,0.8405856434681813,0.8158184037734223,0.8620244406006716,0.8783862122117145,0.8164789390064326,0.8862765065226499
drug,Na_to_K,200.0,0.05,0.9895,6.269,38.247,15.9896,13.9365,7.1916,1.0887,0.4983,4.065,8.745,0.053,0.053,0.0246,0.0246,0.0378,0.0378,5.2324,0.0,DecisionTree,0.9412756238776468,0.9545642294672467,0.8993266383999142,0.9364450232621835,0.9417543876348711,0.9498817515648823,0.9542571097147275,0.9544593249998137,0.967477085240295
drug,Na_to_K,200.0,0.05,0.9895,6.269,38.247,15.9896,13.9365,7.1916,1.0887,0.4983,4.065,8.745,0.053,0.053,0.0246,0.0246,0.0378,0.0378,5.2324,0.0,LogisticRegression,0.9162588024720377,0.9001169546602914,0.9041175147940514,0.9038641700966683,0.9045521496036864,0.9209534285330763,0.9336486959942338,0.8449784540217894,0.9001169546602914
drug,Na_to_K,200.0,0.05,0.9895,6.269,38.247,15.9896,13.9365,7.1916,1.0887,0.4983,4.065,8.745,0.053,0.053,0.0246,0.0246,0.0378,0.0378,5.2324,0.0,KNN,0.7248342056695829,0.7366764061969993,0.7325517101945673,0.7291597093382808,0.7238652134215209,0.7286302103293749,0.7410086315113675,0.7088004885326314,0.7366764061969993
drug,Na_to_K,200.0,0.05,0.9895,6.269,38.247,15.9896,13.9365,7.1916,1.0887,0.4983,4.065,8.745,0.053,0.053,0.0246,0.0246,0.0378,0.0378,5.2324,0.0,RandomForest,0.9535650305076863,0.9584121062844068,0.9288799915767755,0.9409355317884729,0.9455257551562386,0.9539465525129507,0.9663150411828113,0.9498973591878479,0.9667827065753036
drug,Na_to_K,200.0,0.05,0.9895,6.269,38.247,15.9896,13.9365,7.1916,1.0887,0.4983,4.065,8.745,0.053,0.053,0.0246,0.0246,0.0378,0.0378,5.2324,0.0,AdaBoost,0.3019263039487511,0.48040052608676637,0.5873711321828491,0.45487913766819543,0.4550519209440489,0.3019263039487511,0.5967598980302102,0.6886004125227242,0.48381238837495105
drug,Na_to_K,200.0,0.05,0.9895,6.269,38.247,15.9896,13.9365,7.1916,1.0887,0.4983,4.065,8.745,0.053,0.053,0.0246,0.0246,0.0378,0.0378,5.2324,0.0,SVC,0.8743968890693515,0.845487486869235,0.8532987125247187,0.8571965138218218,0.8614483924859536,0.8782579723700679,0.8787153198144477,0.8406070901554095,0.845487486869235
electricity-normalized,nswprice,45312.0,0.5016,0.1519,0.0,1.0,0.0579,0.0487,0.0401,9.3686,165.8453,0.0174,0.0391,0.2998,0.3084,0.2244,0.2796,0.3263,0.3855,7.5859,0.0,DecisionTree,0.71120242624266,0.7052790641657691,0.7087084526109033,0.7134794297213928,0.7111966271123696,0.7082226640225192,0.7030522993969401,0.6956375115697038,0.7113297958321827
electricity-normalized,nswprice,45312.0,0.5016,0.1519,0.0,1.0,0.0579,0.0487,0.0401,9.3686,165.8453,0.0174,0.0391,0.2998,0.3084,0.2244,0.2796,0.3263,0.3855,7.5859,0.0,LogisticRegression,0.6963001639744247,0.6971823516421294,0.6933448810848766,0.6935507718029005,0.6948793023046906,0.6982815950639925,0.6684184813236802,0.6822077168305738,0.6912046190002596
electricity-normalized,nswprice,45312.0,0.5016,0.1519,0.0,1.0,0.0579,0.0487,0.0401,9.3686,165.8453,0.0174,0.0391,0.2998,0.3084,0.2244,0.2796,0.3263,0.3855,7.5859,0.0,KNN,0.7098106963088106,0.710832955134391,0.7127856907437932,0.7118827403418175,0.7111836556209417,0.7091931654236634,0.7107398945057466,0.6957345848510462,0.7121928111975011
electricity-normalized,nswprice,45312.0,0.5016,0.1519,0.0,1.0,0.0579,0.0487,0.0401,9.3686,165.8453,0.0174,0.0391,0.2998,0.3084,0.2244,0.2796,0.3263,0.3855,7.5859,0.0,RandomForest,0.7259654604367255,0.7196286743393977,0.7201696702019159,0.720315934275656,0.7207560645643152,0.7201874680020505,0.7187712872532488,0.7103714693606861,0.7198166685096392
electricity-normalized,nswprice,45312.0,0.5016,0.1519,0.0,1.0,0.0579,0.0487,0.0401,9.3686,165.8453,0.0174,0.0391,0.2998,0.3084,0.2244,0.2796,0.3263,0.3855,7.5859,0.0,AdaBoost,0.6956724445624651,0.6957129014261305,0.7029217102739901,0.7011031037891589,0.7024708859441546,0.6996604412945345,0.6984378556319708,0.6850911976627823,0.6950835619169402
electricity-normalized,nswprice,45312.0,0.5016,0.1519,0.0,1.0,0.0579,0.0487,0.0401,9.3686,165.8453,0.0174,0.0391,0.2998,0.3084,0.2244,0.2796,0.3263,0.3855,7.5859,0.0,SVC,0.6854044665201484,0.6894805840770686,0.6903174247872181,0.6937611472016288,0.6901356543023078,0.7034196159641782,0.6882389267602413,0.6762291149669482,0.6858218108733765
electricity-normalized,nswprice,45312.0,0.4486,0.1429,0.0,0.98,0.0581,0.0486,0.0408,8.8589,149.2149,0.0175,0.0394,0.3027,0.3078,0.2219,0.2726,0.3233,0.3764,7.6029,0.0,DecisionTree,0.7228123421132356,0.7183289769795385,0.7223836266107313,0.7199858148509396,0.7208172615843772,0.7197452016843758,0.7163037472588877,0.7042526183943136,0.7191967764417149
electricity-normalized,nswprice,45312.0,0.4486,0.1429,0.0,0.98,0.0581,0.0486,0.0408,8.8589,149.2149,0.0175,0.0394,0.3027,0.3078,0.2219,0.2726,0.3233,0.3764,7.6029,0.0,LogisticRegression,0.7051978516851172,0.7052288159200925,0.7002480161718896,0.7023634819027529,0.7009166962273798,0.7072677762543214,0.6782581687124077,0.6908159516871856,0.6988335839042323
electricity-normalized,nswprice,45312.0,0.4486,0.1429,0.0,0.98,0.0581,0.0486,0.0408,8.8589,149.2149,0.0175,0.0394,0.3027,0.3078,0.2219,0.2726,0.3233,0.3764,7.6029,0.0,KNN,0.7223503570021462,0.7231632967920089,0.7218658154623783,0.7239451941610782,0.7232351638137922,0.7222857898129925,0.7221052283388215,0.7084945114240092,0.7226095917291804
electricity-normalized,nswprice,45312.0,0.4486,0.1429,0.0,0.98,0.0581,0.0486,0.0408,8.8589,149.2149,0.0175,0.0394,0.3027,0.3078,0.2219,0.2726,0.3233,0.3764,7.6029,0.0,RandomForest,0.7345757050989538,0.7320717655136821,0.7307240073717504,0.7302870356280464,0.7307142867892321,0.7321217642611659,0.7331546357139259,0.7215594593147053,0.7309331530685051
electricity-normalized,nswprice,45312.0,0.4486,0.1429,0.0,0.98,0.0581,0.0486,0.0408,8.8589,149.2149,0.0175,0.0394,0.3027,0.3078,0.2219,0.2726,0.3233,0.3764,7.6029,0.0,AdaBoost,0.7082099401564093,0.7028148028430001,0.7053951488244475,0.7102030340080889,0.7074398836726283,0.7050941182545489,0.7027087803645009,0.6949728539112177,0.7034764080695673
electricity-normalized,nswprice,45312.0,0.4486,0.1429,0.0,0.98,0.0581,0.0486,0.0408,8.8589,149.2149,0.0175,0.0394,0.3027,0.3078,0.2219,0.2726,0.3233,0.3764,7.6029,0.0,SVC,0.7062922658060823,0.7112051345089876,0.6973166950568617,0.7021767197388981,0.709467542900112,0.7073799671473708,0.7015478869653198,0.6849915363222469,0.6980321548009255
electricity-normalized,nswprice,45312.0,0.4009,0.132,0.0,1.0,0.0578,0.0485,0.0402,9.2266,161.2885,0.0173,0.039,0.296,0.2971,0.2194,0.2671,0.3193,0.3686,7.6029,0.0,DecisionTree,0.7263386543989927,0.7207606595823708,0.725822850511671,0.727168506194032,0.725260945104531,0.7241764599821489,0.7209526303687064,0.7077774961292582,0.722437335077537
electricity-normalized,nswprice,45312.0,0.4009,0.132,0.0,1.0,0.0578,0.0485,0.0402,9.2266,161.2885,0.0173,0.039,0.296,0.2971,0.2194,0.2671,0.3193,0.3686,7.6029,0.0,LogisticRegression,0.7107672668568142,0.7109553554379889,0.7071447263452503,0.7106627188245934,0.7096705315199419,0.7116938268068412,0.680561099876373,0.6974894011441107,0.7085245775891591
electricity-normalized,nswprice,45312.0,0.4009,0.132,0.0,1.0,0.0578,0.0485,0.0402,9.2266,161.2885,0.0173,0.039,0.296,0.2971,0.2194,0.2671,0.3193,0.3686,7.6029,0.0,KNN,0.7251077838365458,0.7256314343129071,0.7260313565465907,0.7302192468333419,0.7299080791071105,0.7259283483674035,0.7275906487913665,0.7136541453647475,0.7263137327398895
electricity-normalized,nswprice,45312.0,0.4009,0.132,0.0,1.0,0.0578,0.0485,0.0402,9.2266,161.2885,0.0173,0.039,0.296,0.2971,0.2194,0.2671,0.3193,0.3686,7.6029,0.0,RandomForest,0.7393519144143178,0.735484508934369,0.737421553918501,0.7362292589329591,0.7376357279703621,0.7377396640404412,0.7369434621530607,0.7273836070146579,0.7357289653946757
electricity-normalized,nswprice,45312.0,0.4009,0.132,0.0,1.0,0.0578,0.0485,0.0402,9.2266,161.2885,0.0173,0.039,0.296,0.2971,0.2194,0.2671,0.3193,0.3686,7.6029,0.0,AdaBoost,0.7107671000358082,0.7063000048444698,0.7103045462116082,0.7151195292678626,0.7173632589590511,0.7102224028681541,0.7123421312031172,0.6998466990939347,0.7107486337337279
electricity-normalized,nswprice,45312.0,0.4009,0.132,0.0,1.0,0.0578,0.0485,0.0402,9.2266,161.2885,0.0173,0.039,0.296,0.2971,0.2194,0.2671,0.3193,0.3686,7.6029,0.0,SVC,0.7112088164445012,0.7125394911451919,0.7151295467211845,0.720002766818616,0.7185781287296457,0.7101007538247439,0.7021722529787929,0.6921562382960047,0.7002716470997844
electricity-normalized,nswprice,45312.0,0.3484,0.124,0.0,1.0,0.0579,0.0486,0.0406,9.3345,162.1841,0.0173,0.0389,0.3018,0.3051,0.2227,0.2737,0.3244,0.3773,7.6111,0.0,DecisionTree,0.734479639992156,0.7294434833173238,0.7338547822100994,0.7353043398701734,0.7350157018947822,0.7281626467581248,0.7294789751744657,0.7221602381405862,0.733506849620803
electricity-normalized,nswprice,45312.0,0.3484,0.124,0.0,1.0,0.0579,0.0486,0.0406,9.3345,162.1841,0.0173,0.0389,0.3018,0.3051,0.2227,0.2737,0.3244,0.3773,7.6111,0.0,LogisticRegression,0.7176344805825866,0.7183730234303801,0.7139806638992143,0.716423275473367,0.7151211428867117,0.7193801799095381,0.6872237273171056,0.7070631719854792,0.7186029015275052
electricity-normalized,nswprice,45312.0,0.3484,0.124,0.0,1.0,0.0579,0.0486,0.0406,9.3345,162.1841,0.0173,0.0389,0.3018,0.3051,0.2227,0.2737,0.3244,0.3773,7.6111,0.0,KNN,0.7332755676411356,0.7332585281704529,0.736582555244773,0.735398922350387,0.7369565529956561,0.7323126884513647,0.733158629003923,0.7238143212073793,0.7335380036787953
electricity-normalized,nswprice,45312.0,0.3484,0.124,0.0,1.0,0.0579,0.0486,0.0406,9.3345,162.1841,0.0173,0.0389,0.3018,0.3051,0.2227,0.2737,0.3244,0.3773,7.6111,0.0,RandomForest,0.749634182135184,0.7465221655857739,0.745688779804996,0.7448449789525443,0.7487234637993391,0.747700163348932,0.7472333756061609,0.7394267607270606,0.7450939337714264
electricity-normalized,nswprice,45312.0,0.3484,0.124,0.0,1.0,0.0579,0.0486,0.0406,9.3345,162.1841,0.0173,0.0389,0.3018,0.3051,0.2227,0.2737,0.3244,0.3773,7.6111,0.0,AdaBoost,0.7193641234638868,0.714923137117464,0.7219532875359644,0.72085660946453,0.7222909644878664,0.7164599304502097,0.7125534102341162,0.7069608064182651,0.7197939569035072
electricity-normalized,nswprice,45312.0,0.3484,0.124,0.0,1.0,0.0579,0.0486,0.0406,9.3345,162.1841,0.0173,0.0389,0.3018,0.3051,0.2227,0.2737,0.3244,0.3773,7.6111,0.0,SVC,0.7157884704187641,0.7231436855680563,0.7178432597162205,0.7225941281967839,0.7060220916502609,0.7154936298690249,0.6995387995405292,0.7041976382533982,0.7256583472684318
electricity-normalized,nswprice,45312.0,0.2998,0.1174,0.0,1.0,0.0579,0.0485,0.0413,9.6051,167.7976,0.0174,0.0391,0.2973,0.3032,0.2238,0.2699,0.3259,0.3727,7.6172,0.0,DecisionTree,0.7354461077618261,0.7340587227672748,0.7376665983839896,0.7395181498508989,0.7394499224173707,0.7369903824268669,0.7295755628008975,0.7294902469127926,0.7381334438086053
electricity-normalized,nswprice,45312.0,0.2998,0.1174,0.0,1.0,0.0579,0.0485,0.0413,9.6051,167.7976,0.0174,0.0391,0.2973,0.3032,0.2238,0.2699,0.3259,0.3727,7.6172,0.0,LogisticRegression,0.7204314946783394,0.7221473546691156,0.7211231964913496,0.7213424510993697,0.7206373638609118,0.7233028149226788,0.6927602321639499,0.7105675077050542,0.7212211488057845
electricity-normalized,nswprice,45312.0,0.2998,0.1174,0.0,1.0,0.0579,0.0485,0.0413,9.6051,167.7976,0.0174,0.0391,0.2973,0.3032,0.2238,0.2699,0.3259,0.3727,7.6172,0.0,KNN,0.7410798287291227,0.7412607957020824,0.7442064391412587,0.7436149986025413,0.7432032314430281,0.7406638341082078,0.7408244035449921,0.7317991557962811,0.7425377060389786
electricity-normalized,nswprice,45312.0,0.2998,0.1174,0.0,1.0,0.0579,0.0485,0.0413,9.6051,167.7976,0.0174,0.0391,0.2973,0.3032,0.2238,0.2699,0.3259,0.3727,7.6172,0.0,RandomForest,0.7585291765564804,0.7562304846177335,0.7562054828640619,0.7573797932938039,0.7572433291655112,0.7550923922210647,0.7567439810939595,0.7477315960579002,0.7553367020262921
electricity-normalized,nswprice,45312.0,0.2998,0.1174,0.0,1.0,0.0579,0.0485,0.0413,9.6051,167.7976,0.0174,0.0391,0.2973,0.3032,0.2238,0.2699,0.3259,0.3727,7.6172,0.0,AdaBoost,0.718883598598135,0.7201518304097012,0.724558195933387,0.7261796640239824,0.7248282034152317,0.720583308553054,0.718356284325195,0.7116049642609457,0.7232318826498256
electricity-normalized,nswprice,45312.0,0.2998,0.1174,0.0,1.0,0.0579,0.0485,0.0413,9.6051,167.7976,0.0174,0.0391,0.2973,0.3032,0.2238,0.2699,0.3259,0.3727,7.6172,0.0,SVC,0.726901592712785,0.7201960350203537,0.7230001285139437,0.7288255719949392,0.7253032689661536,0.7267858958850806,0.711137613380163,0.7200903125858289,0.7229489144798316
electricity-normalized,nswprice,45312.0,0.2459,0.112,0.0,1.0,0.0579,0.0486,0.0403,9.0021,155.0599,0.0174,0.0394,0.3035,0.3062,0.2246,0.2729,0.3269,0.3764,7.6276,0.0,DecisionTree,0.7421560738858692,0.7458254147556006,0.7450505813910416,0.7471148117940565,0.7461584862501374,0.7439973734166317,0.7406362184645757,0.7342336280916434,0.7487182937846778
electricity-normalized,nswprice,45312.0,0.2459,0.112,0.0,1.0,0.0579,0.0486,0.0403,9.0021,155.0599,0.0174,0.0394,0.3035,0.3062,0.2246,0.2729,0.3269,0.3764,7.6276,0.0,LogisticRegression,0.7266612405179952,0.7281586124779866,0.7274323601582617,0.7275878860195054,0.7271821881383187,0.7293108844310576,0.7063076225612099,0.7192095999630705,0.7277830819064591
electricity-normalized,nswprice,45312.0,0.2459,0.112,0.0,1.0,0.0579,0.0486,0.0403,9.0021,155.0599,0.0174,0.0394,0.3035,0.3062,0.2246,0.2729,0.3269,0.3764,7.6276,0.0,KNN,0.7507701830512306,0.7494686288061032,0.7515834486390347,0.7524532763331928,0.7525805076156461,0.7485934781303969,0.7496571274818827,0.742758509794914,0.7500027141662692
electricity-normalized,nswprice,45312.0,0.2459,0.112,0.0,1.0,0.0579,0.0486,0.0403,9.0021,155.0599,0.0174,0.0394,0.3035,0.3062,0.2246,0.2729,0.3269,0.3764,7.6276,0.0,RandomForest,0.767777436395832,0.7657408572302736,0.7650488806426835,0.7644884765150393,0.7652627821310468,0.7650786602399968,0.7645003646593144,0.7580821095202414,0.7654673674158873
electricity-normalized,nswprice,45312.0,0.2459,0.112,0.0,1.0,0.0579,0.0486,0.0403,9.0021,155.0599,0.0174,0.0394,0.3035,0.3062,0.2246,0.2729,0.3269,0.3764,7.6276,0.0,AdaBoost,0.7294809076129917,0.7291419995953247,0.7315853128085414,0.7318501237717437,0.7332710853420984,0.728604063001937,0.7248928300293499,0.7208005225152946,0.7291722230684873
electricity-normalized,nswprice,45312.0,0.2459,0.112,0.0,1.0,0.0579,0.0486,0.0403,9.0021,155.0599,0.0174,0.0394,0.3035,0.3062,0.2246,0.2729,0.3269,0.3764,7.6276,0.0,SVC,0.727209598718656,0.7304631039799481,0.7367592170013971,0.7351308216085894,0.7411810209461165,0.737660649142505,0.7284155430917508,0.7222739458596957,0.726489686942876
electricity-normalized,nswprice,45312.0,0.2017,0.1065,0.0,0.9818,0.0577,0.0486,0.0389,8.6544,150.2984,0.0174,0.0391,0.3058,0.3078,0.2236,0.2728,0.3254,0.376,7.6295,0.0,DecisionTree,0.751365260126492,0.7493066199988004,0.7527441679349668,0.7515704719237994,0.7497914039015477,0.7492669700348329,0.7447844002340661,0.7428656007455485,0.752488784917294
electricity-normalized,nswprice,45312.0,0.2017,0.1065,0.0,0.9818,0.0577,0.0486,0.0389,8.6544,150.2984,0.0174,0.0391,0.3058,0.3078,0.2236,0.2728,0.3254,0.376,7.6295,0.0,LogisticRegression,0.7325464553764754,0.7328604431038712,0.7309480345577533,0.7308909353954065,0.7302754758380074,0.7330970645881876,0.7136939031893563,0.7245182406609777,0.7314867821597062
electricity-normalized,nswprice,45312.0,0.2017,0.1065,0.0,0.9818,0.0577,0.0486,0.0389,8.6544,150.2984,0.0174,0.0391,0.3058,0.3078,0.2236,0.2728,0.3254,0.376,7.6295,0.0,KNN,0.7553525827220755,0.7560657509178943,0.7588415732726574,0.760011004100541,0.7599281348829291,0.7548111859937408,0.7542632894996111,0.7488124019959055,0.7565324047321152
electricity-normalized,nswprice,45312.0,0.2017,0.1065,0.0,0.9818,0.0577,0.0486,0.0389,8.6544,150.2984,0.0174,0.0391,0.3058,0.3078,0.2236,0.2728,0.3254,0.376,7.6295,0.0,RandomForest,0.7764839596148291,0.775540326110843,0.7736251952949754,0.7755171502679179,0.7775450276936027,0.7760057376112034,0.7761818721476488,0.766775087912286,0.7756502510924578
electricity-normalized,nswprice,45312.0,0.2017,0.1065,0.0,0.9818,0.0577,0.0486,0.0389,8.6544,150.2984,0.0174,0.0391,0.3058,0.3078,0.2236,0.2728,0.3254,0.376,7.6295,0.0,AdaBoost,0.7325945390922852,0.7346183149306375,0.7355759372729291,0.736040645372187,0.7366250816197314,0.7344714483967216,0.7215957273593326,0.7272111331620037,0.733491259045918
electricity-normalized,nswprice,45312.0,0.2017,0.1065,0.0,0.9818,0.0577,0.0486,0.0389,8.6544,150.2984,0.0174,0.0391,0.3058,0.3078,0.2236,0.2728,0.3254,0.376,7.6295,0.0,SVC,0.7303999606061318,0.7296274678020815,0.7409829139534931,0.734810464000048,0.742164978531863,0.7354405644905946,0.7264992832510848,0.7257224958040346,0.7432028979570563
electricity-normalized,nswprice,45312.0,0.1503,0.1017,0.0,0.9818,0.0579,0.0488,0.0398,8.898,154.1932,0.0175,0.0392,0.3029,0.3052,0.2249,0.2749,0.3273,0.3791,7.6301,0.0,DecisionTree,0.7554544660577309,0.7548867876421259,0.7574017506954963,0.759450586762852,0.7596608774317585,0.7578974130078038,0.757988689496423,0.7525452805171643,0.7589652271323898
electricity-normalized,nswprice,45312.0,0.1503,0.1017,0.0,0.9818,0.0579,0.0488,0.0398,8.898,154.1932,0.0175,0.0392,0.3029,0.3052,0.2249,0.2749,0.3273,0.3791,7.6301,0.0,LogisticRegression,0.7384020398731866,0.7381053505197085,0.7376385387535045,0.7373670425621449,0.7366876913357253,0.7391379562418733,0.7272060985607118,0.7313640295826934,0.7387441459195009
electricity-normalized,nswprice,45312.0,0.1503,0.1017,0.0,0.9818,0.0579,0.0488,0.0398,8.898,154.1932,0.0175,0.0392,0.3029,0.3052,0.2249,0.2749,0.3273,0.3791,7.6301,0.0,KNN,0.7613966080218357,0.7609936118880499,0.7641267474301845,0.7632014578007589,0.763437834990984,0.7606650361835054,0.760609078348699,0.757773362250924,0.7636973009474038
electricity-normalized,nswprice,45312.0,0.1503,0.1017,0.0,0.9818,0.0579,0.0488,0.0398,8.898,154.1932,0.0175,0.0392,0.3029,0.3052,0.2249,0.2749,0.3273,0.3791,7.6301,0.0,RandomForest,0.7836558267647964,0.7817443621504458,0.7823660980406434,0.7829758653903088,0.7819769308279365,0.7817857592193079,0.782820179045385,0.7771208797862665,0.783079425498266
electricity-normalized,nswprice,45312.0,0.1503,0.1017,0.0,0.9818,0.0579,0.0488,0.0398,8.898,154.1932,0.0175,0.0392,0.3029,0.3052,0.2249,0.2749,0.3273,0.3791,7.6301,0.0,AdaBoost,0.7411989442981051,0.7421365166364957,0.7433339923905636,0.7434718412572523,0.7421026888527533,0.741279234846151,0.7352984778717466,0.7339548995393863,0.7415442335176672
electricity-normalized,nswprice,45312.0,0.1503,0.1017,0.0,0.9818,0.0579,0.0488,0.0398,8.898,154.1932,0.0175,0.0392,0.3029,0.3052,0.2249,0.2749,0.3273,0.3791,7.6301,0.0,SVC,0.7359823332749633,0.7323505371840137,0.7383791506824442,0.7370764746571984,0.7505049438106077,0.7472829677039337,0.7337596899529153,0.7290033763126789,0.7462588999889954
electricity-normalized,nswprice,45312.0,0.1,0.0978,0.0,1.0,0.0579,0.0487,0.0401,9.2209,162.9646,0.0174,0.0391,0.3051,0.3094,0.2249,0.2743,0.3273,0.3781,7.636,0.0,DecisionTree,0.7691437387412335,0.7676826237169194,0.7679336454852446,0.7694432819625405,0.769228260358865,0.7671330505960143,0.7637878011025625,0.7634468438160275,0.7679766855889189
electricity-normalized,nswprice,45312.0,0.1,0.0978,0.0,1.0,0.0579,0.0487,0.0401,9.2209,162.9646,0.0174,0.0391,0.3051,0.3094,0.2249,0.2743,0.3273,0.3781,7.636,0.0,LogisticRegression,0.7440459915965697,0.7455780954000023,0.7446881620600261,0.7449600375778855,0.7447588745333302,0.7463738464200588,0.7362408094040597,0.7406848961432057,0.7457342280025576
electricity-normalized,nswprice,45312.0,0.1,0.0978,0.0,1.0,0.0579,0.0487,0.0401,9.2209,162.9646,0.0174,0.0391,0.3051,0.3094,0.2249,0.2743,0.3273,0.3781,7.636,0.0,KNN,0.7698603465023296,0.7715121313986842,0.7732835751180189,0.7739211032369371,0.7735855515446703,0.7719612604025409,0.7688876490972505,0.769602461467793,0.7734425190215799
electricity-normalized,nswprice,45312.0,0.1,0.0978,0.0,1.0,0.0579,0.0487,0.0401,9.2209,162.9646,0.0174,0.0391,0.3051,0.3094,0.2249,0.2743,0.3273,0.3781,7.636,0.0,RandomForest,0.7916661073128572,0.7919630115587373,0.7937899930422331,0.7929018599350469,0.7926274867267928,0.7934828359532653,0.7932372193625157,0.7910178878703082,0.7921825658439136
electricity-normalized,nswprice,45312.0,0.1,0.0978,0.0,1.0,0.0579,0.0487,0.0401,9.2209,162.9646,0.0174,0.0391,0.3051,0.3094,0.2249,0.2743,0.3273,0.3781,7.636,0.0,AdaBoost,0.7471767504304181,0.7496178295539698,0.7503829213675774,0.7526267414771184,0.7525244921705235,0.7500838074940955,0.7427170538773935,0.7451484062093127,0.7499209564884205
electricity-normalized,nswprice,45312.0,0.1,0.0978,0.0,1.0,0.0579,0.0487,0.0401,9.2209,162.9646,0.0174,0.0391,0.3051,0.3094,0.2249,0.2743,0.3273,0.3781,7.636,0.0,SVC,0.7517747184085521,0.7508015384081014,0.755319066882829,0.751157540760313,0.7558152261752483,0.7525588931846563,0.7458829946514123,0.7432549661727004,0.7533788537807498
electricity-normalized,nswprice,45312.0,0.0495,0.0934,0.0,1.0,0.0578,0.0486,0.0401,9.1763,160.9135,0.0174,0.0391,0.3039,0.3073,0.224,0.2729,0.3261,0.3762,7.6372,0.0,DecisionTree,0.7743826921713239,0.7736153239063831,0.7766667596713734,0.7756642110103642,0.7735724749397738,0.7735094687926869,0.7710765315993814,0.7740558262010482,0.7770310577261426
electricity-normalized,nswprice,45312.0,0.0495,0.0934,0.0,1.0,0.0578,0.0486,0.0401,9.1763,160.9135,0.0174,0.0391,0.3039,0.3073,0.224,0.2729,0.3261,0.3762,7.6372,0.0,LogisticRegression,0.7484169610518884,0.7484375368547994,0.7476590189516586,0.7483800657968506,0.7481153201980537,0.7484864395207007,0.7436772403541394,0.7469833262115064,0.7487638801005201
electricity-normalized,nswprice,45312.0,0.0495,0.0934,0.0,1.0,0.0578,0.0486,0.0401,9.1763,160.9135,0.0174,0.0391,0.3039,0.3073,0.224,0.2729,0.3261,0.3762,7.6372,0.0,KNN,0.7768424850326249,0.777355560057479,0.7799043500770826,0.7794467189474671,0.7789952538761351,0.7773139041742363,0.7782791733096034,0.7768060044273082,0.778951120626465
electricity-normalized,nswprice,45312.0,0.0495,0.0934,0.0,1.0,0.0578,0.0486,0.0401,9.1763,160.9135,0.0174,0.0391,0.3039,0.3073,0.224,0.2729,0.3261,0.3762,7.6372,0.0,RandomForest,0.8018427471781606,0.8012566561514707,0.8023463013111259,0.8016597747891976,0.8027731455128554,0.8028538822994434,0.8027287645518585,0.7996982260411735,0.802284040113135
electricity-normalized,nswprice,45312.0,0.0495,0.0934,0.0,1.0,0.0578,0.0486,0.0401,9.1763,160.9135,0.0174,0.0391,0.3039,0.3073,0.224,0.2729,0.3261,0.3762,7.6372,0.0,AdaBoost,0.7537755921571863,0.7538258323152696,0.7553675948656327,0.7550322003201346,0.7559141722205166,0.7539957992824365,0.7508291221758724,0.7526341436888766,0.7555219937475113
electricity-normalized,nswprice,45312.0,0.0495,0.0934,0.0,1.0,0.0578,0.0486,0.0401,9.1763,160.9135,0.0174,0.0391,0.3039,0.3073,0.224,0.2729,0.3261,0.3762,7.6372,0.0,SVC,0.7529814160015391,0.7539235972400742,0.7471568526434328,0.7554640390568865,0.7582493925963144,0.7575983980198686,0.7477195637398653,0.7558303784555993,0.7609784185332815
electricity-normalized,nswdemand,45312.0,0.4963,0.2103,0.0097,1.0,0.4265,0.4436,0.1632,-0.0963,-0.3923,0.1106,0.2266,0.303,0.6686,0.2237,0.5021,0.3255,0.6622,8.2505,0.0,DecisionTree,0.7725219116658099,0.7710719903982061,0.7735385585558175,0.773972817164607,0.7742111267989371,0.7736553435101265,0.7721905637452003,0.7712942561569682,0.7743291565900151
electricity-normalized,nswdemand,45312.0,0.4963,0.2103,0.0097,1.0,0.4265,0.4436,0.1632,-0.0963,-0.3923,0.1106,0.2266,0.303,0.6686,0.2237,0.5021,0.3255,0.6622,8.2505,0.0,LogisticRegression,0.7472812257176347,0.749163919843974,0.7506396844365815,0.7521589473830786,0.7515194295268559,0.7478909794112567,0.7489483507097312,0.747478146998591,0.7509118279074664
electricity-normalized,nswdemand,45312.0,0.4963,0.2103,0.0097,1.0,0.4265,0.4436,0.1632,-0.0963,-0.3923,0.1106,0.2266,0.303,0.6686,0.2237,0.5021,0.3255,0.6622,8.2505,0.0,KNN,0.7731294186304165,0.7738715283711461,0.7714360622592735,0.7734655546237231,0.7715929617401407,0.7736083505338303,0.7734644349102894,0.7672566584753124,0.7744767072194265
electricity-normalized,nswdemand,45312.0,0.4963,0.2103,0.0097,1.0,0.4265,0.4436,0.1632,-0.0963,-0.3923,0.1106,0.2266,0.303,0.6686,0.2237,0.5021,0.3255,0.6622,8.2505,0.0,RandomForest,0.79508781167013,0.7951170276040588,0.7943550843004211,0.7948250346091055,0.7943839959924776,0.7933215211732337,0.7907758900290642,0.7908630381390687,0.795215640376768
electricity-normalized,nswdemand,45312.0,0.4963,0.2103,0.0097,1.0,0.4265,0.4436,0.1632,-0.0963,-0.3923,0.1106,0.2266,0.303,0.6686,0.2237,0.5021,0.3255,0.6622,8.2505,0.0,AdaBoost,0.7592163792645724,0.7593845738862517,0.7586861220198273,0.7591824014132071,0.7589491044454016,0.7592429557287028,0.75862998676962,0.7591837564411458,0.7593639407752064
electricity-normalized,nswdemand,45312.0,0.4963,0.2103,0.0097,1.0,0.4265,0.4436,0.1632,-0.0963,-0.3923,0.1106,0.2266,0.303,0.6686,0.2237,0.5021,0.3255,0.6622,8.2505,0.0,SVC,0.753381442534263,0.7488453395175174,0.7576523623106441,0.7605733158457484,0.7575182555744339,0.7494913751275989,0.7586217135419163,0.7514926230805322,0.7580355386644727
electricity-normalized,nswdemand,45312.0,0.4526,0.1964,0.0,0.9808,0.4255,0.4441,0.1639,-0.0886,-0.4149,0.1112,0.2285,0.3089,0.6678,0.2264,0.5014,0.3297,0.6616,8.2622,0.0,DecisionTree,0.7735038407535413,0.7719251484688299,0.7736366917054283,0.7742944711505062,0.7720840555099113,0.7753496798859201,0.7737123090619737,0.7703850982004675,0.771925824616128
electricity-normalized,nswdemand,45312.0,0.4526,0.1964,0.0,0.9808,0.4255,0.4441,0.1639,-0.0886,-0.4149,0.1112,0.2285,0.3089,0.6678,0.2264,0.5014,0.3297,0.6616,8.2622,0.0,LogisticRegression,0.7483107151256447,0.749838841785345,0.7519996056654518,0.7517416667666865,0.7508575894477035,0.749284850099912,0.7490822578948089,0.7479669397014426,0.7504745863953836
electricity-normalized,nswdemand,45312.0,0.4526,0.1964,0.0,0.9808,0.4255,0.4441,0.1639,-0.0886,-0.4149,0.1112,0.2285,0.3089,0.6678,0.2264,0.5014,0.3297,0.6616,8.2622,0.0,KNN,0.7736057763729991,0.7724050264642155,0.7725099130851677,0.7723233404442623,0.7738417096988663,0.7747795048695393,0.7736883774091485,0.7656437966108308,0.7743596424352658
electricity-normalized,nswdemand,45312.0,0.4526,0.1964,0.0,0.9808,0.4255,0.4441,0.1639,-0.0886,-0.4149,0.1112,0.2285,0.3089,0.6678,0.2264,0.5014,0.3297,0.6616,8.2622,0.0,RandomForest,0.7975897999462005,0.7949891820510252,0.7974718557117623,0.7952100644887291,0.7944495652296384,0.7950510407369892,0.7940598704078352,0.7918288891059094,0.7958266002097794
electricity-normalized,nswdemand,45312.0,0.4526,0.1964,0.0,0.9808,0.4255,0.4441,0.1639,-0.0886,-0.4149,0.1112,0.2285,0.3089,0.6678,0.2264,0.5014,0.3297,0.6616,8.2622,0.0,AdaBoost,0.7590499155826065,0.7606500035505025,0.7595699949952138,0.7600311551689469,0.7593461531941066,0.7595111297751033,0.7600553706637339,0.7582741794260408,0.7589878209449474
electricity-normalized,nswdemand,45312.0,0.4526,0.1964,0.0,0.9808,0.4255,0.4441,0.1639,-0.0886,-0.4149,0.1112,0.2285,0.3089,0.6678,0.2264,0.5014,0.3297,0.6616,8.2622,0.0,SVC,0.755674423129552,0.7587693347797333,0.7627436243656672,0.7554216347481482,0.7504514327102252,0.7549600897995234,0.7579271781000751,0.7572267332725848,0.7549493077131957
electricity-normalized,nswdemand,45312.0,0.4016,0.1812,0.0,0.9808,0.4254,0.4433,0.1628,-0.1062,-0.4092,0.1098,0.2261,0.3099,0.6688,0.2247,0.5027,0.3273,0.6628,8.2682,0.0,DecisionTree,0.776718134265746,0.7753315862951491,0.7750791950533681,0.7746402264771822,0.7747723778174982,0.7771832791540769,0.7755318851501709,0.7720753524158435,0.7738606884943677
electricity-normalized,nswdemand,45312.0,0.4016,0.1812,0.0,0.9808,0.4254,0.4433,0.1628,-0.1062,-0.4092,0.1098,0.2261,0.3099,0.6688,0.2247,0.5027,0.3273,0.6628,8.2682,0.0,LogisticRegression,0.7501502923016615,0.7508473037935159,0.7517459274047397,0.7526661981415512,0.7519142960390913,0.7511177614009654,0.7509068496337977,0.7492473695851862,0.7525794854311609
electricity-normalized,nswdemand,45312.0,0.4016,0.1812,0.0,0.9808,0.4254,0.4433,0.1628,-0.1062,-0.4092,0.1098,0.2261,0.3099,0.6688,0.2247,0.5027,0.3273,0.6628,8.2682,0.0,KNN,0.7743256991452285,0.7740798837433707,0.7750741331655865,0.7745897418632783,0.7770592740381421,0.7762517741689743,0.7752615394868382,0.7678337981025747,0.7759823538986601
electricity-normalized,nswdemand,45312.0,0.4016,0.1812,0.0,0.9808,0.4254,0.4433,0.1628,-0.1062,-0.4092,0.1098,0.2261,0.3099,0.6688,0.2247,0.5027,0.3273,0.6628,8.2682,0.0,RandomForest,0.7970860383862787,0.795269752980814,0.797583701318864,0.7975503511526474,0.7975511595456773,0.796541475343868,0.7947991419755454,0.7917559078438815,0.7958901329003868
electricity-normalized,nswdemand,45312.0,0.4016,0.1812,0.0,0.9808,0.4254,0.4433,0.1628,-0.1062,-0.4092,0.1098,0.2261,0.3099,0.6688,0.2247,0.5027,0.3273,0.6628,8.2682,0.0,AdaBoost,0.7586894613738477,0.7598453145543136,0.7591488346336095,0.7597135274980894,0.7594240193911004,0.760958804408141,0.7601909717420824,0.7584268561885013,0.7596780396848682
electricity-normalized,nswdemand,45312.0,0.4016,0.1812,0.0,0.9808,0.4254,0.4433,0.1628,-0.1062,-0.4092,0.1098,0.2261,0.3099,0.6688,0.2247,0.5027,0.3273,0.6628,8.2682,0.0,SVC,0.7543631258796393,0.7505207320755402,0.7576511844852718,0.764835745081476,0.7638970952367352,0.7627022408490889,0.7566258346097451,0.7584465798176159,0.7538578416262657
electricity-normalized,nswdemand,45312.0,0.3491,0.169,0.0,0.9808,0.4251,0.4442,0.1637,-0.1021,-0.4233,0.1113,0.2287,0.298,0.6693,0.2231,0.502,0.3248,0.6621,8.2792,0.0,DecisionTree,0.7739529070361267,0.774165077093959,0.7735095935515146,0.7752916374103765,0.7745444863362719,0.775118771837354,0.7735027246521851,0.7701653661662022,0.7745629294596067
electricity-normalized,nswdemand,45312.0,0.3491,0.169,0.0,0.9808,0.4251,0.4442,0.1637,-0.1021,-0.4233,0.1113,0.2287,0.298,0.6693,0.2231,0.502,0.3248,0.6621,8.2792,0.0,LogisticRegression,0.7484984553693398,0.7502199909078741,0.7517534869164983,0.7526916324859643,0.7527604509493109,0.7492655688884851,0.7492903624799031,0.7481018079694673,0.7521554782372357
electricity-normalized,nswdemand,45312.0,0.3491,0.169,0.0,0.9808,0.4251,0.4442,0.1637,-0.1021,-0.4233,0.1113,0.2287,0.298,0.6693,0.2231,0.502,0.3248,0.6621,8.2792,0.0,KNN,0.7767299044698173,0.7753794133976659,0.7759774578074093,0.7766419594240468,0.776353936243497,0.7767058567065633,0.7766383169388955,0.7737155721112574,0.7763615035441789
electricity-normalized,nswdemand,45312.0,0.3491,0.169,0.0,0.9808,0.4251,0.4442,0.1637,-0.1021,-0.4233,0.1113,0.2287,0.298,0.6693,0.2231,0.502,0.3248,0.6621,8.2792,0.0,RandomForest,0.7977307514142143,0.7971151639742468,0.7978179753569151,0.7983537875192338,0.798380379687531,0.7971936631563019,0.7957254966288394,0.7940033802547002,0.7988689443352457
electricity-normalized,nswdemand,45312.0,0.3491,0.169,0.0,0.9808,0.4251,0.4442,0.1637,-0.1021,-0.4233,0.1113,0.2287,0.298,0.6693,0.2231,0.502,0.3248,0.6621,8.2792,0.0,AdaBoost,0.7592193641924572,0.7590054817678911,0.75965250426966,0.7600055273305768,0.7606560771393275,0.761404449509846,0.7592242564223184,0.7590362312563945,0.7599623843928325
electricity-normalized,nswdemand,45312.0,0.3491,0.169,0.0,0.9808,0.4251,0.4442,0.1637,-0.1021,-0.4233,0.1113,0.2287,0.298,0.6693,0.2231,0.502,0.3248,0.6621,8.2792,0.0,SVC,0.7599126234204093,0.755912932347527,0.763690452651685,0.7595553748668172,0.760550147816563,0.7530068993365737,0.7582794619439555,0.7580969600639627,0.7572726143609118
electricity-normalized,nswdemand,45312.0,0.3009,0.1583,0.0,0.9808,0.4254,0.4438,0.1633,-0.1033,-0.4099,0.1105,0.2273,0.3002,0.6706,0.2255,0.5028,0.3283,0.6625,8.2841,0.0,DecisionTree,0.7728163864639157,0.7725401463332301,0.7737879555494425,0.7726967402533752,0.7739197897759038,0.7745865632994534,0.772977080268263,0.7727850921908644,0.7714544620464218
electricity-normalized,nswdemand,45312.0,0.3009,0.1583,0.0,0.9808,0.4254,0.4438,0.1633,-0.1033,-0.4099,0.1105,0.2273,0.3002,0.6706,0.2255,0.5028,0.3283,0.6625,8.2841,0.0,LogisticRegression,0.7495352394489759,0.7503361421480637,0.7522281108224187,0.7517531512466673,0.7513471164954776,0.7506113322295866,0.7502576879572672,0.7503770155849573,0.7520933883247316
electricity-normalized,nswdemand,45312.0,0.3009,0.1583,0.0,0.9808,0.4254,0.4438,0.1633,-0.1033,-0.4099,0.1105,0.2273,0.3002,0.6706,0.2255,0.5028,0.3283,0.6625,8.2841,0.0,KNN,0.7765117386199474,0.7776555913735332,0.778971669107988,0.7771389545203832,0.7778388114078071,0.7751458572058216,0.7770711744779628,0.7745799600003129,0.7767543384869363
electricity-normalized,nswdemand,45312.0,0.3009,0.1583,0.0,0.9808,0.4254,0.4438,0.1633,-0.1033,-0.4099,0.1105,0.2273,0.3002,0.6706,0.2255,0.5028,0.3283,0.6625,8.2841,0.0,RandomForest,0.8013748737671229,0.7990413340375386,0.8035249360055892,0.8015771716818598,0.8008577067260954,0.8007510933376352,0.7990823517599261,0.7971040840597936,0.8007958072500115
electricity-normalized,nswdemand,45312.0,0.3009,0.1583,0.0,0.9808,0.4254,0.4438,0.1633,-0.1033,-0.4099,0.1105,0.2273,0.3002,0.6706,0.2255,0.5028,0.3283,0.6625,8.2841,0.0,AdaBoost,0.7592423300752428,0.7599742315605961,0.7602156248767091,0.7603793270368996,0.7611159587279317,0.7602217031487457,0.7603965281277123,0.7600796492325965,0.760574139138992
electricity-normalized,nswdemand,45312.0,0.3009,0.1583,0.0,0.9808,0.4254,0.4438,0.1633,-0.1033,-0.4099,0.1105,0.2273,0.3002,0.6706,0.2255,0.5028,0.3283,0.6625,8.2841,0.0,SVC,0.7595883911811943,0.7614574004195265,0.7567103097471288,0.7567500337690193,0.7604484627123023,0.7522632512172207,0.7595187503816986,0.7575257727267221,0.7613362905019632
electricity-normalized,nswdemand,45312.0,0.2503,0.1494,0.0,1.0,0.4257,0.4441,0.1633,-0.1037,-0.4125,0.1103,0.2273,0.3093,0.6665,0.2269,0.5002,0.3304,0.6597,8.2929,0.0,DecisionTree,0.7749158262842952,0.7774238286001249,0.7765493663121289,0.7756603273584471,0.7765710594901483,0.7758318232893109,0.7759461769746749,0.7739903691783491,0.7767857675903478
electricity-normalized,nswdemand,45312.0,0.2503,0.1494,0.0,1.0,0.4257,0.4441,0.1633,-0.1037,-0.4125,0.1103,0.2273,0.3093,0.6665,0.2269,0.5002,0.3304,0.6597,8.2929,0.0,LogisticRegression,0.7485315555846248,0.7507619686896803,0.7500859388959857,0.7507405631534732,0.7505345412633481,0.7500933942254164,0.7494717886008294,0.7486476130286142,0.7504836511276486
electricity-normalized,nswdemand,45312.0,0.2503,0.1494,0.0,1.0,0.4257,0.4441,0.1633,-0.1037,-0.4125,0.1103,0.2273,0.3093,0.6665,0.2269,0.5002,0.3304,0.6597,8.2929,0.0,KNN,0.7785503426573133,0.7774200553313151,0.7768538874600515,0.7780107680334571,0.7781179409458993,0.7793929296315991,0.7792778185939512,0.7761641090151135,0.7791894817875842
electricity-normalized,nswdemand,45312.0,0.2503,0.1494,0.0,1.0,0.4257,0.4441,0.1633,-0.1037,-0.4125,0.1103,0.2273,0.3093,0.6665,0.2269,0.5002,0.3304,0.6597,8.2929,0.0,RandomForest,0.8015605270763616,0.8001837506681058,0.7991965037490393,0.8005378169194179,0.8000071157485443,0.80014430585954,0.7993754807737997,0.7981018456816386,0.8008309647642167
electricity-normalized,nswdemand,45312.0,0.2503,0.1494,0.0,1.0,0.4257,0.4441,0.1633,-0.1037,-0.4125,0.1103,0.2273,0.3093,0.6665,0.2269,0.5002,0.3304,0.6597,8.2929,0.0,AdaBoost,0.7584926153993277,0.7607220704654625,0.7598787553688173,0.7604925746418739,0.7606626881195596,0.7611669085808915,0.7588233928136359,0.7585398254530065,0.7607228075227046
electricity-normalized,nswdemand,45312.0,0.2503,0.1494,0.0,1.0,0.4257,0.4441,0.1633,-0.1037,-0.4125,0.1103,0.2273,0.3093,0.6665,0.2269,0.5002,0.3304,0.6597,8.2929,0.0,SVC,0.7605427581310695,0.7614971136988339,0.757485579764757,0.7596076946409798,0.7610535173548769,0.762326500101491,0.7590919931127739,0.7625584235277071,0.7589905762902154
electricity-normalized,nswdemand,45312.0,0.1964,0.1411,0.0,1.0,0.4247,0.4429,0.1635,-0.094,-0.407,0.1106,0.227,0.3075,0.6678,0.2254,0.501,0.3281,0.6603,8.3012,0.0,DecisionTree,0.7767266898529542,0.7769186304849649,0.7758373913529427,0.7762062517798094,0.7749113910641232,0.7775479201758353,0.776918964478803,0.7779853993572869,0.7748090521812614
electricity-normalized,nswdemand,45312.0,0.1964,0.1411,0.0,1.0,0.4247,0.4429,0.1635,-0.094,-0.407,0.1106,0.227,0.3075,0.6678,0.2254,0.501,0.3281,0.6603,8.3012,0.0,LogisticRegression,0.7515946525762159,0.7523690334319382,0.7535771144116764,0.754614323984276,0.7536744507408626,0.7532288886732752,0.7525103127858378,0.751331959508049,0.7539853320088133
electricity-normalized,nswdemand,45312.0,0.1964,0.1411,0.0,1.0,0.4247,0.4429,0.1635,-0.094,-0.407,0.1106,0.227,0.3075,0.6678,0.2254,0.501,0.3281,0.6603,8.3012,0.0,KNN,0.7805336219780454,0.780882160405372,0.7812833275954055,0.7811990569567262,0.7804239796938501,0.7802986414131362,0.7804072904374885,0.7783018245716007,0.7801354201051175
electricity-normalized,nswdemand,45312.0,0.1964,0.1411,0.0,1.0,0.4247,0.4429,0.1635,-0.094,-0.407,0.1106,0.227,0.3075,0.6678,0.2254,0.501,0.3281,0.6603,8.3012,0.0,RandomForest,0.8031541648881513,0.8022898973747595,0.8031847335243162,0.8034599421251123,0.8016848579374407,0.8022081706384295,0.8024022048029662,0.8014181008277299,0.8037362120791041
electricity-normalized,nswdemand,45312.0,0.1964,0.1411,0.0,1.0,0.4247,0.4429,0.1635,-0.094,-0.407,0.1106,0.227,0.3075,0.6678,0.2254,0.501,0.3281,0.6603,8.3012,0.0,AdaBoost,0.7608935945059495,0.7622796577039255,0.7602635078883423,0.7618451888200777,0.7610001321614552,0.7618789303492466,0.7615915241134668,0.7596452227475803,0.7611621012054038
electricity-normalized,nswdemand,45312.0,0.1964,0.1411,0.0,1.0,0.4247,0.4429,0.1635,-0.094,-0.407,0.1106,0.227,0.3075,0.6678,0.2254,0.501,0.3281,0.6603,8.3012,0.0,SVC,0.7590177351625564,0.7643700835965987,0.7620211045477129,0.76292535091661,0.7598783467951999,0.7613230411021806,0.7466971792101469,0.7610276704463682,0.7642438121517828
electricity-normalized,nswdemand,45312.0,0.1507,0.134,0.0,1.0,0.4249,0.4433,0.1631,-0.0991,-0.4137,0.1106,0.2273,0.3082,0.6672,0.224,0.5008,0.3261,0.6606,8.3016,0.0,DecisionTree,0.7758669499350899,0.7783970523625604,0.7793765491406145,0.7773553806780069,0.7781309459464287,0.7783943086870122,0.7772428768373698,0.7763557122639027,0.7790854874693375
electricity-normalized,nswdemand,45312.0,0.1507,0.134,0.0,1.0,0.4249,0.4433,0.1631,-0.0991,-0.4137,0.1106,0.2273,0.3082,0.6672,0.224,0.5008,0.3261,0.6606,8.3016,0.0,LogisticRegression,0.7525950370213716,0.7537686175048958,0.7536887432584686,0.7538889071543342,0.7537456583547922,0.7526572967464424,0.7530595340590938,0.752088338238178,0.7537624058912786
electricity-normalized,nswdemand,45312.0,0.1507,0.134,0.0,1.0,0.4249,0.4433,0.1631,-0.0991,-0.4137,0.1106,0.2273,0.3082,0.6672,0.224,0.5008,0.3261,0.6606,8.3016,0.0,KNN,0.7816007098218077,0.7808604950908505,0.7820937914626618,0.7811493510976423,0.7818709062920792,0.7814179659368135,0.7814795244414414,0.7808976423262296,0.7820278744429794
electricity-normalized,nswdemand,45312.0,0.1507,0.134,0.0,1.0,0.4249,0.4433,0.1631,-0.0991,-0.4137,0.1106,0.2273,0.3082,0.6672,0.224,0.5008,0.3261,0.6606,8.3016,0.0,RandomForest,0.8053837262787789,0.8043863990587482,0.8046965516801554,0.8040507619810549,0.8045737819656515,0.8049229777332036,0.8051859644408512,0.8034303133250372,0.8051777887630684
electricity-normalized,nswdemand,45312.0,0.1507,0.134,0.0,1.0,0.4249,0.4433,0.1631,-0.0991,-0.4137,0.1106,0.2273,0.3082,0.6672,0.224,0.5008,0.3261,0.6606,8.3016,0.0,AdaBoost,0.7606533081219189,0.7610623953355337,0.7616303384274189,0.761868261222198,0.7621814780266989,0.7611647893567584,0.7604740216003886,0.7597923801216209,0.7622116194555814
electricity-normalized,nswdemand,45312.0,0.1507,0.134,0.0,1.0,0.4249,0.4433,0.1631,-0.0991,-0.4137,0.1106,0.2273,0.3082,0.6672,0.224,0.5008,0.3261,0.6606,8.3016,0.0,SVC,0.7635824674599989,0.7615139603426234,0.7622835458271275,0.7623522700099429,0.7579217117866583,0.7581624173904615,0.7584327829050865,0.759395527603164,0.7644568265220005
electricity-normalized,nswdemand,45312.0,0.1013,0.1277,0.0,1.0,0.4254,0.4436,0.1634,-0.0928,-0.4126,0.1107,0.2269,0.3038,0.6681,0.2261,0.5007,0.3291,0.6606,8.3087,0.0,DecisionTree,0.7800685081631121,0.7783954038641858,0.7810438443882943,0.7801962458390095,0.7811872105944233,0.7807918262229543,0.7797708338060804,0.7796697384455584,0.7801421811483045
electricity-normalized,nswdemand,45312.0,0.1013,0.1277,0.0,1.0,0.4254,0.4436,0.1634,-0.0928,-0.4126,0.1107,0.2269,0.3038,0.6681,0.2261,0.5007,0.3291,0.6606,8.3087,0.0,LogisticRegression,0.7529502334869667,0.7543034090595595,0.7538357725505723,0.753890835716204,0.7541155624979559,0.7531509690823615,0.7539523228458814,0.7530482008577024,0.7536849010279392
electricity-normalized,nswdemand,45312.0,0.1013,0.1277,0.0,1.0,0.4254,0.4436,0.1634,-0.0928,-0.4126,0.1107,0.2269,0.3038,0.6681,0.2261,0.5007,0.3291,0.6606,8.3087,0.0,KNN,0.7822518975210929,0.7831997661877879,0.7834655544266378,0.7837848486107868,0.7839745898172323,0.7840674006597326,0.7827734200016594,0.7824288239262303,0.7839895454286032
electricity-normalized,nswdemand,45312.0,0.1013,0.1277,0.0,1.0,0.4254,0.4436,0.1634,-0.0928,-0.4126,0.1107,0.2269,0.3038,0.6681,0.2261,0.5007,0.3291,0.6606,8.3087,0.0,RandomForest,0.8064884642941459,0.8060333909680465,0.8064713426575643,0.8080066260978016,0.8070714436576689,0.8062385814002355,0.8070487528505345,0.8066077355400669,0.8069557981701343
electricity-normalized,nswdemand,45312.0,0.1013,0.1277,0.0,1.0,0.4254,0.4436,0.1634,-0.0928,-0.4126,0.1107,0.2269,0.3038,0.6681,0.2261,0.5007,0.3291,0.6606,8.3087,0.0,AdaBoost,0.7606679197063169,0.7627262817940949,0.7610412220554557,0.7625573511040623,0.7612378757630998,0.7607157965670283,0.7603068046705552,0.760096031848319,0.7610427929870819
electricity-normalized,nswdemand,45312.0,0.1013,0.1277,0.0,1.0,0.4254,0.4436,0.1634,-0.0928,-0.4126,0.1107,0.2269,0.3038,0.6681,0.2261,0.5007,0.3291,0.6606,8.3087,0.0,SVC,0.7648089626449402,0.7630404739212648,0.7619346868419079,0.7626806792005081,0.7599105858943926,0.7660701707217616,0.7605880069520412,0.7644602409531287,0.7650881267316622
electricity-normalized,nswdemand,45312.0,0.0502,0.1218,0.0,1.0,0.4256,0.4442,0.1635,-0.1017,-0.4118,0.1104,0.227,0.3051,0.6685,0.2242,0.5016,0.3265,0.6616,8.313,0.0,DecisionTree,0.779875509581258,0.778912505731588,0.7793906037580949,0.7816544227549764,0.7821022107885045,0.7803873411781109,0.7800562482113828,0.7791298027474043,0.780280874219037
electricity-normalized,nswdemand,45312.0,0.0502,0.1218,0.0,1.0,0.4256,0.4442,0.1635,-0.1017,-0.4118,0.1104,0.227,0.3051,0.6685,0.2242,0.5016,0.3265,0.6616,8.313,0.0,LogisticRegression,0.7540718582772659,0.7539549122264428,0.7542595767706199,0.7544383673226975,0.7544727611565131,0.7542490576692085,0.7543230662765327,0.7544004250387945,0.7544646588835415
electricity-normalized,nswdemand,45312.0,0.0502,0.1218,0.0,1.0,0.4256,0.4442,0.1635,-0.1017,-0.4118,0.1104,0.227,0.3051,0.6685,0.2242,0.5016,0.3265,0.6616,8.313,0.0,KNN,0.7831049617378946,0.7837487041692602,0.7860261094035932,0.7851008363962801,0.7850582830118479,0.7851641342676224,0.7836439282263099,0.7833422963007155,0.7848099238698978
electricity-normalized,nswdemand,45312.0,0.0502,0.1218,0.0,1.0,0.4256,0.4442,0.1635,-0.1017,-0.4118,0.1104,0.227,0.3051,0.6685,0.2242,0.5016,0.3265,0.6616,8.313,0.0,RandomForest,0.8077873559870196,0.8075179578686715,0.8086644844825215,0.8080003180323643,0.8094704478417694,0.8089654875517928,0.8089539328489201,0.8076084178382916,0.8094767575003883
electricity-normalized,nswdemand,45312.0,0.0502,0.1218,0.0,1.0,0.4256,0.4442,0.1635,-0.1017,-0.4118,0.1104,0.227,0.3051,0.6685,0.2242,0.5016,0.3265,0.6616,8.313,0.0,AdaBoost,0.7618488693999013,0.7614198123542751,0.7621673819526176,0.7622750051782902,0.7624211798253949,0.7625131122480101,0.7618721558640684,0.7619195890046032,0.7620906218676639
electricity-normalized,nswdemand,45312.0,0.0502,0.1218,0.0,1.0,0.4256,0.4442,0.1635,-0.1017,-0.4118,0.1104,0.227,0.3051,0.6685,0.2242,0.5016,0.3265,0.6616,8.313,0.0,SVC,0.7634378282276414,0.7615862604459342,0.7600002219260571,0.7499033950760063,0.7597359811911376,0.7615457553167871,0.7662194709252033,0.7636459454599661,0.7590696561152237
electricity-normalized,vicdemand,45312.0,0.4966,0.1138,0.0241,1.0,0.4235,0.4229,0.1213,0.1918,1.0172,0.0476,0.095,0.3056,0.6666,0.2775,0.4981,0.3815,0.657,5.3724,0.0,DecisionTree,0.7706389453726156,0.7693642519903212,0.7700253747488568,0.769935355547135,0.7699984561176925,0.7717029821439516,0.7699934924895437,0.7677738962555632,0.7686940129409592
electricity-normalized,vicdemand,45312.0,0.4966,0.1138,0.0241,1.0,0.4235,0.4229,0.1213,0.1918,1.0172,0.0476,0.095,0.3056,0.6666,0.2775,0.4981,0.3815,0.657,5.3724,0.0,LogisticRegression,0.7546593748914091,0.7541176836415657,0.7535409638525243,0.7535754616748385,0.7534291524937274,0.7543025453231859,0.7543891002333126,0.7546681814575025,0.7535022950679964
electricity-normalized,vicdemand,45312.0,0.4966,0.1138,0.0241,1.0,0.4235,0.4229,0.1213,0.1918,1.0172,0.0476,0.095,0.3056,0.6666,0.2775,0.4981,0.3815,0.657,5.3724,0.0,KNN,0.7685594676546341,0.7685222719984193,0.7685182166008143,0.7690557546632226,0.7676790568594244,0.7668576548843304,0.7684192933739347,0.7632043257363452,0.7687946975733729
electricity-normalized,vicdemand,45312.0,0.4966,0.1138,0.0241,1.0,0.4235,0.4229,0.1213,0.1918,1.0172,0.0476,0.095,0.3056,0.6666,0.2775,0.4981,0.3815,0.657,5.3724,0.0,RandomForest,0.7904832408783787,0.7865949679035305,0.7869842015669009,0.7864100115311226,0.7850469118453937,0.7840479897294317,0.7884505248074063,0.7856685627793221,0.7876416367095114
electricity-normalized,vicdemand,45312.0,0.4966,0.1138,0.0241,1.0,0.4235,0.4229,0.1213,0.1918,1.0172,0.0476,0.095,0.3056,0.6666,0.2775,0.4981,0.3815,0.657,5.3724,0.0,AdaBoost,0.758167655528859,0.756503572684297,0.756123576838554,0.7577966357893726,0.7565570362948448,0.7561637268084018,0.758221259934581,0.7556656150492758,0.7571881549841328
electricity-normalized,vicdemand,45312.0,0.4966,0.1138,0.0241,1.0,0.4235,0.4229,0.1213,0.1918,1.0172,0.0476,0.095,0.3056,0.6666,0.2775,0.4981,0.3815,0.657,5.3724,0.0,SVC,0.7613106311339619,0.7567984331469859,0.7560868047223178,0.7592141521427512,0.7552949281157082,0.7534088907007699,0.7558413910764998,0.7587029522199723,0.7579822278778088
electricity-normalized,vicdemand,45312.0,0.4498,0.1053,0.0,0.9894,0.4227,0.4229,0.1206,0.1382,0.8707,0.0484,0.0963,0.2973,0.6648,0.2725,0.4998,0.3758,0.6591,5.3734,0.0,DecisionTree,0.7712391750363214,0.7723103427863417,0.7711657044586007,0.7730403837569431,0.7709757285526296,0.7720295047657888,0.7706171535075983,0.768337567616358,0.7727453972043656
electricity-normalized,vicdemand,45312.0,0.4498,0.1053,0.0,0.9894,0.4227,0.4229,0.1206,0.1382,0.8707,0.0484,0.0963,0.2973,0.6648,0.2725,0.4998,0.3758,0.6591,5.3734,0.0,LogisticRegression,0.7548096218402778,0.7547262446027002,0.7530922969235786,0.7533162680744118,0.7532098144302476,0.7544206105845834,0.7546945500562627,0.7546224472492371,0.7529091608972858
electricity-normalized,vicdemand,45312.0,0.4498,0.1053,0.0,0.9894,0.4227,0.4229,0.1206,0.1382,0.8707,0.0484,0.0963,0.2973,0.6648,0.2725,0.4998,0.3758,0.6591,5.3734,0.0,KNN,0.7701327561453024,0.7689144181415847,0.7716775437720612,0.7703811260936662,0.7689204598992679,0.7698610495589406,0.769503146543545,0.7663236838925018,0.770009627511131
electricity-normalized,vicdemand,45312.0,0.4498,0.1053,0.0,0.9894,0.4227,0.4229,0.1206,0.1382,0.8707,0.0484,0.0963,0.2973,0.6648,0.2725,0.4998,0.3758,0.6591,5.3734,0.0,RandomForest,0.7932562787679359,0.7888748325656176,0.790404520806349,0.7875153360189668,0.7874749424262215,0.7872990335655058,0.7884988483697667,0.7875064748441284,0.7882958298555502
electricity-normalized,vicdemand,45312.0,0.4498,0.1053,0.0,0.9894,0.4227,0.4229,0.1206,0.1382,0.8707,0.0484,0.0963,0.2973,0.6648,0.2725,0.4998,0.3758,0.6591,5.3734,0.0,AdaBoost,0.7580952875158734,0.7572327057991393,0.758573889785498,0.7579524181914818,0.7567107524229746,0.7563772434869356,0.7581787726626402,0.7566558460254803,0.7566140021815464
electricity-normalized,vicdemand,45312.0,0.4498,0.1053,0.0,0.9894,0.4227,0.4229,0.1206,0.1382,0.8707,0.0484,0.0963,0.2973,0.6648,0.2725,0.4998,0.3758,0.6591,5.3734,0.0,SVC,0.7488049894023382,0.7513488613522759,0.757378367323139,0.7497098946329404,0.7542860400478604,0.7591672263788667,0.7572899471201837,0.7547155212182952,0.7562224904903977
electricity-normalized,vicdemand,45312.0,0.4021,0.0989,0.0256,1.0,0.4233,0.4229,0.1212,0.1668,0.9065,0.0485,0.0966,0.309,0.6694,0.2753,0.5024,0.3801,0.6623,5.3994,0.0,DecisionTree,0.7719885196257616,0.7720040460631434,0.7733365240412908,0.7750053087837324,0.7721876161872769,0.7743576923989614,0.7702089720768452,0.7706810964822572,0.7751283275334881
electricity-normalized,vicdemand,45312.0,0.4021,0.0989,0.0256,1.0,0.4233,0.4229,0.1212,0.1668,0.9065,0.0485,0.0966,0.309,0.6694,0.2753,0.5024,0.3801,0.6623,5.3994,0.0,LogisticRegression,0.7546512247617501,0.7546219066905615,0.7535318613320452,0.7532688907185726,0.753342266317385,0.7544607181337781,0.7544177356350624,0.7548298362376554,0.7531357822672814
electricity-normalized,vicdemand,45312.0,0.4021,0.0989,0.0256,1.0,0.4233,0.4229,0.1212,0.1668,0.9065,0.0485,0.0966,0.309,0.6694,0.2753,0.5024,0.3801,0.6623,5.3994,0.0,KNN,0.7719628190075649,0.7712647539794486,0.7718115047952048,0.7714341337687474,0.7719814763931033,0.770896803330061,0.7718949812620142,0.7677061158183318,0.7693876727915366
electricity-normalized,vicdemand,45312.0,0.4021,0.0989,0.0256,1.0,0.4233,0.4229,0.1212,0.1668,0.9065,0.0485,0.0966,0.309,0.6694,0.2753,0.5024,0.3801,0.6623,5.3994,0.0,RandomForest,0.7943006376305499,0.7912020184007021,0.7911395438075777,0.7913108395835877,0.7914538522065018,0.7901329981781643,0.7913753820171903,0.7907871561951769,0.7914899134857052
electricity-normalized,vicdemand,45312.0,0.4021,0.0989,0.0256,1.0,0.4233,0.4229,0.1212,0.1668,0.9065,0.0485,0.0966,0.309,0.6694,0.2753,0.5024,0.3801,0.6623,5.3994,0.0,AdaBoost,0.7583561870894127,0.7567560643513922,0.7580640091316438,0.7589526621197554,0.757157466589711,0.7561346112828778,0.7585901320942166,0.758492671309952,0.7571742551341955
electricity-normalized,vicdemand,45312.0,0.4021,0.0989,0.0256,1.0,0.4233,0.4229,0.1212,0.1668,0.9065,0.0485,0.0966,0.309,0.6694,0.2753,0.5024,0.3801,0.6623,5.3994,0.0,SVC,0.7502802051299798,0.758516865360402,0.759105172422615,0.753016639125074,0.759183882917306,0.7558352774564463,0.7613507205975207,0.7514424607314745,0.7618251426271054
electricity-normalized,vicdemand,45312.0,0.3554,0.0927,0.0,1.0,0.4228,0.4229,0.1216,0.1682,0.9076,0.0493,0.0984,0.3093,0.6713,0.2773,0.5037,0.3827,0.664,5.4123,0.0,DecisionTree,0.7719499106649088,0.7744540129843624,0.7725983491629242,0.7730411403418511,0.7724684204130113,0.7699693146169061,0.7737103957305316,0.7695918947938271,0.774410874769703
electricity-normalized,vicdemand,45312.0,0.3554,0.0927,0.0,1.0,0.4228,0.4229,0.1216,0.1682,0.9076,0.0493,0.0984,0.3093,0.6713,0.2773,0.5037,0.3827,0.664,5.4123,0.0,LogisticRegression,0.7545036245857564,0.7544168804564698,0.7537983440561498,0.7537398461357455,0.7539654912305712,0.7545119688598766,0.7545238378634609,0.7543240952286105,0.7537259760329195
electricity-normalized,vicdemand,45312.0,0.3554,0.0927,0.0,1.0,0.4228,0.4229,0.1216,0.1682,0.9076,0.0493,0.0984,0.3093,0.6713,0.2773,0.5037,0.3827,0.664,5.4123,0.0,KNN,0.7712146757054057,0.7723146078370382,0.7741368037746992,0.7739502969719386,0.7714818433417334,0.7713692868667072,0.7718375974411422,0.7702960552493068,0.772612610217202
electricity-normalized,vicdemand,45312.0,0.3554,0.0927,0.0,1.0,0.4228,0.4229,0.1216,0.1682,0.9076,0.0493,0.0984,0.3093,0.6713,0.2773,0.5037,0.3827,0.664,5.4123,0.0,RandomForest,0.7937723872203029,0.7892327429417328,0.7913363836706861,0.7913298581764614,0.7912060773565737,0.7883846586083343,0.7909187414504281,0.7911615446185691,0.7896592829974365
electricity-normalized,vicdemand,45312.0,0.3554,0.0927,0.0,1.0,0.4228,0.4229,0.1216,0.1682,0.9076,0.0493,0.0984,0.3093,0.6713,0.2773,0.5037,0.3827,0.664,5.4123,0.0,AdaBoost,0.7590172728077973,0.7572799004750145,0.7580288419378902,0.7576606973079831,0.7583554970564914,0.7566667004688726,0.7588718330164752,0.7578949681990926,0.7573641446152135
electricity-normalized,vicdemand,45312.0,0.3554,0.0927,0.0,1.0,0.4228,0.4229,0.1216,0.1682,0.9076,0.0493,0.0984,0.3093,0.6713,0.2773,0.5037,0.3827,0.664,5.4123,0.0,SVC,0.7552794434306884,0.7475804365373506,0.7483840067577698,0.7569450929678143,0.759441581817732,0.7505604048342847,0.7603354158922246,0.7595850462205005,0.7602668817332248
electricity-normalized,vicdemand,45312.0,0.3018,0.0856,0.0,0.9912,0.4225,0.4229,0.1207,0.1498,0.8998,0.0485,0.0968,0.3037,0.668,0.2775,0.5008,0.3825,0.6606,5.4058,0.0,DecisionTree,0.7744325490035756,0.7750053009692006,0.7756722060373339,0.7746752087040367,0.7742553886601522,0.7737680309197075,0.7744680123460759,0.7720459646089224,0.7737275067881535
electricity-normalized,vicdemand,45312.0,0.3018,0.0856,0.0,0.9912,0.4225,0.4229,0.1207,0.1498,0.8998,0.0485,0.0968,0.3037,0.668,0.2775,0.5008,0.3825,0.6606,5.4058,0.0,LogisticRegression,0.7542381477585337,0.754411090332632,0.7534229809954411,0.7533820235160608,0.7532987297790169,0.7540101878164838,0.754344763677057,0.7542811180447461,0.7534255488553936
electricity-normalized,vicdemand,45312.0,0.3018,0.0856,0.0,0.9912,0.4225,0.4229,0.1207,0.1498,0.8998,0.0485,0.0968,0.3037,0.668,0.2775,0.5008,0.3825,0.6606,5.4058,0.0,KNN,0.7735372931099673,0.774884187563955,0.7760645426580662,0.7748657159006026,0.7743537550223277,0.7733836035443283,0.772996801703174,0.7683001273810952,0.774008374060304
electricity-normalized,vicdemand,45312.0,0.3018,0.0856,0.0,0.9912,0.4225,0.4229,0.1207,0.1498,0.8998,0.0485,0.0968,0.3037,0.668,0.2775,0.5008,0.3825,0.6606,5.4058,0.0,RandomForest,0.7965291674332101,0.7939075662221324,0.7956772043011061,0.7942665456871045,0.7941690071150609,0.7943163978001475,0.7949380923193015,0.7942418502831088,0.7936422611853287
electricity-normalized,vicdemand,45312.0,0.3018,0.0856,0.0,0.9912,0.4225,0.4229,0.1207,0.1498,0.8998,0.0485,0.0968,0.3037,0.668,0.2775,0.5008,0.3825,0.6606,5.4058,0.0,AdaBoost,0.759898186873013,0.7582036076288942,0.7583219337792544,0.759980570393102,0.7585178197314705,0.7587964244304868,0.760901077631137,0.7589168799687858,0.7586972699976514
electricity-normalized,vicdemand,45312.0,0.3018,0.0856,0.0,0.9912,0.4225,0.4229,0.1207,0.1498,0.8998,0.0485,0.0968,0.3037,0.668,0.2775,0.5008,0.3825,0.6606,5.4058,0.0,SVC,0.744842949998655,0.7599883506338714,0.7598339291507575,0.7563509558293304,0.7640812828665772,0.7583300403316156,0.7610757265280041,0.7594042769265599,0.7629687553409537
electricity-normalized,vicdemand,45312.0,0.2529,0.0814,0.0241,1.0,0.423,0.4229,0.1207,0.1661,0.9447,0.048,0.0955,0.3036,0.6659,0.271,0.5002,0.374,0.6598,5.4026,0.0,DecisionTree,0.7732290780459101,0.7775203569758066,0.7759283241213911,0.774710838447825,0.7751812455725027,0.7731254919141798,0.7754888713250218,0.7755709781059072,0.7752193720309163
electricity-normalized,vicdemand,45312.0,0.2529,0.0814,0.0241,1.0,0.423,0.4229,0.1207,0.1661,0.9447,0.048,0.0955,0.3036,0.6659,0.271,0.5002,0.374,0.6598,5.4026,0.0,LogisticRegression,0.7546099138317173,0.7548669670392194,0.7540918569906361,0.7540918400440472,0.7538467601412063,0.7547490219136536,0.7546706014372893,0.7547168456022783,0.7542127444833511
electricity-normalized,vicdemand,45312.0,0.2529,0.0814,0.0241,1.0,0.423,0.4229,0.1207,0.1661,0.9447,0.048,0.0955,0.3036,0.6659,0.271,0.5002,0.374,0.6598,5.4026,0.0,KNN,0.7756465735017889,0.7758547020579654,0.7769106673604954,0.7747234723065523,0.7755874565484137,0.7744848270308672,0.776450623476564,0.7726637989699634,0.7756304839193643
electricity-normalized,vicdemand,45312.0,0.2529,0.0814,0.0241,1.0,0.423,0.4229,0.1207,0.1661,0.9447,0.048,0.0955,0.3036,0.6659,0.271,0.5002,0.374,0.6598,5.4026,0.0,RandomForest,0.7994977615434729,0.7965369638887821,0.7979424018936755,0.7969558770763179,0.7962849644198173,0.7958224558939022,0.7974996680550986,0.7964687862568989,0.7977778655845789
electricity-normalized,vicdemand,45312.0,0.2529,0.0814,0.0241,1.0,0.423,0.4229,0.1207,0.1661,0.9447,0.048,0.0955,0.3036,0.6659,0.271,0.5002,0.374,0.6598,5.4026,0.0,AdaBoost,0.7590694399300941,0.7574612764673997,0.7574542260449814,0.7578810946478982,0.7588099937866906,0.7575780190526265,0.7598828352189912,0.7583218667639552,0.7579290246413006
electricity-normalized,vicdemand,45312.0,0.2529,0.0814,0.0241,1.0,0.423,0.4229,0.1207,0.1661,0.9447,0.048,0.0955,0.3036,0.6659,0.271,0.5002,0.374,0.6598,5.4026,0.0,SVC,0.7621242353004354,0.7588238017078267,0.7543264407476999,0.7617283324698945,0.761425595420796,0.7569697085092346,0.762805906135144,0.7586441297388513,0.7576892446477568
electricity-normalized,vicdemand,45312.0,0.2009,0.0765,0.0,1.0,0.4228,0.4229,0.121,0.1656,0.9072,0.0485,0.0969,0.3124,0.6685,0.2759,0.5017,0.3804,0.6618,5.4043,0.0,DecisionTree,0.7749887029913346,0.7759225149039569,0.7769391614156276,0.7779051858128385,0.777506244264748,0.7750161418616953,0.775086301110446,0.7711074211899819,0.7766202638757762
electricity-normalized,vicdemand,45312.0,0.2009,0.0765,0.0,1.0,0.4228,0.4229,0.121,0.1656,0.9072,0.0485,0.0969,0.3124,0.6685,0.2759,0.5017,0.3804,0.6618,5.4043,0.0,LogisticRegression,0.7543363764059033,0.75431609777493,0.7540589250942192,0.7540186333791088,0.7537217457978378,0.7543476912613207,0.7543563876511741,0.7544114969566083,0.7539293686634482
electricity-normalized,vicdemand,45312.0,0.2009,0.0765,0.0,1.0,0.4228,0.4229,0.121,0.1656,0.9072,0.0485,0.0969,0.3124,0.6685,0.2759,0.5017,0.3804,0.6618,5.4043,0.0,KNN,0.7775109948774338,0.7769764307493072,0.7783088832940805,0.7774571346069752,0.7777831379871291,0.7769946009066713,0.7780184741996766,0.7766021178814501,0.7789172904008975
electricity-normalized,vicdemand,45312.0,0.2009,0.0765,0.0,1.0,0.4228,0.4229,0.121,0.1656,0.9072,0.0485,0.0969,0.3124,0.6685,0.2759,0.5017,0.3804,0.6618,5.4043,0.0,RandomForest,0.7986120811495536,0.7982619412548178,0.7970221516574271,0.7971712755867677,0.797002636532602,0.7947790903185226,0.7979213765346409,0.7986353968772923,0.7976596178638791
electricity-normalized,vicdemand,45312.0,0.2009,0.0765,0.0,1.0,0.4228,0.4229,0.121,0.1656,0.9072,0.0485,0.0969,0.3124,0.6685,0.2759,0.5017,0.3804,0.6618,5.4043,0.0,AdaBoost,0.7599117518366408,0.7582053729074048,0.758692032639122,0.7581422145121768,0.7582133542527224,0.7568973223407984,0.7602109846806969,0.7591849649105922,0.7585638669879273
electricity-normalized,vicdemand,45312.0,0.2009,0.0765,0.0,1.0,0.4228,0.4229,0.121,0.1656,0.9072,0.0485,0.0969,0.3124,0.6685,0.2759,0.5017,0.3804,0.6618,5.4043,0.0,SVC,0.7621778529719612,0.7546127651699361,0.7627562591306928,0.7575092210593088,0.7569444353903814,0.7568372878703675,0.7588354913925724,0.7614809916988386,0.7532267201418674
electricity-normalized,vicdemand,45312.0,0.1495,0.0726,0.0,1.0,0.423,0.4229,0.1211,0.1608,0.8981,0.0487,0.0972,0.305,0.6701,0.2754,0.5036,0.38,0.6639,5.4123,0.0,DecisionTree,0.7752650446929098,0.7806245807322275,0.7775434472276794,0.7779241408095765,0.7788798046775294,0.7771309486988828,0.7780048606914398,0.7740360913089867,0.7776080124780865
electricity-normalized,vicdemand,45312.0,0.1495,0.0726,0.0,1.0,0.423,0.4229,0.1211,0.1608,0.8981,0.0487,0.0972,0.305,0.6701,0.2754,0.5036,0.38,0.6639,5.4123,0.0,LogisticRegression,0.7542507103092436,0.7542215786933878,0.754096938374836,0.7539875101217687,0.7539644156668781,0.7543593981848833,0.7541352734370077,0.7543686763970658,0.7539904183706433
electricity-normalized,vicdemand,45312.0,0.1495,0.0726,0.0,1.0,0.423,0.4229,0.1211,0.1608,0.8981,0.0487,0.0972,0.305,0.6701,0.2754,0.5036,0.38,0.6639,5.4123,0.0,KNN,0.7803631967096226,0.7804546068771396,0.7809562370018207,0.7804786995253706,0.7814276418497306,0.7773626647915582,0.7807836029045445,0.7784437828066731,0.7807880890051782
electricity-normalized,vicdemand,45312.0,0.1495,0.0726,0.0,1.0,0.423,0.4229,0.1211,0.1608,0.8981,0.0487,0.0972,0.305,0.6701,0.2754,0.5036,0.38,0.6639,5.4123,0.0,RandomForest,0.8048362516632881,0.8051698481388835,0.8031743387150683,0.8036478289370004,0.8026465961069089,0.8013115653195831,0.8039969561366465,0.8023538256889792,0.8022572462512998
electricity-normalized,vicdemand,45312.0,0.1495,0.0726,0.0,1.0,0.423,0.4229,0.1211,0.1608,0.8981,0.0487,0.0972,0.305,0.6701,0.2754,0.5036,0.38,0.6639,5.4123,0.0,AdaBoost,0.7601239521837713,0.7600828023814086,0.7589514613422172,0.7588445268187978,0.758994170707211,0.7577692368850762,0.7600979607452661,0.759519085586398,0.7588083272467788
electricity-normalized,vicdemand,45312.0,0.1495,0.0726,0.0,1.0,0.423,0.4229,0.1211,0.1608,0.8981,0.0487,0.0972,0.305,0.6701,0.2754,0.5036,0.38,0.6639,5.4123,0.0,SVC,0.7626203857727063,0.7639659066994268,0.7623380919612782,0.7604786934773604,0.7564397874257855,0.7640215887770956,0.7605059969278256,0.7532619888112744,0.7583896465425322
electricity-normalized,vicdemand,45312.0,0.1017,0.0689,0.0,1.0,0.4226,0.4229,0.1208,0.1576,0.9066,0.049,0.0976,0.3055,0.6679,0.2722,0.5008,0.3755,0.6607,5.4164,0.0,DecisionTree,0.7775702460398158,0.7793427324926951,0.7797728326313471,0.7786591970275233,0.7790516404358845,0.7789941060938154,0.7787656731308009,0.7792053320286225,0.7794202478394916
electricity-normalized,vicdemand,45312.0,0.1017,0.0689,0.0,1.0,0.4226,0.4229,0.1208,0.1576,0.9066,0.049,0.0976,0.3055,0.6679,0.2722,0.5008,0.3755,0.6607,5.4164,0.0,LogisticRegression,0.7544402703062439,0.7543481440957778,0.7539896415605658,0.7541105703708104,0.7540068922025795,0.7544171238733276,0.7543421150064508,0.754339278776451,0.7540097012953552
electricity-normalized,vicdemand,45312.0,0.1017,0.0689,0.0,1.0,0.4226,0.4229,0.1208,0.1576,0.9066,0.049,0.0976,0.3055,0.6679,0.2722,0.5008,0.3755,0.6607,5.4164,0.0,KNN,0.7821617304842532,0.7823066173044287,0.7829928925846074,0.7815688768012221,0.7817629851812572,0.7811846594128514,0.7824005967989713,0.7805780978358242,0.7830121859190076
electricity-normalized,vicdemand,45312.0,0.1017,0.0689,0.0,1.0,0.4226,0.4229,0.1208,0.1576,0.9066,0.049,0.0976,0.3055,0.6679,0.2722,0.5008,0.3755,0.6607,5.4164,0.0,RandomForest,0.8075057380876419,0.8063378196288961,0.8058429214308109,0.8062457552422531,0.8045570434381472,0.8044836632805399,0.8075604267646399,0.8044720511643664,0.8062834259482158
electricity-normalized,vicdemand,45312.0,0.1017,0.0689,0.0,1.0,0.4226,0.4229,0.1208,0.1576,0.9066,0.049,0.0976,0.3055,0.6679,0.2722,0.5008,0.3755,0.6607,5.4164,0.0,AdaBoost,0.7614086547221635,0.7589005652431066,0.7607318237495128,0.7599692635636559,0.7611638544914548,0.7594763355013401,0.7608888956459219,0.7606814340623803,0.7604806349286892
electricity-normalized,vicdemand,45312.0,0.1017,0.0689,0.0,1.0,0.4226,0.4229,0.1208,0.1576,0.9066,0.049,0.0976,0.3055,0.6679,0.2722,0.5008,0.3755,0.6607,5.4164,0.0,SVC,0.766855171291144,0.7642951409465747,0.7607313639205555,0.7634458269479305,0.7644613899968963,0.7654982844900132,0.7618931854939032,0.7601313911097655,0.7615532686705238
electricity-normalized,vicdemand,45312.0,0.049,0.0657,0.0,1.0,0.423,0.4229,0.121,0.1579,0.9065,0.0486,0.0968,0.3067,0.6693,0.273,0.5019,0.3764,0.6618,5.4164,0.0,DecisionTree,0.7811576401820202,0.7793078044107844,0.7813951339955236,0.7803727116594578,0.7804865565097754,0.7818458977781763,0.7809700099626382,0.7805012746554036,0.7815147697073712
electricity-normalized,vicdemand,45312.0,0.049,0.0657,0.0,1.0,0.423,0.4229,0.121,0.1579,0.9065,0.0486,0.0968,0.3067,0.6693,0.273,0.5019,0.3764,0.6618,5.4164,0.0,LogisticRegression,0.7544342941779559,0.7545178956020121,0.7543448454659761,0.7543450410252127,0.754307251708951,0.7543566329290993,0.7544657661695539,0.7545263844763929,0.7543046711916034
electricity-normalized,vicdemand,45312.0,0.049,0.0657,0.0,1.0,0.423,0.4229,0.121,0.1579,0.9065,0.0486,0.0968,0.3067,0.6693,0.273,0.5019,0.3764,0.6618,5.4164,0.0,KNN,0.783559995925281,0.7828432731111908,0.7834271190910084,0.7835016552143603,0.783059322057458,0.7825054181445888,0.7831675127185581,0.7829612156154904,0.7833460850547449
electricity-normalized,vicdemand,45312.0,0.049,0.0657,0.0,1.0,0.423,0.4229,0.121,0.1579,0.9065,0.0486,0.0968,0.3067,0.6693,0.273,0.5019,0.3764,0.6618,5.4164,0.0,RandomForest,0.8090357389461403,0.8090359323681928,0.8078177815449631,0.8069887910943433,0.8078631211979956,0.8067981277540759,0.8077916261673894,0.8071519292999753,0.8073558167573693
electricity-normalized,vicdemand,45312.0,0.049,0.0657,0.0,1.0,0.423,0.4229,0.121,0.1579,0.9065,0.0486,0.0968,0.3067,0.6693,0.273,0.5019,0.3764,0.6618,5.4164,0.0,AdaBoost,0.7612699283457082,0.7594632655996328,0.7606896340863921,0.7608768598351444,0.7599309098074104,0.7610121327982438,0.7607294935760017,0.7595515685829559,0.7607786116788342
electricity-normalized,vicdemand,45312.0,0.049,0.0657,0.0,1.0,0.423,0.4229,0.121,0.1579,0.9065,0.0486,0.0968,0.3067,0.6693,0.273,0.5019,0.3764,0.6618,5.4164,0.0,SVC,0.7573057416377517,0.7653077638185737,0.766869544055645,0.7585479388878746,0.765576266510773,0.762968347952291,0.7592921135651953,0.7606455196660638,0.7661693716903303
german,Age,1000.0,0.478,0.1015,19.0,75.0,35.9023,33.0,11.8797,0.9463,0.2309,7.0,16.75,0.0278,0.0451,0.0092,0.0264,0.0153,0.0369,3.6598,0.029,DecisionTree,0.6423710987662097,0.655897078100533,0.642195249476925,0.6468894023618124,0.6393350277205418,0.6379088750464894,0.6437266416613192,0.6607515113704104,0.6552867084421673
german,Age,1000.0,0.478,0.1015,19.0,75.0,35.9023,33.0,11.8797,0.9463,0.2309,7.0,16.75,0.0278,0.0451,0.0092,0.0264,0.0153,0.0369,3.6598,0.029,LogisticRegression,0.6409774752069721,0.6427178288209832,0.6442078653067803,0.641611499092113,0.6371637627161361,0.6402043891933467,0.6412568682244097,0.6390837751765068,0.6450413114023127
german,Age,1000.0,0.478,0.1015,19.0,75.0,35.9023,33.0,11.8797,0.9463,0.2309,7.0,16.75,0.0278,0.0451,0.0092,0.0264,0.0153,0.0369,3.6598,0.029,KNN,0.665961576203398,0.6376790230729383,0.6552516791217009,0.6585014647777159,0.6573526456920763,0.6666123022547432,0.6670144447782111,0.6437416610943363,0.6421153784751632
german,Age,1000.0,0.478,0.1015,19.0,75.0,35.9023,33.0,11.8797,0.9463,0.2309,7.0,16.75,0.0278,0.0451,0.0092,0.0264,0.0153,0.0369,3.6598,0.029,RandomForest,0.6643703463777295,0.6528479103367206,0.6559588737868974,0.6686244443151945,0.6541905805800239,0.6672088835925849,0.6677509539705312,0.6660767182566658,0.6571037548787902
german,Age,1000.0,0.478,0.1015,19.0,75.0,35.9023,33.0,11.8797,0.9463,0.2309,7.0,16.75,0.0278,0.0451,0.0092,0.0264,0.0153,0.0369,3.6598,0.029,AdaBoost,0.655612840927186,0.6604673964813503,0.6548934999412377,0.6556665509571526,0.6537552489659196,0.6444149025072679,0.6450189555705922,0.6426322720076966,0.6576324560087617
german,Age,1000.0,0.478,0.1015,19.0,75.0,35.9023,33.0,11.8797,0.9463,0.2309,7.0,16.75,0.0278,0.0451,0.0092,0.0264,0.0153,0.0369,3.6598,0.029,SVC,0.5866071804226658,0.5866071804226658,0.5866071804226658,0.5866071804226658,0.5866071804226658,0.5866071804226658,0.5866071804226658,0.5866071804226658,0.5866071804226658
german,Age,1000.0,0.444,0.0953,19.0,75.0,35.2932,33.0,11.0332,1.0131,0.6563,7.0,14.0,0.0076,0.0506,0.017,0.0215,0.0251,0.0327,3.6154,0.0328,DecisionTree,0.6456278079513427,0.6629803345846331,0.6686162464978362,0.6626805658888302,0.6596305709515692,0.6661952165722653,0.6538997655772065,0.6557325378961111,0.672009320872259
german,Age,1000.0,0.444,0.0953,19.0,75.0,35.2932,33.0,11.0332,1.0131,0.6563,7.0,14.0,0.0076,0.0506,0.017,0.0215,0.0251,0.0327,3.6154,0.0328,LogisticRegression,0.6609690588263899,0.6453782122767231,0.6450858639882714,0.6637291537982422,0.6551486617496128,0.6582763109202964,0.656201527689666,0.6472168653213871,0.6439386606484578
german,Age,1000.0,0.444,0.0953,19.0,75.0,35.2932,33.0,11.0332,1.0131,0.6563,7.0,14.0,0.0076,0.0506,0.017,0.0215,0.0251,0.0327,3.6154,0.0328,KNN,0.6532380667645619,0.6534402607288653,0.6667985285704474,0.6484334867477959,0.6496850594665338,0.6464525846352114,0.6489083064913066,0.6591623950225495,0.6498328798708093
german,Age,1000.0,0.444,0.0953,19.0,75.0,35.2932,33.0,11.0332,1.0131,0.6563,7.0,14.0,0.0076,0.0506,0.017,0.0215,0.0251,0.0327,3.6154,0.0328,RandomForest,0.6811611178238375,0.6837869948290994,0.6766019417046198,0.6702218575055346,0.6868496902096395,0.692663821740958,0.6869199341694544,0.6780100958306965,0.6806212563964055
german,Age,1000.0,0.444,0.0953,19.0,75.0,35.2932,33.0,11.0332,1.0131,0.6563,7.0,14.0,0.0076,0.0506,0.017,0.0215,0.0251,0.0327,3.6154,0.0328,AdaBoost,0.6508698153484151,0.6649210718189694,0.6513706897907156,0.6482748413399938,0.6628315508148048,0.6481545942880533,0.652229539178334,0.6437567773569429,0.6511502756536383
german,Age,1000.0,0.444,0.0953,19.0,75.0,35.2932,33.0,11.0332,1.0131,0.6563,7.0,14.0,0.0076,0.0506,0.017,0.0215,0.0251,0.0327,3.6154,0.0328,SVC,0.5866071804226658,0.5866071804226658,0.5866071804226658,0.5866071804226658,0.5866071804226658,0.5866071804226658,0.5866071804226658,0.5866071804226658,0.5866071804226658
german,Age,1000.0,0.403,0.0838,20.0,75.0,35.8358,33.0,11.8365,1.0506,0.6158,7.0,15.0,0.0376,0.0387,0.0035,0.0267,0.0036,0.0389,3.6455,0.034,DecisionTree,0.6530800937065366,0.6551226653346188,0.6526974064877445,0.6619569310604737,0.6528746946296704,0.654689033107603,0.6530307501699102,0.6615695754803291,0.656754119845871
german,Age,1000.0,0.403,0.0838,20.0,75.0,35.8358,33.0,11.8365,1.0506,0.6158,7.0,15.0,0.0376,0.0387,0.0035,0.0267,0.0036,0.0389,3.6455,0.034,LogisticRegression,0.6386558927623505,0.6404076863992508,0.636456146884828,0.6372381966673795,0.6370561278313771,0.6391161872209832,0.6398891183656419,0.6443217022335126,0.6395227630586917
german,Age,1000.0,0.403,0.0838,20.0,75.0,35.8358,33.0,11.8365,1.0506,0.6158,7.0,15.0,0.0376,0.0387,0.0035,0.0267,0.0036,0.0389,3.6455,0.034,KNN,0.6609408260440297,0.6424929520743408,0.6386184248283031,0.65234448778617,0.648137640135475,0.6551012088286425,0.6532832429168969,0.6382405193926802,0.6497280313378512
german,Age,1000.0,0.403,0.0838,20.0,75.0,35.8358,33.0,11.8365,1.0506,0.6158,7.0,15.0,0.0376,0.0387,0.0035,0.0267,0.0036,0.0389,3.6455,0.034,RandomForest,0.6621722226556059,0.666882912878334,0.6790323778217886,0.6583164784336062,0.6589697963955558,0.659731322300795,0.6749825265853261,0.6674626626681006,0.657941579579679
german,Age,1000.0,0.403,0.0838,20.0,75.0,35.8358,33.0,11.8365,1.0506,0.6158,7.0,15.0,0.0376,0.0387,0.0035,0.0267,0.0036,0.0389,3.6455,0.034,AdaBoost,0.6424699164021793,0.6593035967601907,0.6468098100240622,0.6421375115388375,0.645118043581453,0.6488264434720115,0.6341758031987815,0.6407030668241523,0.6578590137606009
german,Age,1000.0,0.403,0.0838,20.0,75.0,35.8358,33.0,11.8365,1.0506,0.6158,7.0,15.0,0.0376,0.0387,0.0035,0.0267,0.0036,0.0389,3.6455,0.034,SVC,0.5866071804226658,0.5866071804226658,0.5866071804226658,0.5866071804226658,0.5866071804226658,0.5866071804226658,0.5866071804226658,0.5866071804226658,0.5866071804226658
german,Age,1000.0,0.34,0.0803,19.0,75.0,35.4197,33.0,11.273,1.0169,0.5341,7.0,14.0,0.0211,0.0522,0.0094,0.0403,0.0143,0.0589,3.6277,0.0334,DecisionTree,0.6472703105914553,0.6603182113173597,0.650430068883189,0.6446961049218254,0.6334303349860869,0.6597141372000841,0.6428236127872082,0.6495103254130808,0.649754091928727
german,Age,1000.0,0.34,0.0803,19.0,75.0,35.4197,33.0,11.273,1.0169,0.5341,7.0,14.0,0.0211,0.0522,0.0094,0.0403,0.0143,0.0589,3.6277,0.0334,LogisticRegression,0.6473589725051713,0.6463188463132257,0.6473457894959345,0.6497311897277771,0.6484041602641613,0.6462491512458266,0.6500162581757518,0.6461443176591197,0.6416390516534544
german,Age,1000.0,0.34,0.0803,19.0,75.0,35.4197,33.0,11.273,1.0169,0.5341,7.0,14.0,0.0211,0.0522,0.0094,0.0403,0.0143,0.0589,3.6277,0.0334,KNN,0.6478001638866595,0.6497024424257896,0.6531269106115397,0.6506676409059617,0.655377088514964,0.646884641138291,0.6536755278900668,0.657694228822809,0.6497488602762278
german,Age,1000.0,0.34,0.0803,19.0,75.0,35.4197,33.0,11.273,1.0169,0.5341,7.0,14.0,0.0211,0.0522,0.0094,0.0403,0.0143,0.0589,3.6277,0.0334,RandomForest,0.6929517521448874,0.6868615727495404,0.6860334559535238,0.6838149459868801,0.6903532807774554,0.6813948568293278,0.6955260290792099,0.6827823097861125,0.6822659147490194
german,Age,1000.0,0.34,0.0803,19.0,75.0,35.4197,33.0,11.273,1.0169,0.5341,7.0,14.0,0.0211,0.0522,0.0094,0.0403,0.0143,0.0589,3.6277,0.0334,AdaBoost,0.6595010590186061,0.6453389825490206,0.6586826727749118,0.6468209173789816,0.657335409623343,0.6688963107780312,0.6660885099260929,0.6426531656090073,0.6612675265348424
german,Age,1000.0,0.34,0.0803,19.0,75.0,35.4197,33.0,11.273,1.0169,0.5341,7.0,14.0,0.0211,0.0522,0.0094,0.0403,0.0143,0.0589,3.6277,0.0334,SVC,0.5866071804226658,0.5866071804226658,0.5866071804226658,0.5866071804226658,0.5866071804226658,0.5866071804226658,0.5866071804226658,0.5866071804226658,0.5866071804226658
german,Age,1000.0,0.284,0.0712,19.0,74.0,34.5154,32.0,10.4604,1.0076,0.6917,6.0,13.0,0.0077,0.0718,0.0024,0.0436,0.0024,0.0653,3.5868,0.0336,DecisionTree,0.6480019640356428,0.658585470001639,0.6452351967008394,0.6403684418951302,0.6396304119740361,0.6455341325233273,0.6399257349931036,0.6608184642850706,0.6511645677997481
german,Age,1000.0,0.284,0.0712,19.0,74.0,34.5154,32.0,10.4604,1.0076,0.6917,6.0,13.0,0.0077,0.0718,0.0024,0.0436,0.0024,0.0653,3.5868,0.0336,LogisticRegression,0.6518758400322722,0.643684067457353,0.6510974275485579,0.6527682748811073,0.6502656815781823,0.6530635675478118,0.6478644741605486,0.6374323696569512,0.6433755919796513
german,Age,1000.0,0.284,0.0712,19.0,74.0,34.5154,32.0,10.4604,1.0076,0.6917,6.0,13.0,0.0077,0.0718,0.0024,0.0436,0.0024,0.0653,3.5868,0.0336,KNN,0.6334580159674834,0.644432107970538,0.6407014384246539,0.6276664647768053,0.6405782469818061,0.6402231521601744,0.6331182194385944,0.6373041066041948,0.6461620354486601
german,Age,1000.0,0.284,0.0712,19.0,74.0,34.5154,32.0,10.4604,1.0076,0.6917,6.0,13.0,0.0077,0.0718,0.0024,0.0436,0.0024,0.0653,3.5868,0.0336,RandomForest,0.6837073449566113,0.6875103530550504,0.696235309921659,0.676725943135146,0.6889703280634037,0.6795507033489018,0.6869982242967392,0.6745605947458866,0.6772268022872323
german,Age,1000.0,0.284,0.0712,19.0,74.0,34.5154,32.0,10.4604,1.0076,0.6917,6.0,13.0,0.0077,0.0718,0.0024,0.0436,0.0024,0.0653,3.5868,0.0336,AdaBoost,0.6545437941243556,0.6580021936958993,0.6650610461457874,0.6619393615498186,0.661930980141981,0.6564677304487694,0.6625917174803156,0.6547872420647446,0.6641476618243349
german,Age,1000.0,0.284,0.0712,19.0,74.0,34.5154,32.0,10.4604,1.0076,0.6917,6.0,13.0,0.0077,0.0718,0.0024,0.0436,0.0024,0.0653,3.5868,0.0336,SVC,0.5866071804226658,0.5866071804226658,0.5866071804226658,0.5866071804226658,0.5866071804226658,0.5866071804226658,0.5866071804226658,0.5866071804226658,0.5866071804226658
german,Age,1000.0,0.234,0.0692,19.0,75.0,35.5235,33.0,11.3724,1.0054,0.6184,7.0,15.0,0.0175,0.0271,0.0061,0.0206,0.0103,0.0299,3.6586,0.0313,DecisionTree,0.6709242148479053,0.6587211452455972,0.6482244787011983,0.6727310293115014,0.661512382134187,0.6489987058115338,0.6583409952740809,0.654599101328084,0.6551770117477478
german,Age,1000.0,0.234,0.0692,19.0,75.0,35.5235,33.0,11.3724,1.0054,0.6184,7.0,15.0,0.0175,0.0271,0.0061,0.0206,0.0103,0.0299,3.6586,0.0313,LogisticRegression,0.6375202197988072,0.6502350412853007,0.6352740028638042,0.6446218789926124,0.6372423287104699,0.6397573718147523,0.644007839408564,0.6456507120515032,0.6486093224066561
german,Age,1000.0,0.234,0.0692,19.0,75.0,35.5235,33.0,11.3724,1.0054,0.6184,7.0,15.0,0.0175,0.0271,0.0061,0.0206,0.0103,0.0299,3.6586,0.0313,KNN,0.6545503718836986,0.6462423596741871,0.6574373785739284,0.650253994195746,0.6509922489537544,0.6455450240830265,0.6459301230629829,0.6284258856391114,0.6504821243254825
german,Age,1000.0,0.234,0.0692,19.0,75.0,35.5235,33.0,11.3724,1.0054,0.6184,7.0,15.0,0.0175,0.0271,0.0061,0.0206,0.0103,0.0299,3.6586,0.0313,RandomForest,0.6867348747659683,0.6889158045154732,0.6809543768305915,0.6903596720063523,0.6779806861901915,0.6831302213010954,0.6871502236651386,0.6796954499291182,0.6825207866272373
german,Age,1000.0,0.234,0.0692,19.0,75.0,35.5235,33.0,11.3724,1.0054,0.6184,7.0,15.0,0.0175,0.0271,0.0061,0.0206,0.0103,0.0299,3.6586,0.0313,AdaBoost,0.6549441650073422,0.6412520386071171,0.654090133713486,0.6575302831347732,0.6523715253453531,0.6490372808052364,0.6574057116935406,0.6560840676264318,0.6514599750149684
german,Age,1000.0,0.234,0.0692,19.0,75.0,35.5235,33.0,11.3724,1.0054,0.6184,7.0,15.0,0.0175,0.0271,0.0061,0.0206,0.0103,0.0299,3.6586,0.0313,SVC,0.5866071804226658,0.5866071804226658,0.5866071804226658,0.5866071804226658,0.5866071804226658,0.5866071804226658,0.5866071804226658,0.5866071804226658,0.5866071804226658
german,Age,1000.0,0.227,0.0686,19.0,75.0,35.3661,33.0,11.1779,0.9948,0.5315,7.0,15.0,0.0317,0.0341,0.0207,0.0285,0.0317,0.0415,3.638,0.0313,DecisionTree,0.6632048135678797,0.6564746708602095,0.6660510781028538,0.6694966695158924,0.654704813243626,0.6646723721728444,0.6723466731789947,0.6567946155253566,0.6629277890740572
german,Age,1000.0,0.227,0.0686,19.0,75.0,35.3661,33.0,11.1779,0.9948,0.5315,7.0,15.0,0.0317,0.0341,0.0207,0.0285,0.0317,0.0415,3.638,0.0313,LogisticRegression,0.6467825676135143,0.6434265035826922,0.6467353707901212,0.6467963930399433,0.6453452964115862,0.649150756332469,0.6492454110606619,0.6413251390759415,0.6418000016636765
german,Age,1000.0,0.227,0.0686,19.0,75.0,35.3661,33.0,11.1779,0.9948,0.5315,7.0,15.0,0.0317,0.0341,0.0207,0.0285,0.0317,0.0415,3.638,0.0313,KNN,0.6504627037646672,0.6209566026038806,0.6469427448362175,0.6448938836382108,0.6456968596184419,0.6432396937224483,0.6347827975400435,0.6359048124981579,0.6447568589265471
german,Age,1000.0,0.227,0.0686,19.0,75.0,35.3661,33.0,11.1779,0.9948,0.5315,7.0,15.0,0.0317,0.0341,0.0207,0.0285,0.0317,0.0415,3.638,0.0313,RandomForest,0.682229865525903,0.6898929535729288,0.6844587115637223,0.6841927189895354,0.6895382848520021,0.6921924501498061,0.6832077589920191,0.6875668121203896,0.6808790619550823
german,Age,1000.0,0.227,0.0686,19.0,75.0,35.3661,33.0,11.1779,0.9948,0.5315,7.0,15.0,0.0317,0.0341,0.0207,0.0285,0.0317,0.0415,3.638,0.0313,AdaBoost,0.65223749720307,0.6585238390272066,0.6640107555882933,0.6439776987709058,0.6469213426656494,0.6530366762426687,0.6641204273557085,0.6487179010291193,0.6731337993621422
german,Age,1000.0,0.227,0.0686,19.0,75.0,35.3661,33.0,11.1779,0.9948,0.5315,7.0,15.0,0.0317,0.0341,0.0207,0.0285,0.0317,0.0415,3.638,0.0313,SVC,0.5866071804226658,0.5866071804226658,0.5866071804226658,0.5866071804226658,0.5866071804226658,0.5866071804226658,0.5866071804226658,0.5866071804226658,0.5866071804226658
german,Age,1000.0,0.158,0.0629,19.0,75.0,35.3872,33.0,11.3229,1.0661,0.7419,7.0,14.0,0.0214,0.0439,0.0169,0.023,0.0262,0.0337,3.6425,0.0339,DecisionTree,0.6637930273713413,0.6538930239329486,0.6505296591566151,0.6631650245427676,0.6635227695248573,0.659758939886683,0.6611059200641431,0.6618953338229998,0.6606356038148101
german,Age,1000.0,0.158,0.0629,19.0,75.0,35.3872,33.0,11.3229,1.0661,0.7419,7.0,14.0,0.0214,0.0439,0.0169,0.023,0.0262,0.0337,3.6425,0.0339,LogisticRegression,0.6426138459147771,0.6403576896100815,0.6414223507561209,0.6420178696008266,0.6412262756205173,0.6426138459147771,0.6366788033531388,0.6447542701572732,0.6403576896100815
german,Age,1000.0,0.158,0.0629,19.0,75.0,35.3872,33.0,11.3229,1.0661,0.7419,7.0,14.0,0.0214,0.0439,0.0169,0.023,0.0262,0.0337,3.6425,0.0339,KNN,0.6481521728425594,0.6334918476463945,0.6446124326562195,0.6595332421169726,0.6493048583094828,0.6506413552004782,0.6533570141713467,0.6398062932047317,0.6329144058121912
german,Age,1000.0,0.158,0.0629,19.0,75.0,35.3872,33.0,11.3229,1.0661,0.7419,7.0,14.0,0.0214,0.0439,0.0169,0.023,0.0262,0.0337,3.6425,0.0339,RandomForest,0.6774941796502382,0.6873633513988466,0.6806879704921717,0.6802292902939414,0.687198811902135,0.6823758506907901,0.694037610376937,0.6883046178276139,0.6905117600147673
german,Age,1000.0,0.158,0.0629,19.0,75.0,35.3872,33.0,11.3229,1.0661,0.7419,7.0,14.0,0.0214,0.0439,0.0169,0.023,0.0262,0.0337,3.6425,0.0339,AdaBoost,0.6599863963780754,0.6505964452062765,0.645423076794657,0.6531797002143983,0.6444506507354033,0.6423959004135944,0.6497929428533837,0.6499461713718374,0.6481834763066298
german,Age,1000.0,0.158,0.0629,19.0,75.0,35.3872,33.0,11.3229,1.0661,0.7419,7.0,14.0,0.0214,0.0439,0.0169,0.023,0.0262,0.0337,3.6425,0.0339,SVC,0.5866071804226658,0.5866071804226658,0.5866071804226658,0.5866071804226658,0.5866071804226658,0.5866071804226658,0.5866071804226658,0.5866071804226658,0.5866071804226658
german,Age,1000.0,0.099,0.0588,19.0,75.0,35.4761,33.0,11.3418,1.0295,0.6278,7.0,15.0,0.0317,0.0349,0.0119,0.0282,0.0185,0.0405,3.6436,0.0321,DecisionTree,0.6596202826093764,0.6655449392372077,0.6626024569994741,0.6596202826093764,0.6605166427934913,0.6596202826093764,0.6549313429320163,0.6700419133396015,0.6639087850216876
german,Age,1000.0,0.099,0.0588,19.0,75.0,35.4761,33.0,11.3418,1.0295,0.6278,7.0,15.0,0.0317,0.0349,0.0119,0.0282,0.0185,0.0405,3.6436,0.0321,LogisticRegression,0.6403197459666287,0.6437829587155728,0.6393454084587546,0.6389178917370237,0.6367748201233181,0.6383387987949253,0.6383387987949253,0.6443500906887037,0.6388750911260281
german,Age,1000.0,0.099,0.0588,19.0,75.0,35.4761,33.0,11.3418,1.0295,0.6278,7.0,15.0,0.0317,0.0349,0.0119,0.0282,0.0185,0.0405,3.6436,0.0321,KNN,0.6580477244439389,0.6576269037971507,0.640132615364513,0.6544470240161201,0.6540319282825962,0.6573187472254693,0.6530574369116464,0.6607138943035129,0.6563567256926947
german,Age,1000.0,0.099,0.0588,19.0,75.0,35.4761,33.0,11.3418,1.0295,0.6278,7.0,15.0,0.0317,0.0349,0.0119,0.0282,0.0185,0.0405,3.6436,0.0321,RandomForest,0.6764155653553701,0.6884150709210742,0.6930638174728624,0.6838560293318559,0.6944448869159997,0.683818963372655,0.6853557029578212,0.698889403614207,0.693641916627122
german,Age,1000.0,0.099,0.0588,19.0,75.0,35.4761,33.0,11.3418,1.0295,0.6278,7.0,15.0,0.0317,0.0349,0.0119,0.0282,0.0185,0.0405,3.6436,0.0321,AdaBoost,0.647264982325671,0.6466220073778883,0.6378519722405374,0.6498871841900659,0.6494409985027374,0.6488296056800091,0.6530368600728442,0.6493762726836164,0.6556794638362585
german,Age,1000.0,0.099,0.0588,19.0,75.0,35.4761,33.0,11.3418,1.0295,0.6278,7.0,15.0,0.0317,0.0349,0.0119,0.0282,0.0185,0.0405,3.6436,0.0321,SVC,0.5866071804226658,0.5866071804226658,0.5866071804226658,0.5866071804226658,0.5866071804226658,0.5866071804226658,0.5866071804226658,0.5866071804226658,0.5866071804226658
german,Age,1000.0,0.051,0.0558,19.0,75.0,35.569,33.0,11.4044,1.0114,0.5594,7.0,15.0,0.0338,0.0375,0.0219,0.0225,0.0322,0.0328,3.6548,0.0302,DecisionTree,0.6639549589209545,0.6687535165562515,0.6672536827748932,0.6689878504504365,0.6605519476216383,0.6689878504504365,0.6625975295664561,0.6643812840455039,0.6689930949511146
german,Age,1000.0,0.051,0.0558,19.0,75.0,35.569,33.0,11.4044,1.0114,0.5594,7.0,15.0,0.0338,0.0375,0.0219,0.0225,0.0322,0.0328,3.6548,0.0302,LogisticRegression,0.6361614641395699,0.64025063723485,0.6380140427974693,0.6361614641395699,0.6361614641395699,0.6361614641395699,0.6391371716611928,0.6438096963334323,0.638323690030686
german,Age,1000.0,0.051,0.0558,19.0,75.0,35.569,33.0,11.4044,1.0114,0.5594,7.0,15.0,0.0338,0.0375,0.0219,0.0225,0.0322,0.0328,3.6548,0.0302,KNN,0.6522405476875971,0.6352947824587288,0.6414278722779294,0.6476659572124204,0.6490930633155452,0.6476548118032054,0.6481844735896501,0.6408556113873056,0.6380357181422946
german,Age,1000.0,0.051,0.0558,19.0,75.0,35.569,33.0,11.4044,1.0114,0.5594,7.0,15.0,0.0338,0.0375,0.0219,0.0225,0.0322,0.0328,3.6548,0.0302,RandomForest,0.6991903935285578,0.6887376819384852,0.6961356187329244,0.6934179469263383,0.6964439599041081,0.6946007031847735,0.6947603200434108,0.6871457318791843,0.6936861774231804
german,Age,1000.0,0.051,0.0558,19.0,75.0,35.569,33.0,11.4044,1.0114,0.5594,7.0,15.0,0.0338,0.0375,0.0219,0.0225,0.0322,0.0328,3.6548,0.0302,AdaBoost,0.652902979969064,0.6458764337183847,0.6443449245560803,0.6480408566519701,0.6499704523694817,0.6481981705023038,0.6478860837436264,0.6601359250356045,0.6504518109451826
german,Age,1000.0,0.051,0.0558,19.0,75.0,35.569,33.0,11.4044,1.0114,0.5594,7.0,15.0,0.0338,0.0375,0.0219,0.0225,0.0322,0.0328,3.6548,0.0302,SVC,0.5866071804226658,0.5866071804226658,0.5866071804226658,0.5866071804226658,0.5866071804226658,0.5866071804226658,0.5866071804226658,0.5866071804226658,0.5866071804226658
german,Credit_amount,1000.0,0.497,0.9602,276.0,15945.0,3309.2664,2320.0,2897.4334,1.9328,4.022,1121.0,2629.0,0.0961,0.6061,0.0544,0.45,0.0813,0.6051,6.1634,0.0,DecisionTree,0.6473605897148942,0.6463461627936451,0.6461414895010538,0.6395587601243095,0.63972387459027,0.6340392052647548,0.6371072977329292,0.641905411737627,0.640117484951086
german,Credit_amount,1000.0,0.497,0.9602,276.0,15945.0,3309.2664,2320.0,2897.4334,1.9328,4.022,1121.0,2629.0,0.0961,0.6061,0.0544,0.45,0.0813,0.6051,6.1634,0.0,LogisticRegression,0.6441323055452051,0.6385025303172593,0.645322132772268,0.6481749795684542,0.6468652547216653,0.6492939344436145,0.6449007720909221,0.6385025303172593,0.6435771123133969
german,Credit_amount,1000.0,0.497,0.9602,276.0,15945.0,3309.2664,2320.0,2897.4334,1.9328,4.022,1121.0,2629.0,0.0961,0.6061,0.0544,0.45,0.0813,0.6051,6.1634,0.0,KNN,0.6525335768113463,0.6544579829049433,0.6424758545606152,0.6425891364019842,0.6526098101785627,0.6511962703525336,0.6491869490593245,0.6507611548640815,0.6483212832899008
german,Credit_amount,1000.0,0.497,0.9602,276.0,15945.0,3309.2664,2320.0,2897.4334,1.9328,4.022,1121.0,2629.0,0.0961,0.6061,0.0544,0.45,0.0813,0.6051,6.1634,0.0,RandomForest,0.6706773182980669,0.6682330473821427,0.6709303381205473,0.6791230927856741,0.6642136125515098,0.6725190758476407,0.6709578496464788,0.6700757721257332,0.6542890412498228
german,Credit_amount,1000.0,0.497,0.9602,276.0,15945.0,3309.2664,2320.0,2897.4334,1.9328,4.022,1121.0,2629.0,0.0961,0.6061,0.0544,0.45,0.0813,0.6051,6.1634,0.0,AdaBoost,0.6500189765220474,0.6535669243372385,0.6565126439308328,0.6466711707738864,0.6470596572472789,0.6437267858942011,0.6457745150707224,0.6546865968113432,0.642300291235137
german,Credit_amount,1000.0,0.497,0.9602,276.0,15945.0,3309.2664,2320.0,2897.4334,1.9328,4.022,1121.0,2629.0,0.0961,0.6061,0.0544,0.45,0.0813,0.6051,6.1634,0.0,SVC,0.5866071804226658,0.5866071804226658,0.5866071804226658,0.5866071804226658,0.5866071804226658,0.5866071804226658,0.5866071804226658,0.5866071804226658,0.5866071804226658
german,Credit_amount,1000.0,0.433,0.9453,250.0,15857.0,3310.3774,2329.0,2838.982,1.9327,4.0577,1071.0,2673.0,0.0959,0.604,0.0486,0.4468,0.0737,0.5985,6.2636,0.0,DecisionTree,0.657339803074042,0.6592878582240249,0.6619008901121348,0.6631361287637896,0.6639689285906611,0.6449837795678715,0.6486541379398635,0.6543433030566455,0.6405874871283292
german,Credit_amount,1000.0,0.433,0.9453,250.0,15857.0,3310.3774,2329.0,2838.982,1.9327,4.0577,1071.0,2673.0,0.0959,0.604,0.0486,0.4468,0.0737,0.5985,6.2636,0.0,LogisticRegression,0.6468182735906487,0.6453609238122069,0.6517613022463495,0.6460433857157802,0.6466275902280206,0.6502476739331403,0.6485762104659555,0.6453609238122069,0.6474115133586192
german,Credit_amount,1000.0,0.433,0.9453,250.0,15857.0,3310.3774,2329.0,2838.982,1.9327,4.0577,1071.0,2673.0,0.0959,0.604,0.0486,0.4468,0.0737,0.5985,6.2636,0.0,KNN,0.6267888887015125,0.6379299812601587,0.6334336992498735,0.6338827543024538,0.6242577597660321,0.6396803970639916,0.6434934352621919,0.6366512164222407,0.6285652645795686
german,Credit_amount,1000.0,0.433,0.9453,250.0,15857.0,3310.3774,2329.0,2838.982,1.9327,4.0577,1071.0,2673.0,0.0959,0.604,0.0486,0.4468,0.0737,0.5985,6.2636,0.0,RandomForest,0.6601501606362017,0.6604636160632065,0.6690277225171813,0.661698738689471,0.675987157482408,0.6691062372044607,0.6650981284788083,0.6629684218096324,0.6591804147896112
german,Credit_amount,1000.0,0.433,0.9453,250.0,15857.0,3310.3774,2329.0,2838.982,1.9327,4.0577,1071.0,2673.0,0.0959,0.604,0.0486,0.4468,0.0737,0.5985,6.2636,0.0,AdaBoost,0.6522238035565533,0.6717586342376299,0.667602894989511,0.6652331815346008,0.654865905698032,0.6737946634069173,0.6605903923454862,0.6607412393291845,0.6546067550974075
german,Credit_amount,1000.0,0.433,0.9453,250.0,15857.0,3310.3774,2329.0,2838.982,1.9327,4.0577,1071.0,2673.0,0.0959,0.604,0.0486,0.4468,0.0737,0.5985,6.2636,0.0,SVC,0.5866071804226658,0.5866071804226658,0.5866071804226658,0.5866071804226658,0.5866071804226658,0.5866071804226658,0.5866071804226658,0.5866071804226658,0.5866071804226658
german,Credit_amount,1000.0,0.39,0.9492,276.0,15945.0,3337.0098,2325.5,2912.8938,1.9028,3.717,1065.5,2570.5,0.0514,0.657,0.0208,0.4644,0.031,0.6251,6.3413,0.0,DecisionTree,0.6517702739859679,0.6622776719871166,0.6486507809354359,0.6367330074066042,0.6347837570196704,0.6550735435323882,0.6524112012827612,0.655737984210431,0.6539508802057121
german,Credit_amount,1000.0,0.39,0.9492,276.0,15945.0,3337.0098,2325.5,2912.8938,1.9028,3.717,1065.5,2570.5,0.0514,0.657,0.0208,0.4644,0.031,0.6251,6.3413,0.0,LogisticRegression,0.6387616210226131,0.6390832557198077,0.6351652219379245,0.6370831016823283,0.6382340240592332,0.6390309846560491,0.6367313884698409,0.6390832557198077,0.6358737593565688
german,Credit_amount,1000.0,0.39,0.9492,276.0,15945.0,3337.0098,2325.5,2912.8938,1.9028,3.717,1065.5,2570.5,0.0514,0.657,0.0208,0.4644,0.031,0.6251,6.3413,0.0,KNN,0.6462232179097741,0.6485634633845219,0.6361244815263315,0.6494640669958942,0.65453439270026,0.654155706400245,0.6546784780619335,0.6455234397308991,0.658619984614965
german,Credit_amount,1000.0,0.39,0.9492,276.0,15945.0,3337.0098,2325.5,2912.8938,1.9028,3.717,1065.5,2570.5,0.0514,0.657,0.0208,0.4644,0.031,0.6251,6.3413,0.0,RandomForest,0.6787030733870238,0.6696317846855664,0.6746894883892175,0.6732072850119678,0.6740629847417539,0.6796733607499634,0.6784018527620638,0.6804328927809165,0.6664640520151662
german,Credit_amount,1000.0,0.39,0.9492,276.0,15945.0,3337.0098,2325.5,2912.8938,1.9028,3.717,1065.5,2570.5,0.0514,0.657,0.0208,0.4644,0.031,0.6251,6.3413,0.0,AdaBoost,0.6561992947988532,0.6574423371085173,0.6567329564063321,0.6512893221201927,0.6559894912961969,0.6577461641409548,0.6508551637510032,0.6682773506520961,0.6623235369030875
german,Credit_amount,1000.0,0.39,0.9492,276.0,15945.0,3337.0098,2325.5,2912.8938,1.9028,3.717,1065.5,2570.5,0.0514,0.657,0.0208,0.4644,0.031,0.6251,6.3413,0.0,SVC,0.5866071804226658,0.5866071804226658,0.5866071804226658,0.5866071804226658,0.5866071804226658,0.5866071804226658,0.5866071804226658,0.5866071804226658,0.5866071804226658
german,Credit_amount,1000.0,0.387,0.969,250.0,18424.0,3364.7471,2331.0,2929.0884,1.9525,4.2773,1114.0,2666.0,0.0048,0.6042,0.0122,0.4462,0.0157,0.5981,6.3754,0.0,DecisionTree,0.6639436045446059,0.6468169004003569,0.6528784617193586,0.6581957309502127,0.6608057804394258,0.6564159445870518,0.6584135870314596,0.6575811830499474,0.6568557994874545
german,Credit_amount,1000.0,0.387,0.969,250.0,18424.0,3364.7471,2331.0,2929.0884,1.9525,4.2773,1114.0,2666.0,0.0048,0.6042,0.0122,0.4462,0.0157,0.5981,6.3754,0.0,LogisticRegression,0.6465812225173444,0.6519926032880627,0.6471392619853037,0.643428323297197,0.6459962460271452,0.6471432911914522,0.6471392619853037,0.6525850835895521,0.6459962460271452
german,Credit_amount,1000.0,0.387,0.969,250.0,18424.0,3364.7471,2331.0,2929.0884,1.9525,4.2773,1114.0,2666.0,0.0048,0.6042,0.0122,0.4462,0.0157,0.5981,6.3754,0.0,KNN,0.6557720127284811,0.6431835952071578,0.6567020683352333,0.6503128462491253,0.6546044998100042,0.6533201766378594,0.6491137324459895,0.6431835952071578,0.6595874542482945
german,Credit_amount,1000.0,0.387,0.969,250.0,18424.0,3364.7471,2331.0,2929.0884,1.9525,4.2773,1114.0,2666.0,0.0048,0.6042,0.0122,0.4462,0.0157,0.5981,6.3754,0.0,RandomForest,0.6667366727545131,0.6796138228562074,0.6794876177802862,0.6800550274059498,0.6679690704417877,0.6662689161412028,0.6629182065917361,0.6655230152112024,0.6803241059353093
german,Credit_amount,1000.0,0.387,0.969,250.0,18424.0,3364.7471,2331.0,2929.0884,1.9525,4.2773,1114.0,2666.0,0.0048,0.6042,0.0122,0.4462,0.0157,0.5981,6.3754,0.0,AdaBoost,0.6626830560367144,0.6610085098149108,0.6708876125968419,0.6590606967227988,0.653955338751303,0.6399008530024913,0.6500443763234816,0.6622931173060238,0.6542346644857789
german,Credit_amount,1000.0,0.387,0.969,250.0,18424.0,3364.7471,2331.0,2929.0884,1.9525,4.2773,1114.0,2666.0,0.0048,0.6042,0.0122,0.4462,0.0157,0.5981,6.3754,0.0,SVC,0.5866071804226658,0.5866071804226658,0.5866071804226658,0.5866071804226658,0.5866071804226658,0.5866071804226658,0.5866071804226658,0.5866071804226658,0.5866071804226658
german,Credit_amount,1000.0,0.334,0.9369,250.0,15945.0,3305.3529,2353.5,2798.2302,1.8096,3.4747,1132.0,2680.25,0.0438,0.6203,0.0192,0.4557,0.0298,0.612,6.4115,0.0,DecisionTree,0.660408406942349,0.6621869539937457,0.6442076635337437,0.6577253057723973,0.652679021492182,0.64570497184406,0.6635986514794336,0.6655475380985862,0.6639661824150229
german,Credit_amount,1000.0,0.334,0.9369,250.0,15945.0,3305.3529,2353.5,2798.2302,1.8096,3.4747,1132.0,2680.25,0.0438,0.6203,0.0192,0.4557,0.0298,0.612,6.4115,0.0,LogisticRegression,0.6477706061861791,0.6454023274598316,0.6360404678284786,0.6455027753007525,0.6469825272710812,0.6455027753007525,0.6471392619853037,0.6454023274598316,0.6486591445952664
german,Credit_amount,1000.0,0.334,0.9369,250.0,15945.0,3305.3529,2353.5,2798.2302,1.8096,3.4747,1132.0,2680.25,0.0438,0.6203,0.0192,0.4557,0.0298,0.612,6.4115,0.0,KNN,0.6565077986672072,0.6552818868499719,0.6523048633383411,0.6609550605427269,0.6591990258874636,0.6505818626857558,0.6526924012388285,0.6564224426012717,0.6621548191866923
german,Credit_amount,1000.0,0.334,0.9369,250.0,15945.0,3305.3529,2353.5,2798.2302,1.8096,3.4747,1132.0,2680.25,0.0438,0.6203,0.0192,0.4557,0.0298,0.612,6.4115,0.0,RandomForest,0.6746740531009773,0.6718616581810397,0.6698112378866725,0.6768934658695238,0.6903843211923932,0.6761505959703838,0.6792508810471742,0.6822617605282804,0.6794393738838778
german,Credit_amount,1000.0,0.334,0.9369,250.0,15945.0,3305.3529,2353.5,2798.2302,1.8096,3.4747,1132.0,2680.25,0.0438,0.6203,0.0192,0.4557,0.0298,0.612,6.4115,0.0,AdaBoost,0.6548721107698602,0.6539970223193965,0.6590589539703846,0.6558671408509639,0.6565598122848685,0.6589402893221823,0.6634211519284433,0.6555279257760113,0.6568277171631093
german,Credit_amount,1000.0,0.334,0.9369,250.0,15945.0,3305.3529,2353.5,2798.2302,1.8096,3.4747,1132.0,2680.25,0.0438,0.6203,0.0192,0.4557,0.0298,0.612,6.4115,0.0,SVC,0.5866071804226658,0.5866071804226658,0.5866071804226658,0.5866071804226658,0.5866071804226658,0.5866071804226658,0.5866071804226658,0.5866071804226658,0.5866071804226658
german,Credit_amount,1000.0,0.246,0.9271,250.0,18424.0,3286.6698,2286.0,2862.9927,1.9937,4.5788,1087.5,2654.75,0.0518,0.6156,0.0312,0.4807,0.047,0.6406,6.5215,0.0,DecisionTree,0.664699564626573,0.6577844932447316,0.652992363376266,0.665273678061648,0.6664590144595556,0.6638843142329479,0.6476294767825055,0.6555214889751284,0.6719175819438439
german,Credit_amount,1000.0,0.246,0.9271,250.0,18424.0,3286.6698,2286.0,2862.9927,1.9937,4.5788,1087.5,2654.75,0.0518,0.6156,0.0312,0.4807,0.047,0.6406,6.5215,0.0,LogisticRegression,0.6475702131788403,0.6428216799305548,0.6476245970649364,0.6510225119336279,0.6504292721656575,0.6516558215144215,0.6447221634338459,0.6428216799305548,0.6469388689779649
german,Credit_amount,1000.0,0.246,0.9271,250.0,18424.0,3286.6698,2286.0,2862.9927,1.9937,4.5788,1087.5,2654.75,0.0518,0.6156,0.0312,0.4807,0.047,0.6406,6.5215,0.0,KNN,0.6382557081112877,0.6458989815424003,0.6433238047850134,0.6432154835010735,0.638495807095049,0.6407811609500322,0.6455788522903787,0.6441031557148499,0.6421816382207343
german,Credit_amount,1000.0,0.246,0.9271,250.0,18424.0,3286.6698,2286.0,2862.9927,1.9937,4.5788,1087.5,2654.75,0.0518,0.6156,0.0312,0.4807,0.047,0.6406,6.5215,0.0,RandomForest,0.676073736178418,0.6734600516726432,0.6694579711495376,0.6731928418895126,0.66854285502164,0.6767129227311008,0.6694377255250445,0.6676007738461953,0.6795737537039428
german,Credit_amount,1000.0,0.246,0.9271,250.0,18424.0,3286.6698,2286.0,2862.9927,1.9937,4.5788,1087.5,2654.75,0.0518,0.6156,0.0312,0.4807,0.047,0.6406,6.5215,0.0,AdaBoost,0.6518604823280032,0.6608135964962206,0.6553874143360942,0.673020095389623,0.6595498419454904,0.6703759342043142,0.6588517585830694,0.6681027748679147,0.6603667705987124
german,Credit_amount,1000.0,0.246,0.9271,250.0,18424.0,3286.6698,2286.0,2862.9927,1.9937,4.5788,1087.5,2654.75,0.0518,0.6156,0.0312,0.4807,0.047,0.6406,6.5215,0.0,SVC,0.5866071804226658,0.5866071804226658,0.5866071804226658,0.5866071804226658,0.5866071804226658,0.5866071804226658,0.5866071804226658,0.5866071804226658,0.5866071804226658
german,Credit_amount,1000.0,0.204,0.9359,250.0,18424.0,3287.4334,2326.0,2865.4503,1.9866,4.4724,1118.5,2609.25,0.0165,0.6389,0.0021,0.4707,0.0039,0.6288,6.5888,0.0,DecisionTree,0.6560776097393592,0.6573507454215884,0.6554990973663262,0.6534250011083206,0.6578065740927481,0.6499029364934856,0.6486654169860688,0.6578452014450441,0.651546508604328
german,Credit_amount,1000.0,0.204,0.9359,250.0,18424.0,3287.4334,2326.0,2865.4503,1.9866,4.4724,1118.5,2609.25,0.0165,0.6389,0.0021,0.4707,0.0039,0.6288,6.5888,0.0,LogisticRegression,0.6388155637366547,0.6444582339985557,0.6434672816531493,0.6394167170018921,0.6464397185560271,0.6426863548031759,0.6471685394314892,0.6444582339985557,0.6394167170018921
german,Credit_amount,1000.0,0.204,0.9359,250.0,18424.0,3287.4334,2326.0,2865.4503,1.9866,4.4724,1118.5,2609.25,0.0165,0.6389,0.0021,0.4707,0.0039,0.6288,6.5888,0.0,KNN,0.6436603600644164,0.6543650550171203,0.6524344696074482,0.6462611345717431,0.6469334346587348,0.6422603606876911,0.6472734929870227,0.6543696271947225,0.6456555574112601
german,Credit_amount,1000.0,0.204,0.9359,250.0,18424.0,3287.4334,2326.0,2865.4503,1.9866,4.4724,1118.5,2609.25,0.0165,0.6389,0.0021,0.4707,0.0039,0.6288,6.5888,0.0,RandomForest,0.6637382287764415,0.6862828248261615,0.6807983651450911,0.6578321566308798,0.66714017484464,0.66131987514497,0.6638580924896385,0.671925047104992,0.6739406937133756
german,Credit_amount,1000.0,0.204,0.9359,250.0,18424.0,3287.4334,2326.0,2865.4503,1.9866,4.4724,1118.5,2609.25,0.0165,0.6389,0.0021,0.4707,0.0039,0.6288,6.5888,0.0,AdaBoost,0.6441450577460339,0.6451841477393405,0.6644515428031649,0.6445650327939577,0.654762504928231,0.6582093242692361,0.6539747859314142,0.6423392325508572,0.6470727049589159
german,Credit_amount,1000.0,0.204,0.9359,250.0,18424.0,3287.4334,2326.0,2865.4503,1.9866,4.4724,1118.5,2609.25,0.0165,0.6389,0.0021,0.4707,0.0039,0.6288,6.5888,0.0,SVC,0.5866071804226658,0.5866071804226658,0.5866071804226658,0.5866071804226658,0.5866071804226658,0.5866071804226658,0.5866071804226658,0.5866071804226658,0.5866071804226658
german,Credit_amount,1000.0,0.138,0.9269,250.0,18424.0,3273.203,2319.5,2852.8711,1.9797,4.3623,1094.5,2599.0,0.0352,0.6387,0.0247,0.472,0.0374,0.6336,6.6555,0.0,DecisionTree,0.6672803345492128,0.6570453314411335,0.6628979327534754,0.6735196972637929,0.6702438080571246,0.6736053965037974,0.6681955170888283,0.6548089922663725,0.6684303969397566
german,Credit_amount,1000.0,0.138,0.9269,250.0,18424.0,3273.203,2319.5,2852.8711,1.9797,4.3623,1094.5,2599.0,0.0352,0.6387,0.0247,0.472,0.0374,0.6336,6.6555,0.0,LogisticRegression,0.6468091130172575,0.6508796075504237,0.6391080981505551,0.6409920463860062,0.6423467741180924,0.6389355475569665,0.643008943355027,0.6508796075504237,0.6429526043465641
german,Credit_amount,1000.0,0.138,0.9269,250.0,18424.0,3273.203,2319.5,2852.8711,1.9797,4.3623,1094.5,2599.0,0.0352,0.6387,0.0247,0.472,0.0374,0.6336,6.6555,0.0,KNN,0.6405088266904034,0.6450612109751814,0.6371763854091067,0.6406617541802141,0.6381418840698304,0.6431181506079626,0.6405557804568005,0.6450612109751814,0.6380890651883273
german,Credit_amount,1000.0,0.138,0.9269,250.0,18424.0,3273.203,2319.5,2852.8711,1.9797,4.3623,1094.5,2599.0,0.0352,0.6387,0.0247,0.472,0.0374,0.6336,6.6555,0.0,RandomForest,0.682540263453663,0.6700958516500751,0.689583459775133,0.7007429565130372,0.6906540432930226,0.688776809319789,0.6800427941035087,0.6836190639457271,0.687296583539551
german,Credit_amount,1000.0,0.138,0.9269,250.0,18424.0,3273.203,2319.5,2852.8711,1.9797,4.3623,1094.5,2599.0,0.0352,0.6387,0.0247,0.472,0.0374,0.6336,6.6555,0.0,AdaBoost,0.6585792971462647,0.6675764342528043,0.6488991318791208,0.6523876553960081,0.6591004194906371,0.6596838063440115,0.6580271322563181,0.6569194210021598,0.6561958692104393
german,Credit_amount,1000.0,0.138,0.9269,250.0,18424.0,3273.203,2319.5,2852.8711,1.9797,4.3623,1094.5,2599.0,0.0352,0.6387,0.0247,0.472,0.0374,0.6336,6.6555,0.0,SVC,0.5866071804226658,0.5866071804226658,0.5866071804226658,0.5866071804226658,0.5866071804226658,0.5866071804226658,0.5866071804226658,0.5866071804226658,0.5866071804226658
german,Credit_amount,1000.0,0.085,0.9235,250.0,15945.0,3278.1301,2303.0,2819.9661,1.8805,3.7706,1099.0,2610.5,0.0427,0.6256,0.0241,0.4658,0.0354,0.6245,6.71,0.0,DecisionTree,0.6627421705883004,0.6674198342700001,0.6489463176530597,0.6587535935537531,0.6577710253032484,0.6583011240401431,0.6596357905140441,0.6667362664330153,0.6651574701375474
german,Credit_amount,1000.0,0.085,0.9235,250.0,15945.0,3278.1301,2303.0,2819.9661,1.8805,3.7706,1099.0,2610.5,0.0427,0.6256,0.0241,0.4658,0.0354,0.6245,6.71,0.0,LogisticRegression,0.6351951916615872,0.6479772497845313,0.6389355475569665,0.6371570029384483,0.6357516382096987,0.6413200909813356,0.6355948547748791,0.6479772497845313,0.634648736513905
german,Credit_amount,1000.0,0.085,0.9235,250.0,15945.0,3278.1301,2303.0,2819.9661,1.8805,3.7706,1099.0,2610.5,0.0427,0.6256,0.0241,0.4658,0.0354,0.6245,6.71,0.0,KNN,0.6382053009237034,0.641541318139147,0.6456896040373907,0.6422075769649453,0.6426520474334003,0.641060053069668,0.634175990699561,0.6404032181712216,0.641030243689291
german,Credit_amount,1000.0,0.085,0.9235,250.0,15945.0,3278.1301,2303.0,2819.9661,1.8805,3.7706,1099.0,2610.5,0.0427,0.6256,0.0241,0.4658,0.0354,0.6245,6.71,0.0,RandomForest,0.6930451128355393,0.6899120241321209,0.6940731886751094,0.6915619165986063,0.6917952608020279,0.6826578651420645,0.6880171209507285,0.6959768338632364,0.6938081793834616
german,Credit_amount,1000.0,0.085,0.9235,250.0,15945.0,3278.1301,2303.0,2819.9661,1.8805,3.7706,1099.0,2610.5,0.0427,0.6256,0.0241,0.4658,0.0354,0.6245,6.71,0.0,AdaBoost,0.6471873421214297,0.6609407611761039,0.6476736176698382,0.6526692166542789,0.6586914056196077,0.6505978115123774,0.6531262269527323,0.6554481521297735,0.6517820195413313
german,Credit_amount,1000.0,0.085,0.9235,250.0,15945.0,3278.1301,2303.0,2819.9661,1.8805,3.7706,1099.0,2610.5,0.0427,0.6256,0.0241,0.4658,0.0354,0.6245,6.71,0.0,SVC,0.5866071804226658,0.5866071804226658,0.5866071804226658,0.5866071804226658,0.5866071804226658,0.5866071804226658,0.5866071804226658,0.5866071804226658,0.5866071804226658
german,Credit_amount,1000.0,0.057,0.9247,276.0,18424.0,3258.1251,2323.0,2796.7742,1.9397,4.2274,1102.0,2600.5,0.0314,0.6171,0.0194,0.462,0.0284,0.6212,6.7425,0.0,DecisionTree,0.6622809432113643,0.662140680251686,0.6648199780153763,0.6578276547797095,0.6615986752517825,0.6581450101016083,0.6663456662065741,0.6670703642914261,0.6549423391476462
german,Credit_amount,1000.0,0.057,0.9247,276.0,18424.0,3258.1251,2323.0,2796.7742,1.9397,4.2274,1102.0,2600.5,0.0314,0.6171,0.0194,0.462,0.0284,0.6212,6.7425,0.0,LogisticRegression,0.6394950779019088,0.6434183420455099,0.6394448852000778,0.6394857806618813,0.6389291842366462,0.6427731491699065,0.6405171485170951,0.6434183420455099,0.640001481625313
german,Credit_amount,1000.0,0.057,0.9247,276.0,18424.0,3258.1251,2323.0,2796.7742,1.9397,4.2274,1102.0,2600.5,0.0314,0.6171,0.0194,0.462,0.0284,0.6212,6.7425,0.0,KNN,0.6498950156708474,0.6487846839474015,0.642584166989556,0.6457792319280595,0.64450085796285,0.6456892681870918,0.6451241802815584,0.6481524975612714,0.6451804970461228
german,Credit_amount,1000.0,0.057,0.9247,276.0,18424.0,3258.1251,2323.0,2796.7742,1.9397,4.2274,1102.0,2600.5,0.0314,0.6171,0.0194,0.462,0.0284,0.6212,6.7425,0.0,RandomForest,0.6908528363918289,0.6882627307512292,0.6772135688639495,0.6901399373799539,0.6852698128061654,0.6950815834092617,0.690069418092408,0.6887797310638405,0.6913320809653745
german,Credit_amount,1000.0,0.057,0.9247,276.0,18424.0,3258.1251,2323.0,2796.7742,1.9397,4.2274,1102.0,2600.5,0.0314,0.6171,0.0194,0.462,0.0284,0.6212,6.7425,0.0,AdaBoost,0.647576170544053,0.6532011752718877,0.6568863019104606,0.6594826478104211,0.646127247232307,0.6624932780813653,0.6592992183923793,0.6432291488792191,0.6483722531257065
german,Credit_amount,1000.0,0.057,0.9247,276.0,18424.0,3258.1251,2323.0,2796.7742,1.9397,4.2274,1102.0,2600.5,0.0314,0.6171,0.0194,0.462,0.0284,0.6212,6.7425,0.0,SVC,0.5866071804226658,0.5866071804226658,0.5866071804226658,0.5866071804226658,0.5866071804226658,0.5866071804226658,0.5866071804226658,0.5866071804226658,0.5866071804226658
german,Duration,1000.0,0.496,0.0536,4.0,60.0,21.1885,18.0,11.9986,1.0138,0.7098,6.0,12.0,0.0718,0.633,0.045,0.4655,0.0639,0.6229,2.594,0.1269,DecisionTree,0.6281722735911484,0.6234928945985685,0.6614530626394222,0.6311224995241441,0.6661188817213126,0.6490444273872233,0.6367822715294462,0.6180187591568101,0.6308739812765412
german,Duration,1000.0,0.496,0.0536,4.0,60.0,21.1885,18.0,11.9986,1.0138,0.7098,6.0,12.0,0.0718,0.633,0.045,0.4655,0.0639,0.6229,2.594,0.1269,LogisticRegression,0.6345170771732914,0.6309857365446024,0.6365008435316941,0.6336401361126949,0.6313297902284233,0.6305865680522416,0.6416389724653698,0.6369291552653414,0.6266185921213192
german,Duration,1000.0,0.496,0.0536,4.0,60.0,21.1885,18.0,11.9986,1.0138,0.7098,6.0,12.0,0.0718,0.633,0.045,0.4655,0.0639,0.6229,2.594,0.1269,KNN,0.6584510264454652,0.6419757729825106,0.6452783477686364,0.6499474068199718,0.6458864572961942,0.6583036540921301,0.6604939703829524,0.6698268390928028,0.6391308725835199
german,Duration,1000.0,0.496,0.0536,4.0,60.0,21.1885,18.0,11.9986,1.0138,0.7098,6.0,12.0,0.0718,0.633,0.045,0.4655,0.0639,0.6229,2.594,0.1269,RandomForest,0.6756878891059253,0.6631011853416271,0.6735753957261894,0.679961553241869,0.669814399110542,0.6654387785343552,0.6775870427257954,0.6651898605932598,0.6751425878198772
german,Duration,1000.0,0.496,0.0536,4.0,60.0,21.1885,18.0,11.9986,1.0138,0.7098,6.0,12.0,0.0718,0.633,0.045,0.4655,0.0639,0.6229,2.594,0.1269,AdaBoost,0.662298662825535,0.6499801998401009,0.6747705936760044,0.6483468815364481,0.6576614622990334,0.6422558503057639,0.6510293804329679,0.6530429669476302,0.6501406133500431
german,Duration,1000.0,0.496,0.0536,4.0,60.0,21.1885,18.0,11.9986,1.0138,0.7098,6.0,12.0,0.0718,0.633,0.045,0.4655,0.0639,0.6229,2.594,0.1269,SVC,0.5866071804226658,0.5866071804226658,0.5866071804226658,0.5866071804226658,0.5866071804226658,0.5866071804226658,0.5866071804226658,0.5866071804226658,0.5866071804226658
german,Duration,1000.0,0.443,0.0539,4.0,72.0,20.7271,18.0,12.1563,1.1456,1.1021,6.0,12.0,0.0815,0.648,0.0666,0.4726,0.0945,0.6347,2.576,0.1088,DecisionTree,0.6404224594801128,0.6507385857354154,0.633463666173887,0.6356081995237004,0.6240210277929661,0.6365991708762646,0.6423404629224222,0.6402555385810774,0.636003819608363
german,Duration,1000.0,0.443,0.0539,4.0,72.0,20.7271,18.0,12.1563,1.1456,1.1021,6.0,12.0,0.0815,0.648,0.0666,0.4726,0.0945,0.6347,2.576,0.1088,LogisticRegression,0.6340737807111652,0.6362790815366406,0.6309958770309427,0.6438006560074726,0.642551783720251,0.6444695166341518,0.6357927633732547,0.6292554799095419,0.6414332918962163
german,Duration,1000.0,0.443,0.0539,4.0,72.0,20.7271,18.0,12.1563,1.1456,1.1021,6.0,12.0,0.0815,0.648,0.0666,0.4726,0.0945,0.6347,2.576,0.1088,KNN,0.6549071688994035,0.6567655831926118,0.653427077190482,0.652029169355915,0.642617189315853,0.6606959912491461,0.6429824198538692,0.6445706362544441,0.6605841913728622
german,Duration,1000.0,0.443,0.0539,4.0,72.0,20.7271,18.0,12.1563,1.1456,1.1021,6.0,12.0,0.0815,0.648,0.0666,0.4726,0.0945,0.6347,2.576,0.1088,RandomForest,0.6735530713466551,0.6728233913311985,0.6678375056935016,0.6832389636088788,0.6828509274656052,0.6742732262473597,0.6808383886971081,0.6650808744807074,0.6760191355656123
german,Duration,1000.0,0.443,0.0539,4.0,72.0,20.7271,18.0,12.1563,1.1456,1.1021,6.0,12.0,0.0815,0.648,0.0666,0.4726,0.0945,0.6347,2.576,0.1088,AdaBoost,0.631865590827911,0.6392105584508413,0.6363003436686635,0.6473312030182952,0.6371291457193349,0.6449152506507435,0.6465552462677123,0.6551233654156863,0.6525848689296356
german,Duration,1000.0,0.443,0.0539,4.0,72.0,20.7271,18.0,12.1563,1.1456,1.1021,6.0,12.0,0.0815,0.648,0.0666,0.4726,0.0945,0.6347,2.576,0.1088,SVC,0.5866071804226658,0.5866071804226658,0.5866071804226658,0.5866071804226658,0.5866071804226658,0.5866071804226658,0.5866071804226658,0.5866071804226658,0.5866071804226658
german,Duration,1000.0,0.384,0.0519,4.0,72.0,21.1429,18.0,11.9637,1.0576,0.86,6.0,12.0,0.0229,0.5785,0.0182,0.444,0.0268,0.5991,2.6002,0.0956,DecisionTree,0.6383551721008902,0.675425068809866,0.6563262895145319,0.6520814754011393,0.6608197984504238,0.653119965279821,0.629277214054239,0.6389377058273781,0.6607078308796749
german,Duration,1000.0,0.384,0.0519,4.0,72.0,21.1429,18.0,11.9637,1.0576,0.86,6.0,12.0,0.0229,0.5785,0.0182,0.444,0.0268,0.5991,2.6002,0.0956,LogisticRegression,0.6501635535424479,0.6384427248033889,0.6430902671062079,0.6463730465417535,0.6475426799195899,0.6453505576058615,0.6389839348028727,0.6608655086783404,0.6413243619764015
german,Duration,1000.0,0.384,0.0519,4.0,72.0,21.1429,18.0,11.9637,1.0576,0.86,6.0,12.0,0.0229,0.5785,0.0182,0.444,0.0268,0.5991,2.6002,0.0956,KNN,0.6508356144819163,0.6496011360262098,0.6602236241511533,0.6604294502737913,0.6642754586341835,0.654258434434459,0.6571519045123243,0.6389862642217934,0.6517989126804404
german,Duration,1000.0,0.384,0.0519,4.0,72.0,21.1429,18.0,11.9637,1.0576,0.86,6.0,12.0,0.0229,0.5785,0.0182,0.444,0.0268,0.5991,2.6002,0.0956,RandomForest,0.6837868207064806,0.6857711107693699,0.6698224143360441,0.6857544266531892,0.6846853551595258,0.6786846691197311,0.6789299647020458,0.6735713701850915,0.6788781671347698
german,Duration,1000.0,0.384,0.0519,4.0,72.0,21.1429,18.0,11.9637,1.0576,0.86,6.0,12.0,0.0229,0.5785,0.0182,0.444,0.0268,0.5991,2.6002,0.0956,AdaBoost,0.6543070968825511,0.6712745200156685,0.6598569490883157,0.6584831213851763,0.6573160236115206,0.6576286613671742,0.6504670845739973,0.6515820576297596,0.6473330944709653
german,Duration,1000.0,0.384,0.0519,4.0,72.0,21.1429,18.0,11.9637,1.0576,0.86,6.0,12.0,0.0229,0.5785,0.0182,0.444,0.0268,0.5991,2.6002,0.0956,SVC,0.5866071804226658,0.5866071804226658,0.5866071804226658,0.5866071804226658,0.5866071804226658,0.5866071804226658,0.5866071804226658,0.5866071804226658,0.5866071804226658
german,Duration,1000.0,0.355,0.0496,4.0,72.0,20.8109,18.0,12.0687,1.1396,1.0679,6.0,12.0,0.0126,0.6137,0.0037,0.4708,0.005,0.629,2.5913,0.0957,DecisionTree,0.6342237918686028,0.6543860011354583,0.6310981578931019,0.6462278929473644,0.6481544269604471,0.6475704452159612,0.6381843837081094,0.6398767796865679,0.6529190600585801
german,Duration,1000.0,0.355,0.0496,4.0,72.0,20.8109,18.0,12.0687,1.1396,1.0679,6.0,12.0,0.0126,0.6137,0.0037,0.4708,0.005,0.629,2.5913,0.0957,LogisticRegression,0.6383398653635375,0.6373120607757297,0.6372999825987335,0.6409015130242524,0.6357813675854431,0.6451063321018153,0.6447945761125621,0.6546901361403827,0.6374126246740872
german,Duration,1000.0,0.355,0.0496,4.0,72.0,20.8109,18.0,12.0687,1.1396,1.0679,6.0,12.0,0.0126,0.6137,0.0037,0.4708,0.005,0.629,2.5913,0.0957,KNN,0.6604167761209387,0.6281455603577581,0.6563304525716793,0.6582854654706174,0.6593274256823647,0.6489356652160558,0.6453745045772278,0.6462082950940886,0.6254483783533991
german,Duration,1000.0,0.355,0.0496,4.0,72.0,20.8109,18.0,12.0687,1.1396,1.0679,6.0,12.0,0.0126,0.6137,0.0037,0.4708,0.005,0.629,2.5913,0.0957,RandomForest,0.6670417051898467,0.6735641856914365,0.6744591388490447,0.6649133674862513,0.674624590407743,0.6751647487109836,0.671492072625258,0.6704572585899982,0.664697632689065
german,Duration,1000.0,0.355,0.0496,4.0,72.0,20.8109,18.0,12.0687,1.1396,1.0679,6.0,12.0,0.0126,0.6137,0.0037,0.4708,0.005,0.629,2.5913,0.0957,AdaBoost,0.6424913086937304,0.6356478260731524,0.6453124625208257,0.6422158442443595,0.6470329147610729,0.6347343559855401,0.6478455905507786,0.6353163317070094,0.6525583307339999
german,Duration,1000.0,0.355,0.0496,4.0,72.0,20.8109,18.0,12.0687,1.1396,1.0679,6.0,12.0,0.0126,0.6137,0.0037,0.4708,0.005,0.629,2.5913,0.0957,SVC,0.5866071804226658,0.5866071804226658,0.5866071804226658,0.5866071804226658,0.5866071804226658,0.5866071804226658,0.5866071804226658,0.5866071804226658,0.5866071804226658
german,Duration,1000.0,0.31,0.0464,4.0,72.0,21.5826,18.0,12.4408,1.0614,0.8338,6.0,14.75,0.0208,0.6525,0.0218,0.4827,0.0312,0.6442,2.5974,0.0961,DecisionTree,0.6313215081747527,0.6454849989789606,0.6287422872075927,0.6298350134469217,0.6349971581606203,0.61767556982757,0.626083030854759,0.6336569149546354,0.6209189108512694
german,Duration,1000.0,0.31,0.0464,4.0,72.0,21.5826,18.0,12.4408,1.0614,0.8338,6.0,14.75,0.0208,0.6525,0.0218,0.4827,0.0312,0.6442,2.5974,0.0961,LogisticRegression,0.6229914746192458,0.6119496421862749,0.6242605962565656,0.6266242608515048,0.6261083591691786,0.6238612779090547,0.6228437824963077,0.6271243651264877,0.6180714461001862
german,Duration,1000.0,0.31,0.0464,4.0,72.0,21.5826,18.0,12.4408,1.0614,0.8338,6.0,14.75,0.0208,0.6525,0.0218,0.4827,0.0312,0.6442,2.5974,0.0961,KNN,0.6460033973767978,0.6406856508598335,0.6393249316155377,0.6429464112313996,0.638957263859605,0.6446515133720214,0.6379351595788596,0.6472029767329595,0.6444954845699145
german,Duration,1000.0,0.31,0.0464,4.0,72.0,21.5826,18.0,12.4408,1.0614,0.8338,6.0,14.75,0.0208,0.6525,0.0218,0.4827,0.0312,0.6442,2.5974,0.0961,RandomForest,0.6776461820741145,0.6736192962460931,0.6773940483791325,0.6738298023459441,0.6737427065382118,0.6735704234692104,0.6674042377012769,0.6613019029921863,0.6823220548367802
german,Duration,1000.0,0.31,0.0464,4.0,72.0,21.5826,18.0,12.4408,1.0614,0.8338,6.0,14.75,0.0208,0.6525,0.0218,0.4827,0.0312,0.6442,2.5974,0.0961,AdaBoost,0.6355284096505409,0.6417165377020796,0.6313396237327007,0.6427921831880601,0.6379291601802863,0.6334719764483152,0.6315030456857897,0.6415221656504551,0.6292945031874058
german,Duration,1000.0,0.31,0.0464,4.0,72.0,21.5826,18.0,12.4408,1.0614,0.8338,6.0,14.75,0.0208,0.6525,0.0218,0.4827,0.0312,0.6442,2.5974,0.0961,SVC,0.5866071804226658,0.5866071804226658,0.5866071804226658,0.5866071804226658,0.5866071804226658,0.5866071804226658,0.5866071804226658,0.5866071804226658,0.5866071804226658
german,Duration,1000.0,0.245,0.0424,4.0,72.0,20.7113,18.0,11.8459,1.1061,1.0061,6.0,12.0,0.0343,0.6343,0.0132,0.4613,0.0187,0.6184,2.593,0.0924,DecisionTree,0.6541696632800406,0.6544218241802122,0.6645842863365683,0.6747017192459872,0.6710493273099071,0.6776263389318298,0.6693603974141098,0.6645473403562859,0.6585470434548453
german,Duration,1000.0,0.245,0.0424,4.0,72.0,20.7113,18.0,11.8459,1.1061,1.0061,6.0,12.0,0.0343,0.6343,0.0132,0.4613,0.0187,0.6184,2.593,0.0924,LogisticRegression,0.6546938634565967,0.6476555113471704,0.6655997233837125,0.6554426471631715,0.655969365623332,0.660287353352441,0.6541503005603667,0.6545510654454708,0.6606493386102202
german,Duration,1000.0,0.245,0.0424,4.0,72.0,20.7113,18.0,11.8459,1.1061,1.0061,6.0,12.0,0.0343,0.6343,0.0132,0.4613,0.0187,0.6184,2.593,0.0924,KNN,0.6475798637845028,0.6374819880103684,0.6335996794075889,0.6523081606232598,0.649548467693557,0.6492921498763164,0.6451333206656051,0.6380819742721119,0.6530821279942174
german,Duration,1000.0,0.245,0.0424,4.0,72.0,20.7113,18.0,11.8459,1.1061,1.0061,6.0,12.0,0.0343,0.6343,0.0132,0.4613,0.0187,0.6184,2.593,0.0924,RandomForest,0.6916653444201893,0.6926349903213961,0.6873052247030129,0.6803682303296739,0.6842480294950195,0.6779148477960528,0.6789254859780335,0.6873715777162529,0.6882226513097442
german,Duration,1000.0,0.245,0.0424,4.0,72.0,20.7113,18.0,11.8459,1.1061,1.0061,6.0,12.0,0.0343,0.6343,0.0132,0.4613,0.0187,0.6184,2.593,0.0924,AdaBoost,0.6667536377396077,0.6506152744306702,0.6693981787409851,0.6539206617982738,0.662736493122458,0.6591041355258147,0.661359585534034,0.6569978112755757,0.659787954007176
german,Duration,1000.0,0.245,0.0424,4.0,72.0,20.7113,18.0,11.8459,1.1061,1.0061,6.0,12.0,0.0343,0.6343,0.0132,0.4613,0.0187,0.6184,2.593,0.0924,SVC,0.5866071804226658,0.5866071804226658,0.5866071804226658,0.5866071804226658,0.5866071804226658,0.5866071804226658,0.5866071804226658,0.5866071804226658,0.5866071804226658
german,Duration,1000.0,0.2,0.04,4.0,72.0,20.8512,18.0,11.9531,1.1369,1.0872,6.0,12.0,0.0171,0.6221,0.0225,0.4517,0.0322,0.6086,2.5869,0.0968,DecisionTree,0.640162799027209,0.6397019297222077,0.6328110688478944,0.6330402442785189,0.6318252944920815,0.6380090253759834,0.6409725244626368,0.639460462537559,0.636015476001817
german,Duration,1000.0,0.2,0.04,4.0,72.0,20.8512,18.0,11.9531,1.1369,1.0872,6.0,12.0,0.0171,0.6221,0.0225,0.4517,0.0322,0.6086,2.5869,0.0968,LogisticRegression,0.6408001543571185,0.6347486673790763,0.6367066130166118,0.6401139301266902,0.6370373662492742,0.6409618675926263,0.6408008206854388,0.642823867939721,0.6369256630047475
german,Duration,1000.0,0.2,0.04,4.0,72.0,20.8512,18.0,11.9531,1.1369,1.0872,6.0,12.0,0.0171,0.6221,0.0225,0.4517,0.0322,0.6086,2.5869,0.0968,KNN,0.6588494213766694,0.6363902336045334,0.6576577821356664,0.6507840937916343,0.6533910410414898,0.6457125099458085,0.6620069397611765,0.6584575993843065,0.6458627805156165
german,Duration,1000.0,0.2,0.04,4.0,72.0,20.8512,18.0,11.9531,1.1369,1.0872,6.0,12.0,0.0171,0.6221,0.0225,0.4517,0.0322,0.6086,2.5869,0.0968,RandomForest,0.68063104804708,0.6802814845273785,0.6749040148125768,0.6790498412895767,0.6760354900721232,0.6828188676556284,0.6742564682508139,0.6827183762877358,0.6829389131122807
german,Duration,1000.0,0.2,0.04,4.0,72.0,20.8512,18.0,11.9531,1.1369,1.0872,6.0,12.0,0.0171,0.6221,0.0225,0.4517,0.0322,0.6086,2.5869,0.0968,AdaBoost,0.6324899855932609,0.644507192428059,0.6530316231495625,0.6565656691802231,0.6498208247154218,0.6481749911881963,0.6401759406181808,0.6457302132966056,0.6596948493497063
german,Duration,1000.0,0.2,0.04,4.0,72.0,20.8512,18.0,11.9531,1.1369,1.0872,6.0,12.0,0.0171,0.6221,0.0225,0.4517,0.0322,0.6086,2.5869,0.0968,SVC,0.5866071804226658,0.5866071804226658,0.5866071804226658,0.5866071804226658,0.5866071804226658,0.5866071804226658,0.5866071804226658,0.5866071804226658,0.5866071804226658
german,Duration,1000.0,0.152,0.0377,4.0,60.0,20.8491,18.0,12.0086,1.0724,0.7734,6.0,12.0,0.0344,0.6281,0.0305,0.4719,0.044,0.6324,2.6005,0.0933,DecisionTree,0.6699609470746322,0.646047426474515,0.6592784128892125,0.6898977427834148,0.6690014278948174,0.6844694841611219,0.6601848323298726,0.654510008344761,0.6553531440771238
german,Duration,1000.0,0.152,0.0377,4.0,60.0,20.8491,18.0,12.0086,1.0724,0.7734,6.0,12.0,0.0344,0.6281,0.0305,0.4719,0.044,0.6324,2.6005,0.0933,LogisticRegression,0.640225678704071,0.643374257056283,0.6324081060493015,0.638554713916049,0.6311534994396918,0.6411532285035711,0.6379788137050448,0.6406476711027728,0.6431452019076633
german,Duration,1000.0,0.152,0.0377,4.0,60.0,20.8491,18.0,12.0086,1.0724,0.7734,6.0,12.0,0.0344,0.6281,0.0305,0.4719,0.044,0.6324,2.6005,0.0933,KNN,0.6552418680724655,0.6470639154586744,0.6574097315454709,0.6477423584767044,0.6513775793914752,0.6590171441270192,0.6545563642474778,0.6576769545219189,0.6573308984480153
german,Duration,1000.0,0.152,0.0377,4.0,60.0,20.8491,18.0,12.0086,1.0724,0.7734,6.0,12.0,0.0344,0.6281,0.0305,0.4719,0.044,0.6324,2.6005,0.0933,RandomForest,0.6849601795239109,0.6802751051498552,0.6800935197283354,0.6828571575689655,0.669444323433404,0.6774659404567516,0.6811106618097094,0.6746339733152417,0.6729346243252075
german,Duration,1000.0,0.152,0.0377,4.0,60.0,20.8491,18.0,12.0086,1.0724,0.7734,6.0,12.0,0.0344,0.6281,0.0305,0.4719,0.044,0.6324,2.6005,0.0933,AdaBoost,0.6560502912473043,0.6651798534271582,0.6491281671384387,0.6552509529232728,0.651887090199721,0.6533750697931002,0.6455330596492697,0.6581287752990648,0.6416613316654334
german,Duration,1000.0,0.152,0.0377,4.0,60.0,20.8491,18.0,12.0086,1.0724,0.7734,6.0,12.0,0.0344,0.6281,0.0305,0.4719,0.044,0.6324,2.6005,0.0933,SVC,0.5866071804226658,0.5866071804226658,0.5866071804226658,0.5866071804226658,0.5866071804226658,0.5866071804226658,0.5866071804226658,0.5866071804226658,0.5866071804226658
german,Duration,1000.0,0.097,0.0365,4.0,72.0,21.0188,18.0,12.0204,1.0544,0.7881,6.0,12.0,0.0493,0.6317,0.0333,0.4688,0.0477,0.6289,2.6075,0.0912,DecisionTree,0.6619669241187957,0.6535205689688466,0.6639224672507099,0.6767163147693782,0.6788483058622352,0.6798775691794161,0.6503051843003891,0.6503689498737228,0.6543663013730979
german,Duration,1000.0,0.097,0.0365,4.0,72.0,21.0188,18.0,12.0204,1.0544,0.7881,6.0,12.0,0.0493,0.6317,0.0333,0.4688,0.0477,0.6289,2.6075,0.0912,LogisticRegression,0.6474793145264126,0.6464853110718065,0.6410673368635076,0.6489183570034651,0.6468722375435244,0.6495091090103557,0.6460871669420843,0.6411694549131054,0.6491455038268519
german,Duration,1000.0,0.097,0.0365,4.0,72.0,21.0188,18.0,12.0204,1.0544,0.7881,6.0,12.0,0.0493,0.6317,0.0333,0.4688,0.0477,0.6289,2.6075,0.0912,KNN,0.6557052410049932,0.6494524862938754,0.6472214906169725,0.6490871133409879,0.6516995769926728,0.6581034493290042,0.6528319487433116,0.6491903379287185,0.6503578768615835
german,Duration,1000.0,0.097,0.0365,4.0,72.0,21.0188,18.0,12.0204,1.0544,0.7881,6.0,12.0,0.0493,0.6317,0.0333,0.4688,0.0477,0.6289,2.6075,0.0912,RandomForest,0.6913372072486975,0.7034347617917496,0.6956956845790935,0.6852796251240382,0.6993709191188415,0.688786059583955,0.6924735368451214,0.6787835396629464,0.6875950074077751
german,Duration,1000.0,0.097,0.0365,4.0,72.0,21.0188,18.0,12.0204,1.0544,0.7881,6.0,12.0,0.0493,0.6317,0.0333,0.4688,0.0477,0.6289,2.6075,0.0912,AdaBoost,0.6516612483435729,0.6649607301291266,0.6558110233717827,0.6524759383003047,0.6562649325605807,0.6591328393605507,0.6548657649353936,0.6641097133954462,0.6577494734664373
german,Duration,1000.0,0.097,0.0365,4.0,72.0,21.0188,18.0,12.0204,1.0544,0.7881,6.0,12.0,0.0493,0.6317,0.0333,0.4688,0.0477,0.6289,2.6075,0.0912,SVC,0.5866071804226658,0.5866071804226658,0.5866071804226658,0.5866071804226658,0.5866071804226658,0.5866071804226658,0.5866071804226658,0.5866071804226658,0.5866071804226658
german,Duration,1000.0,0.056,0.035,4.0,72.0,20.9703,18.0,12.0764,1.0922,0.8932,6.0,12.0,0.0327,0.6267,0.0242,0.4652,0.035,0.6244,2.6206,0.0914,DecisionTree,0.6537640105127358,0.6484199551978247,0.6581276082910509,0.6571833937140465,0.6522726768042504,0.6510924080462049,0.6441237374333622,0.6558616984363003,0.6510904428632293
german,Duration,1000.0,0.056,0.035,4.0,72.0,20.9703,18.0,12.0764,1.0922,0.8932,6.0,12.0,0.0327,0.6267,0.0242,0.4652,0.035,0.6244,2.6206,0.0914,LogisticRegression,0.6469830913455579,0.648563131245758,0.64332627002274,0.6413161053217474,0.642971410852483,0.6442978393315208,0.6439048851056491,0.6502304767481062,0.6483875242426879
german,Duration,1000.0,0.056,0.035,4.0,72.0,20.9703,18.0,12.0764,1.0922,0.8932,6.0,12.0,0.0327,0.6267,0.0242,0.4652,0.035,0.6244,2.6206,0.0914,KNN,0.6525804548234115,0.6530836507149615,0.6576588880087189,0.6511918402172845,0.6509688126948745,0.6535968521849262,0.6491431342760076,0.6417381406693176,0.6523380470487689
german,Duration,1000.0,0.056,0.035,4.0,72.0,20.9703,18.0,12.0764,1.0922,0.8932,6.0,12.0,0.0327,0.6267,0.0242,0.4652,0.035,0.6244,2.6206,0.0914,RandomForest,0.6919837375842589,0.6889275689928406,0.6882801254916643,0.697381307478189,0.6944806674178309,0.6990472911377174,0.6910213979618576,0.6899343581043319,0.6839857647508422
german,Duration,1000.0,0.056,0.035,4.0,72.0,20.9703,18.0,12.0764,1.0922,0.8932,6.0,12.0,0.0327,0.6267,0.0242,0.4652,0.035,0.6244,2.6206,0.0914,AdaBoost,0.6495185324491483,0.6537196034959235,0.6487723489641775,0.645103586421732,0.6514089983115249,0.6536686983371209,0.6517412599695283,0.6526183035504647,0.6532636775993084
german,Duration,1000.0,0.056,0.035,4.0,72.0,20.9703,18.0,12.0764,1.0922,0.8932,6.0,12.0,0.0327,0.6267,0.0242,0.4652,0.035,0.6244,2.6206,0.0914,SVC,0.5866071804226658,0.5866071804226658,0.5866071804226658,0.5866071804226658,0.5866071804226658,0.5866071804226658,0.5866071804226658,0.5866071804226658,0.5866071804226658
